path,folder,kind,status,produced_by,size_human,modified,description
.gitignore,.,CODE,current,,2.9K,2026-10-05 00:25,"Keeps raw downloads, caches and results out of version control."
"Ali, Ava Project Preproposal.docx",.,EXT,external,,187.8K,2026-09-20 16:12,Course paperwork: the pre-proposal and weekly timesheets.
Boltz Paper/README.md,Boltz Paper,EXT,external,,6.3K,2026-09-28 11:28,"Reproduction of Boltz et al. (2024), the paper that reported zero cell-type lithium genes. Described at folder level; we did not write the inputs."
Boltz Paper/REPRODUCIBILITY.md,Boltz Paper,EXT,external,,6.9K,2026-09-28 09:30,"Reproduction of Boltz et al. (2024), the paper that reported zero cell-type lithium genes. Described at folder level; we did not write the inputs."
Boltz Paper/STATUS.md,Boltz Paper,EXT,external,,2.2K,2026-09-28 20:13,"Reproduction of Boltz et al. (2024), the paper that reported zero cell-type lithium genes. Described at folder level; we did not write the inputs."
Boltz Paper/data/external/CHECKSUMS.sha256,Boltz Paper/data/external,EXT,external,,429B,2026-09-28 10:51,"Reproduction of Boltz et al. (2024), the paper that reported zero cell-type lithium genes. Described at folder level; we did not write the inputs."
Boltz Paper/data/external/DICE_Schmiedel2018/B_CELL_NAIVE_TPM.csv.gz,Boltz Paper/data/external/DICE_Schmiedel2018,EXT,external,,17.5M,2026-09-28 10:51,"Reproduction of Boltz et al. (2024), the paper that reported zero cell-type lithium genes. Described at folder level; we did not write the inputs."
Boltz Paper/data/external/DICE_Schmiedel2018/CD4_NAIVE_TPM.csv.gz,Boltz Paper/data/external/DICE_Schmiedel2018,EXT,external,,17.2M,2026-09-28 10:51,"Reproduction of Boltz et al. (2024), the paper that reported zero cell-type lithium genes. Described at folder level; we did not write the inputs."
Boltz Paper/data/external/DICE_Schmiedel2018/MONOCYTES_TPM.csv.gz,Boltz Paper/data/external/DICE_Schmiedel2018,EXT,external,,17.1M,2026-09-28 10:51,"Reproduction of Boltz et al. (2024), the paper that reported zero cell-type lithium genes. Described at folder level; we did not write the inputs."
Boltz Paper/data/external/gencode_v19/gencode.v19.annotation.gtf.gz,Boltz Paper/data/external/gencode_v19,EXT,external,,36.2M,2026-09-28 04:44,"Reproduction of Boltz et al. (2024), the paper that reported zero cell-type lithium genes. Described at folder level; we did not write the inputs."
Boltz Paper/data/processed/bmind_chunks/cts.key,Boltz Paper/data/processed/bmind_chunks,EXT,external,,34B,2026-09-28 11:49,"Reproduction of Boltz et al. (2024), the paper that reported zero cell-type lithium genes. Described at folder level; we did not write the inputs."
Boltz Paper/data/processed/bmind_chunks/cts_001.rds,Boltz Paper/data/processed/bmind_chunks,EXT,external,,5.1M,2026-09-28 11:55,"Reproduction of Boltz et al. (2024), the paper that reported zero cell-type lithium genes. Described at folder level; we did not write the inputs."
Boltz Paper/data/processed/bmind_chunks/cts_002.rds,Boltz Paper/data/processed/bmind_chunks,EXT,external,,5.1M,2026-09-28 12:01,"Reproduction of Boltz et al. (2024), the paper that reported zero cell-type lithium genes. Described at folder level; we did not write the inputs."
Boltz Paper/data/processed/bmind_chunks/cts_003.rds,Boltz Paper/data/processed/bmind_chunks,EXT,external,,5.1M,2026-09-28 12:08,"Reproduction of Boltz et al. (2024), the paper that reported zero cell-type lithium genes. Described at folder level; we did not write the inputs."
Boltz Paper/data/processed/bmind_chunks/cts_004.rds,Boltz Paper/data/processed/bmind_chunks,EXT,external,,5.1M,2026-09-28 12:15,"Reproduction of Boltz et al. (2024), the paper that reported zero cell-type lithium genes. Described at folder level; we did not write the inputs."
Boltz Paper/data/processed/bmind_chunks/cts_005.rds,Boltz Paper/data/processed/bmind_chunks,EXT,external,,5.1M,2026-09-28 12:21,"Reproduction of Boltz et al. (2024), the paper that reported zero cell-type lithium genes. Described at folder level; we did not write the inputs."
Boltz Paper/data/processed/bmind_chunks/cts_006.rds,Boltz Paper/data/processed/bmind_chunks,EXT,external,,5.1M,2026-09-28 12:28,"Reproduction of Boltz et al. (2024), the paper that reported zero cell-type lithium genes. Described at folder level; we did not write the inputs."
Boltz Paper/data/processed/bmind_chunks/cts_007.rds,Boltz Paper/data/processed/bmind_chunks,EXT,external,,5.1M,2026-09-28 12:33,"Reproduction of Boltz et al. (2024), the paper that reported zero cell-type lithium genes. Described at folder level; we did not write the inputs."
Boltz Paper/data/processed/bmind_chunks/cts_008.rds,Boltz Paper/data/processed/bmind_chunks,EXT,external,,5.1M,2026-09-28 12:38,"Reproduction of Boltz et al. (2024), the paper that reported zero cell-type lithium genes. Described at folder level; we did not write the inputs."
Boltz Paper/data/processed/bmind_chunks/cts_009.rds,Boltz Paper/data/processed/bmind_chunks,EXT,external,,5.1M,2026-09-28 12:43,"Reproduction of Boltz et al. (2024), the paper that reported zero cell-type lithium genes. Described at folder level; we did not write the inputs."
Boltz Paper/data/processed/bmind_chunks/cts_010.rds,Boltz Paper/data/processed/bmind_chunks,EXT,external,,5.1M,2026-09-28 12:49,"Reproduction of Boltz et al. (2024), the paper that reported zero cell-type lithium genes. Described at folder level; we did not write the inputs."
Boltz Paper/data/processed/bmind_chunks/ctspool.key,Boltz Paper/data/processed/bmind_chunks,EXT,external,,34B,2026-09-28 12:51,"Reproduction of Boltz et al. (2024), the paper that reported zero cell-type lithium genes. Described at folder level; we did not write the inputs."
Boltz Paper/data/processed/bmind_chunks/ctspool_001.rds,Boltz Paper/data/processed/bmind_chunks,EXT,external,,4.9M,2026-09-28 12:57,"Reproduction of Boltz et al. (2024), the paper that reported zero cell-type lithium genes. Described at folder level; we did not write the inputs."
Boltz Paper/data/processed/bmind_chunks/ctspool_002.rds,Boltz Paper/data/processed/bmind_chunks,EXT,external,,4.9M,2026-09-28 13:02,"Reproduction of Boltz et al. (2024), the paper that reported zero cell-type lithium genes. Described at folder level; we did not write the inputs."
Boltz Paper/data/processed/bmind_chunks/ctspool_003.rds,Boltz Paper/data/processed/bmind_chunks,EXT,external,,4.9M,2026-09-28 19:50,"Reproduction of Boltz et al. (2024), the paper that reported zero cell-type lithium genes. Described at folder level; we did not write the inputs."
Boltz Paper/data/processed/bmind_chunks/ctspool_004.rds,Boltz Paper/data/processed/bmind_chunks,EXT,external,,4.9M,2026-09-28 19:55,"Reproduction of Boltz et al. (2024), the paper that reported zero cell-type lithium genes. Described at folder level; we did not write the inputs."
Boltz Paper/data/processed/bmind_chunks/ctspool_005.rds,Boltz Paper/data/processed/bmind_chunks,EXT,external,,4.9M,2026-09-28 20:02,"Reproduction of Boltz et al. (2024), the paper that reported zero cell-type lithium genes. Described at folder level; we did not write the inputs."
Boltz Paper/data/processed/bmind_chunks/demc_casecontrol.key,Boltz Paper/data/processed/bmind_chunks,EXT,external,,34B,2026-09-28 11:30,"Reproduction of Boltz et al. (2024), the paper that reported zero cell-type lithium genes. Described at folder level; we did not write the inputs."
Boltz Paper/data/processed/bmind_chunks/demc_casecontrol_001.rds,Boltz Paper/data/processed/bmind_chunks,EXT,external,,5.4K,2026-09-28 11:36,"Reproduction of Boltz et al. (2024), the paper that reported zero cell-type lithium genes. Described at folder level; we did not write the inputs."
Boltz Paper/data/processed/bmind_chunks/demc_casecontrol_002.rds,Boltz Paper/data/processed/bmind_chunks,EXT,external,,5.4K,2026-09-28 11:42,"Reproduction of Boltz et al. (2024), the paper that reported zero cell-type lithium genes. Described at folder level; we did not write the inputs."
Boltz Paper/data/processed/bmind_chunks/demc_lithium.key,Boltz Paper/data/processed/bmind_chunks,EXT,external,,34B,2026-09-28 11:42,"Reproduction of Boltz et al. (2024), the paper that reported zero cell-type lithium genes. Described at folder level; we did not write the inputs."
Boltz Paper/data/processed/bmind_chunks/demc_lithium_001.rds,Boltz Paper/data/processed/bmind_chunks,EXT,external,,5.4K,2026-09-28 11:45,"Reproduction of Boltz et al. (2024), the paper that reported zero cell-type lithium genes. Described at folder level; we did not write the inputs."
Boltz Paper/data/processed/bmind_chunks/demc_lithium_002.rds,Boltz Paper/data/processed/bmind_chunks,EXT,external,,5.3K,2026-09-28 11:49,"Reproduction of Boltz et al. (2024), the paper that reported zero cell-type lithium genes. Described at folder level; we did not write the inputs."
Boltz Paper/data/processed/bmind_cts.rds,Boltz Paper/data/processed,EXT,external,,51.0M,2026-09-28 12:49,"Reproduction of Boltz et al. (2024), the paper that reported zero cell-type lithium genes. Described at folder level; we did not write the inputs."
Boltz Paper/data/processed/celltypes_selected.txt,Boltz Paper/data/processed,EXT,external,,154B,2026-09-28 11:29,"Reproduction of Boltz et al. (2024), the paper that reported zero cell-type lithium genes. Described at folder level; we did not write the inputs."
Boltz Paper/data/processed/gene_annotation.csv,Boltz Paper/data/processed,EXT,external,,2.5M,2026-09-28 11:28,"Reproduction of Boltz et al. (2024), the paper that reported zero cell-type lithium genes. Described at folder level; we did not write the inputs."
Boltz Paper/data/processed/log2tpm_pcs.rds,Boltz Paper/data/processed,EXT,external,,52.7M,2026-09-28 11:30,"Reproduction of Boltz et al. (2024), the paper that reported zero cell-type lithium genes. Described at folder level; we did not write the inputs."
Boltz Paper/data/processed/sample_metadata.csv,Boltz Paper/data/processed,EXT,external,,118.6K,2026-09-28 11:28,"Reproduction of Boltz et al. (2024), the paper that reported zero cell-type lithium genes. Described at folder level; we did not write the inputs."
Boltz Paper/data/processed/tpm_filtered.tsv.gz,Boltz Paper/data/processed,EXT,external,,26.1M,2026-09-28 11:29,"Reproduction of Boltz et al. (2024), the paper that reported zero cell-type lithium genes. Described at folder level; we did not write the inputs."
Boltz Paper/data/raw/CHECKSUMS.sha256,Boltz Paper/data/raw,EXT,external,,193B,2026-09-28 04:38,"Reproduction of Boltz et al. (2024), the paper that reported zero cell-type lithium genes. Described at folder level; we did not write the inputs."
Boltz Paper/data/raw/GSE124326_count_matrix.txt.gz,Boltz Paper/data/raw,EXT,external,,16.0M,2026-09-28 04:38,"Reproduction of Boltz et al. (2024), the paper that reported zero cell-type lithium genes. Described at folder level; we did not write the inputs."
Boltz Paper/data/raw/GSE124326_series_matrix.txt.gz,Boltz Paper/data/raw,EXT,external,,77.6K,2026-09-28 04:38,"Reproduction of Boltz et al. (2024), the paper that reported zero cell-type lithium genes. Described at folder level; we did not write the inputs."
Boltz Paper/data/reference/S13_li_interaction.csv,Boltz Paper/data/reference,EXT,external,,356.4K,2026-09-28 11:29,"Reproduction of Boltz et al. (2024), the paper that reported zero cell-type lithium genes. Described at folder level; we did not write the inputs."
Boltz Paper/data/reference/S14_li_egene_summary.csv,Boltz Paper/data/reference,EXT,external,,346B,2026-09-28 11:29,"Reproduction of Boltz et al. (2024), the paper that reported zero cell-type lithium genes. Described at folder level; we did not write the inputs."
Boltz Paper/data/reference/S15_bmind_diff_expr_qvals_Li.csv,Boltz Paper/data/reference,EXT,external,,2.0M,2026-09-28 11:29,"Reproduction of Boltz et al. (2024), the paper that reported zero cell-type lithium genes. Described at folder level; we did not write the inputs."
Boltz Paper/data/reference/S15_bmind_diff_expr_qvals_case_cont.csv,Boltz Paper/data/reference,EXT,external,,1.8M,2026-09-28 11:29,"Reproduction of Boltz et al. (2024), the paper that reported zero cell-type lithium genes. Described at folder level; we did not write the inputs."
Boltz Paper/data/reference/S15_case_control_DEGs_limma_bulk.csv,Boltz Paper/data/reference,EXT,external,,8.3K,2026-09-28 11:29,"Reproduction of Boltz et al. (2024), the paper that reported zero cell-type lithium genes. Described at folder level; we did not write the inputs."
Boltz Paper/data/reference/S15_lithium_DEGs_limma_bulk.csv,Boltz Paper/data/reference,EXT,external,,14.6K,2026-09-28 11:29,"Reproduction of Boltz et al. (2024), the paper that reported zero cell-type lithium genes. Described at folder level; we did not write the inputs."
Boltz Paper/data/reference/S1_deconeqtl.csv,Boltz Paper/data/reference,EXT,external,,543B,2026-09-28 11:29,"Reproduction of Boltz et al. (2024), the paper that reported zero cell-type lithium genes. Described at folder level; we did not write the inputs."
Boltz Paper/data/reference/S2_replication.csv,Boltz Paper/data/reference,EXT,external,,373B,2026-09-28 11:29,"Reproduction of Boltz et al. (2024), the paper that reported zero cell-type lithium genes. Described at folder level; we did not write the inputs."
Boltz Paper/data/reference/S3_scrna_correlation.csv,Boltz Paper/data/reference,EXT,external,,317B,2026-09-28 11:29,"Reproduction of Boltz et al. (2024), the paper that reported zero cell-type lithium genes. Described at folder level; we did not write the inputs."
Boltz Paper/data/reference/paper_targets.csv,Boltz Paper/data/reference,EXT,external,,2.0K,2026-09-28 11:29,"Reproduction of Boltz et al. (2024), the paper that reported zero cell-type lithium genes. Described at folder level; we did not write the inputs."
Boltz Paper/data/supplementary/CHECKSUMS.sha256,Boltz Paper/data/supplementary,EXT,external,,1.8K,2026-09-28 04:38,"Reproduction of Boltz et al. (2024), the paper that reported zero cell-type lithium genes. Described at folder level; we did not write the inputs."
Boltz Paper/data/supplementary/Document_S1_Figures_S1-S8 (mmc1).pdf,Boltz Paper/data/supplementary,EXT,external,,1.4M,2026-09-28 04:35,"Reproduction of Boltz et al. (2024), the paper that reported zero cell-type lithium genes. Described at folder level; we did not write the inputs."
Boltz Paper/data/supplementary/Document_S2_article_plus_supplement (mmc17).pdf,Boltz Paper/data/supplementary,EXT,external,,4.4M,2026-09-28 04:35,"Reproduction of Boltz et al. (2024), the paper that reported zero cell-type lithium genes. Described at folder level; we did not write the inputs."
Boltz Paper/data/supplementary/Table_S10_TWAS_coloc_MemoryCD4T (mmc11).xlsx,Boltz Paper/data/supplementary,EXT,external,,7.7M,2026-09-28 04:35,"Reproduction of Boltz et al. (2024), the paper that reported zero cell-type lithium genes. Described at folder level; we did not write the inputs."
Boltz Paper/data/supplementary/Table_S11_TWAS_coloc_NaiveCD4T (mmc12).xlsx,Boltz Paper/data/supplementary,EXT,external,,7.1M,2026-09-28 04:35,"Reproduction of Boltz et al. (2024), the paper that reported zero cell-type lithium genes. Described at folder level; we did not write the inputs."
Boltz Paper/data/supplementary/Table_S12_TWAS_coloc_CD8T (mmc13).xlsx,Boltz Paper/data/supplementary,EXT,external,,6.8M,2026-09-28 04:35,"Reproduction of Boltz et al. (2024), the paper that reported zero cell-type lithium genes. Described at folder level; we did not write the inputs."
Boltz Paper/data/supplementary/Table_S13_lithium_interaction_eQTL (mmc14).xlsx,Boltz Paper/data/supplementary,EXT,external,,185.1K,2026-09-28 04:35,"Reproduction of Boltz et al. (2024), the paper that reported zero cell-type lithium genes. Described at folder level; we did not write the inputs."
Boltz Paper/data/supplementary/Table_S14_Li-eGene_summary (mmc15).xlsx,Boltz Paper/data/supplementary,EXT,external,,9.3K,2026-09-28 04:35,"Reproduction of Boltz et al. (2024), the paper that reported zero cell-type lithium genes. Described at folder level; we did not write the inputs."
Boltz Paper/data/supplementary/Table_S15_limma_DE_results (mmc16).xlsx,Boltz Paper/data/supplementary,EXT,external,,1.9M,2026-09-28 04:35,"Reproduction of Boltz et al. (2024), the paper that reported zero cell-type lithium genes. Described at folder level; we did not write the inputs."
Boltz Paper/data/supplementary/Table_S1_DeconeQTL_eGenes (mmc2).xlsx,Boltz Paper/data/supplementary,EXT,external,,9.5K,2026-09-28 04:35,"Reproduction of Boltz et al. (2024), the paper that reported zero cell-type lithium genes. Described at folder level; we did not write the inputs."
Boltz Paper/data/supplementary/Table_S2_replication_bulk_vs_celltype (mmc3).xlsx,Boltz Paper/data/supplementary,EXT,external,,9.3K,2026-09-28 04:35,"Reproduction of Boltz et al. (2024), the paper that reported zero cell-type lithium genes. Described at folder level; we did not write the inputs."
Boltz Paper/data/supplementary/Table_S3_scRNAseq_expression_correlation (mmc4).xlsx,Boltz Paper/data/supplementary,EXT,external,,9.3K,2026-09-28 04:35,"Reproduction of Boltz et al. (2024), the paper that reported zero cell-type lithium genes. Described at folder level; we did not write the inputs."
Boltz Paper/data/supplementary/Table_S4_TWAS_coloc_Bulk (mmc5).xlsx,Boltz Paper/data/supplementary,EXT,external,,15.9M,2026-09-28 04:35,"Reproduction of Boltz et al. (2024), the paper that reported zero cell-type lithium genes. Described at folder level; we did not write the inputs."
Boltz Paper/data/supplementary/Table_S5_TWAS_coloc_MemoryB (mmc6).xlsx,Boltz Paper/data/supplementary,EXT,external,,8.4M,2026-09-28 04:35,"Reproduction of Boltz et al. (2024), the paper that reported zero cell-type lithium genes. Described at folder level; we did not write the inputs."
Boltz Paper/data/supplementary/Table_S6_TWAS_coloc_NaiveB (mmc7).xlsx,Boltz Paper/data/supplementary,EXT,external,,4.9M,2026-09-28 04:35,"Reproduction of Boltz et al. (2024), the paper that reported zero cell-type lithium genes. Described at folder level; we did not write the inputs."
Boltz Paper/data/supplementary/Table_S7_TWAS_coloc_Monocytes (mmc8).xlsx,Boltz Paper/data/supplementary,EXT,external,,8.1M,2026-09-28 04:35,"Reproduction of Boltz et al. (2024), the paper that reported zero cell-type lithium genes. Described at folder level; we did not write the inputs."
Boltz Paper/data/supplementary/Table_S8_TWAS_coloc_Neutrophils (mmc9).xlsx,Boltz Paper/data/supplementary,EXT,external,,5.2M,2026-09-28 04:35,"Reproduction of Boltz et al. (2024), the paper that reported zero cell-type lithium genes. Described at folder level; we did not write the inputs."
Boltz Paper/data/supplementary/Table_S9_TWAS_coloc_RestingNK (mmc10).xlsx,Boltz Paper/data/supplementary,EXT,external,,9.1M,2026-09-28 04:35,"Reproduction of Boltz et al. (2024), the paper that reported zero cell-type lithium genes. Described at folder level; we did not write the inputs."
Boltz Paper/docs/paper_fulltext.txt,Boltz Paper/docs,EXT,external,,76.8K,2026-09-28 04:35,"Reproduction of Boltz et al. (2024), the paper that reported zero cell-type lithium genes. Described at folder level; we did not write the inputs."
Boltz Paper/docs/preprint_fulltext.txt,Boltz Paper/docs,EXT,external,,61.1K,2026-09-28 09:26,"Reproduction of Boltz et al. (2024), the paper that reported zero cell-type lithium genes. Described at folder level; we did not write the inputs."
Boltz Paper/docs/supplementary_figures_S1-S8.txt,Boltz Paper/docs,EXT,external,,4.0K,2026-09-28 04:35,"Reproduction of Boltz et al. (2024), the paper that reported zero cell-type lithium genes. Described at folder level; we did not write the inputs."
Boltz Paper/download_data.sh,Boltz Paper,EXT,external,,3.2K,2026-09-28 10:51,"Reproduction of Boltz et al. (2024), the paper that reported zero cell-type lithium genes. Described at folder level; we did not write the inputs."
Boltz Paper/paper/Boltz2023_bioRxiv_preprint_v1.xml,Boltz Paper/paper,EXT,external,,135.8K,2026-09-28 09:26,The published paper and its supplement.
Boltz Paper/paper/Boltz2024_AJHG.pdf,Boltz Paper/paper,EXT,external,,3.1M,2026-09-28 04:34,The published paper and its supplement.
Boltz Paper/results/DE_casecontrol_bulk.csv,Boltz Paper/results,EXT,external,,2.4M,2026-09-28 11:30,"Reproduction of Boltz et al. (2024), the paper that reported zero cell-type lithium genes. Described at folder level; we did not write the inputs."
Boltz Paper/results/DE_casecontrol_bulk_groupadjusted.csv,Boltz Paper/results,EXT,external,,2.4M,2026-09-28 11:30,"Reproduction of Boltz et al. (2024), the paper that reported zero cell-type lithium genes. Described at folder level; we did not write the inputs."
Boltz Paper/results/DE_lithium_bulk.csv,Boltz Paper/results,EXT,external,,2.4M,2026-09-28 11:30,"Reproduction of Boltz et al. (2024), the paper that reported zero cell-type lithium genes. Described at folder level; we did not write the inputs."
Boltz Paper/results/DE_lithium_bulk_celladjusted.csv,Boltz Paper/results,EXT,external,,2.4M,2026-09-28 11:30,"Reproduction of Boltz et al. (2024), the paper that reported zero cell-type lithium genes. Described at folder level; we did not write the inputs."
Boltz Paper/results/bmind_de_casecontrol_pvals.csv,Boltz Paper/results,EXT,external,,2.8M,2026-09-28 11:30,"Reproduction of Boltz et al. (2024), the paper that reported zero cell-type lithium genes. Described at folder level; we did not write the inputs."
Boltz Paper/results/bmind_de_casecontrol_qvals.csv,Boltz Paper/results,EXT,external,,2.8M,2026-09-28 11:30,"Reproduction of Boltz et al. (2024), the paper that reported zero cell-type lithium genes. Described at folder level; we did not write the inputs."
Boltz Paper/results/bmind_de_lithium_pvals.csv,Boltz Paper/results,EXT,external,,2.8M,2026-09-28 11:42,"Reproduction of Boltz et al. (2024), the paper that reported zero cell-type lithium genes. Described at folder level; we did not write the inputs."
Boltz Paper/results/bmind_de_lithium_qvals.csv,Boltz Paper/results,EXT,external,,2.8M,2026-09-28 11:42,"Reproduction of Boltz et al. (2024), the paper that reported zero cell-type lithium genes. Described at folder level; we did not write the inputs."
Boltz Paper/results/bmind_de_mcmc_vs_exact.csv,Boltz Paper/results,EXT,external,,1.3K,2026-09-28 11:49,"Reproduction of Boltz et al. (2024), the paper that reported zero cell-type lithium genes. Described at folder level; we did not write the inputs."
Boltz Paper/results/bmind_de_summary.csv,Boltz Paper/results,EXT,external,,784B,2026-09-28 12:51,"Reproduction of Boltz et al. (2024), the paper that reported zero cell-type lithium genes. Described at folder level; we did not write the inputs."
Boltz Paper/results/celltype_logistic_regressions.csv,Boltz Paper/results,EXT,external,,5.9K,2026-09-28 11:29,"Reproduction of Boltz et al. (2024), the paper that reported zero cell-type lithium genes. Described at folder level; we did not write the inputs."
Boltz Paper/results/fig1B_celltype_R2.csv,Boltz Paper/results,EXT,external,,1.6K,2026-09-28 12:49,"Reproduction of Boltz et al. (2024), the paper that reported zero cell-type lithium genes. Described at folder level; we did not write the inputs."
Boltz Paper/results/fig1B_celltype_R2.png,Boltz Paper/results,EXT,external,,43.7K,2026-09-28 12:49,"Reproduction of Boltz et al. (2024), the paper that reported zero cell-type lithium genes. Described at folder level; we did not write the inputs."
Boltz Paper/results/fig4C_lithium_DE.png,Boltz Paper/results,EXT,external,,22.9K,2026-09-28 11:30,"Reproduction of Boltz et al. (2024), the paper that reported zero cell-type lithium genes. Described at folder level; we did not write the inputs."
Boltz Paper/results/figS2_celltype_expression_PCA.png,Boltz Paper/results,EXT,external,,22.1K,2026-09-28 12:50,"Reproduction of Boltz et al. (2024), the paper that reported zero cell-type lithium genes. Described at folder level; we did not write the inputs."
Boltz Paper/results/figS6_neutrophils.png,Boltz Paper/results,EXT,external,,11.8K,2026-09-28 11:29,"Reproduction of Boltz et al. (2024), the paper that reported zero cell-type lithium genes. Described at folder level; we did not write the inputs."
Boltz Paper/results/figS8_casecontrol_DE.png,Boltz Paper/results,EXT,external,,23.2K,2026-09-28 11:30,"Reproduction of Boltz et al. (2024), the paper that reported zero cell-type lithium genes. Described at folder level; we did not write the inputs."
Boltz Paper/results/overlap_with_krebs.csv,Boltz Paper/results,EXT,external,,1.0K,2026-09-28 11:30,"Reproduction of Boltz et al. (2024), the paper that reported zero cell-type lithium genes. Described at folder level; we did not write the inputs."
Boltz Paper/results/preprint_prediction_repeated_splits.csv,Boltz Paper/results,EXT,external,,10.0K,2026-09-28 20:12,"Reproduction of Boltz et al. (2024), the paper that reported zero cell-type lithium genes. Described at folder level; we did not write the inputs."
Boltz Paper/results/preprint_prediction_single_split.csv,Boltz Paper/results,EXT,external,,9.4K,2026-09-28 20:12,"Reproduction of Boltz et al. (2024), the paper that reported zero cell-type lithium genes. Described at folder level; we did not write the inputs."
Boltz Paper/results/replication_of_boltz_degs.csv,Boltz Paper/results,EXT,external,,244B,2026-09-28 11:30,"Reproduction of Boltz et al. (2024), the paper that reported zero cell-type lithium genes. Described at folder level; we did not write the inputs."
Boltz Paper/results/table1_celltype_proportions.csv,Boltz Paper/results,EXT,external,,1.9K,2026-09-28 11:29,"Reproduction of Boltz et al. (2024), the paper that reported zero cell-type lithium genes. Described at folder level; we did not write the inputs."
Boltz Paper/results/tableS3_bmind_vs_DICE.csv,Boltz Paper/results,EXT,external,,2.7K,2026-09-28 12:51,"Reproduction of Boltz et al. (2024), the paper that reported zero cell-type lithium genes. Described at folder level; we did not write the inputs."
Boltz Paper/results/validation_scorecard.csv,Boltz Paper/results,EXT,external,,6.8K,2026-09-28 20:12,"Reproduction of Boltz et al. (2024), the paper that reported zero cell-type lithium genes. Described at folder level; we did not write the inputs."
Boltz Paper/run_all.sh,Boltz Paper,EXT,external,,1.3K,2026-09-28 09:28,"Reproduction of Boltz et al. (2024), the paper that reported zero cell-type lithium genes. Described at folder level; we did not write the inputs."
Boltz Paper/src/00_prepare_data.py,Boltz Paper/src,CODE,current,,9.8K,2026-09-28 09:03,Our code for the Boltz reproduction.
Boltz Paper/src/01_extract_reference.py,Boltz Paper/src,CODE,current,,7.7K,2026-09-28 08:58,Our code for the Boltz reproduction.
Boltz Paper/src/02_celltype_proportions.R,Boltz Paper/src,CODE,current,,7.3K,2026-09-28 09:00,Our code for the Boltz reproduction.
Boltz Paper/src/03_bulk_de.R,Boltz Paper/src,CODE,current,,9.5K,2026-09-28 09:04,Our code for the Boltz reproduction.
Boltz Paper/src/04_bmind.R,Boltz Paper/src,CODE,current,,9.2K,2026-09-28 10:52,Our code for the Boltz reproduction.
Boltz Paper/src/05_bmind_evaluation.R,Boltz Paper/src,CODE,current,,7.6K,2026-09-28 10:31,Our code for the Boltz reproduction.
Boltz Paper/src/06_preprint_prediction.R,Boltz Paper/src,CODE,current,,7.3K,2026-09-28 10:52,Our code for the Boltz reproduction.
Boltz Paper/src/07_validate.py,Boltz Paper/src,CODE,current,,13.8K,2026-09-28 10:50,Our code for the Boltz reproduction.
DIRECTORY.txt,.,DOC,current,,29.3K,2026-10-02 05:26,"Hand-written tour of the project, written to be read start to finish. INDEX.db is the queryable counterpart."
HANDOFF.md,.,DOC,current,,10.7K,2026-09-28 19:53,Session handoff notes from the September work.
INDEX.csv,.,OUTPUT,current,index/build_index.py,181.9K,2026-10-05 00:28,The file table from INDEX.db as a spreadsheet.
INDEX.db,.,OUTPUT,current,index/build_index.py,388.0K,2026-10-05 00:28,SQLite index of every file and folder here. Query it instead of guessing where something lives.
Krebs Paper/README.md,Krebs Paper,EXT,external,,5.3K,2026-09-27 21:44,"Reproduction of Krebs et al., the source of GSE124326. Described at folder level."
Krebs Paper/REPRODUCIBILITY.md,Krebs Paper,EXT,external,,7.9K,2026-09-28 04:10,"Reproduction of Krebs et al., the source of GSE124326. Described at folder level."
Krebs Paper/STATUS.md,Krebs Paper,EXT,external,,5.2K,2026-09-27 22:35,"Reproduction of Krebs et al., the source of GSE124326. Described at folder level."
Krebs Paper/data/processed/counts_filtered.tsv,Krebs Paper/data/processed,EXT,external,,19.9M,2026-09-27 21:29,"Reproduction of Krebs et al., the source of GSE124326. Described at folder level."
Krebs Paper/data/processed/counts_qc_allgenes.tsv.gz,Krebs Paper/data/processed,EXT,external,,14.4M,2026-09-27 21:31,"Reproduction of Krebs et al., the source of GSE124326. Described at folder level."
Krebs Paper/data/processed/mp_perm_casecontrol_200.RData,Krebs Paper/data/processed,EXT,external,,1.6M,2026-09-28 08:53,"Reproduction of Krebs et al., the source of GSE124326. Described at folder level."
Krebs Paper/data/processed/mp_perm_lithium_200.RData,Krebs Paper/data/processed,EXT,external,,1.3M,2026-09-28 07:38,"Reproduction of Krebs et al., the source of GSE124326. Described at folder level."
Krebs Paper/data/processed/mp_rows_casecontrol_200.rds,Krebs Paper/data/processed,EXT,external,,2.4K,2026-09-28 08:53,"Reproduction of Krebs et al., the source of GSE124326. Described at folder level."
Krebs Paper/data/processed/mp_rows_lithium_200.rds,Krebs Paper/data/processed,EXT,external,,2.0K,2026-09-28 07:38,"Reproduction of Krebs et al., the source of GSE124326. Described at folder level."
Krebs Paper/data/processed/sample_metadata.csv,Krebs Paper/data/processed,EXT,external,,146.9K,2026-09-27 21:29,"Reproduction of Krebs et al., the source of GSE124326. Described at folder level."
Krebs Paper/data/processed/sweep_bicor.log,Krebs Paper/data/processed,EXT,external,,305B,2026-09-28 07:16,"Reproduction of Krebs et al., the source of GSE124326. Described at folder level."
Krebs Paper/data/processed/sweep_signed.log,Krebs Paper/data/processed,EXT,external,,439B,2026-09-28 07:16,"Reproduction of Krebs et al., the source of GSE124326. Described at folder level."
Krebs Paper/data/processed/wgcna_final_run.log,Krebs Paper/data/processed,EXT,external,,4.7K,2026-09-28 06:47,"Reproduction of Krebs et al., the source of GSE124326. Described at folder level."
Krebs Paper/data/processed/wgcna_net_cases.rds,Krebs Paper/data/processed,EXT,external,,66.8K,2026-09-28 04:40,"Reproduction of Krebs et al., the source of GSE124326. Described at folder level."
Krebs Paper/data/processed/wgcna_net_controls.rds,Krebs Paper/data/processed,EXT,external,,68.5K,2026-09-28 05:14,"Reproduction of Krebs et al., the source of GSE124326. Described at folder level."
Krebs Paper/data/processed/wgcna_net_lithium.rds,Krebs Paper/data/processed,EXT,external,,66.5K,2026-09-28 05:42,"Reproduction of Krebs et al., the source of GSE124326. Described at folder level."
Krebs Paper/data/processed/wgcna_net_nonlithium.rds,Krebs Paper/data/processed,EXT,external,,66.4K,2026-09-28 06:09,"Reproduction of Krebs et al., the source of GSE124326. Described at folder level."
Krebs Paper/data/processed/wgcna_network.rds,Krebs Paper/data/processed,EXT,external,,429.1K,2026-09-27 22:17,"Reproduction of Krebs et al., the source of GSE124326. Described at folder level."
Krebs Paper/data/processed/wgcna_network_stepwise.rds,Krebs Paper/data/processed,EXT,external,,261.5K,2026-09-28 06:47,"Reproduction of Krebs et al., the source of GSE124326. Described at folder level."
Krebs Paper/data/processed/wgcna_residuals.rds,Krebs Paper/data/processed,EXT,external,,39.4M,2026-09-27 21:35,"Reproduction of Krebs et al., the source of GSE124326. Described at folder level."
Krebs Paper/data/processed/wgcna_sweep_labels_unsigned_pearson.rds,Krebs Paper/data/processed,EXT,external,,414.7K,2026-09-28 06:11,"Reproduction of Krebs et al., the source of GSE124326. Described at folder level."
Krebs Paper/data/processed/wgcna_sweep_signed_pearson.log,Krebs Paper/data/processed,EXT,external,,89B,2026-09-28 07:16,"Reproduction of Krebs et al., the source of GSE124326. Described at folder level."
Krebs Paper/data/processed/wgcna_sweep_unsigned_bicor.log,Krebs Paper/data/processed,EXT,external,,0B,2026-09-28 07:16,"Reproduction of Krebs et al., the source of GSE124326. Described at folder level."
Krebs Paper/data/processed/wgcna_sweep_unsigned_pearson.log,Krebs Paper/data/processed,EXT,external,,5.3K,2026-09-28 06:11,"Reproduction of Krebs et al., the source of GSE124326. Described at folder level."
Krebs Paper/data/raw/CHECKSUMS.sha256,Krebs Paper/data/raw,EXT,external,,193B,2026-09-27 21:02,"Reproduction of Krebs et al., the source of GSE124326. Described at folder level."
Krebs Paper/data/raw/GSE124326_count_matrix.txt.gz,Krebs Paper/data/raw,EXT,external,,16.0M,2026-09-27 21:02,"Reproduction of Krebs et al., the source of GSE124326. Described at folder level."
Krebs Paper/data/raw/GSE124326_series_matrix.txt.gz,Krebs Paper/data/raw,EXT,external,,77.6K,2026-09-27 21:02,"Reproduction of Krebs et al., the source of GSE124326. Described at folder level."
Krebs Paper/data/reference/File_S1_DEGs__BD_DEGs.csv,Krebs Paper/data/reference,EXT,external,,571B,2026-09-27 21:17,"Reproduction of Krebs et al., the source of GSE124326. Described at folder level."
Krebs Paper/data/reference/File_S1_DEGs__Li_DEGs_AnandOverlap.csv,Krebs Paper/data/reference,EXT,external,,497B,2026-09-27 21:17,"Reproduction of Krebs et al., the source of GSE124326. Described at folder level."
Krebs Paper/data/reference/File_S1_DEGs__Li_DEGs_BreenOverlap.csv,Krebs Paper/data/reference,EXT,external,,3.1K,2026-09-27 21:17,"Reproduction of Krebs et al., the source of GSE124326. Described at folder level."
Krebs Paper/data/reference/File_S1_DEGs__Li_DEGs_PostCellTypeCorrection.csv,Krebs Paper/data/reference,EXT,external,,1.1M,2026-09-27 21:17,"Reproduction of Krebs et al., the source of GSE124326. Described at folder level."
Krebs Paper/data/reference/File_S1_DEGs__Li_DEGs_PreCellTypeCorrection.csv,Krebs Paper/data/reference,EXT,external,,1.1M,2026-09-27 21:17,"Reproduction of Krebs et al., the source of GSE124326. Described at folder level."
Krebs Paper/data/reference/File_S2_WGCNA_modules__Supplementary_File_2.csv,Krebs Paper/data/reference,EXT,external,,8.1M,2026-09-27 21:17,"Reproduction of Krebs et al., the source of GSE124326. Described at folder level."
Krebs Paper/data/reference/File_S2_WGCNA_modules__module_name_color_key.csv,Krebs Paper/data/reference,EXT,external,,384B,2026-09-27 21:17,"Reproduction of Krebs et al., the source of GSE124326. Described at folder level."
Krebs Paper/data/supplementary/CHECKSUMS.sha256,Krebs Paper/data/supplementary,EXT,external,,317B,2026-09-27 21:29,"Reproduction of Krebs et al., the source of GSE124326. Described at folder level."
Krebs Paper/data/supplementary/File_S1_DEG_lists (sup003).xlsx,Krebs Paper/data/supplementary,EXT,external,,1.9M,2026-09-27 21:04,"Reproduction of Krebs et al., the source of GSE124326. Described at folder level."
Krebs Paper/data/supplementary/File_S2_WGCNA_modules (sup001).xlsx,Krebs Paper/data/supplementary,EXT,external,,8.2M,2026-09-27 21:04,"Reproduction of Krebs et al., the source of GSE124326. Described at folder level."
Krebs Paper/data/supplementary/Supplementary_Methods_Tables_Figures (sup002).docx,Krebs Paper/data/supplementary,EXT,external,,1.6M,2026-09-27 21:04,Course paperwork: the pre-proposal and weekly timesheets.
Krebs Paper/docs/paper_fulltext.txt,Krebs Paper/docs,EXT,external,,66.6K,2026-09-27 21:01,"Reproduction of Krebs et al., the source of GSE124326. Described at folder level."
Krebs Paper/docs/supplementary_methods.txt,Krebs Paper/docs,EXT,external,,61.4K,2026-09-27 21:04,"Reproduction of Krebs et al., the source of GSE124326. Described at folder level."
Krebs Paper/download_data.sh,Krebs Paper,EXT,external,,1.5K,2026-09-27 21:31,"Reproduction of Krebs et al., the source of GSE124326. Described at folder level."
Krebs Paper/paper/Krebs2020_PsychologicalMedicine.pdf,Krebs Paper/paper,EXT,external,,707.2K,2026-09-27 21:01,The published paper and its supplement.
Krebs Paper/results/.wgcna_sweep_mergeabs.csv,Krebs Paper/results,EXT,external,,536B,2026-09-28 06:53,"Reproduction of Krebs et al., the source of GSE124326. Described at folder level."
Krebs Paper/results/.wgcna_sweep_unsigned_pearson.csv,Krebs Paper/results,EXT,external,,7.9K,2026-09-28 06:11,"Reproduction of Krebs et al., the source of GSE124326. Described at folder level."
Krebs Paper/results/DE_BD_all444.csv,Krebs Paper/results,EXT,external,,1.5M,2026-09-27 21:21,"Reproduction of Krebs et al., the source of GSE124326. Described at folder level."
Krebs Paper/results/DE_BD_celltype.csv,Krebs Paper/results,EXT,external,,1.5M,2026-09-28 04:31,"Reproduction of Krebs et al., the source of GSE124326. Described at folder level."
Krebs Paper/results/DE_lithium_all444.csv,Krebs Paper/results,EXT,external,,1.5M,2026-09-27 21:21,"Reproduction of Krebs et al., the source of GSE124326. Described at folder level."
Krebs Paper/results/DE_lithium_casesonly.csv,Krebs Paper/results,EXT,external,,1.5M,2026-09-27 21:21,"Reproduction of Krebs et al., the source of GSE124326. Described at folder level."
Krebs Paper/results/DE_lithium_celltype.csv,Krebs Paper/results,EXT,external,,1.5M,2026-09-28 04:31,"Reproduction of Krebs et al., the source of GSE124326. Described at folder level."
Krebs Paper/results/celltype_reference_comparison.csv,Krebs Paper/results,EXT,external,,354B,2026-09-27 21:44,"Reproduction of Krebs et al., the source of GSE124326. Described at folder level."
Krebs Paper/results/celltype_stepaic.csv,Krebs Paper/results,EXT,external,,5.0K,2026-09-27 21:44,"Reproduction of Krebs et al., the source of GSE124326. Described at folder level."
Krebs Paper/results/module_preservation.csv,Krebs Paper/results,EXT,external,,17.2K,2026-09-28 08:53,"Reproduction of Krebs et al., the source of GSE124326. Described at folder level."
Krebs Paper/results/overlap_prior_studies.csv,Krebs Paper/results,EXT,external,,430B,2026-09-28 04:31,"Reproduction of Krebs et al., the source of GSE124326. Described at folder level."
Krebs Paper/results/presheet_model_sweep.csv,Krebs Paper/results,EXT,external,,31.1K,2026-09-27 22:23,"Reproduction of Krebs et al., the source of GSE124326. Described at folder level."
Krebs Paper/results/remaining_claims_verdicts.csv,Krebs Paper/results,EXT,external,,1000B,2026-09-28 04:31,"Reproduction of Krebs et al., the source of GSE124326. Described at folder level."
Krebs Paper/results/table1_comparison.csv,Krebs Paper/results,EXT,external,,3.3K,2026-09-28 04:31,"Reproduction of Krebs et al., the source of GSE124326. Described at folder level."
Krebs Paper/results/validation_scorecard.csv,Krebs Paper/results,EXT,external,,1.2K,2026-09-28 06:48,"Reproduction of Krebs et al., the source of GSE124326. Described at folder level."
Krebs Paper/results/wgcna_kim.csv,Krebs Paper/results,EXT,external,,714.2K,2026-09-28 04:32,"Reproduction of Krebs et al., the source of GSE124326. Described at folder level."
Krebs Paper/results/wgcna_kim_summary.csv,Krebs Paper/results,EXT,external,,1.5K,2026-09-28 04:32,"Reproduction of Krebs et al., the source of GSE124326. Described at folder level."
Krebs Paper/results/wgcna_module_trait.csv,Krebs Paper/results,EXT,external,,5.5K,2026-09-28 06:47,"Reproduction of Krebs et al., the source of GSE124326. Described at folder level."
Krebs Paper/results/wgcna_modules.csv,Krebs Paper/results,EXT,external,,1.3M,2026-09-28 06:47,"Reproduction of Krebs et al., the source of GSE124326. Described at folder level."
Krebs Paper/results/wgcna_param_sweep.csv,Krebs Paper/results,EXT,external,,7.9K,2026-09-28 06:18,"Reproduction of Krebs et al., the source of GSE124326. Described at folder level."
Krebs Paper/run_all.sh,Krebs Paper,EXT,external,,651B,2026-09-27 21:31,"Reproduction of Krebs et al., the source of GSE124326. Described at folder level."
Krebs Paper/src/00_prepare_data.py,Krebs Paper/src,CODE,current,,9.7K,2026-09-27 21:29,Our code for the Krebs reproduction.
Krebs Paper/src/01_extract_ground_truth.py,Krebs Paper/src,CODE,current,,4.3K,2026-09-27 21:15,Our code for the Krebs reproduction.
Krebs Paper/src/02_differential_expression.R,Krebs Paper/src,CODE,current,,6.5K,2026-09-27 21:19,Our code for the Krebs reproduction.
Krebs Paper/src/02b_model_sweep.R,Krebs Paper/src,CODE,current,,5.2K,2026-09-27 21:22,Our code for the Krebs reproduction.
Krebs Paper/src/02c_presheet_resolution.R,Krebs Paper/src,CODE,current,,17.0K,2026-09-27 22:25,Our code for the Krebs reproduction.
Krebs Paper/src/03_wgcna.R,Krebs Paper/src,CODE,current,,23.1K,2026-09-28 06:54,Our code for the Krebs reproduction.
Krebs Paper/src/03b_wgcna_tuning.R,Krebs Paper/src,CODE,current,,20.3K,2026-09-28 06:54,Our code for the Krebs reproduction.
Krebs Paper/src/03c_wgcna_kim.R,Krebs Paper/src,CODE,current,,7.7K,2026-09-28 04:23,Our code for the Krebs reproduction.
Krebs Paper/src/04_celltype.R,Krebs Paper/src,CODE,current,,12.4K,2026-09-27 21:36,Our code for the Krebs reproduction.
Krebs Paper/src/05_validate.py,Krebs Paper/src,CODE,current,,8.0K,2026-09-27 21:35,Our code for the Krebs reproduction.
Krebs Paper/src/06_module_preservation.R,Krebs Paper/src,CODE,current,,15.5K,2026-09-28 06:16,Our code for the Krebs reproduction.
Krebs Paper/src/07_remaining_claims.R,Krebs Paper/src,CODE,current,,23.6K,2026-09-28 04:18,Our code for the Krebs reproduction.
Krebs Paper/src/verify_presheet_claim.R,Krebs Paper/src,CODE,current,,15.6K,2026-09-28 04:07,Our code for the Krebs reproduction.
Krebs_AnnotatedBib1.pptx,.,EXT,external,,357.2K,2026-09-21 01:24,Course slide deck.
START_HERE.md,.,DOC,current,,4.8K,2026-10-05 00:28,"Orientation for a new session: what to read first, how to navigate with INDEX.db, which folder is live, and five facts that prevent misreading the results."
WeeklyTimeSheet.docx,.,EXT,external,,14.4K,2026-09-21 00:31,Course paperwork: the pre-proposal and weekly timesheets.
WeeklyTimeSheetWeek3.docx,.,EXT,external,,15.0K,2026-09-22 22:41,Course paperwork: the pre-proposal and weekly timesheets.
_archive_exploratory_DE/ARCHIVED.md,_archive_exploratory_DE,DOC,archived,,1.1K,2026-09-30 22:04,States what the archive may and may not be used for.
_archive_exploratory_DE/FINDINGS.md,_archive_exploratory_DE,OUTPUT,archived,,14.4K,2026-09-29 19:02,Exploratory DE work from before the pre-registration. Deliberately not read by any current analysis. Kept for provenance only.
_archive_exploratory_DE/README.md,_archive_exploratory_DE,OUTPUT,archived,,6.2K,2026-09-29 08:57,Exploratory DE work from before the pre-registration. Deliberately not read by any current analysis. Kept for provenance only.
_archive_exploratory_DE/data/gene_annot.csv,_archive_exploratory_DE/data,OUTPUT,archived,,2.4M,2026-09-29 04:42,Exploratory DE work from before the pre-registration. Deliberately not read by any current analysis. Kept for provenance only.
_archive_exploratory_DE/data/gene_map.tsv,_archive_exploratory_DE/data,OUTPUT,archived,,2.0M,2026-09-29 04:31,Exploratory DE work from before the pre-registration. Deliberately not read by any current analysis. Kept for provenance only.
_archive_exploratory_DE/data/gene_symbols.csv,_archive_exploratory_DE/data,OUTPUT,archived,,2.4M,2026-09-29 04:34,Exploratory DE work from before the pre-registration. Deliberately not read by any current analysis. Kept for provenance only.
_archive_exploratory_DE/data/prep.rds,_archive_exploratory_DE/data,OUTPUT,archived,,23.6M,2026-09-29 04:21,Exploratory DE work from before the pre-registration. Deliberately not read by any current analysis. Kept for provenance only.
_archive_exploratory_DE/runs/VERIFY/verdict.csv,_archive_exploratory_DE/runs/VERIFY,OUTPUT,archived,,1.1K,2026-09-29 18:57,Exploratory DE work from before the pre-registration. Deliberately not read by any current analysis. Kept for provenance only.
_archive_exploratory_DE/runs/VERIFY_log.txt,_archive_exploratory_DE/runs,OUTPUT,archived,,6.0K,2026-09-29 18:57,Exploratory DE work from before the pre-registration. Deliberately not read by any current analysis. Kept for provenance only.
_archive_exploratory_DE/runs/baseline/NOTES.md,_archive_exploratory_DE/runs/baseline,OUTPUT,archived,,14.4K,2026-09-29 05:16,Exploratory DE work from before the pre-registration. Deliberately not read by any current analysis. Kept for provenance only.
_archive_exploratory_DE/runs/baseline/bd_replication.csv,_archive_exploratory_DE/runs/baseline,OUTPUT,archived,,207B,2026-09-29 04:52,Exploratory DE work from before the pre-registration. Deliberately not read by any current analysis. Kept for provenance only.
_archive_exploratory_DE/runs/baseline/bd_six_genes.csv,_archive_exploratory_DE/runs/baseline,OUTPUT,archived,,806B,2026-09-29 05:03,Exploratory DE work from before the pre-registration. Deliberately not read by any current analysis. Kept for provenance only.
_archive_exploratory_DE/runs/baseline/bp2_mechanism.csv,_archive_exploratory_DE/runs/baseline,OUTPUT,archived,,475B,2026-09-29 08:41,Exploratory DE work from before the pre-registration. Deliberately not read by any current analysis. Kept for provenance only.
_archive_exploratory_DE/runs/baseline/bp2_per_gene.csv.gz,_archive_exploratory_DE/runs/baseline,OUTPUT,archived,,310.5K,2026-09-29 08:41,Exploratory DE work from before the pre-registration. Deliberately not read by any current analysis. Kept for provenance only.
_archive_exploratory_DE/runs/baseline/canonical_summary.csv,_archive_exploratory_DE/runs/baseline,OUTPUT,archived,,801B,2026-09-29 04:48,Exploratory DE work from before the pre-registration. Deliberately not read by any current analysis. Kept for provenance only.
_archive_exploratory_DE/runs/baseline/casecon_decomposition.csv,_archive_exploratory_DE/runs/baseline,OUTPUT,archived,,453B,2026-09-29 05:03,Exploratory DE work from before the pre-registration. Deliberately not read by any current analysis. Kept for provenance only.
_archive_exploratory_DE/runs/baseline/confound_slope.csv,_archive_exploratory_DE/runs/baseline,OUTPUT,archived,,606B,2026-09-29 08:40,Exploratory DE work from before the pre-registration. Deliberately not read by any current analysis. Kept for provenance only.
_archive_exploratory_DE/runs/baseline/confound_survival.csv,_archive_exploratory_DE/runs/baseline,OUTPUT,archived,,450B,2026-09-29 08:40,Exploratory DE work from before the pre-registration. Deliberately not read by any current analysis. Kept for provenance only.
_archive_exploratory_DE/runs/baseline/confound_surviving_genes.csv,_archive_exploratory_DE/runs/baseline,OUTPUT,archived,,543B,2026-09-29 08:40,Exploratory DE work from before the pre-registration. Deliberately not read by any current analysis. Kept for provenance only.
_archive_exploratory_DE/runs/baseline/design_diagnostics.csv,_archive_exploratory_DE/runs/baseline,OUTPUT,archived,,304B,2026-09-29 04:52,Exploratory DE work from before the pre-registration. Deliberately not read by any current analysis. Kept for provenance only.
_archive_exploratory_DE/runs/baseline/estimator_variants_published_spec.csv,_archive_exploratory_DE/runs/baseline,OUTPUT,archived,,444B,2026-09-29 08:40,Exploratory DE work from before the pre-registration. Deliberately not read by any current analysis. Kept for provenance only.
_archive_exploratory_DE/runs/baseline/gap_ladder.csv,_archive_exploratory_DE/runs/baseline,OUTPUT,archived,,438B,2026-09-29 04:52,Exploratory DE work from before the pre-registration. Deliberately not read by any current analysis. Kept for provenance only.
_archive_exploratory_DE/runs/baseline/logFC_histogram.csv,_archive_exploratory_DE/runs/baseline,OUTPUT,archived,,3.3K,2026-09-29 04:48,Exploratory DE work from before the pre-registration. Deliberately not read by any current analysis. Kept for provenance only.
_archive_exploratory_DE/runs/baseline/one_subject_sensitivity.csv,_archive_exploratory_DE/runs/baseline,OUTPUT,archived,,749B,2026-09-29 05:28,Exploratory DE work from before the pre-registration. Deliberately not read by any current analysis. Kept for provenance only.
_archive_exploratory_DE/runs/baseline/pre_sheet_identity.csv,_archive_exploratory_DE/runs/baseline,OUTPUT,archived,,134B,2026-09-29 08:41,Exploratory DE work from before the pre-registration. Deliberately not read by any current analysis. Kept for provenance only.
_archive_exploratory_DE/runs/baseline/replication_vs_krebs.csv,_archive_exploratory_DE/runs/baseline,OUTPUT,archived,,1.8K,2026-09-29 04:50,Exploratory DE work from before the pre-registration. Deliberately not read by any current analysis. Kept for provenance only.
_archive_exploratory_DE/runs/baseline/top30_per_contrast.csv,_archive_exploratory_DE/runs/baseline,OUTPUT,archived,,7.1K,2026-09-29 04:48,Exploratory DE work from before the pre-registration. Deliberately not read by any current analysis. Kept for provenance only.
_archive_exploratory_DE/runs/baseline/toptable_casecon.csv.gz,_archive_exploratory_DE/runs/baseline,OUTPUT,archived,,333.2K,2026-09-29 08:40,Exploratory DE work from before the pre-registration. Deliberately not read by any current analysis. Kept for provenance only.
_archive_exploratory_DE/runs/baseline/toptable_lithium.csv.gz,_archive_exploratory_DE/runs/baseline,OUTPUT,archived,,327.4K,2026-09-29 08:40,Exploratory DE work from before the pre-registration. Deliberately not read by any current analysis. Kept for provenance only.
_archive_exploratory_DE/runs/baseline/toptable_lithium_krebs.csv.gz,_archive_exploratory_DE/runs/baseline,OUTPUT,archived,,328.6K,2026-09-29 08:40,Exploratory DE work from before the pre-registration. Deliberately not read by any current analysis. Kept for provenance only.
_archive_exploratory_DE/runs/cellcomp/NOTES.md,_archive_exploratory_DE/runs/cellcomp,OUTPUT,archived,,19.5K,2026-09-29 05:13,Exploratory DE work from before the pre-registration. Deliberately not read by any current analysis. Kept for provenance only.
_archive_exploratory_DE/runs/cellcomp/composition_lithium_vs_illness.csv,_archive_exploratory_DE/runs/cellcomp,OUTPUT,archived,,839B,2026-09-29 04:49,Exploratory DE work from before the pre-registration. Deliberately not read by any current analysis. Kept for provenance only.
_archive_exploratory_DE/runs/cellcomp/composition_unmedicated_vs_control.csv,_archive_exploratory_DE/runs/cellcomp,OUTPUT,archived,,305B,2026-09-29 04:49,Exploratory DE work from before the pre-registration. Deliberately not read by any current analysis. Kept for provenance only.
_archive_exploratory_DE/runs/cellcomp/deconv_qc_vs_lithium.csv,_archive_exploratory_DE/runs/cellcomp,OUTPUT,archived,,261B,2026-09-29 04:49,Exploratory DE work from before the pre-registration. Deliberately not read by any current analysis. Kept for provenance only.
_archive_exploratory_DE/runs/cellcomp/lithium_vs_celltypes.csv,_archive_exploratory_DE/runs/cellcomp,OUTPUT,archived,,1.6K,2026-09-29 04:49,Exploratory DE work from before the pre-registration. Deliberately not read by any current analysis. Kept for provenance only.
_archive_exploratory_DE/runs/cellcomp/spikein_anchors.csv,_archive_exploratory_DE/runs/cellcomp,OUTPUT,archived,,137B,2026-09-29 04:55,Exploratory DE work from before the pre-registration. Deliberately not read by any current analysis. Kept for provenance only.
_archive_exploratory_DE/runs/cellcomp/spikein_calibration_curve.csv,_archive_exploratory_DE/runs/cellcomp,OUTPUT,archived,,867B,2026-09-29 04:55,Exploratory DE work from before the pre-registration. Deliberately not read by any current analysis. Kept for provenance only.
_archive_exploratory_DE/runs/cellcomp/spikein_varpreserving_anchors.csv,_archive_exploratory_DE/runs/cellcomp,OUTPUT,archived,,115B,2026-09-29 05:08,Exploratory DE work from before the pre-registration. Deliberately not read by any current analysis. Kept for provenance only.
_archive_exploratory_DE/runs/cellcomp/spikein_varpreserving_curve.csv,_archive_exploratory_DE/runs/cellcomp,OUTPUT,archived,,688B,2026-09-29 05:08,Exploratory DE work from before the pre-registration. Deliberately not read by any current analysis. Kept for provenance only.
_archive_exploratory_DE/runs/composition_by_group/group_vs_control.csv,_archive_exploratory_DE/runs/composition_by_group,OUTPUT,archived,,1.6K,2026-09-29 04:52,Exploratory DE work from before the pre-registration. Deliberately not read by any current analysis. Kept for provenance only.
_archive_exploratory_DE/runs/composition_by_group/on_vs_off.csv,_archive_exploratory_DE/runs/composition_by_group,OUTPUT,archived,,811B,2026-09-29 04:52,Exploratory DE work from before the pre-registration. Deliberately not read by any current analysis. Kept for provenance only.
_archive_exploratory_DE/runs/eos_abundance/summary.csv,_archive_exploratory_DE/runs/eos_abundance,OUTPUT,archived,,172B,2026-09-29 04:41,Exploratory DE work from before the pre-registration. Deliberately not read by any current analysis. Kept for provenance only.
_archive_exploratory_DE/runs/filter_sweep/_log/filter_sweep.log,_archive_exploratory_DE/runs/filter_sweep/_log,OUTPUT,archived,,9.0K,2026-09-29 05:19,Exploratory DE work from before the pre-registration. Deliberately not read by any current analysis. Kept for provenance only.
_archive_exploratory_DE/runs/filter_sweep/_log/filter_sweep_deep.log,_archive_exploratory_DE/runs/filter_sweep/_log,OUTPUT,archived,,10.3K,2026-09-29 05:20,Exploratory DE work from before the pre-registration. Deliberately not read by any current analysis. Kept for provenance only.
_archive_exploratory_DE/runs/filter_sweep/_log/filter_sweep_null.log,_archive_exploratory_DE/runs/filter_sweep/_log,OUTPUT,archived,,4.7K,2026-09-29 05:30,Exploratory DE work from before the pre-registration. Deliberately not read by any current analysis. Kept for provenance only.
_archive_exploratory_DE/runs/filter_sweep/_log/filter_sweep_xcheck.log,_archive_exploratory_DE/runs/filter_sweep/_log,OUTPUT,archived,,2.4K,2026-09-29 06:08,Exploratory DE work from before the pre-registration. Deliberately not read by any current analysis. Kept for provenance only.
_archive_exploratory_DE/runs/filter_sweep/cache/fbe_design.rds,_archive_exploratory_DE/runs/filter_sweep/cache,OUTPUT,archived,,961.9K,2026-09-29 04:57,Exploratory DE work from before the pre-registration. Deliberately not read by any current analysis. Kept for provenance only.
_archive_exploratory_DE/runs/filter_sweep/cache/fbe_group.rds,_archive_exploratory_DE/runs/filter_sweep/cache,OUTPUT,archived,,664.4K,2026-09-29 04:59,Exploratory DE work from before the pre-registration. Deliberately not read by any current analysis. Kept for provenance only.
_archive_exploratory_DE/runs/filter_sweep/cache/fbe_nogroup.rds,_archive_exploratory_DE/runs/filter_sweep/cache,OUTPUT,archived,,578.5K,2026-09-29 05:00,Exploratory DE work from before the pre-registration. Deliberately not read by any current analysis. Kept for provenance only.
_archive_exploratory_DE/runs/filter_sweep/cache/mc0_mp010.rds,_archive_exploratory_DE/runs/filter_sweep/cache,OUTPUT,archived,,1.5M,2026-09-29 04:29,Exploratory DE work from before the pre-registration. Deliberately not read by any current analysis. Kept for provenance only.
_archive_exploratory_DE/runs/filter_sweep/cache/mc0_mp025.rds,_archive_exploratory_DE/runs/filter_sweep/cache,OUTPUT,archived,,1.1M,2026-09-29 04:34,Exploratory DE work from before the pre-registration. Deliberately not read by any current analysis. Kept for provenance only.
_archive_exploratory_DE/runs/filter_sweep/cache/mc0_mp050.rds,_archive_exploratory_DE/runs/filter_sweep/cache,OUTPUT,archived,,989.7K,2026-09-29 04:38,Exploratory DE work from before the pre-registration. Deliberately not read by any current analysis. Kept for provenance only.
_archive_exploratory_DE/runs/filter_sweep/cache/mc0_mp075.rds,_archive_exploratory_DE/runs/filter_sweep/cache,OUTPUT,archived,,859.8K,2026-09-29 04:43,Exploratory DE work from before the pre-registration. Deliberately not read by any current analysis. Kept for provenance only.
_archive_exploratory_DE/runs/filter_sweep/cache/mc0_mp090.rds,_archive_exploratory_DE/runs/filter_sweep/cache,OUTPUT,archived,,763.8K,2026-09-29 04:48,Exploratory DE work from before the pre-registration. Deliberately not read by any current analysis. Kept for provenance only.
_archive_exploratory_DE/runs/filter_sweep/cache/mc0_mp100.rds,_archive_exploratory_DE/runs/filter_sweep/cache,OUTPUT,archived,,526.8K,2026-09-29 04:52,Exploratory DE work from before the pre-registration. Deliberately not read by any current analysis. Kept for provenance only.
_archive_exploratory_DE/runs/filter_sweep/cache/mc10_mp010.rds,_archive_exploratory_DE/runs/filter_sweep/cache,OUTPUT,archived,,713.2K,2026-09-29 04:31,Exploratory DE work from before the pre-registration. Deliberately not read by any current analysis. Kept for provenance only.
_archive_exploratory_DE/runs/filter_sweep/cache/mc10_mp025.rds,_archive_exploratory_DE/runs/filter_sweep/cache,OUTPUT,archived,,657.6K,2026-09-29 04:36,Exploratory DE work from before the pre-registration. Deliberately not read by any current analysis. Kept for provenance only.
_archive_exploratory_DE/runs/filter_sweep/cache/mc10_mp050.rds,_archive_exploratory_DE/runs/filter_sweep/cache,OUTPUT,archived,,600.7K,2026-09-29 04:40,Exploratory DE work from before the pre-registration. Deliberately not read by any current analysis. Kept for provenance only.
_archive_exploratory_DE/runs/filter_sweep/cache/mc10_mp075.rds,_archive_exploratory_DE/runs/filter_sweep/cache,OUTPUT,archived,,554.5K,2026-09-29 04:45,Exploratory DE work from before the pre-registration. Deliberately not read by any current analysis. Kept for provenance only.
_archive_exploratory_DE/runs/filter_sweep/cache/mc10_mp090.rds,_archive_exploratory_DE/runs/filter_sweep/cache,OUTPUT,archived,,512.4K,2026-09-29 04:50,Exploratory DE work from before the pre-registration. Deliberately not read by any current analysis. Kept for provenance only.
_archive_exploratory_DE/runs/filter_sweep/cache/mc10_mp100.rds,_archive_exploratory_DE/runs/filter_sweep/cache,OUTPUT,archived,,279.8K,2026-09-29 04:53,Exploratory DE work from before the pre-registration. Deliberately not read by any current analysis. Kept for provenance only.
_archive_exploratory_DE/runs/filter_sweep/cache/mc1_mp010.rds,_archive_exploratory_DE/runs/filter_sweep/cache,OUTPUT,archived,,1.2M,2026-09-29 04:30,Exploratory DE work from before the pre-registration. Deliberately not read by any current analysis. Kept for provenance only.
_archive_exploratory_DE/runs/filter_sweep/cache/mc1_mp025.rds,_archive_exploratory_DE/runs/filter_sweep/cache,OUTPUT,archived,,977.3K,2026-09-29 04:35,Exploratory DE work from before the pre-registration. Deliberately not read by any current analysis. Kept for provenance only.
_archive_exploratory_DE/runs/filter_sweep/cache/mc1_mp050.rds,_archive_exploratory_DE/runs/filter_sweep/cache,OUTPUT,archived,,860.1K,2026-09-29 04:39,Exploratory DE work from before the pre-registration. Deliberately not read by any current analysis. Kept for provenance only.
_archive_exploratory_DE/runs/filter_sweep/cache/mc1_mp075.rds,_archive_exploratory_DE/runs/filter_sweep/cache,OUTPUT,archived,,762.6K,2026-09-29 04:44,Exploratory DE work from before the pre-registration. Deliberately not read by any current analysis. Kept for provenance only.
_archive_exploratory_DE/runs/filter_sweep/cache/mc1_mp090.rds,_archive_exploratory_DE/runs/filter_sweep/cache,OUTPUT,archived,,687.8K,2026-09-29 04:49,Exploratory DE work from before the pre-registration. Deliberately not read by any current analysis. Kept for provenance only.
_archive_exploratory_DE/runs/filter_sweep/cache/mc1_mp100.rds,_archive_exploratory_DE/runs/filter_sweep/cache,OUTPUT,archived,,467.5K,2026-09-29 04:52,Exploratory DE work from before the pre-registration. Deliberately not read by any current analysis. Kept for provenance only.
_archive_exploratory_DE/runs/filter_sweep/cache/mc20_mp010.rds,_archive_exploratory_DE/runs/filter_sweep/cache,OUTPUT,archived,,609.2K,2026-09-29 04:32,Exploratory DE work from before the pre-registration. Deliberately not read by any current analysis. Kept for provenance only.
_archive_exploratory_DE/runs/filter_sweep/cache/mc20_mp025.rds,_archive_exploratory_DE/runs/filter_sweep/cache,OUTPUT,archived,,567.6K,2026-09-29 04:37,Exploratory DE work from before the pre-registration. Deliberately not read by any current analysis. Kept for provenance only.
_archive_exploratory_DE/runs/filter_sweep/cache/mc20_mp050.rds,_archive_exploratory_DE/runs/filter_sweep/cache,OUTPUT,archived,,526.2K,2026-09-29 04:41,Exploratory DE work from before the pre-registration. Deliberately not read by any current analysis. Kept for provenance only.
_archive_exploratory_DE/runs/filter_sweep/cache/mc20_mp075.rds,_archive_exploratory_DE/runs/filter_sweep/cache,OUTPUT,archived,,486.2K,2026-09-29 04:46,Exploratory DE work from before the pre-registration. Deliberately not read by any current analysis. Kept for provenance only.
_archive_exploratory_DE/runs/filter_sweep/cache/mc20_mp090.rds,_archive_exploratory_DE/runs/filter_sweep/cache,OUTPUT,archived,,444.2K,2026-09-29 04:50,Exploratory DE work from before the pre-registration. Deliberately not read by any current analysis. Kept for provenance only.
_archive_exploratory_DE/runs/filter_sweep/cache/mc20_mp100.rds,_archive_exploratory_DE/runs/filter_sweep/cache,OUTPUT,archived,,193.0K,2026-09-29 04:54,Exploratory DE work from before the pre-registration. Deliberately not read by any current analysis. Kept for provenance only.
_archive_exploratory_DE/runs/filter_sweep/cache/mc50_mp010.rds,_archive_exploratory_DE/runs/filter_sweep/cache,OUTPUT,archived,,492.5K,2026-09-29 04:32,Exploratory DE work from before the pre-registration. Deliberately not read by any current analysis. Kept for provenance only.
_archive_exploratory_DE/runs/filter_sweep/cache/mc50_mp025.rds,_archive_exploratory_DE/runs/filter_sweep/cache,OUTPUT,archived,,460.9K,2026-09-29 04:37,Exploratory DE work from before the pre-registration. Deliberately not read by any current analysis. Kept for provenance only.
_archive_exploratory_DE/runs/filter_sweep/cache/mc50_mp050.rds,_archive_exploratory_DE/runs/filter_sweep/cache,OUTPUT,archived,,422.6K,2026-09-29 04:42,Exploratory DE work from before the pre-registration. Deliberately not read by any current analysis. Kept for provenance only.
_archive_exploratory_DE/runs/filter_sweep/cache/mc50_mp075.rds,_archive_exploratory_DE/runs/filter_sweep/cache,OUTPUT,archived,,385.2K,2026-09-29 04:46,Exploratory DE work from before the pre-registration. Deliberately not read by any current analysis. Kept for provenance only.
_archive_exploratory_DE/runs/filter_sweep/cache/mc50_mp090.rds,_archive_exploratory_DE/runs/filter_sweep/cache,OUTPUT,archived,,339.0K,2026-09-29 04:51,Exploratory DE work from before the pre-registration. Deliberately not read by any current analysis. Kept for provenance only.
_archive_exploratory_DE/runs/filter_sweep/cache/mc50_mp100.rds,_archive_exploratory_DE/runs/filter_sweep/cache,OUTPUT,archived,,92.9K,2026-09-29 04:54,Exploratory DE work from before the pre-registration. Deliberately not read by any current analysis. Kept for provenance only.
_archive_exploratory_DE/runs/filter_sweep/cache/mc5_mp010.rds,_archive_exploratory_DE/runs/filter_sweep/cache,OUTPUT,archived,,835.3K,2026-09-29 04:31,Exploratory DE work from before the pre-registration. Deliberately not read by any current analysis. Kept for provenance only.
_archive_exploratory_DE/runs/filter_sweep/cache/mc5_mp025.rds,_archive_exploratory_DE/runs/filter_sweep/cache,OUTPUT,archived,,755.1K,2026-09-29 04:36,Exploratory DE work from before the pre-registration. Deliberately not read by any current analysis. Kept for provenance only.
_archive_exploratory_DE/runs/filter_sweep/cache/mc5_mp050.rds,_archive_exploratory_DE/runs/filter_sweep/cache,OUTPUT,archived,,686.0K,2026-09-29 04:40,Exploratory DE work from before the pre-registration. Deliberately not read by any current analysis. Kept for provenance only.
_archive_exploratory_DE/runs/filter_sweep/cache/mc5_mp075.rds,_archive_exploratory_DE/runs/filter_sweep/cache,OUTPUT,archived,,622.9K,2026-09-29 04:44,Exploratory DE work from before the pre-registration. Deliberately not read by any current analysis. Kept for provenance only.
_archive_exploratory_DE/runs/filter_sweep/cache/mc5_mp090.rds,_archive_exploratory_DE/runs/filter_sweep/cache,OUTPUT,archived,,569.1K,2026-09-29 04:49,Exploratory DE work from before the pre-registration. Deliberately not read by any current analysis. Kept for provenance only.
_archive_exploratory_DE/runs/filter_sweep/cache/mc5_mp100.rds,_archive_exploratory_DE/runs/filter_sweep/cache,OUTPUT,archived,,353.5K,2026-09-29 04:53,Exploratory DE work from before the pre-registration. Deliberately not read by any current analysis. Kept for provenance only.
_archive_exploratory_DE/runs/filter_sweep/cache/nofilter.rds,_archive_exploratory_DE/runs/filter_sweep/cache,OUTPUT,archived,,2.2M,2026-09-29 05:08,Exploratory DE work from before the pre-registration. Deliberately not read by any current analysis. Kept for provenance only.
_archive_exploratory_DE/runs/filter_sweep/cache_x/cc_voom_canon.rds,_archive_exploratory_DE/runs/filter_sweep/cache_x,OUTPUT,archived,,520.5K,2026-09-29 06:08,Exploratory DE work from before the pre-registration. Deliberately not read by any current analysis. Kept for provenance only.
_archive_exploratory_DE/runs/filter_sweep/cache_x/cc_voom_loose.rds,_archive_exploratory_DE/runs/filter_sweep/cache_x,OUTPUT,archived,,1.6M,2026-09-29 06:07,Exploratory DE work from before the pre-registration. Deliberately not read by any current analysis. Kept for provenance only.
_archive_exploratory_DE/runs/filter_sweep/cache_x/cc_voom_mid.rds,_archive_exploratory_DE/runs/filter_sweep/cache_x,OUTPUT,archived,,608.6K,2026-09-29 06:07,Exploratory DE work from before the pre-registration. Deliberately not read by any current analysis. Kept for provenance only.
_archive_exploratory_DE/runs/filter_sweep/cache_x/cc_voom_strict.rds,_archive_exploratory_DE/runs/filter_sweep/cache_x,OUTPUT,archived,,350.4K,2026-09-29 06:08,Exploratory DE work from before the pre-registration. Deliberately not read by any current analysis. Kept for provenance only.
_archive_exploratory_DE/runs/filter_sweep/cache_x/lith_QLF_canon.rds,_archive_exploratory_DE/runs/filter_sweep/cache_x,OUTPUT,archived,,511.0K,2026-09-29 06:05,Exploratory DE work from before the pre-registration. Deliberately not read by any current analysis. Kept for provenance only.
_archive_exploratory_DE/runs/filter_sweep/cache_x/lith_QLF_loose.rds,_archive_exploratory_DE/runs/filter_sweep/cache_x,OUTPUT,archived,,1.5M,2026-09-29 06:02,Exploratory DE work from before the pre-registration. Deliberately not read by any current analysis. Kept for provenance only.
_archive_exploratory_DE/runs/filter_sweep/cache_x/lith_trend_canon.rds,_archive_exploratory_DE/runs/filter_sweep/cache_x,OUTPUT,archived,,512.1K,2026-09-29 05:31,Exploratory DE work from before the pre-registration. Deliberately not read by any current analysis. Kept for provenance only.
_archive_exploratory_DE/runs/filter_sweep/cache_x/lith_trend_loose.rds,_archive_exploratory_DE/runs/filter_sweep/cache_x,OUTPUT,archived,,1.5M,2026-09-29 05:31,Exploratory DE work from before the pre-registration. Deliberately not read by any current analysis. Kept for provenance only.
_archive_exploratory_DE/runs/filter_sweep/cache_x/lith_voom_canon.rds,_archive_exploratory_DE/runs/filter_sweep/cache_x,OUTPUT,archived,,512.5K,2026-09-29 05:30,Exploratory DE work from before the pre-registration. Deliberately not read by any current analysis. Kept for provenance only.
_archive_exploratory_DE/runs/filter_sweep/cache_x/lith_voom_loose.rds,_archive_exploratory_DE/runs/filter_sweep/cache_x,OUTPUT,archived,,1.5M,2026-09-29 05:30,Exploratory DE work from before the pre-registration. Deliberately not read by any current analysis. Kept for provenance only.
_archive_exploratory_DE/runs/filter_sweep/cat_curves.csv,_archive_exploratory_DE/runs/filter_sweep,OUTPUT,archived,,7.0K,2026-09-29 05:20,Exploratory DE work from before the pre-registration. Deliberately not read by any current analysis. Kept for provenance only.
_archive_exploratory_DE/runs/filter_sweep/decomposition.csv,_archive_exploratory_DE/runs/filter_sweep,OUTPUT,archived,,324B,2026-09-29 05:20,Exploratory DE work from before the pre-registration. Deliberately not read by any current analysis. Kept for provenance only.
_archive_exploratory_DE/runs/filter_sweep/deg_character.csv,_archive_exploratory_DE/runs/filter_sweep,OUTPUT,archived,,290B,2026-09-29 05:20,Exploratory DE work from before the pre-registration. Deliberately not read by any current analysis. Kept for provenance only.
_archive_exploratory_DE/runs/filter_sweep/filter_sweep.png,_archive_exploratory_DE/runs/filter_sweep,OUTPUT,archived,,27.8K,2026-09-29 05:20,Exploratory DE work from before the pre-registration. Deliberately not read by any current analysis. Kept for provenance only.
_archive_exploratory_DE/runs/filter_sweep/fixed_nominal.csv,_archive_exploratory_DE/runs/filter_sweep,OUTPUT,archived,,2.4K,2026-09-29 05:20,Exploratory DE work from before the pre-registration. Deliberately not read by any current analysis. Kept for provenance only.
_archive_exploratory_DE/runs/filter_sweep/null.csv,_archive_exploratory_DE/runs/filter_sweep,OUTPUT,archived,,4.6K,2026-09-29 05:30,Exploratory DE work from before the pre-registration. Deliberately not read by any current analysis. Kept for provenance only.
_archive_exploratory_DE/runs/filter_sweep/null_partial.csv,_archive_exploratory_DE/runs/filter_sweep,OUTPUT,archived,,4.6K,2026-09-29 05:30,Exploratory DE work from before the pre-registration. Deliberately not read by any current analysis. Kept for provenance only.
_archive_exploratory_DE/runs/filter_sweep/strata.csv,_archive_exploratory_DE/runs/filter_sweep,OUTPUT,archived,,2.2K,2026-09-29 05:19,Exploratory DE work from before the pre-registration. Deliberately not read by any current analysis. Kept for provenance only.
_archive_exploratory_DE/runs/filter_sweep/summary.csv,_archive_exploratory_DE/runs/filter_sweep,OUTPUT,archived,,13.3K,2026-09-29 05:19,Exploratory DE work from before the pre-registration. Deliberately not read by any current analysis. Kept for provenance only.
_archive_exploratory_DE/runs/filter_sweep/sweep.rds,_archive_exploratory_DE/runs/filter_sweep,OUTPUT,archived,,47.7K,2026-09-29 05:19,Exploratory DE work from before the pre-registration. Deliberately not read by any current analysis. Kept for provenance only.
_archive_exploratory_DE/runs/filter_sweep/xcheck.csv,_archive_exploratory_DE/runs/filter_sweep,OUTPUT,archived,,1.2K,2026-09-29 06:08,Exploratory DE work from before the pre-registration. Deliberately not read by any current analysis. Kept for provenance only.
_archive_exploratory_DE/runs/interaction_surrogate/full_pc_correlations.csv,_archive_exploratory_DE/runs/interaction_surrogate,OUTPUT,archived,,874B,2026-09-29 08:24,Exploratory DE work from before the pre-registration. Deliberately not read by any current analysis. Kept for provenance only.
_archive_exploratory_DE/runs/interaction_surrogate/interaction.csv,_archive_exploratory_DE/runs/interaction_surrogate,OUTPUT,archived,,370B,2026-09-29 08:23,Exploratory DE work from before the pre-registration. Deliberately not read by any current analysis. Kept for provenance only.
_archive_exploratory_DE/runs/interaction_surrogate/residual_pc_correlations.csv,_archive_exploratory_DE/runs/interaction_surrogate,OUTPUT,archived,,890B,2026-09-29 08:24,Exploratory DE work from before the pre-registration. Deliberately not read by any current analysis. Kept for provenance only.
_archive_exploratory_DE/runs/interaction_surrogate/surrogate.csv,_archive_exploratory_DE/runs/interaction_surrogate,OUTPUT,archived,,308B,2026-09-29 08:24,Exploratory DE work from before the pre-registration. Deliberately not read by any current analysis. Kept for provenance only.
_archive_exploratory_DE/runs/just_composition/eos_baso_genes.csv,_archive_exploratory_DE/runs/just_composition,OUTPUT,archived,,1.5K,2026-09-29 04:39,Exploratory DE work from before the pre-registration. Deliberately not read by any current analysis. Kept for provenance only.
_archive_exploratory_DE/runs/just_composition/fits.rds,_archive_exploratory_DE/runs/just_composition,OUTPUT,archived,,1.1M,2026-09-29 04:33,Exploratory DE work from before the pre-registration. Deliberately not read by any current analysis. Kept for provenance only.
_archive_exploratory_DE/runs/just_composition/marker_panels.csv,_archive_exploratory_DE/runs/just_composition,OUTPUT,archived,,404B,2026-09-29 04:39,Exploratory DE work from before the pre-registration. Deliberately not read by any current analysis. Kept for provenance only.
_archive_exploratory_DE/runs/just_composition/per_gene.csv,_archive_exploratory_DE/runs/just_composition,OUTPUT,archived,,2.5M,2026-09-29 04:38,Exploratory DE work from before the pre-registration. Deliberately not read by any current analysis. Kept for provenance only.
_archive_exploratory_DE/runs/just_composition/summary.csv,_archive_exploratory_DE/runs/just_composition,OUTPUT,archived,,298B,2026-09-29 04:33,Exploratory DE work from before the pre-registration. Deliberately not read by any current analysis. Kept for provenance only.
_archive_exploratory_DE/runs/krebs_replication/summary.csv,_archive_exploratory_DE/runs/krebs_replication,OUTPUT,archived,,249B,2026-09-29 04:48,Exploratory DE work from before the pre-registration. Deliberately not read by any current analysis. Kept for provenance only.
_archive_exploratory_DE/runs/method_sweep/NOTES.md,_archive_exploratory_DE/runs/method_sweep,OUTPUT,archived,,12.8K,2026-09-29 05:03,Exploratory DE work from before the pre-registration. Deliberately not read by any current analysis. Kept for provenance only.
_archive_exploratory_DE/runs/method_sweep/console.log,_archive_exploratory_DE/runs/method_sweep,OUTPUT,archived,,183B,2026-09-29 04:33,Exploratory DE work from before the pre-registration. Deliberately not read by any current analysis. Kept for provenance only.
_archive_exploratory_DE/runs/method_sweep/null_edger.log,_archive_exploratory_DE/runs/method_sweep,OUTPUT,archived,,132B,2026-09-29 05:13,Exploratory DE work from before the pre-registration. Deliberately not read by any current analysis. Kept for provenance only.
_archive_exploratory_DE/runs/method_sweep/null_fast.log,_archive_exploratory_DE/runs/method_sweep,OUTPUT,archived,,3.1K,2026-09-29 05:06,Exploratory DE work from before the pre-registration. Deliberately not read by any current analysis. Kept for provenance only.
_archive_exploratory_DE/runs/method_sweep/permutation_null_raw.csv,_archive_exploratory_DE/runs/method_sweep,OUTPUT,archived,,1.6K,2026-09-29 05:06,Exploratory DE work from before the pre-registration. Deliberately not read by any current analysis. Kept for provenance only.
_archive_exploratory_DE/runs/method_sweep/permutation_null_raw_trend.csv,_archive_exploratory_DE/runs/method_sweep,OUTPUT,archived,,912B,2026-09-29 05:06,Exploratory DE work from before the pre-registration. Deliberately not read by any current analysis. Kept for provenance only.
_archive_exploratory_DE/runs/method_sweep/permutation_null_raw_voom.csv,_archive_exploratory_DE/runs/method_sweep,OUTPUT,archived,,919B,2026-09-29 05:06,Exploratory DE work from before the pre-registration. Deliberately not read by any current analysis. Kept for provenance only.
_archive_exploratory_DE/runs/method_sweep/permutation_null_summary.csv,_archive_exploratory_DE/runs/method_sweep,OUTPUT,archived,,368B,2026-09-29 05:06,Exploratory DE work from before the pre-registration. Deliberately not read by any current analysis. Kept for provenance only.
_archive_exploratory_DE/runs/method_sweep/splithalf_fast.log,_archive_exploratory_DE/runs/method_sweep,OUTPUT,archived,,2.2K,2026-09-29 05:13,Exploratory DE work from before the pre-registration. Deliberately not read by any current analysis. Kept for provenance only.
_archive_exploratory_DE/runs/method_sweep/splithalf_raw.csv,_archive_exploratory_DE/runs/method_sweep,OUTPUT,archived,,860B,2026-09-29 05:13,Exploratory DE work from before the pre-registration. Deliberately not read by any current analysis. Kept for provenance only.
_archive_exploratory_DE/runs/method_sweep/splithalf_raw_trend.csv,_archive_exploratory_DE/runs/method_sweep,OUTPUT,archived,,500B,2026-09-29 05:13,Exploratory DE work from before the pre-registration. Deliberately not read by any current analysis. Kept for provenance only.
_archive_exploratory_DE/runs/method_sweep/splithalf_raw_voom.csv,_archive_exploratory_DE/runs/method_sweep,OUTPUT,archived,,499B,2026-09-29 05:13,Exploratory DE work from before the pre-registration. Deliberately not read by any current analysis. Kept for provenance only.
_archive_exploratory_DE/runs/method_sweep/splithalf_summary.csv,_archive_exploratory_DE/runs/method_sweep,OUTPUT,archived,,232B,2026-09-29 05:13,Exploratory DE work from before the pre-registration. Deliberately not read by any current analysis. Kept for provenance only.
_archive_exploratory_DE/runs/method_sweep/splithalf_wqw.log,_archive_exploratory_DE/runs/method_sweep,OUTPUT,archived,,50B,2026-09-29 05:13,Exploratory DE work from before the pre-registration. Deliberately not read by any current analysis. Kept for provenance only.
_archive_exploratory_DE/runs/method_sweep/timing.log,_archive_exploratory_DE/runs/method_sweep,OUTPUT,archived,,617B,2026-09-29 05:17,Exploratory DE work from before the pre-registration. Deliberately not read by any current analysis. Kept for provenance only.
_archive_exploratory_DE/runs/norm_sweep/A1_fair_pc1_rival.csv,_archive_exploratory_DE/runs/norm_sweep,OUTPUT,archived,,431B,2026-09-29 05:03,Exploratory DE work from before the pre-registration. Deliberately not read by any current analysis. Kept for provenance only.
_archive_exploratory_DE/runs/norm_sweep/A2_covariate_decomposition.csv,_archive_exploratory_DE/runs/norm_sweep,OUTPUT,archived,,1019B,2026-09-29 05:03,Exploratory DE work from before the pre-registration. Deliberately not read by any current analysis. Kept for provenance only.
_archive_exploratory_DE/runs/norm_sweep/A3_offset_vs_direction.csv,_archive_exploratory_DE/runs/norm_sweep,OUTPUT,archived,,914B,2026-09-29 05:03,Exploratory DE work from before the pre-registration. Deliberately not read by any current analysis. Kept for provenance only.
_archive_exploratory_DE/runs/norm_sweep/F1_extra_deg_profile.csv,_archive_exploratory_DE/runs/norm_sweep,OUTPUT,archived,,266B,2026-09-29 04:34,Exploratory DE work from before the pre-registration. Deliberately not read by any current analysis. Kept for provenance only.
_archive_exploratory_DE/runs/norm_sweep/F1_offset_decomposition.csv,_archive_exploratory_DE/runs/norm_sweep,OUTPUT,archived,,364B,2026-09-29 04:34,Exploratory DE work from before the pre-registration. Deliberately not read by any current analysis. Kept for provenance only.
_archive_exploratory_DE/runs/norm_sweep/F2_covariate_specificity.csv,_archive_exploratory_DE/runs/norm_sweep,OUTPUT,archived,,1.4K,2026-09-29 04:41,Exploratory DE work from before the pre-registration. Deliberately not read by any current analysis. Kept for provenance only.
_archive_exploratory_DE/runs/norm_sweep/F3_distributional_norm.csv,_archive_exploratory_DE/runs/norm_sweep,OUTPUT,archived,,500B,2026-09-29 04:43,Exploratory DE work from before the pre-registration. Deliberately not read by any current analysis. Kept for provenance only.
_archive_exploratory_DE/runs/norm_sweep/NOTES.md,_archive_exploratory_DE/runs/norm_sweep,OUTPUT,archived,,16.5K,2026-09-29 05:11,Exploratory DE work from before the pre-registration. Deliberately not read by any current analysis. Kept for provenance only.
_archive_exploratory_DE/runs/norm_sweep/R1_leave_one_out.csv,_archive_exploratory_DE/runs/norm_sweep,OUTPUT,archived,,16.0K,2026-09-29 05:05,Exploratory DE work from before the pre-registration. Deliberately not read by any current analysis. Kept for provenance only.
_archive_exploratory_DE/runs/norm_sweep/R2_trimmed.csv,_archive_exploratory_DE/runs/norm_sweep,OUTPUT,archived,,389B,2026-09-29 05:05,Exploratory DE work from before the pre-registration. Deliberately not read by any current analysis. Kept for provenance only.
_archive_exploratory_DE/runs/norm_sweep/R3_drop_plate.csv,_archive_exploratory_DE/runs/norm_sweep,OUTPUT,archived,,412B,2026-09-29 05:05,Exploratory DE work from before the pre-registration. Deliberately not read by any current analysis. Kept for provenance only.
_archive_exploratory_DE/runs/norm_sweep/R_robustness_summary.csv,_archive_exploratory_DE/runs/norm_sweep,OUTPUT,archived,,524B,2026-09-29 05:05,Exploratory DE work from before the pre-registration. Deliberately not read by any current analysis. Kept for provenance only.
_archive_exploratory_DE/runs/norm_sweep/S1_gene_split_control.csv,_archive_exploratory_DE/runs/norm_sweep,OUTPUT,archived,,1.3K,2026-09-29 05:20,Exploratory DE work from before the pre-registration. Deliberately not read by any current analysis. Kept for provenance only.
_archive_exploratory_DE/runs/norm_sweep/S2_housekeeping_norm.csv,_archive_exploratory_DE/runs/norm_sweep,OUTPUT,archived,,442B,2026-09-29 05:21,Exploratory DE work from before the pre-registration. Deliberately not read by any current analysis. Kept for provenance only.
_archive_exploratory_DE/runs/norm_sweep/S3_defensible_range.csv,_archive_exploratory_DE/runs/norm_sweep,OUTPUT,archived,,405B,2026-09-29 05:21,Exploratory DE work from before the pre-registration. Deliberately not read by any current analysis. Kept for provenance only.
_archive_exploratory_DE/runs/norm_sweep/addendum_log.txt,_archive_exploratory_DE/runs/norm_sweep,OUTPUT,archived,,3.1K,2026-09-29 05:03,Exploratory DE work from before the pre-registration. Deliberately not read by any current analysis. Kept for provenance only.
_archive_exploratory_DE/runs/norm_sweep/circ_log.txt,_archive_exploratory_DE/runs/norm_sweep,OUTPUT,archived,,5.6K,2026-09-29 05:21,Exploratory DE work from before the pre-registration. Deliberately not read by any current analysis. Kept for provenance only.
_archive_exploratory_DE/runs/norm_sweep/gene_map_used.tsv,_archive_exploratory_DE/runs/norm_sweep,OUTPUT,archived,,2.0M,2026-09-29 05:06,Exploratory DE work from before the pre-registration. Deliberately not read by any current analysis. Kept for provenance only.
_archive_exploratory_DE/runs/norm_sweep/gene_status_churn.csv,_archive_exploratory_DE/runs/norm_sweep,OUTPUT,archived,,270B,2026-09-29 04:49,Exploratory DE work from before the pre-registration. Deliberately not read by any current analysis. Kept for provenance only.
_archive_exploratory_DE/runs/norm_sweep/lithium_confound_tests.csv,_archive_exploratory_DE/runs/norm_sweep,OUTPUT,archived,,4.8K,2026-09-29 04:30,Exploratory DE work from before the pre-registration. Deliberately not read by any current analysis. Kept for provenance only.
_archive_exploratory_DE/runs/norm_sweep/norm_sweep_objects.rds,_archive_exploratory_DE/runs/norm_sweep,OUTPUT,archived,,2.9M,2026-09-29 04:30,Exploratory DE work from before the pre-registration. Deliberately not read by any current analysis. Kept for provenance only.
_archive_exploratory_DE/runs/norm_sweep/normfactor_explained_by_composition.csv,_archive_exploratory_DE/runs/norm_sweep,OUTPUT,archived,,807B,2026-09-29 04:30,Exploratory DE work from before the pre-registration. Deliberately not read by any current analysis. Kept for provenance only.
_archive_exploratory_DE/runs/norm_sweep/normfactor_method_agreement.csv,_archive_exploratory_DE/runs/norm_sweep,OUTPUT,archived,,367B,2026-09-29 04:30,Exploratory DE work from before the pre-registration. Deliberately not read by any current analysis. Kept for provenance only.
_archive_exploratory_DE/runs/norm_sweep/normfactor_spread.csv,_archive_exploratory_DE/runs/norm_sweep,OUTPUT,archived,,771B,2026-09-29 04:30,Exploratory DE work from before the pre-registration. Deliberately not read by any current analysis. Kept for provenance only.
_archive_exploratory_DE/runs/norm_sweep/pairwise_agreement.csv,_archive_exploratory_DE/runs/norm_sweep,OUTPUT,archived,,1.4K,2026-09-29 04:30,Exploratory DE work from before the pre-registration. Deliberately not read by any current analysis. Kept for provenance only.
_archive_exploratory_DE/runs/norm_sweep/per_sample_normfactors.csv,_archive_exploratory_DE/runs/norm_sweep,OUTPUT,archived,,72.4K,2026-09-29 04:30,Exploratory DE work from before the pre-registration. Deliberately not read by any current analysis. Kept for provenance only.
_archive_exploratory_DE/runs/norm_sweep/perm_log.txt,_archive_exploratory_DE/runs/norm_sweep,OUTPUT,archived,,15.8K,2026-09-29 05:31,Exploratory DE work from before the pre-registration. Deliberately not read by any current analysis. Kept for provenance only.
_archive_exploratory_DE/runs/norm_sweep/permutation_null.csv,_archive_exploratory_DE/runs/norm_sweep,OUTPUT,archived,,19.1K,2026-09-29 05:31,Exploratory DE work from before the pre-registration. Deliberately not read by any current analysis. Kept for provenance only.
_archive_exploratory_DE/runs/norm_sweep/permutation_null_summary.csv,_archive_exploratory_DE/runs/norm_sweep,OUTPUT,archived,,562B,2026-09-29 05:31,Exploratory DE work from before the pre-registration. Deliberately not read by any current analysis. Kept for provenance only.
_archive_exploratory_DE/runs/norm_sweep/probe_normfactor_as_covariate.csv,_archive_exploratory_DE/runs/norm_sweep,OUTPUT,archived,,242B,2026-09-29 04:30,Exploratory DE work from before the pre-registration. Deliberately not read by any current analysis. Kept for provenance only.
_archive_exploratory_DE/runs/norm_sweep/robust_log.txt,_archive_exploratory_DE/runs/norm_sweep,OUTPUT,archived,,2.0K,2026-09-29 05:05,Exploratory DE work from before the pre-registration. Deliberately not read by any current analysis. Kept for provenance only.
_archive_exploratory_DE/runs/norm_sweep/summary.csv,_archive_exploratory_DE/runs/norm_sweep,OUTPUT,archived,,2.0K,2026-09-29 04:30,Exploratory DE work from before the pre-registration. Deliberately not read by any current analysis. Kept for provenance only.
_archive_exploratory_DE/runs/power_matched/draws.csv,_archive_exploratory_DE/runs/power_matched,OUTPUT,archived,,1.5K,2026-09-29 05:27,Exploratory DE work from before the pre-registration. Deliberately not read by any current analysis. Kept for provenance only.
_archive_exploratory_DE/runs/power_matched/fits.rds,_archive_exploratory_DE/runs/power_matched,OUTPUT,archived,,1.0K,2026-09-29 05:27,Exploratory DE work from before the pre-registration. Deliberately not read by any current analysis. Kept for provenance only.
_archive_exploratory_DE/runs/power_matched/summary.csv,_archive_exploratory_DE/runs/power_matched,OUTPUT,archived,,272B,2026-09-29 05:27,Exploratory DE work from before the pre-registration. Deliberately not read by any current analysis. Kept for provenance only.
_archive_exploratory_DE/runs/power_matched_log.txt,_archive_exploratory_DE/runs,OUTPUT,archived,,7.8K,2026-09-29 05:27,Exploratory DE work from before the pre-registration. Deliberately not read by any current analysis. Kept for provenance only.
_archive_exploratory_DE/runs/robustness/covariate_loo.csv,_archive_exploratory_DE/runs/robustness,OUTPUT,archived,,308B,2026-09-29 08:28,Exploratory DE work from before the pre-registration. Deliberately not read by any current analysis. Kept for provenance only.
_archive_exploratory_DE/runs/robustness/covariate_solo.csv,_archive_exploratory_DE/runs/robustness,OUTPUT,archived,,214B,2026-09-29 08:28,Exploratory DE work from before the pre-registration. Deliberately not read by any current analysis. Kept for provenance only.
_archive_exploratory_DE/runs/robustness/pvalue_histogram.csv,_archive_exploratory_DE/runs/robustness,OUTPUT,archived,,236B,2026-09-29 08:52,Exploratory DE work from before the pre-registration. Deliberately not read by any current analysis. Kept for provenance only.
_archive_exploratory_DE/runs/robustness/sample_set.csv,_archive_exploratory_DE/runs/robustness,OUTPUT,archived,,87B,2026-09-29 08:43,Exploratory DE work from before the pre-registration. Deliberately not read by any current analysis. Kept for provenance only.
_archive_exploratory_DE/runs/robustness/subsample_n200.csv,_archive_exploratory_DE/runs/robustness,OUTPUT,archived,,860B,2026-09-29 08:43,Exploratory DE work from before the pre-registration. Deliberately not read by any current analysis. Kept for provenance only.
_archive_exploratory_DE/runs/robustness/tobacco_mi.csv,_archive_exploratory_DE/runs/robustness,OUTPUT,archived,,482B,2026-09-29 08:51,Exploratory DE work from before the pre-registration. Deliberately not read by any current analysis. Kept for provenance only.
_archive_exploratory_DE/runs/robustness_log.txt,_archive_exploratory_DE/runs,OUTPUT,archived,,9.2K,2026-09-29 08:52,Exploratory DE work from before the pre-registration. Deliberately not read by any current analysis. Kept for provenance only.
_archive_exploratory_DE/runs/signature_overlap/fits.rds,_archive_exploratory_DE/runs/signature_overlap,OUTPUT,archived,,4.7M,2026-09-29 04:28,Exploratory DE work from before the pre-registration. Deliberately not read by any current analysis. Kept for provenance only.
_archive_exploratory_DE/runs/signature_overlap/pairwise_overlap.csv,_archive_exploratory_DE/runs/signature_overlap,OUTPUT,archived,,569B,2026-09-29 04:28,Exploratory DE work from before the pre-registration. Deliberately not read by any current analysis. Kept for provenance only.
_archive_exploratory_DE/runs/signature_overlap/summary.csv,_archive_exploratory_DE/runs/signature_overlap,OUTPUT,archived,,327B,2026-09-29 04:28,Exploratory DE work from before the pre-registration. Deliberately not read by any current analysis. Kept for provenance only.
_archive_exploratory_DE/runs/signature_overlap/top200_A_off_vs_ctrl.csv,_archive_exploratory_DE/runs/signature_overlap,OUTPUT,archived,,25.1K,2026-09-29 04:28,Exploratory DE work from before the pre-registration. Deliberately not read by any current analysis. Kept for provenance only.
_archive_exploratory_DE/runs/signature_overlap/top200_B_on_vs_ctrl.csv,_archive_exploratory_DE/runs/signature_overlap,OUTPUT,archived,,25.4K,2026-09-29 04:28,Exploratory DE work from before the pre-registration. Deliberately not read by any current analysis. Kept for provenance only.
_archive_exploratory_DE/runs/signature_overlap/top200_C_lithium.csv,_archive_exploratory_DE/runs/signature_overlap,OUTPUT,archived,,25.3K,2026-09-29 04:28,Exploratory DE work from before the pre-registration. Deliberately not read by any current analysis. Kept for provenance only.
_archive_exploratory_DE/runs/signature_overlap/top200_D_allBD_vs_ctrl.csv,_archive_exploratory_DE/runs/signature_overlap,OUTPUT,archived,,25.5K,2026-09-29 04:28,Exploratory DE work from before the pre-registration. Deliberately not read by any current analysis. Kept for provenance only.
_archive_exploratory_DE/runs/threshold_sweep/NOTES.md,_archive_exploratory_DE/runs/threshold_sweep,OUTPUT,archived,,15.7K,2026-09-29 05:04,Exploratory DE work from before the pre-registration. Deliberately not read by any current analysis. Kept for provenance only.
_archive_exploratory_DE/runs/threshold_sweep/console.log,_archive_exploratory_DE/runs/threshold_sweep,OUTPUT,archived,,9.3K,2026-09-29 05:09,Exploratory DE work from before the pre-registration. Deliberately not read by any current analysis. Kept for provenance only.
_archive_exploratory_DE/runs/threshold_sweep/console_dig.log,_archive_exploratory_DE/runs/threshold_sweep,OUTPUT,archived,,1.2K,2026-09-29 05:19,Exploratory DE work from before the pre-registration. Deliberately not read by any current analysis. Kept for provenance only.
_archive_exploratory_DE/runs/threshold_sweep/conventional_lfc_survivors.csv,_archive_exploratory_DE/runs/threshold_sweep,OUTPUT,archived,,374B,2026-09-29 04:51,Exploratory DE work from before the pre-registration. Deliberately not read by any current analysis. Kept for provenance only.
_archive_exploratory_DE/runs/threshold_sweep/effect_by_expression_bin.csv,_archive_exploratory_DE/runs/threshold_sweep,OUTPUT,archived,,452B,2026-09-29 04:51,Exploratory DE work from before the pre-registration. Deliberately not read by any current analysis. Kept for provenance only.
_archive_exploratory_DE/runs/threshold_sweep/extremes.csv,_archive_exploratory_DE/runs/threshold_sweep,OUTPUT,archived,,449B,2026-09-29 04:51,Exploratory DE work from before the pre-registration. Deliberately not read by any current analysis. Kept for provenance only.
_archive_exploratory_DE/runs/threshold_sweep/fold_change_summary.csv,_archive_exploratory_DE/runs/threshold_sweep,OUTPUT,archived,,383B,2026-09-29 04:51,Exploratory DE work from before the pre-registration. Deliberately not read by any current analysis. Kept for provenance only.
_archive_exploratory_DE/runs/threshold_sweep/grid_fdr_x_lfc.csv,_archive_exploratory_DE/runs/threshold_sweep,OUTPUT,archived,,1.4K,2026-09-29 04:51,Exploratory DE work from before the pre-registration. Deliberately not read by any current analysis. Kept for provenance only.
_archive_exploratory_DE/runs/threshold_sweep/logfc_distribution.csv,_archive_exploratory_DE/runs/threshold_sweep,OUTPUT,archived,,560B,2026-09-29 04:51,Exploratory DE work from before the pre-registration. Deliberately not read by any current analysis. Kept for provenance only.
_archive_exploratory_DE/runs/threshold_sweep/objects.rds,_archive_exploratory_DE/runs/threshold_sweep,OUTPUT,archived,,1.3M,2026-09-29 05:09,Exploratory DE work from before the pre-registration. Deliberately not read by any current analysis. Kept for provenance only.
_archive_exploratory_DE/runs/threshold_sweep/observed_vs_null.csv,_archive_exploratory_DE/runs/threshold_sweep,OUTPUT,archived,,966B,2026-09-29 05:09,Exploratory DE work from before the pre-registration. Deliberately not read by any current analysis. Kept for provenance only.
_archive_exploratory_DE/runs/threshold_sweep/permutation_null_raw.csv,_archive_exploratory_DE/runs/threshold_sweep,OUTPUT,archived,,30.0K,2026-09-29 05:09,Exploratory DE work from before the pre-registration. Deliberately not read by any current analysis. Kept for provenance only.
_archive_exploratory_DE/runs/threshold_sweep/precision_vs_magnitude.csv,_archive_exploratory_DE/runs/threshold_sweep,OUTPUT,archived,,516B,2026-09-29 04:51,Exploratory DE work from before the pre-registration. Deliberately not read by any current analysis. Kept for provenance only.
_archive_exploratory_DE/runs/threshold_sweep/summary.csv,_archive_exploratory_DE/runs/threshold_sweep,OUTPUT,archived,,1.7K,2026-09-29 05:09,Exploratory DE work from before the pre-registration. Deliberately not read by any current analysis. Kept for provenance only.
_archive_exploratory_DE/runs/threshold_sweep/treat_grid.csv,_archive_exploratory_DE/runs/threshold_sweep,OUTPUT,archived,,281B,2026-09-29 04:52,Exploratory DE work from before the pre-registration. Deliberately not read by any current analysis. Kept for provenance only.
_archive_exploratory_DE/runs/threshold_sweep/treat_vs_naive.csv,_archive_exploratory_DE/runs/threshold_sweep,OUTPUT,archived,,331B,2026-09-29 04:52,Exploratory DE work from before the pre-registration. Deliberately not read by any current analysis. Kept for provenance only.
_archive_exploratory_DE/runs/threshold_sweep/yardstick_sex_vs_lithium.csv,_archive_exploratory_DE/runs/threshold_sweep,OUTPUT,archived,,239B,2026-09-29 04:51,Exploratory DE work from before the pre-registration. Deliberately not read by any current analysis. Kept for provenance only.
_archive_exploratory_DE/runs_cellcomp_log.txt,_archive_exploratory_DE,OUTPUT,archived,,8.1K,2026-09-29 05:16,Exploratory DE work from before the pre-registration. Deliberately not read by any current analysis. Kept for provenance only.
_archive_exploratory_DE/runs_cellcomp_mediator_log.txt,_archive_exploratory_DE,OUTPUT,archived,,4.1K,2026-09-29 04:49,Exploratory DE work from before the pre-registration. Deliberately not read by any current analysis. Kept for provenance only.
_archive_exploratory_DE/runs_cellcomp_power_log.txt,_archive_exploratory_DE,OUTPUT,archived,,1.6K,2026-09-29 04:43,Exploratory DE work from before the pre-registration. Deliberately not read by any current analysis. Kept for provenance only.
_archive_exploratory_DE/runs_cellcomp_spike2_log.txt,_archive_exploratory_DE,OUTPUT,archived,,1.6K,2026-09-29 04:55,Exploratory DE work from before the pre-registration. Deliberately not read by any current analysis. Kept for provenance only.
_archive_exploratory_DE/runs_cellcomp_spike3_log.txt,_archive_exploratory_DE,OUTPUT,archived,,1.5K,2026-09-29 05:08,Exploratory DE work from before the pre-registration. Deliberately not read by any current analysis. Kept for provenance only.
_archive_exploratory_DE/scripts/00_prep.R,_archive_exploratory_DE/scripts,OUTPUT,archived,,8.3K,2026-09-29 04:20,Exploratory DE work from before the pre-registration. Deliberately not read by any current analysis. Kept for provenance only.
_archive_exploratory_DE/scripts/90_signature_overlap.R,_archive_exploratory_DE/scripts,OUTPUT,archived,,6.6K,2026-09-29 04:25,Exploratory DE work from before the pre-registration. Deliberately not read by any current analysis. Kept for provenance only.
_archive_exploratory_DE/scripts/91_power_matched.R,_archive_exploratory_DE/scripts,OUTPUT,archived,,4.9K,2026-09-29 04:29,Exploratory DE work from before the pre-registration. Deliberately not read by any current analysis. Kept for provenance only.
_archive_exploratory_DE/scripts/92_is_it_just_composition.R,_archive_exploratory_DE/scripts,OUTPUT,archived,,6.7K,2026-09-29 04:32,Exploratory DE work from before the pre-registration. Deliberately not read by any current analysis. Kept for provenance only.
_archive_exploratory_DE/scripts/93_annotate.R,_archive_exploratory_DE/scripts,OUTPUT,archived,,4.1K,2026-09-29 04:35,Exploratory DE work from before the pre-registration. Deliberately not read by any current analysis. Kept for provenance only.
_archive_exploratory_DE/scripts/94_hidden_celltypes.R,_archive_exploratory_DE/scripts,OUTPUT,archived,,5.4K,2026-09-29 04:39,Exploratory DE work from before the pre-registration. Deliberately not read by any current analysis. Kept for provenance only.
_archive_exploratory_DE/scripts/95_eos_abundance_vs_induction.R,_archive_exploratory_DE/scripts,OUTPUT,archived,,5.6K,2026-09-29 04:40,Exploratory DE work from before the pre-registration. Deliberately not read by any current analysis. Kept for provenance only.
_archive_exploratory_DE/scripts/96_krebs_replication.R,_archive_exploratory_DE/scripts,OUTPUT,archived,,7.7K,2026-09-29 04:43,Exploratory DE work from before the pre-registration. Deliberately not read by any current analysis. Kept for provenance only.
_archive_exploratory_DE/scripts/97_composition_by_group.R,_archive_exploratory_DE/scripts,OUTPUT,archived,,4.7K,2026-09-29 04:51,Exploratory DE work from before the pre-registration. Deliberately not read by any current analysis. Kept for provenance only.
_archive_exploratory_DE/scripts/98_interaction_surrogate.R,_archive_exploratory_DE/scripts,OUTPUT,archived,,5.8K,2026-09-29 08:23,Exploratory DE work from before the pre-registration. Deliberately not read by any current analysis. Kept for provenance only.
_archive_exploratory_DE/scripts/99_robustness.R,_archive_exploratory_DE/scripts,OUTPUT,archived,,7.9K,2026-09-29 08:25,Exploratory DE work from before the pre-registration. Deliberately not read by any current analysis. Kept for provenance only.
_archive_exploratory_DE/scripts/VERIFY_agent_claims.R,_archive_exploratory_DE/scripts,OUTPUT,archived,,10.0K,2026-09-29 16:38,Exploratory DE work from before the pre-registration. Deliberately not read by any current analysis. Kept for provenance only.
_archive_exploratory_DE/scripts/VERIFY_compos_diagnosis.R,_archive_exploratory_DE/scripts,OUTPUT,archived,,2.8K,2026-09-29 19:02,Exploratory DE work from before the pre-registration. Deliberately not read by any current analysis. Kept for provenance only.
_archive_exploratory_DE/scripts/baseline.R,_archive_exploratory_DE/scripts,OUTPUT,archived,,16.4K,2026-09-29 05:16,Exploratory DE work from before the pre-registration. Deliberately not read by any current analysis. Kept for provenance only.
_archive_exploratory_DE/scripts/baseline_bp2.R,_archive_exploratory_DE/scripts,OUTPUT,archived,,9.6K,2026-09-29 05:09,Exploratory DE work from before the pre-registration. Deliberately not read by any current analysis. Kept for provenance only.
_archive_exploratory_DE/scripts/baseline_confound.R,_archive_exploratory_DE/scripts,OUTPUT,archived,,8.0K,2026-09-29 05:08,Exploratory DE work from before the pre-registration. Deliberately not read by any current analysis. Kept for provenance only.
_archive_exploratory_DE/scripts/baseline_gap.R,_archive_exploratory_DE/scripts,OUTPUT,archived,,8.6K,2026-09-29 04:54,Exploratory DE work from before the pre-registration. Deliberately not read by any current analysis. Kept for provenance only.
_archive_exploratory_DE/scripts/baseline_relabel.R,_archive_exploratory_DE/scripts,OUTPUT,archived,,6.2K,2026-09-29 05:14,Exploratory DE work from before the pre-registration. Deliberately not read by any current analysis. Kept for provenance only.
_archive_exploratory_DE/scripts/cellcomp.R,_archive_exploratory_DE/scripts,OUTPUT,archived,,17.5K,2026-09-29 04:27,Exploratory DE work from before the pre-registration. Deliberately not read by any current analysis. Kept for provenance only.
_archive_exploratory_DE/scripts/cellcomp_annot.R,_archive_exploratory_DE/scripts,OUTPUT,archived,,12.5K,2026-09-29 05:04,Exploratory DE work from before the pre-registration. Deliberately not read by any current analysis. Kept for provenance only.
_archive_exploratory_DE/scripts/cellcomp_mediator.R,_archive_exploratory_DE/scripts,OUTPUT,archived,,6.4K,2026-09-29 04:49,Exploratory DE work from before the pre-registration. Deliberately not read by any current analysis. Kept for provenance only.
_archive_exploratory_DE/scripts/cellcomp_nonlinear.R,_archive_exploratory_DE/scripts,OUTPUT,archived,,4.3K,2026-09-29 04:58,Exploratory DE work from before the pre-registration. Deliberately not read by any current analysis. Kept for provenance only.
_archive_exploratory_DE/scripts/cellcomp_power.R,_archive_exploratory_DE/scripts,OUTPUT,archived,,10.3K,2026-09-29 04:40,Exploratory DE work from before the pre-registration. Deliberately not read by any current analysis. Kept for provenance only.
_archive_exploratory_DE/scripts/cellcomp_spike2.R,_archive_exploratory_DE/scripts,OUTPUT,archived,,5.5K,2026-09-29 04:44,Exploratory DE work from before the pre-registration. Deliberately not read by any current analysis. Kept for provenance only.
_archive_exploratory_DE/scripts/cellcomp_spike3.R,_archive_exploratory_DE/scripts,OUTPUT,archived,,6.3K,2026-09-29 04:52,Exploratory DE work from before the pre-registration. Deliberately not read by any current analysis. Kept for provenance only.
_archive_exploratory_DE/scripts/common.R,_archive_exploratory_DE/scripts,OUTPUT,archived,,6.8K,2026-09-29 04:21,Exploratory DE work from before the pre-registration. Deliberately not read by any current analysis. Kept for provenance only.
_archive_exploratory_DE/scripts/filter_sweep.R,_archive_exploratory_DE/scripts,OUTPUT,archived,,14.6K,2026-09-29 05:15,Exploratory DE work from before the pre-registration. Deliberately not read by any current analysis. Kept for provenance only.
_archive_exploratory_DE/scripts/filter_sweep_NOTES.md,_archive_exploratory_DE/scripts,OUTPUT,archived,,14.0K,2026-09-29 05:13,Exploratory DE work from before the pre-registration. Deliberately not read by any current analysis. Kept for provenance only.
_archive_exploratory_DE/scripts/filter_sweep_deep.R,_archive_exploratory_DE/scripts,OUTPUT,archived,,11.8K,2026-09-29 04:49,Exploratory DE work from before the pre-registration. Deliberately not read by any current analysis. Kept for provenance only.
_archive_exploratory_DE/scripts/filter_sweep_null.R,_archive_exploratory_DE/scripts,OUTPUT,archived,,6.7K,2026-09-29 05:16,Exploratory DE work from before the pre-registration. Deliberately not read by any current analysis. Kept for provenance only.
_archive_exploratory_DE/scripts/filter_sweep_report.R,_archive_exploratory_DE/scripts,OUTPUT,archived,,9.1K,2026-09-29 05:08,Exploratory DE work from before the pre-registration. Deliberately not read by any current analysis. Kept for provenance only.
_archive_exploratory_DE/scripts/filter_sweep_xcheck.R,_archive_exploratory_DE/scripts,OUTPUT,archived,,5.4K,2026-09-29 04:41,Exploratory DE work from before the pre-registration. Deliberately not read by any current analysis. Kept for provenance only.
_archive_exploratory_DE/scripts/method_sweep.R,_archive_exploratory_DE/scripts,OUTPUT,archived,,20.3K,2026-09-29 04:33,Exploratory DE work from before the pre-registration. Deliberately not read by any current analysis. Kept for provenance only.
_archive_exploratory_DE/scripts/method_sweep_extra.R,_archive_exploratory_DE/scripts,OUTPUT,archived,,13.8K,2026-09-29 04:57,Exploratory DE work from before the pre-registration. Deliberately not read by any current analysis. Kept for provenance only.
_archive_exploratory_DE/scripts/method_sweep_null.R,_archive_exploratory_DE/scripts,OUTPUT,archived,,10.1K,2026-09-29 04:53,Exploratory DE work from before the pre-registration. Deliberately not read by any current analysis. Kept for provenance only.
_archive_exploratory_DE/scripts/method_sweep_report.R,_archive_exploratory_DE/scripts,OUTPUT,archived,,6.3K,2026-09-29 05:16,Exploratory DE work from before the pre-registration. Deliberately not read by any current analysis. Kept for provenance only.
_archive_exploratory_DE/scripts/method_sweep_timing.R,_archive_exploratory_DE/scripts,OUTPUT,archived,,3.8K,2026-09-29 05:08,Exploratory DE work from before the pre-registration. Deliberately not read by any current analysis. Kept for provenance only.
_archive_exploratory_DE/scripts/norm_sweep.R,_archive_exploratory_DE/scripts,OUTPUT,archived,,17.7K,2026-09-29 04:27,Exploratory DE work from before the pre-registration. Deliberately not read by any current analysis. Kept for provenance only.
_archive_exploratory_DE/scripts/norm_sweep_addendum.R,_archive_exploratory_DE/scripts,OUTPUT,archived,,7.2K,2026-09-29 05:08,Exploratory DE work from before the pre-registration. Deliberately not read by any current analysis. Kept for provenance only.
_archive_exploratory_DE/scripts/norm_sweep_circularity.R,_archive_exploratory_DE/scripts,OUTPUT,archived,,10.2K,2026-09-29 04:52,Exploratory DE work from before the pre-registration. Deliberately not read by any current analysis. Kept for provenance only.
_archive_exploratory_DE/scripts/norm_sweep_figs.R,_archive_exploratory_DE/scripts,OUTPUT,archived,,5.2K,2026-09-29 04:54,Exploratory DE work from before the pre-registration. Deliberately not read by any current analysis. Kept for provenance only.
_archive_exploratory_DE/scripts/norm_sweep_followup.R,_archive_exploratory_DE/scripts,OUTPUT,archived,,15.6K,2026-09-29 04:34,Exploratory DE work from before the pre-registration. Deliberately not read by any current analysis. Kept for provenance only.
_archive_exploratory_DE/scripts/norm_sweep_perm.R,_archive_exploratory_DE/scripts,OUTPUT,archived,,4.1K,2026-09-29 04:32,Exploratory DE work from before the pre-registration. Deliberately not read by any current analysis. Kept for provenance only.
_archive_exploratory_DE/scripts/norm_sweep_robust.R,_archive_exploratory_DE/scripts,OUTPUT,archived,,6.3K,2026-09-29 05:04,Exploratory DE work from before the pre-registration. Deliberately not read by any current analysis. Kept for provenance only.
_archive_exploratory_DE/scripts/ref_krebs.R,_archive_exploratory_DE/scripts,OUTPUT,archived,,5.5K,2026-09-29 04:37,Exploratory DE work from before the pre-registration. Deliberately not read by any current analysis. Kept for provenance only.
_archive_exploratory_DE/scripts/threshold_sweep.R,_archive_exploratory_DE/scripts,OUTPUT,archived,,17.0K,2026-09-29 04:27,Exploratory DE work from before the pre-registration. Deliberately not read by any current analysis. Kept for provenance only.
_archive_exploratory_DE/scripts/threshold_sweep_dig.R,_archive_exploratory_DE/scripts,OUTPUT,archived,,12.7K,2026-09-29 05:07,Exploratory DE work from before the pre-registration. Deliberately not read by any current analysis. Kept for provenance only.
cibersortx/data/gencode.v19.annotation.gtf.gz,cibersortx/data,RAW,raw,,36.2M,2026-09-28 21:40,GENCODE v19 annotation. Pins the project to Ensembl 74 / GRCh37. Source of gene lengths and symbols.
cibersortx/data/gene_mapping_report.txt,cibersortx/data,DOC,current,,272B,2026-09-28 21:45,"How many Ensembl IDs mapped to HGNC symbols, and what was lost."
cibersortx/data/mixture_TPM_hgnc_480.txt,cibersortx/data,OUTPUT,current,,49.0M,2026-09-28 21:45,"Files prepared for the CIBERSORTx portal, plus the GENCODE annotation used to map IDs to symbols."
cibersortx/data/mixture_TPM_hgnc_analysis_431.txt,cibersortx/data,OUTPUT,current,,43.9M,2026-09-28 21:46,"Files prepared for the CIBERSORTx portal, plus the GENCODE annotation used to map IDs to symbols."
cibersortx/data/qc_screen.csv,cibersortx/data,OUTPUT,current,,24.6K,2026-09-28 21:45,"Files prepared for the CIBERSORTx portal, plus the GENCODE annotation used to map IDs to symbols."
cibersortx/make_mixture.py,cibersortx,OUTPUT,current,,10.0K,2026-09-28 21:44,"Files prepared for the CIBERSORTx portal, plus the GENCODE annotation used to map IDs to symbols."
cibersortx/subset_mixture.py,cibersortx,OUTPUT,current,,3.2K,2026-09-28 21:46,"Files prepared for the CIBERSORTx portal, plus the GENCODE annotation used to map IDs to symbols."
data/analysis_matrices/ILR_coordinates.csv,data/analysis_matrices,OUTPUT,current,,21.6K,2026-10-05 00:23,Cohort construction: the 480-sample deposit reduced to the 474 used everywhere.
data/analysis_matrices/TMM_normalisation_factors.csv,data/analysis_matrices,OUTPUT,current,,17.7K,2026-10-05 00:23,Cohort construction: the 480-sample deposit reduced to the 474 used everywhere.
data/analysis_matrices/contrast_membership.csv,data/analysis_matrices,OUTPUT,current,,10.0K,2026-10-05 00:23,Cohort construction: the 480-sample deposit reduced to the 474 used everywhere.
data/analysis_matrices/counts_filtered_12368x474.part1.csv,data/analysis_matrices,OUTPUT,current,,11.0M,2026-10-05 00:23,Cohort construction: the 480-sample deposit reduced to the 474 used everywhere.
data/analysis_matrices/counts_filtered_12368x474.part2.csv,data/analysis_matrices,OUTPUT,current,,10.3M,2026-10-05 00:23,Cohort construction: the 480-sample deposit reduced to the 474 used everywhere.
data/analysis_matrices/covariates_474.csv,data/analysis_matrices,OUTPUT,current,,42.8K,2026-10-05 00:23,Cohort construction: the 480-sample deposit reduced to the 474 used everywhere.
data/analysis_matrices/fractions_5lineages.csv,data/analysis_matrices,OUTPUT,current,,25.7K,2026-10-05 00:23,Cohort construction: the 480-sample deposit reduced to the 474 used everywhere.
data/analysis_matrices/fractions_5lineages_zeroreplaced.csv,data/analysis_matrices,OUTPUT,current,,25.7K,2026-10-05 00:23,Cohort construction: the 480-sample deposit reduced to the 474 used everywhere.
data/analysis_matrices/fractions_LM22_22types.csv,data/analysis_matrices,OUTPUT,current,,63.7K,2026-10-05 00:23,Cohort construction: the 480-sample deposit reduced to the 474 used everywhere.
data/analysis_matrices/gene_lengths_union_exons.csv,data/analysis_matrices,OUTPUT,current,,290.2K,2026-10-05 00:23,Cohort construction: the 480-sample deposit reduced to the 474 used everywhere.
data/analysis_matrices/log2TPM_12368x474.part1.csv,data/analysis_matrices,OUTPUT,current,,12.9M,2026-10-05 00:23,Cohort construction: the 480-sample deposit reduced to the 474 used everywhere.
data/analysis_matrices/log2TPM_12368x474.part2.csv,data/analysis_matrices,OUTPUT,current,,12.9M,2026-10-05 00:23,Cohort construction: the 480-sample deposit reduced to the 474 used everywhere.
data/analysis_matrices/log2TPM_12368x474.part3.csv,data/analysis_matrices,OUTPUT,current,,12.9M,2026-10-05 00:23,Cohort construction: the 480-sample deposit reduced to the 474 used everywhere.
data/analysis_matrices/tobacco_20_imputations.csv,data/analysis_matrices,OUTPUT,current,,23.9K,2026-10-05 00:23,Cohort construction: the 480-sample deposit reduced to the 474 used everywhere.
data/build_cohort.py,data,CODE,current,,14.4K,2026-09-28 22:37,Cohort-building scripts. See TO REBUILD in DIRECTORY.txt for the order.
data/cohort_474/CIBERSORTX.md,data/cohort_474,DOC,current,,11.2K,2026-09-28 22:50,"Exact portal settings used, and why each was chosen."
data/cohort_474/CIBERSORTX_HIRES.md,data/cohort_474,DOC,current,,21.1K,2026-10-03 03:58,"Step-by-step instructions for CIBERSORTx Module 3 high-resolution mode: per-sample per-gene per-cell-type expression without single-cell data. Includes the exact portal settings, the Docker fallback, and what the adaptive noise filter does."
data/cohort_474/README.md,data/cohort_474,DOC,current,,5.3K,2026-09-28 22:51,How cohort_474 was built and which file to use for what.
data/cohort_474/counts_474.tsv.gz,data/cohort_474,OUTPUT,current,data/build_cohort.py,15.4M,2026-09-28 22:38,"Raw integer counts, 57,820 genes x 474 samples. The input to every gene-level analysis."
data/cohort_474/excluded_samples.csv,data/cohort_474,DOC,current,data/build_cohort.py,708B,2026-09-28 22:38,"The 6 samples dropped from 480 and why: 4 Krebs mix-ups, 2 with severe missingness."
data/cohort_474/fractions_bmode_474_CIBERSORTx.csv,data/cohort_474,OUTPUT,current,,135.1K,2026-09-29 03:52,CIBERSORTx B-mode output: 22 LM22 cell-type fractions per sample. Downloaded from the portal.
data/cohort_474/gene_subset_12k_474.txt,data/cohort_474,OUTPUT,current,,84.9K,2026-10-03 03:57,"All 12,363 analysis genes as HGNC symbols. Exceeds the 1,000-gene web portal cap -- Docker only."
data/cohort_474/gene_subset_12k_474_hdr.txt,data/cohort_474,OUTPUT,current,,84.9K,2026-10-03 03:57,"Gene subset files with a GeneSymbol header line, for testing whether CIBERSORTx expects a header. See CIBERSORTX_HIRES.md section 9."
data/cohort_474/gene_subset_LItop1000_474.txt,data/cohort_474,OUTPUT,current,,6.8K,2026-10-03 03:57,"1,000 strongest whole-blood lithium genes as HGNC symbols. Fits the portal cap; asks which lineage carries the known effect."
data/cohort_474/gene_subset_LItop1000_474_hdr.txt,data/cohort_474,OUTPUT,current,,6.8K,2026-10-03 03:57,"Gene subset files with a GeneSymbol header line, for testing whether CIBERSORTx expects a header. See CIBERSORTX_HIRES.md section 9."
data/cohort_474/gene_subset_pilot500_474.txt,data/cohort_474,OUTPUT,current,,3.4K,2026-10-03 03:57,"500-gene CIBERSORTx subset, 50 per expression decile. Dry run for the high-resolution job."
data/cohort_474/gene_subset_pilot500_474_hdr.txt,data/cohort_474,OUTPUT,current,,3.4K,2026-10-03 03:57,"Gene subset files with a GeneSymbol header line, for testing whether CIBERSORTx expects a header. See CIBERSORTX_HIRES.md section 9."
data/cohort_474/metadata_474.csv,data/cohort_474,OUTPUT,current,data/build_cohort.py,162.9K,2026-09-28 22:38,Covariates before tobacco imputation. Superseded for analysis by the _imputed version.
data/cohort_474/metadata_474_imputed.csv,data/cohort_474,OUTPUT,current,data/impute_tobacco.py,193.8K,2026-09-28 22:15,"474 x 65 covariates including the 20 imputed tobacco columns. Use this, not metadata_474.csv."
data/cohort_474/mixture_TPM_hgnc_474.txt,data/cohort_474,OUTPUT,current,data/make_mixture_full.py,46.7M,2026-09-28 22:39,Smaller TPM matrix kept as a fallback; the full one is what was uploaded.
data/cohort_474/mixture_TPM_hgnc_full_474.txt,data/cohort_474,OUTPUT,current,data/make_mixture_full.py,102.0M,2026-09-28 22:45,"107 MB TPM matrix, HGNC symbols, columns summing to 1e6. This is the CIBERSORTx upload file."
data/cohort_474/mixture_full_474.sha256,data/cohort_474,OUTPUT,current,,97B,2026-09-28 22:49,"Checksum of the upload file, so a re-download can be verified."
data/cohort_474/sample_list.txt,data/cohort_474,OUTPUT,current,data/build_cohort.py,4.2K,2026-09-28 22:38,The 474 sample IDs in canonical order. Use to normalise any other file.
data/impute_tobacco.py,data,CODE,current,,12.2K,2026-09-28 22:08,Cohort-building scripts. See TO REBUILD in DIRECTORY.txt for the order.
data/imputed_tobacco/imputed_subjects.csv,data/imputed_tobacco,OUTPUT,current,data/impute_tobacco.py,749B,2026-09-28 22:15,Multiple imputation of the 30 missing tobacco values: 20 completed datasets plus diagnostics.
data/imputed_tobacco/imputed_subjects_delta+0.912.csv,data/imputed_tobacco,OUTPUT,current,data/impute_tobacco.py,754B,2026-09-28 22:15,Multiple imputation of the 30 missing tobacco values: 20 completed datasets plus diagnostics.
data/imputed_tobacco/pooled_estimates.csv,data/imputed_tobacco,OUTPUT,current,data/impute_tobacco.py,518B,2026-09-28 22:15,Multiple imputation of the 30 missing tobacco values: 20 completed datasets plus diagnostics.
data/imputed_tobacco/pooled_estimates_delta+0.912.csv,data/imputed_tobacco,OUTPUT,current,data/impute_tobacco.py,521B,2026-09-28 22:15,Multiple imputation of the 30 missing tobacco values: 20 completed datasets plus diagnostics.
data/imputed_tobacco/tobacco_imputations.csv,data/imputed_tobacco,OUTPUT,current,data/impute_tobacco.py,41.3K,2026-09-28 22:15,Multiple imputation of the 30 missing tobacco values: 20 completed datasets plus diagnostics.
data/imputed_tobacco/tobacco_imputations_delta+0.912.csv,data/imputed_tobacco,OUTPUT,current,data/impute_tobacco.py,41.3K,2026-09-28 22:15,Multiple imputation of the 30 missing tobacco values: 20 completed datasets plus diagnostics.
data/make_mixture_full.py,data,CODE,current,,5.3K,2026-09-28 22:43,Cohort-building scripts. See TO REBUILD in DIRECTORY.txt for the order.
data/raw_as_deposited/CHECKSUMS.sha256,data/raw_as_deposited,RAW,raw,,193B,2026-09-28 21:14,GEO GSE124326 exactly as downloaded. Never edited. The only irreplaceable thing here.
data/raw_as_deposited/GSE124326_count_matrix.txt.gz,data/raw_as_deposited,RAW,raw,,16.0M,2026-09-28 21:14,GEO GSE124326 exactly as downloaded. Never edited. The only irreplaceable thing here.
data/raw_as_deposited/GSE124326_series_matrix.txt.gz,data/raw_as_deposited,RAW,raw,,77.6K,2026-09-28 21:14,GEO GSE124326 exactly as downloaded. Never edited. The only irreplaceable thing here.
data/raw_as_deposited/README.md,data/raw_as_deposited,RAW,raw,,2.8K,2026-09-28 21:16,GEO GSE124326 exactly as downloaded. Never edited. The only irreplaceable thing here.
de_analysis/.gitignore,de_analysis,OUTPUT,superseded,,31B,2026-09-30 22:05,"v1: the pre-registered band-based analysis. Superseded by de_v2/ for results, but keep it -- config.yaml is the timestamped pre-registration."
de_analysis/METHODS.md,de_analysis,DOC,current,,28.9K,2026-10-01 07:03,"v1 decision log, 21 sections. Still the reference for anything v2 reuses: gene filter, lineage choice, bMIND defects, detection floors."
de_analysis/_superseded/02_bmind.R,de_analysis/_superseded,OUTPUT,superseded,,5.5K,2026-09-30 22:26,"Output of bmind_de(), abandoned after two verified defects: a p-value floor that makes significance impossible, and silently discarded covariates."
de_analysis/_superseded/05_celltype_de.R,de_analysis/_superseded,OUTPUT,superseded,,6.4K,2026-10-01 02:29,"Output of bmind_de(), abandoned after two verified defects: a p-value floor that makes significance impossible, and silently discarded covariates."
de_analysis/_superseded/DO_NOT_USE.md,de_analysis/_superseded,DOC,superseded,,1.6K,2026-10-01 07:03,"Why nothing in that folder may be cited, and what replaced each file."
de_analysis/_superseded/bmind_BPD_ilr.rds,de_analysis/_superseded,OUTPUT,superseded,,151.9K,2026-10-01 02:34,"Output of bmind_de(), abandoned after two verified defects: a p-value floor that makes significance impossible, and silently discarded covariates."
de_analysis/_superseded/bmind_BPD_raw.rds,de_analysis/_superseded,OUTPUT,superseded,,151.9K,2026-10-01 02:34,"Output of bmind_de(), abandoned after two verified defects: a p-value floor that makes significance impossible, and silently discarded covariates."
de_analysis/_superseded/bmind_LI_ilr.rds,de_analysis/_superseded,OUTPUT,superseded,,152.7K,2026-10-01 02:33,"Output of bmind_de(), abandoned after two verified defects: a p-value floor that makes significance impossible, and silently discarded covariates."
de_analysis/_superseded/bmind_run.log,de_analysis/_superseded,OUTPUT,superseded,,9.9K,2026-10-01 02:34,"Output of bmind_de(), abandoned after two verified defects: a p-value floor that makes significance impossible, and silently discarded covariates."
de_analysis/_superseded/celltype_decisions.csv,de_analysis/_superseded,OUTPUT,superseded,,76B,2026-10-01 02:30,"Output of bmind_de(), abandoned after two verified defects: a p-value floor that makes significance impossible, and silently discarded covariates."
de_analysis/_superseded/celltype_per_lineage.csv,de_analysis/_superseded,OUTPUT,superseded,,881B,2026-10-01 02:30,"Output of bmind_de(), abandoned after two verified defects: a p-value floor that makes significance impossible, and silently discarded covariates."
de_analysis/_superseded/celltype_pooled.csv,de_analysis/_superseded,OUTPUT,superseded,,131B,2026-10-01 02:30,"Output of bmind_de(), abandoned after two verified defects: a p-value floor that makes significance impossible, and silently discarded covariates."
de_analysis/_superseded/celltype_pvalues.rds,de_analysis/_superseded,OUTPUT,superseded,,462.1K,2026-10-01 02:30,"Output of bmind_de(), abandoned after two verified defects: a p-value floor that makes significance impossible, and silently discarded covariates."
de_analysis/config.yaml,de_analysis,DOC,current,,12.1K,2026-09-30 22:05,"THE PRE-REGISTRATION. Hypotheses, bands and decision rules committed 2026-09-30 before any analysis ran. Historical record; v2 deliberately drops the bands."
de_analysis/data/ens2sym.tsv,de_analysis/data,CACHE,current,built from GENCODE v19,1.4M,2026-10-01 05:34,"Ensembl ID to gene symbol map, 57,820 rows."
de_analysis/data/gene_lengths.rds,de_analysis/data,CACHE,current,01_prep.R,72.5K,2026-09-30 22:20,"Union-of-exons length per gene, for TPM."
de_analysis/data/prep.rds,de_analysis/data,CACHE,current,01_prep.R,71.1M,2026-09-30 22:21,"Filtered counts, log-TPM, covariates, lineage fractions, ILR balances. INPUT TO V2."
de_analysis/results/CT_BPD_ilr_B_toptable.csv,de_analysis/results,OUTPUT,superseded,de_analysis/scripts/,1.5M,2026-10-01 05:56,v1 results. Superseded by de_v2/results/ except the two cached objects below.
de_analysis/results/CT_BPD_ilr_NK_toptable.csv,de_analysis/results,OUTPUT,superseded,de_analysis/scripts/,1.5M,2026-10-01 05:56,v1 results. Superseded by de_v2/results/ except the two cached objects below.
de_analysis/results/CT_BPD_ilr_T_toptable.csv,de_analysis/results,OUTPUT,superseded,de_analysis/scripts/,1.5M,2026-10-01 05:56,v1 results. Superseded by de_v2/results/ except the two cached objects below.
de_analysis/results/CT_BPD_ilr_gran_toptable.csv,de_analysis/results,OUTPUT,superseded,de_analysis/scripts/,1.5M,2026-10-01 05:56,v1 results. Superseded by de_v2/results/ except the two cached objects below.
de_analysis/results/CT_BPD_ilr_mono_toptable.csv,de_analysis/results,OUTPUT,superseded,de_analysis/scripts/,1.5M,2026-10-01 05:56,v1 results. Superseded by de_v2/results/ except the two cached objects below.
de_analysis/results/CT_BPD_raw_B_toptable.csv,de_analysis/results,OUTPUT,superseded,de_analysis/scripts/,1.5M,2026-10-01 05:56,v1 results. Superseded by de_v2/results/ except the two cached objects below.
de_analysis/results/CT_BPD_raw_NK_toptable.csv,de_analysis/results,OUTPUT,superseded,de_analysis/scripts/,1.5M,2026-10-01 05:56,v1 results. Superseded by de_v2/results/ except the two cached objects below.
de_analysis/results/CT_BPD_raw_T_toptable.csv,de_analysis/results,OUTPUT,superseded,de_analysis/scripts/,1.5M,2026-10-01 05:56,v1 results. Superseded by de_v2/results/ except the two cached objects below.
de_analysis/results/CT_BPD_raw_gran_toptable.csv,de_analysis/results,OUTPUT,superseded,de_analysis/scripts/,1.5M,2026-10-01 05:55,v1 results. Superseded by de_v2/results/ except the two cached objects below.
de_analysis/results/CT_BPD_raw_mono_toptable.csv,de_analysis/results,OUTPUT,superseded,de_analysis/scripts/,1.5M,2026-10-01 05:55,v1 results. Superseded by de_v2/results/ except the two cached objects below.
de_analysis/results/CT_LI_ilr_B_toptable.csv,de_analysis/results,OUTPUT,superseded,de_analysis/scripts/,1.5M,2026-10-01 05:55,v1 results. Superseded by de_v2/results/ except the two cached objects below.
de_analysis/results/CT_LI_ilr_NK_toptable.csv,de_analysis/results,OUTPUT,superseded,de_analysis/scripts/,1.5M,2026-10-01 05:55,v1 results. Superseded by de_v2/results/ except the two cached objects below.
de_analysis/results/CT_LI_ilr_T_toptable.csv,de_analysis/results,OUTPUT,superseded,de_analysis/scripts/,1.5M,2026-10-01 05:55,v1 results. Superseded by de_v2/results/ except the two cached objects below.
de_analysis/results/CT_LI_ilr_gran_toptable.csv,de_analysis/results,OUTPUT,superseded,de_analysis/scripts/,1.5M,2026-10-01 05:55,v1 results. Superseded by de_v2/results/ except the two cached objects below.
de_analysis/results/CT_LI_ilr_mono_toptable.csv,de_analysis/results,OUTPUT,superseded,de_analysis/scripts/,1.5M,2026-10-01 05:55,v1 results. Superseded by de_v2/results/ except the two cached objects below.
de_analysis/results/CT_LI_raw_B_toptable.csv,de_analysis/results,OUTPUT,superseded,de_analysis/scripts/,1.5M,2026-10-01 05:54,v1 results. Superseded by de_v2/results/ except the two cached objects below.
de_analysis/results/CT_LI_raw_NK_toptable.csv,de_analysis/results,OUTPUT,superseded,de_analysis/scripts/,1.5M,2026-10-01 05:54,v1 results. Superseded by de_v2/results/ except the two cached objects below.
de_analysis/results/CT_LI_raw_T_toptable.csv,de_analysis/results,OUTPUT,superseded,de_analysis/scripts/,1.5M,2026-10-01 05:54,v1 results. Superseded by de_v2/results/ except the two cached objects below.
de_analysis/results/CT_LI_raw_gran_toptable.csv,de_analysis/results,OUTPUT,superseded,de_analysis/scripts/,1.5M,2026-10-01 05:54,v1 results. Superseded by de_v2/results/ except the two cached objects below.
de_analysis/results/CT_LI_raw_mono_toptable.csv,de_analysis/results,OUTPUT,superseded,de_analysis/scripts/,1.5M,2026-10-01 05:54,v1 results. Superseded by de_v2/results/ except the two cached objects below.
de_analysis/results/WB_BPD_ilr_toptable.csv,de_analysis/results,OUTPUT,superseded,de_analysis/scripts/,1.5M,2026-09-30 22:31,v1 results. Superseded by de_v2/results/ except the two cached objects below.
de_analysis/results/WB_BPD_raw_toptable.csv,de_analysis/results,OUTPUT,superseded,de_analysis/scripts/,1.5M,2026-09-30 22:30,v1 results. Superseded by de_v2/results/ except the two cached objects below.
de_analysis/results/WB_LI_ilr_toptable.csv,de_analysis/results,OUTPUT,superseded,de_analysis/scripts/,1.5M,2026-09-30 22:30,v1 results. Superseded by de_v2/results/ except the two cached objects below.
de_analysis/results/WB_LI_raw_toptable.csv,de_analysis/results,OUTPUT,superseded,de_analysis/scripts/,1.5M,2026-09-30 22:30,v1 results. Superseded by de_v2/results/ except the two cached objects below.
de_analysis/results/bmind_BPD_ilr/chunk_001.rds,de_analysis/results/bmind_BPD_ilr,OUTPUT,superseded,,42.3K,2026-09-30 23:05,Chunk output of the abandoned bmind_de pipeline. See _superseded/DO_NOT_USE.md.
de_analysis/results/bmind_BPD_ilr/chunk_002.rds,de_analysis/results/bmind_BPD_ilr,OUTPUT,superseded,,42.4K,2026-09-30 23:05,Chunk output of the abandoned bmind_de pipeline. See _superseded/DO_NOT_USE.md.
de_analysis/results/bmind_BPD_ilr/chunk_003.rds,de_analysis/results/bmind_BPD_ilr,OUTPUT,superseded,,42.3K,2026-09-30 23:06,Chunk output of the abandoned bmind_de pipeline. See _superseded/DO_NOT_USE.md.
de_analysis/results/bmind_BPD_ilr/chunk_004.rds,de_analysis/results/bmind_BPD_ilr,OUTPUT,superseded,,42.1K,2026-09-30 23:06,Chunk output of the abandoned bmind_de pipeline. See _superseded/DO_NOT_USE.md.
de_analysis/results/bmind_BPD_ilr/chunk_005.rds,de_analysis/results/bmind_BPD_ilr,OUTPUT,superseded,,41.3K,2026-09-30 23:07,Chunk output of the abandoned bmind_de pipeline. See _superseded/DO_NOT_USE.md.
de_analysis/results/bmind_BPD_ilr/chunk_006.rds,de_analysis/results/bmind_BPD_ilr,OUTPUT,superseded,,42.0K,2026-09-30 23:08,Chunk output of the abandoned bmind_de pipeline. See _superseded/DO_NOT_USE.md.
de_analysis/results/bmind_BPD_ilr/chunk_007.rds,de_analysis/results/bmind_BPD_ilr,OUTPUT,superseded,,41.4K,2026-09-30 23:08,Chunk output of the abandoned bmind_de pipeline. See _superseded/DO_NOT_USE.md.
de_analysis/results/bmind_BPD_ilr/chunk_008.rds,de_analysis/results/bmind_BPD_ilr,OUTPUT,superseded,,42.2K,2026-09-30 23:09,Chunk output of the abandoned bmind_de pipeline. See _superseded/DO_NOT_USE.md.
de_analysis/results/bmind_BPD_ilr/chunk_009.rds,de_analysis/results/bmind_BPD_ilr,OUTPUT,superseded,,42.3K,2026-09-30 23:10,Chunk output of the abandoned bmind_de pipeline. See _superseded/DO_NOT_USE.md.
de_analysis/results/bmind_BPD_ilr/chunk_010.rds,de_analysis/results/bmind_BPD_ilr,OUTPUT,superseded,,42.0K,2026-09-30 23:10,Chunk output of the abandoned bmind_de pipeline. See _superseded/DO_NOT_USE.md.
de_analysis/results/bmind_BPD_ilr/chunk_011.rds,de_analysis/results/bmind_BPD_ilr,OUTPUT,superseded,,42.1K,2026-09-30 23:11,Chunk output of the abandoned bmind_de pipeline. See _superseded/DO_NOT_USE.md.
de_analysis/results/bmind_BPD_ilr/chunk_012.rds,de_analysis/results/bmind_BPD_ilr,OUTPUT,superseded,,42.0K,2026-09-30 23:12,Chunk output of the abandoned bmind_de pipeline. See _superseded/DO_NOT_USE.md.
de_analysis/results/bmind_BPD_ilr/chunk_013.rds,de_analysis/results/bmind_BPD_ilr,OUTPUT,superseded,,42.3K,2026-09-30 23:13,Chunk output of the abandoned bmind_de pipeline. See _superseded/DO_NOT_USE.md.
de_analysis/results/bmind_BPD_ilr/chunk_014.rds,de_analysis/results/bmind_BPD_ilr,OUTPUT,superseded,,42.1K,2026-09-30 23:13,Chunk output of the abandoned bmind_de pipeline. See _superseded/DO_NOT_USE.md.
de_analysis/results/bmind_BPD_ilr/chunk_015.rds,de_analysis/results/bmind_BPD_ilr,OUTPUT,superseded,,42.3K,2026-09-30 23:14,Chunk output of the abandoned bmind_de pipeline. See _superseded/DO_NOT_USE.md.
de_analysis/results/bmind_BPD_ilr/chunk_016.rds,de_analysis/results/bmind_BPD_ilr,OUTPUT,superseded,,42.3K,2026-09-30 23:15,Chunk output of the abandoned bmind_de pipeline. See _superseded/DO_NOT_USE.md.
de_analysis/results/bmind_BPD_ilr/chunk_017.rds,de_analysis/results/bmind_BPD_ilr,OUTPUT,superseded,,41.5K,2026-09-30 23:16,Chunk output of the abandoned bmind_de pipeline. See _superseded/DO_NOT_USE.md.
de_analysis/results/bmind_BPD_ilr/chunk_018.rds,de_analysis/results/bmind_BPD_ilr,OUTPUT,superseded,,41.8K,2026-09-30 23:16,Chunk output of the abandoned bmind_de pipeline. See _superseded/DO_NOT_USE.md.
de_analysis/results/bmind_BPD_ilr/chunk_019.rds,de_analysis/results/bmind_BPD_ilr,OUTPUT,superseded,,42.7K,2026-09-30 23:17,Chunk output of the abandoned bmind_de pipeline. See _superseded/DO_NOT_USE.md.
de_analysis/results/bmind_BPD_ilr/chunk_020.rds,de_analysis/results/bmind_BPD_ilr,OUTPUT,superseded,,41.7K,2026-09-30 23:18,Chunk output of the abandoned bmind_de pipeline. See _superseded/DO_NOT_USE.md.
de_analysis/results/bmind_BPD_ilr/chunk_021.rds,de_analysis/results/bmind_BPD_ilr,OUTPUT,superseded,,42.1K,2026-09-30 23:19,Chunk output of the abandoned bmind_de pipeline. See _superseded/DO_NOT_USE.md.
de_analysis/results/bmind_BPD_ilr/chunk_022.rds,de_analysis/results/bmind_BPD_ilr,OUTPUT,superseded,,42.5K,2026-09-30 23:19,Chunk output of the abandoned bmind_de pipeline. See _superseded/DO_NOT_USE.md.
de_analysis/results/bmind_BPD_ilr/chunk_023.rds,de_analysis/results/bmind_BPD_ilr,OUTPUT,superseded,,42.4K,2026-09-30 23:20,Chunk output of the abandoned bmind_de pipeline. See _superseded/DO_NOT_USE.md.
de_analysis/results/bmind_BPD_ilr/chunk_024.rds,de_analysis/results/bmind_BPD_ilr,OUTPUT,superseded,,41.5K,2026-10-01 01:49,Chunk output of the abandoned bmind_de pipeline. See _superseded/DO_NOT_USE.md.
de_analysis/results/bmind_BPD_ilr/chunk_025.rds,de_analysis/results/bmind_BPD_ilr,OUTPUT,superseded,,42.8K,2026-10-01 01:50,Chunk output of the abandoned bmind_de pipeline. See _superseded/DO_NOT_USE.md.
de_analysis/results/bmind_BPD_ilr/chunk_026.rds,de_analysis/results/bmind_BPD_ilr,OUTPUT,superseded,,42.7K,2026-10-01 01:51,Chunk output of the abandoned bmind_de pipeline. See _superseded/DO_NOT_USE.md.
de_analysis/results/bmind_BPD_ilr/chunk_027.rds,de_analysis/results/bmind_BPD_ilr,OUTPUT,superseded,,42.0K,2026-10-01 01:52,Chunk output of the abandoned bmind_de pipeline. See _superseded/DO_NOT_USE.md.
de_analysis/results/bmind_BPD_ilr/chunk_028.rds,de_analysis/results/bmind_BPD_ilr,OUTPUT,superseded,,42.2K,2026-10-01 01:53,Chunk output of the abandoned bmind_de pipeline. See _superseded/DO_NOT_USE.md.
de_analysis/results/bmind_BPD_ilr/chunk_029.rds,de_analysis/results/bmind_BPD_ilr,OUTPUT,superseded,,42.2K,2026-10-01 01:53,Chunk output of the abandoned bmind_de pipeline. See _superseded/DO_NOT_USE.md.
de_analysis/results/bmind_BPD_ilr/chunk_030.rds,de_analysis/results/bmind_BPD_ilr,OUTPUT,superseded,,42.6K,2026-10-01 01:54,Chunk output of the abandoned bmind_de pipeline. See _superseded/DO_NOT_USE.md.
de_analysis/results/bmind_BPD_ilr/chunk_031.rds,de_analysis/results/bmind_BPD_ilr,OUTPUT,superseded,,38.7K,2026-10-01 01:55,Chunk output of the abandoned bmind_de pipeline. See _superseded/DO_NOT_USE.md.
de_analysis/results/bmind_BPD_raw/chunk_001.rds,de_analysis/results/bmind_BPD_raw,OUTPUT,superseded,,42.3K,2026-09-30 22:46,Chunk output of the abandoned bmind_de pipeline. See _superseded/DO_NOT_USE.md.
de_analysis/results/bmind_BPD_raw/chunk_002.rds,de_analysis/results/bmind_BPD_raw,OUTPUT,superseded,,42.4K,2026-09-30 22:46,Chunk output of the abandoned bmind_de pipeline. See _superseded/DO_NOT_USE.md.
de_analysis/results/bmind_BPD_raw/chunk_003.rds,de_analysis/results/bmind_BPD_raw,OUTPUT,superseded,,42.3K,2026-09-30 22:47,Chunk output of the abandoned bmind_de pipeline. See _superseded/DO_NOT_USE.md.
de_analysis/results/bmind_BPD_raw/chunk_004.rds,de_analysis/results/bmind_BPD_raw,OUTPUT,superseded,,42.1K,2026-09-30 22:47,Chunk output of the abandoned bmind_de pipeline. See _superseded/DO_NOT_USE.md.
de_analysis/results/bmind_BPD_raw/chunk_005.rds,de_analysis/results/bmind_BPD_raw,OUTPUT,superseded,,41.3K,2026-09-30 22:48,Chunk output of the abandoned bmind_de pipeline. See _superseded/DO_NOT_USE.md.
de_analysis/results/bmind_BPD_raw/chunk_006.rds,de_analysis/results/bmind_BPD_raw,OUTPUT,superseded,,42.0K,2026-09-30 22:48,Chunk output of the abandoned bmind_de pipeline. See _superseded/DO_NOT_USE.md.
de_analysis/results/bmind_BPD_raw/chunk_007.rds,de_analysis/results/bmind_BPD_raw,OUTPUT,superseded,,41.4K,2026-09-30 22:48,Chunk output of the abandoned bmind_de pipeline. See _superseded/DO_NOT_USE.md.
de_analysis/results/bmind_BPD_raw/chunk_008.rds,de_analysis/results/bmind_BPD_raw,OUTPUT,superseded,,42.2K,2026-09-30 22:49,Chunk output of the abandoned bmind_de pipeline. See _superseded/DO_NOT_USE.md.
de_analysis/results/bmind_BPD_raw/chunk_009.rds,de_analysis/results/bmind_BPD_raw,OUTPUT,superseded,,42.3K,2026-09-30 22:49,Chunk output of the abandoned bmind_de pipeline. See _superseded/DO_NOT_USE.md.
de_analysis/results/bmind_BPD_raw/chunk_010.rds,de_analysis/results/bmind_BPD_raw,OUTPUT,superseded,,42.0K,2026-09-30 22:50,Chunk output of the abandoned bmind_de pipeline. See _superseded/DO_NOT_USE.md.
de_analysis/results/bmind_BPD_raw/chunk_011.rds,de_analysis/results/bmind_BPD_raw,OUTPUT,superseded,,42.1K,2026-09-30 22:50,Chunk output of the abandoned bmind_de pipeline. See _superseded/DO_NOT_USE.md.
de_analysis/results/bmind_BPD_raw/chunk_012.rds,de_analysis/results/bmind_BPD_raw,OUTPUT,superseded,,42.0K,2026-09-30 22:51,Chunk output of the abandoned bmind_de pipeline. See _superseded/DO_NOT_USE.md.
de_analysis/results/bmind_BPD_raw/chunk_013.rds,de_analysis/results/bmind_BPD_raw,OUTPUT,superseded,,42.3K,2026-09-30 22:51,Chunk output of the abandoned bmind_de pipeline. See _superseded/DO_NOT_USE.md.
de_analysis/results/bmind_BPD_raw/chunk_014.rds,de_analysis/results/bmind_BPD_raw,OUTPUT,superseded,,42.1K,2026-09-30 22:51,Chunk output of the abandoned bmind_de pipeline. See _superseded/DO_NOT_USE.md.
de_analysis/results/bmind_BPD_raw/chunk_015.rds,de_analysis/results/bmind_BPD_raw,OUTPUT,superseded,,42.3K,2026-09-30 22:52,Chunk output of the abandoned bmind_de pipeline. See _superseded/DO_NOT_USE.md.
de_analysis/results/bmind_BPD_raw/chunk_016.rds,de_analysis/results/bmind_BPD_raw,OUTPUT,superseded,,42.3K,2026-09-30 22:52,Chunk output of the abandoned bmind_de pipeline. See _superseded/DO_NOT_USE.md.
de_analysis/results/bmind_BPD_raw/chunk_017.rds,de_analysis/results/bmind_BPD_raw,OUTPUT,superseded,,41.5K,2026-09-30 22:53,Chunk output of the abandoned bmind_de pipeline. See _superseded/DO_NOT_USE.md.
de_analysis/results/bmind_BPD_raw/chunk_018.rds,de_analysis/results/bmind_BPD_raw,OUTPUT,superseded,,41.8K,2026-09-30 22:54,Chunk output of the abandoned bmind_de pipeline. See _superseded/DO_NOT_USE.md.
de_analysis/results/bmind_BPD_raw/chunk_019.rds,de_analysis/results/bmind_BPD_raw,OUTPUT,superseded,,42.7K,2026-09-30 22:55,Chunk output of the abandoned bmind_de pipeline. See _superseded/DO_NOT_USE.md.
de_analysis/results/bmind_BPD_raw/chunk_020.rds,de_analysis/results/bmind_BPD_raw,OUTPUT,superseded,,41.7K,2026-09-30 22:55,Chunk output of the abandoned bmind_de pipeline. See _superseded/DO_NOT_USE.md.
de_analysis/results/bmind_BPD_raw/chunk_021.rds,de_analysis/results/bmind_BPD_raw,OUTPUT,superseded,,42.1K,2026-09-30 22:56,Chunk output of the abandoned bmind_de pipeline. See _superseded/DO_NOT_USE.md.
de_analysis/results/bmind_BPD_raw/chunk_022.rds,de_analysis/results/bmind_BPD_raw,OUTPUT,superseded,,42.5K,2026-09-30 22:57,Chunk output of the abandoned bmind_de pipeline. See _superseded/DO_NOT_USE.md.
de_analysis/results/bmind_BPD_raw/chunk_023.rds,de_analysis/results/bmind_BPD_raw,OUTPUT,superseded,,42.4K,2026-09-30 22:58,Chunk output of the abandoned bmind_de pipeline. See _superseded/DO_NOT_USE.md.
de_analysis/results/bmind_BPD_raw/chunk_024.rds,de_analysis/results/bmind_BPD_raw,OUTPUT,superseded,,41.5K,2026-09-30 22:59,Chunk output of the abandoned bmind_de pipeline. See _superseded/DO_NOT_USE.md.
de_analysis/results/bmind_BPD_raw/chunk_025.rds,de_analysis/results/bmind_BPD_raw,OUTPUT,superseded,,42.8K,2026-09-30 23:02,Chunk output of the abandoned bmind_de pipeline. See _superseded/DO_NOT_USE.md.
de_analysis/results/bmind_BPD_raw/chunk_026.rds,de_analysis/results/bmind_BPD_raw,OUTPUT,superseded,,42.7K,2026-09-30 23:02,Chunk output of the abandoned bmind_de pipeline. See _superseded/DO_NOT_USE.md.
de_analysis/results/bmind_BPD_raw/chunk_027.rds,de_analysis/results/bmind_BPD_raw,OUTPUT,superseded,,42.0K,2026-09-30 23:03,Chunk output of the abandoned bmind_de pipeline. See _superseded/DO_NOT_USE.md.
de_analysis/results/bmind_BPD_raw/chunk_028.rds,de_analysis/results/bmind_BPD_raw,OUTPUT,superseded,,42.2K,2026-09-30 23:03,Chunk output of the abandoned bmind_de pipeline. See _superseded/DO_NOT_USE.md.
de_analysis/results/bmind_BPD_raw/chunk_029.rds,de_analysis/results/bmind_BPD_raw,OUTPUT,superseded,,42.2K,2026-09-30 23:03,Chunk output of the abandoned bmind_de pipeline. See _superseded/DO_NOT_USE.md.
de_analysis/results/bmind_BPD_raw/chunk_030.rds,de_analysis/results/bmind_BPD_raw,OUTPUT,superseded,,42.6K,2026-09-30 23:04,Chunk output of the abandoned bmind_de pipeline. See _superseded/DO_NOT_USE.md.
de_analysis/results/bmind_BPD_raw/chunk_031.rds,de_analysis/results/bmind_BPD_raw,OUTPUT,superseded,,38.7K,2026-09-30 23:04,Chunk output of the abandoned bmind_de pipeline. See _superseded/DO_NOT_USE.md.
de_analysis/results/bmind_LI_ilr/chunk_001.rds,de_analysis/results/bmind_LI_ilr,OUTPUT,superseded,,40.5K,2026-09-30 22:28,Chunk output of the abandoned bmind_de pipeline. See _superseded/DO_NOT_USE.md.
de_analysis/results/bmind_LI_ilr/chunk_002.rds,de_analysis/results/bmind_LI_ilr,OUTPUT,superseded,,40.4K,2026-09-30 22:29,Chunk output of the abandoned bmind_de pipeline. See _superseded/DO_NOT_USE.md.
de_analysis/results/bmind_LI_ilr/chunk_003.rds,de_analysis/results/bmind_LI_ilr,OUTPUT,superseded,,40.2K,2026-09-30 22:29,Chunk output of the abandoned bmind_de pipeline. See _superseded/DO_NOT_USE.md.
de_analysis/results/bmind_LI_ilr/chunk_004.rds,de_analysis/results/bmind_LI_ilr,OUTPUT,superseded,,40.0K,2026-09-30 22:30,Chunk output of the abandoned bmind_de pipeline. See _superseded/DO_NOT_USE.md.
de_analysis/results/bmind_LI_ilr/chunk_005.rds,de_analysis/results/bmind_LI_ilr,OUTPUT,superseded,,40.0K,2026-09-30 22:30,Chunk output of the abandoned bmind_de pipeline. See _superseded/DO_NOT_USE.md.
de_analysis/results/bmind_LI_ilr/chunk_006.rds,de_analysis/results/bmind_LI_ilr,OUTPUT,superseded,,40.1K,2026-09-30 22:30,Chunk output of the abandoned bmind_de pipeline. See _superseded/DO_NOT_USE.md.
de_analysis/results/bmind_LI_ilr/chunk_007.rds,de_analysis/results/bmind_LI_ilr,OUTPUT,superseded,,40.1K,2026-09-30 22:31,Chunk output of the abandoned bmind_de pipeline. See _superseded/DO_NOT_USE.md.
de_analysis/results/bmind_LI_ilr/chunk_008.rds,de_analysis/results/bmind_LI_ilr,OUTPUT,superseded,,40.0K,2026-09-30 22:31,Chunk output of the abandoned bmind_de pipeline. See _superseded/DO_NOT_USE.md.
de_analysis/results/bmind_LI_ilr/chunk_009.rds,de_analysis/results/bmind_LI_ilr,OUTPUT,superseded,,39.8K,2026-09-30 22:32,Chunk output of the abandoned bmind_de pipeline. See _superseded/DO_NOT_USE.md.
de_analysis/results/bmind_LI_ilr/chunk_010.rds,de_analysis/results/bmind_LI_ilr,OUTPUT,superseded,,39.9K,2026-09-30 22:32,Chunk output of the abandoned bmind_de pipeline. See _superseded/DO_NOT_USE.md.
de_analysis/results/bmind_LI_ilr/chunk_011.rds,de_analysis/results/bmind_LI_ilr,OUTPUT,superseded,,40.0K,2026-09-30 22:32,Chunk output of the abandoned bmind_de pipeline. See _superseded/DO_NOT_USE.md.
de_analysis/results/bmind_LI_ilr/chunk_012.rds,de_analysis/results/bmind_LI_ilr,OUTPUT,superseded,,39.9K,2026-09-30 22:33,Chunk output of the abandoned bmind_de pipeline. See _superseded/DO_NOT_USE.md.
de_analysis/results/bmind_LI_ilr/chunk_013.rds,de_analysis/results/bmind_LI_ilr,OUTPUT,superseded,,40.0K,2026-09-30 22:34,Chunk output of the abandoned bmind_de pipeline. See _superseded/DO_NOT_USE.md.
de_analysis/results/bmind_LI_ilr/chunk_014.rds,de_analysis/results/bmind_LI_ilr,OUTPUT,superseded,,40.1K,2026-09-30 22:34,Chunk output of the abandoned bmind_de pipeline. See _superseded/DO_NOT_USE.md.
de_analysis/results/bmind_LI_ilr/chunk_015.rds,de_analysis/results/bmind_LI_ilr,OUTPUT,superseded,,39.9K,2026-09-30 22:35,Chunk output of the abandoned bmind_de pipeline. See _superseded/DO_NOT_USE.md.
de_analysis/results/bmind_LI_ilr/chunk_016.rds,de_analysis/results/bmind_LI_ilr,OUTPUT,superseded,,40.1K,2026-09-30 22:35,Chunk output of the abandoned bmind_de pipeline. See _superseded/DO_NOT_USE.md.
de_analysis/results/bmind_LI_ilr/chunk_017.rds,de_analysis/results/bmind_LI_ilr,OUTPUT,superseded,,40.2K,2026-09-30 22:36,Chunk output of the abandoned bmind_de pipeline. See _superseded/DO_NOT_USE.md.
de_analysis/results/bmind_LI_ilr/chunk_018.rds,de_analysis/results/bmind_LI_ilr,OUTPUT,superseded,,39.8K,2026-09-30 22:37,Chunk output of the abandoned bmind_de pipeline. See _superseded/DO_NOT_USE.md.
de_analysis/results/bmind_LI_ilr/chunk_019.rds,de_analysis/results/bmind_LI_ilr,OUTPUT,superseded,,40.0K,2026-09-30 22:37,Chunk output of the abandoned bmind_de pipeline. See _superseded/DO_NOT_USE.md.
de_analysis/results/bmind_LI_ilr/chunk_020.rds,de_analysis/results/bmind_LI_ilr,OUTPUT,superseded,,39.9K,2026-09-30 22:38,Chunk output of the abandoned bmind_de pipeline. See _superseded/DO_NOT_USE.md.
de_analysis/results/bmind_LI_ilr/chunk_021.rds,de_analysis/results/bmind_LI_ilr,OUTPUT,superseded,,39.9K,2026-09-30 22:38,Chunk output of the abandoned bmind_de pipeline. See _superseded/DO_NOT_USE.md.
de_analysis/results/bmind_LI_ilr/chunk_022.rds,de_analysis/results/bmind_LI_ilr,OUTPUT,superseded,,39.9K,2026-09-30 22:39,Chunk output of the abandoned bmind_de pipeline. See _superseded/DO_NOT_USE.md.
de_analysis/results/bmind_LI_ilr/chunk_023.rds,de_analysis/results/bmind_LI_ilr,OUTPUT,superseded,,40.2K,2026-09-30 22:40,Chunk output of the abandoned bmind_de pipeline. See _superseded/DO_NOT_USE.md.
de_analysis/results/bmind_LI_ilr/chunk_024.rds,de_analysis/results/bmind_LI_ilr,OUTPUT,superseded,,40.0K,2026-09-30 22:40,Chunk output of the abandoned bmind_de pipeline. See _superseded/DO_NOT_USE.md.
de_analysis/results/bmind_LI_ilr/chunk_025.rds,de_analysis/results/bmind_LI_ilr,OUTPUT,superseded,,40.0K,2026-09-30 22:41,Chunk output of the abandoned bmind_de pipeline. See _superseded/DO_NOT_USE.md.
de_analysis/results/bmind_LI_ilr/chunk_026.rds,de_analysis/results/bmind_LI_ilr,OUTPUT,superseded,,40.1K,2026-09-30 22:42,Chunk output of the abandoned bmind_de pipeline. See _superseded/DO_NOT_USE.md.
de_analysis/results/bmind_LI_ilr/chunk_027.rds,de_analysis/results/bmind_LI_ilr,OUTPUT,superseded,,40.5K,2026-09-30 22:42,Chunk output of the abandoned bmind_de pipeline. See _superseded/DO_NOT_USE.md.
de_analysis/results/bmind_LI_ilr/chunk_028.rds,de_analysis/results/bmind_LI_ilr,OUTPUT,superseded,,40.4K,2026-09-30 22:43,Chunk output of the abandoned bmind_de pipeline. See _superseded/DO_NOT_USE.md.
de_analysis/results/bmind_LI_ilr/chunk_029.rds,de_analysis/results/bmind_LI_ilr,OUTPUT,superseded,,40.4K,2026-09-30 22:44,Chunk output of the abandoned bmind_de pipeline. See _superseded/DO_NOT_USE.md.
de_analysis/results/bmind_LI_ilr/chunk_030.rds,de_analysis/results/bmind_LI_ilr,OUTPUT,superseded,,40.6K,2026-09-30 22:44,Chunk output of the abandoned bmind_de pipeline. See _superseded/DO_NOT_USE.md.
de_analysis/results/bmind_LI_ilr/chunk_031.rds,de_analysis/results/bmind_LI_ilr,OUTPUT,superseded,,37.3K,2026-09-30 22:45,Chunk output of the abandoned bmind_de pipeline. See _superseded/DO_NOT_USE.md.
de_analysis/results/bmind_LI_raw/chunk_001.rds,de_analysis/results/bmind_LI_raw,OUTPUT,superseded,,40.5K,2026-09-30 22:26,Chunk output of the abandoned bmind_de pipeline. See _superseded/DO_NOT_USE.md.
de_analysis/results/bmind_LI_raw/chunk_002.rds,de_analysis/results/bmind_LI_raw,OUTPUT,superseded,,40.4K,2026-09-30 22:26,Chunk output of the abandoned bmind_de pipeline. See _superseded/DO_NOT_USE.md.
de_analysis/results/bmind_LI_raw/chunk_003.rds,de_analysis/results/bmind_LI_raw,OUTPUT,superseded,,40.2K,2026-09-30 22:27,Chunk output of the abandoned bmind_de pipeline. See _superseded/DO_NOT_USE.md.
de_analysis/results/bmind_LI_raw/chunk_004.rds,de_analysis/results/bmind_LI_raw,OUTPUT,superseded,,40.0K,2026-09-30 22:27,Chunk output of the abandoned bmind_de pipeline. See _superseded/DO_NOT_USE.md.
de_analysis/results/bmind_LI_raw/chunk_005.rds,de_analysis/results/bmind_LI_raw,OUTPUT,superseded,,40.0K,2026-09-30 22:27,Chunk output of the abandoned bmind_de pipeline. See _superseded/DO_NOT_USE.md.
de_analysis/results/bmind_LI_raw/chunk_006.rds,de_analysis/results/bmind_LI_raw,OUTPUT,superseded,,40.1K,2026-09-30 22:28,Chunk output of the abandoned bmind_de pipeline. See _superseded/DO_NOT_USE.md.
de_analysis/results/bmind_LI_raw/chunk_007.rds,de_analysis/results/bmind_LI_raw,OUTPUT,superseded,,40.1K,2026-10-01 02:27,Chunk output of the abandoned bmind_de pipeline. See _superseded/DO_NOT_USE.md.
de_analysis/results/bmind_LI_raw/chunk_008.rds,de_analysis/results/bmind_LI_raw,OUTPUT,superseded,,40.0K,2026-10-01 02:27,Chunk output of the abandoned bmind_de pipeline. See _superseded/DO_NOT_USE.md.
de_analysis/results/bmind_LI_raw/chunk_009.rds,de_analysis/results/bmind_LI_raw,OUTPUT,superseded,,39.8K,2026-10-01 02:27,Chunk output of the abandoned bmind_de pipeline. See _superseded/DO_NOT_USE.md.
de_analysis/results/bmind_LI_raw/chunk_010.rds,de_analysis/results/bmind_LI_raw,OUTPUT,superseded,,39.9K,2026-10-01 02:28,Chunk output of the abandoned bmind_de pipeline. See _superseded/DO_NOT_USE.md.
de_analysis/results/bmind_LI_raw/chunk_011.rds,de_analysis/results/bmind_LI_raw,OUTPUT,superseded,,40.0K,2026-10-01 02:28,Chunk output of the abandoned bmind_de pipeline. See _superseded/DO_NOT_USE.md.
de_analysis/results/bmind_LI_raw/chunk_012.rds,de_analysis/results/bmind_LI_raw,OUTPUT,superseded,,39.9K,2026-10-01 02:29,Chunk output of the abandoned bmind_de pipeline. See _superseded/DO_NOT_USE.md.
de_analysis/results/bmind_LI_raw/chunk_013.rds,de_analysis/results/bmind_LI_raw,OUTPUT,superseded,,40.0K,2026-10-01 02:29,Chunk output of the abandoned bmind_de pipeline. See _superseded/DO_NOT_USE.md.
de_analysis/results/bmind_LI_raw/chunk_014.rds,de_analysis/results/bmind_LI_raw,OUTPUT,superseded,,40.1K,2026-10-01 02:29,Chunk output of the abandoned bmind_de pipeline. See _superseded/DO_NOT_USE.md.
de_analysis/results/bmind_LI_raw/chunk_015.rds,de_analysis/results/bmind_LI_raw,OUTPUT,superseded,,39.9K,2026-10-01 02:30,Chunk output of the abandoned bmind_de pipeline. See _superseded/DO_NOT_USE.md.
de_analysis/results/bmind_LI_raw/chunk_016.rds,de_analysis/results/bmind_LI_raw,OUTPUT,superseded,,40.1K,2026-10-01 02:30,Chunk output of the abandoned bmind_de pipeline. See _superseded/DO_NOT_USE.md.
de_analysis/results/bmind_LI_raw/chunk_017.rds,de_analysis/results/bmind_LI_raw,OUTPUT,superseded,,40.2K,2026-10-01 02:31,Chunk output of the abandoned bmind_de pipeline. See _superseded/DO_NOT_USE.md.
de_analysis/results/bmind_LI_raw/chunk_018.rds,de_analysis/results/bmind_LI_raw,OUTPUT,superseded,,39.8K,2026-10-01 02:31,Chunk output of the abandoned bmind_de pipeline. See _superseded/DO_NOT_USE.md.
de_analysis/results/bmind_LI_raw/chunk_019.rds,de_analysis/results/bmind_LI_raw,OUTPUT,superseded,,40.0K,2026-10-01 02:31,Chunk output of the abandoned bmind_de pipeline. See _superseded/DO_NOT_USE.md.
de_analysis/results/bmind_LI_raw/chunk_020.rds,de_analysis/results/bmind_LI_raw,OUTPUT,superseded,,39.9K,2026-10-01 02:32,Chunk output of the abandoned bmind_de pipeline. See _superseded/DO_NOT_USE.md.
de_analysis/results/bmind_LI_raw/chunk_021.rds,de_analysis/results/bmind_LI_raw,OUTPUT,superseded,,39.9K,2026-10-01 02:33,Chunk output of the abandoned bmind_de pipeline. See _superseded/DO_NOT_USE.md.
de_analysis/results/bmind_LI_raw/chunk_022.rds,de_analysis/results/bmind_LI_raw,OUTPUT,superseded,,39.9K,2026-10-01 02:33,Chunk output of the abandoned bmind_de pipeline. See _superseded/DO_NOT_USE.md.
de_analysis/results/bmind_clip_by_chunk.csv,de_analysis/results,OUTPUT,superseded,de_analysis/scripts/,1.6K,2026-10-01 05:53,v1 results. Superseded by de_v2/results/ except the two cached objects below.
de_analysis/results/bmind_clip_by_lineage.csv,de_analysis/results,OUTPUT,superseded,de_analysis/scripts/,243B,2026-10-01 05:53,v1 results. Superseded by de_v2/results/ except the two cached objects below.
de_analysis/results/bmind_profiles.log,de_analysis/results,OUTPUT,superseded,de_analysis/scripts/,1.8K,2026-10-01 05:42,v1 results. Superseded by de_v2/results/ except the two cached objects below.
de_analysis/results/bmind_profiles.rds,de_analysis/results,CACHE,current,06_bmind_profiles.R,420.5M,2026-10-01 05:42,"441 MB. Cell-type expression estimates, 12,368 genes x 5 lineages x 474 samples. 3.1 hours of compute. INPUT TO V2."
de_analysis/results/bmind_profiles/chunk_001.rds,de_analysis/results/bmind_profiles,CACHE,current,06_bmind_profiles.R,13.6M,2026-10-01 02:40,The 400-gene chunks bmind_profiles.rds was assembled from. Only the clip diagnostic needs them; safe to delete if disk is short.
de_analysis/results/bmind_profiles/chunk_002.rds,de_analysis/results/bmind_profiles,CACHE,current,06_bmind_profiles.R,13.6M,2026-10-01 02:45,The 400-gene chunks bmind_profiles.rds was assembled from. Only the clip diagnostic needs them; safe to delete if disk is short.
de_analysis/results/bmind_profiles/chunk_003.rds,de_analysis/results/bmind_profiles,CACHE,current,06_bmind_profiles.R,13.6M,2026-10-01 02:51,The 400-gene chunks bmind_profiles.rds was assembled from. Only the clip diagnostic needs them; safe to delete if disk is short.
de_analysis/results/bmind_profiles/chunk_004.rds,de_analysis/results/bmind_profiles,CACHE,current,06_bmind_profiles.R,13.6M,2026-10-01 02:56,The 400-gene chunks bmind_profiles.rds was assembled from. Only the clip diagnostic needs them; safe to delete if disk is short.
de_analysis/results/bmind_profiles/chunk_005.rds,de_analysis/results/bmind_profiles,CACHE,current,06_bmind_profiles.R,13.6M,2026-10-01 03:01,The 400-gene chunks bmind_profiles.rds was assembled from. Only the clip diagnostic needs them; safe to delete if disk is short.
de_analysis/results/bmind_profiles/chunk_006.rds,de_analysis/results/bmind_profiles,CACHE,current,06_bmind_profiles.R,13.6M,2026-10-01 03:06,The 400-gene chunks bmind_profiles.rds was assembled from. Only the clip diagnostic needs them; safe to delete if disk is short.
de_analysis/results/bmind_profiles/chunk_007.rds,de_analysis/results/bmind_profiles,CACHE,current,06_bmind_profiles.R,13.6M,2026-10-01 03:11,The 400-gene chunks bmind_profiles.rds was assembled from. Only the clip diagnostic needs them; safe to delete if disk is short.
de_analysis/results/bmind_profiles/chunk_008.rds,de_analysis/results/bmind_profiles,CACHE,current,06_bmind_profiles.R,13.6M,2026-10-01 03:16,The 400-gene chunks bmind_profiles.rds was assembled from. Only the clip diagnostic needs them; safe to delete if disk is short.
de_analysis/results/bmind_profiles/chunk_009.rds,de_analysis/results/bmind_profiles,CACHE,current,06_bmind_profiles.R,13.6M,2026-10-01 03:24,The 400-gene chunks bmind_profiles.rds was assembled from. Only the clip diagnostic needs them; safe to delete if disk is short.
de_analysis/results/bmind_profiles/chunk_010.rds,de_analysis/results/bmind_profiles,CACHE,current,06_bmind_profiles.R,13.6M,2026-10-01 03:31,The 400-gene chunks bmind_profiles.rds was assembled from. Only the clip diagnostic needs them; safe to delete if disk is short.
de_analysis/results/bmind_profiles/chunk_011.rds,de_analysis/results/bmind_profiles,CACHE,current,06_bmind_profiles.R,13.6M,2026-10-01 03:37,The 400-gene chunks bmind_profiles.rds was assembled from. Only the clip diagnostic needs them; safe to delete if disk is short.
de_analysis/results/bmind_profiles/chunk_012.rds,de_analysis/results/bmind_profiles,CACHE,current,06_bmind_profiles.R,13.6M,2026-10-01 03:43,The 400-gene chunks bmind_profiles.rds was assembled from. Only the clip diagnostic needs them; safe to delete if disk is short.
de_analysis/results/bmind_profiles/chunk_013.rds,de_analysis/results/bmind_profiles,CACHE,current,06_bmind_profiles.R,13.6M,2026-10-01 03:49,The 400-gene chunks bmind_profiles.rds was assembled from. Only the clip diagnostic needs them; safe to delete if disk is short.
de_analysis/results/bmind_profiles/chunk_014.rds,de_analysis/results/bmind_profiles,CACHE,current,06_bmind_profiles.R,13.6M,2026-10-01 03:55,The 400-gene chunks bmind_profiles.rds was assembled from. Only the clip diagnostic needs them; safe to delete if disk is short.
de_analysis/results/bmind_profiles/chunk_015.rds,de_analysis/results/bmind_profiles,CACHE,current,06_bmind_profiles.R,13.6M,2026-10-01 04:01,The 400-gene chunks bmind_profiles.rds was assembled from. Only the clip diagnostic needs them; safe to delete if disk is short.
de_analysis/results/bmind_profiles/chunk_016.rds,de_analysis/results/bmind_profiles,CACHE,current,06_bmind_profiles.R,13.6M,2026-10-01 04:06,The 400-gene chunks bmind_profiles.rds was assembled from. Only the clip diagnostic needs them; safe to delete if disk is short.
de_analysis/results/bmind_profiles/chunk_017.rds,de_analysis/results/bmind_profiles,CACHE,current,06_bmind_profiles.R,13.6M,2026-10-01 04:12,The 400-gene chunks bmind_profiles.rds was assembled from. Only the clip diagnostic needs them; safe to delete if disk is short.
de_analysis/results/bmind_profiles/chunk_018.rds,de_analysis/results/bmind_profiles,CACHE,current,06_bmind_profiles.R,13.6M,2026-10-01 04:17,The 400-gene chunks bmind_profiles.rds was assembled from. Only the clip diagnostic needs them; safe to delete if disk is short.
de_analysis/results/bmind_profiles/chunk_019.rds,de_analysis/results/bmind_profiles,CACHE,current,06_bmind_profiles.R,13.6M,2026-10-01 04:23,The 400-gene chunks bmind_profiles.rds was assembled from. Only the clip diagnostic needs them; safe to delete if disk is short.
de_analysis/results/bmind_profiles/chunk_020.rds,de_analysis/results/bmind_profiles,CACHE,current,06_bmind_profiles.R,13.6M,2026-10-01 04:29,The 400-gene chunks bmind_profiles.rds was assembled from. Only the clip diagnostic needs them; safe to delete if disk is short.
de_analysis/results/bmind_profiles/chunk_021.rds,de_analysis/results/bmind_profiles,CACHE,current,06_bmind_profiles.R,13.6M,2026-10-01 04:35,The 400-gene chunks bmind_profiles.rds was assembled from. Only the clip diagnostic needs them; safe to delete if disk is short.
de_analysis/results/bmind_profiles/chunk_022.rds,de_analysis/results/bmind_profiles,CACHE,current,06_bmind_profiles.R,13.6M,2026-10-01 04:41,The 400-gene chunks bmind_profiles.rds was assembled from. Only the clip diagnostic needs them; safe to delete if disk is short.
de_analysis/results/bmind_profiles/chunk_023.rds,de_analysis/results/bmind_profiles,CACHE,current,06_bmind_profiles.R,13.6M,2026-10-01 04:48,The 400-gene chunks bmind_profiles.rds was assembled from. Only the clip diagnostic needs them; safe to delete if disk is short.
de_analysis/results/bmind_profiles/chunk_024.rds,de_analysis/results/bmind_profiles,CACHE,current,06_bmind_profiles.R,13.6M,2026-10-01 04:55,The 400-gene chunks bmind_profiles.rds was assembled from. Only the clip diagnostic needs them; safe to delete if disk is short.
de_analysis/results/bmind_profiles/chunk_025.rds,de_analysis/results/bmind_profiles,CACHE,current,06_bmind_profiles.R,13.6M,2026-10-01 05:00,The 400-gene chunks bmind_profiles.rds was assembled from. Only the clip diagnostic needs them; safe to delete if disk is short.
de_analysis/results/bmind_profiles/chunk_026.rds,de_analysis/results/bmind_profiles,CACHE,current,06_bmind_profiles.R,13.7M,2026-10-01 05:07,The 400-gene chunks bmind_profiles.rds was assembled from. Only the clip diagnostic needs them; safe to delete if disk is short.
de_analysis/results/bmind_profiles/chunk_027.rds,de_analysis/results/bmind_profiles,CACHE,current,06_bmind_profiles.R,13.7M,2026-10-01 05:14,The 400-gene chunks bmind_profiles.rds was assembled from. Only the clip diagnostic needs them; safe to delete if disk is short.
de_analysis/results/bmind_profiles/chunk_028.rds,de_analysis/results/bmind_profiles,CACHE,current,06_bmind_profiles.R,13.6M,2026-10-01 05:21,The 400-gene chunks bmind_profiles.rds was assembled from. Only the clip diagnostic needs them; safe to delete if disk is short.
de_analysis/results/bmind_profiles/chunk_029.rds,de_analysis/results/bmind_profiles,CACHE,current,06_bmind_profiles.R,13.7M,2026-10-01 05:28,The 400-gene chunks bmind_profiles.rds was assembled from. Only the clip diagnostic needs them; safe to delete if disk is short.
de_analysis/results/bmind_profiles/chunk_030.rds,de_analysis/results/bmind_profiles,CACHE,current,06_bmind_profiles.R,13.7M,2026-10-01 05:35,The 400-gene chunks bmind_profiles.rds was assembled from. Only the clip diagnostic needs them; safe to delete if disk is short.
de_analysis/results/bmind_profiles/chunk_031.rds,de_analysis/results/bmind_profiles,CACHE,current,06_bmind_profiles.R,12.6M,2026-10-01 05:41,The 400-gene chunks bmind_profiles.rds was assembled from. Only the clip diagnostic needs them; safe to delete if disk is short.
de_analysis/results/celltype_effect_location.csv,de_analysis/results,OUTPUT,superseded,de_analysis/scripts/,485B,2026-10-01 05:59,v1 results. Superseded by de_v2/results/ except the two cached objects below.
de_analysis/results/celltype_level_correlations.csv,de_analysis/results,OUTPUT,superseded,de_analysis/scripts/,1.8K,2026-10-01 05:59,v1 results. Superseded by de_v2/results/ except the two cached objects below.
de_analysis/results/celltype_limma.log,de_analysis/results,OUTPUT,superseded,de_analysis/scripts/,3.1K,2026-10-01 05:57,v1 results. Superseded by de_v2/results/ except the two cached objects below.
de_analysis/results/celltype_limma_decisions.csv,de_analysis/results,OUTPUT,superseded,de_analysis/scripts/,112B,2026-10-01 05:56,v1 results. Superseded by de_v2/results/ except the two cached objects below.
de_analysis/results/celltype_limma_per_lineage.csv,de_analysis/results,OUTPUT,superseded,de_analysis/scripts/,1.5K,2026-10-01 05:56,v1 results. Superseded by de_v2/results/ except the two cached objects below.
de_analysis/results/celltype_limma_pooled.csv,de_analysis/results,OUTPUT,superseded,de_analysis/scripts/,182B,2026-10-01 05:56,v1 results. Superseded by de_v2/results/ except the two cached objects below.
de_analysis/results/celltype_limma_pvalues.rds,de_analysis/results,OUTPUT,superseded,de_analysis/scripts/,3.9M,2026-10-01 05:57,v1 results. Superseded by de_v2/results/ except the two cached objects below.
de_analysis/results/celltype_mde.csv,de_analysis/results,OUTPUT,current,08_celltype_mde.R,736B,2026-10-01 06:28,Per-lineage detection floors. Still quoted by v2 -- they do not depend on any threshold.
de_analysis/results/celltype_mde.log,de_analysis/results,OUTPUT,superseded,de_analysis/scripts/,3.0K,2026-10-01 06:28,v1 results. Superseded by de_v2/results/ except the two cached objects below.
de_analysis/results/celltype_mde80.csv,de_analysis/results,OUTPUT,current,08_celltype_mde.R,269B,2026-10-01 06:28,Per-lineage detection floors. Still quoted by v2 -- they do not depend on any threshold.
de_analysis/results/celltype_mde_parts/B.rds,de_analysis/results/celltype_mde_parts,CACHE,current,08_celltype_mde.R,299B,2026-10-01 06:28,Per-lineage checkpoints of the detection-floor run.
de_analysis/results/celltype_mde_parts/NK.rds,de_analysis/results/celltype_mde_parts,CACHE,current,08_celltype_mde.R,310B,2026-10-01 06:23,Per-lineage checkpoints of the detection-floor run.
de_analysis/results/celltype_mde_parts/T.rds,de_analysis/results/celltype_mde_parts,CACHE,current,08_celltype_mde.R,321B,2026-10-01 06:18,Per-lineage checkpoints of the detection-floor run.
de_analysis/results/celltype_mde_parts/gran.rds,de_analysis/results/celltype_mde_parts,CACHE,current,08_celltype_mde.R,307B,2026-10-01 06:08,Per-lineage checkpoints of the detection-floor run.
de_analysis/results/celltype_mde_parts/mono.rds,de_analysis/results/celltype_mde_parts,CACHE,current,08_celltype_mde.R,323B,2026-10-01 06:13,Per-lineage checkpoints of the detection-floor run.
de_analysis/results/celltype_mechanism_null.csv,de_analysis/results,OUTPUT,superseded,de_analysis/scripts/,1.3K,2026-10-01 06:55,v1 results. Superseded by de_v2/results/ except the two cached objects below.
de_analysis/results/celltype_mechanism_test.csv,de_analysis/results,OUTPUT,superseded,de_analysis/scripts/,249B,2026-10-01 06:55,v1 results. Superseded by de_v2/results/ except the two cached objects below.
de_analysis/results/celltype_null.log,de_analysis/results,OUTPUT,superseded,de_analysis/scripts/,3.5K,2026-10-01 07:00,v1 results. Superseded by de_v2/results/ except the two cached objects below.
de_analysis/results/celltype_permnull_pi0.rds,de_analysis/results,OUTPUT,superseded,de_analysis/scripts/,2.8K,2026-10-01 07:00,v1 results. Superseded by de_v2/results/ except the two cached objects below.
de_analysis/results/celltype_permutation_calibration.csv,de_analysis/results,OUTPUT,superseded,de_analysis/scripts/,723B,2026-10-01 07:00,v1 results. Superseded by de_v2/results/ except the two cached objects below.
de_analysis/results/celltype_weight_repair.csv,de_analysis/results,OUTPUT,superseded,de_analysis/scripts/,613B,2026-10-01 05:56,v1 results. Superseded by de_v2/results/ except the two cached objects below.
de_analysis/results/composition_link_LI.csv,de_analysis/results,OUTPUT,superseded,de_analysis/scripts/,1.3M,2026-10-01 05:35,v1 results. Superseded by de_v2/results/ except the two cached objects below.
de_analysis/results/composition_link_summary.csv,de_analysis/results,OUTPUT,superseded,de_analysis/scripts/,153B,2026-10-01 05:35,v1 results. Superseded by de_v2/results/ except the two cached objects below.
de_analysis/results/mde_spikeratio.log,de_analysis/results,OUTPUT,superseded,de_analysis/scripts/,1.0K,2026-10-01 06:49,v1 results. Superseded by de_v2/results/ except the two cached objects below.
de_analysis/results/mde_spikeratio_check.csv,de_analysis/results,OUTPUT,current,08b_mde_spikeratio_check.R,229B,2026-10-01 06:49,Corrected granulocyte detection floor.
de_analysis/results/mde_spikeratio_parts/L_025.rds,de_analysis/results/mde_spikeratio_parts,CACHE,current,08b_mde_spikeratio_check.R,218B,2026-10-01 06:34,Per-level checkpoints of the spike-ratio check.
de_analysis/results/mde_spikeratio_parts/L_050.rds,de_analysis/results/mde_spikeratio_parts,CACHE,current,08b_mde_spikeratio_check.R,243B,2026-10-01 06:39,Per-level checkpoints of the spike-ratio check.
de_analysis/results/mde_spikeratio_parts/L_080.rds,de_analysis/results/mde_spikeratio_parts,CACHE,current,08b_mde_spikeratio_check.R,246B,2026-10-01 06:44,Per-level checkpoints of the spike-ratio check.
de_analysis/results/mde_spikeratio_parts/L_100.rds,de_analysis/results/mde_spikeratio_parts,CACHE,current,08b_mde_spikeratio_check.R,243B,2026-10-01 06:49,Per-level checkpoints of the spike-ratio check.
de_analysis/results/permnull.rds,de_analysis/results,OUTPUT,superseded,de_analysis/scripts/,1.7K,2026-10-01 03:44,v1 results. Superseded by de_v2/results/ except the two cached objects below.
de_analysis/results/permnull_BPD.csv,de_analysis/results,OUTPUT,superseded,de_analysis/scripts/,3.0K,2026-10-01 03:44,v1 results. Superseded by de_v2/results/ except the two cached objects below.
de_analysis/results/permnull_LI.csv,de_analysis/results,OUTPUT,superseded,de_analysis/scripts/,2.9K,2026-10-01 02:05,v1 results. Superseded by de_v2/results/ except the two cached objects below.
de_analysis/results/permutation.log,de_analysis/results,OUTPUT,superseded,de_analysis/scripts/,322B,2026-10-01 02:05,v1 results. Superseded by de_v2/results/ except the two cached objects below.
de_analysis/results/permutation_BPD.log,de_analysis/results,OUTPUT,superseded,de_analysis/scripts/,873B,2026-10-01 03:44,v1 results. Superseded by de_v2/results/ except the two cached objects below.
de_analysis/results/permutation_vs_observed.csv,de_analysis/results,OUTPUT,superseded,de_analysis/scripts/,414B,2026-10-01 05:32,v1 results. Superseded by de_v2/results/ except the two cached objects below.
de_analysis/results/sens_band_stability.csv,de_analysis/results,OUTPUT,superseded,de_analysis/scripts/,311B,2026-10-01 05:53,v1 results. Superseded by de_v2/results/ except the two cached objects below.
de_analysis/results/sens_depthrin_screen.csv,de_analysis/results,OUTPUT,superseded,de_analysis/scripts/,254B,2026-10-01 05:53,v1 results. Superseded by de_v2/results/ except the two cached objects below.
de_analysis/results/sens_tobacco_per_imputation.csv,de_analysis/results,OUTPUT,superseded,de_analysis/scripts/,2.4K,2026-10-01 05:53,v1 results. Superseded by de_v2/results/ except the two cached objects below.
de_analysis/results/sens_tobacco_rubin.csv,de_analysis/results,OUTPUT,superseded,de_analysis/scripts/,274B,2026-10-01 05:53,v1 results. Superseded by de_v2/results/ except the two cached objects below.
de_analysis/results/sens_wholeblood.log,de_analysis/results,OUTPUT,superseded,de_analysis/scripts/,6.1K,2026-10-01 05:53,v1 results. Superseded by de_v2/results/ except the two cached objects below.
de_analysis/results/wholeblood.rds,de_analysis/results,OUTPUT,superseded,de_analysis/scripts/,2.3M,2026-09-30 22:49,v1 results. Superseded by de_v2/results/ except the two cached objects below.
de_analysis/results/wholeblood_decisions.csv,de_analysis/results,OUTPUT,superseded,de_analysis/scripts/,157B,2026-09-30 22:49,v1 results. Superseded by de_v2/results/ except the two cached objects below.
de_analysis/results/wholeblood_mde.csv,de_analysis/results,OUTPUT,superseded,de_analysis/scripts/,311B,2026-09-30 22:49,v1 results. Superseded by de_v2/results/ except the two cached objects below.
de_analysis/results/wholeblood_sensitivity_estimator.csv,de_analysis/results,OUTPUT,superseded,de_analysis/scripts/,211B,2026-09-30 22:49,v1 results. Superseded by de_v2/results/ except the two cached objects below.
de_analysis/results/wholeblood_summary.csv,de_analysis/results,OUTPUT,superseded,de_analysis/scripts/,435B,2026-09-30 22:49,v1 results. Superseded by de_v2/results/ except the two cached objects below.
de_analysis/results/wholeblood_treat.csv,de_analysis/results,OUTPUT,superseded,de_analysis/scripts/,185B,2026-09-30 22:49,v1 results. Superseded by de_v2/results/ except the two cached objects below.
de_analysis/run_bmind_all.sh,de_analysis,OUTPUT,superseded,,505B,2026-09-30 22:26,"v1: the pre-registered band-based analysis. Superseded by de_v2/ for results, but keep it -- config.yaml is the timestamped pre-registration."
de_analysis/scripts/01_prep.R,de_analysis/scripts,CODE,current,,9.3K,2026-09-30 22:17,"Builds prep.rds: gene filter, TMM, TPM, gene lengths, lineage aggregation, ILR balances. v2 USES THIS OUTPUT."
de_analysis/scripts/03_wholeblood.R,de_analysis/scripts,CODE,superseded,,10.4K,2026-09-30 22:29,v1 analysis scripts. Several produce results v2 relies on and does not recompute.
de_analysis/scripts/04_permutation.R,de_analysis/scripts,CODE,superseded,,5.5K,2026-10-01 02:34,v1 analysis scripts. Several produce results v2 relies on and does not recompute.
de_analysis/scripts/04b_permutation_summary.R,de_analysis/scripts,CODE,superseded,,4.2K,2026-10-01 05:32,v1 analysis scripts. Several produce results v2 relies on and does not recompute.
de_analysis/scripts/06_bmind_profiles.R,de_analysis/scripts,CODE,current,,4.6K,2026-10-01 02:34,Runs bMIND without the phenotype. 3.1 hours. v2 USES THIS OUTPUT and does not re-run it.
de_analysis/scripts/06b_bmind_clip_qc.R,de_analysis/scripts,CODE,superseded,,5.4K,2026-10-01 05:53,v1 analysis scripts. Several produce results v2 relies on and does not recompute.
de_analysis/scripts/07_celltype_limma.R,de_analysis/scripts,CODE,superseded,,9.1K,2026-10-01 05:53,v1 analysis scripts. Several produce results v2 relies on and does not recompute.
de_analysis/scripts/08_celltype_mde.R,de_analysis/scripts,CODE,current,,9.2K,2026-10-01 06:02,Per-lineage detection floors by spike-in. Still the authority on what a cell-type null can mean.
de_analysis/scripts/08b_mde_spikeratio_check.R,de_analysis/scripts,CODE,current,,5.7K,2026-10-01 06:19,Shows 08's false-positive rate was an artifact of spiking 75% of genes.
de_analysis/scripts/09_wholeblood_sensitivity.R,de_analysis/scripts,CODE,superseded,,8.5K,2026-10-01 05:25,v1 analysis scripts. Several produce results v2 relies on and does not recompute.
de_analysis/scripts/10_celltype_null.R,de_analysis/scripts,CODE,superseded,,10.7K,2026-10-01 06:05,v1 analysis scripts. Several produce results v2 relies on and does not recompute.
de_analysis/scripts/11_composition_link.R,de_analysis/scripts,CODE,superseded,,5.9K,2026-10-01 05:35,v1 analysis scripts. Several produce results v2 relies on and does not recompute.
de_analysis/scripts/12_celltype_structure.R,de_analysis/scripts,CODE,superseded,,5.3K,2026-10-01 05:59,v1 analysis scripts. Several produce results v2 relies on and does not recompute.
de_analysis/scripts/VERIFY_designs.R,de_analysis/scripts,CODE,superseded,,2.4K,2026-09-30 22:49,v1 analysis scripts. Several produce results v2 relies on and does not recompute.
de_v2/DECISIONS.md,de_v2,DOC,current,,29.2K,2026-10-04 23:06,Every decision in v2 and its justification. Read with README.md.
de_v2/README.md,de_v2,DOC,current,,4.1K,2026-10-02 05:25,"What v2 is, how it differs from de_analysis/, and how to run it."
de_v2/results/00_validate.log,de_v2/results,OUTPUT,current,de_v2/scripts/,2.0K,2026-10-02 05:20,"Console output of each script, kept as the run record."
de_v2/results/01_refit.log,de_v2/results,OUTPUT,current,de_v2/scripts/,2.3K,2026-10-02 05:23,"Console output of each script, kept as the run record."
de_v2/results/02_hier.log,de_v2/results,OUTPUT,current,de_v2/scripts/,1.4K,2026-10-02 05:23,"Console output of each script, kept as the run record."
de_v2/results/03_perm.log,de_v2/results,OUTPUT,current,de_v2/scripts/,983B,2026-10-02 06:29,"Console output of each script, kept as the run record."
de_v2/results/13_sweep_wb.log,de_v2/results,OUTPUT,current,de_v2/scripts/,13.2K,2026-10-04 22:32,"Console output of each script, kept as the run record."
de_v2/results/14_sweep_ct.log,de_v2/results,OUTPUT,current,de_v2/scripts/,7.9K,2026-10-04 23:04,"Console output of each script, kept as the run record."
de_v2/results/15_sweep_report.log,de_v2/results,OUTPUT,current,de_v2/scripts/,20.3K,2026-10-04 23:05,"Console output of each script, kept as the run record."
de_v2/results/across_contrast_correction.csv,de_v2/results,OUTPUT,current,02_hierarchical.R,308B,2026-10-02 05:23,What correcting across all four comparisons costs.
de_v2/results/adjusted.rds,de_v2/results,CACHE,current,01_refit_and_mtc.R,13.7M,2026-10-02 05:22,Model output with the full correction panel attached.
de_v2/results/candidate_genes_LI_all.csv.gz,de_v2/results,OUTPUT,current,de_v2/scripts/,725.8K,2026-10-04 23:45,Results of the current analysis.
de_v2/results/candidate_genes_LI_significant.csv,de_v2/results,OUTPUT,current,de_v2/scripts/,319.7K,2026-10-04 23:45,Results of the current analysis.
de_v2/results/candidate_genes_compositional.csv,de_v2/results,OUTPUT,current,de_v2/scripts/,347B,2026-10-04 23:45,Results of the current analysis.
de_v2/results/candidate_genes_residual.csv,de_v2/results,OUTPUT,current,de_v2/scripts/,33.9K,2026-10-04 23:45,Results of the current analysis.
de_v2/results/candidate_genes_tier1.csv,de_v2/results,OUTPUT,current,de_v2/scripts/,4.9K,2026-10-04 23:45,Results of the current analysis.
de_v2/results/celltype_per_lineage.csv,de_v2/results,OUTPUT,current,02_hierarchical.R,927B,2026-10-02 05:23,Per-lineage discoveries under per-lineage BH and under Benjamini-Bogomolov.
de_v2/results/celltype_pooled.csv,de_v2/results,OUTPUT,current,02_hierarchical.R,290B,2026-10-02 05:23,"Cell-type discoveries pooled over gene x lineage, collapsed to unique genes."
de_v2/results/composition_effect_grows.csv,de_v2/results,OUTPUT,current,de_v2/scripts/,1.2K,2026-10-04 23:46,Results of the current analysis.
de_v2/results/composition_gradient_by_correction.csv,de_v2/results,OUTPUT,current,de_v2/scripts/,176B,2026-10-04 23:46,Results of the current analysis.
de_v2/results/composition_gradient_by_decile.csv,de_v2/results,OUTPUT,current,de_v2/scripts/,436B,2026-10-04 23:46,Results of the current analysis.
de_v2/results/correction_comparison.csv,de_v2/results,OUTPUT,current,03_permutation_fdr.R,202B,2026-10-02 06:29,Side-by-side discovery counts for every correction method.
de_v2/results/fits.rds,de_v2/results,CACHE,current,01_refit_and_mtc.R,9.5M,2026-10-02 05:22,Raw model output before correction.
de_v2/results/independent_filtering.csv,de_v2/results,OUTPUT,current,01_refit_and_mtc.R,2.8K,2026-10-02 05:23,Whether filtering on mean expression would have bought additional power.
de_v2/results/mtc_validation.csv,de_v2/results,OUTPUT,current,00_validate_mtc.R,180B,2026-10-02 05:20,Measured false discovery proportion and power of each correction on simulated data with known truth.
de_v2/results/perm_parts/CT_BPD_raw.rds,de_v2/results/perm_parts,CACHE,current,03_permutation_fdr.R,2.2K,2026-10-02 06:27,Per-analysis permutation checkpoints so an interrupted run resumes.
de_v2/results/perm_parts/CT_LI_raw.rds,de_v2/results/perm_parts,CACHE,current,03_permutation_fdr.R,2.2K,2026-10-02 05:58,Per-analysis permutation checkpoints so an interrupted run resumes.
de_v2/results/perm_parts/WB_BPD_raw.rds,de_v2/results/perm_parts,CACHE,current,03_permutation_fdr.R,1.7K,2026-10-02 05:37,Per-analysis permutation checkpoints so an interrupted run resumes.
de_v2/results/perm_parts/WB_LI_raw.rds,de_v2/results/perm_parts,CACHE,current,03_permutation_fdr.R,1.7K,2026-10-02 05:29,Per-analysis permutation checkpoints so an interrupted run resumes.
de_v2/results/permutation_fdr.csv,de_v2/results,OUTPUT,current,03_permutation_fdr.R,2.9K,2026-10-02 06:29,"Empirical FDR by threshold, with the measured null count beside the one BH assumes."
de_v2/results/permutation_qvalues.rds,de_v2/results,OUTPUT,current,03_permutation_fdr.R,39.1K,2026-10-02 06:29,Per-gene empirical q-values.
de_v2/results/summary_by_analysis.csv,de_v2/results,OUTPUT,current,01_refit_and_mtc.R,978B,2026-10-02 05:22,"THE HEADLINE TABLE. One row per analysis, discovery counts under every correction."
de_v2/results/sweep/ct_estimate_variance.csv.gz,de_v2/results/sweep,OUTPUT,current,de_v2/scripts/13-15,317.8K,2026-10-04 23:04,"Filter sweep results: summaries, per-gene ranks under every filter, robustness and Jaccard overlap."
de_v2/results/sweep/ct_gene_robustness.csv,de_v2/results/sweep,OUTPUT,current,de_v2/scripts/13-15,25.9K,2026-10-04 23:04,"Filter sweep results: summaries, per-gene ranks under every filter, robustness and Jaccard overlap."
de_v2/results/sweep/ct_sweep_genes.csv.gz,de_v2/results/sweep,OUTPUT,current,de_v2/scripts/13-15,8.3M,2026-10-04 23:04,"Filter sweep results: summaries, per-gene ranks under every filter, robustness and Jaccard overlap."
de_v2/results/sweep/ct_sweep_per_lineage.csv,de_v2/results/sweep,OUTPUT,current,de_v2/scripts/13-15,30.6K,2026-10-04 23:04,"Filter sweep results: summaries, per-gene ranks under every filter, robustness and Jaccard overlap."
de_v2/results/sweep/ct_sweep_pooled.csv,de_v2/results/sweep,OUTPUT,current,de_v2/scripts/13-15,5.5K,2026-10-04 23:04,"Filter sweep results: summaries, per-gene ranks under every filter, robustness and Jaccard overlap."
de_v2/results/sweep/filter_grid.rds,de_v2/results/sweep,OUTPUT,current,de_v2/scripts/13-15,568B,2026-10-04 22:32,"Filter sweep results: summaries, per-gene ranks under every filter, robustness and Jaccard overlap."
de_v2/results/sweep/wb_gene_robustness.csv,de_v2/results/sweep,OUTPUT,current,de_v2/scripts/13-15,240.4K,2026-10-04 22:32,"Filter sweep results: summaries, per-gene ranks under every filter, robustness and Jaccard overlap."
de_v2/results/sweep/wb_sweep_genes.csv.gz,de_v2/results/sweep,OUTPUT,current,de_v2/scripts/13-15,4.3M,2026-10-04 22:32,"Filter sweep results: summaries, per-gene ranks under every filter, robustness and Jaccard overlap."
de_v2/results/sweep/wb_sweep_overlap.csv,de_v2/results/sweep,OUTPUT,current,de_v2/scripts/13-15,4.6K,2026-10-04 22:32,"Filter sweep results: summaries, per-gene ranks under every filter, robustness and Jaccard overlap."
de_v2/results/sweep/wb_sweep_raw.rds,de_v2/results/sweep,OUTPUT,current,de_v2/scripts/13-15,51.4M,2026-10-04 22:31,"Filter sweep results: summaries, per-gene ranks under every filter, robustness and Jaccard overlap."
de_v2/results/sweep/wb_sweep_summary.csv,de_v2/results/sweep,OUTPUT,current,de_v2/scripts/13-15,11.6K,2026-10-04 22:32,"Filter sweep results: summaries, per-gene ranks under every filter, robustness and Jaccard overlap."
de_v2/results/tests_CT_BPD_ilr.csv.gz,de_v2/results,OUTPUT,current,01_refit_and_mtc.R,2.6M,2026-10-02 05:23,Per-gene results with every adjusted p-value. One file per analysis.
de_v2/results/tests_CT_BPD_raw.csv.gz,de_v2/results,OUTPUT,current,01_refit_and_mtc.R,2.7M,2026-10-02 05:22,Per-gene results with every adjusted p-value. One file per analysis.
de_v2/results/tests_CT_LI_ilr.csv.gz,de_v2/results,OUTPUT,current,01_refit_and_mtc.R,2.8M,2026-10-02 05:23,Per-gene results with every adjusted p-value. One file per analysis.
de_v2/results/tests_CT_LI_raw.csv.gz,de_v2/results,OUTPUT,current,01_refit_and_mtc.R,2.7M,2026-10-02 05:22,Per-gene results with every adjusted p-value. One file per analysis.
de_v2/results/tests_WB_BPD_ilr.csv.gz,de_v2/results,OUTPUT,current,01_refit_and_mtc.R,560.5K,2026-10-02 05:22,Per-gene results with every adjusted p-value. One file per analysis.
de_v2/results/tests_WB_BPD_raw.csv.gz,de_v2/results,OUTPUT,current,01_refit_and_mtc.R,597.9K,2026-10-02 05:22,Per-gene results with every adjusted p-value. One file per analysis.
de_v2/results/tests_WB_LI_ilr.csv.gz,de_v2/results,OUTPUT,current,01_refit_and_mtc.R,616.2K,2026-10-02 05:22,Per-gene results with every adjusted p-value. One file per analysis.
de_v2/results/tests_WB_LI_raw.csv.gz,de_v2/results,OUTPUT,current,01_refit_and_mtc.R,689.1K,2026-10-02 05:22,Per-gene results with every adjusted p-value. One file per analysis.
de_v2/scripts/00_validate_mtc.R,de_v2/scripts,CODE,current,,8.5K,2026-10-02 05:17,Proves mtc.R correct before use: exact identities plus a known-truth simulation. Refuses to pass on failure.
de_v2/scripts/01_refit_and_mtc.R,de_v2/scripts,CODE,current,,9.7K,2026-10-02 05:18,Re-fits all four comparisons from scratch and applies the whole correction panel.
de_v2/scripts/02_hierarchical.R,de_v2/scripts,CODE,current,,6.7K,2026-10-02 05:19,Corrections across the five lineages and across the four comparisons.
de_v2/scripts/03_permutation_fdr.R,de_v2/scripts,CODE,current,,8.5K,2026-10-02 06:29,Empirical FDR from 100 label permutations. The only correction that assumes nothing about gene-gene dependence.
de_v2/scripts/13_filter_sweep_wb.R,de_v2/scripts,CODE,current,,11.7K,2026-10-04 21:58,"Whole-blood expression-filter sweep: 31 filters, 2,087-24,084 genes, with per-gene ranks and stability."
de_v2/scripts/14_filter_sweep_ct.R,de_v2/scripts,CODE,current,,12.8K,2026-10-04 21:58,"Cell-type sweep: 9 nested gene filters, 5 variance floors, 4 posterior-SE quantiles."
de_v2/scripts/15_sweep_report.R,de_v2/scripts,CODE,current,,6.8K,2026-10-04 21:55,Assembles both sweeps into the stability tables; counts alone are not comparable across filters.
de_v2/scripts/16_candidate_genes.R,de_v2/scripts,OUTPUT,current,,10.1K,2026-10-04 23:45,THE CURRENT differential expression analysis. No verdict bands; full multiple-testing panel.
de_v2/scripts/17_composition_gradient.R,de_v2/scripts,OUTPUT,current,,6.4K,2026-10-04 23:46,THE CURRENT differential expression analysis. No verdict bands; full multiple-testing panel.
de_v2/scripts/18_estimator_and_covariates.R,de_v2/scripts,OUTPUT,current,,8.6K,2026-10-05 00:27,THE CURRENT differential expression analysis. No verdict bands; full multiple-testing panel.
de_v2/scripts/mtc.R,de_v2/scripts,CODE,current,,10.2K,2026-10-02 06:28,"Multiple-testing library: Storey q-values, Benjamini-Bogomolov, permutation FDR, independent filtering. Hand-written because qvalue/IHW are not installed."
env.ps1,.,CODE,current,,153B,2026-09-27 21:32,PowerShell version of env.sh.
env.sh,.,CODE,current,,166B,2026-09-27 21:32,Puts R 4.6.1 on PATH. Source before running any R script.
index/README.md,index,DOC,current,,3.7K,2026-10-02 05:25,"How to rebuild and query INDEX.db, the schema, and how to add a description."
index/build_index.py,index,CODE,current,,9.7K,2026-10-02 05:21,"Walks the tree, joins it to descriptions.tsv, writes INDEX.db and INDEX.csv. Also runs queries: --query ""SQL""."
index/descriptions.tsv,index,DOC,current,,14.8K,2026-10-05 00:28,This file. The curated meaning of every path.
"preproposal/Ali, Ava Project Preproposal (revised).docx",preproposal,EXT,external,,206.5K,2026-09-20 16:27,Course paperwork: the pre-proposal and weekly timesheets.
preproposal/build.py,preproposal,EXT,external,,5.3K,2026-09-20 16:26,"Course deliverables: the pre-proposal, the feedback PDF, and the annotated bibliography."
preproposal/content.py,preproposal,EXT,external,,63.4K,2026-09-20 16:25,"Course deliverables: the pre-proposal, the feedback PDF, and the annotated bibliography."
preproposal/original.docx,preproposal,EXT,external,,187.8K,2026-09-20 16:13,Course paperwork: the pre-proposal and weekly timesheets.
preproposal/verify.py,preproposal,EXT,external,,5.0K,2026-09-20 16:27,"Course deliverables: the pre-proposal, the feedback PDF, and the annotated bibliography."
"preproposal/~$i, Ava Project Preproposal (revised).docx",preproposal,EXT,external,,162B,2026-10-04 22:35,Course paperwork: the pre-proposal and weekly timesheets.
proposal/Self made flowcharts new/PPM1_new.png,proposal/Self made flowcharts new,EXT,current,,117.1K,2026-10-04 23:28,Written proposal drafts and hand-made flowchart figures.
