"gene","NIE","emp_p","emp_q"
"ENSG00000000419",-0.0267190150004326,0.334665334665335,0.39551656918163
"ENSG00000000457",0.0206735941382706,0.032967032967033,0.0601301870083172
"ENSG00000000460",-0.0293890558389513,0.028971028971029,0.0550211482575579
"ENSG00000000938",0.111520786433277,0.00899100899100899,0.031668800133044
"ENSG00000000971",-0.132465372525526,0.041958041958042,0.0717489681633108
"ENSG00000001036",-0.0158374892432512,0.49050949050949,0.548060901538031
"ENSG00000001084",-0.0315133196158742,0.117882117882118,0.16304606890405
"ENSG00000001167",0.0517082832594209,0.002997002997003,0.0309698899552726
"ENSG00000001460",-0.00760567962195142,0.701298701298701,0.741789103345167
"ENSG00000001461",-0.0553535998005199,0.030969030969031,0.0574804346232918
"ENSG00000001497",-0.0451800553919272,0.025974025974026,0.0514006000585945
"ENSG00000001561",-0.085156499134997,0.025974025974026,0.0514006000585945
"ENSG00000001629",-0.0467465408320046,0.00899100899100899,0.031668800133044
"ENSG00000001631",-0.0498090459325036,0.00699300699300699,0.0311612747652792
"ENSG00000002016",-0.019117974547024,0.0679320679320679,0.103657642509852
"ENSG00000002330",0.0285561203410288,0.012987012987013,0.0360623664690208
"ENSG00000002549",0.0272658002023374,0.502497502497502,0.559271622987126
"ENSG00000002822",-0.0162471571469532,0.237762237762238,0.294671194537132
"ENSG00000002834",0.138648473778183,0.002997002997003,0.0309698899552726
"ENSG00000002919",0.133854836346484,0.003996003996004,0.0309698899552726
"ENSG00000003056",-0.029254949225737,0.050949050949051,0.0830019919080513
"ENSG00000003393",0.00380794758393891,0.619380619380619,0.667657752598106
"ENSG00000003400",-0.0248104411672575,0.042957042957043,0.0729589799685899
"ENSG00000003402",0.135231335197613,0.004995004995005,0.0309698899552726
"ENSG00000003436",0.0735565347821504,0.011988011988012,0.0350284289015142
"ENSG00000003509",-0.0292515957945914,0.037962037962038,0.0665831541488284
"ENSG00000003756",0.0463039932741847,0.00999000999000999,0.0329382551604774
"ENSG00000004059",0.0782470396438205,0.00699300699300699,0.0311612747652792
"ENSG00000004139",-0.0391047345087762,0.0549450549450549,0.0880322184148341
"ENSG00000004142",0.0195522537925977,0.0769230769230769,0.114541139692918
"ENSG00000004399",-0.0172945261050476,0.56043956043956,0.613085985560043
"ENSG00000004455",-0.0213792090189976,0.034965034965035,0.0627459743481843
"ENSG00000004478",-0.0490854732383085,0.00699300699300699,0.0311612747652792
"ENSG00000004487",-0.0478411845834096,0.014985014985015,0.0380820279318905
"ENSG00000004534",-0.0201309150941671,0.043956043956044,0.0742673606444167
"ENSG00000004660",0.125813279492742,0.013986013986014,0.0370555370555371
"ENSG00000004700",-0.054824479025947,0.027972027972028,0.0538126832348059
"ENSG00000004766",-0.0668478689685506,0.010989010989011,0.0339239491564177
"ENSG00000004779",-0.0479333412008605,0.020979020979021,0.0454117208439975
"ENSG00000004799",-0.0399157169199486,0.273726273726274,0.333060884645374
"ENSG00000004809",0.0289435281102649,0.28971028971029,0.349642323934351
"ENSG00000004864",-0.0118469184578499,0.152847152847153,0.20252669050905
"ENSG00000004866",-0.0117561707755589,0.381618381618382,0.441753969397969
"ENSG00000004897",-0.0112164707275667,0.125874125874126,0.171884472759373
"ENSG00000004939",0.0622174217288095,0.0969030969030969,0.138393513794583
"ENSG00000004961",0.00192351772013849,0.829170829170829,0.855142454730544
"ENSG00000004975",-0.0168048190468868,0.328671328671329,0.389351604531496
"ENSG00000005007",0.101382297293215,0.00699300699300699,0.0311612747652792
"ENSG00000005020",0.0976430047805757,0.00699300699300699,0.0311612747652792
"ENSG00000005022",-0.0224742428205345,0.0979020979020979,0.139704038540419
"ENSG00000005059",-0.0750343504118017,0.003996003996004,0.0309698899552726
"ENSG00000005075",0.0658302273656679,0.000999000999000999,0.0309698899552726
"ENSG00000005100",-0.0438234844515233,0.00799200799200799,0.0313472428354935
"ENSG00000005156",-0.0376939031815905,0.02997002997003,0.0561377525217924
"ENSG00000005175",-0.000334837346635771,0.976023976023976,0.979937856629586
"ENSG00000005187",-0.0650293251657191,0.002997002997003,0.0309698899552726
"ENSG00000005194",-0.0342095960137206,0.021978021978022,0.0464939039133723
"ENSG00000005206",-0.00306503530230723,0.833166833166833,0.858526879962188
"ENSG00000005238",0.105691198096269,0.00999000999000999,0.0329382551604774
"ENSG00000005249",0.0287353647873762,0.154845154845155,0.204565139158961
"ENSG00000005302",0.0334673193975916,0.02997002997003,0.0561377525217924
"ENSG00000005339",0.0910485933885045,0.00699300699300699,0.0311612747652792
"ENSG00000005379",-0.0595246867979896,0.206793206793207,0.261384177454855
"ENSG00000005381",0.123397168866586,0.00999000999000999,0.0329382551604774
"ENSG00000005436",-0.0889853961007891,0.00799200799200799,0.0313472428354935
"ENSG00000005448",-0.0478240190154125,0.020979020979021,0.0454117208439975
"ENSG00000005469",-0.0749141688052642,0.00599400599400599,0.0309698899552726
"ENSG00000005483",0.0303563752358047,0.010989010989011,0.0339239491564177
"ENSG00000005486",0.0662336299350758,0.015984015984016,0.0392432899072327
"ENSG00000005700",-0.0604049618719164,0.011988011988012,0.0350284289015142
"ENSG00000005801",-0.0695916735067139,0.00999000999000999,0.0329382551604774
"ENSG00000005810",-0.0237541869670337,0.0779220779220779,0.115641829151338
"ENSG00000005812",0.0410886900893491,0.020979020979021,0.0454117208439975
"ENSG00000005844",0.0162863884848242,0.392607392607393,0.452513248715416
"ENSG00000005882",-0.0239226708525703,0.255744255744256,0.314010468485336
"ENSG00000005889",0.0220276373217604,0.00799200799200799,0.0313472428354935
"ENSG00000005893",0.15209665381025,0.001998001998002,0.0309698899552726
"ENSG00000005955",0.0144773181680184,0.037962037962038,0.0665831541488284
"ENSG00000005961",0.0734412456648271,0.128871128871129,0.175260068662807
"ENSG00000006007",0.084954380995207,0.003996003996004,0.0309698899552726
"ENSG00000006015",-0.0227136527093542,0.015984015984016,0.0392432899072327
"ENSG00000006025",-0.0452420598800779,0.0609390609390609,0.0952980656298809
"ENSG00000006062",0.0143825781303116,0.246753246753247,0.304620495067336
"ENSG00000006114",-0.00963883737081147,0.343656343656344,0.404313454533719
"ENSG00000006125",0.0120310041446146,0.307692307692308,0.36798150600519
"ENSG00000006194",-0.00266459599220546,0.611388611388611,0.660227184083775
"ENSG00000006282",-0.0600434659292857,0.023976023976024,0.0489374755679103
"ENSG00000006327",0.130886031391934,0.013986013986014,0.0370555370555371
"ENSG00000006432",-0.0334783089327096,0.15984015984016,0.210101612267203
"ENSG00000006451",-0.0662505430908938,0.00699300699300699,0.0311612747652792
"ENSG00000006459",0.0896750126632525,0.001998001998002,0.0309698899552726
"ENSG00000006530",-0.0634294256046904,0.00899100899100899,0.031668800133044
"ENSG00000006534",0.064240481657876,0.103896103896104,0.146724251072077
"ENSG00000006555",0.000246951141161456,0.99000999000999,0.991742940730188
"ENSG00000006576",-0.0602916065194635,0.014985014985015,0.0380820279318905
"ENSG00000006607",-0.0225678079990476,0.015984015984016,0.0392432899072327
"ENSG00000006625",-0.0628771771168407,0.017982017982018,0.0417277258366272
"ENSG00000006634",-0.06595621575837,0.00999000999000999,0.0329382551604774
"ENSG00000006652",0.146887717818529,0.00999000999000999,0.0329382551604774
"ENSG00000006695",-0.0733598984335079,0.00599400599400599,0.0309698899552726
"ENSG00000006712",0.048736578710629,0.022977022977023,0.0478078016166659
"ENSG00000006715",0.0398880944860778,0.002997002997003,0.0309698899552726
"ENSG00000006744",-0.0411371763764371,0.017982017982018,0.0417277258366272
"ENSG00000006756",0.0271242704987881,0.313686313686314,0.37429330002801
"ENSG00000006757",-0.0441540433703052,0.012987012987013,0.0360623664690208
"ENSG00000006831",0.00801314907257019,0.398601398601399,0.458279116846035
"ENSG00000007047",-0.0048505985991277,0.682317682317682,0.724966307673407
"ENSG00000007080",-0.00931252779113259,0.463536463536464,0.522244419122642
"ENSG00000007129",0.0109891596880408,0.132867132867133,0.179819504819505
"ENSG00000007168",0.0209092222202378,0.026973026973027,0.0526151336084788
"ENSG00000007202",0.00530620136048958,0.755244755244755,0.789469554538703
"ENSG00000007237",0.0978468605109434,0.023976023976024,0.0489374755679103
"ENSG00000007255",-0.0485492927303226,0.015984015984016,0.0392432899072327
"ENSG00000007264",-0.0585131331975684,0.190809190809191,0.244159375547791
"ENSG00000007341",-0.0558627520690006,0.00599400599400599,0.0309698899552726
"ENSG00000007350",-0.0525931025709263,0.0889110889110889,0.128801044664111
"ENSG00000007376",0.00807661245355884,0.396603396603397,0.45646232717675
"ENSG00000007392",-0.0566245443246563,0.000999000999000999,0.0309698899552726
"ENSG00000007516",0.136762435005491,0.010989010989011,0.0339239491564177
"ENSG00000007520",0.0216873459255983,0.010989010989011,0.0339239491564177
"ENSG00000007541",0.0285969945645751,0.198801198801199,0.25261078528154
"ENSG00000007545",-0.0340412654755554,0.0719280719280719,0.108379083303858
"ENSG00000007923",-0.042033087633334,0.00899100899100899,0.031668800133044
"ENSG00000007944",0.116249815263444,0.003996003996004,0.0309698899552726
"ENSG00000007968",0.0212224564952284,0.626373626373626,0.674228234819368
"ENSG00000008018",-0.0196288289863462,0.258741258741259,0.316977823399842
"ENSG00000008083",0.114473202707463,0.00599400599400599,0.0309698899552726
"ENSG00000008086",0.123428650932432,0.00599400599400599,0.0309698899552726
"ENSG00000008128",0.0258906593433825,0.227772227772228,0.283664936100169
"ENSG00000008130",0.186288700564607,0.004995004995005,0.0309698899552726
"ENSG00000008226",-0.0232961567968023,0.25974025974026,0.317974782678867
"ENSG00000008256",-0.00844252720761445,0.443556443556444,0.502702879919025
"ENSG00000008277",-0.0861476755749395,0.013986013986014,0.0370555370555371
"ENSG00000008282",-0.0552625256458254,0.02997002997003,0.0561377525217924
"ENSG00000008283",-0.00546214841914151,0.708291708291708,0.748066591989608
"ENSG00000008294",0.125721202487068,0.004995004995005,0.0309698899552726
"ENSG00000008300",-0.0172522886931733,0.397602397602398,0.457393090302059
"ENSG00000008311",-0.113577914204435,0.002997002997003,0.0309698899552726
"ENSG00000008324",-0.0764125771547968,0.032967032967033,0.0601301870083172
"ENSG00000008382",0.00594733631734644,0.611388611388611,0.660227184083775
"ENSG00000008394",0.0131934197556335,0.691308691308691,0.73289942238425
"ENSG00000008405",-0.0534557798352833,0.012987012987013,0.0360623664690208
"ENSG00000008441",0.044864782647196,0.177822177822178,0.229866293757872
"ENSG00000008513",0.012352429763939,0.436563436563437,0.495806027274559
"ENSG00000008517",-0.0263213423944805,0.128871128871129,0.175260068662807
"ENSG00000008710",-0.0583977425886803,0.045954045954046,0.0767902842430095
"ENSG00000008838",-0.0354697737092912,0.0839160839160839,0.12274872158027
"ENSG00000008853",-0.0173718424159978,0.22977022977023,0.285768252238293
"ENSG00000008869",-0.0289098348690292,0.00999000999000999,0.0329382551604774
"ENSG00000008952",-0.0272625282607465,0.0929070929070929,0.133543528591968
"ENSG00000008988",-0.143443038646606,0.00599400599400599,0.0309698899552726
"ENSG00000009307",0.007042140676122,0.432567432567433,0.49196511825451
"ENSG00000009335",-0.0207485086109646,0.026973026973027,0.0526151336084788
"ENSG00000009413",0.00396246572675802,0.606393606393606,0.655716966136257
"ENSG00000009694",0.0420130280013925,0.0829170829170829,0.121538907488414
"ENSG00000009780",-0.0319154212923815,0.010989010989011,0.0339239491564177
"ENSG00000009790",-0.0606992981575029,0.000999000999000999,0.0309698899552726
"ENSG00000009830",-0.00180119386943309,0.938061938061938,0.948240253312169
"ENSG00000009844",-0.0113880764212669,0.481518481518482,0.539218143019858
"ENSG00000009954",-0.0343660773438785,0.017982017982018,0.0417277258366272
"ENSG00000010017",-0.0208166675276235,0.134865134865135,0.1822157606306
"ENSG00000010030",0.15176734200732,0.041958041958042,0.0717489681633108
"ENSG00000010072",0.0263094110599952,0.016983016983017,0.0404964083535512
"ENSG00000010165",-0.0219162617621725,0.0929070929070929,0.133543528591968
"ENSG00000010219",-0.0672371980029747,0.014985014985015,0.0380820279318905
"ENSG00000010244",-6.86912484950772e-05,0.992007992007992,0.993496003996004
"ENSG00000010256",0.0164441325615733,0.428571428571429,0.488113289288422
"ENSG00000010270",0.0134146352889537,0.387612387612388,0.447657666185439
"ENSG00000010278",-0.0105601270933712,0.626373626373626,0.674228234819368
"ENSG00000010292",0.0145811029562226,0.384615384615385,0.444580907214359
"ENSG00000010295",0.0259689793654003,0.167832167832168,0.218788045667317
"ENSG00000010318",-0.0255716971719616,0.031968031968032,0.0588078690022667
"ENSG00000010322",-0.018583094424124,0.114885114885115,0.159561921956467
"ENSG00000010327",0.0258534329826992,0.502497502497502,0.559271622987126
"ENSG00000010361",0.0872760734863597,0.01998001998002,0.044196554411905
"ENSG00000010404",0.104181874290194,0.010989010989011,0.0339239491564177
"ENSG00000010539",0.0961891357567917,0.002997002997003,0.0309698899552726
"ENSG00000010626",0.008207681869556,0.569430569430569,0.621337986509586
"ENSG00000010671",0.0291758740358893,0.107892107892108,0.151406743653357
"ENSG00000010704",-0.00209232012483059,0.914085914085914,0.927514734505616
"ENSG00000010803",-0.0599134396283625,0.012987012987013,0.0360623664690208
"ENSG00000010810",-0.045947760863086,0.020979020979021,0.0454117208439975
"ENSG00000010818",0.0183194332110581,0.120879120879121,0.166539639427407
"ENSG00000011007",-0.0119242540427089,0.373626373626374,0.434007515778248
"ENSG00000011009",0.0494932598603112,0.001998001998002,0.0309698899552726
"ENSG00000011021",-0.0310748803869372,0.105894105894106,0.149003086832381
"ENSG00000011028",0.0695732894724935,0.0889110889110889,0.128801044664111
"ENSG00000011114",0.00166605293282859,0.695304695304695,0.736486147379854
"ENSG00000011132",0.0248855385257607,0.038961038961039,0.0678698023240711
"ENSG00000011143",-0.0646088054927189,0.001998001998002,0.0309698899552726
"ENSG00000011198",0.209081738567368,0.004995004995005,0.0309698899552726
"ENSG00000011243",0.0399293254054372,0.037962037962038,0.0665831541488284
"ENSG00000011258",-0.00987242432522092,0.136863136863137,0.184521110480276
"ENSG00000011260",-0.0540671319606305,0.012987012987013,0.0360623664690208
"ENSG00000011275",-0.00775039889747606,0.40959040959041,0.469341870943702
"ENSG00000011295",-0.0740961725561824,0.001998001998002,0.0309698899552726
"ENSG00000011304",-0.00247689415938743,0.889110889110889,0.906074337771107
"ENSG00000011376",-0.0334373532988019,0.025974025974026,0.0514006000585945
"ENSG00000011405",-0.0229808172361613,0.00799200799200799,0.0313472428354935
"ENSG00000011422",0.201977807383581,0.003996003996004,0.0309698899552726
"ENSG00000011451",0.0484774120163645,0.040959040959041,0.0705122123257061
"ENSG00000011454",0.00509511510706046,0.306693306693307,0.366932818301658
"ENSG00000011485",-0.0208650204809117,0.325674325674326,0.386448859197674
"ENSG00000011523",-0.0860661400081687,0.002997002997003,0.0309698899552726
"ENSG00000011566",-0.0754900557841067,0.00899100899100899,0.031668800133044
"ENSG00000011600",0.147329201031237,0.002997002997003,0.0309698899552726
"ENSG00000011638",-0.0201667011718989,0.033966033966034,0.0614579638969883
"ENSG00000012048",0.096442072636728,0.00699300699300699,0.0311612747652792
"ENSG00000012061",-0.00192333467177237,0.839160839160839,0.863444774403679
"ENSG00000012174",-0.0680054142451367,0.00699300699300699,0.0311612747652792
"ENSG00000012211",0.0391573371589295,0.01998001998002,0.044196554411905
"ENSG00000012223",0.0565981531884008,0.11988011988012,0.165390802516276
"ENSG00000012232",0.17129526850739,0.003996003996004,0.0309698899552726
"ENSG00000012660",0.120918701536084,0.002997002997003,0.0309698899552726
"ENSG00000012822",0.0739979947134265,0.010989010989011,0.0339239491564177
"ENSG00000012963",-0.00527956099154016,0.406593406593407,0.466396827378024
"ENSG00000012983",-0.0553906213777079,0.00799200799200799,0.0313472428354935
"ENSG00000013016",-0.0142883678708603,0.507492507492508,0.564047438735314
"ENSG00000013275",0.0137826254113562,0.378621378621379,0.438876517001517
"ENSG00000013288",0.0596010686635699,0.00899100899100899,0.031668800133044
"ENSG00000013306",0.0761513881327691,0.043956043956044,0.0742673606444167
"ENSG00000013364",0.121943337165903,0.003996003996004,0.0309698899552726
"ENSG00000013374",0.0385876740778602,0.037962037962038,0.0665831541488284
"ENSG00000013375",-0.0554094683763539,0.013986013986014,0.0370555370555371
"ENSG00000013392",-0.0768527799628764,0.014985014985015,0.0380820279318905
"ENSG00000013441",0.00958199867893785,0.554445554445554,0.607579709430717
"ENSG00000013503",-0.0208499289274766,0.0569430569430569,0.0905693036450051
"ENSG00000013523",-0.0507582463256815,0.00699300699300699,0.0311612747652792
"ENSG00000013561",-0.0253555598605699,0.0789210789210789,0.116778321407723
"ENSG00000013563",0.0443083406672269,0.036963036963037,0.0654036775944903
"ENSG00000013573",-0.00959105349205855,0.742257742257742,0.77812749009539
"ENSG00000013583",0.00617197873182825,0.725274725274725,0.762652169774403
"ENSG00000013810",0.124356637991724,0.002997002997003,0.0309698899552726
"ENSG00000014123",-0.0630763913193299,0.013986013986014,0.0370555370555371
"ENSG00000014138",-0.0212214214515822,0.0769230769230769,0.114541139692918
"ENSG00000014164",0.059850801520161,0.035964035964036,0.0640509460900688
"ENSG00000014216",0.0694104696318111,0.025974025974026,0.0514006000585945
"ENSG00000014257",0.0834376087818978,0.015984015984016,0.0392432899072327
"ENSG00000014641",-0.0731937031865554,0.00799200799200799,0.0313472428354935
"ENSG00000014824",-0.0307652012564554,0.0679320679320679,0.103657642509852
"ENSG00000014914",-0.0171685806063953,0.634365634365634,0.681305289884378
"ENSG00000014919",0.0173198584709987,0.0539460539460539,0.0868019381876659
"ENSG00000015133",-0.0418162388714079,0.042957042957043,0.0729589799685899
"ENSG00000015153",-0.00948571552099703,0.488511488511489,0.545980755968666
"ENSG00000015171",-0.0626369862198147,0.003996003996004,0.0309698899552726
"ENSG00000015285",0.138829894469009,0.003996003996004,0.0309698899552726
"ENSG00000015475",0.121964937955979,0.003996003996004,0.0309698899552726
"ENSG00000015479",-0.067263312656625,0.004995004995005,0.0309698899552726
"ENSG00000015532",-0.0300948053305781,0.036963036963037,0.0654036775944903
"ENSG00000015676",-0.0314668139359705,0.033966033966034,0.0614579638969883
"ENSG00000016864",-0.0273409543516322,0.003996003996004,0.0309698899552726
"ENSG00000017260",-0.0321101213735558,0.00699300699300699,0.0311612747652792
"ENSG00000017483",0.050176907882861,0.0959040959040959,0.137195027327154
"ENSG00000017797",0.105848387534094,0.00599400599400599,0.0309698899552726
"ENSG00000018189",-0.0495394419621051,0.010989010989011,0.0339239491564177
"ENSG00000018280",0.191510643531502,0.004995004995005,0.0309698899552726
"ENSG00000018510",-0.0417766335844874,0.017982017982018,0.0417277258366272
"ENSG00000018610",-0.0239121923577829,0.100899100899101,0.143283161361857
"ENSG00000018699",-0.0639082410278283,0.012987012987013,0.0360623664690208
"ENSG00000018869",-0.0674056771679001,0.010989010989011,0.0339239491564177
"ENSG00000019485",-0.0182738897544531,0.128871128871129,0.175260068662807
"ENSG00000019582",-0.0056921732371093,0.862137862137862,0.883380750888637
"ENSG00000019991",0.022651597151151,0.278721278721279,0.338077546192201
"ENSG00000019995",0.0376602725420608,0.00999000999000999,0.0329382551604774
"ENSG00000020129",-0.0187484196871098,0.300699300699301,0.360695098892524
"ENSG00000020256",-0.0346578253729628,0.0589410589410589,0.0929842014116102
"ENSG00000020426",-0.0816692650934319,0.00799200799200799,0.0313472428354935
"ENSG00000020577",-0.038483866513107,0.152847152847153,0.20252669050905
"ENSG00000020633",-0.0340730821242201,0.2997002997003,0.359855949824978
"ENSG00000020922",-0.0432672459182595,0.00599400599400599,0.0309698899552726
"ENSG00000021300",-0.0619417700226815,0.100899100899101,0.143283161361857
"ENSG00000021355",0.114135435654932,0.000999000999000999,0.0309698899552726
"ENSG00000021574",0.0531519388132173,0.017982017982018,0.0417277258366272
"ENSG00000021762",-0.0278033480050928,0.545454545454545,0.599476243920688
"ENSG00000021776",-0.0134239232523467,0.0689310689310689,0.104835938548923
"ENSG00000022267",-0.020383444149828,0.182817182817183,0.23531079609049
"ENSG00000022277",0.126915741370844,0.002997002997003,0.0309698899552726
"ENSG00000022567",0.161319447146378,0.010989010989011,0.0339239491564177
"ENSG00000022840",0.053162161571414,0.131868131868132,0.178628404958432
"ENSG00000022976",0.0294074003466855,0.033966033966034,0.0614579638969883
"ENSG00000023041",-0.0191980602847226,0.014985014985015,0.0380820279318905
"ENSG00000023171",0.0420925631710595,0.131868131868132,0.178628404958432
"ENSG00000023191",-0.0103816916095559,0.728271728271728,0.7653348749886
"ENSG00000023228",0.00856629040826326,0.180819180819181,0.233188637738482
"ENSG00000023287",0.0575109706440742,0.014985014985015,0.0380820279318905
"ENSG00000023318",0.032831280293149,0.011988011988012,0.0350284289015142
"ENSG00000023330",0.0753468474096676,0.004995004995005,0.0309698899552726
"ENSG00000023516",-0.0736149827980037,0.003996003996004,0.0309698899552726
"ENSG00000023572",-0.0326001465994337,0.130869130869131,0.17743515509761
"ENSG00000023608",-0.0666135206951032,0.012987012987013,0.0360623664690208
"ENSG00000023697",-0.00735009978454669,0.392607392607393,0.452513248715416
"ENSG00000023734",-0.0387588872670396,0.0729270729270729,0.10954100267936
"ENSG00000023839",0.056591655817387,0.02997002997003,0.0561377525217924
"ENSG00000023892",0.0588460763275945,0.011988011988012,0.0350284289015142
"ENSG00000023902",0.063705680955138,0.012987012987013,0.0360623664690208
"ENSG00000023909",-0.00529679699097092,0.708291708291708,0.748066591989608
"ENSG00000024048",0.120727646736809,0.002997002997003,0.0309698899552726
"ENSG00000024862",0.0572173082920485,0.00599400599400599,0.0309698899552726
"ENSG00000025039",0.143968648769364,0.003996003996004,0.0309698899552726
"ENSG00000025156",-0.0977923631409149,0.010989010989011,0.0339239491564177
"ENSG00000025293",0.039175121574318,0.00699300699300699,0.0311612747652792
"ENSG00000025434",0.0191162677760616,0.13986013986014,0.18792924427987
"ENSG00000025708",0.130798535334283,0.011988011988012,0.0350284289015142
"ENSG00000025770",-0.00769087219821343,0.431568431568432,0.490968327393924
"ENSG00000025772",-0.0333414800458904,0.015984015984016,0.0392432899072327
"ENSG00000025796",-0.0361619342812789,0.011988011988012,0.0350284289015142
"ENSG00000025800",0.00401357500507502,0.743256743256743,0.77897092007147
"ENSG00000026025",0.0655431915860764,0.023976023976024,0.0489374755679103
"ENSG00000026103",0.109390880549579,0.002997002997003,0.0309698899552726
"ENSG00000026297",0.127050408205949,0.003996003996004,0.0309698899552726
"ENSG00000026508",-0.0067189693382709,0.340659340659341,0.401455575215136
"ENSG00000026652",0.0111679543765052,0.633366633366633,0.680353968519861
"ENSG00000026751",-0.0226373141702573,0.617382617382617,0.665802610885166
"ENSG00000026950",0.0250183764651148,0.190809190809191,0.244159375547791
"ENSG00000027001",-0.0502850445583595,0.027972027972028,0.0538126832348059
"ENSG00000027075",-0.062048275203964,0.011988011988012,0.0350284289015142
"ENSG00000027697",0.101321449572337,0.004995004995005,0.0309698899552726
"ENSG00000027847",-0.0362276346314738,0.013986013986014,0.0370555370555371
"ENSG00000027869",-0.030368993316476,0.501498501498502,0.558314867161555
"ENSG00000028116",-0.0319304081388557,0.175824175824176,0.227699886320576
"ENSG00000028137",0.130770540600241,0.00599400599400599,0.0309698899552726
"ENSG00000028203",-0.0818158353127683,0.001998001998002,0.0309698899552726
"ENSG00000028277",-0.0115601948591896,0.504495504495505,0.561079675460575
"ENSG00000028310",-0.0265616051812251,0.017982017982018,0.0417277258366272
"ENSG00000028528",0.0259146488832496,0.002997002997003,0.0309698899552726
"ENSG00000028839",-0.00831866871789829,0.275724275724276,0.334983253705453
"ENSG00000029363",0.00581342363333344,0.477522477522478,0.535491754676228
"ENSG00000029364",0.0181079339203113,0.011988011988012,0.0350284289015142
"ENSG00000029534",0.0339435453989947,0.31968031968032,0.380651746945218
"ENSG00000029639",-0.0494945777341732,0.010989010989011,0.0339239491564177
"ENSG00000029725",-0.0336263183276347,0.00899100899100899,0.031668800133044
"ENSG00000030066",-0.0405097575834752,0.00899100899100899,0.031668800133044
"ENSG00000030110",0.0152972382639738,0.1998001998002,0.253692424849319
"ENSG00000030419",-0.0805858074548064,0.013986013986014,0.0370555370555371
"ENSG00000030582",0.111761005174685,0.014985014985015,0.0380820279318905
"ENSG00000031003",-0.00942598966273603,0.270729270729271,0.330082619014343
"ENSG00000031081",-0.0106937024858997,0.665334665334665,0.709997514472741
"ENSG00000031698",-0.00853535084545713,0.382617382617383,0.442739813623696
"ENSG00000031823",0.0270176596346149,0.0839160839160839,0.12274872158027
"ENSG00000032219",0.0651189847124366,0.00699300699300699,0.0311612747652792
"ENSG00000032389",-0.0122657260078995,0.131868131868132,0.178628404958432
"ENSG00000032444",0.028853077616296,0.242757242757243,0.300242517593552
"ENSG00000032742",-0.015180406245444,0.363636363636364,0.424248307754763
"ENSG00000033011",-0.0351687098427999,0.027972027972028,0.0538126832348059
"ENSG00000033030",-0.0146460356253555,0.176823176823177,0.228796397401049
"ENSG00000033050",-0.0517846937947686,0.001998001998002,0.0309698899552726
"ENSG00000033100",0.0551556582530065,0.023976023976024,0.0489374755679103
"ENSG00000033170",-0.083913667102827,0.004995004995005,0.0309698899552726
"ENSG00000033178",-0.0200122479450101,0.0859140859140859,0.125168564009636
"ENSG00000033327",0.198751089055443,0.003996003996004,0.0309698899552726
"ENSG00000033627",0.070088671535731,0.010989010989011,0.0339239491564177
"ENSG00000033800",0.0843873672455671,0.002997002997003,0.0309698899552726
"ENSG00000033867",-0.0763732899839967,0.004995004995005,0.0309698899552726
"ENSG00000034053",-0.0903162136248177,0.00999000999000999,0.0329382551604774
"ENSG00000034152",0.0842638945343714,0.034965034965035,0.0627459743481843
"ENSG00000034510",-0.0543000939271601,0.015984015984016,0.0392432899072327
"ENSG00000034533",-0.0277968868111581,0.010989010989011,0.0339239491564177
"ENSG00000034677",0.0187462344292078,0.0789210789210789,0.116778321407723
"ENSG00000034693",-0.0777619089264792,0.00599400599400599,0.0309698899552726
"ENSG00000034713",0.0464612759999386,0.002997002997003,0.0309698899552726
"ENSG00000035115",-0.0795667034477576,0.00799200799200799,0.0313472428354935
"ENSG00000035141",-0.0675251749065482,0.004995004995005,0.0309698899552726
"ENSG00000035403",0.0567738858197685,0.0609390609390609,0.0952980656298809
"ENSG00000035681",0.031412136435423,0.021978021978022,0.0464939039133723
"ENSG00000035687",-0.00988633500769302,0.0739260739260739,0.110847605295515
"ENSG00000035862",0.141913859030071,0.00899100899100899,0.031668800133044
"ENSG00000035928",-0.0492336629501738,0.00699300699300699,0.0311612747652792
"ENSG00000036054",0.0153478765869447,0.252747252747253,0.310648034722488
"ENSG00000036257",0.0444302868121914,0.00699300699300699,0.0311612747652792
"ENSG00000036448",-0.157121870981239,0.01998001998002,0.044196554411905
"ENSG00000036549",-0.0791028427270218,0.00599400599400599,0.0309698899552726
"ENSG00000037474",-0.0331864249353565,0.024975024975025,0.0503016340120413
"ENSG00000037637",0.0153847462617221,0.168831168831169,0.219899532568873
"ENSG00000037749",0.0263865782327054,0.010989010989011,0.0339239491564177
"ENSG00000037757",-0.0298777575912646,0.048951048951049,0.0806102639481647
"ENSG00000038002",-0.0630325705277353,0.002997002997003,0.0309698899552726
"ENSG00000038210",-0.0606770280431205,0.016983016983017,0.0404964083535512
"ENSG00000038219",0.132012606773316,0.002997002997003,0.0309698899552726
"ENSG00000038274",0.0173614484202195,0.0619380619380619,0.0965087032764979
"ENSG00000038358",-0.0110712289107029,0.586413586413586,0.636977447714975
"ENSG00000038382",-0.0329574905167184,0.126873126873127,0.172953861021012
"ENSG00000038427",0.0308027222248577,0.407592407592408,0.467453531295501
"ENSG00000038532",0.0119701311622078,0.388611388611389,0.448638969100064
"ENSG00000038945",0.0113491076155358,0.764235764235764,0.79713464802859
"ENSG00000039068",0.039656171229674,0.048951048951049,0.0806102639481647
"ENSG00000039123",-0.0501267589490573,0.016983016983017,0.0404964083535512
"ENSG00000039319",0.114297059860247,0.003996003996004,0.0309698899552726
"ENSG00000039523",0.0284146744898165,0.136863136863137,0.184521110480276
"ENSG00000039650",0.0201301496613082,0.194805194805195,0.248426234207219
"ENSG00000040199",-0.0270725345206684,0.03996003996004,0.0691988127146629
"ENSG00000040275",-0.0742987021194724,0.013986013986014,0.0370555370555371
"ENSG00000040341",-0.00674146799906573,0.457542457542458,0.516411087034678
"ENSG00000040487",0.0425499929262198,0.031968031968032,0.0588078690022667
"ENSG00000040531",0.0181978662072443,0.335664335664336,0.396580218837395
"ENSG00000040633",0.0675243634041349,0.004995004995005,0.0309698899552726
"ENSG00000040933",0.0109841153330981,0.420579420579421,0.48014852061589
"ENSG00000041357",-0.0629367916435105,0.136863136863137,0.184521110480276
"ENSG00000041802",-0.0597277791561966,0.002997002997003,0.0309698899552726
"ENSG00000041988",-0.00255348928125982,0.579420579420579,0.630292951074993
"ENSG00000042088",-0.0530097171745014,0.003996003996004,0.0309698899552726
"ENSG00000042286",-0.033977251723419,0.050949050949051,0.0830019919080513
"ENSG00000042317",-0.0696020035426288,0.021978021978022,0.0464939039133723
"ENSG00000042429",0.000945183953473354,0.877122877122877,0.896061096333113
"ENSG00000042445",-0.00268308502335356,0.845154845154845,0.868571141531634
"ENSG00000042493",0.0266576869707496,0.360639360639361,0.421037870231575
"ENSG00000042753",0.0160953140898131,0.336663336663337,0.397486981041358
"ENSG00000042832",0.161043675494901,0.010989010989011,0.0339239491564177
"ENSG00000043093",0.0203441471881323,0.11988011988012,0.165390802516276
"ENSG00000043143",-0.0373501426418463,0.040959040959041,0.0705122123257061
"ENSG00000043462",0.0664268075105901,0.004995004995005,0.0309698899552726
"ENSG00000043514",-0.0523967200571856,0.000999000999000999,0.0309698899552726
"ENSG00000044090",-0.00324932944388851,0.816183816183816,0.843921285631687
"ENSG00000044115",0.0825314110695789,0.01998001998002,0.044196554411905
"ENSG00000044446",0.0540509000237974,0.00799200799200799,0.0313472428354935
"ENSG00000044459",-0.0117595749031073,0.72027972027972,0.75839510060642
"ENSG00000044574",0.0564310580107126,0.014985014985015,0.0380820279318905
"ENSG00000046647",-0.058628555909872,0.015984015984016,0.0392432899072327
"ENSG00000046651",-0.0554537949114538,0.014985014985015,0.0380820279318905
"ENSG00000047056",0.0175094357457317,0.0909090909090909,0.131142174354274
"ENSG00000047188",-0.0567259053379245,0.003996003996004,0.0309698899552726
"ENSG00000047230",-0.0606531272297045,0.00699300699300699,0.0311612747652792
"ENSG00000047249",0.010340261181839,0.022977022977023,0.0478078016166659
"ENSG00000047315",-0.00751219578792724,0.488511488511489,0.545980755968666
"ENSG00000047346",0.00657845375076928,0.606393606393606,0.655716966136257
"ENSG00000047365",-0.0345435625439033,0.0809190809190809,0.119235595204207
"ENSG00000047410",0.0408283206700233,0.00899100899100899,0.031668800133044
"ENSG00000047578",0.0871456276721447,0.010989010989011,0.0339239491564177
"ENSG00000047579",-0.00974438190310339,0.405594405594406,0.465339719945925
"ENSG00000047597",0.0148024806832225,0.527472527472527,0.582911708980675
"ENSG00000047621",-0.0516807885361629,0.034965034965035,0.0627459743481843
"ENSG00000047634",-0.111076254504159,0.004995004995005,0.0309698899552726
"ENSG00000047644",0.0962498171251615,0.00999000999000999,0.0329382551604774
"ENSG00000047648",0.0147969543310585,0.589410589410589,0.639481489892251
"ENSG00000047849",-0.0376375705041172,0.0569430569430569,0.0905693036450051
"ENSG00000047932",-0.0486985655048243,0.00699300699300699,0.0311612747652792
"ENSG00000048028",-0.0300022997097121,0.282717282717283,0.342302670128582
"ENSG00000048052",-0.0484220150762145,0.04995004995005,0.0818292939339832
"ENSG00000048140",-0.0175298230065951,0.202797202797203,0.256954853264816
"ENSG00000048162",-0.0530979836179569,0.012987012987013,0.0360623664690208
"ENSG00000048392",0.122847189659946,0.002997002997003,0.0309698899552726
"ENSG00000048405",-0.0366343295536958,0.024975024975025,0.0503016340120413
"ENSG00000048471",0.00071423073960433,0.953046953046953,0.960318460779599
"ENSG00000048544",-0.0204427086956379,0.182817182817183,0.23531079609049
"ENSG00000048649",-0.00449488440230399,0.603396603396603,0.652828626181165
"ENSG00000048707",-0.00550866130650302,0.672327672327672,0.716251570431164
"ENSG00000048740",0.0766912064137944,0.003996003996004,0.0309698899552726
"ENSG00000048828",0.0651217554841636,0.001998001998002,0.0309698899552726
"ENSG00000048991",-0.07899407033613,0.00699300699300699,0.0311612747652792
"ENSG00000049089",0.0172857339180794,0.467532467532468,0.526203895374152
"ENSG00000049167",-0.054106677299747,0.051948051948052,0.084286713691331
"ENSG00000049192",-0.109072433577687,0.00999000999000999,0.0329382551604774
"ENSG00000049239",0.0448809140004604,0.021978021978022,0.0464939039133723
"ENSG00000049245",0.0778136552980455,0.003996003996004,0.0309698899552726
"ENSG00000049246",-0.0896092826682849,0.002997002997003,0.0309698899552726
"ENSG00000049249",0.169342991775448,0.00599400599400599,0.0309698899552726
"ENSG00000049323",0.0437439744513779,0.0879120879120879,0.127615348777325
"ENSG00000049449",-0.0425022885051174,0.0949050949050949,0.136008756328337
"ENSG00000049541",0.0548860358903636,0.000999000999000999,0.0309698899552726
"ENSG00000049618",-0.0140461209180156,0.22977022977023,0.285768252238293
"ENSG00000049656",0.0013842649211417,0.895104895104895,0.911487089423032
"ENSG00000049759",-0.0228431531278047,0.127872127872128,0.174197147219138
"ENSG00000049769",-0.0654493657041585,0.00699300699300699,0.0311612747652792
"ENSG00000049860",0.031349355638968,0.0789210789210789,0.116778321407723
"ENSG00000049883",-0.0619280927906193,0.00699300699300699,0.0311612747652792
"ENSG00000050130",0.033977060467032,0.037962037962038,0.0665831541488284
"ENSG00000050344",-0.0416218759333609,0.152847152847153,0.20252669050905
"ENSG00000050393",-0.0330560819226336,0.024975024975025,0.0503016340120413
"ENSG00000050405",-0.0936123473241345,0.003996003996004,0.0309698899552726
"ENSG00000050426",-0.053330869682001,0.001998001998002,0.0309698899552726
"ENSG00000050438",-0.0258198912289608,0.192807192807193,0.246322615409466
"ENSG00000050748",-0.0350964625235326,0.002997002997003,0.0309698899552726
"ENSG00000051009",0.0733504998804172,0.00799200799200799,0.0313472428354935
"ENSG00000051108",0.0627654023727995,0.001998001998002,0.0309698899552726
"ENSG00000051128",0.0714722277864414,0.012987012987013,0.0360623664690208
"ENSG00000051341",-0.0136020164036627,0.565434565434565,0.617650664187657
"ENSG00000051382",0.0415327461157571,0.014985014985015,0.0380820279318905
"ENSG00000051523",0.0998230012347076,0.003996003996004,0.0309698899552726
"ENSG00000051596",-0.0952933434753682,0.003996003996004,0.0309698899552726
"ENSG00000051620",0.0840982684319398,0.00899100899100899,0.031668800133044
"ENSG00000051825",-0.0721865813144527,0.002997002997003,0.0309698899552726
"ENSG00000052126",-0.0812302221718409,0.025974025974026,0.0514006000585945
"ENSG00000052723",-0.0462637329181743,0.031968031968032,0.0588078690022667
"ENSG00000052795",-0.0389109643476913,0.0599400599400599,0.0941400470935233
"ENSG00000052802",-0.0649545679925238,0.020979020979021,0.0454117208439975
"ENSG00000052841",-0.0298503254021657,0.003996003996004,0.0309698899552726
"ENSG00000053254",0.0513108510468475,0.010989010989011,0.0339239491564177
"ENSG00000053371",-0.0184270812484275,0.111888111888112,0.156211817921855
"ENSG00000053372",-0.0441293642678127,0.014985014985015,0.0380820279318905
"ENSG00000053501",-0.0587380600575376,0.002997002997003,0.0309698899552726
"ENSG00000053524",-0.052881998889515,0.0539460539460539,0.0868019381876659
"ENSG00000053770",-0.0143916126620103,0.327672327672328,0.388321273441084
"ENSG00000053900",-0.0546152919846201,0.003996003996004,0.0309698899552726
"ENSG00000053918",0.0744682449423841,0.00799200799200799,0.0313472428354935
"ENSG00000054116",0.0191956853548525,0.020979020979021,0.0454117208439975
"ENSG00000054118",0.0557201169308261,0.017982017982018,0.0417277258366272
"ENSG00000054148",-0.0376723839559205,0.0639360639360639,0.0989420057151193
"ENSG00000054219",0.0358542759135477,0.016983016983017,0.0404964083535512
"ENSG00000054267",0.0489061482500225,0.010989010989011,0.0339239491564177
"ENSG00000054277",-0.0324049985979284,0.14985014985015,0.199368880870043
"ENSG00000054282",-0.0349845626081238,0.00699300699300699,0.0311612747652792
"ENSG00000054392",-0.0467708309876791,0.004995004995005,0.0309698899552726
"ENSG00000054523",0.121328998949528,0.003996003996004,0.0309698899552726
"ENSG00000054611",0.0538841228774185,0.00699300699300699,0.0311612747652792
"ENSG00000054654",0.0408441305824906,0.00599400599400599,0.0309698899552726
"ENSG00000054793",0.0531390928865774,0.0969030969030969,0.138393513794583
"ENSG00000054965",0.0349234187374564,0.02997002997003,0.0561377525217924
"ENSG00000054967",0.110023456772859,0.00899100899100899,0.031668800133044
"ENSG00000054983",0.0216817970018807,0.0969030969030969,0.138393513794583
"ENSG00000055044",-0.100491362263423,0.002997002997003,0.0309698899552726
"ENSG00000055070",0.0319305604906275,0.00699300699300699,0.0311612747652792
"ENSG00000055118",0.0412920011355101,0.0829170829170829,0.121538907488414
"ENSG00000055130",-0.0541129814779289,0.003996003996004,0.0309698899552726
"ENSG00000055147",-0.0317813722901448,0.014985014985015,0.0380820279318905
"ENSG00000055163",0.0194348896680561,0.178821178821179,0.231033425830244
"ENSG00000055208",0.0421684512739037,0.010989010989011,0.0339239491564177
"ENSG00000055211",0.0296045800594105,0.026973026973027,0.0526151336084788
"ENSG00000055332",0.10009473344005,0.014985014985015,0.0380820279318905
"ENSG00000055483",-0.0402640130871565,0.012987012987013,0.0360623664690208
"ENSG00000055609",0.0547760735033267,0.00899100899100899,0.031668800133044
"ENSG00000055917",0.0223318456342087,0.00699300699300699,0.0311612747652792
"ENSG00000055950",-0.0405518595289716,0.00999000999000999,0.0329382551604774
"ENSG00000056050",-0.0717546790540739,0.016983016983017,0.0404964083535512
"ENSG00000056097",-0.0117749745821123,0.185814185814186,0.238606142228324
"ENSG00000056277",-0.0691410015339629,0.002997002997003,0.0309698899552726
"ENSG00000056558",-0.0658905472471226,0.003996003996004,0.0309698899552726
"ENSG00000056586",0.0035229188056477,0.368631368631369,0.429242494740024
"ENSG00000056972",-0.0135128309997343,0.354645354645355,0.415331112076386
"ENSG00000057019",-0.0819664220511198,0.0599400599400599,0.0941400470935233
"ENSG00000057252",0.0438139326702152,0.00599400599400599,0.0309698899552726
"ENSG00000057608",0.0078754203913662,0.547452547452547,0.601287215800102
"ENSG00000057657",0.0523245489490295,0.023976023976024,0.0489374755679103
"ENSG00000057663",-0.0572054225839921,0.034965034965035,0.0627459743481843
"ENSG00000057704",0.212396721558063,0.004995004995005,0.0309698899552726
"ENSG00000057757",-0.00862286339736199,0.709290709290709,0.748792669031601
"ENSG00000057935",-0.0846111242981154,0.004995004995005,0.0309698899552726
"ENSG00000058056",-0.0701288976365781,0.014985014985015,0.0380820279318905
"ENSG00000058063",0.0488814248146515,0.013986013986014,0.0370555370555371
"ENSG00000058091",0.124984328297872,0.002997002997003,0.0309698899552726
"ENSG00000058262",-0.000422299352688922,0.981018981018981,0.983966459179278
"ENSG00000058272",0.0672427695487968,0.00599400599400599,0.0309698899552726
"ENSG00000058453",-0.0538102711808586,0.018981018981019,0.0430078970802953
"ENSG00000058600",-0.0643866683082079,0.00599400599400599,0.0309698899552726
"ENSG00000058668",0.032129546682174,0.12987012987013,0.176359233986353
"ENSG00000058673",0.0451375626169407,0.00899100899100899,0.031668800133044
"ENSG00000058729",-0.0604692567773561,0.023976023976024,0.0489374755679103
"ENSG00000058799",0.112721925909657,0.001998001998002,0.0309698899552726
"ENSG00000058804",-0.055567162026745,0.00699300699300699,0.0311612747652792
"ENSG00000058866",0.0828954424605741,0.013986013986014,0.0370555370555371
"ENSG00000059122",-0.0558929374812014,0.011988011988012,0.0350284289015142
"ENSG00000059145",0.0724299896630632,0.018981018981019,0.0430078970802953
"ENSG00000059377",0.138179006320629,0.004995004995005,0.0309698899552726
"ENSG00000059378",-0.000441895407559368,0.972027972027972,0.976741820052857
"ENSG00000059573",-0.0470574231037141,0.027972027972028,0.0538126832348059
"ENSG00000059588",-0.0792834934178657,0.002997002997003,0.0309698899552726
"ENSG00000059691",-0.0383226744978732,0.011988011988012,0.0350284289015142
"ENSG00000059758",0.0093718948042846,0.208791208791209,0.263355661970272
"ENSG00000059769",0.0201278977345518,0.21978021978022,0.275166025765047
"ENSG00000059804",0.208260768371855,0.002997002997003,0.0309698899552726
"ENSG00000060069",0.0794129964824541,0.004995004995005,0.0309698899552726
"ENSG00000060138",0.0658508775299944,0.041958041958042,0.0717489681633108
"ENSG00000060237",0.0321361246455072,0.153846153846154,0.20355863447353
"ENSG00000060339",-0.0512587219554206,0.002997002997003,0.0309698899552726
"ENSG00000060491",0.0893168273056516,0.00799200799200799,0.0313472428354935
"ENSG00000060558",0.0410192202107037,0.155844155844156,0.205658840994297
"ENSG00000060642",-0.0150100678105902,0.0969030969030969,0.138393513794583
"ENSG00000060688",-0.0423020591558253,0.004995004995005,0.0309698899552726
"ENSG00000060749",-0.0374579784462561,0.037962037962038,0.0665831541488284
"ENSG00000060762",-0.00907097227868302,0.424575424575425,0.484020816974716
"ENSG00000060971",0.0623676404775407,0.00799200799200799,0.0313472428354935
"ENSG00000060982",0.00762514009152608,0.757242757242757,0.791007688530505
"ENSG00000061273",0.053533216384873,0.0579420579420579,0.0917937849126882
"ENSG00000061676",-0.0780772372014348,0.002997002997003,0.0309698899552726
"ENSG00000061794",-0.0620266914317453,0.014985014985015,0.0380820279318905
"ENSG00000061918",0.020208523240671,0.328671328671329,0.389351604531496
"ENSG00000061936",-0.00618342343500842,0.396603396603397,0.45646232717675
"ENSG00000061938",0.0335824023125604,0.131868131868132,0.178628404958432
"ENSG00000061987",-0.00188455079556844,0.716283716283716,0.755113833534886
"ENSG00000062194",0.014627142847109,0.348651348651349,0.409108758845139
"ENSG00000062282",0.260708919672235,0.003996003996004,0.0309698899552726
"ENSG00000062485",-0.0194437985756987,0.10989010989011,0.153869199657386
"ENSG00000062524",-0.0612342789144188,0.0539460539460539,0.0868019381876659
"ENSG00000062598",0.0309992945383324,0.037962037962038,0.0665831541488284
"ENSG00000062650",0.0234787736933245,0.030969030969031,0.0574804346232918
"ENSG00000062716",0.13511057125129,0.004995004995005,0.0309698899552726
"ENSG00000062725",4.5132206844543e-05,0.995004995004995,0.995584883021399
"ENSG00000062822",-0.0292000081135792,0.113886113886114,0.158449098944584
"ENSG00000063046",-0.0631340253722013,0.003996003996004,0.0309698899552726
"ENSG00000063127",-0.0318814042670898,0.154845154845155,0.204565139158961
"ENSG00000063176",-0.00714309430956187,0.544455544455544,0.598706810620069
"ENSG00000063177",-0.0644928199989223,0.00999000999000999,0.0329382551604774
"ENSG00000063241",-0.0336341091058185,0.120879120879121,0.166539639427407
"ENSG00000063244",0.035929496848494,0.041958041958042,0.0717489681633108
"ENSG00000063245",0.0620207634441793,0.046953046953047,0.078144539299504
"ENSG00000063322",0.0188187691047914,0.014985014985015,0.0380820279318905
"ENSG00000063587",-0.0484302496890122,0.042957042957043,0.0729589799685899
"ENSG00000063601",0.0121379564973075,0.161838161838162,0.212240400367856
"ENSG00000063761",-0.0194619535151932,0.218781218781219,0.274115167568045
"ENSG00000063854",0.0199122409056919,0.36963036963037,0.430155687248744
"ENSG00000063978",0.0288633038065168,0.02997002997003,0.0561377525217924
"ENSG00000064012",0.0926483784623157,0.003996003996004,0.0309698899552726
"ENSG00000064102",-0.0609995056777032,0.010989010989011,0.0339239491564177
"ENSG00000064115",-0.026364921883932,0.00699300699300699,0.0311612747652792
"ENSG00000064201",-0.0226549274029676,0.293706293706294,0.353931839743531
"ENSG00000064313",-0.0251996586393046,0.013986013986014,0.0370555370555371
"ENSG00000064393",0.01369198688251,0.594405594405594,0.643970651182406
"ENSG00000064419",0.0465818993180061,0.002997002997003,0.0309698899552726
"ENSG00000064490",0.0290272083193308,0.011988011988012,0.0350284289015142
"ENSG00000064545",-0.0520630436735606,0.002997002997003,0.0309698899552726
"ENSG00000064547",0.137225872338766,0.013986013986014,0.0370555370555371
"ENSG00000064601",0.0741973156676017,0.014985014985015,0.0380820279318905
"ENSG00000064607",-0.0377708676034428,0.00599400599400599,0.0309698899552726
"ENSG00000064651",-0.0550099499973389,0.028971028971029,0.0550211482575579
"ENSG00000064652",-0.0222449426550829,0.251748251748252,0.309610160613026
"ENSG00000064666",0.143559991091293,0.004995004995005,0.0309698899552726
"ENSG00000064687",0.105385168078464,0.017982017982018,0.0417277258366272
"ENSG00000064703",-0.0342807937637235,0.016983016983017,0.0404964083535512
"ENSG00000064726",-0.0278926774883217,0.0569430569430569,0.0905693036450051
"ENSG00000064763",0.112748483838486,0.023976023976024,0.0489374755679103
"ENSG00000064932",0.203622456551258,0.004995004995005,0.0309698899552726
"ENSG00000064933",-0.0719599336194017,0.023976023976024,0.0489374755679103
"ENSG00000064961",0.00836955021783042,0.535464535464535,0.590386494239705
"ENSG00000064989",-0.0501441999385468,0.135864135864136,0.183359369434608
"ENSG00000064995",-0.0510733903442756,0.00999000999000999,0.0329382551604774
"ENSG00000064999",0.0752328721117992,0.012987012987013,0.0360623664690208
"ENSG00000065000",0.0312281698302128,0.122877122877123,0.168577313097861
"ENSG00000065029",-0.0525242862184274,0.00599400599400599,0.0309698899552726
"ENSG00000065057",-0.0417133108915804,0.037962037962038,0.0665831541488284
"ENSG00000065060",-0.0236029298113456,0.115884115884116,0.160633829837982
"ENSG00000065135",0.0698211724317053,0.003996003996004,0.0309698899552726
"ENSG00000065150",-0.0705763059286018,0.003996003996004,0.0309698899552726
"ENSG00000065154",0.0227339451941615,0.180819180819181,0.233188637738482
"ENSG00000065183",-0.0487733777072987,0.020979020979021,0.0454117208439975
"ENSG00000065243",0.0809169625534557,0.013986013986014,0.0370555370555371
"ENSG00000065268",-0.0308185761506393,0.134865134865135,0.1822157606306
"ENSG00000065308",-0.0237652176209429,0.135864135864136,0.183359369434608
"ENSG00000065413",0.0620777744235065,0.00799200799200799,0.0313472428354935
"ENSG00000065427",-0.0278984242737248,0.03996003996004,0.0691988127146629
"ENSG00000065457",0.0106423635162398,0.0779220779220779,0.115641829151338
"ENSG00000065485",-0.00588894651470946,0.696303696303696,0.737284389619191
"ENSG00000065491",0.00958837807475668,0.657342657342657,0.702841997859791
"ENSG00000065518",-0.0278262139697216,0.041958041958042,0.0717489681633108
"ENSG00000065526",0.0637267756570584,0.00599400599400599,0.0309698899552726
"ENSG00000065534",0.0677415686676905,0.032967032967033,0.0601301870083172
"ENSG00000065548",-0.0623464146219957,0.035964035964036,0.0640509460900688
"ENSG00000065559",0.107006912394626,0.004995004995005,0.0309698899552726
"ENSG00000065600",-0.0442465631819939,0.002997002997003,0.0309698899552726
"ENSG00000065613",0.0589391090535998,0.00599400599400599,0.0309698899552726
"ENSG00000065615",0.121395838906927,0.002997002997003,0.0309698899552726
"ENSG00000065665",0.0798962840048321,0.00699300699300699,0.0311612747652792
"ENSG00000065675",-0.0723211445458902,0.001998001998002,0.0309698899552726
"ENSG00000065802",-0.0479557709519908,0.017982017982018,0.0417277258366272
"ENSG00000065809",0.0214809275761407,0.032967032967033,0.0601301870083172
"ENSG00000065882",0.104092090556865,0.003996003996004,0.0309698899552726
"ENSG00000065883",0.00738823594900849,0.0939060939060939,0.134753843171754
"ENSG00000065911",-0.0469291447103394,0.0889110889110889,0.128801044664111
"ENSG00000065923",-0.031061399034984,0.338661338661339,0.399375131786083
"ENSG00000065970",0.0269183731161114,0.178821178821179,0.231033425830244
"ENSG00000065978",0.0204878132497789,0.160839160839161,0.211206843855445
"ENSG00000066027",0.0861600346083794,0.00899100899100899,0.031668800133044
"ENSG00000066044",-0.0261924704872329,0.0759240759240759,0.113433061220232
"ENSG00000066084",0.124106941000319,0.002997002997003,0.0309698899552726
"ENSG00000066117",-0.0214324144228828,0.0729270729270729,0.10954100267936
"ENSG00000066135",0.0307694545442815,0.040959040959041,0.0705122123257061
"ENSG00000066136",0.0776239985968797,0.004995004995005,0.0309698899552726
"ENSG00000066279",-0.0153320038940648,0.56043956043956,0.613085985560043
"ENSG00000066294",-0.0521802092788013,0.00699300699300699,0.0311612747652792
"ENSG00000066322",0.0534165173487392,0.00599400599400599,0.0309698899552726
"ENSG00000066336",0.172249292135761,0.004995004995005,0.0309698899552726
"ENSG00000066422",-0.0201729761871332,0.031968031968032,0.0588078690022667
"ENSG00000066427",-0.0277899293168552,0.017982017982018,0.0417277258366272
"ENSG00000066455",0.0146967015092407,0.037962037962038,0.0665831541488284
"ENSG00000066557",-0.0785502661940125,0.015984015984016,0.0392432899072327
"ENSG00000066583",-0.000826985320800833,0.935064935064935,0.945608413800942
"ENSG00000066651",-0.0900147930252092,0.004995004995005,0.0309698899552726
"ENSG00000066654",-0.0406198550562319,0.00899100899100899,0.031668800133044
"ENSG00000066697",-0.0696298220944813,0.00599400599400599,0.0309698899552726
"ENSG00000066739",0.00109477791361195,0.899100899100899,0.915013515572411
"ENSG00000066777",0.0109350300015925,0.102897102897103,0.145570027382858
"ENSG00000066827",0.031947776214098,0.01998001998002,0.044196554411905
"ENSG00000066855",-0.0595324660554984,0.020979020979021,0.0454117208439975
"ENSG00000066926",0.020063148689662,0.480519480519481,0.538350248614069
"ENSG00000066933",-0.0716862268366121,0.002997002997003,0.0309698899552726
"ENSG00000067057",-0.0439304093049299,0.00999000999000999,0.0329382551604774
"ENSG00000067064",0.0132667127585823,0.536463536463537,0.591216761230516
"ENSG00000067066",0.0544524270110967,0.003996003996004,0.0309698899552726
"ENSG00000067082",0.114012572045281,0.003996003996004,0.0309698899552726
"ENSG00000067113",-0.0895087941844924,0.001998001998002,0.0309698899552726
"ENSG00000067141",-0.0543926154178003,0.014985014985015,0.0380820279318905
"ENSG00000067167",-0.0430378008547026,0.014985014985015,0.0380820279318905
"ENSG00000067182",0.176457632677599,0.003996003996004,0.0309698899552726
"ENSG00000067191",-0.0447649019967251,0.020979020979021,0.0454117208439975
"ENSG00000067208",0.0644266438311128,0.015984015984016,0.0392432899072327
"ENSG00000067221",-0.0163165224571641,0.32967032967033,0.390342662263845
"ENSG00000067225",-0.00208296888579661,0.878121878121878,0.897005417022417
"ENSG00000067248",-0.0333888202812154,0.038961038961039,0.0678698023240711
"ENSG00000067334",-0.0428576924611258,0.106893106893107,0.150232880205983
"ENSG00000067365",0.0250803922246417,0.0799200799200799,0.118024025618029
"ENSG00000067369",0.003727593967283,0.738261738261738,0.77461407110438
"ENSG00000067533",-0.0868972623251229,0.00799200799200799,0.0313472428354935
"ENSG00000067560",0.0859067554869487,0.001998001998002,0.0309698899552726
"ENSG00000067596",0.0702975057780697,0.00799200799200799,0.0313472428354935
"ENSG00000067606",0.0619506780580798,0.017982017982018,0.0417277258366272
"ENSG00000067704",-0.0337930026980862,0.047952047952048,0.0794112873484515
"ENSG00000067829",0.0230921136333407,0.15984015984016,0.210101612267203
"ENSG00000067836",0.0388271510826707,0.0679320679320679,0.103657642509852
"ENSG00000067840",-0.0697060621763675,0.105894105894106,0.149003086832381
"ENSG00000067900",0.0527395986665597,0.00599400599400599,0.0309698899552726
"ENSG00000067955",-0.0261593737068088,0.030969030969031,0.0574804346232918
"ENSG00000067992",0.105933600954199,0.00599400599400599,0.0309698899552726
"ENSG00000068001",0.0710778194082618,0.002997002997003,0.0309698899552726
"ENSG00000068024",0.0903426745177877,0.00599400599400599,0.0309698899552726
"ENSG00000068028",-0.00355073673278522,0.854145854145854,0.87653700581717
"ENSG00000068079",0.0676943916895557,0.047952047952048,0.0794112873484515
"ENSG00000068097",-0.01912369346855,0.204795204795205,0.25926775215725
"ENSG00000068120",0.0241962024096044,0.0889110889110889,0.128801044664111
"ENSG00000068305",0.0149950842050163,0.148851148851149,0.198281213355476
"ENSG00000068308",0.0788847751478646,0.00999000999000999,0.0329382551604774
"ENSG00000068323",0.153294923567693,0.003996003996004,0.0309698899552726
"ENSG00000068354",0.036927319340621,0.044955044955045,0.0755305089151028
"ENSG00000068366",0.101733368343471,0.001998001998002,0.0309698899552726
"ENSG00000068383",0.086552197436482,0.014985014985015,0.0380820279318905
"ENSG00000068394",0.0296628276933284,0.017982017982018,0.0417277258366272
"ENSG00000068400",0.0367228651614262,0.0649350649350649,0.100075610462889
"ENSG00000068438",-0.036748336480695,0.022977022977023,0.0478078016166659
"ENSG00000068489",0.0711698203695476,0.015984015984016,0.0392432899072327
"ENSG00000068650",0.109702521855357,0.002997002997003,0.0309698899552726
"ENSG00000068654",-0.0479520971161833,0.023976023976024,0.0489374755679103
"ENSG00000068697",0.0311034257136305,0.0889110889110889,0.128801044664111
"ENSG00000068724",-0.000967555860529719,0.949050949050949,0.957014121974686
"ENSG00000068745",0.0285524067379528,0.017982017982018,0.0417277258366272
"ENSG00000068784",0.022347499902343,0.0639360639360639,0.0989420057151193
"ENSG00000068793",0.0127055001222564,0.709290709290709,0.748792669031601
"ENSG00000068796",-0.0622002563072787,0.001998001998002,0.0309698899552726
"ENSG00000068878",-0.0105599166943426,0.144855144855145,0.193580466014581
"ENSG00000068885",-0.07616238725685,0.010989010989011,0.0339239491564177
"ENSG00000068903",0.036736903497896,0.0639360639360639,0.0989420057151193
"ENSG00000068912",-0.0479796379289627,0.045954045954046,0.0767902842430095
"ENSG00000068971",0.0345100758182486,0.207792207792208,0.262343392504124
"ENSG00000068976",0.128173783908339,0.00799200799200799,0.0313472428354935
"ENSG00000069020",-0.0717204818500824,0.004995004995005,0.0309698899552726
"ENSG00000069248",-0.0312153072350786,0.025974025974026,0.0514006000585945
"ENSG00000069275",-0.0738015984039155,0.004995004995005,0.0309698899552726
"ENSG00000069329",0.0166396311958131,0.132867132867133,0.179819504819505
"ENSG00000069345",-0.00212518243383018,0.873126873126873,0.892965599628862
"ENSG00000069399",0.174640113383283,0.00599400599400599,0.0309698899552726
"ENSG00000069424",0.0331653363952727,0.0689310689310689,0.104835938548923
"ENSG00000069509",-0.0154101861717165,0.257742257742258,0.315947210684053
"ENSG00000069667",-0.0784632947845777,0.012987012987013,0.0360623664690208
"ENSG00000069702",-0.0541009091034544,0.271728271728272,0.330964869730452
"ENSG00000069712",-0.0509353460744734,0.044955044955045,0.0755305089151028
"ENSG00000069849",-0.017749125600625,0.345654345654346,0.406186948868087
"ENSG00000069869",-0.030612251764797,0.0649350649350649,0.100075610462889
"ENSG00000069943",0.13625218428681,0.010989010989011,0.0339239491564177
"ENSG00000069956",-0.0518163960768013,0.022977022977023,0.0478078016166659
"ENSG00000069966",-0.0540491137569298,0.00799200799200799,0.0313472428354935
"ENSG00000069974",0.108556823418108,0.001998001998002,0.0309698899552726
"ENSG00000069998",-0.0245913353433534,0.0719280719280719,0.108379083303858
"ENSG00000070010",0.0283648003737252,0.003996003996004,0.0309698899552726
"ENSG00000070018",-0.11083518136352,0.026973026973027,0.0526151336084788
"ENSG00000070047",0.00457940730551279,0.845154845154845,0.868571141531634
"ENSG00000070061",-0.0495822648325739,0.00799200799200799,0.0313472428354935
"ENSG00000070081",-0.0949220238988814,0.000999000999000999,0.0309698899552726
"ENSG00000070087",-0.121723388015514,0.00799200799200799,0.0313472428354935
"ENSG00000070182",0.0627733455791718,0.152847152847153,0.20252669050905
"ENSG00000070190",0.0832576954310527,0.00899100899100899,0.031668800133044
"ENSG00000070214",-0.00411864525858812,0.659340659340659,0.7044142629528
"ENSG00000070269",0.0482918876541635,0.00899100899100899,0.031668800133044
"ENSG00000070366",-0.040945422157511,0.022977022977023,0.0478078016166659
"ENSG00000070367",-0.0235625025316678,0.137862137862138,0.185597308482936
"ENSG00000070371",0.0700301471204874,0.020979020979021,0.0454117208439975
"ENSG00000070413",0.119980340500339,0.00799200799200799,0.0313472428354935
"ENSG00000070423",-0.0308992820983734,0.020979020979021,0.0454117208439975
"ENSG00000070444",0.0785518469201004,0.01998001998002,0.044196554411905
"ENSG00000070476",0.0479412374126589,0.021978021978022,0.0464939039133723
"ENSG00000070495",0.0447100191869068,0.00699300699300699,0.0311612747652792
"ENSG00000070501",0.0590025869873885,0.021978021978022,0.0464939039133723
"ENSG00000070540",0.087861490931437,0.00599400599400599,0.0309698899552726
"ENSG00000070610",0.0598143416263707,0.012987012987013,0.0360623664690208
"ENSG00000070614",0.176156387033281,0.00599400599400599,0.0309698899552726
"ENSG00000070669",-0.0769565606809715,0.00599400599400599,0.0309698899552726
"ENSG00000070718",-0.0893963242283267,0.002997002997003,0.0309698899552726
"ENSG00000070731",0.24689445795996,0.003996003996004,0.0309698899552726
"ENSG00000070756",-0.0388075720274293,0.026973026973027,0.0526151336084788
"ENSG00000070759",0.075739515495227,0.00799200799200799,0.0313472428354935
"ENSG00000070761",-0.0218754728289413,0.021978021978022,0.0464939039133723
"ENSG00000070770",-0.0382850200535745,0.004995004995005,0.0309698899552726
"ENSG00000070785",-0.0731126425950725,0.003996003996004,0.0309698899552726
"ENSG00000070814",-0.0287405362776789,0.0829170829170829,0.121538907488414
"ENSG00000070831",0.0607166115557408,0.002997002997003,0.0309698899552726
"ENSG00000070882",-0.058659341586692,0.00799200799200799,0.0313472428354935
"ENSG00000070950",-0.0453356629058307,0.015984015984016,0.0392432899072327
"ENSG00000070961",0.0558884176681212,0.00899100899100899,0.031668800133044
"ENSG00000071051",0.0308113338151279,0.02997002997003,0.0561377525217924
"ENSG00000071054",0.112675868950693,0.00599400599400599,0.0309698899552726
"ENSG00000071073",-0.0564986583424375,0.002997002997003,0.0309698899552726
"ENSG00000071082",-0.200766304017399,0.012987012987013,0.0360623664690208
"ENSG00000071127",0.0801611626860742,0.003996003996004,0.0309698899552726
"ENSG00000071189",0.0573664255305718,0.00599400599400599,0.0309698899552726
"ENSG00000071205",-0.0373362999435587,0.117882117882118,0.16304606890405
"ENSG00000071242",-0.00520916854989494,0.794205794205794,0.824388083845676
"ENSG00000071243",0.018628169424244,0.173826173826174,0.225598591473321
"ENSG00000071246",-0.0607554765520062,0.01998001998002,0.044196554411905
"ENSG00000071462",-0.0375503042218118,0.010989010989011,0.0339239491564177
"ENSG00000071537",0.0806396871753864,0.003996003996004,0.0309698899552726
"ENSG00000071553",0.0765379892007367,0.015984015984016,0.0392432899072327
"ENSG00000071564",-0.0139507144917668,0.431568431568432,0.490968327393924
"ENSG00000071626",-0.0435048655874072,0.00899100899100899,0.031668800133044
"ENSG00000071655",-0.0330345551474358,0.0829170829170829,0.121538907488414
"ENSG00000071794",-0.0697105684014203,0.013986013986014,0.0370555370555371
"ENSG00000071859",-0.00437399100317659,0.683316683316683,0.725642829380569
"ENSG00000071889",-0.0298050630406134,0.027972027972028,0.0538126832348059
"ENSG00000071894",-0.0157184252396685,0.413586413586414,0.473243979670715
"ENSG00000071967",0.0623012004936612,0.016983016983017,0.0404964083535512
"ENSG00000071994",-0.0457931936506953,0.00799200799200799,0.0313472428354935
"ENSG00000072042",-0.0293130006121991,0.014985014985015,0.0380820279318905
"ENSG00000072062",0.116622358472627,0.003996003996004,0.0309698899552726
"ENSG00000072110",0.175983864888856,0.00799200799200799,0.0313472428354935
"ENSG00000072121",-0.0137348079758583,0.295704295704296,0.355946937677707
"ENSG00000072135",0.0163354081263591,0.476523476523477,0.534571001667053
"ENSG00000072210",-0.0454953052687092,0.00599400599400599,0.0309698899552726
"ENSG00000072274",-0.0252145205115339,0.148851148851149,0.198281213355476
"ENSG00000072310",0.0467464708872565,0.045954045954046,0.0767902842430095
"ENSG00000072364",0.0169523315344791,0.038961038961039,0.0678698023240711
"ENSG00000072401",0.151612656132617,0.003996003996004,0.0309698899552726
"ENSG00000072415",-0.0846674045107872,0.000999000999000999,0.0309698899552726
"ENSG00000072422",0.0772453911183268,0.011988011988012,0.0350284289015142
"ENSG00000072501",-0.0150259167644921,0.306693306693307,0.366932818301658
"ENSG00000072506",-0.0176567674911549,0.2997002997003,0.359855949824978
"ENSG00000072518",0.110535491731784,0.00799200799200799,0.0313472428354935
"ENSG00000072609",0.0584429350919049,0.00699300699300699,0.0311612747652792
"ENSG00000072736",-0.0178292901377442,0.154845154845155,0.204565139158961
"ENSG00000072756",-0.0351332578608169,0.041958041958042,0.0717489681633108
"ENSG00000072778",0.0139322083595958,0.477522477522478,0.535491754676228
"ENSG00000072786",0.0856867416722345,0.00599400599400599,0.0309698899552726
"ENSG00000072803",0.00808579638066282,0.265734265734266,0.324585263298547
"ENSG00000072849",0.0135434255740035,0.110889110889111,0.155051231491022
"ENSG00000072858",-0.051009931074748,0.026973026973027,0.0526151336084788
"ENSG00000072864",0.105960206666816,0.00799200799200799,0.0313472428354935
"ENSG00000072952",0.215250836559943,0.004995004995005,0.0309698899552726
"ENSG00000072954",0.0575476683651374,0.043956043956044,0.0742673606444167
"ENSG00000072958",0.0419793625807551,0.0639360639360639,0.0989420057151193
"ENSG00000073008",0.0434749527781882,0.152847152847153,0.20252669050905
"ENSG00000073009",0.101188537153961,0.00799200799200799,0.0313472428354935
"ENSG00000073050",0.0176716406448767,0.0789210789210789,0.116778321407723
"ENSG00000073060",0.0352966729549988,0.046953046953047,0.078144539299504
"ENSG00000073111",-0.0261989136283955,0.373626373626374,0.434007515778248
"ENSG00000073150",0.221695676550709,0.00599400599400599,0.0309698899552726
"ENSG00000073169",0.0407080252345553,0.00899100899100899,0.031668800133044
"ENSG00000073331",0.185706376707714,0.003996003996004,0.0309698899552726
"ENSG00000073350",-0.0485520766202815,0.141858141858142,0.190252332200775
"ENSG00000073417",-0.0639229434830225,0.002997002997003,0.0309698899552726
"ENSG00000073464",0.159231773506558,0.002997002997003,0.0309698899552726
"ENSG00000073536",-0.0634430546004345,0.010989010989011,0.0339239491564177
"ENSG00000073578",-0.0181960073425343,0.117882117882118,0.16304606890405
"ENSG00000073584",-0.0387040683510473,0.021978021978022,0.0464939039133723
"ENSG00000073605",-0.046198534715084,0.017982017982018,0.0417277258366272
"ENSG00000073614",0.0437849912893452,0.002997002997003,0.0309698899552726
"ENSG00000073737",0.17762510811244,0.00899100899100899,0.031668800133044
"ENSG00000073756",0.168861339609975,0.00799200799200799,0.0313472428354935
"ENSG00000073792",0.0194886013849965,0.509490509490509,0.566058698627803
"ENSG00000073849",-0.0418453211614897,0.031968031968032,0.0588078690022667
"ENSG00000073905",-0.0169349194737886,0.417582417582418,0.477044248527138
"ENSG00000073910",0.147901884521376,0.004995004995005,0.0309698899552726
"ENSG00000073921",0.111078705467502,0.003996003996004,0.0309698899552726
"ENSG00000073969",0.0115546687868949,0.378621378621379,0.438876517001517
"ENSG00000074054",0.023974098978012,0.0669330669330669,0.102576077327416
"ENSG00000074071",-0.015677251321283,0.164835164835165,0.215512294494018
"ENSG00000074201",-0.0971837827010531,0.00599400599400599,0.0309698899552726
"ENSG00000074266",-0.0532991435221197,0.013986013986014,0.0370555370555371
"ENSG00000074276",0.0203326973593031,0.17982017982018,0.232074626404523
"ENSG00000074319",0.0700203661216321,0.001998001998002,0.0309698899552726
"ENSG00000074356",0.0239187733550209,0.021978021978022,0.0464939039133723
"ENSG00000074370",0.0467313564824552,0.0799200799200799,0.118024025618029
"ENSG00000074416",0.038042413683866,0.226773226773227,0.282655117129293
"ENSG00000074582",-0.0607339184940947,0.003996003996004,0.0309698899552726
"ENSG00000074603",0.0260429417836154,0.000999000999000999,0.0309698899552726
"ENSG00000074621",-0.0398289219559814,0.040959040959041,0.0705122123257061
"ENSG00000074657",-0.0349674855378166,0.0909090909090909,0.131142174354274
"ENSG00000074660",0.19919452544171,0.004995004995005,0.0309698899552726
"ENSG00000074695",-0.0606969936156106,0.00899100899100899,0.031668800133044
"ENSG00000074696",-0.0673642887135418,0.010989010989011,0.0339239491564177
"ENSG00000074706",0.0198807601409717,0.0869130869130869,0.126486010961671
"ENSG00000074755",0.0571019005150388,0.013986013986014,0.0370555370555371
"ENSG00000074800",0.0125957970380398,0.68031968031968,0.723099134879448
"ENSG00000074842",-0.021330204044471,0.205794205794206,0.260203552365572
"ENSG00000074855",-0.0422040889910303,0.016983016983017,0.0404964083535512
"ENSG00000074935",-0.0935564976474346,0.00599400599400599,0.0309698899552726
"ENSG00000074964",0.0152252992219021,0.724275724275724,0.761801650126523
"ENSG00000075089",-0.0982353040775053,0.024975024975025,0.0503016340120413
"ENSG00000075131",-0.0676149220785676,0.015984015984016,0.0392432899072327
"ENSG00000075142",-0.0140629070621533,0.0819180819180819,0.120368200084547
"ENSG00000075151",0.0435651407422311,0.00699300699300699,0.0311612747652792
"ENSG00000075188",-0.0497754924122711,0.044955044955045,0.0755305089151028
"ENSG00000075223",0.0668650771232936,0.025974025974026,0.0514006000585945
"ENSG00000075239",-0.0742339524852065,0.034965034965035,0.0627459743481843
"ENSG00000075240",0.0078075303555981,0.748251748251748,0.783522654917619
"ENSG00000075275",-0.0613235917624158,0.0989010989010989,0.140945500603985
"ENSG00000075292",-0.00830093954745467,0.276723276723277,0.336061069084513
"ENSG00000075303",0.00652171926257649,0.609390609390609,0.65848375684736
"ENSG00000075336",-0.0615101484541394,0.003996003996004,0.0309698899552726
"ENSG00000075340",-0.0343390988308712,0.300699300699301,0.360695098892524
"ENSG00000075399",0.0996423267492428,0.010989010989011,0.0339239491564177
"ENSG00000075407",-0.0646527458213172,0.023976023976024,0.0489374755679103
"ENSG00000075413",0.0322283758292626,0.037962037962038,0.0665831541488284
"ENSG00000075415",0.00657569915311551,0.26973026973027,0.328964723119381
"ENSG00000075420",0.112491731087014,0.002997002997003,0.0309698899552726
"ENSG00000075426",0.192912055075966,0.001998001998002,0.0309698899552726
"ENSG00000075539",-0.00210914974483664,0.685314685314685,0.727507454121711
"ENSG00000075568",-0.0121097843836437,0.047952047952048,0.0794112873484515
"ENSG00000075624",0.100945527800443,0.00799200799200799,0.0313472428354935
"ENSG00000075651",0.0720808568711209,0.004995004995005,0.0309698899552726
"ENSG00000075711",-0.0606433003600024,0.004995004995005,0.0309698899552726
"ENSG00000075785",0.125810243817562,0.002997002997003,0.0309698899552726
"ENSG00000075790",-0.0394618323444862,0.0819180819180819,0.120368200084547
"ENSG00000075856",-0.0145286142903132,0.274725274725275,0.334107301320416
"ENSG00000075884",0.0542159981659789,0.020979020979021,0.0454117208439975
"ENSG00000075914",-0.0552003610612314,0.00999000999000999,0.0329382551604774
"ENSG00000075945",-0.0672540209872493,0.004995004995005,0.0309698899552726
"ENSG00000075975",0.00888793033484028,0.142857142857143,0.191421244604431
"ENSG00000076003",-0.0471756687165052,0.015984015984016,0.0392432899072327
"ENSG00000076043",-0.067039559798919,0.010989010989011,0.0339239491564177
"ENSG00000076053",0.000622832610117515,0.965034965034965,0.970932625348699
"ENSG00000076108",0.0596572242890599,0.025974025974026,0.0514006000585945
"ENSG00000076201",-0.0259010949280945,0.135864135864136,0.183359369434608
"ENSG00000076242",-0.0328972783431275,0.00799200799200799,0.0313472428354935
"ENSG00000076248",-0.0488342760878978,0.016983016983017,0.0404964083535512
"ENSG00000076258",-0.0776912327239196,0.001998001998002,0.0309698899552726
"ENSG00000076321",-0.0487441960664122,0.003996003996004,0.0309698899552726
"ENSG00000076351",-0.0176145557669051,0.384615384615385,0.444580907214359
"ENSG00000076356",0.133191601624171,0.00799200799200799,0.0313472428354935
"ENSG00000076382",-0.0225839047960513,0.183816183816184,0.236394103488807
"ENSG00000076513",0.130859850695854,0.00599400599400599,0.0309698899552726
"ENSG00000076554",-0.0685489372397013,0.0649350649350649,0.100075610462889
"ENSG00000076555",-0.0410251353279487,0.02997002997003,0.0561377525217924
"ENSG00000076641",-0.0125368629132539,0.164835164835165,0.215512294494018
"ENSG00000076650",-0.0069049743205079,0.402597402597403,0.462298450641657
"ENSG00000076662",0.175121098015172,0.004995004995005,0.0309698899552726
"ENSG00000076685",0.139590705330679,0.003996003996004,0.0309698899552726
"ENSG00000076770",-0.0134840609291225,0.573426573426573,0.625187386323193
"ENSG00000076924",0.0142119070353599,0.326673326673327,0.387404779944744
"ENSG00000076928",0.041051331137742,0.127872127872128,0.174197147219138
"ENSG00000076944",0.106730349789925,0.00899100899100899,0.031668800133044
"ENSG00000076984",0.0625628578387691,0.016983016983017,0.0404964083535512
"ENSG00000077044",0.00743199782481075,0.675324675324675,0.71887085456616
"ENSG00000077097",-0.0365422199900728,0.032967032967033,0.0601301870083172
"ENSG00000077147",-0.0179975026923358,0.133866133866134,0.181008460486408
"ENSG00000077150",0.0783258386509516,0.011988011988012,0.0350284289015142
"ENSG00000077157",0.155008420025573,0.003996003996004,0.0309698899552726
"ENSG00000077232",-0.0570279757541522,0.015984015984016,0.0392432899072327
"ENSG00000077235",0.00533809478368346,0.739260739260739,0.775391478830124
"ENSG00000077254",-0.00717320242789328,0.38961038961039,0.449662696853708
"ENSG00000077312",0.000233095571579276,0.992007992007992,0.993496003996004
"ENSG00000077348",-0.0415045201245345,0.042957042957043,0.0729589799685899
"ENSG00000077380",-0.0702450588002169,0.004995004995005,0.0309698899552726
"ENSG00000077420",0.134112600901389,0.002997002997003,0.0309698899552726
"ENSG00000077454",0.0910440886041677,0.00899100899100899,0.031668800133044
"ENSG00000077458",-0.0193716790156841,0.274725274725275,0.334107301320416
"ENSG00000077463",0.0415739152051867,0.018981018981019,0.0430078970802953
"ENSG00000077514",0.0632017694321253,0.010989010989011,0.0339239491564177
"ENSG00000077549",0.083862673873324,0.002997002997003,0.0309698899552726
"ENSG00000077585",-0.042485042579366,0.030969030969031,0.0574804346232918
"ENSG00000077684",0.0174335653682565,0.15984015984016,0.210101612267203
"ENSG00000077713",-0.041754321274423,0.046953046953047,0.078144539299504
"ENSG00000077721",0.0295724621869617,0.0619380619380619,0.0965087032764979
"ENSG00000077782",0.00867462394255176,0.733266733266733,0.76997812148533
"ENSG00000077809",-0.0164568036185709,0.225774225774226,0.281702101884826
"ENSG00000078043",-0.040293508041035,0.012987012987013,0.0360623664690208
"ENSG00000078061",0.0413712029924541,0.00699300699300699,0.0311612747652792
"ENSG00000078070",-0.0523812980382861,0.00599400599400599,0.0309698899552726
"ENSG00000078124",0.000242758517622523,0.994005994005994,0.995082385336446
"ENSG00000078140",-0.0196706302362652,0.178821178821179,0.231033425830244
"ENSG00000078142",0.0247652176036077,0.017982017982018,0.0417277258366272
"ENSG00000078177",-0.078692458333323,0.00699300699300699,0.0311612747652792
"ENSG00000078237",0.00144414374742022,0.927072927072927,0.938473924996836
"ENSG00000078246",-0.0257816655802198,0.0769230769230769,0.114541139692918
"ENSG00000078269",-0.0496005201877304,0.036963036963037,0.0654036775944903
"ENSG00000078304",-0.00042098153807845,0.962037962037962,0.968160461210201
"ENSG00000078319",-0.0719318452081377,0.00699300699300699,0.0311612747652792
"ENSG00000078369",0.0834675897317034,0.003996003996004,0.0309698899552726
"ENSG00000078403",-0.0399984666824387,0.000999000999000999,0.0309698899552726
"ENSG00000078487",-0.0244528914167478,0.103896103896104,0.146724251072077
"ENSG00000078596",-0.104736143827159,0.004995004995005,0.0309698899552726
"ENSG00000078618",0.100494222095173,0.002997002997003,0.0309698899552726
"ENSG00000078668",-0.0228981928345639,0.040959040959041,0.0705122123257061
"ENSG00000078674",-0.0342186228610896,0.011988011988012,0.0350284289015142
"ENSG00000078687",-0.0408660017585811,0.043956043956044,0.0742673606444167
"ENSG00000078699",-0.0298306363558653,0.023976023976024,0.0489374755679103
"ENSG00000078747",0.0614178759347227,0.001998001998002,0.0309698899552726
"ENSG00000078804",0.182922486790478,0.003996003996004,0.0309698899552726
"ENSG00000078808",0.0189488455599084,0.141858141858142,0.190252332200775
"ENSG00000078902",0.0774363065112961,0.00599400599400599,0.0309698899552726
"ENSG00000078967",-0.0406035735321315,0.020979020979021,0.0454117208439975
"ENSG00000079134",-0.072311759702868,0.00599400599400599,0.0309698899552726
"ENSG00000079246",0.0311533292853007,0.014985014985015,0.0380820279318905
"ENSG00000079257",0.0794289450547904,0.017982017982018,0.0417277258366272
"ENSG00000079277",0.125394326465956,0.004995004995005,0.0309698899552726
"ENSG00000079308",0.0653987701786985,0.124875124875125,0.170791993939826
"ENSG00000079313",0.00991275965129288,0.669330669330669,0.713754745697958
"ENSG00000079332",0.0174918121429224,0.00799200799200799,0.0313472428354935
"ENSG00000079335",-0.0636001717322141,0.003996003996004,0.0309698899552726
"ENSG00000079385",0.13059160716787,0.003996003996004,0.0309698899552726
"ENSG00000079387",-0.0213555253837671,0.004995004995005,0.0309698899552726
"ENSG00000079432",0.0446564136407313,0.124875124875125,0.170791993939826
"ENSG00000079435",-0.0223395236771301,0.247752247752248,0.305634008775048
"ENSG00000079459",0.0129117805161239,0.102897102897103,0.145570027382858
"ENSG00000079462",-0.0275044178865224,0.044955044955045,0.0755305089151028
"ENSG00000079482",-0.0181119482982529,0.402597402597403,0.462298450641657
"ENSG00000079616",-0.0394248372027437,0.00899100899100899,0.031668800133044
"ENSG00000079691",-0.0857922810115304,0.033966033966034,0.0614579638969883
"ENSG00000079739",0.0713856867680542,0.004995004995005,0.0309698899552726
"ENSG00000079785",-0.0672600587127314,0.00699300699300699,0.0311612747652792
"ENSG00000079805",0.0783726966552514,0.00599400599400599,0.0309698899552726
"ENSG00000079819",-0.0440251880049206,0.0889110889110889,0.128801044664111
"ENSG00000079950",0.0674314311373224,0.004995004995005,0.0309698899552726
"ENSG00000079999",0.012086548216205,0.435564435564436,0.494858516412686
"ENSG00000080189",-0.000683929159156291,0.929070929070929,0.940338085360824
"ENSG00000080200",-0.024677344340712,0.208791208791209,0.263355661970272
"ENSG00000080298",-0.0151121562618502,0.191808191808192,0.24520272834282
"ENSG00000080345",-0.0299699511178781,0.026973026973027,0.0526151336084788
"ENSG00000080371",0.0481683462961262,0.00699300699300699,0.0311612747652792
"ENSG00000080493",-0.039421541752788,0.35964035964036,0.420320708174447
"ENSG00000080503",0.00934662287087915,0.358641358641359,0.419316261129667
"ENSG00000080546",-0.0637553784087118,0.016983016983017,0.0404964083535512
"ENSG00000080561",-0.109615996364358,0.004995004995005,0.0309698899552726
"ENSG00000080603",0.0215941984535102,0.282717282717283,0.342302670128582
"ENSG00000080608",-0.0882914129279982,0.004995004995005,0.0309698899552726
"ENSG00000080802",-0.0222985411728726,0.031968031968032,0.0588078690022667
"ENSG00000080815",0.109078404233855,0.002997002997003,0.0309698899552726
"ENSG00000080819",-0.0442786021615391,0.012987012987013,0.0360623664690208
"ENSG00000080822",-0.0582254777808332,0.014985014985015,0.0380820279318905
"ENSG00000080824",-0.069276553767592,0.0569430569430569,0.0905693036450051
"ENSG00000080839",-0.0820335649274962,0.00799200799200799,0.0313472428354935
"ENSG00000080845",0.0184539580158177,0.277722277722278,0.337035881416372
"ENSG00000080947",-0.066564343361008,0.00799200799200799,0.0313472428354935
"ENSG00000080986",0.0118999293229778,0.548451548451548,0.602274370366476
"ENSG00000081014",-0.0203132172948816,0.0569430569430569,0.0905693036450051
"ENSG00000081019",-0.0111194494236997,0.0669330669330669,0.102576077327416
"ENSG00000081026",-0.0945397617078044,0.003996003996004,0.0309698899552726
"ENSG00000081052",-0.0701299195390017,0.011988011988012,0.0350284289015142
"ENSG00000081087",0.0465013329600571,0.022977022977023,0.0478078016166659
"ENSG00000081148",-0.00568066721606475,0.757242757242757,0.791007688530505
"ENSG00000081154",-0.0434210622403848,0.112887112887113,0.157241228868489
"ENSG00000081177",-0.0546275893465469,0.010989010989011,0.0339239491564177
"ENSG00000081189",-0.00949762407592664,0.614385614385614,0.663046543973268
"ENSG00000081237",0.074126210402259,0.004995004995005,0.0309698899552726
"ENSG00000081307",-0.0720855431714532,0.00799200799200799,0.0313472428354935
"ENSG00000081320",0.0531899837735209,0.00999000999000999,0.0329382551604774
"ENSG00000081377",-0.0312241528504716,0.017982017982018,0.0417277258366272
"ENSG00000081386",-0.0842651487238361,0.015984015984016,0.0392432899072327
"ENSG00000081665",-0.0484357200957851,0.011988011988012,0.0350284289015142
"ENSG00000081692",-0.0527818885658292,0.002997002997003,0.0309698899552726
"ENSG00000081721",-0.0576143218277797,0.012987012987013,0.0360623664690208
"ENSG00000081760",-0.0177976107786389,0.223776223776224,0.279470295889292
"ENSG00000081791",-0.000714339754575076,0.926073926073926,0.937620593391444
"ENSG00000081870",-0.0663336033638663,0.00799200799200799,0.0313472428354935
"ENSG00000081913",0.109546229402652,0.001998001998002,0.0309698899552726
"ENSG00000082014",0.0441569120563051,0.0779220779220779,0.115641829151338
"ENSG00000082068",-0.0656964712806746,0.004995004995005,0.0309698899552726
"ENSG00000082074",0.0697273535193678,0.004995004995005,0.0309698899552726
"ENSG00000082146",0.0250661632108031,0.331668331668332,0.39247636963273
"ENSG00000082153",0.00414940128930165,0.707292707292707,0.747339876582008
"ENSG00000082196",-0.0629739654929521,0.018981018981019,0.0430078970802953
"ENSG00000082212",0.044182283674186,0.012987012987013,0.0360623664690208
"ENSG00000082213",-0.0137104587896891,0.122877122877123,0.168577313097861
"ENSG00000082258",-0.00273515996597703,0.823176823176823,0.849981876530549
"ENSG00000082269",-0.0588230617667899,0.018981018981019,0.0430078970802953
"ENSG00000082293",-0.052093993881729,0.513486513486514,0.569708356635979
"ENSG00000082397",0.0196022346432919,0.591408591408591,0.641243995989575
"ENSG00000082438",-0.0353638930444747,0.250749250749251,0.308634217073381
"ENSG00000082458",-0.0566510151847561,0.01998001998002,0.044196554411905
"ENSG00000082512",-0.0688264674334766,0.013986013986014,0.0370555370555371
"ENSG00000082515",-0.0617161851232794,0.031968031968032,0.0588078690022667
"ENSG00000082516",-0.0408956120937954,0.03996003996004,0.0691988127146629
"ENSG00000082641",0.0397783556157802,0.018981018981019,0.0430078970802953
"ENSG00000082701",0.070676705778912,0.003996003996004,0.0309698899552726
"ENSG00000082781",0.0640796346934057,0.0839160839160839,0.12274872158027
"ENSG00000082805",-0.0399527142148485,0.020979020979021,0.0454117208439975
"ENSG00000082898",-0.0390659933805076,0.017982017982018,0.0417277258366272
"ENSG00000082996",0.104041588755192,0.004995004995005,0.0309698899552726
"ENSG00000083093",-0.0610824516166805,0.00899100899100899,0.031668800133044
"ENSG00000083097",-0.0425707729812175,0.014985014985015,0.0380820279318905
"ENSG00000083099",-0.0732277381514041,0.028971028971029,0.0550211482575579
"ENSG00000083123",-0.0882281964786336,0.00699300699300699,0.0311612747652792
"ENSG00000083168",0.0812141257824714,0.004995004995005,0.0309698899552726
"ENSG00000083223",0.140641084101313,0.002997002997003,0.0309698899552726
"ENSG00000083290",-0.0531060921299663,0.003996003996004,0.0309698899552726
"ENSG00000083312",0.0179881303562917,0.048951048951049,0.0806102639481647
"ENSG00000083444",0.112969679804736,0.00899100899100899,0.031668800133044
"ENSG00000083457",-0.0482272979063742,0.014985014985015,0.0380820279318905
"ENSG00000083520",-0.0236826253691109,0.105894105894106,0.149003086832381
"ENSG00000083535",-0.0654445802674131,0.020979020979021,0.0454117208439975
"ENSG00000083544",-0.0799577776228493,0.00799200799200799,0.0313472428354935
"ENSG00000083642",0.00189939744789173,0.752247752247752,0.78695277563662
"ENSG00000083720",-0.0685132086524181,0.016983016983017,0.0404964083535512
"ENSG00000083750",-0.038786830520169,0.00899100899100899,0.031668800133044
"ENSG00000083799",0.00231597157909047,0.824175824175824,0.85072103881689
"ENSG00000083807",-0.0417798026874432,0.027972027972028,0.0538126832348059
"ENSG00000083814",-0.0252447540505656,0.018981018981019,0.0430078970802953
"ENSG00000083817",-0.0577602217391072,0.011988011988012,0.0350284289015142
"ENSG00000083828",0.067617114681227,0.004995004995005,0.0309698899552726
"ENSG00000083838",0.0106034335068997,0.49050949050949,0.548060901538031
"ENSG00000083844",0.00525427248907545,0.394605394605395,0.454467430030439
"ENSG00000083845",-0.0798660285785353,0.01998001998002,0.044196554411905
"ENSG00000083937",0.047924717206949,0.022977022977023,0.0478078016166659
"ENSG00000084070",0.152084523675303,0.003996003996004,0.0309698899552726
"ENSG00000084072",-0.0562155263098864,0.00599400599400599,0.0309698899552726
"ENSG00000084073",0.0516862177895884,0.002997002997003,0.0309698899552726
"ENSG00000084090",-0.0351824935587968,0.044955044955045,0.0755305089151028
"ENSG00000084092",-0.0348945625560306,0.012987012987013,0.0360623664690208
"ENSG00000084093",-0.0188803126156336,0.051948051948052,0.084286713691331
"ENSG00000084112",0.107952091228114,0.004995004995005,0.0309698899552726
"ENSG00000084207",0.00295827687893652,0.907092907092907,0.921664064714454
"ENSG00000084234",0.0935929426451305,0.014985014985015,0.0380820279318905
"ENSG00000084444",-0.0460072966796199,0.00999000999000999,0.0329382551604774
"ENSG00000084463",-0.0750345824991326,0.00699300699300699,0.0311612747652792
"ENSG00000084623",-0.049357428682854,0.015984015984016,0.0392432899072327
"ENSG00000084652",-0.0261977465424785,0.118881118881119,0.164276565104437
"ENSG00000084676",0.119174986714723,0.003996003996004,0.0309698899552726
"ENSG00000084693",-0.0281849628954714,0.021978021978022,0.0464939039133723
"ENSG00000084731",0.164874751385993,0.004995004995005,0.0309698899552726
"ENSG00000084733",0.0463032366040518,0.014985014985015,0.0380820279318905
"ENSG00000084754",0.00358288361337014,0.709290709290709,0.748792669031601
"ENSG00000084774",-0.048498351584494,0.043956043956044,0.0742673606444167
"ENSG00000085063",0.0874024217378868,0.004995004995005,0.0309698899552726
"ENSG00000085117",0.123994133264668,0.00899100899100899,0.031668800133044
"ENSG00000085185",0.077475341666012,0.040959040959041,0.0705122123257061
"ENSG00000085224",-0.00103275209917224,0.896103896103896,0.912349764772672
"ENSG00000085231",-0.103073598393442,0.010989010989011,0.0339239491564177
"ENSG00000085274",-0.0305399999113449,0.160839160839161,0.211206843855445
"ENSG00000085365",-0.0152522607787148,0.133866133866134,0.181008460486408
"ENSG00000085377",-0.0556804773929342,0.003996003996004,0.0309698899552726
"ENSG00000085382",-0.064991855517567,0.010989010989011,0.0339239491564177
"ENSG00000085415",-0.0498128120999571,0.013986013986014,0.0370555370555371
"ENSG00000085433",0.0373150551490945,0.011988011988012,0.0350284289015142
"ENSG00000085449",0.00931933088181403,0.475524475524476,0.533649560822966
"ENSG00000085465",-0.0557381621166172,0.030969030969031,0.0574804346232918
"ENSG00000085491",-0.0149862303287484,0.467532467532468,0.526203895374152
"ENSG00000085511",-0.0644571075734289,0.002997002997003,0.0309698899552726
"ENSG00000085514",0.171012098874198,0.003996003996004,0.0309698899552726
"ENSG00000085563",-0.0759038162336356,0.012987012987013,0.0360623664690208
"ENSG00000085644",0.082185064729644,0.004995004995005,0.0309698899552726
"ENSG00000085662",-0.0582909892197154,0.002997002997003,0.0309698899552726
"ENSG00000085719",0.00693383212015159,0.391608391608392,0.451751742210563
"ENSG00000085721",-0.0631023168052849,0.00699300699300699,0.0311612747652792
"ENSG00000085733",0.0673957005428261,0.026973026973027,0.0526151336084788
"ENSG00000085760",-0.0506611811439159,0.00999000999000999,0.0329382551604774
"ENSG00000085788",-0.0756117554693972,0.00699300699300699,0.0311612747652792
"ENSG00000085832",0.00564127743466964,0.498501498501498,0.555699008347186
"ENSG00000085871",0.0190780569777695,0.444555444555445,0.503692592878979
"ENSG00000085872",0.00490152927971063,0.617382617382617,0.665802610885166
"ENSG00000085978",-0.0203213565782807,0.012987012987013,0.0360623664690208
"ENSG00000085982",-0.0573356427040938,0.012987012987013,0.0360623664690208
"ENSG00000085998",-0.0622481725008275,0.002997002997003,0.0309698899552726
"ENSG00000086015",-0.00668068539511706,0.724275724275724,0.761801650126523
"ENSG00000086061",0.00940272604592118,0.699300699300699,0.740131730884703
"ENSG00000086062",0.0624895010913268,0.00699300699300699,0.0311612747652792
"ENSG00000086065",0.00642709985467957,0.857142857142857,0.879237184802224
"ENSG00000086102",-0.0400547458732843,0.00899100899100899,0.031668800133044
"ENSG00000086189",-0.0635808063411951,0.012987012987013,0.0360623664690208
"ENSG00000086200",-0.0554406600681989,0.00599400599400599,0.0309698899552726
"ENSG00000086232",0.00810082629608747,0.68031968031968,0.723099134879448
"ENSG00000086300",0.135123832244031,0.003996003996004,0.0309698899552726
"ENSG00000086475",-0.0556102738406221,0.00799200799200799,0.0313472428354935
"ENSG00000086504",0.0544029425238631,0.00599400599400599,0.0309698899552726
"ENSG00000086506",0.0168997025749729,0.611388611388611,0.660227184083775
"ENSG00000086544",0.0463781305256509,0.00699300699300699,0.0311612747652792
"ENSG00000086589",0.0465167957378688,0.001998001998002,0.0309698899552726
"ENSG00000086598",0.000426322095117717,0.97002997002997,0.975141796722725
"ENSG00000086619",-0.0218018875986469,0.117882117882118,0.16304606890405
"ENSG00000086666",0.0204701444321411,0.227772227772228,0.283664936100169
"ENSG00000086712",-0.0566405259027942,0.00999000999000999,0.0329382551604774
"ENSG00000086730",0.145447497561789,0.002997002997003,0.0309698899552726
"ENSG00000086758",-0.0191835197076013,0.28971028971029,0.349642323934351
"ENSG00000086827",-0.0350095150744681,0.018981018981019,0.0430078970802953
"ENSG00000086848",-0.055754040620621,0.00999000999000999,0.0329382551604774
"ENSG00000087008",-0.013106360954146,0.453546453546454,0.512574880451503
"ENSG00000087053",-0.0558726302585364,0.015984015984016,0.0392432899072327
"ENSG00000087074",0.151137847897102,0.00699300699300699,0.0311612747652792
"ENSG00000087077",0.0231361942510874,0.146853146853147,0.196032557911931
"ENSG00000087086",0.0833401342813963,0.001998001998002,0.0309698899552726
"ENSG00000087087",-0.00618965235578119,0.641358641358641,0.687770871049179
"ENSG00000087088",0.0293646643062734,0.003996003996004,0.0309698899552726
"ENSG00000087095",-0.0282837405037884,0.000999000999000999,0.0309698899552726
"ENSG00000087111",0.0200550340071239,0.193806193806194,0.2472834522946
"ENSG00000087152",0.0616657161599186,0.00799200799200799,0.0313472428354935
"ENSG00000087157",0.134976270852432,0.004995004995005,0.0309698899552726
"ENSG00000087191",-0.0178050162460543,0.123876123876124,0.169696028353272
"ENSG00000087206",0.0727970034428883,0.004995004995005,0.0309698899552726
"ENSG00000087253",0.143364225131316,0.004995004995005,0.0309698899552726
"ENSG00000087263",-0.0420668256790679,0.004995004995005,0.0309698899552726
"ENSG00000087266",0.0733875625570505,0.00999000999000999,0.0329382551604774
"ENSG00000087269",-0.0465015662316839,0.032967032967033,0.0601301870083172
"ENSG00000087274",0.0215824495924189,0.246753246753247,0.304620495067336
"ENSG00000087299",-0.0463735764029561,0.016983016983017,0.0404964083535512
"ENSG00000087301",-0.0516677224878366,0.030969030969031,0.0574804346232918
"ENSG00000087302",-0.0711296612937714,0.023976023976024,0.0489374755679103
"ENSG00000087338",0.0482993368074738,0.00899100899100899,0.031668800133044
"ENSG00000087365",0.0326574700682789,0.035964035964036,0.0640509460900688
"ENSG00000087448",-0.0524117321901527,0.004995004995005,0.0309698899552726
"ENSG00000087460",0.0574885362730259,0.014985014985015,0.0380820279318905
"ENSG00000087470",-0.0519752462378506,0.011988011988012,0.0350284289015142
"ENSG00000087502",-0.0012604149095636,0.949050949050949,0.957014121974686
"ENSG00000087586",-0.0122348386210851,0.625374625374625,0.673333833341
"ENSG00000087589",0.170522850883859,0.00599400599400599,0.0309698899552726
"ENSG00000087903",0.139534268051151,0.024975024975025,0.0503016340120413
"ENSG00000087995",-0.0564783485772835,0.00699300699300699,0.0311612747652792
"ENSG00000088035",-0.0302625066588722,0.017982017982018,0.0417277258366272
"ENSG00000088038",0.0350202199609459,0.193806193806194,0.2472834522946
"ENSG00000088179",-0.080450693964814,0.00699300699300699,0.0311612747652792
"ENSG00000088205",-0.0549223343421688,0.004995004995005,0.0309698899552726
"ENSG00000088247",0.00547307517235967,0.748251748251748,0.783522654917619
"ENSG00000088298",0.0594870487207773,0.011988011988012,0.0350284289015142
"ENSG00000088325",-0.0123618204139587,0.552447552447552,0.606108698677623
"ENSG00000088356",-0.0177046654285174,0.0579420579420579,0.0917937849126882
"ENSG00000088387",-0.0822201073839282,0.00899100899100899,0.031668800133044
"ENSG00000088448",-0.0120960026992676,0.290709290709291,0.350671911647521
"ENSG00000088451",-0.0613253276965622,0.015984015984016,0.0392432899072327
"ENSG00000088538",-0.0958759868831987,0.00699300699300699,0.0311612747652792
"ENSG00000088543",-0.0774999675919441,0.00599400599400599,0.0309698899552726
"ENSG00000088682",-0.0138655053444284,0.018981018981019,0.0430078970802953
"ENSG00000088726",0.0343877041706268,0.124875124875125,0.170791993939826
"ENSG00000088766",-0.073330156363531,0.00899100899100899,0.031668800133044
"ENSG00000088808",-0.0738888012442669,0.00699300699300699,0.0311612747652792
"ENSG00000088812",-0.0398136417792131,0.023976023976024,0.0489374755679103
"ENSG00000088826",0.0329189686448836,0.382617382617383,0.442739813623696
"ENSG00000088832",0.0839655319444618,0.003996003996004,0.0309698899552726
"ENSG00000088833",0.0943436465991226,0.00899100899100899,0.031668800133044
"ENSG00000088854",-0.0377245195771211,0.038961038961039,0.0678698023240711
"ENSG00000088876",-0.0432316085673196,0.00899100899100899,0.031668800133044
"ENSG00000088888",0.0143372308343507,0.266733266733267,0.325706197886649
"ENSG00000088930",0.0659167567161653,0.001998001998002,0.0309698899552726
"ENSG00000088970",-0.00305151524758566,0.592407592407592,0.642153372919135
"ENSG00000088986",-0.0303474205876095,0.146853146853147,0.196032557911931
"ENSG00000088992",0.0307911228728739,0.250749250749251,0.308634217073381
"ENSG00000089006",-0.0554907724320828,0.00699300699300699,0.0311612747652792
"ENSG00000089009",-0.106346863690275,0.014985014985015,0.0380820279318905
"ENSG00000089022",-0.0512655049260938,0.000999000999000999,0.0309698899552726
"ENSG00000089041",-0.019929157861793,0.475524475524476,0.533649560822966
"ENSG00000089048",-0.0927933149430409,0.018981018981019,0.0430078970802953
"ENSG00000089050",-0.0524365439708398,0.00799200799200799,0.0313472428354935
"ENSG00000089053",-0.0370175248553619,0.002997002997003,0.0309698899552726
"ENSG00000089057",0.0295357106270662,0.021978021978022,0.0464939039133723
"ENSG00000089060",0.0259646713956457,0.104895104895105,0.147874412977052
"ENSG00000089063",-0.0221983251607556,0.107892107892108,0.151406743653357
"ENSG00000089091",-0.0714474761870565,0.004995004995005,0.0309698899552726
"ENSG00000089094",-0.0432021763955096,0.010989010989011,0.0339239491564177
"ENSG00000089123",-0.0666881827625689,0.004995004995005,0.0309698899552726
"ENSG00000089127",0.015328288565286,0.666333666333666,0.710811113260962
"ENSG00000089154",-0.0396340564518133,0.0609390609390609,0.0952980656298809
"ENSG00000089157",-0.103637510929914,0.00799200799200799,0.0313472428354935
"ENSG00000089159",0.134826905460818,0.00699300699300699,0.0311612747652792
"ENSG00000089177",-0.0508360013564298,0.026973026973027,0.0526151336084788
"ENSG00000089195",-0.0510024532943829,0.00799200799200799,0.0313472428354935
"ENSG00000089220",-0.0545027512927924,0.016983016983017,0.0404964083535512
"ENSG00000089234",0.0357405676691627,0.00599400599400599,0.0309698899552726
"ENSG00000089248",-0.0581148860256939,0.001998001998002,0.0309698899552726
"ENSG00000089280",-0.00554449687570223,0.709290709290709,0.748792669031601
"ENSG00000089289",-0.0233793653420558,0.271728271728272,0.330964869730452
"ENSG00000089327",-0.018197861844283,0.155844155844156,0.205658840994297
"ENSG00000089335",-0.0957204644305313,0.00799200799200799,0.0313472428354935
"ENSG00000089351",0.110782485789175,0.00799200799200799,0.0313472428354935
"ENSG00000089486",0.00573768350758152,0.752247752247752,0.78695277563662
"ENSG00000089505",0.137417028315276,0.004995004995005,0.0309698899552726
"ENSG00000089597",-0.00226658816793436,0.919080919080919,0.931639210991438
"ENSG00000089639",0.136289490384471,0.00899100899100899,0.031668800133044
"ENSG00000089682",-0.0598049289849537,0.00999000999000999,0.0329382551604774
"ENSG00000089693",0.11384759058782,0.00599400599400599,0.0309698899552726
"ENSG00000089737",-0.0352840514004665,0.025974025974026,0.0514006000585945
"ENSG00000089775",-0.0746887923986907,0.011988011988012,0.0350284289015142
"ENSG00000089818",0.0301368097551914,0.030969030969031,0.0574804346232918
"ENSG00000089820",0.0251414352615414,0.0639360639360639,0.0989420057151193
"ENSG00000089876",-0.0630824007683687,0.00699300699300699,0.0311612747652792
"ENSG00000089902",0.10475980548348,0.00599400599400599,0.0309698899552726
"ENSG00000089916",0.00471374248291091,0.384615384615385,0.444580907214359
"ENSG00000090006",-0.0497429704839153,0.020979020979021,0.0454117208439975
"ENSG00000090013",0.0346661584319168,0.133866133866134,0.181008460486408
"ENSG00000090020",0.0786209360607764,0.038961038961039,0.0678698023240711
"ENSG00000090054",0.0387819029631173,0.002997002997003,0.0309698899552726
"ENSG00000090060",0.0290820437840805,0.038961038961039,0.0678698023240711
"ENSG00000090061",-0.00465722947454294,0.588411588411588,0.638628237111033
"ENSG00000090097",-0.070287238545097,0.004995004995005,0.0309698899552726
"ENSG00000090238",0.125416030474756,0.003996003996004,0.0309698899552726
"ENSG00000090263",-0.115060132394406,0.013986013986014,0.0370555370555371
"ENSG00000090266",-0.0990588029450624,0.00799200799200799,0.0313472428354935
"ENSG00000090273",0.0137665702771332,0.122877122877123,0.168577313097861
"ENSG00000090316",0.129679750474265,0.001998001998002,0.0309698899552726
"ENSG00000090339",0.138694370283952,0.002997002997003,0.0309698899552726
"ENSG00000090372",0.0884060031721761,0.00999000999000999,0.0329382551604774
"ENSG00000090376",0.104686688857102,0.00699300699300699,0.0311612747652792
"ENSG00000090382",0.0671480657010873,0.113886113886114,0.158449098944584
"ENSG00000090432",0.041149670813006,0.016983016983017,0.0404964083535512
"ENSG00000090447",-0.0520800098483834,0.02997002997003,0.0561377525217924
"ENSG00000090470",-0.0587028977600055,0.000999000999000999,0.0309698899552726
"ENSG00000090487",0.081001563889653,0.001998001998002,0.0309698899552726
"ENSG00000090520",-0.0135076207297286,0.25974025974026,0.317974782678867
"ENSG00000090565",-0.0405096559187221,0.044955044955045,0.0755305089151028
"ENSG00000090581",0.00513813712815067,0.578421578421578,0.629434129796317
"ENSG00000090612",-0.0829759630318231,0.020979020979021,0.0454117208439975
"ENSG00000090615",-0.00325447829533575,0.829170829170829,0.855142454730544
"ENSG00000090621",-0.0424707499211047,0.015984015984016,0.0392432899072327
"ENSG00000090661",0.0134826481261555,0.316683316683317,0.377457115927809
"ENSG00000090674",0.0298612582748373,0.352647352647353,0.413394058146302
"ENSG00000090686",0.0150408254868185,0.033966033966034,0.0614579638969883
"ENSG00000090776",-0.0231212077688634,0.408591408591409,0.468465135322605
"ENSG00000090857",-0.0431460259421636,0.034965034965035,0.0627459743481843
"ENSG00000090861",-0.032060557063207,0.166833166833167,0.217721902378217
"ENSG00000090863",-0.00668423587392012,0.663336663336663,0.708116896427431
"ENSG00000090905",-0.0541250943933278,0.00799200799200799,0.0313472428354935
"ENSG00000090920",-0.0651385811128151,0.0919080919080919,0.132329154013592
"ENSG00000090924",-0.0627681774260555,0.00899100899100899,0.031668800133044
"ENSG00000090975",-0.0662280965641676,0.0699300699300699,0.105979770544714
"ENSG00000090989",0.0313161317800287,0.015984015984016,0.0392432899072327
"ENSG00000091009",-0.00576637005927266,0.332667332667333,0.393542278176593
"ENSG00000091039",0.100653248974738,0.002997002997003,0.0309698899552726
"ENSG00000091073",0.0727445228956439,0.026973026973027,0.0526151336084788
"ENSG00000091106",0.108752193166922,0.00999000999000999,0.0329382551604774
"ENSG00000091127",-0.0589578250264895,0.010989010989011,0.0339239491564177
"ENSG00000091140",0.000834760825681831,0.946053946053946,0.954232171521303
"ENSG00000091157",-0.0322183285471535,0.00899100899100899,0.031668800133044
"ENSG00000091164",-0.00736417972750487,0.557442557442557,0.610307429656979
"ENSG00000091317",0.128922957020193,0.004995004995005,0.0309698899552726
"ENSG00000091409",-0.0821482782539163,0.027972027972028,0.0538126832348059
"ENSG00000091436",0.0601841248959106,0.045954045954046,0.0767902842430095
"ENSG00000091483",-0.0395439988948247,0.016983016983017,0.0404964083535512
"ENSG00000091490",-0.059232921813451,0.028971028971029,0.0550211482575579
"ENSG00000091527",0.0211452986147344,0.0579420579420579,0.0917937849126882
"ENSG00000091542",0.0122374654028012,0.350649350649351,0.411252453996672
"ENSG00000091592",0.0703432249610527,0.01998001998002,0.044196554411905
"ENSG00000091640",-0.0430403940871426,0.0559440559440559,0.08933506036881
"ENSG00000091732",-0.0433756468277841,0.020979020979021,0.0454117208439975
"ENSG00000091947",-0.0207707591855337,0.040959040959041,0.0705122123257061
"ENSG00000091972",-0.0344867703625771,0.603396603396603,0.652828626181165
"ENSG00000092010",0.061335264390531,0.00799200799200799,0.0313472428354935
"ENSG00000092020",0.0352451464339107,0.15984015984016,0.210101612267203
"ENSG00000092036",0.121053668825749,0.00799200799200799,0.0313472428354935
"ENSG00000092067",0.00893449276917293,0.577422577422577,0.628631627453985
"ENSG00000092094",-0.0266178627364405,0.00999000999000999,0.0329382551604774
"ENSG00000092098",0.055530673680896,0.026973026973027,0.0526151336084788
"ENSG00000092108",-0.0247348521586768,0.0569430569430569,0.0905693036450051
"ENSG00000092140",-0.0508045181109975,0.013986013986014,0.0370555370555371
"ENSG00000092148",-0.0227204882035632,0.00899100899100899,0.031668800133044
"ENSG00000092199",0.0187985079944549,0.046953046953047,0.078144539299504
"ENSG00000092200",0.16642174493747,0.001998001998002,0.0309698899552726
"ENSG00000092201",-0.0260867370961624,0.103896103896104,0.146724251072077
"ENSG00000092203",0.0613432276129618,0.002997002997003,0.0309698899552726
"ENSG00000092208",-0.0974456336776219,0.010989010989011,0.0339239491564177
"ENSG00000092330",0.0395223816616489,0.00899100899100899,0.031668800133044
"ENSG00000092439",-0.0652908707269932,0.00599400599400599,0.0309698899552726
"ENSG00000092470",-0.0807650455643271,0.00699300699300699,0.0311612747652792
"ENSG00000092529",-0.0190923874835975,0.313686313686314,0.37429330002801
"ENSG00000092531",0.108879956803008,0.001998001998002,0.0309698899552726
"ENSG00000092758",0.164463352242505,0.01998001998002,0.044196554411905
"ENSG00000092820",-0.0349170540903937,0.12987012987013,0.176359233986353
"ENSG00000092841",0.00674341755610813,0.803196803196803,0.832211326909146
"ENSG00000092847",0.0486577220939284,0.00999000999000999,0.0329382551604774
"ENSG00000092871",0.0800785525657673,0.00899100899100899,0.031668800133044
"ENSG00000092929",0.1011786490213,0.00899100899100899,0.031668800133044
"ENSG00000092931",-0.000118250566759283,0.982017982017982,0.984804081099141
"ENSG00000092964",-0.0105529425972757,0.783216783216783,0.814740699445971
"ENSG00000092978",-0.0575987288784948,0.011988011988012,0.0350284289015142
"ENSG00000093000",0.0931265705917534,0.004995004995005,0.0309698899552726
"ENSG00000093010",0.00519588242640297,0.79020979020979,0.821020252333471
"ENSG00000093072",-0.00205855383237275,0.952047952047952,0.959472728529332
"ENSG00000093144",-0.0452416025498113,0.0869130869130869,0.126486010961671
"ENSG00000093167",0.0386824827145135,0.035964035964036,0.0640509460900688
"ENSG00000093183",-0.0506782274629232,0.003996003996004,0.0309698899552726
"ENSG00000094631",-0.00894824193203465,0.55044955044955,0.604137232630383
"ENSG00000094841",-0.059608295012788,0.001998001998002,0.0309698899552726
"ENSG00000094880",-0.0514786114047014,0.001998001998002,0.0309698899552726
"ENSG00000094914",-0.0353477798205803,0.00599400599400599,0.0309698899552726
"ENSG00000094916",-0.0605225473464092,0.015984015984016,0.0392432899072327
"ENSG00000094975",-0.0353187455764205,0.038961038961039,0.0678698023240711
"ENSG00000095002",-0.0759585375102764,0.00999000999000999,0.0329382551604774
"ENSG00000095015",0.0235766860799073,0.0669330669330669,0.102576077327416
"ENSG00000095059",-0.0241359510108311,0.01998001998002,0.044196554411905
"ENSG00000095066",0.00274566000278958,0.799200799200799,0.828785503908465
"ENSG00000095139",0.0317338882685518,0.021978021978022,0.0464939039133723
"ENSG00000095209",-0.0744981204026095,0.004995004995005,0.0309698899552726
"ENSG00000095261",-0.0256085215580146,0.020979020979021,0.0454117208439975
"ENSG00000095303",0.0371022280983802,0.14985014985015,0.199368880870043
"ENSG00000095319",-0.0404846944442725,0.048951048951049,0.0806102639481647
"ENSG00000095321",0.0527750312614973,0.155844155844156,0.205658840994297
"ENSG00000095370",0.0983694947551094,0.00899100899100899,0.031668800133044
"ENSG00000095380",0.0335606770749029,0.0569430569430569,0.0905693036450051
"ENSG00000095383",0.0560583884145629,0.020979020979021,0.0454117208439975
"ENSG00000095485",0.000683361695204433,0.903096903096903,0.918458033461842
"ENSG00000095564",-0.0361798895663278,0.004995004995005,0.0309698899552726
"ENSG00000095574",-0.0233363726450395,0.196803196803197,0.250363164939221
"ENSG00000095585",-0.041727342380979,0.386613386613387,0.446632671375534
"ENSG00000095787",0.0536704504109466,0.00599400599400599,0.0309698899552726
"ENSG00000095794",-0.00395844705655691,0.799200799200799,0.828785503908465
"ENSG00000095906",-0.0217121715859901,0.0789210789210789,0.116778321407723
"ENSG00000095951",0.0655705105710799,0.00599400599400599,0.0309698899552726
"ENSG00000096060",0.0556814919383441,0.00799200799200799,0.0313472428354935
"ENSG00000096063",0.139612825595067,0.00599400599400599,0.0309698899552726
"ENSG00000096070",0.0519309307784833,0.014985014985015,0.0380820279318905
"ENSG00000096080",-0.0270672679922472,0.002997002997003,0.0309698899552726
"ENSG00000096092",-0.121520081256893,0.00599400599400599,0.0309698899552726
"ENSG00000096093",0.0195185805959511,0.173826173826174,0.225598591473321
"ENSG00000096384",-0.065193131357872,0.00799200799200799,0.0313472428354935
"ENSG00000096401",0.0234541360651623,0.026973026973027,0.0526151336084788
"ENSG00000096433",-0.0628486053053985,0.018981018981019,0.0430078970802953
"ENSG00000096654",-0.0719950702245626,0.012987012987013,0.0360623664690208
"ENSG00000096717",-0.014861954338645,0.117882117882118,0.16304606890405
"ENSG00000096746",0.0280070068020839,0.0779220779220779,0.115641829151338
"ENSG00000096872",-0.101567913408497,0.00799200799200799,0.0313472428354935
"ENSG00000096968",0.0464585040783318,0.028971028971029,0.0550211482575579
"ENSG00000096996",-0.000909254775222704,0.943056943056943,0.952088234346299
"ENSG00000097007",-0.0316164877195853,0.102897102897103,0.145570027382858
"ENSG00000097033",0.0939253209536139,0.003996003996004,0.0309698899552726
"ENSG00000097046",-0.0299031780650064,0.156843156843157,0.206795508386293
"ENSG00000097096",-0.115137521864196,0.010989010989011,0.0339239491564177
"ENSG00000099139",-0.0177656513181568,0.24975024975025,0.307719756151169
"ENSG00000099203",0.0234569999505738,0.0629370629370629,0.0977484650268315
"ENSG00000099204",-0.0747897434422627,0.037962037962038,0.0665831541488284
"ENSG00000099219",-0.0286735870592907,0.0989010989010989,0.140945500603985
"ENSG00000099246",0.0409215857703448,0.035964035964036,0.0640509460900688
"ENSG00000099251",-0.0317307970965005,0.120879120879121,0.166539639427407
"ENSG00000099290",-0.00777383080371072,0.647352647352647,0.693394306228531
"ENSG00000099308",0.129591038760759,0.00999000999000999,0.0329382551604774
"ENSG00000099326",0.00968650285361557,0.492507492507492,0.550139887067111
"ENSG00000099331",0.111671686457617,0.00599400599400599,0.0309698899552726
"ENSG00000099337",0.0395574164559913,0.044955044955045,0.0755305089151028
"ENSG00000099338",-0.0314674164950688,0.030969030969031,0.0574804346232918
"ENSG00000099341",-0.00604769059252236,0.568431568431568,0.620529620257116
"ENSG00000099364",0.0192526137046957,0.212787212787213,0.267637542990761
"ENSG00000099381",-0.0466704747985364,0.00999000999000999,0.0329382551604774
"ENSG00000099385",-0.0549950401782378,0.010989010989011,0.0339239491564177
"ENSG00000099622",0.00757872135946517,0.295704295704296,0.355946937677707
"ENSG00000099624",-0.0294597772743987,0.137862137862138,0.185597308482936
"ENSG00000099783",-0.0113998917087136,0.398601398601399,0.458279116846035
"ENSG00000099785",0.04549215178417,0.045954045954046,0.0767902842430095
"ENSG00000099795",-0.0399292989259051,0.02997002997003,0.0561377525217924
"ENSG00000099797",-0.0585063457712734,0.012987012987013,0.0360623664690208
"ENSG00000099800",-0.0305067144856002,0.043956043956044,0.0742673606444167
"ENSG00000099804",0.0470050344140764,0.0949050949050949,0.136008756328337
"ENSG00000099810",-0.0650087419939775,0.00799200799200799,0.0313472428354935
"ENSG00000099817",0.0435086328984447,0.013986013986014,0.0370555370555371
"ENSG00000099821",-0.0345120605099476,0.0639360639360639,0.0989420057151193
"ENSG00000099849",-0.0345444103888698,0.004995004995005,0.0309698899552726
"ENSG00000099860",0.0737048229642358,0.014985014985015,0.0380820279318905
"ENSG00000099875",0.132454526647512,0.002997002997003,0.0309698899552726
"ENSG00000099889",-0.0568786258455791,0.253746253746254,0.311780234896481
"ENSG00000099899",-0.0373680997877663,0.041958041958042,0.0717489681633108
"ENSG00000099901",-0.0510476471636125,0.010989010989011,0.0339239491564177
"ENSG00000099904",-0.0272689738632563,0.121878121878122,0.167493569894942
"ENSG00000099910",0.00599490305743644,0.613386613386613,0.662146799576064
"ENSG00000099917",0.00797455046750535,0.592407592407592,0.642153372919135
"ENSG00000099940",0.0340754555363123,0.00599400599400599,0.0309698899552726
"ENSG00000099942",0.056086727101035,0.00799200799200799,0.0313472428354935
"ENSG00000099949",-0.0400951808991067,0.022977022977023,0.0478078016166659
"ENSG00000099956",-0.0237972083451034,0.110889110889111,0.155051231491022
"ENSG00000099968",0.00976441022905159,0.406593406593407,0.466396827378024
"ENSG00000099977",-0.0196459070242984,0.224775224775225,0.280688762608962
"ENSG00000099991",0.00254132752928886,0.89010989010989,0.906938589176826
"ENSG00000099992",-0.0305570878961472,0.0659340659340659,0.101381218576715
"ENSG00000099995",0.0462996784133092,0.02997002997003,0.0561377525217924
"ENSG00000099999",0.00346406472417349,0.717282717282717,0.755636719521713
"ENSG00000100014",0.00681755306341567,0.625374625374625,0.673333833341
"ENSG00000100023",-0.0147777182677093,0.242757242757243,0.300242517593552
"ENSG00000100027",-0.034253185313646,0.356643356643357,0.417305019972725
"ENSG00000100028",-0.043337599599203,0.00799200799200799,0.0313472428354935
"ENSG00000100029",-0.0284893294003462,0.101898101898102,0.144513970806159
"ENSG00000100030",0.113804952075142,0.003996003996004,0.0309698899552726
"ENSG00000100031",0.0789802566777071,0.016983016983017,0.0404964083535512
"ENSG00000100034",0.125975538407262,0.004995004995005,0.0309698899552726
"ENSG00000100038",-0.0172082197191844,0.165834165834166,0.216724119725425
"ENSG00000100055",0.139256727154314,0.004995004995005,0.0309698899552726
"ENSG00000100056",0.0692405965809148,0.00699300699300699,0.0311612747652792
"ENSG00000100058",-0.0337421027926182,0.0759240759240759,0.113433061220232
"ENSG00000100060",-0.00574913289530791,0.535464535464535,0.590386494239705
"ENSG00000100068",0.0152198625854286,0.327672327672328,0.388321273441084
"ENSG00000100075",0.00986497726754358,0.525474525474525,0.581184690516551
"ENSG00000100077",-0.00673320587715605,0.764235764235764,0.79713464802859
"ENSG00000100079",-0.0431098070032227,0.392607392607393,0.452513248715416
"ENSG00000100083",-0.00238445832897498,0.793206793206793,0.823706838396202
"ENSG00000100084",0.0539381278924125,0.028971028971029,0.0550211482575579
"ENSG00000100092",0.0157490773811394,0.325674325674326,0.386448859197674
"ENSG00000100097",-0.0195793437765702,0.470529470529471,0.529032012051939
"ENSG00000100099",-0.0477350199381882,0.00799200799200799,0.0313472428354935
"ENSG00000100101",0.0318536107792317,0.00899100899100899,0.031668800133044
"ENSG00000100104",-0.00197329830439029,0.917082917082917,0.930084598945358
"ENSG00000100105",-0.0369729026942455,0.01998001998002,0.044196554411905
"ENSG00000100106",0.0896168765331943,0.011988011988012,0.0350284289015142
"ENSG00000100109",0.0415348834264306,0.018981018981019,0.0430078970802953
"ENSG00000100124",-0.0288621324570663,0.028971028971029,0.0550211482575579
"ENSG00000100129",-0.0458705251721982,0.00999000999000999,0.0329382551604774
"ENSG00000100138",-0.034104839412424,0.017982017982018,0.0417277258366272
"ENSG00000100139",-0.00698576123505768,0.549450549450549,0.603261164196666
"ENSG00000100142",0.0183911675403726,0.0829170829170829,0.121538907488414
"ENSG00000100147",-0.0832208586769257,0.003996003996004,0.0309698899552726
"ENSG00000100151",0.004289190264263,0.717282717282717,0.755636719521713
"ENSG00000100154",-0.0832193909937781,0.012987012987013,0.0360623664690208
"ENSG00000100181",-0.0377717748025577,0.143856143856144,0.19243801612457
"ENSG00000100201",0.0303717997740042,0.028971028971029,0.0550211482575579
"ENSG00000100207",0.0509950513277017,0.011988011988012,0.0350284289015142
"ENSG00000100209",-0.0890852868247354,0.002997002997003,0.0309698899552726
"ENSG00000100211",-0.0368862191067004,0.032967032967033,0.0601301870083172
"ENSG00000100216",-0.0458885775699439,0.025974025974026,0.0514006000585945
"ENSG00000100219",-0.0318034338295895,0.0619380619380619,0.0965087032764979
"ENSG00000100220",-0.0359934023385839,0.023976023976024,0.0489374755679103
"ENSG00000100221",0.00288282268402143,0.741258741258741,0.777148002481685
"ENSG00000100225",0.0211683262686936,0.428571428571429,0.488113289288422
"ENSG00000100226",0.113171897730712,0.00699300699300699,0.0311612747652792
"ENSG00000100227",0.0312069885288157,0.035964035964036,0.0640509460900688
"ENSG00000100239",0.0152304229843346,0.215784215784216,0.270896762278774
"ENSG00000100241",-0.0024406966658411,0.886113886113886,0.903403179785942
"ENSG00000100242",-0.00381168665940997,0.809190809190809,0.83784398594427
"ENSG00000100243",0.0316515047614156,0.151848151848152,0.201580811765281
"ENSG00000100246",0.0345442186972398,0.027972027972028,0.0538126832348059
"ENSG00000100258",0.0180757549915034,0.197802197802198,0.251527543454324
"ENSG00000100263",-0.0109572549204098,0.322677322677323,0.383688143260717
"ENSG00000100266",0.169985968063276,0.002997002997003,0.0309698899552726
"ENSG00000100271",-0.0643100334335533,0.00599400599400599,0.0309698899552726
"ENSG00000100280",-0.00397152065513752,0.855144855144855,0.877262558184453
"ENSG00000100281",-0.0145752613711163,0.010989010989011,0.0339239491564177
"ENSG00000100284",0.10846246657535,0.00599400599400599,0.0309698899552726
"ENSG00000100292",0.0467365290348746,0.223776223776224,0.279470295889292
"ENSG00000100294",0.00358056391521595,0.516483516483517,0.572663428461934
"ENSG00000100296",0.125569748660476,0.003996003996004,0.0309698899552726
"ENSG00000100297",0.00102719207977976,0.936063936063936,0.946300166858713
"ENSG00000100299",0.0952901817058688,0.018981018981019,0.0430078970802953
"ENSG00000100300",0.0918358214906047,0.004995004995005,0.0309698899552726
"ENSG00000100304",0.0203295100770671,0.271728271728272,0.330964869730452
"ENSG00000100307",0.0491788868126466,0.028971028971029,0.0550211482575579
"ENSG00000100316",-0.109098082489348,0.004995004995005,0.0309698899552726
"ENSG00000100319",0.0487101313584877,0.003996003996004,0.0309698899552726
"ENSG00000100324",-0.0410806684584704,0.0549450549450549,0.0880322184148341
"ENSG00000100325",0.0473628415024057,0.143856143856144,0.19243801612457
"ENSG00000100330",0.139940138480167,0.003996003996004,0.0309698899552726
"ENSG00000100335",-0.0284246611349469,0.023976023976024,0.0489374755679103
"ENSG00000100342",0.116003681273461,0.00999000999000999,0.0329382551604774
"ENSG00000100345",0.102329160581655,0.022977022977023,0.0478078016166659
"ENSG00000100346",-0.0796879745425332,0.02997002997003,0.0561377525217924
"ENSG00000100347",-0.0331494106324758,0.012987012987013,0.0360623664690208
"ENSG00000100348",0.0123129356677239,0.147852147852148,0.197103395772281
"ENSG00000100353",-0.0307276877480819,0.023976023976024,0.0489374755679103
"ENSG00000100354",0.0424408228691844,0.02997002997003,0.0561377525217924
"ENSG00000100359",-0.0355513909581973,0.031968031968032,0.0588078690022667
"ENSG00000100360",-0.0389338880926368,0.010989010989011,0.0339239491564177
"ENSG00000100364",0.0264137779457949,0.322677322677323,0.383688143260717
"ENSG00000100365",0.216331111397482,0.003996003996004,0.0309698899552726
"ENSG00000100368",0.212900934817662,0.003996003996004,0.0309698899552726
"ENSG00000100372",-0.0439538091372302,0.00799200799200799,0.0313472428354935
"ENSG00000100376",-0.0219642705747816,0.166833166833167,0.217721902378217
"ENSG00000100379",-0.042869292447169,0.025974025974026,0.0514006000585945
"ENSG00000100380",-0.0386928274656383,0.021978021978022,0.0464939039133723
"ENSG00000100387",-0.0595193270912512,0.038961038961039,0.0678698023240711
"ENSG00000100393",0.0583480828631191,0.014985014985015,0.0380820279318905
"ENSG00000100395",-0.0248874586642015,0.0999000999000999,0.142133230803765
"ENSG00000100401",-0.0189426086984656,0.297702297702298,0.358029241847915
"ENSG00000100403",-0.0458156416723946,0.025974025974026,0.0514006000585945
"ENSG00000100410",-0.0224257530044525,0.471528471528472,0.529907347188065
"ENSG00000100412",0.00382904752212065,0.865134865134865,0.886073871586058
"ENSG00000100413",-0.0487645199568751,0.016983016983017,0.0404964083535512
"ENSG00000100416",-0.0426168732138123,0.002997002997003,0.0309698899552726
"ENSG00000100417",0.0131990861674754,0.198801198801199,0.25261078528154
"ENSG00000100418",0.000305709014762795,0.983016983016983,0.985641423485575
"ENSG00000100422",0.00820128793678858,0.0829170829170829,0.121538907488414
"ENSG00000100425",0.00464818035543852,0.624375624375624,0.672378696572245
"ENSG00000100426",-0.0154751256414414,0.0959040959040959,0.137195027327154
"ENSG00000100427",-0.0696597125554017,0.17982017982018,0.232074626404523
"ENSG00000100439",0.123587731936503,0.00699300699300699,0.0311612747652792
"ENSG00000100441",0.0403707342847289,0.015984015984016,0.0392432899072327
"ENSG00000100442",-0.0983787432352072,0.01998001998002,0.044196554411905
"ENSG00000100445",-0.0516952042331879,0.00599400599400599,0.0309698899552726
"ENSG00000100461",0.113789156340379,0.001998001998002,0.0309698899552726
"ENSG00000100462",0.0761321376013392,0.003996003996004,0.0309698899552726
"ENSG00000100478",-0.0504543610605901,0.00899100899100899,0.031668800133044
"ENSG00000100479",-0.074327549390527,0.100899100899101,0.143283161361857
"ENSG00000100483",0.0632663601709906,0.020979020979021,0.0454117208439975
"ENSG00000100485",0.114427557653541,0.00799200799200799,0.0313472428354935
"ENSG00000100490",-0.00768677001484745,0.486513486513487,0.543899449387821
"ENSG00000100503",0.0845454793431911,0.004995004995005,0.0309698899552726
"ENSG00000100504",0.225855212882712,0.003996003996004,0.0309698899552726
"ENSG00000100519",-0.0296069312001421,0.144855144855145,0.193580466014581
"ENSG00000100522",-0.0703906946362594,0.014985014985015,0.0380820279318905
"ENSG00000100523",-0.0545033934629487,0.00599400599400599,0.0309698899552726
"ENSG00000100528",-0.0510066646080272,0.0909090909090909,0.131142174354274
"ENSG00000100532",-0.0522874404004403,0.0629370629370629,0.0977484650268315
"ENSG00000100554",0.0287308664654972,0.103896103896104,0.146724251072077
"ENSG00000100558",0.0373584932616655,0.113886113886114,0.158449098944584
"ENSG00000100564",-0.0437292617917941,0.015984015984016,0.0392432899072327
"ENSG00000100567",-0.0555606830700411,0.0689310689310689,0.104835938548923
"ENSG00000100568",-0.00919424847909271,0.360639360639361,0.421037870231575
"ENSG00000100577",-0.0161914094088533,0.17982017982018,0.232074626404523
"ENSG00000100578",-0.030638427560387,0.025974025974026,0.0514006000585945
"ENSG00000100580",0.0291877328153597,0.010989010989011,0.0339239491564177
"ENSG00000100591",-0.00661628026617993,0.438561438561439,0.497745903166623
"ENSG00000100592",-0.0510176527623215,0.00899100899100899,0.031668800133044
"ENSG00000100596",0.0577121993338669,0.01998001998002,0.044196554411905
"ENSG00000100599",0.0534982528648322,0.0739260739260739,0.110847605295515
"ENSG00000100601",-0.0197234130047045,0.018981018981019,0.0430078970802953
"ENSG00000100603",0.0156422009372506,0.0849150849150849,0.123968597000667
"ENSG00000100605",0.160505226164133,0.004995004995005,0.0309698899552726
"ENSG00000100612",0.112232884666131,0.003996003996004,0.0309698899552726
"ENSG00000100614",0.0345769356230964,0.015984015984016,0.0392432899072327
"ENSG00000100628",0.00150813515553563,0.94005994005994,0.949860464069309
"ENSG00000100629",-0.0726072416967917,0.010989010989011,0.0339239491564177
"ENSG00000100632",-0.0832614589209004,0.048951048951049,0.0806102639481647
"ENSG00000100644",0.101787877731597,0.002997002997003,0.0309698899552726
"ENSG00000100647",0.140521327404036,0.003996003996004,0.0309698899552726
"ENSG00000100650",-0.00698760254519228,0.460539460539461,0.519500960837548
"ENSG00000100664",-0.00576921734013318,0.562437562437562,0.614935828363776
"ENSG00000100697",0.0830973228372291,0.001998001998002,0.0309698899552726
"ENSG00000100711",0.00864726674141735,0.320679320679321,0.381690014452221
"ENSG00000100714",-0.0124982636812814,0.476523476523477,0.534571001667053
"ENSG00000100722",-0.0526173014239418,0.004995004995005,0.0309698899552726
"ENSG00000100726",-0.0384023883824529,0.0649350649350649,0.100075610462889
"ENSG00000100731",0.0893756231127067,0.010989010989011,0.0339239491564177
"ENSG00000100744",-0.0361843482840548,0.205794205794206,0.260203552365572
"ENSG00000100749",-0.0943945354797908,0.024975024975025,0.0503016340120413
"ENSG00000100764",0.0042872574651359,0.72027972027972,0.75839510060642
"ENSG00000100784",0.108208365096854,0.003996003996004,0.0309698899552726
"ENSG00000100796",0.0157123133342226,0.037962037962038,0.0665831541488284
"ENSG00000100802",0.0324911323679139,0.003996003996004,0.0309698899552726
"ENSG00000100804",-0.0256916943651172,0.00999000999000999,0.0329382551604774
"ENSG00000100811",0.0205748514149351,0.010989010989011,0.0339239491564177
"ENSG00000100813",0.0425697617472501,0.012987012987013,0.0360623664690208
"ENSG00000100814",-0.0875535201121678,0.00599400599400599,0.0309698899552726
"ENSG00000100815",-0.0346019127815013,0.042957042957043,0.0729589799685899
"ENSG00000100823",-0.0452248685777753,0.050949050949051,0.0830019919080513
"ENSG00000100836",-0.0108491552614132,0.016983016983017,0.0404964083535512
"ENSG00000100852",-0.105995823504296,0.00699300699300699,0.0311612747652792
"ENSG00000100865",0.0492401693832423,0.000999000999000999,0.0309698899552726
"ENSG00000100883",0.0147095655245017,0.14985014985015,0.199368880870043
"ENSG00000100888",0.0364833756587797,0.030969030969031,0.0574804346232918
"ENSG00000100889",-0.0228665264010006,0.198801198801199,0.25261078528154
"ENSG00000100897",0.0362486063583735,0.047952047952048,0.0794112873484515
"ENSG00000100902",-0.0421908854887812,0.017982017982018,0.0417277258366272
"ENSG00000100906",0.115049514185827,0.003996003996004,0.0309698899552726
"ENSG00000100908",0.00422727430417368,0.731268731268731,0.768081420414929
"ENSG00000100911",0.0128117818418879,0.555444555444555,0.60834162647705
"ENSG00000100916",-0.0737393249466776,0.023976023976024,0.0489374755679103
"ENSG00000100918",0.0612481584372589,0.0569430569430569,0.0905693036450051
"ENSG00000100934",0.0111600283577807,0.213786213786214,0.268725312967547
"ENSG00000100938",0.0852817055493508,0.00699300699300699,0.0311612747652792
"ENSG00000100941",-0.0124783501073958,0.144855144855145,0.193580466014581
"ENSG00000100949",-0.0159574224902291,0.336663336663337,0.397486981041358
"ENSG00000100982",0.064233084994865,0.004995004995005,0.0309698899552726
"ENSG00000100983",-0.0245014794311927,0.114885114885115,0.159561921956467
"ENSG00000100991",0.0776572397784987,0.00599400599400599,0.0309698899552726
"ENSG00000100994",-0.000144068846878268,0.997002997002997,0.997251936577779
"ENSG00000100997",-0.0143825038389012,0.314685314685315,0.375373509864825
"ENSG00000101019",-0.0633838066532205,0.001998001998002,0.0309698899552726
"ENSG00000101040",-0.0131369562813967,0.212787212787213,0.267637542990761
"ENSG00000101052",-0.0309866066007911,0.0599400599400599,0.0941400470935233
"ENSG00000101057",0.0538544938343952,0.010989010989011,0.0339239491564177
"ENSG00000101079",0.0180624450320594,0.136863136863137,0.184521110480276
"ENSG00000101082",-0.00597798410177676,0.707292707292707,0.747339876582008
"ENSG00000101084",0.111752659923727,0.004995004995005,0.0309698899552726
"ENSG00000101096",-0.064280820718275,0.021978021978022,0.0464939039133723
"ENSG00000101104",0.0500856529103644,0.0699300699300699,0.105979770544714
"ENSG00000101109",0.0744702317869033,0.003996003996004,0.0309698899552726
"ENSG00000101126",-0.0081029262442222,0.141858141858142,0.190252332200775
"ENSG00000101138",0.00389273742414442,0.23976023976024,0.296841306422021
"ENSG00000101146",0.0168151494199048,0.023976023976024,0.0489374755679103
"ENSG00000101150",0.134721271991271,0.002997002997003,0.0309698899552726
"ENSG00000101152",0.0974881285059752,0.004995004995005,0.0309698899552726
"ENSG00000101158",-0.0257053690767124,0.127872127872128,0.174197147219138
"ENSG00000101160",0.080583513314764,0.011988011988012,0.0350284289015142
"ENSG00000101161",0.00300431961134732,0.875124875124875,0.894552245407055
"ENSG00000101162",0.0537461160684331,0.0919080919080919,0.132329154013592
"ENSG00000101166",-0.00990373391318422,0.425574425574426,0.484975672914228
"ENSG00000101181",0.0630367634425402,0.00899100899100899,0.031668800133044
"ENSG00000101182",-0.0047244374587298,0.658341658341658,0.703659734075956
"ENSG00000101189",-0.01500214393449,0.20979020979021,0.264476947577755
"ENSG00000101190",0.000478200029467241,0.96003996003996,0.966473466222168
"ENSG00000101191",-0.00176638634624279,0.814185814185814,0.842145203105699
"ENSG00000101193",0.0288054935415845,0.046953046953047,0.078144539299504
"ENSG00000101194",-0.0151034670181039,0.581418581418581,0.632123078658269
"ENSG00000101199",0.0122543445538863,0.390609390609391,0.450685834902425
"ENSG00000101216",0.0406330208246711,0.0559440559440559,0.08933506036881
"ENSG00000101220",0.0272712243805933,0.216783216783217,0.272008843109282
"ENSG00000101224",-0.0634466769583102,0.016983016983017,0.0404964083535512
"ENSG00000101236",0.215658012810972,0.003996003996004,0.0309698899552726
"ENSG00000101246",-0.0208258568293936,0.0569430569430569,0.0905693036450051
"ENSG00000101247",-0.0593556603660974,0.004995004995005,0.0309698899552726
"ENSG00000101255",-0.0022400370146386,0.836163836163836,0.860876979612523
"ENSG00000101265",0.175375500004436,0.003996003996004,0.0309698899552726
"ENSG00000101266",-0.00660109320093431,0.392607392607393,0.452513248715416
"ENSG00000101290",0.084599975637894,0.00599400599400599,0.0309698899552726
"ENSG00000101294",0.0293409541019041,0.0819180819180819,0.120368200084547
"ENSG00000101298",-0.0601429300845052,0.0909090909090909,0.131142174354274
"ENSG00000101307",0.179195327484789,0.003996003996004,0.0309698899552726
"ENSG00000101310",0.0402481110624976,0.022977022977023,0.0478078016166659
"ENSG00000101337",0.0265228152560868,0.186813186813187,0.239684090863764
"ENSG00000101343",0.0503311516818599,0.003996003996004,0.0309698899552726
"ENSG00000101346",-0.027572294432461,0.0859140859140859,0.125168564009636
"ENSG00000101347",0.00342792744981154,0.872127872127872,0.892095733018365
"ENSG00000101350",0.0118660579839585,0.170829170829171,0.222164806300722
"ENSG00000101361",-0.0449332856646388,0.014985014985015,0.0380820279318905
"ENSG00000101363",0.0384253772762897,0.014985014985015,0.0380820279318905
"ENSG00000101365",-0.00601993160890487,0.694305694305694,0.735557637003335
"ENSG00000101367",0.0471331984146747,0.00799200799200799,0.0313472428354935
"ENSG00000101384",0.10262777165073,0.00899100899100899,0.031668800133044
"ENSG00000101391",-0.0391961552742748,0.002997002997003,0.0309698899552726
"ENSG00000101407",-0.007346758365048,0.372627372627373,0.433098236386438
"ENSG00000101412",0.00970088928502165,0.533466533466533,0.588453492354364
"ENSG00000101413",-0.0101649602611289,0.32967032967033,0.390342662263845
"ENSG00000101417",-0.0344598678462107,0.0559440559440559,0.08933506036881
"ENSG00000101421",0.0612887289305846,0.00899100899100899,0.031668800133044
"ENSG00000101439",0.0549845244743965,0.108891108891109,0.152666046039821
"ENSG00000101442",-0.0595965339046831,0.001998001998002,0.0309698899552726
"ENSG00000101444",-0.0478982172225599,0.002997002997003,0.0309698899552726
"ENSG00000101445",-0.0329375365452906,0.0829170829170829,0.121538907488414
"ENSG00000101452",-0.0456356634722082,0.001998001998002,0.0309698899552726
"ENSG00000101457",0.145581757471673,0.001998001998002,0.0309698899552726
"ENSG00000101460",0.197849107284075,0.001998001998002,0.0309698899552726
"ENSG00000101464",-0.0619875323716399,0.00599400599400599,0.0309698899552726
"ENSG00000101473",0.0194469801182366,0.027972027972028,0.0538126832348059
"ENSG00000101474",0.175794488012887,0.003996003996004,0.0309698899552726
"ENSG00000101493",0.163739911630943,0.002997002997003,0.0309698899552726
"ENSG00000101544",-0.0139990301928149,0.027972027972028,0.0538126832348059
"ENSG00000101546",-0.0655996307723972,0.00999000999000999,0.0329382551604774
"ENSG00000101557",-0.0878718070728987,0.00799200799200799,0.0313472428354935
"ENSG00000101558",0.0625094645502382,0.004995004995005,0.0309698899552726
"ENSG00000101574",-0.0100498037325321,0.438561438561439,0.497745903166623
"ENSG00000101577",0.0824976106478603,0.002997002997003,0.0309698899552726
"ENSG00000101596",0.138152621669988,0.003996003996004,0.0309698899552726
"ENSG00000101605",-0.00563013043587304,0.653346653346653,0.69912920309145
"ENSG00000101608",0.0280864016530914,0.0599400599400599,0.0941400470935233
"ENSG00000101624",-0.0489589595258136,0.00699300699300699,0.0311612747652792
"ENSG00000101639",-0.0277434780830615,0.01998001998002,0.044196554411905
"ENSG00000101654",-0.0573581910267016,0.010989010989011,0.0339239491564177
"ENSG00000101665",-0.0183186893750831,0.597402597402597,0.646809406809407
"ENSG00000101695",-0.0503262086704972,0.00699300699300699,0.0311612747652792
"ENSG00000101745",-0.0017576925837335,0.92007992007992,0.932494558907107
"ENSG00000101751",-0.0210872076800159,0.238761238761239,0.29563492349398
"ENSG00000101752",0.00922390974716968,0.360639360639361,0.421037870231575
"ENSG00000101773",-0.0268764297401921,0.391608391608392,0.451751742210563
"ENSG00000101782",0.00689319414389391,0.711288711288711,0.750572283103673
"ENSG00000101811",-0.0409727923802621,0.017982017982018,0.0417277258366272
"ENSG00000101842",-0.104108669225081,0.017982017982018,0.0417277258366272
"ENSG00000101843",-0.0494320974706646,0.02997002997003,0.0561377525217924
"ENSG00000101844",-0.0314774355961483,0.028971028971029,0.0550211482575579
"ENSG00000101846",0.0551594725948738,0.040959040959041,0.0705122123257061
"ENSG00000101849",0.147883544269252,0.003996003996004,0.0309698899552726
"ENSG00000101856",0.0217212906827259,0.0759240759240759,0.113433061220232
"ENSG00000101868",-0.055337607828181,0.00799200799200799,0.0313472428354935
"ENSG00000101882",0.0245083782586159,0.027972027972028,0.0538126832348059
"ENSG00000101888",-0.0430855594589813,0.127872127872128,0.174197147219138
"ENSG00000101901",-0.076842500492053,0.000999000999000999,0.0309698899552726
"ENSG00000101911",-0.0645808626818226,0.002997002997003,0.0309698899552726
"ENSG00000101928",-0.0200172094206365,0.0699300699300699,0.105979770544714
"ENSG00000101935",-0.0646657854783923,0.003996003996004,0.0309698899552726
"ENSG00000101940",0.0501418343956738,0.013986013986014,0.0370555370555371
"ENSG00000101945",-0.0138200309645938,0.336663336663337,0.397486981041358
"ENSG00000101966",0.0430044792234098,0.001998001998002,0.0309698899552726
"ENSG00000101972",0.0648138364060811,0.010989010989011,0.0339239491564177
"ENSG00000101974",-0.0294489598092228,0.00799200799200799,0.0313472428354935
"ENSG00000101986",0.0474333696850251,0.0919080919080919,0.132329154013592
"ENSG00000101997",-0.0227998077902788,0.237762237762238,0.294671194537132
"ENSG00000102007",0.0887223668662723,0.001998001998002,0.0309698899552726
"ENSG00000102010",0.319282129473823,0.003996003996004,0.0309698899552726
"ENSG00000102030",-0.00634994948007643,0.554445554445554,0.607579709430717
"ENSG00000102034",0.091799053506527,0.013986013986014,0.0370555370555371
"ENSG00000102043",-0.0686709403058861,0.011988011988012,0.0350284289015142
"ENSG00000102054",-0.0441227769374496,0.013986013986014,0.0370555370555371
"ENSG00000102078",0.030561229969394,0.014985014985015,0.0380820279318905
"ENSG00000102081",0.0337910402051564,0.027972027972028,0.0538126832348059
"ENSG00000102096",0.0511023783131161,0.003996003996004,0.0309698899552726
"ENSG00000102100",0.0816792323097404,0.001998001998002,0.0309698899552726
"ENSG00000102103",0.00292157785264486,0.659340659340659,0.7044142629528
"ENSG00000102119",-7.4766761312981e-05,0.993006993006993,0.994413635693529
"ENSG00000102125",-0.000442291018793914,0.961038961038961,0.967317105005547
"ENSG00000102144",0.0619752924965502,0.00899100899100899,0.031668800133044
"ENSG00000102145",0.0522503737365685,0.11988011988012,0.165390802516276
"ENSG00000102158",-0.0144759225987521,0.0919080919080919,0.132329154013592
"ENSG00000102172",0.0434268792603897,0.003996003996004,0.0309698899552726
"ENSG00000102178",-0.00307452563063881,0.674325674325674,0.717934616765233
"ENSG00000102181",-0.0112920695175629,0.497502497502497,0.554739749024403
"ENSG00000102189",-0.0608860932868451,0.011988011988012,0.0350284289015142
"ENSG00000102218",0.129392614640142,0.004995004995005,0.0309698899552726
"ENSG00000102221",-0.0362746004991052,0.0659340659340659,0.101381218576715
"ENSG00000102225",0.00321104098161956,0.762237762237762,0.795257698287475
"ENSG00000102226",-0.0413277735347931,0.10989010989011,0.153869199657386
"ENSG00000102241",-0.0475263627467423,0.027972027972028,0.0538126832348059
"ENSG00000102265",0.0978288653504448,0.002997002997003,0.0309698899552726
"ENSG00000102309",-0.0446730681933024,0.036963036963037,0.0654036775944903
"ENSG00000102316",-0.0424451136184477,0.013986013986014,0.0370555370555371
"ENSG00000102317",-0.0470517110590317,0.042957042957043,0.0729589799685899
"ENSG00000102349",-0.0784517490901358,0.033966033966034,0.0614579638969883
"ENSG00000102384",-0.0329372884089886,0.102897102897103,0.145570027382858
"ENSG00000102390",-0.060940843012899,0.003996003996004,0.0309698899552726
"ENSG00000102393",0.056854665995488,0.025974025974026,0.0514006000585945
"ENSG00000102401",-0.0228538849594915,0.015984015984016,0.0392432899072327
"ENSG00000102409",-0.0779431204210995,0.001998001998002,0.0309698899552726
"ENSG00000102471",-0.0885129553262011,0.002997002997003,0.0309698899552726
"ENSG00000102524",0.129593844409619,0.012987012987013,0.0360623664690208
"ENSG00000102531",-0.00515480274436084,0.455544455544456,0.514542600256886
"ENSG00000102543",-0.0120116860215169,0.387612387612388,0.447657666185439
"ENSG00000102547",-0.00616286608666091,0.593406593406593,0.643062257850355
"ENSG00000102554",0.116223901671455,0.001998001998002,0.0309698899552726
"ENSG00000102572",0.0396313522299321,0.00799200799200799,0.0313472428354935
"ENSG00000102580",0.142945578786839,0.00599400599400599,0.0309698899552726
"ENSG00000102595",-0.0673331425203662,0.103896103896104,0.146724251072077
"ENSG00000102606",-0.0180708294985948,0.0989010989010989,0.140945500603985
"ENSG00000102699",0.0499076727310397,0.00799200799200799,0.0313472428354935
"ENSG00000102710",0.0424077516917544,0.016983016983017,0.0404964083535512
"ENSG00000102738",-0.0548966581246372,0.025974025974026,0.0514006000585945
"ENSG00000102743",-0.0486759107585598,0.026973026973027,0.0526151336084788
"ENSG00000102753",-0.0425510331957614,0.01998001998002,0.044196554411905
"ENSG00000102760",-0.0824217245608132,0.002997002997003,0.0309698899552726
"ENSG00000102763",-0.0530737822885997,0.013986013986014,0.0370555370555371
"ENSG00000102780",-0.0667550469670428,0.018981018981019,0.0430078970802953
"ENSG00000102781",-0.0533977155892933,0.0609390609390609,0.0952980656298809
"ENSG00000102786",0.0350029982016492,0.018981018981019,0.0430078970802953
"ENSG00000102796",0.164235403662294,0.001998001998002,0.0309698899552726
"ENSG00000102804",0.00155571158996351,0.902097902097902,0.917752695116616
"ENSG00000102805",-0.0419081365722536,0.028971028971029,0.0550211482575579
"ENSG00000102858",0.108701333560804,0.015984015984016,0.0392432899072327
"ENSG00000102870",-0.0203345025088129,0.300699300699301,0.360695098892524
"ENSG00000102871",0.00408767364692034,0.586413586413586,0.636977447714975
"ENSG00000102879",0.0939191316530975,0.00699300699300699,0.0311612747652792
"ENSG00000102882",0.173779390222043,0.002997002997003,0.0309698899552726
"ENSG00000102886",0.0400567622391447,0.156843156843157,0.206795508386293
"ENSG00000102893",-0.00851597384134153,0.232767232767233,0.289076842347484
"ENSG00000102897",0.0595445671587503,0.013986013986014,0.0370555370555371
"ENSG00000102898",-0.00382874868259333,0.615384615384615,0.663826614100378
"ENSG00000102900",-0.00420692869200398,0.799200799200799,0.828785503908465
"ENSG00000102901",-0.0220805292320528,0.133866133866134,0.181008460486408
"ENSG00000102908",0.0491601490206125,0.011988011988012,0.0350284289015142
"ENSG00000102910",-0.0368366944223156,0.001998001998002,0.0309698899552726
"ENSG00000102921",0.149039497061575,0.003996003996004,0.0309698899552726
"ENSG00000102931",-0.0429091649799327,0.003996003996004,0.0309698899552726
"ENSG00000102967",-0.0468582893696227,0.028971028971029,0.0550211482575579
"ENSG00000102974",0.0137559616834645,0.0859140859140859,0.125168564009636
"ENSG00000102977",0.00859200972514625,0.520479520479521,0.576668468435777
"ENSG00000102978",0.0584677338049006,0.001998001998002,0.0309698899552726
"ENSG00000102984",-0.0106530751727165,0.290709290709291,0.350671911647521
"ENSG00000103005",0.118304391396338,0.00799200799200799,0.0313472428354935
"ENSG00000103018",-0.041810239000025,0.010989010989011,0.0339239491564177
"ENSG00000103024",-0.057409920374366,0.002997002997003,0.0309698899552726
"ENSG00000103035",0.0162095621301044,0.051948051948052,0.084286713691331
"ENSG00000103037",-0.0782802292618863,0.002997002997003,0.0309698899552726
"ENSG00000103042",-0.0333725034077289,0.0779220779220779,0.115641829151338
"ENSG00000103043",-0.0135782957623967,0.34965034965035,0.410200888529666
"ENSG00000103047",-0.0543934877786541,0.00799200799200799,0.0313472428354935
"ENSG00000103051",-0.0117022055686201,0.0849150849150849,0.123968597000667
"ENSG00000103061",-0.0176311846931404,0.001998001998002,0.0309698899552726
"ENSG00000103064",-0.0579735467681924,0.025974025974026,0.0514006000585945
"ENSG00000103066",-0.0026857373027177,0.881118881118881,0.899455254674825
"ENSG00000103091",-0.0416550827543685,0.004995004995005,0.0309698899552726
"ENSG00000103111",0.059645036673992,0.000999000999000999,0.0309698899552726
"ENSG00000103121",-0.0761864135413973,0.01998001998002,0.044196554411905
"ENSG00000103126",0.0188757266020666,0.304695304695305,0.364796590140284
"ENSG00000103148",0.10112531381581,0.043956043956044,0.0742673606444167
"ENSG00000103150",-0.0146567938495227,0.0979020979020979,0.139704038540419
"ENSG00000103152",-0.0211526379019722,0.0669330669330669,0.102576077327416
"ENSG00000103160",-0.0206468614379793,0.0609390609390609,0.0952980656298809
"ENSG00000103168",-0.0528133825199485,0.00899100899100899,0.031668800133044
"ENSG00000103174",-0.023022112992012,0.15984015984016,0.210101612267203
"ENSG00000103187",0.114802030776653,0.002997002997003,0.0309698899552726
"ENSG00000103194",0.141666567794841,0.002997002997003,0.0309698899552726
"ENSG00000103196",0.261100812020026,0.004995004995005,0.0309698899552726
"ENSG00000103197",0.0271820486819588,0.315684315684316,0.376490434245719
"ENSG00000103199",-0.035144348255149,0.044955044955045,0.0755305089151028
"ENSG00000103202",0.000794826037982491,0.941058941058941,0.950470321341823
"ENSG00000103222",-0.0163948260458677,0.15984015984016,0.210101612267203
"ENSG00000103227",-0.0392497341653048,0.0839160839160839,0.12274872158027
"ENSG00000103245",-0.0242149393930188,0.0709290709290709,0.107142480445648
"ENSG00000103248",-0.000996027782367503,0.874125874125874,0.893607073430143
"ENSG00000103249",-0.000498411959375247,0.979020979020979,0.982618517276944
"ENSG00000103254",-0.0431416025697391,0.032967032967033,0.0601301870083172
"ENSG00000103257",0.013433367312412,0.675324675324675,0.71887085456616
"ENSG00000103264",-0.038761216173519,0.03996003996004,0.0691988127146629
"ENSG00000103266",0.0174210007413734,0.026973026973027,0.0526151336084788
"ENSG00000103274",-0.00781987769191237,0.66033966033966,0.705230786275841
"ENSG00000103275",0.012976847292706,0.0609390609390609,0.0952980656298809
"ENSG00000103319",-0.0428595282514775,0.031968031968032,0.0588078690022667
"ENSG00000103326",-0.0367338746147045,0.186813186813187,0.239684090863764
"ENSG00000103335",-0.0389763012809052,0.0699300699300699,0.105979770544714
"ENSG00000103342",0.0013904057144267,0.951048951048951,0.958626712547706
"ENSG00000103343",-0.00553432555291431,0.440559440559441,0.499636062719954
"ENSG00000103351",-0.0880373997260607,0.00599400599400599,0.0309698899552726
"ENSG00000103353",-0.0281520363784431,0.0959040959040959,0.137195027327154
"ENSG00000103356",-0.0460444080133859,0.017982017982018,0.0417277258366272
"ENSG00000103363",0.00612989960974535,0.567432567432567,0.619551612192659
"ENSG00000103365",-0.0354257468868282,0.038961038961039,0.0678698023240711
"ENSG00000103381",0.187128507209876,0.00599400599400599,0.0309698899552726
"ENSG00000103404",-0.0341747914887814,0.041958041958042,0.0717489681633108
"ENSG00000103415",0.0344706056504657,0.010989010989011,0.0339239491564177
"ENSG00000103423",-0.0468340896633308,0.00999000999000999,0.0329382551604774
"ENSG00000103429",-0.0151452968771277,0.104895104895105,0.147874412977052
"ENSG00000103472",-0.0507121730027525,0.00899100899100899,0.031668800133044
"ENSG00000103479",0.0149071127031824,0.0929070929070929,0.133543528591968
"ENSG00000103489",0.0188772535265114,0.0979020979020979,0.139704038540419
"ENSG00000103490",0.122651615590705,0.001998001998002,0.0309698899552726
"ENSG00000103494",-0.0867046251280789,0.015984015984016,0.0392432899072327
"ENSG00000103495",0.00700745394127837,0.53946053946054,0.594247182698145
"ENSG00000103496",0.057206716306348,0.004995004995005,0.0309698899552726
"ENSG00000103502",0.0725655106477783,0.010989010989011,0.0339239491564177
"ENSG00000103507",0.100311101019402,0.003996003996004,0.0309698899552726
"ENSG00000103510",0.0541996178780055,0.004995004995005,0.0309698899552726
"ENSG00000103512",-0.0235371603928183,0.115884115884116,0.160633829837982
"ENSG00000103522",-0.0490968963898403,0.0769230769230769,0.114541139692918
"ENSG00000103540",0.0165837049256097,0.188811188811189,0.241886032100295
"ENSG00000103544",-0.0234216755362454,0.0689310689310689,0.104835938548923
"ENSG00000103549",0.0706687805924957,0.012987012987013,0.0360623664690208
"ENSG00000103550",-0.0614381702960684,0.004995004995005,0.0309698899552726
"ENSG00000103591",-0.0137798291131407,0.200799200799201,0.254772465709966
"ENSG00000103642",0.0459336490244808,0.04995004995005,0.0818292939339832
"ENSG00000103653",0.0583771025915177,0.035964035964036,0.0640509460900688
"ENSG00000103657",0.00151599725721412,0.907092907092907,0.921664064714454
"ENSG00000103671",0.0129583307173127,0.167832167832168,0.218788045667317
"ENSG00000103707",0.0681296697877926,0.002997002997003,0.0309698899552726
"ENSG00000103769",0.034857805276482,0.038961038961039,0.0678698023240711
"ENSG00000103811",-0.0134006917055868,0.674325674325674,0.717934616765233
"ENSG00000103876",0.0322956136165363,0.112887112887113,0.157241228868489
"ENSG00000103932",-0.0341180256063527,0.0719280719280719,0.108379083303858
"ENSG00000103942",-0.0357385253841309,0.04995004995005,0.0818292939339832
"ENSG00000103966",0.0048090916561331,0.78021978021978,0.812255831486601
"ENSG00000103978",-0.00512529330071588,0.287712287712288,0.347719858580679
"ENSG00000103994",0.106096061584358,0.002997002997003,0.0309698899552726
"ENSG00000103995",-0.0258393173981142,0.028971028971029,0.0550211482575579
"ENSG00000104047",-0.0689563777746018,0.011988011988012,0.0350284289015142
"ENSG00000104064",-0.00606083115977931,0.54045954045954,0.595129444497229
"ENSG00000104081",-0.00280990607369914,0.872127872127872,0.892095733018365
"ENSG00000104093",0.098953794620633,0.012987012987013,0.0360623664690208
"ENSG00000104129",-0.0265951321317698,0.0569430569430569,0.0905693036450051
"ENSG00000104131",-0.0481564295490278,0.040959040959041,0.0705122123257061
"ENSG00000104133",0.0326271578174034,0.022977022977023,0.0478078016166659
"ENSG00000104142",0.0732882288860623,0.00699300699300699,0.0311612747652792
"ENSG00000104154",-0.0805230417131674,0.040959040959041,0.0705122123257061
"ENSG00000104164",-0.0235119393178536,0.180819180819181,0.233188637738482
"ENSG00000104177",-0.0440122255581688,0.107892107892108,0.151406743653357
"ENSG00000104205",-0.0381028788281346,0.043956043956044,0.0742673606444167
"ENSG00000104218",-0.0722416165729014,0.010989010989011,0.0339239491564177
"ENSG00000104219",-0.0325272465927462,0.00899100899100899,0.031668800133044
"ENSG00000104221",-0.00740102457220098,0.287712287712288,0.347719858580679
"ENSG00000104228",-0.0463129055638331,0.00699300699300699,0.0311612747652792
"ENSG00000104231",-0.0885476640069355,0.020979020979021,0.0454117208439975
"ENSG00000104267",0.0287649833878875,0.161838161838162,0.212240400367856
"ENSG00000104299",-0.016702747923609,0.15984015984016,0.210101612267203
"ENSG00000104312",0.0346502361278298,0.033966033966034,0.0614579638969883
"ENSG00000104320",0.0787410383800675,0.010989010989011,0.0339239491564177
"ENSG00000104324",0.149607162163953,0.003996003996004,0.0309698899552726
"ENSG00000104325",0.06735642839072,0.003996003996004,0.0309698899552726
"ENSG00000104331",-0.0434518446552409,0.012987012987013,0.0360623664690208
"ENSG00000104341",-0.0411012522294249,0.152847152847153,0.20252669050905
"ENSG00000104343",0.073501446267069,0.011988011988012,0.0350284289015142
"ENSG00000104356",-0.0451538865442685,0.024975024975025,0.0503016340120413
"ENSG00000104361",-0.0492245875697087,0.0879120879120879,0.127615348777325
"ENSG00000104365",-0.00131293934793704,0.871128871128871,0.89130144502186
"ENSG00000104375",0.0681790556463284,0.023976023976024,0.0489374755679103
"ENSG00000104381",-0.0541104772070304,0.00899100899100899,0.031668800133044
"ENSG00000104388",0.0598574973033376,0.00899100899100899,0.031668800133044
"ENSG00000104408",-0.101410558614738,0.00999000999000999,0.0329382551604774
"ENSG00000104412",-0.0285287127186223,0.106893106893107,0.150232880205983
"ENSG00000104419",0.0565447125765817,0.003996003996004,0.0309698899552726
"ENSG00000104427",-0.0592140250912981,0.0769230769230769,0.114541139692918
"ENSG00000104442",-0.0679560281276725,0.00899100899100899,0.031668800133044
"ENSG00000104447",-0.00589796844135823,0.627372627372627,0.675001274464121
"ENSG00000104450",0.104431322679922,0.023976023976024,0.0489374755679103
"ENSG00000104472",0.0153865382489535,0.037962037962038,0.0665831541488284
"ENSG00000104490",-0.0684429947721687,0.0849150849150849,0.123968597000667
"ENSG00000104497",0.00787993469053641,0.748251748251748,0.783522654917619
"ENSG00000104517",0.0225599519715387,0.027972027972028,0.0538126832348059
"ENSG00000104518",0.0338084257934649,0.027972027972028,0.0538126832348059
"ENSG00000104522",0.0285723126124597,0.150849150849151,0.20038743173484
"ENSG00000104524",-0.034635161510993,0.0819180819180819,0.120368200084547
"ENSG00000104529",-0.0450067352298198,0.00999000999000999,0.0329382551604774
"ENSG00000104549",-0.0670235315415596,0.042957042957043,0.0729589799685899
"ENSG00000104613",-0.0433996362649148,0.001998001998002,0.0309698899552726
"ENSG00000104626",0.0344139084909446,0.017982017982018,0.0417277258366272
"ENSG00000104635",-0.0461378846664824,0.010989010989011,0.0339239491564177
"ENSG00000104643",-0.0296151743343922,0.015984015984016,0.0392432899072327
"ENSG00000104660",-0.0274311714574488,0.0769230769230769,0.114541139692918
"ENSG00000104671",-0.0619027725959537,0.050949050949051,0.0830019919080513
"ENSG00000104679",-0.0233835796561945,0.00699300699300699,0.0311612747652792
"ENSG00000104687",0.0580612299659923,0.00599400599400599,0.0309698899552726
"ENSG00000104689",-0.0742120728349994,0.003996003996004,0.0309698899552726
"ENSG00000104691",-0.0634847139749246,0.03996003996004,0.0691988127146629
"ENSG00000104695",-0.00929489794737027,0.381618381618382,0.441753969397969
"ENSG00000104714",0.0459126738075205,0.041958041958042,0.0717489681633108
"ENSG00000104728",-0.0604036038000995,0.017982017982018,0.0417277258366272
"ENSG00000104731",-0.0471547733300418,0.0899100899100899,0.130013170561841
"ENSG00000104738",-0.0244989829563987,0.143856143856144,0.19243801612457
"ENSG00000104756",-0.0233675129734711,0.110889110889111,0.155051231491022
"ENSG00000104763",0.090698143498104,0.00999000999000999,0.0329382551604774
"ENSG00000104765",0.0130344025318306,0.477522477522478,0.535491754676228
"ENSG00000104774",0.0357599591288054,0.177822177822178,0.229866293757872
"ENSG00000104783",-0.0412748620715864,0.0889110889110889,0.128801044664111
"ENSG00000104805",0.0586381705077581,0.040959040959041,0.0705122123257061
"ENSG00000104812",-0.000822844635782806,0.939060939060939,0.949010626104471
"ENSG00000104823",-0.0141232784215493,0.276723276723277,0.336061069084513
"ENSG00000104824",0.00406784133559822,0.473526473526474,0.531705237675526
"ENSG00000104825",0.0526844766617386,0.018981018981019,0.0430078970802953
"ENSG00000104852",-0.0130842766645102,0.0869130869130869,0.126486010961671
"ENSG00000104853",0.0478188355999852,0.020979020979021,0.0454117208439975
"ENSG00000104856",0.105436387517793,0.00799200799200799,0.0313472428354935
"ENSG00000104859",0.0456060455081402,0.010989010989011,0.0339239491564177
"ENSG00000104866",-0.0348504588770012,0.014985014985015,0.0380820279318905
"ENSG00000104870",0.151342546148485,0.003996003996004,0.0309698899552726
"ENSG00000104872",-0.0344104159040734,0.004995004995005,0.0309698899552726
"ENSG00000104880",0.00903741942768393,0.595404595404595,0.644936676662679
"ENSG00000104884",-0.0263041988608986,0.155844155844156,0.205658840994297
"ENSG00000104885",-0.0117733839084304,0.523476523476524,0.579454808799932
"ENSG00000104886",0.00797979307252772,0.210789210789211,0.265541376862132
"ENSG00000104889",-0.00199308999512395,0.894105894105894,0.910701299717318
"ENSG00000104892",0.110870518318453,0.032967032967033,0.0601301870083172
"ENSG00000104897",-0.00510975705004779,0.627372627372627,0.675001274464121
"ENSG00000104903",0.0564079763458953,0.042957042957043,0.0729589799685899
"ENSG00000104904",0.0543743465232492,0.00999000999000999,0.0329382551604774
"ENSG00000104907",-0.0476800606435216,0.002997002997003,0.0309698899552726
"ENSG00000104915",0.100644108068062,0.003996003996004,0.0309698899552726
"ENSG00000104918",0.0257632473374146,0.45954045954046,0.518568755188474
"ENSG00000104946",0.0172438970792156,0.283716283716284,0.34337384669711
"ENSG00000104957",-0.0217976622379762,0.020979020979021,0.0454117208439975
"ENSG00000104960",0.0370813082978681,0.0559440559440559,0.08933506036881
"ENSG00000104964",-0.0507605275058605,0.00899100899100899,0.031668800133044
"ENSG00000104969",0.0140115539706744,0.341658341658342,0.402396114273809
"ENSG00000104972",-0.0152857377858193,0.62037962037962,0.668614678299908
"ENSG00000104973",0.13517478275659,0.012987012987013,0.0360623664690208
"ENSG00000104974",0.104687356535211,0.00799200799200799,0.0313472428354935
"ENSG00000104976",0.00528034541373666,0.683316683316683,0.725642829380569
"ENSG00000104979",-0.0291955240492011,0.0729270729270729,0.10954100267936
"ENSG00000104980",-0.0370026668812451,0.016983016983017,0.0404964083535512
"ENSG00000104983",-0.00492564683062748,0.701298701298701,0.741789103345167
"ENSG00000104998",-0.0410155425349366,0.010989010989011,0.0339239491564177
"ENSG00000105011",0.177469409473198,0.001998001998002,0.0309698899552726
"ENSG00000105053",0.0775824205509302,0.00699300699300699,0.0311612747652792
"ENSG00000105058",0.0183050182756041,0.126873126873127,0.172953861021012
"ENSG00000105063",0.0472465637932006,0.0749250749250749,0.112219535200592
"ENSG00000105085",0.0305576512525281,0.026973026973027,0.0526151336084788
"ENSG00000105122",-0.00792330599621871,0.717282717282717,0.755636719521713
"ENSG00000105127",0.00169437479868247,0.832167832167832,0.8576445422342
"ENSG00000105135",-0.0503107535980211,0.020979020979021,0.0454117208439975
"ENSG00000105136",-0.0524726928613922,0.025974025974026,0.0514006000585945
"ENSG00000105171",-0.0104768407397587,0.316683316683317,0.377457115927809
"ENSG00000105176",-0.0841778572717673,0.002997002997003,0.0309698899552726
"ENSG00000105185",-0.0707583017843322,0.00899100899100899,0.031668800133044
"ENSG00000105186",-0.0074494765849021,0.243756243756244,0.301385034718368
"ENSG00000105193",-0.0361744728238936,0.271728271728272,0.330964869730452
"ENSG00000105197",-0.0261343090981243,0.0689310689310689,0.104835938548923
"ENSG00000105202",-0.0757992509371817,0.003996003996004,0.0309698899552726
"ENSG00000105204",0.0588158779539312,0.025974025974026,0.0514006000585945
"ENSG00000105220",-0.013687184538323,0.44955044955045,0.508584891527563
"ENSG00000105221",0.0295914239949377,0.0679320679320679,0.103657642509852
"ENSG00000105223",0.0256951712731605,0.2997002997003,0.359855949824978
"ENSG00000105227",-0.0621042322961556,0.00899100899100899,0.031668800133044
"ENSG00000105229",0.0374150599609083,0.0609390609390609,0.0952980656298809
"ENSG00000105248",-0.0170306342623946,0.177822177822178,0.229866293757872
"ENSG00000105254",-0.0095085424270924,0.294705294705295,0.355028892518868
"ENSG00000105258",-0.0415389379186502,0.017982017982018,0.0417277258366272
"ENSG00000105281",0.0268488541802338,0.366633366633367,0.427081496578443
"ENSG00000105287",0.0815926895489712,0.021978021978022,0.0464939039133723
"ENSG00000105289",-0.0695161047334983,0.030969030969031,0.0574804346232918
"ENSG00000105298",-0.0281585825986389,0.0899100899100899,0.130013170561841
"ENSG00000105321",0.0676114235679042,0.00699300699300699,0.0311612747652792
"ENSG00000105323",0.0153489372009659,0.328671328671329,0.389351604531496
"ENSG00000105325",0.0442208388266251,0.115884115884116,0.160633829837982
"ENSG00000105327",0.090740298641908,0.00899100899100899,0.031668800133044
"ENSG00000105329",0.0650715740468265,0.012987012987013,0.0360623664690208
"ENSG00000105339",0.182563564366166,0.00699300699300699,0.0311612747652792
"ENSG00000105341",-0.0106830811234738,0.413586413586414,0.473243979670715
"ENSG00000105352",0.186876106421827,0.00599400599400599,0.0309698899552726
"ENSG00000105355",0.158821385860277,0.001998001998002,0.0309698899552726
"ENSG00000105364",-0.0126935862913958,0.466533466533467,0.525227091409761
"ENSG00000105371",0.0150164997744119,0.552447552447552,0.606108698677623
"ENSG00000105372",-0.0839284099047599,0.003996003996004,0.0309698899552726
"ENSG00000105373",-0.0705496055575355,0.012987012987013,0.0360623664690208
"ENSG00000105379",-0.0141083286250887,0.166833166833167,0.217721902378217
"ENSG00000105393",-0.0122640773586493,0.423576423576424,0.483065236149313
"ENSG00000105397",0.101121884469654,0.00599400599400599,0.0309698899552726
"ENSG00000105401",0.00716866616233821,0.522477522477522,0.578508832240175
"ENSG00000105402",0.0695326577054085,0.01998001998002,0.044196554411905
"ENSG00000105404",0.056147551703715,0.00799200799200799,0.0313472428354935
"ENSG00000105426",0.014965894118128,0.579420579420579,0.630292951074993
"ENSG00000105429",-0.0382354686831759,0.0669330669330669,0.102576077327416
"ENSG00000105438",-0.00323026381508072,0.834165834165834,0.859335247300274
"ENSG00000105443",0.0498468755696311,0.024975024975025,0.0503016340120413
"ENSG00000105447",-0.041797123846707,0.034965034965035,0.0627459743481843
"ENSG00000105483",0.0585805217840205,0.014985014985015,0.0380820279318905
"ENSG00000105486",-0.0748840693867028,0.002997002997003,0.0309698899552726
"ENSG00000105497",-0.0621002940739451,0.003996003996004,0.0309698899552726
"ENSG00000105501",0.238907492297876,0.00699300699300699,0.0311612747652792
"ENSG00000105514",0.190191577909441,0.003996003996004,0.0309698899552726
"ENSG00000105516",-0.0509124581339769,0.032967032967033,0.0601301870083172
"ENSG00000105518",-0.00018827260111018,0.988011988011988,0.989906467021932
"ENSG00000105519",-0.0520804671608652,0.00599400599400599,0.0309698899552726
"ENSG00000105520",0.152350337053034,0.00999000999000999,0.0329382551604774
"ENSG00000105552",-0.0374050676428916,0.10989010989011,0.153869199657386
"ENSG00000105556",-0.0312578718919476,0.163836163836164,0.214486167427344
"ENSG00000105568",0.0252713227240481,0.0589410589410589,0.0929842014116102
"ENSG00000105576",-0.012263709751107,0.376623376623377,0.437024209738316
"ENSG00000105583",0.0407130237146588,0.002997002997003,0.0309698899552726
"ENSG00000105607",-0.0265638772108248,0.135864135864136,0.183359369434608
"ENSG00000105610",0.0416010262744086,0.274725274725275,0.334107301320416
"ENSG00000105612",0.0173445375574936,0.301698301698302,0.361712908001815
"ENSG00000105617",0.0247956828842156,0.004995004995005,0.0309698899552726
"ENSG00000105618",-0.0202992142357415,0.186813186813187,0.239684090863764
"ENSG00000105619",0.0337329523153805,0.017982017982018,0.0417277258366272
"ENSG00000105639",0.0868309044503811,0.00699300699300699,0.0311612747652792
"ENSG00000105640",-0.0805441520511698,0.002997002997003,0.0309698899552726
"ENSG00000105643",-0.014462661490345,0.183816183816184,0.236394103488807
"ENSG00000105656",0.163182673835192,0.00899100899100899,0.031668800133044
"ENSG00000105662",-0.0375553638504914,0.0699300699300699,0.105979770544714
"ENSG00000105669",0.061352149627442,0.00899100899100899,0.031668800133044
"ENSG00000105671",0.010707166821366,0.244755244755245,0.302557964561668
"ENSG00000105676",0.00184768763088687,0.88011988011988,0.898664462130902
"ENSG00000105677",-0.037487250522682,0.016983016983017,0.0404964083535512
"ENSG00000105698",0.0290694271759048,0.034965034965035,0.0627459743481843
"ENSG00000105699",-0.0685304631661379,0.015984015984016,0.0392432899072327
"ENSG00000105700",0.0336602748785875,0.00899100899100899,0.031668800133044
"ENSG00000105701",0.0756036091677875,0.01998001998002,0.044196554411905
"ENSG00000105705",0.0199394546999033,0.117882117882118,0.16304606890405
"ENSG00000105708",-0.0753775740658514,0.03996003996004,0.0691988127146629
"ENSG00000105717",-0.0529788607935093,0.025974025974026,0.0514006000585945
"ENSG00000105722",0.148815798262314,0.003996003996004,0.0309698899552726
"ENSG00000105723",0.0412246800048309,0.037962037962038,0.0665831541488284
"ENSG00000105726",-0.027125164645626,0.138861138861139,0.186733038696785
"ENSG00000105732",0.0265706243290569,0.038961038961039,0.0678698023240711
"ENSG00000105738",-0.0343332008659182,0.0909090909090909,0.131142174354274
"ENSG00000105750",-0.0728192967707245,0.015984015984016,0.0392432899072327
"ENSG00000105755",-0.0255605125434589,0.0719280719280719,0.108379083303858
"ENSG00000105771",-0.0375944168803961,0.026973026973027,0.0526151336084788
"ENSG00000105778",0.0490071776468634,0.00899100899100899,0.031668800133044
"ENSG00000105793",-0.0521476826766719,0.022977022977023,0.0478078016166659
"ENSG00000105819",-0.0336854520751049,0.00899100899100899,0.031668800133044
"ENSG00000105821",-0.0683677293531632,0.00899100899100899,0.031668800133044
"ENSG00000105829",-0.0598583174660359,0.025974025974026,0.0514006000585945
"ENSG00000105835",0.240828189967309,0.003996003996004,0.0309698899552726
"ENSG00000105849",-0.0781772295541893,0.00899100899100899,0.031668800133044
"ENSG00000105851",0.088810176329249,0.002997002997003,0.0309698899552726
"ENSG00000105854",-0.0842541534181655,0.00599400599400599,0.0309698899552726
"ENSG00000105856",0.0826943522997433,0.002997002997003,0.0309698899552726
"ENSG00000105865",-0.0958011825255836,0.003996003996004,0.0309698899552726
"ENSG00000105866",-0.0362882737626,0.023976023976024,0.0489374755679103
"ENSG00000105875",0.015462898267798,0.21978021978022,0.275166025765047
"ENSG00000105879",-0.00882005716451225,0.611388611388611,0.660227184083775
"ENSG00000105887",0.0564879495727797,0.001998001998002,0.0309698899552726
"ENSG00000105926",-0.109943918955146,0.00799200799200799,0.0313472428354935
"ENSG00000105939",0.0455974777499527,0.002997002997003,0.0309698899552726
"ENSG00000105948",0.152964159715692,0.001998001998002,0.0309698899552726
"ENSG00000105953",0.0236540439592544,0.141858141858142,0.190252332200775
"ENSG00000105963",0.0783446540774567,0.01998001998002,0.044196554411905
"ENSG00000105967",-0.0144546316894981,0.723276723276723,0.761083938388903
"ENSG00000105968",-0.00366457826314766,0.291708291708292,0.351700466467722
"ENSG00000105983",-0.011520850914539,0.0819180819180819,0.120368200084547
"ENSG00000105993",0.075420043115199,0.00999000999000999,0.0329382551604774
"ENSG00000106003",-0.0153200193650952,0.342657342657343,0.403296047797076
"ENSG00000106009",0.0261544387192073,0.152847152847153,0.20252669050905
"ENSG00000106012",0.101399538671006,0.00799200799200799,0.0313472428354935
"ENSG00000106028",-0.047452606048597,0.00799200799200799,0.0313472428354935
"ENSG00000106034",-0.0331282862211805,0.273726273726274,0.333060884645374
"ENSG00000106049",-0.0673138644578442,0.00599400599400599,0.0309698899552726
"ENSG00000106052",0.0125542786698575,0.527472527472527,0.582911708980675
"ENSG00000106066",0.00303551609346139,0.942057942057942,0.951159568818982
"ENSG00000106069",0.00414275730401755,0.869130869130869,0.889560107751217
"ENSG00000106070",0.0805891944975167,0.035964035964036,0.0640509460900688
"ENSG00000106077",0.0337362704081092,0.0769230769230769,0.114541139692918
"ENSG00000106080",-0.092414423314045,0.00599400599400599,0.0309698899552726
"ENSG00000106086",-0.0563202784044472,0.001998001998002,0.0309698899552726
"ENSG00000106100",-0.020686296464073,0.106893106893107,0.150232880205983
"ENSG00000106105",-0.0400673478696059,0.004995004995005,0.0309698899552726
"ENSG00000106123",-0.0144214381583156,0.528471528471528,0.583854645079135
"ENSG00000106133",-0.0767871017570973,0.016983016983017,0.0404964083535512
"ENSG00000106144",0.0103291090221114,0.318681318681319,0.379499810534293
"ENSG00000106153",-0.0322580910658537,0.0529470529470529,0.0856186332504955
"ENSG00000106244",0.0394829508571874,0.000999000999000999,0.0309698899552726
"ENSG00000106245",0.0494285583142204,0.010989010989011,0.0339239491564177
"ENSG00000106246",-0.019884039512194,0.0789210789210789,0.116778321407723
"ENSG00000106261",-0.00867200751018091,0.132867132867133,0.179819504819505
"ENSG00000106263",-0.0183426620501215,0.460539460539461,0.519500960837548
"ENSG00000106266",-0.00975845595965613,0.636363636363636,0.683267951560634
"ENSG00000106268",-0.0130065294898652,0.24975024975025,0.307719756151169
"ENSG00000106290",-0.0251938786490657,0.0759240759240759,0.113433061220232
"ENSG00000106299",-0.0624381469756322,0.021978021978022,0.0464939039133723
"ENSG00000106305",-0.0332202405888686,0.0569430569430569,0.0905693036450051
"ENSG00000106327",0.0470130182266733,0.0639360639360639,0.0989420057151193
"ENSG00000106344",-0.0327628956864989,0.022977022977023,0.0478078016166659
"ENSG00000106346",-0.00580242864801611,0.582417582417582,0.633151922704162
"ENSG00000106348",0.165236550823344,0.004995004995005,0.0309698899552726
"ENSG00000106351",-0.0451631920967281,0.018981018981019,0.0430078970802953
"ENSG00000106355",-0.10652399462436,0.016983016983017,0.0404964083535512
"ENSG00000106367",-0.0445537655545161,0.017982017982018,0.0417277258366272
"ENSG00000106392",0.00711111630005725,0.577422577422577,0.628631627453985
"ENSG00000106397",-0.0154105280087446,0.410589410589411,0.470307237558477
"ENSG00000106399",-0.0700782373091705,0.01998001998002,0.044196554411905
"ENSG00000106400",0.016672193397218,0.042957042957043,0.0729589799685899
"ENSG00000106404",0.00811202037342491,0.511488511488511,0.567858561761564
"ENSG00000106415",-0.00408556842917696,0.652347652347652,0.698122358496357
"ENSG00000106443",-0.0724248593508997,0.004995004995005,0.0309698899552726
"ENSG00000106459",-0.00263700688171307,0.696303696303696,0.737284389619191
"ENSG00000106460",-0.0614842189242027,0.013986013986014,0.0370555370555371
"ENSG00000106462",-0.0674314940688053,0.0609390609390609,0.0952980656298809
"ENSG00000106477",-0.0553613128091208,0.011988011988012,0.0350284289015142
"ENSG00000106479",-0.0346776566015678,0.037962037962038,0.0665831541488284
"ENSG00000106484",-0.0306952561254205,0.138861138861139,0.186733038696785
"ENSG00000106524",-0.0372619026703671,0.01998001998002,0.044196554411905
"ENSG00000106526",-0.0248333108345425,0.116883116883117,0.161906558172118
"ENSG00000106537",0.014669250893012,0.756243756243756,0.790376333814894
"ENSG00000106546",-0.0357403679641672,0.206793206793207,0.261384177454855
"ENSG00000106554",-0.0701891807431482,0.010989010989011,0.0339239491564177
"ENSG00000106560",-0.0917151518530225,0.026973026973027,0.0526151336084788
"ENSG00000106588",-0.0188658788512219,0.126873126873127,0.172953861021012
"ENSG00000106591",-0.0904103357983774,0.014985014985015,0.0380820279318905
"ENSG00000106603",0.0260779768286153,0.0969030969030969,0.138393513794583
"ENSG00000106605",-0.00520838586112822,0.824175824175824,0.85072103881689
"ENSG00000106608",-0.0534199415710832,0.011988011988012,0.0350284289015142
"ENSG00000106609",0.00494695013277115,0.613386613386613,0.662146799576064
"ENSG00000106610",-0.0491480063547997,0.012987012987013,0.0360623664690208
"ENSG00000106615",-0.00793652232025556,0.541458541458541,0.595956475066284
"ENSG00000106617",0.0289569464480823,0.027972027972028,0.0538126832348059
"ENSG00000106628",-0.0514592647685284,0.028971028971029,0.0550211482575579
"ENSG00000106635",-0.00479401013402347,0.575424575424575,0.627138165181151
"ENSG00000106636",0.0526061133085771,0.001998001998002,0.0309698899552726
"ENSG00000106638",-0.0172462250245508,0.102897102897103,0.145570027382858
"ENSG00000106665",0.00312299613532822,0.904095904095904,0.919240657819338
"ENSG00000106682",0.0277383135575295,0.017982017982018,0.0417277258366272
"ENSG00000106683",0.0273204889842941,0.272727272727273,0.331946157953855
"ENSG00000106692",-0.0780269083061165,0.001998001998002,0.0309698899552726
"ENSG00000106701",-0.0556372839723912,0.0879120879120879,0.127615348777325
"ENSG00000106714",0.229772286443318,0.030969030969031,0.0574804346232918
"ENSG00000106723",-0.0517532518601783,0.00699300699300699,0.0311612747652792
"ENSG00000106733",-0.0725573857996042,0.00799200799200799,0.0313472428354935
"ENSG00000106771",-0.0757686020112785,0.001998001998002,0.0309698899552726
"ENSG00000106780",0.167253269820381,0.003996003996004,0.0309698899552726
"ENSG00000106785",-0.0384153492835728,0.027972027972028,0.0538126832348059
"ENSG00000106789",-0.00991896879616939,0.12987012987013,0.176359233986353
"ENSG00000106799",0.0519737406115914,0.010989010989011,0.0339239491564177
"ENSG00000106803",0.00796567016842795,0.44955044955045,0.508584891527563
"ENSG00000106804",-0.00625718186929132,0.717282717282717,0.755636719521713
"ENSG00000106829",0.0943881533693029,0.003996003996004,0.0309698899552726
"ENSG00000106868",-0.000913611306402539,0.958041958041958,0.964866190542885
"ENSG00000106948",0.0585687025093322,0.046953046953047,0.078144539299504
"ENSG00000106952",-0.0241438129132482,0.0699300699300699,0.105979770544714
"ENSG00000106993",-0.0546265610929266,0.031968031968032,0.0588078690022667
"ENSG00000107020",-0.0230284146095606,0.0969030969030969,0.138393513794583
"ENSG00000107021",-0.000721951994745406,0.957042957042957,0.964021645942692
"ENSG00000107036",0.00850772044094626,0.274725274725275,0.334107301320416
"ENSG00000107077",-0.0465141387062891,0.00799200799200799,0.0313472428354935
"ENSG00000107099",0.104113969344344,0.003996003996004,0.0309698899552726
"ENSG00000107104",-0.0920144333047584,0.013986013986014,0.0370555370555371
"ENSG00000107140",-0.0439113008081103,0.003996003996004,0.0309698899552726
"ENSG00000107164",-0.0327806508060167,0.010989010989011,0.0339239491564177
"ENSG00000107175",0.00271931199897543,0.696303696303696,0.737284389619191
"ENSG00000107185",0.0141798645406611,0.394605394605395,0.454467430030439
"ENSG00000107201",0.105904274745977,0.004995004995005,0.0309698899552726
"ENSG00000107223",-0.0172424316328244,0.0639360639360639,0.0989420057151193
"ENSG00000107242",0.0148002278277666,0.196803196803197,0.250363164939221
"ENSG00000107262",0.0180152568006736,0.344655344655345,0.40525075159651
"ENSG00000107263",0.0455638124669916,0.032967032967033,0.0601301870083172
"ENSG00000107281",-0.0591833103980148,0.144855144855145,0.193580466014581
"ENSG00000107290",0.061805065611108,0.002997002997003,0.0309698899552726
"ENSG00000107331",0.0389947671657671,0.172827172827173,0.22439898044911
"ENSG00000107341",0.120448483755546,0.004995004995005,0.0309698899552726
"ENSG00000107362",0.00701636541260429,0.266733266733267,0.325706197886649
"ENSG00000107371",-0.0328084930201256,0.02997002997003,0.0561377525217924
"ENSG00000107372",0.034010827054384,0.030969030969031,0.0574804346232918
"ENSG00000107404",-0.035573015561488,0.00999000999000999,0.0329382551604774
"ENSG00000107438",0.0284774594924052,0.190809190809191,0.244159375547791
"ENSG00000107443",-0.0363922648918304,0.022977022977023,0.0478078016166659
"ENSG00000107485",-0.0917597879089842,0.012987012987013,0.0360623664690208
"ENSG00000107521",0.0268906873670215,0.11988011988012,0.165390802516276
"ENSG00000107537",-0.0517029933721074,0.025974025974026,0.0514006000585945
"ENSG00000107554",0.0259577521096283,0.028971028971029,0.0550211482575579
"ENSG00000107560",-0.00685367798302633,0.555444555444555,0.60834162647705
"ENSG00000107566",0.0606609358169322,0.00699300699300699,0.0311612747652792
"ENSG00000107581",-0.00877091788516348,0.524475524475524,0.580400262720705
"ENSG00000107611",-0.0547026085562495,0.048951048951049,0.0806102639481647
"ENSG00000107614",-0.0248818207655762,0.048951048951049,0.0806102639481647
"ENSG00000107625",-0.0720363964288949,0.011988011988012,0.0350284289015142
"ENSG00000107643",-0.0227140094167135,0.043956043956044,0.0742673606444167
"ENSG00000107651",-0.020440964643373,0.0759240759240759,0.113433061220232
"ENSG00000107669",-0.0308772416160624,0.011988011988012,0.0350284289015142
"ENSG00000107672",-0.0763707342130391,0.003996003996004,0.0309698899552726
"ENSG00000107679",-0.0909834300704676,0.010989010989011,0.0339239491564177
"ENSG00000107736",0.0553484199894051,0.021978021978022,0.0464939039133723
"ENSG00000107738",0.161701761307597,0.003996003996004,0.0309698899552726
"ENSG00000107745",0.0691052915187122,0.00599400599400599,0.0309698899552726
"ENSG00000107758",-0.048292290377667,0.003996003996004,0.0309698899552726
"ENSG00000107771",-0.0540539555557459,0.00799200799200799,0.0313472428354935
"ENSG00000107779",-0.081231953413594,0.020979020979021,0.0454117208439975
"ENSG00000107789",-0.0817895913948114,0.014985014985015,0.0380820279318905
"ENSG00000107798",0.00184648665731926,0.944055944055944,0.952776648947291
"ENSG00000107815",-0.041248865541043,0.0859140859140859,0.125168564009636
"ENSG00000107816",-0.0620304248569214,0.00699300699300699,0.0311612747652792
"ENSG00000107819",-0.00637457913536691,0.53046953046953,0.585685146273111
"ENSG00000107829",-0.0441610989716834,0.00799200799200799,0.0313472428354935
"ENSG00000107833",-0.0611650135558532,0.000999000999000999,0.0309698899552726
"ENSG00000107854",0.0187641246112774,0.013986013986014,0.0370555370555371
"ENSG00000107862",0.0210483032041263,0.256743256743257,0.315011787599843
"ENSG00000107863",-0.0268169022555478,0.038961038961039,0.0678698023240711
"ENSG00000107864",0.0190174300909723,0.0579420579420579,0.0917937849126882
"ENSG00000107872",-0.0165398366083498,0.205794205794206,0.260203552365572
"ENSG00000107874",0.00204520827893012,0.853146853146853,0.875810957642341
"ENSG00000107882",-0.015712115679911,0.418581418581419,0.478049176899315
"ENSG00000107890",-0.0950902693756674,0.00699300699300699,0.0311612747652792
"ENSG00000107897",0.00146853215069327,0.882117882117882,0.900245644301351
"ENSG00000107902",-0.00811490136853445,0.56043956043956,0.613085985560043
"ENSG00000107929",0.0252109649924397,0.040959040959041,0.0705122123257061
"ENSG00000107937",-0.0536954149753607,0.00799200799200799,0.0313472428354935
"ENSG00000107938",-0.0164932489399218,0.022977022977023,0.0478078016166659
"ENSG00000107949",-0.061321118978655,0.00599400599400599,0.0309698899552726
"ENSG00000107951",-0.0326946309316678,0.016983016983017,0.0404964083535512
"ENSG00000107954",-0.0611631382610994,0.0699300699300699,0.105979770544714
"ENSG00000107957",-0.0419219344974491,0.020979020979021,0.0454117208439975
"ENSG00000107959",-0.0433147161335991,0.023976023976024,0.0489374755679103
"ENSG00000107960",-0.00885597305377194,0.197802197802198,0.251527543454324
"ENSG00000107968",0.0654356026099319,0.000999000999000999,0.0309698899552726
"ENSG00000108010",-0.0607883605737044,0.010989010989011,0.0339239491564177
"ENSG00000108021",-0.0438887719624687,0.00799200799200799,0.0313472428354935
"ENSG00000108039",-0.0237785814609298,0.0939060939060939,0.134753843171754
"ENSG00000108055",-0.0237187170083393,0.114885114885115,0.159561921956467
"ENSG00000108061",0.0786433175761079,0.00599400599400599,0.0309698899552726
"ENSG00000108064",-0.023193365124086,0.105894105894106,0.149003086832381
"ENSG00000108091",-0.0545348548304001,0.00999000999000999,0.0329382551604774
"ENSG00000108094",-0.0336470756424118,0.130869130869131,0.17743515509761
"ENSG00000108100",0.0685663168494381,0.001998001998002,0.0309698899552726
"ENSG00000108106",0.0138093062630387,0.358641358641359,0.419316261129667
"ENSG00000108107",-0.000279637007006732,0.98001998001998,0.983292713297723
"ENSG00000108175",0.0823234678968139,0.021978021978022,0.0464939039133723
"ENSG00000108179",0.109931552424229,0.003996003996004,0.0309698899552726
"ENSG00000108187",0.0772413873723741,0.004995004995005,0.0309698899552726
"ENSG00000108219",0.0301767051779303,0.0779220779220779,0.115641829151338
"ENSG00000108239",-0.0526819136299202,0.125874125874126,0.171884472759373
"ENSG00000108244",0.275267143799551,0.004995004995005,0.0309698899552726
"ENSG00000108256",0.0526192801354496,0.00799200799200799,0.0313472428354935
"ENSG00000108262",-0.0088526871144079,0.42957042957043,0.489065689899339
"ENSG00000108264",-0.050682245158715,0.00599400599400599,0.0309698899552726
"ENSG00000108270",0.051411780865725,0.00799200799200799,0.0313472428354935
"ENSG00000108278",-0.0792836203155456,0.00799200799200799,0.0313472428354935
"ENSG00000108292",-0.0427252591104136,0.0729270729270729,0.10954100267936
"ENSG00000108294",0.0963037248726586,0.002997002997003,0.0309698899552726
"ENSG00000108296",0.0830475064419149,0.002997002997003,0.0309698899552726
"ENSG00000108298",-0.0867582776457235,0.003996003996004,0.0309698899552726
"ENSG00000108306",0.0830801376847005,0.011988011988012,0.0350284289015142
"ENSG00000108309",0.0193453377494294,0.608391608391608,0.657699950494769
"ENSG00000108312",0.00203708362524656,0.849150849150849,0.872081260049129
"ENSG00000108344",0.00250622794980975,0.87012987012987,0.89043092466117
"ENSG00000108349",0.113513897607717,0.002997002997003,0.0309698899552726
"ENSG00000108384",-0.0890422798389824,0.023976023976024,0.0489374755679103
"ENSG00000108389",0.036999749429407,0.017982017982018,0.0417277258366272
"ENSG00000108395",-0.0306719211345546,0.023976023976024,0.0489374755679103
"ENSG00000108406",0.0397120117164398,0.00599400599400599,0.0309698899552726
"ENSG00000108423",-0.0636033847169333,0.00699300699300699,0.0311612747652792
"ENSG00000108424",0.106657176613087,0.003996003996004,0.0309698899552726
"ENSG00000108433",-0.047446511012887,0.003996003996004,0.0309698899552726
"ENSG00000108439",-0.0236085581963794,0.135864135864136,0.183359369434608
"ENSG00000108443",-0.0192152339529669,0.0599400599400599,0.0941400470935233
"ENSG00000108465",0.0165441014571812,0.195804195804196,0.249435533726397
"ENSG00000108468",0.0699436082784041,0.001998001998002,0.0309698899552726
"ENSG00000108469",0.00931602991453772,0.527472527472527,0.582911708980675
"ENSG00000108474",-0.0745665834874457,0.001998001998002,0.0309698899552726
"ENSG00000108479",0.0692861341934169,0.012987012987013,0.0360623664690208
"ENSG00000108506",-0.0612034838730788,0.004995004995005,0.0309698899552726
"ENSG00000108509",0.0380166505225262,0.181818181818182,0.234275856019182
"ENSG00000108510",0.0386799782947921,0.00599400599400599,0.0309698899552726
"ENSG00000108515",-0.0470916472665923,0.00799200799200799,0.0313472428354935
"ENSG00000108518",0.0832799477404691,0.000999000999000999,0.0309698899552726
"ENSG00000108523",0.055093978485318,0.004995004995005,0.0309698899552726
"ENSG00000108528",0.0398217611113141,0.030969030969031,0.0574804346232918
"ENSG00000108557",-0.0452011663719025,0.043956043956044,0.0742673606444167
"ENSG00000108559",-0.0673742923728042,0.016983016983017,0.0404964083535512
"ENSG00000108561",-0.0543125044204652,0.012987012987013,0.0360623664690208
"ENSG00000108578",-0.0598102214944207,0.004995004995005,0.0309698899552726
"ENSG00000108582",0.170334820007981,0.001998001998002,0.0309698899552726
"ENSG00000108587",-0.0298211765607211,0.00899100899100899,0.031668800133044
"ENSG00000108588",0.0315108250067871,0.015984015984016,0.0392432899072327
"ENSG00000108590",0.0334690401023155,0.043956043956044,0.0742673606444167
"ENSG00000108591",-0.0344057882674128,0.015984015984016,0.0392432899072327
"ENSG00000108592",-0.0200716411338565,0.233766233766234,0.290197561967007
"ENSG00000108599",0.0441046458472233,0.00799200799200799,0.0313472428354935
"ENSG00000108604",0.0443343371731607,0.036963036963037,0.0654036775944903
"ENSG00000108622",-0.0546531115141592,0.001998001998002,0.0309698899552726
"ENSG00000108639",0.0337155902612429,0.013986013986014,0.0370555370555371
"ENSG00000108651",-0.00905951161077842,0.174825174825175,0.226625925040336
"ENSG00000108654",0.000505448344236471,0.929070929070929,0.940338085360824
"ENSG00000108666",-0.0657860795010597,0.00899100899100899,0.031668800133044
"ENSG00000108669",0.0250140841411668,0.114885114885115,0.159561921956467
"ENSG00000108671",-0.00981873151349107,0.168831168831169,0.219899532568873
"ENSG00000108679",-0.00274279728917668,0.906093906093906,0.920960467137734
"ENSG00000108733",-0.0140482286163963,0.154845154845155,0.204565139158961
"ENSG00000108773",-0.0770192596457059,0.001998001998002,0.0309698899552726
"ENSG00000108774",0.102808868686241,0.001998001998002,0.0309698899552726
"ENSG00000108784",-0.0334090166992598,0.0779220779220779,0.115641829151338
"ENSG00000108788",0.0666826261430523,0.001998001998002,0.0309698899552726
"ENSG00000108798",-0.0318170914641018,0.288711288711289,0.348646731082422
"ENSG00000108799",0.0441381252338111,0.013986013986014,0.0370555370555371
"ENSG00000108819",0.0874053241216945,0.00999000999000999,0.0329382551604774
"ENSG00000108826",-0.0589956924568741,0.012987012987013,0.0360623664690208
"ENSG00000108828",0.0148691534160205,0.323676323676324,0.384647686931876
"ENSG00000108829",0.0259266940542833,0.11988011988012,0.165390802516276
"ENSG00000108840",0.0736796639683196,0.00999000999000999,0.0329382551604774
"ENSG00000108846",0.0774025258451655,0.035964035964036,0.0640509460900688
"ENSG00000108848",-0.0413822809893364,0.021978021978022,0.0464939039133723
"ENSG00000108854",0.00410490985620308,0.627372627372627,0.675001274464121
"ENSG00000108861",0.0402053187270899,0.0549450549450549,0.0880322184148341
"ENSG00000108883",-0.00386705569388178,0.843156843156843,0.866962606182319
"ENSG00000108932",0.0652834804887856,0.00799200799200799,0.0313472428354935
"ENSG00000108946",0.121123978642876,0.001998001998002,0.0309698899552726
"ENSG00000108953",-0.0140736788936903,0.174825174825175,0.226625925040336
"ENSG00000108958",0.010664809565999,0.312687312687313,0.373360767399516
"ENSG00000108960",0.0334248540435729,0.0559440559440559,0.08933506036881
"ENSG00000108961",-0.0392013937947607,0.038961038961039,0.0678698023240711
"ENSG00000108963",-0.0510943153836305,0.016983016983017,0.0404964083535512
"ENSG00000108984",0.0553326011817775,0.002997002997003,0.0309698899552726
"ENSG00000109016",0.0695939129875457,0.00699300699300699,0.0311612747652792
"ENSG00000109046",0.058316326856946,0.00599400599400599,0.0309698899552726
"ENSG00000109062",0.0658563216740708,0.010989010989011,0.0339239491564177
"ENSG00000109063",-0.0571910801573045,0.002997002997003,0.0309698899552726
"ENSG00000109065",-0.0401578821372042,0.003996003996004,0.0309698899552726
"ENSG00000109066",0.000365543392019246,0.988011988011988,0.989906467021932
"ENSG00000109079",0.0125094424466535,0.112887112887113,0.157241228868489
"ENSG00000109083",-0.0340086969053443,0.137862137862138,0.185597308482936
"ENSG00000109084",-0.0823875272989852,0.00599400599400599,0.0309698899552726
"ENSG00000109103",0.0995051651303717,0.00599400599400599,0.0309698899552726
"ENSG00000109107",0.00810141411141029,0.674325674325674,0.717934616765233
"ENSG00000109111",0.0411526120212332,0.0889110889110889,0.128801044664111
"ENSG00000109113",-0.0299801778965302,0.263736263736264,0.322308563919302
"ENSG00000109118",0.100156958983493,0.00799200799200799,0.0313472428354935
"ENSG00000109133",0.0718253591237615,0.001998001998002,0.0309698899552726
"ENSG00000109171",0.00774915034428132,0.123876123876124,0.169696028353272
"ENSG00000109180",-0.0354077606741608,0.00699300699300699,0.0311612747652792
"ENSG00000109184",-0.0805143859120429,0.00899100899100899,0.031668800133044
"ENSG00000109189",-0.0490980517455766,0.026973026973027,0.0526151336084788
"ENSG00000109220",0.0875180675490036,0.001998001998002,0.0309698899552726
"ENSG00000109270",0.0305129552472933,0.246753246753247,0.304620495067336
"ENSG00000109320",0.0434575167928302,0.025974025974026,0.0514006000585945
"ENSG00000109323",0.0647406663708582,0.00899100899100899,0.031668800133044
"ENSG00000109332",0.0607583359395879,0.002997002997003,0.0309698899552726
"ENSG00000109381",0.0834539625701504,0.00799200799200799,0.0313472428354935
"ENSG00000109390",-0.029699570502659,0.033966033966034,0.0614579638969883
"ENSG00000109436",-0.0233687657726689,0.332667332667333,0.393542278176593
"ENSG00000109445",-0.0195374736148946,0.0599400599400599,0.0941400470935233
"ENSG00000109452",-0.0943203277549503,0.020979020979021,0.0454117208439975
"ENSG00000109458",0.122984019279329,0.002997002997003,0.0309698899552726
"ENSG00000109466",0.161238773432163,0.001998001998002,0.0309698899552726
"ENSG00000109475",-0.162245939883854,0.024975024975025,0.0503016340120413
"ENSG00000109519",-0.024032734375441,0.013986013986014,0.0370555370555371
"ENSG00000109534",-0.00981782679708784,0.565434565434565,0.617650664187657
"ENSG00000109536",-0.0212114750385015,0.226773226773227,0.282655117129293
"ENSG00000109572",-0.0145067891783251,0.020979020979021,0.0454117208439975
"ENSG00000109586",0.0641911284178154,0.001998001998002,0.0309698899552726
"ENSG00000109606",-0.0248820102519697,0.023976023976024,0.0489374755679103
"ENSG00000109618",-0.0517830124748605,0.00699300699300699,0.0311612747652792
"ENSG00000109654",-0.103727831540013,0.011988011988012,0.0350284289015142
"ENSG00000109667",0.0815051817182234,0.011988011988012,0.0350284289015142
"ENSG00000109670",0.000257494838930266,0.975024975024975,0.979098441665286
"ENSG00000109674",-0.0658438934652234,0.101898101898102,0.144513970806159
"ENSG00000109680",-0.102841288491471,0.00999000999000999,0.0329382551604774
"ENSG00000109685",-0.0273235097342283,0.050949050949051,0.0830019919080513
"ENSG00000109689",-0.0273757422440393,0.0609390609390609,0.0952980656298809
"ENSG00000109736",0.00958550580481472,0.544455544455544,0.598706810620069
"ENSG00000109756",0.127994632403133,0.003996003996004,0.0309698899552726
"ENSG00000109762",-0.0684555432758211,0.018981018981019,0.0430078970802953
"ENSG00000109775",-0.0508499042015319,0.012987012987013,0.0360623664690208
"ENSG00000109787",0.0514876898656287,0.001998001998002,0.0309698899552726
"ENSG00000109790",-0.0061753919193681,0.609390609390609,0.65848375684736
"ENSG00000109814",-0.0427804942417572,0.0709290709290709,0.107142480445648
"ENSG00000109854",0.10286512096896,0.004995004995005,0.0309698899552726
"ENSG00000109861",0.0333360892521997,0.0539460539460539,0.0868019381876659
"ENSG00000109906",-0.0348693225518955,0.327672327672328,0.388321273441084
"ENSG00000109911",-0.0430171558365413,0.014985014985015,0.0380820279318905
"ENSG00000109917",-0.0508195428231464,0.00599400599400599,0.0309698899552726
"ENSG00000109919",-0.0358843625835846,0.025974025974026,0.0514006000585945
"ENSG00000109920",-0.0511649652901683,0.001998001998002,0.0309698899552726
"ENSG00000109929",-0.0815545409254197,0.00899100899100899,0.031668800133044
"ENSG00000109944",-0.111193409247979,0.000999000999000999,0.0309698899552726
"ENSG00000109971",-0.0616925975674758,0.00599400599400599,0.0309698899552726
"ENSG00000110002",-0.0224209861470727,0.212787212787213,0.267637542990761
"ENSG00000110011",0.0103148853508517,0.267732267732268,0.32682644932518
"ENSG00000110013",-0.0219590216306121,0.044955044955045,0.0755305089151028
"ENSG00000110031",-0.0322835413679314,0.00899100899100899,0.031668800133044
"ENSG00000110042",0.055678644319123,0.030969030969031,0.0574804346232918
"ENSG00000110046",0.133486811900335,0.00799200799200799,0.0313472428354935
"ENSG00000110047",0.102425391734904,0.00599400599400599,0.0309698899552726
"ENSG00000110048",-0.001488062596947,0.868131868131868,0.888688994140442
"ENSG00000110057",0.0718484621357278,0.030969030969031,0.0574804346232918
"ENSG00000110060",-0.0538633542923562,0.003996003996004,0.0309698899552726
"ENSG00000110063",-0.024425033655865,0.152847152847153,0.20252669050905
"ENSG00000110066",0.0343020111690439,0.003996003996004,0.0309698899552726
"ENSG00000110074",0.0128874292765726,0.218781218781219,0.274115167568045
"ENSG00000110075",0.00716213064059455,0.026973026973027,0.0526151336084788
"ENSG00000110079",0.016990873761087,0.645354645354645,0.691500724667629
"ENSG00000110080",0.203979720713766,0.003996003996004,0.0309698899552726
"ENSG00000110090",-0.0282926855649323,0.160839160839161,0.211206843855445
"ENSG00000110104",-0.0318617233262631,0.121878121878122,0.167493569894942
"ENSG00000110107",-0.028175329474438,0.150849150849151,0.20038743173484
"ENSG00000110108",-0.0338616864727947,0.0629370629370629,0.0977484650268315
"ENSG00000110171",-0.0387092465494771,0.010989010989011,0.0339239491564177
"ENSG00000110172",-0.0536497410900759,0.015984015984016,0.0392432899072327
"ENSG00000110200",0.00103949457767525,0.961038961038961,0.967317105005547
"ENSG00000110203",0.12800714092662,0.04995004995005,0.0818292939339832
"ENSG00000110218",-0.0106296446767078,0.422577422577423,0.482063167018079
"ENSG00000110274",-0.00261326307412406,0.849150849150849,0.872081260049129
"ENSG00000110315",0.120877318013152,0.003996003996004,0.0309698899552726
"ENSG00000110318",-0.0889207906963736,0.00899100899100899,0.031668800133044
"ENSG00000110321",0.00691156327699052,0.452547452547453,0.511590187631952
"ENSG00000110324",-0.0335910960991052,0.034965034965035,0.0627459743481843
"ENSG00000110330",0.000664699828014636,0.965034965034965,0.970932625348699
"ENSG00000110344",0.0333439238237648,0.00599400599400599,0.0309698899552726
"ENSG00000110367",0.0297559163772223,0.002997002997003,0.0309698899552726
"ENSG00000110395",0.120936889204779,0.004995004995005,0.0309698899552726
"ENSG00000110422",0.0907430585139016,0.003996003996004,0.0309698899552726
"ENSG00000110429",-0.033059881065482,0.027972027972028,0.0538126832348059
"ENSG00000110435",-0.0319154944572263,0.051948051948052,0.084286713691331
"ENSG00000110442",-0.0178472893651047,0.236763236763237,0.293493613142917
"ENSG00000110455",-0.00439980816377394,0.762237762237762,0.795257698287475
"ENSG00000110497",-0.0119397595346527,0.342657342657343,0.403296047797076
"ENSG00000110514",-0.0150139514548768,0.414585414585415,0.474251619311585
"ENSG00000110536",-0.0354790874614229,0.025974025974026,0.0514006000585945
"ENSG00000110583",-0.0549972249324006,0.031968031968032,0.0588078690022667
"ENSG00000110619",0.0736620187318509,0.002997002997003,0.0309698899552726
"ENSG00000110628",0.100521603100223,0.022977022977023,0.0478078016166659
"ENSG00000110651",-0.0359351857997748,0.112887112887113,0.157241228868489
"ENSG00000110660",-0.0428799936734043,0.0789210789210789,0.116778321407723
"ENSG00000110665",0.00339150682839908,0.828171828171828,0.85440544518577
"ENSG00000110693",0.000348789771583579,0.98001998001998,0.983292713297723
"ENSG00000110696",-0.0410469670285525,0.01998001998002,0.044196554411905
"ENSG00000110697",0.0469658972833787,0.023976023976024,0.0489374755679103
"ENSG00000110700",-0.10298764416162,0.013986013986014,0.0370555370555371
"ENSG00000110711",-0.0108920534048045,0.146853146853147,0.196032557911931
"ENSG00000110713",0.0971212670166954,0.003996003996004,0.0309698899552726
"ENSG00000110717",-0.0262360836381638,0.04995004995005,0.0818292939339832
"ENSG00000110719",0.122540662296701,0.00599400599400599,0.0309698899552726
"ENSG00000110721",-0.0283145358659126,0.0809190809190809,0.119235595204207
"ENSG00000110723",-0.105114087866258,0.016983016983017,0.0404964083535512
"ENSG00000110756",-0.0302622079874812,0.017982017982018,0.0417277258366272
"ENSG00000110768",-0.0247380902863141,0.040959040959041,0.0705122123257061
"ENSG00000110777",-0.0567505823719532,0.150849150849151,0.20038743173484
"ENSG00000110801",0.0370762285521884,0.022977022977023,0.0478078016166659
"ENSG00000110844",-0.0386457347489898,0.025974025974026,0.0514006000585945
"ENSG00000110851",-0.0237718765263232,0.015984015984016,0.0392432899072327
"ENSG00000110852",0.0308326505291158,0.37962037962038,0.439907214567325
"ENSG00000110871",-0.0694303452860667,0.018981018981019,0.0430078970802953
"ENSG00000110876",0.148109831020472,0.002997002997003,0.0309698899552726
"ENSG00000110880",0.0977106335475058,0.004995004995005,0.0309698899552726
"ENSG00000110888",-0.0393457042938731,0.012987012987013,0.0360623664690208
"ENSG00000110906",-0.00336039270982046,0.831168831168831,0.856761901791493
"ENSG00000110911",-0.0424385535677484,0.00599400599400599,0.0309698899552726
"ENSG00000110917",-0.0193426545604081,0.141858141858142,0.190252332200775
"ENSG00000110921",-0.0238567922862467,0.126873126873127,0.172953861021012
"ENSG00000110925",-0.00768422190474194,0.324675324675325,0.38556798932293
"ENSG00000110931",0.123926588902393,0.00699300699300699,0.0311612747652792
"ENSG00000110934",0.090137906213493,0.001998001998002,0.0309698899552726
"ENSG00000110944",-0.134523931732896,0.004995004995005,0.0309698899552726
"ENSG00000110955",0.00587643060033521,0.698301698301698,0.739139493587265
"ENSG00000110958",-0.0509570680303911,0.046953046953047,0.078144539299504
"ENSG00000111011",0.000770373303888635,0.91008991008991,0.924318477094612
"ENSG00000111052",0.171965905768735,0.004995004995005,0.0309698899552726
"ENSG00000111110",0.0819397464663497,0.00899100899100899,0.031668800133044
"ENSG00000111142",-0.0811538069875449,0.015984015984016,0.0392432899072327
"ENSG00000111144",0.0401836608780042,0.045954045954046,0.0767902842430095
"ENSG00000111145",-0.054776123761324,0.030969030969031,0.0574804346232918
"ENSG00000111181",0.086834122817046,0.011988011988012,0.0350284289015142
"ENSG00000111196",-0.0753980589422047,0.015984015984016,0.0392432899072327
"ENSG00000111203",-0.0562466479513421,0.002997002997003,0.0309698899552726
"ENSG00000111215",-0.0674806518862094,0.004995004995005,0.0309698899552726
"ENSG00000111224",-0.0386317369435729,0.002997002997003,0.0309698899552726
"ENSG00000111229",0.0619715841260964,0.018981018981019,0.0430078970802953
"ENSG00000111231",-0.0228131321685814,0.132867132867133,0.179819504819505
"ENSG00000111237",-0.0257600398062506,0.128871128871129,0.175260068662807
"ENSG00000111252",0.0770115422635332,0.00799200799200799,0.0313472428354935
"ENSG00000111261",0.26644335457097,0.003996003996004,0.0309698899552726
"ENSG00000111266",-0.0155306643673332,0.275724275724276,0.334983253705453
"ENSG00000111269",-0.0527493066221839,0.00599400599400599,0.0309698899552726
"ENSG00000111271",-0.00513717921106218,0.431568431568432,0.490968327393924
"ENSG00000111275",0.0450619825133323,0.284715284715285,0.344444160630994
"ENSG00000111276",0.0449973181617948,0.004995004995005,0.0309698899552726
"ENSG00000111300",-0.0661973806824984,0.00599400599400599,0.0309698899552726
"ENSG00000111321",0.119717434163831,0.003996003996004,0.0309698899552726
"ENSG00000111325",0.0235488807465089,0.0719280719280719,0.108379083303858
"ENSG00000111328",0.0407031713801242,0.0639360639360639,0.0989420057151193
"ENSG00000111331",0.0534214965031417,0.225774225774226,0.281702101884826
"ENSG00000111335",-0.00924220609601244,0.641358641358641,0.687770871049179
"ENSG00000111348",0.121218096766395,0.001998001998002,0.0309698899552726
"ENSG00000111358",-0.0621847738698419,0.00599400599400599,0.0309698899552726
"ENSG00000111361",-0.0303766685354828,0.021978021978022,0.0464939039133723
"ENSG00000111364",-0.0507341809545444,0.002997002997003,0.0309698899552726
"ENSG00000111371",-0.0698337620934921,0.012987012987013,0.0360623664690208
"ENSG00000111412",-0.0222491897129877,0.01998001998002,0.044196554411905
"ENSG00000111424",0.145804859568247,0.003996003996004,0.0309698899552726
"ENSG00000111445",-0.0172375070914969,0.0609390609390609,0.0952980656298809
"ENSG00000111450",-0.0808302623555566,0.001998001998002,0.0309698899552726
"ENSG00000111452",0.00793111807134027,0.695304695304695,0.736486147379854
"ENSG00000111481",-0.00458864342325014,0.689310689310689,0.731168213957269
"ENSG00000111490",0.153622217588899,0.001998001998002,0.0309698899552726
"ENSG00000111530",-0.0603451172685988,0.004995004995005,0.0309698899552726
"ENSG00000111540",0.0697705958285459,0.020979020979021,0.0454117208439975
"ENSG00000111554",-0.0136436223347129,0.043956043956044,0.0742673606444167
"ENSG00000111581",-0.0536564127080674,0.00799200799200799,0.0313472428354935
"ENSG00000111596",-0.0215715654118871,0.013986013986014,0.0370555370555371
"ENSG00000111602",-0.021673723723354,0.291708291708292,0.351700466467722
"ENSG00000111605",-0.0789954696648931,0.00799200799200799,0.0313472428354935
"ENSG00000111615",-0.0924652946385277,0.00599400599400599,0.0309698899552726
"ENSG00000111639",-0.0412801451425782,0.0649350649350649,0.100075610462889
"ENSG00000111640",0.0540543120005307,0.020979020979021,0.0454117208439975
"ENSG00000111641",-0.0375145471949039,0.041958041958042,0.0717489681633108
"ENSG00000111642",0.0393840996210293,0.115884115884116,0.160633829837982
"ENSG00000111644",0.06259962388943,0.013986013986014,0.0370555370555371
"ENSG00000111647",0.11663279424376,0.001998001998002,0.0309698899552726
"ENSG00000111652",0.0322995063727678,0.01998001998002,0.044196554411905
"ENSG00000111653",-0.00568127102187183,0.576423576423576,0.627885302407191
"ENSG00000111666",0.0248909154731233,0.028971028971029,0.0550211482575579
"ENSG00000111667",-0.033239877626356,0.150849150849151,0.20038743173484
"ENSG00000111669",0.0273157097038533,0.0689310689310689,0.104835938548923
"ENSG00000111670",-0.0518949678018028,0.027972027972028,0.0538126832348059
"ENSG00000111671",0.00419900348134708,0.639360639360639,0.685934312072502
"ENSG00000111674",-0.0773961310285491,0.00799200799200799,0.0313472428354935
"ENSG00000111678",-0.109440008745276,0.00699300699300699,0.0311612747652792
"ENSG00000111679",0.0988983016904075,0.00799200799200799,0.0313472428354935
"ENSG00000111684",0.101170940635944,0.001998001998002,0.0309698899552726
"ENSG00000111696",-0.0251181123945469,0.115884115884116,0.160633829837982
"ENSG00000111707",0.0410150761866815,0.00699300699300699,0.0311612747652792
"ENSG00000111711",-0.0538261591796212,0.038961038961039,0.0678698023240711
"ENSG00000111716",-0.10367061649503,0.002997002997003,0.0309698899552726
"ENSG00000111725",0.0247306603799177,0.024975024975025,0.0503016340120413
"ENSG00000111726",-0.0287228318771872,0.125874125874126,0.171884472759373
"ENSG00000111727",-0.0615809919620154,0.00799200799200799,0.0313472428354935
"ENSG00000111731",-0.0137159424359356,0.137862137862138,0.185597308482936
"ENSG00000111737",0.0917801148176708,0.002997002997003,0.0309698899552726
"ENSG00000111752",-0.0705991181700426,0.00699300699300699,0.0311612747652792
"ENSG00000111775",-0.00822679437728603,0.66033966033966,0.705230786275841
"ENSG00000111785",-0.0579899247094327,0.013986013986014,0.0370555370555371
"ENSG00000111786",0.0221824591909439,0.004995004995005,0.0309698899552726
"ENSG00000111790",-0.0158033416117959,0.363636363636364,0.424248307754763
"ENSG00000111801",0.00153206875920762,0.879120879120879,0.897720683598838
"ENSG00000111802",0.142833485261024,0.001998001998002,0.0309698899552726
"ENSG00000111817",0.0969014362070772,0.000999000999000999,0.0309698899552726
"ENSG00000111832",-0.108957132798852,0.00699300699300699,0.0311612747652792
"ENSG00000111843",-0.0637208198722719,0.013986013986014,0.0370555370555371
"ENSG00000111845",-0.0792884440020939,0.031968031968032,0.0588078690022667
"ENSG00000111846",-0.0479117225955601,0.00899100899100899,0.031668800133044
"ENSG00000111850",-0.0186442857427746,0.140859140859141,0.189123578912429
"ENSG00000111859",0.135591157232397,0.003996003996004,0.0309698899552726
"ENSG00000111860",-0.0303474116343724,0.044955044955045,0.0755305089151028
"ENSG00000111863",-0.128068699657906,0.027972027972028,0.0538126832348059
"ENSG00000111875",-0.0873773461273307,0.00799200799200799,0.0313472428354935
"ENSG00000111877",0.012192757203839,0.130869130869131,0.17743515509761
"ENSG00000111879",-0.13853505501826,0.00699300699300699,0.0311612747652792
"ENSG00000111880",-0.00365581768665208,0.59040959040959,0.640449720872142
"ENSG00000111897",0.0598420697054154,0.018981018981019,0.0430078970802953
"ENSG00000111906",-0.0902094287603303,0.004995004995005,0.0309698899552726
"ENSG00000111911",0.0415119556272816,0.020979020979021,0.0454117208439975
"ENSG00000111912",-0.0309111449105313,0.026973026973027,0.0526151336084788
"ENSG00000111961",-0.0589717919102336,0.226773226773227,0.282655117129293
"ENSG00000111962",-0.0797307187458347,0.00599400599400599,0.0309698899552726
"ENSG00000112029",-0.0428903464532952,0.0879120879120879,0.127615348777325
"ENSG00000112031",0.00144108710310778,0.862137862137862,0.883380750888637
"ENSG00000112033",-0.00915639942251166,0.69030969030969,0.732034047308026
"ENSG00000112039",-0.0459515794908434,0.003996003996004,0.0309698899552726
"ENSG00000112053",0.242457003840148,0.00599400599400599,0.0309698899552726
"ENSG00000112062",0.140786488699047,0.003996003996004,0.0309698899552726
"ENSG00000112077",-0.0173640737532968,0.3996003996004,0.459251946294119
"ENSG00000112078",0.0433415333448946,0.021978021978022,0.0464939039133723
"ENSG00000112079",0.0413014499414504,0.003996003996004,0.0309698899552726
"ENSG00000112081",-0.0246278120673165,0.0779220779220779,0.115641829151338
"ENSG00000112096",0.226960945978762,0.003996003996004,0.0309698899552726
"ENSG00000112110",-0.0477061034686169,0.010989010989011,0.0339239491564177
"ENSG00000112118",-0.0453843383444276,0.035964035964036,0.0640509460900688
"ENSG00000112130",-0.058846649946267,0.002997002997003,0.0309698899552726
"ENSG00000112137",0.0377842940751697,0.115884115884116,0.160633829837982
"ENSG00000112144",-0.04746110375755,0.003996003996004,0.0309698899552726
"ENSG00000112146",-0.00668775129984971,0.556443556443556,0.609269192906219
"ENSG00000112149",-0.0446963591770044,0.102897102897103,0.145570027382858
"ENSG00000112159",-0.0677871950920635,0.00799200799200799,0.0313472428354935
"ENSG00000112167",-0.0527080788093398,0.00799200799200799,0.0313472428354935
"ENSG00000112200",-0.0394667345808716,0.011988011988012,0.0350284289015142
"ENSG00000112208",-0.0929133323780928,0.011988011988012,0.0350284289015142
"ENSG00000112234",-0.0277691952632351,0.00599400599400599,0.0309698899552726
"ENSG00000112237",-0.0830837682295175,0.013986013986014,0.0370555370555371
"ENSG00000112242",0.124305644996779,0.001998001998002,0.0309698899552726
"ENSG00000112245",0.0407423089002214,0.037962037962038,0.0665831541488284
"ENSG00000112249",-0.0526103039668356,0.00999000999000999,0.0329382551604774
"ENSG00000112282",0.00260456900276528,0.692307692307692,0.73382905681371
"ENSG00000112294",-0.0140983626754938,0.482517482517482,0.540135535105729
"ENSG00000112297",0.0228928060713981,0.025974025974026,0.0514006000585945
"ENSG00000112304",-0.0237974153847433,0.154845154845155,0.204565139158961
"ENSG00000112305",-0.00178986249838908,0.681318681318681,0.72396886932696
"ENSG00000112306",-0.0936739905522604,0.00999000999000999,0.0329382551604774
"ENSG00000112308",0.0251701566359518,0.010989010989011,0.0339239491564177
"ENSG00000112312",-0.0286469981796276,0.371628371628372,0.432062471725817
"ENSG00000112335",0.0165570679792228,0.13986013986014,0.18792924427987
"ENSG00000112339",-0.0447535774836058,0.011988011988012,0.0350284289015142
"ENSG00000112343",0.0414182031127472,0.01998001998002,0.044196554411905
"ENSG00000112357",-0.0594518863285444,0.00699300699300699,0.0311612747652792
"ENSG00000112365",-0.035260676577956,0.025974025974026,0.0514006000585945
"ENSG00000112367",0.0262548607896057,0.016983016983017,0.0404964083535512
"ENSG00000112394",-0.11347369067841,0.051948051948052,0.084286713691331
"ENSG00000112406",0.0571206282026451,0.00599400599400599,0.0309698899552726
"ENSG00000112419",-0.0259144764772923,0.0549450549450549,0.0880322184148341
"ENSG00000112425",-0.0645456463593943,0.018981018981019,0.0430078970802953
"ENSG00000112531",0.0860776574422883,0.002997002997003,0.0309698899552726
"ENSG00000112561",0.130039694438066,0.004995004995005,0.0309698899552726
"ENSG00000112576",0.0384747506246809,0.0729270729270729,0.10954100267936
"ENSG00000112578",-0.0331195554115641,0.0749250749250749,0.112219535200592
"ENSG00000112584",0.0268066716281909,0.033966033966034,0.0614579638969883
"ENSG00000112592",-0.0016614827607549,0.861138861138861,0.882658152082459
"ENSG00000112624",0.0426066690837832,0.024975024975025,0.0503016340120413
"ENSG00000112640",0.0062794162775353,0.677322677322677,0.720678524662588
"ENSG00000112651",-0.0596370838269949,0.00899100899100899,0.031668800133044
"ENSG00000112658",0.0566155435343357,0.00899100899100899,0.031668800133044
"ENSG00000112659",-0.011240450092387,0.470529470529471,0.529032012051939
"ENSG00000112667",-0.0690713133883561,0.003996003996004,0.0309698899552726
"ENSG00000112679",0.044095920619545,0.001998001998002,0.0309698899552726
"ENSG00000112685",-0.0492099342599311,0.001998001998002,0.0309698899552726
"ENSG00000112695",-0.0477190807814414,0.153846153846154,0.20355863447353
"ENSG00000112697",0.0589757082328194,0.003996003996004,0.0309698899552726
"ENSG00000112699",-0.0222939660666693,0.036963036963037,0.0654036775944903
"ENSG00000112701",0.0128557821795585,0.37962037962038,0.439907214567325
"ENSG00000112715",0.0839692547864577,0.004995004995005,0.0309698899552726
"ENSG00000112739",-0.0414505444594048,0.013986013986014,0.0370555370555371
"ENSG00000112759",-0.0161119510686067,0.588411588411588,0.638628237111033
"ENSG00000112763",0.0777356997382116,0.01998001998002,0.044196554411905
"ENSG00000112773",0.0398420834100644,0.016983016983017,0.0404964083535512
"ENSG00000112782",-0.0482445875639858,0.0829170829170829,0.121538907488414
"ENSG00000112787",-0.00924853470010616,0.584415584415584,0.6350941761015
"ENSG00000112796",-0.0636299734338597,0.184815184815185,0.23747555769367
"ENSG00000112851",0.0331615868225227,0.00799200799200799,0.0313472428354935
"ENSG00000112855",0.0419162756640026,0.00699300699300699,0.0311612747652792
"ENSG00000112877",-0.0636556443814221,0.001998001998002,0.0309698899552726
"ENSG00000112893",-0.0214835841375877,0.01998001998002,0.044196554411905
"ENSG00000112941",-0.0575627506184118,0.003996003996004,0.0309698899552726
"ENSG00000112972",-0.0316007035749541,0.0849150849150849,0.123968597000667
"ENSG00000112977",0.0473573729652007,0.013986013986014,0.0370555370555371
"ENSG00000112983",0.0395446721713709,0.012987012987013,0.0360623664690208
"ENSG00000112992",-0.0388354126542229,0.015984015984016,0.0392432899072327
"ENSG00000112996",-0.0666407975313141,0.00799200799200799,0.0313472428354935
"ENSG00000113013",-0.045987143599281,0.012987012987013,0.0360623664690208
"ENSG00000113048",-0.0521507345894695,0.011988011988012,0.0350284289015142
"ENSG00000113068",-0.0484119853824883,0.044955044955045,0.0755305089151028
"ENSG00000113108",0.0460022084593131,0.014985014985015,0.0380820279318905
"ENSG00000113119",0.0259656450217934,0.106893106893107,0.150232880205983
"ENSG00000113140",0.0745635094975778,0.034965034965035,0.0627459743481843
"ENSG00000113141",0.0412280866966262,0.010989010989011,0.0339239491564177
"ENSG00000113161",0.104587638355847,0.003996003996004,0.0309698899552726
"ENSG00000113163",0.0578407276969373,0.001998001998002,0.0309698899552726
"ENSG00000113194",0.0178674932130467,0.023976023976024,0.0489374755679103
"ENSG00000113240",0.0318551452061679,0.0539460539460539,0.0868019381876659
"ENSG00000113269",0.129164201749489,0.002997002997003,0.0309698899552726
"ENSG00000113272",-0.0645409975761408,0.003996003996004,0.0309698899552726
"ENSG00000113273",0.0301414277821458,0.111888111888112,0.156211817921855
"ENSG00000113282",-0.0115317193796553,0.316683316683317,0.377457115927809
"ENSG00000113300",-0.00442258818965387,0.480519480519481,0.538350248614069
"ENSG00000113312",0.0183657744660886,0.043956043956044,0.0742673606444167
"ENSG00000113318",-0.0340859023618342,0.023976023976024,0.0489374755679103
"ENSG00000113319",-0.106682469004732,0.00899100899100899,0.031668800133044
"ENSG00000113328",-0.0518172920967772,0.015984015984016,0.0392432899072327
"ENSG00000113360",-0.0623115949499828,0.002997002997003,0.0309698899552726
"ENSG00000113368",0.144878041239903,0.00599400599400599,0.0309698899552726
"ENSG00000113369",0.126717337189242,0.001998001998002,0.0309698899552726
"ENSG00000113384",0.0390021725105779,0.002997002997003,0.0309698899552726
"ENSG00000113387",-0.0507728510701803,0.0739260739260739,0.110847605295515
"ENSG00000113391",0.0059658087613887,0.54045954045954,0.595129444497229
"ENSG00000113407",-0.0317304156179204,0.020979020979021,0.0454117208439975
"ENSG00000113441",-0.0306424843992081,0.018981018981019,0.0430078970802953
"ENSG00000113448",-0.0422970320937962,0.037962037962038,0.0665831541488284
"ENSG00000113456",-0.0706530534702507,0.003996003996004,0.0309698899552726
"ENSG00000113460",-0.0971657318230328,0.00799200799200799,0.0313472428354935
"ENSG00000113494",-0.0170762687288127,0.633366633366633,0.680353968519861
"ENSG00000113504",-0.0406281544713219,0.130869130869131,0.17743515509761
"ENSG00000113522",-0.083389884546607,0.004995004995005,0.0309698899552726
"ENSG00000113532",0.128209750789423,0.002997002997003,0.0309698899552726
"ENSG00000113552",-0.00912016027952548,0.541458541458541,0.595956475066284
"ENSG00000113558",-0.0143194816305018,0.0819180819180819,0.120368200084547
"ENSG00000113569",-0.0517516241285213,0.00599400599400599,0.0309698899552726
"ENSG00000113575",0.0331124295831632,0.015984015984016,0.0392432899072327
"ENSG00000113580",0.068890008553312,0.002997002997003,0.0309698899552726
"ENSG00000113583",-0.000902430423678689,0.912087912087912,0.925800044550044
"ENSG00000113593",-0.0559509792279137,0.011988011988012,0.0350284289015142
"ENSG00000113595",0.027290705983612,0.0609390609390609,0.0952980656298809
"ENSG00000113597",-0.0572228073145356,0.025974025974026,0.0514006000585945
"ENSG00000113615",-0.0284084398391977,0.0769230769230769,0.114541139692918
"ENSG00000113621",-0.0389645069343775,0.011988011988012,0.0350284289015142
"ENSG00000113638",-0.0400923858107605,0.0949050949050949,0.136008756328337
"ENSG00000113643",-0.067197098160439,0.020979020979021,0.0454117208439975
"ENSG00000113648",0.0577342801315962,0.00699300699300699,0.0311612747652792
"ENSG00000113649",-0.0591491172720579,0.00899100899100899,0.031668800133044
"ENSG00000113658",-0.0504820592361334,0.012987012987013,0.0360623664690208
"ENSG00000113712",0.0258160704447091,0.014985014985015,0.0380820279318905
"ENSG00000113716",-0.0381838453057718,0.024975024975025,0.0503016340120413
"ENSG00000113719",0.172122901986289,0.004995004995005,0.0309698899552726
"ENSG00000113732",0.0672529767105577,0.00999000999000999,0.0329382551604774
"ENSG00000113734",-0.050457851920452,0.0629370629370629,0.0977484650268315
"ENSG00000113742",0.131069208348881,0.001998001998002,0.0309698899552726
"ENSG00000113749",0.19329781085228,0.003996003996004,0.0309698899552726
"ENSG00000113758",0.104589176688969,0.001998001998002,0.0309698899552726
"ENSG00000113761",-0.0103803163252143,0.257742257742258,0.315947210684053
"ENSG00000113810",-0.0150613676656695,0.321678321678322,0.3826138232314
"ENSG00000113811",0.00151329666334052,0.919080919080919,0.931639210991438
"ENSG00000113812",-0.0186880115829728,0.0709290709290709,0.107142480445648
"ENSG00000113838",-0.041743854349272,0.004995004995005,0.0309698899552726
"ENSG00000113845",-0.0323895494862272,0.050949050949051,0.0830019919080513
"ENSG00000113851",-0.057435112890203,0.012987012987013,0.0360623664690208
"ENSG00000113916",0.230436902097876,0.004995004995005,0.0309698899552726
"ENSG00000113924",-0.039838862694494,0.017982017982018,0.0417277258366272
"ENSG00000113966",-0.0949608361105338,0.00799200799200799,0.0313472428354935
"ENSG00000113971",-0.0300380954594628,0.031968031968032,0.0588078690022667
"ENSG00000114021",-0.069429558407068,0.003996003996004,0.0309698899552726
"ENSG00000114023",-0.0758762858799771,0.002997002997003,0.0309698899552726
"ENSG00000114026",-0.0120138920087679,0.295704295704296,0.355946937677707
"ENSG00000114030",0.0641869021124768,0.001998001998002,0.0309698899552726
"ENSG00000114054",-0.0338848661096559,0.017982017982018,0.0417277258366272
"ENSG00000114062",-0.0631454598628182,0.00799200799200799,0.0313472428354935
"ENSG00000114098",-0.00487653340467854,0.21978021978022,0.275166025765047
"ENSG00000114107",-0.152646096739656,0.00599400599400599,0.0309698899552726
"ENSG00000114120",-0.0672442754586189,0.00799200799200799,0.0313472428354935
"ENSG00000114125",-0.0465948402511533,0.024975024975025,0.0503016340120413
"ENSG00000114126",-0.0452076446085621,0.040959040959041,0.0705122123257061
"ENSG00000114127",0.0319290460276084,0.013986013986014,0.0370555370555371
"ENSG00000114166",0.00864676941504201,0.261738261738262,0.320127257232895
"ENSG00000114209",-0.0255670452774574,0.287712287712288,0.347719858580679
"ENSG00000114268",0.191550668005108,0.003996003996004,0.0309698899552726
"ENSG00000114302",0.0191264473958555,0.0669330669330669,0.102576077327416
"ENSG00000114316",0.115910292388323,0.00599400599400599,0.0309698899552726
"ENSG00000114331",0.100614158413186,0.001998001998002,0.0309698899552726
"ENSG00000114346",0.0378866303519076,0.195804195804196,0.249435533726397
"ENSG00000114353",0.114779403998973,0.003996003996004,0.0309698899552726
"ENSG00000114354",0.015397831584714,0.015984015984016,0.0392432899072327
"ENSG00000114383",0.0335478960547508,0.010989010989011,0.0339239491564177
"ENSG00000114388",-0.0115401929633286,0.275724275724276,0.334983253705453
"ENSG00000114391",-0.110972316240493,0.012987012987013,0.0360623664690208
"ENSG00000114395",0.00727276149461397,0.578421578421578,0.629434129796317
"ENSG00000114416",-0.030350803434782,0.0799200799200799,0.118024025618029
"ENSG00000114423",-0.0651599149761525,0.021978021978022,0.0464939039133723
"ENSG00000114439",-0.0154313435317629,0.026973026973027,0.0526151336084788
"ENSG00000114446",-0.0781495451985625,0.036963036963037,0.0654036775944903
"ENSG00000114450",0.0769677137532074,0.023976023976024,0.0489374755679103
"ENSG00000114473",-0.0417201332430264,0.024975024975025,0.0503016340120413
"ENSG00000114480",0.0914864424048687,0.001998001998002,0.0309698899552726
"ENSG00000114491",-0.0666757955157277,0.002997002997003,0.0309698899552726
"ENSG00000114503",-0.054560022654216,0.00999000999000999,0.0329382551604774
"ENSG00000114520",-0.0916193285603014,0.021978021978022,0.0464939039133723
"ENSG00000114541",0.0441343232658086,0.0679320679320679,0.103657642509852
"ENSG00000114544",-0.0488237810305273,0.00799200799200799,0.0313472428354935
"ENSG00000114554",-0.0667607230084332,0.016983016983017,0.0404964083535512
"ENSG00000114573",0.142395238091738,0.001998001998002,0.0309698899552726
"ENSG00000114626",0.199030550817303,0.003996003996004,0.0309698899552726
"ENSG00000114648",0.0495658454723786,0.015984015984016,0.0392432899072327
"ENSG00000114650",0.0812757564223839,0.011988011988012,0.0350284289015142
"ENSG00000114656",0.185362211160523,0.011988011988012,0.0350284289015142
"ENSG00000114670",0.00409698481490692,0.811188811188811,0.839695704811984
"ENSG00000114686",-0.0942644387716994,0.012987012987013,0.0360623664690208
"ENSG00000114735",-0.0695093082762763,0.001998001998002,0.0309698899552726
"ENSG00000114737",-0.0543404971727738,0.036963036963037,0.0654036775944903
"ENSG00000114738",0.0703338288696441,0.003996003996004,0.0309698899552726
"ENSG00000114739",-0.087345478825099,0.003996003996004,0.0309698899552726
"ENSG00000114742",0.00224376841098829,0.726273726273726,0.763435462464589
"ENSG00000114744",-0.0296509008588749,0.037962037962038,0.0665831541488284
"ENSG00000114745",0.0326492489808615,0.037962037962038,0.0665831541488284
"ENSG00000114770",0.0926535211779115,0.004995004995005,0.0309698899552726
"ENSG00000114779",-0.0576940559190846,0.003996003996004,0.0309698899552726
"ENSG00000114784",0.0593370048469034,0.000999000999000999,0.0309698899552726
"ENSG00000114796",0.000637970262839294,0.911088911088911,0.925098558082674
"ENSG00000114812",-0.056946492084459,0.028971028971029,0.0550211482575579
"ENSG00000114841",0.00489228489310365,0.8001998001998,0.829535167670249
"ENSG00000114850",-0.0323737019958832,0.0599400599400599,0.0941400470935233
"ENSG00000114853",0.100229278564506,0.00699300699300699,0.0311612747652792
"ENSG00000114857",-0.0350751577949521,0.011988011988012,0.0350284289015142
"ENSG00000114861",-0.019633846898221,0.290709290709291,0.350671911647521
"ENSG00000114867",-0.00626675397965626,0.787212787212787,0.818118581522248
"ENSG00000114902",-0.00518526705137744,0.325674325674326,0.386448859197674
"ENSG00000114904",-0.0313572167079288,0.0689310689310689,0.104835938548923
"ENSG00000114933",0.00486625300648212,0.515484515484515,0.571766765767689
"ENSG00000114942",-0.167954772249849,0.016983016983017,0.0404964083535512
"ENSG00000114948",-0.132878607466702,0.00999000999000999,0.0329382551604774
"ENSG00000114956",-0.00593472868001544,0.331668331668332,0.39247636963273
"ENSG00000114978",0.0494462919023929,0.00899100899100899,0.031668800133044
"ENSG00000114982",-0.0224351991399277,0.143856143856144,0.19243801612457
"ENSG00000114988",-0.00455738713080649,0.437562437562438,0.496799751972166
"ENSG00000114999",-0.0192853724553773,0.181818181818182,0.234275856019182
"ENSG00000115020",0.00985208290408077,0.166833166833167,0.217721902378217
"ENSG00000115042",-0.0677939777290117,0.004995004995005,0.0309698899552726
"ENSG00000115053",-0.0449606407851822,0.0589410589410589,0.0929842014116102
"ENSG00000115073",-0.0359330558046324,0.004995004995005,0.0309698899552726
"ENSG00000115084",0.00656234418301894,0.360639360639361,0.421037870231575
"ENSG00000115091",0.0694025850106546,0.002997002997003,0.0309698899552726
"ENSG00000115109",-0.054121078516773,0.031968031968032,0.0588078690022667
"ENSG00000115128",-0.00860780275200255,0.82017982017982,0.847469785824183
"ENSG00000115129",0.0256395643914406,0.295704295704296,0.355946937677707
"ENSG00000115137",-0.0434287104650709,0.031968031968032,0.0588078690022667
"ENSG00000115145",0.0546963768798169,0.00699300699300699,0.0311612747652792
"ENSG00000115159",0.018520300346842,0.193806193806194,0.2472834522946
"ENSG00000115165",0.0650392101236188,0.003996003996004,0.0309698899552726
"ENSG00000115170",-0.0476894700888779,0.00599400599400599,0.0309698899552726
"ENSG00000115204",-0.0218752260968571,0.0609390609390609,0.0952980656298809
"ENSG00000115207",-0.007380180107208,0.587412587412587,0.637774367650599
"ENSG00000115211",-0.0094093885871035,0.495504495504495,0.552870952276764
"ENSG00000115216",0.0460856065486577,0.00999000999000999,0.0329382551604774
"ENSG00000115221",0.0398341180393779,0.0539460539460539,0.0868019381876659
"ENSG00000115232",-0.0675504536260184,0.001998001998002,0.0309698899552726
"ENSG00000115233",-0.0743175791160528,0.011988011988012,0.0350284289015142
"ENSG00000115234",-0.00415474451245116,0.796203796203796,0.826247925289459
"ENSG00000115239",-0.00996411383278223,0.238761238761239,0.29563492349398
"ENSG00000115241",-0.0135791473953356,0.430569430569431,0.490063776549239
"ENSG00000115267",0.0566186042416311,0.02997002997003,0.0561377525217924
"ENSG00000115268",-0.0534193862916317,0.00999000999000999,0.0329382551604774
"ENSG00000115271",0.207714167528231,0.003996003996004,0.0309698899552726
"ENSG00000115274",0.0114344812279359,0.0689310689310689,0.104835938548923
"ENSG00000115275",-0.0321787892424396,0.047952047952048,0.0794112873484515
"ENSG00000115282",-0.0308744306212416,0.0589410589410589,0.0929842014116102
"ENSG00000115286",-0.0166933058859638,0.0859140859140859,0.125168564009636
"ENSG00000115289",-0.0320839871549364,0.051948051948052,0.084286713691331
"ENSG00000115295",-0.061607558810754,0.00699300699300699,0.0311612747652792
"ENSG00000115306",-0.0427395957223891,0.122877122877123,0.168577313097861
"ENSG00000115307",0.000454945858305989,0.944055944055944,0.952776648947291
"ENSG00000115310",0.0410347598381286,0.018981018981019,0.0430078970802953
"ENSG00000115317",0.0357233971645358,0.012987012987013,0.0360623664690208
"ENSG00000115318",0.0395690087583969,0.200799200799201,0.254772465709966
"ENSG00000115325",0.0763705273468015,0.00599400599400599,0.0309698899552726
"ENSG00000115339",0.0960874240009785,0.00699300699300699,0.0311612747652792
"ENSG00000115350",-0.066957516191739,0.015984015984016,0.0392432899072327
"ENSG00000115355",-0.0393582334707377,0.202797202797203,0.256954853264816
"ENSG00000115364",-0.0552325228483449,0.00899100899100899,0.031668800133044
"ENSG00000115365",-0.0822171675572922,0.002997002997003,0.0309698899552726
"ENSG00000115368",-0.0780621546589225,0.004995004995005,0.0309698899552726
"ENSG00000115392",-0.0888926412254291,0.026973026973027,0.0526151336084788
"ENSG00000115415",0.0714833113629147,0.034965034965035,0.0627459743481843
"ENSG00000115419",-0.0552490324408942,0.010989010989011,0.0339239491564177
"ENSG00000115421",0.0278221811350345,0.00599400599400599,0.0309698899552726
"ENSG00000115423",-0.0815767120373985,0.0809190809190809,0.119235595204207
"ENSG00000115425",-0.0133785888084014,0.125874125874126,0.171884472759373
"ENSG00000115446",-0.0162901025216586,0.012987012987013,0.0360623664690208
"ENSG00000115459",-0.0102989917686246,0.0589410589410589,0.0929842014116102
"ENSG00000115464",0.0156821678088819,0.0759240759240759,0.113433061220232
"ENSG00000115484",-0.0557685650695911,0.00999000999000999,0.0329382551604774
"ENSG00000115486",0.00325476361800011,0.733266733266733,0.76997812148533
"ENSG00000115504",-0.0572585911322838,0.00699300699300699,0.0311612747652792
"ENSG00000115514",-0.0431735530042344,0.190809190809191,0.244159375547791
"ENSG00000115520",0.0678202874287258,0.00599400599400599,0.0309698899552726
"ENSG00000115524",0.036088406679979,0.023976023976024,0.0489374755679103
"ENSG00000115525",-0.0584645797302803,0.004995004995005,0.0309698899552726
"ENSG00000115526",-0.0458537501813709,0.180819180819181,0.233188637738482
"ENSG00000115539",-0.0322588055404106,0.051948051948052,0.084286713691331
"ENSG00000115540",0.00399459956652055,0.814185814185814,0.842145203105699
"ENSG00000115541",-0.0974394600902789,0.00599400599400599,0.0309698899552726
"ENSG00000115548",0.0384530269868954,0.027972027972028,0.0538126832348059
"ENSG00000115561",0.0848782502484009,0.001998001998002,0.0309698899552726
"ENSG00000115568",-0.0186933228036768,0.250749250749251,0.308634217073381
"ENSG00000115590",0.262319276399389,0.003996003996004,0.0309698899552726
"ENSG00000115594",0.206868209144942,0.013986013986014,0.0370555370555371
"ENSG00000115649",0.0110767719958841,0.554445554445554,0.607579709430717
"ENSG00000115652",-0.0589346460547315,0.014985014985015,0.0380820279318905
"ENSG00000115661",0.0195508128986915,0.038961038961039,0.0678698023240711
"ENSG00000115677",0.0505897173454792,0.0529470529470529,0.0856186332504955
"ENSG00000115685",0.0207090868257799,0.018981018981019,0.0430078970802953
"ENSG00000115694",-0.0492940624664708,0.001998001998002,0.0309698899552726
"ENSG00000115738",-0.0174446436854398,0.432567432567433,0.49196511825451
"ENSG00000115750",-0.0388843254322547,0.03996003996004,0.0691988127146629
"ENSG00000115756",0.0710325728627895,0.00599400599400599,0.0309698899552726
"ENSG00000115758",0.00498094391300134,0.763236763236763,0.796230852480852
"ENSG00000115760",-0.00592479215654078,0.545454545454545,0.599476243920688
"ENSG00000115761",-0.0582271635353027,0.003996003996004,0.0309698899552726
"ENSG00000115762",0.0510937087962638,0.00999000999000999,0.0329382551604774
"ENSG00000115806",-0.0396098592989953,0.015984015984016,0.0392432899072327
"ENSG00000115808",0.0546737502460596,0.002997002997003,0.0309698899552726
"ENSG00000115816",-0.0695665092759359,0.015984015984016,0.0392432899072327
"ENSG00000115825",-0.0366223987687404,0.00999000999000999,0.0329382551604774
"ENSG00000115827",-0.0699844341215332,0.00699300699300699,0.0311612747652792
"ENSG00000115839",-0.00554141715711337,0.645354645354645,0.691500724667629
"ENSG00000115840",-0.0661364177121646,0.001998001998002,0.0309698899552726
"ENSG00000115841",-0.00355644898880554,0.839160839160839,0.863444774403679
"ENSG00000115866",-0.0507239036802612,0.021978021978022,0.0464939039133723
"ENSG00000115875",-0.0615533029702671,0.00899100899100899,0.031668800133044
"ENSG00000115896",-0.074467340470633,0.011988011988012,0.0350284289015142
"ENSG00000115902",-0.0188266120115477,0.481518481518482,0.539218143019858
"ENSG00000115904",-0.0239444906916699,0.0729270729270729,0.10954100267936
"ENSG00000115935",0.064271457498909,0.010989010989011,0.0339239491564177
"ENSG00000115942",-0.0304797228512655,0.023976023976024,0.0489374755679103
"ENSG00000115944",-0.0445483116610834,0.03996003996004,0.0691988127146629
"ENSG00000115946",-0.0453274097196711,0.020979020979021,0.0454117208439975
"ENSG00000115947",-0.0338708765317757,0.050949050949051,0.0830019919080513
"ENSG00000115956",0.105329455926948,0.00799200799200799,0.0313472428354935
"ENSG00000115966",-0.0143847786324558,0.16983016983017,0.221009093775742
"ENSG00000115970",-0.0292292563993452,0.01998001998002,0.044196554411905
"ENSG00000115977",-0.0504906404433604,0.02997002997003,0.0561377525217924
"ENSG00000115993",-0.0191981006078677,0.174825174825175,0.226625925040336
"ENSG00000115998",-0.0274037980721558,0.018981018981019,0.0430078970802953
"ENSG00000116001",-0.04460386111783,0.00799200799200799,0.0313472428354935
"ENSG00000116005",-0.0592209138597315,0.000999000999000999,0.0309698899552726
"ENSG00000116016",0.0900760725620006,0.017982017982018,0.0417277258366272
"ENSG00000116017",0.169389467523971,0.00599400599400599,0.0309698899552726
"ENSG00000116030",0.0127253557559796,0.561438561438561,0.614067039622191
"ENSG00000116044",0.0615784682594069,0.002997002997003,0.0309698899552726
"ENSG00000116062",-0.0240540372609108,0.032967032967033,0.0601301870083172
"ENSG00000116095",-0.00629067525179337,0.371628371628372,0.432062471725817
"ENSG00000116106",-0.0783183234893225,0.00999000999000999,0.0329382551604774
"ENSG00000116120",-0.0660765176186881,0.00799200799200799,0.0313472428354935
"ENSG00000116127",-0.0586622300595003,0.004995004995005,0.0309698899552726
"ENSG00000116128",-0.0215702145239053,0.231768231768232,0.287984967885712
"ENSG00000116133",-0.0405531919009896,0.188811188811189,0.241886032100295
"ENSG00000116138",-0.0393102300010719,0.00599400599400599,0.0309698899552726
"ENSG00000116151",-0.00142351417427279,0.903096903096903,0.918458033461842
"ENSG00000116157",-0.0726195041297691,0.00699300699300699,0.0311612747652792
"ENSG00000116161",-0.0487524836688539,0.025974025974026,0.0514006000585945
"ENSG00000116171",-0.0374092921509225,0.026973026973027,0.0526151336084788
"ENSG00000116198",-0.0313585354431802,0.021978021978022,0.0464939039133723
"ENSG00000116199",-0.0321021875710515,0.03996003996004,0.0691988127146629
"ENSG00000116205",0.0133403468182307,0.037962037962038,0.0665831541488284
"ENSG00000116209",0.0448506884451012,0.037962037962038,0.0665831541488284
"ENSG00000116212",-0.0175497058365559,0.138861138861139,0.186733038696785
"ENSG00000116213",0.0305081709056569,0.033966033966034,0.0614579638969883
"ENSG00000116221",-0.0312465074058644,0.028971028971029,0.0550211482575579
"ENSG00000116237",-0.0387041397219106,0.024975024975025,0.0503016340120413
"ENSG00000116251",-0.0828023346389535,0.003996003996004,0.0309698899552726
"ENSG00000116260",0.0876064272774527,0.017982017982018,0.0417277258366272
"ENSG00000116266",0.0627030887609112,0.011988011988012,0.0350284289015142
"ENSG00000116273",0.0414547620885376,0.016983016983017,0.0404964083535512
"ENSG00000116288",-0.0131034258153767,0.288711288711289,0.348646731082422
"ENSG00000116299",0.227028386918887,0.004995004995005,0.0309698899552726
"ENSG00000116337",0.138101637465264,0.00899100899100899,0.031668800133044
"ENSG00000116350",0.0422098770927208,0.00699300699300699,0.0311612747652792
"ENSG00000116353",-0.0651012202131113,0.00699300699300699,0.0311612747652792
"ENSG00000116406",0.0304579810617622,0.028971028971029,0.0550211482575579
"ENSG00000116455",-0.0610442687691957,0.00699300699300699,0.0311612747652792
"ENSG00000116459",-0.0352861300214731,0.0649350649350649,0.100075610462889
"ENSG00000116473",0.0428064479044889,0.012987012987013,0.0360623664690208
"ENSG00000116478",-0.00447845555235958,0.657342657342657,0.702841997859791
"ENSG00000116489",0.0552309033956071,0.0599400599400599,0.0941400470935233
"ENSG00000116497",-0.0212579056855487,0.015984015984016,0.0392432899072327
"ENSG00000116514",0.138920490507378,0.00799200799200799,0.0313472428354935
"ENSG00000116521",-0.0363703879840205,0.035964035964036,0.0640509460900688
"ENSG00000116525",0.0114730259855702,0.59040959040959,0.640449720872142
"ENSG00000116539",0.0104137204737297,0.128871128871129,0.175260068662807
"ENSG00000116560",-0.0207710189999255,0.027972027972028,0.0538126832348059
"ENSG00000116574",-0.000742800566078581,0.981018981018981,0.983966459179278
"ENSG00000116580",-0.00560189389422331,0.478521478521479,0.536461859036486
"ENSG00000116584",0.0834059480433501,0.00599400599400599,0.0309698899552726
"ENSG00000116586",0.0145583343308815,0.128871128871129,0.175260068662807
"ENSG00000116604",0.0516166551370017,0.0619380619380619,0.0965087032764979
"ENSG00000116641",-0.0816811351105394,0.002997002997003,0.0309698899552726
"ENSG00000116649",-0.0116048083122153,0.525474525474525,0.581184690516551
"ENSG00000116663",0.0762957084128297,0.0709290709290709,0.107142480445648
"ENSG00000116667",-0.04722205200178,0.433566433566434,0.492821469649239
"ENSG00000116668",-0.0284681480208037,0.280719280719281,0.340123431362468
"ENSG00000116670",0.00683028528005155,0.500499500499501,0.557305938756879
"ENSG00000116675",-0.0744032916361979,0.0539460539460539,0.0868019381876659
"ENSG00000116678",-0.0114450812921613,0.450549450549451,0.509571174167447
"ENSG00000116679",0.043514513467514,0.017982017982018,0.0417277258366272
"ENSG00000116685",0.0822232208944389,0.00699300699300699,0.0311612747652792
"ENSG00000116688",0.0994677129567845,0.00799200799200799,0.0313472428354935
"ENSG00000116691",0.0465052099323284,0.022977022977023,0.0478078016166659
"ENSG00000116698",0.0387521807739231,0.015984015984016,0.0392432899072327
"ENSG00000116704",-0.0495824624074388,0.00899100899100899,0.031668800133044
"ENSG00000116711",-0.00715646278526576,0.809190809190809,0.83784398594427
"ENSG00000116717",0.0541677934823651,0.014985014985015,0.0380820279318905
"ENSG00000116729",0.214062285551293,0.015984015984016,0.0392432899072327
"ENSG00000116731",0.00630221617111111,0.424575424575425,0.484020816974716
"ENSG00000116741",0.186874815198287,0.00599400599400599,0.0309698899552726
"ENSG00000116747",-0.0104553227218432,0.177822177822178,0.229866293757872
"ENSG00000116750",-0.0496287636343308,0.026973026973027,0.0526151336084788
"ENSG00000116752",-0.032402425019191,0.107892107892108,0.151406743653357
"ENSG00000116754",-0.0503394003415537,0.003996003996004,0.0309698899552726
"ENSG00000116771",-0.0808585415883453,0.028971028971029,0.0550211482575579
"ENSG00000116786",0.0463173746343814,0.014985014985015,0.0380820279318905
"ENSG00000116791",-0.124614506749659,0.00699300699300699,0.0311612747652792
"ENSG00000116793",0.0899663145278875,0.010989010989011,0.0339239491564177
"ENSG00000116809",0.0395495618836202,0.02997002997003,0.0561377525217924
"ENSG00000116815",0.0893770783380064,0.012987012987013,0.0360623664690208
"ENSG00000116830",-0.043037713375314,0.00599400599400599,0.0309698899552726
"ENSG00000116852",0.0764442961369112,0.015984015984016,0.0392432899072327
"ENSG00000116857",-0.0262934882430173,0.041958041958042,0.0717489681633108
"ENSG00000116863",0.0520925620257591,0.014985014985015,0.0380820279318905
"ENSG00000116871",0.0690648936488869,0.025974025974026,0.0514006000585945
"ENSG00000116874",-0.0378336158880319,0.013986013986014,0.0370555370555371
"ENSG00000116898",-0.047824066765383,0.040959040959041,0.0705122123257061
"ENSG00000116903",0.0695981506680563,0.001998001998002,0.0309698899552726
"ENSG00000116906",-0.0194385326824734,0.017982017982018,0.0417277258366272
"ENSG00000116918",-0.00526680790451864,0.739260739260739,0.775391478830124
"ENSG00000116922",-0.0563276377097504,0.00899100899100899,0.031668800133044
"ENSG00000116954",0.0785796399160974,0.002997002997003,0.0309698899552726
"ENSG00000116957",-0.0417960572921658,0.051948051948052,0.084286713691331
"ENSG00000116962",-0.0339362081547211,0.4995004995005,0.556606119888457
"ENSG00000116977",0.00449939345765087,0.401598401598402,0.461327622864614
"ENSG00000116983",-0.116176684333611,0.016983016983017,0.0404964083535512
"ENSG00000116984",-0.0549839786708873,0.00799200799200799,0.0313472428354935
"ENSG00000116990",0.0239350587257834,0.464535464535465,0.523173761858046
"ENSG00000116991",0.238892245816188,0.003996003996004,0.0309698899552726
"ENSG00000117000",0.0372834778462306,0.010989010989011,0.0339239491564177
"ENSG00000117009",-0.046722304866867,0.198801198801199,0.25261078528154
"ENSG00000117010",-0.0268782942104236,0.223776223776224,0.279470295889292
"ENSG00000117016",-0.0717273089673614,0.003996003996004,0.0309698899552726
"ENSG00000117020",-0.108708837369336,0.002997002997003,0.0309698899552726
"ENSG00000117054",-0.07037118631621,0.012987012987013,0.0360623664690208
"ENSG00000117091",-0.0619668537019731,0.044955044955045,0.0755305089151028
"ENSG00000117115",0.256707625014417,0.004995004995005,0.0309698899552726
"ENSG00000117118",0.0497833353262107,0.003996003996004,0.0309698899552726
"ENSG00000117133",-0.0622971515342453,0.016983016983017,0.0404964083535512
"ENSG00000117139",0.0622693627545218,0.016983016983017,0.0404964083535512
"ENSG00000117143",-0.0412400216134477,0.020979020979021,0.0454117208439975
"ENSG00000117151",0.139163260303758,0.003996003996004,0.0309698899552726
"ENSG00000117153",0.0331507803594015,0.003996003996004,0.0309698899552726
"ENSG00000117155",-0.0493844628721529,0.027972027972028,0.0538126832348059
"ENSG00000117174",-0.0673256794384365,0.00899100899100899,0.031668800133044
"ENSG00000117222",0.0364078405216439,0.010989010989011,0.0339239491564177
"ENSG00000117226",-0.0362320064928909,0.0629370629370629,0.0977484650268315
"ENSG00000117228",0.0892947740277324,0.036963036963037,0.0654036775944903
"ENSG00000117242",-0.0244617734719577,0.0839160839160839,0.12274872158027
"ENSG00000117262",-0.0728495360273111,0.00599400599400599,0.0309698899552726
"ENSG00000117280",-0.0357933312811293,0.040959040959041,0.0705122123257061
"ENSG00000117289",0.0745439995022333,0.00899100899100899,0.031668800133044
"ENSG00000117298",0.152163896214559,0.004995004995005,0.0309698899552726
"ENSG00000117305",-0.000787790753556706,0.936063936063936,0.946300166858713
"ENSG00000117308",-0.00819509926309449,0.581418581418581,0.632123078658269
"ENSG00000117318",-0.077047024188008,0.0629370629370629,0.0977484650268315
"ENSG00000117335",0.124817309590708,0.003996003996004,0.0309698899552726
"ENSG00000117360",-0.00482145065470536,0.441558441558442,0.500627297231071
"ENSG00000117362",0.0294011613206811,0.010989010989011,0.0339239491564177
"ENSG00000117385",-0.0354323696251591,0.002997002997003,0.0309698899552726
"ENSG00000117394",0.0190938325276668,0.35964035964036,0.420320708174447
"ENSG00000117395",-0.0548935890340779,0.011988011988012,0.0350284289015142
"ENSG00000117408",-0.00856935958600306,0.534465534465534,0.589501357673164
"ENSG00000117410",0.132562939771384,0.004995004995005,0.0309698899552726
"ENSG00000117419",-0.049914086305664,0.00999000999000999,0.0329382551604774
"ENSG00000117448",-0.027595214265398,0.150849150849151,0.20038743173484
"ENSG00000117450",-0.0488613101587218,0.0589410589410589,0.0929842014116102
"ENSG00000117461",-0.0264552370896523,0.422577422577423,0.482063167018079
"ENSG00000117475",0.00801448131464714,0.597402597402597,0.646809406809407
"ENSG00000117479",-0.0295415463223959,0.112887112887113,0.157241228868489
"ENSG00000117480",0.0271291020104686,0.12987012987013,0.176359233986353
"ENSG00000117481",-0.0189924599662978,0.024975024975025,0.0503016340120413
"ENSG00000117500",-0.0118167393172031,0.377622377622378,0.437971987479804
"ENSG00000117505",0.0213538201036774,0.0649350649350649,0.100075610462889
"ENSG00000117523",0.0105194596598976,0.320679320679321,0.381690014452221
"ENSG00000117528",-0.049198312646183,0.013986013986014,0.0370555370555371
"ENSG00000117533",-0.0654333754365352,0.011988011988012,0.0350284289015142
"ENSG00000117543",-0.125545946944091,0.003996003996004,0.0309698899552726
"ENSG00000117569",-0.0415694143858466,0.016983016983017,0.0404964083535512
"ENSG00000117586",0.000783330675458272,0.942057942057942,0.951159568818982
"ENSG00000117592",0.0362318897250213,0.044955044955045,0.0755305089151028
"ENSG00000117593",-0.0283420284000139,0.040959040959041,0.0705122123257061
"ENSG00000117597",-0.0646144409361835,0.003996003996004,0.0309698899552726
"ENSG00000117614",0.0439249653438043,0.042957042957043,0.0729589799685899
"ENSG00000117616",0.0447828494371414,0.0579420579420579,0.0917937849126882
"ENSG00000117620",-0.0663108930030732,0.010989010989011,0.0339239491564177
"ENSG00000117625",0.00351419680089786,0.56043956043956,0.613085985560043
"ENSG00000117632",-0.0632709895663728,0.025974025974026,0.0514006000585945
"ENSG00000117640",-0.0153817494885577,0.041958041958042,0.0717489681633108
"ENSG00000117643",-0.0888598276555555,0.032967032967033,0.0601301870083172
"ENSG00000117676",0.135731599183657,0.003996003996004,0.0309698899552726
"ENSG00000117682",-0.00879602766364969,0.156843156843157,0.206795508386293
"ENSG00000117691",-0.0494684606254504,0.021978021978022,0.0464939039133723
"ENSG00000117697",0.00498721847999651,0.667332667332667,0.711687283344041
"ENSG00000117713",0.0354366662915198,0.104895104895105,0.147874412977052
"ENSG00000117724",-0.04385500879364,0.0639360639360639,0.0989420057151193
"ENSG00000117748",-0.0153858968890298,0.0909090909090909,0.131142174354274
"ENSG00000117751",-0.0268134865132381,0.01998001998002,0.044196554411905
"ENSG00000117758",0.0349743324628347,0.020979020979021,0.0454117208439975
"ENSG00000117859",0.0358553940332525,0.011988011988012,0.0350284289015142
"ENSG00000117862",0.0535015072524694,0.001998001998002,0.0309698899552726
"ENSG00000117868",-0.0591964481565346,0.002997002997003,0.0309698899552726
"ENSG00000117899",-0.0258896545602684,0.021978021978022,0.0464939039133723
"ENSG00000117906",-0.0824018297271663,0.026973026973027,0.0526151336084788
"ENSG00000117984",0.112285596290613,0.004995004995005,0.0309698899552726
"ENSG00000118007",0.0178832612804139,0.025974025974026,0.0514006000585945
"ENSG00000118046",0.0172782448341645,0.301698301698302,0.361712908001815
"ENSG00000118058",-0.06258688917402,0.00799200799200799,0.0313472428354935
"ENSG00000118096",-0.0473726881322576,0.034965034965035,0.0627459743481843
"ENSG00000118162",0.0570925872231975,0.016983016983017,0.0404964083535512
"ENSG00000118181",-0.119187838106943,0.00699300699300699,0.0311612747652792
"ENSG00000118193",-0.0510344322022912,0.164835164835165,0.215512294494018
"ENSG00000118197",0.0315752842887204,0.021978021978022,0.0464939039133723
"ENSG00000118200",-0.0860265153860017,0.012987012987013,0.0360623664690208
"ENSG00000118217",0.0820836329532181,0.003996003996004,0.0309698899552726
"ENSG00000118242",-0.0407126817533037,0.023976023976024,0.0489374755679103
"ENSG00000118246",-0.0735424735323177,0.00599400599400599,0.0309698899552726
"ENSG00000118260",0.0760150540750479,0.004995004995005,0.0309698899552726
"ENSG00000118263",0.122895728050025,0.00599400599400599,0.0309698899552726
"ENSG00000118363",0.00115746490319863,0.884115884115884,0.901672156763807
"ENSG00000118369",0.0153481674123148,0.305694305694306,0.365883295073615
"ENSG00000118412",-0.0654451149101502,0.020979020979021,0.0454117208439975
"ENSG00000118418",-0.0989161182071043,0.004995004995005,0.0309698899552726
"ENSG00000118420",-0.0905569706523637,0.00799200799200799,0.0313472428354935
"ENSG00000118454",-0.0784860805483246,0.00899100899100899,0.031668800133044
"ENSG00000118482",0.0166724332807743,0.125874125874126,0.171884472759373
"ENSG00000118495",0.0658949998952896,0.04995004995005,0.0818292939339832
"ENSG00000118496",0.0298436441071667,0.04995004995005,0.0818292939339832
"ENSG00000118503",0.0208997661738752,0.232767232767233,0.289076842347484
"ENSG00000118507",-0.0939774840745397,0.013986013986014,0.0370555370555371
"ENSG00000118508",0.083375300760814,0.010989010989011,0.0339239491564177
"ENSG00000118515",0.125568060582756,0.00899100899100899,0.031668800133044
"ENSG00000118518",0.0487292225417592,0.00599400599400599,0.0309698899552726
"ENSG00000118520",0.158884077162794,0.024975024975025,0.0503016340120413
"ENSG00000118564",0.127698232436724,0.001998001998002,0.0309698899552726
"ENSG00000118579",0.0186390861592164,0.033966033966034,0.0614579638969883
"ENSG00000118596",-0.067762561352246,0.013986013986014,0.0370555370555371
"ENSG00000118600",-0.0694781637547426,0.004995004995005,0.0309698899552726
"ENSG00000118620",-0.0194413455133037,0.168831168831169,0.219899532568873
"ENSG00000118640",-0.047730585802941,0.102897102897103,0.145570027382858
"ENSG00000118655",-0.0259857007143983,0.0849150849150849,0.123968597000667
"ENSG00000118680",0.0291795310323018,0.247752247752248,0.305634008775048
"ENSG00000118689",0.0821519401258627,0.00899100899100899,0.031668800133044
"ENSG00000118690",0.0619501600375434,0.010989010989011,0.0339239491564177
"ENSG00000118705",-0.0110775948570954,0.461538461538462,0.520481301564158
"ENSG00000118707",-0.0197790177176795,0.0919080919080919,0.132329154013592
"ENSG00000118762",-0.0325873881776515,0.027972027972028,0.0538126832348059
"ENSG00000118777",-0.0756627997822076,0.003996003996004,0.0309698899552726
"ENSG00000118816",0.0160085365800646,0.297702297702298,0.358029241847915
"ENSG00000118855",0.0335684830651773,0.0559440559440559,0.08933506036881
"ENSG00000118873",0.00142535311833326,0.782217782217782,0.813983315152248
"ENSG00000118894",-0.0243640077225026,0.1998001998002,0.253692424849319
"ENSG00000118900",0.197872446003307,0.00599400599400599,0.0309698899552726
"ENSG00000118922",-0.0816774234866329,0.014985014985015,0.0380820279318905
"ENSG00000118939",-0.0748793901095785,0.020979020979021,0.0454117208439975
"ENSG00000118960",0.0680680491857734,0.02997002997003,0.0561377525217924
"ENSG00000118961",-0.0624605072958488,0.00599400599400599,0.0309698899552726
"ENSG00000118965",-0.015168503655513,0.0809190809190809,0.119235595204207
"ENSG00000118976",-0.00910765959487682,0.493506493506494,0.550948540544453
"ENSG00000118985",0.0189049367284449,0.0709290709290709,0.107142480445648
"ENSG00000119004",-0.0545892555599174,0.003996003996004,0.0309698899552726
"ENSG00000119013",-0.00142041820541942,0.969030969030969,0.974545120151815
"ENSG00000119041",-0.0635356715154625,0.00699300699300699,0.0311612747652792
"ENSG00000119048",0.111423956972655,0.000999000999000999,0.0309698899552726
"ENSG00000119138",-0.0649759016039412,0.00599400599400599,0.0309698899552726
"ENSG00000119139",-0.00333808398325453,0.851148851148851,0.873834520169733
"ENSG00000119185",-0.0366508129631352,0.017982017982018,0.0417277258366272
"ENSG00000119203",-0.0295434995724964,0.025974025974026,0.0514006000585945
"ENSG00000119231",0.00227975645711046,0.545454545454545,0.599476243920688
"ENSG00000119242",-0.0417875608536962,0.022977022977023,0.0478078016166659
"ENSG00000119280",0.0278343641809874,0.166833166833167,0.217721902378217
"ENSG00000119285",-0.0651901828264723,0.00899100899100899,0.031668800133044
"ENSG00000119314",0.0842002305430091,0.001998001998002,0.0309698899552726
"ENSG00000119318",0.07121154308276,0.001998001998002,0.0309698899552726
"ENSG00000119321",0.0693565465361957,0.00799200799200799,0.0313472428354935
"ENSG00000119326",-0.00466263859369617,0.804195804195804,0.83303095800941
"ENSG00000119328",0.02506406626622,0.037962037962038,0.0665831541488284
"ENSG00000119333",0.00125385352689126,0.97002997002997,0.975141796722725
"ENSG00000119335",-0.0342456244921188,0.038961038961039,0.0678698023240711
"ENSG00000119383",0.00570620781157939,0.772227772227772,0.804911827114776
"ENSG00000119392",0.0313270782406161,0.035964035964036,0.0640509460900688
"ENSG00000119396",0.00338925611409543,0.693306693306693,0.734693575536535
"ENSG00000119397",-0.0554892441561008,0.001998001998002,0.0309698899552726
"ENSG00000119401",-0.0640746001824429,0.018981018981019,0.0430078970802953
"ENSG00000119402",0.0404242674796066,0.002997002997003,0.0309698899552726
"ENSG00000119403",-0.0547952708960578,0.003996003996004,0.0309698899552726
"ENSG00000119408",0.14030946473923,0.003996003996004,0.0309698899552726
"ENSG00000119414",0.0187438981950727,0.0599400599400599,0.0941400470935233
"ENSG00000119421",-0.0241801552741837,0.120879120879121,0.166539639427407
"ENSG00000119431",-0.0356646808571235,0.0549450549450549,0.0880322184148341
"ENSG00000119446",0.0134594185210787,0.118881118881119,0.164276565104437
"ENSG00000119457",0.0147055312718963,0.639360639360639,0.685934312072502
"ENSG00000119471",0.139392550693204,0.002997002997003,0.0309698899552726
"ENSG00000119487",-0.00538911674221585,0.337662337662338,0.398392496959157
"ENSG00000119509",-0.0480051770500165,0.00699300699300699,0.0311612747652792
"ENSG00000119514",-0.0860680005006744,0.00699300699300699,0.0311612747652792
"ENSG00000119522",0.0441449362194043,0.048951048951049,0.0806102639481647
"ENSG00000119523",-0.0371482066280166,0.00599400599400599,0.0309698899552726
"ENSG00000119537",-0.0613517710487682,0.003996003996004,0.0309698899552726
"ENSG00000119541",0.074433069813241,0.001998001998002,0.0309698899552726
"ENSG00000119559",0.0213256757664325,0.0579420579420579,0.0917937849126882
"ENSG00000119574",-0.0101065321190514,0.374625374625375,0.435041815851556
"ENSG00000119596",-0.0381258246897412,0.042957042957043,0.0729589799685899
"ENSG00000119599",-0.0279776517465836,0.155844155844156,0.205658840994297
"ENSG00000119616",-0.0238572438194036,0.131868131868132,0.178628404958432
"ENSG00000119632",-0.0563250140428355,0.0669330669330669,0.102576077327416
"ENSG00000119636",-0.0231760436184755,0.275724275724276,0.334983253705453
"ENSG00000119638",-0.0152234500495732,0.0549450549450549,0.0880322184148341
"ENSG00000119640",-0.0826674999369667,0.011988011988012,0.0350284289015142
"ENSG00000119650",-0.0393682743613265,0.017982017982018,0.0417277258366272
"ENSG00000119655",0.0519448520468504,0.024975024975025,0.0503016340120413
"ENSG00000119661",-0.063745860515326,0.00899100899100899,0.031668800133044
"ENSG00000119669",0.12698628254168,0.00599400599400599,0.0309698899552726
"ENSG00000119681",0.100823759159244,0.016983016983017,0.0404964083535512
"ENSG00000119682",0.115696904607138,0.004995004995005,0.0309698899552726
"ENSG00000119684",-0.073505291114585,0.00699300699300699,0.0311612747652792
"ENSG00000119685",-0.0123763388336272,0.304695304695305,0.364796590140284
"ENSG00000119688",-0.0356273351699421,0.010989010989011,0.0339239491564177
"ENSG00000119689",-0.000356318095676009,0.945054945054945,0.953304543366655
"ENSG00000119705",-0.105438754877952,0.010989010989011,0.0339239491564177
"ENSG00000119707",0.0060811674484256,0.442557442557443,0.501665284347797
"ENSG00000119711",-0.0393562505673691,0.03996003996004,0.0691988127146629
"ENSG00000119714",-0.0234153254146692,0.510489510489511,0.566854193575066
"ENSG00000119718",-0.0244250919897405,0.0719280719280719,0.108379083303858
"ENSG00000119720",0.0206022013636128,0.0569430569430569,0.0905693036450051
"ENSG00000119723",-0.0518913851272734,0.001998001998002,0.0309698899552726
"ENSG00000119725",0.00974438385354868,0.208791208791209,0.263355661970272
"ENSG00000119729",0.0724601513668666,0.001998001998002,0.0309698899552726
"ENSG00000119737",-0.00516005583268616,0.614385614385614,0.663046543973268
"ENSG00000119760",-0.0561801813945952,0.004995004995005,0.0309698899552726
"ENSG00000119772",0.0329672294648325,0.0939060939060939,0.134753843171754
"ENSG00000119777",-0.0236861937886171,0.137862137862138,0.185597308482936
"ENSG00000119778",-0.0105397124380935,0.0589410589410589,0.0929842014116102
"ENSG00000119787",-0.0324758918021806,0.016983016983017,0.0404964083535512
"ENSG00000119801",0.07127826388381,0.024975024975025,0.0503016340120413
"ENSG00000119812",-0.0355886392359843,0.037962037962038,0.0665831541488284
"ENSG00000119820",0.0454874242923969,0.00699300699300699,0.0311612747652792
"ENSG00000119844",0.0475285655646492,0.003996003996004,0.0309698899552726
"ENSG00000119862",0.108659877013324,0.010989010989011,0.0339239491564177
"ENSG00000119866",-0.0389300214845261,0.200799200799201,0.254772465709966
"ENSG00000119878",0.0184887836099606,0.193806193806194,0.2472834522946
"ENSG00000119899",0.00893504026101271,0.172827172827173,0.22439898044911
"ENSG00000119900",0.135465196604145,0.001998001998002,0.0309698899552726
"ENSG00000119906",-0.03468086191256,0.00799200799200799,0.0313472428354935
"ENSG00000119912",-0.0385263455157381,0.013986013986014,0.0370555370555371
"ENSG00000119917",0.197140531757723,0.00799200799200799,0.0313472428354935
"ENSG00000119922",0.207586730520894,0.003996003996004,0.0309698899552726
"ENSG00000119927",-0.0676237629853293,0.00699300699300699,0.0311612747652792
"ENSG00000119929",-0.00333777693887651,0.792207792207792,0.822882735242286
"ENSG00000119943",-0.0438233608907513,0.016983016983017,0.0404964083535512
"ENSG00000119950",0.0118752192926576,0.578421578421578,0.629434129796317
"ENSG00000119953",0.0283034907669644,0.175824175824176,0.227699886320576
"ENSG00000119965",-0.0817934447716595,0.00899100899100899,0.031668800133044
"ENSG00000119969",-0.0805088197884287,0.00599400599400599,0.0309698899552726
"ENSG00000119977",-0.0366894792542667,0.025974025974026,0.0514006000585945
"ENSG00000119979",0.0956022926910738,0.00599400599400599,0.0309698899552726
"ENSG00000120008",-0.0394032027973974,0.01998001998002,0.044196554411905
"ENSG00000120029",-0.0393879502891288,0.020979020979021,0.0454117208439975
"ENSG00000120051",0.210151870187193,0.003996003996004,0.0309698899552726
"ENSG00000120053",-0.040950153501612,0.03996003996004,0.0691988127146629
"ENSG00000120063",0.0790159729569286,0.002997002997003,0.0309698899552726
"ENSG00000120071",-0.0593449595919642,0.0949050949050949,0.136008756328337
"ENSG00000120129",0.199536226854452,0.00699300699300699,0.0311612747652792
"ENSG00000120137",-0.0396911524482709,0.011988011988012,0.0350284289015142
"ENSG00000120158",-0.0370144059851891,0.028971028971029,0.0550211482575579
"ENSG00000120159",-0.0589825559838826,0.013986013986014,0.0370555370555371
"ENSG00000120162",0.00313656920904214,0.832167832167832,0.8576445422342
"ENSG00000120217",0.113626675906611,0.020979020979021,0.0454117208439975
"ENSG00000120253",-0.0541773233947163,0.002997002997003,0.0309698899552726
"ENSG00000120254",-0.0298469332739038,0.190809190809191,0.244159375547791
"ENSG00000120262",0.0883195282557633,0.012987012987013,0.0360623664690208
"ENSG00000120265",-0.00670169836811125,0.745254745254745,0.780792566338726
"ENSG00000120278",-0.0663249039816652,0.183816183816184,0.236394103488807
"ENSG00000120280",0.0537148702809572,0.0579420579420579,0.0917937849126882
"ENSG00000120306",0.212236143043831,0.004995004995005,0.0309698899552726
"ENSG00000120314",0.014119701786533,0.15984015984016,0.210101612267203
"ENSG00000120318",0.145573202831352,0.023976023976024,0.0489374755679103
"ENSG00000120333",-0.0565596329372206,0.014985014985015,0.0380820279318905
"ENSG00000120334",-0.0557359856935078,0.033966033966034,0.0614579638969883
"ENSG00000120370",-0.0604996007972461,0.028971028971029,0.0550211482575579
"ENSG00000120437",-0.0631337296905296,0.00599400599400599,0.0309698899552726
"ENSG00000120438",-0.0167248365454983,0.022977022977023,0.0478078016166659
"ENSG00000120451",0.024859568074749,0.016983016983017,0.0404964083535512
"ENSG00000120458",-0.0576322251611366,0.011988011988012,0.0350284289015142
"ENSG00000120509",0.0289505778611355,0.035964035964036,0.0640509460900688
"ENSG00000120519",-0.0608080247505306,0.00999000999000999,0.0329382551604774
"ENSG00000120526",-0.0851503133390375,0.023976023976024,0.0489374755679103
"ENSG00000120533",-0.0355758441818511,0.0909090909090909,0.131142174354274
"ENSG00000120539",0.0015574483976547,0.957042957042957,0.964021645942692
"ENSG00000120594",0.131515353529538,0.002997002997003,0.0309698899552726
"ENSG00000120616",-0.000314751267592522,0.969030969030969,0.974545120151815
"ENSG00000120647",-0.0124180199889838,0.323676323676324,0.384647686931876
"ENSG00000120656",0.0632502731212061,0.001998001998002,0.0309698899552726
"ENSG00000120662",-0.0612822337677241,0.00799200799200799,0.0313472428354935
"ENSG00000120675",-0.0841195917489486,0.015984015984016,0.0392432899072327
"ENSG00000120685",-0.0441172371287156,0.00899100899100899,0.031668800133044
"ENSG00000120686",-0.0658147694170111,0.020979020979021,0.0454117208439975
"ENSG00000120688",0.00238655135560997,0.867132867132867,0.887817583677185
"ENSG00000120690",0.0442477082932815,0.004995004995005,0.0309698899552726
"ENSG00000120694",-0.0701625790013061,0.004995004995005,0.0309698899552726
"ENSG00000120696",0.134483086820812,0.00699300699300699,0.0311612747652792
"ENSG00000120697",-0.0617358843331624,0.017982017982018,0.0417277258366272
"ENSG00000120699",-0.0934406855129592,0.003996003996004,0.0309698899552726
"ENSG00000120705",0.0290357911501248,0.027972027972028,0.0538126832348059
"ENSG00000120708",0.0177051440611144,0.623376623376623,0.671603788412394
"ENSG00000120709",0.177950026446286,0.003996003996004,0.0309698899552726
"ENSG00000120725",-0.0103041752563224,0.554445554445554,0.607579709430717
"ENSG00000120727",0.0438497058661464,0.0909090909090909,0.131142174354274
"ENSG00000120733",0.0835717209397248,0.003996003996004,0.0309698899552726
"ENSG00000120742",0.00244357627552542,0.874125874125874,0.893607073430143
"ENSG00000120784",-0.0932138328628212,0.011988011988012,0.0350284289015142
"ENSG00000120798",-0.0753486233369194,0.013986013986014,0.0370555370555371
"ENSG00000120800",-0.0610993199649305,0.013986013986014,0.0370555370555371
"ENSG00000120802",-0.0624945471337476,0.00699300699300699,0.0311612747652792
"ENSG00000120805",-0.0682403141814707,0.011988011988012,0.0350284289015142
"ENSG00000120832",-0.039189893591905,0.022977022977023,0.0478078016166659
"ENSG00000120833",-0.0905744860077265,0.00599400599400599,0.0309698899552726
"ENSG00000120837",-0.074787384740469,0.034965034965035,0.0627459743481843
"ENSG00000120860",-0.0490933405385562,0.013986013986014,0.0370555370555371
"ENSG00000120868",0.138034272924696,0.002997002997003,0.0309698899552726
"ENSG00000120885",0.0546513414484069,0.0909090909090909,0.131142174354274
"ENSG00000120889",0.0420601060547829,0.032967032967033,0.0601301870083172
"ENSG00000120896",-0.0758232185233862,0.010989010989011,0.0339239491564177
"ENSG00000120899",0.0710666324010392,0.00999000999000999,0.0329382551604774
"ENSG00000120910",-0.0814471581347253,0.003996003996004,0.0309698899552726
"ENSG00000120913",0.0801056956412929,0.010989010989011,0.0339239491564177
"ENSG00000120915",-0.0918839724393214,0.050949050949051,0.0830019919080513
"ENSG00000120925",-0.0533252918035806,0.00999000999000999,0.0329382551604774
"ENSG00000120942",-0.0459412672613888,0.034965034965035,0.0627459743481843
"ENSG00000120948",-0.0182859319499133,0.0879120879120879,0.127615348777325
"ENSG00000120949",0.0621113961977637,0.025974025974026,0.0514006000585945
"ENSG00000120963",-0.0619974745184947,0.00599400599400599,0.0309698899552726
"ENSG00000120992",0.0191181715232042,0.157842157842158,0.20804420409597
"ENSG00000121022",-0.0216293838356706,0.0649350649350649,0.100075610462889
"ENSG00000121039",-0.0119624839647843,0.505494505494505,0.562034690261168
"ENSG00000121057",-0.055309132677057,0.012987012987013,0.0360623664690208
"ENSG00000121058",-0.0346203695688836,0.0559440559440559,0.08933506036881
"ENSG00000121060",0.185357591523284,0.003996003996004,0.0309698899552726
"ENSG00000121064",0.0418523329168197,0.151848151848152,0.201580811765281
"ENSG00000121067",0.0395116992726704,0.003996003996004,0.0309698899552726
"ENSG00000121073",0.0095488852538832,0.256743256743257,0.315011787599843
"ENSG00000121089",-0.0570777700883546,0.015984015984016,0.0392432899072327
"ENSG00000121104",0.0371510464980147,0.11988011988012,0.165390802516276
"ENSG00000121210",0.0107460192882796,0.213786213786214,0.268725312967547
"ENSG00000121274",-0.00370373835119404,0.503496503496504,0.560124130243542
"ENSG00000121281",0.0155257004965923,0.387612387612388,0.447657666185439
"ENSG00000121289",-0.0239819761219644,0.13986013986014,0.18792924427987
"ENSG00000121297",0.1587454570852,0.003996003996004,0.0309698899552726
"ENSG00000121310",-0.0750248361999653,0.004995004995005,0.0309698899552726
"ENSG00000121316",0.152033277932278,0.003996003996004,0.0309698899552726
"ENSG00000121350",-0.0534795153193496,0.025974025974026,0.0514006000585945
"ENSG00000121390",0.00521934840117357,0.124875124875125,0.170791993939826
"ENSG00000121406",-0.052109181380749,0.012987012987013,0.0360623664690208
"ENSG00000121413",0.00421785487910713,0.812187812187812,0.84058500920368
"ENSG00000121417",-0.0214901993463931,0.004995004995005,0.0309698899552726
"ENSG00000121481",-0.0209799414193188,0.170829170829171,0.222164806300722
"ENSG00000121486",-0.00731715924455415,0.463536463536464,0.522244419122642
"ENSG00000121542",-0.0557541584588191,0.00599400599400599,0.0309698899552726
"ENSG00000121552",-0.00170133909750252,0.975024975024975,0.979098441665286
"ENSG00000121578",-0.0281947209077422,0.034965034965035,0.0627459743481843
"ENSG00000121579",0.0370002182785985,0.00799200799200799,0.0313472428354935
"ENSG00000121621",-0.0373768409537831,0.184815184815185,0.23747555769367
"ENSG00000121644",-0.0249376623279305,0.020979020979021,0.0454117208439975
"ENSG00000121671",-0.0151213330584063,0.298701298701299,0.35901512229145
"ENSG00000121680",0.0190789045291843,0.013986013986014,0.0370555370555371
"ENSG00000121691",0.0578508366517878,0.015984015984016,0.0392432899072327
"ENSG00000121716",0.0125522633433218,0.686313686313686,0.728439272464707
"ENSG00000121741",-0.00811556547405813,0.356643356643357,0.417305019972725
"ENSG00000121749",-0.0123784983016978,0.464535464535465,0.523173761858046
"ENSG00000121766",-0.0511099516701334,0.017982017982018,0.0417277258366272
"ENSG00000121774",-0.00958211337554322,0.27972027972028,0.339118160161235
"ENSG00000121775",0.00834352536062107,0.53046953046953,0.585685146273111
"ENSG00000121797",0.0224257442379301,0.312687312687313,0.373360767399516
"ENSG00000121848",-0.0384339238698484,0.00799200799200799,0.0313472428354935
"ENSG00000121851",-0.0641593774105448,0.00599400599400599,0.0309698899552726
"ENSG00000121858",0.114472029927424,0.00999000999000999,0.0329382551604774
"ENSG00000121864",-0.0795958295742781,0.00799200799200799,0.0313472428354935
"ENSG00000121879",0.026284108141292,0.0779220779220779,0.115641829151338
"ENSG00000121892",-0.0568504807823557,0.003996003996004,0.0309698899552726
"ENSG00000121897",-0.0365026054235705,0.018981018981019,0.0430078970802953
"ENSG00000121903",-0.0614939664592369,0.003996003996004,0.0309698899552726
"ENSG00000121931",0.0461199143794572,0.00699300699300699,0.0311612747652792
"ENSG00000121933",-0.00548727567525521,0.683316683316683,0.725642829380569
"ENSG00000121940",-0.0588857291699643,0.000999000999000999,0.0309698899552726
"ENSG00000121957",0.102985883512695,0.00599400599400599,0.0309698899552726
"ENSG00000121964",0.0507632924541926,0.00699300699300699,0.0311612747652792
"ENSG00000121966",0.0726798507557905,0.003996003996004,0.0309698899552726
"ENSG00000121988",-0.0819210583838601,0.004995004995005,0.0309698899552726
"ENSG00000121989",-0.0800970222898129,0.00799200799200799,0.0313472428354935
"ENSG00000122008",-0.0388230376455835,0.0799200799200799,0.118024025618029
"ENSG00000122025",0.00607613480415027,0.831168831168831,0.856761901791493
"ENSG00000122026",-0.117450597799382,0.002997002997003,0.0309698899552726
"ENSG00000122033",-0.0406826849152005,0.032967032967033,0.0601301870083172
"ENSG00000122034",-0.0673460239762422,0.012987012987013,0.0360623664690208
"ENSG00000122042",0.0238811226917327,0.0769230769230769,0.114541139692918
"ENSG00000122068",-0.0395328791897301,0.013986013986014,0.0370555370555371
"ENSG00000122085",-0.0664133144881441,0.00599400599400599,0.0309698899552726
"ENSG00000122122",0.0710253310582699,0.004995004995005,0.0309698899552726
"ENSG00000122126",-0.0353683724857222,0.0729270729270729,0.10954100267936
"ENSG00000122140",-0.0325358440365667,0.018981018981019,0.0430078970802953
"ENSG00000122188",-0.0590532744735926,0.00999000999000999,0.0329382551604774
"ENSG00000122203",-0.0261674101071341,0.034965034965035,0.0627459743481843
"ENSG00000122218",0.0357930886074726,0.0889110889110889,0.128801044664111
"ENSG00000122257",-0.00891107728242988,0.144855144855145,0.193580466014581
"ENSG00000122299",0.00358859117697623,0.614385614385614,0.663046543973268
"ENSG00000122335",0.0279684701336226,0.027972027972028,0.0538126832348059
"ENSG00000122359",0.110896081610579,0.00599400599400599,0.0309698899552726
"ENSG00000122376",-0.0880188904974758,0.021978021978022,0.0464939039133723
"ENSG00000122378",-0.0823533199101443,0.013986013986014,0.0370555370555371
"ENSG00000122390",0.0236073800637666,0.152847152847153,0.20252669050905
"ENSG00000122406",-0.118104359319368,0.00899100899100899,0.031668800133044
"ENSG00000122417",-0.0773610550986048,0.00599400599400599,0.0309698899552726
"ENSG00000122435",-0.0852039577177232,0.01998001998002,0.044196554411905
"ENSG00000122481",-0.0648796465826114,0.012987012987013,0.0360623664690208
"ENSG00000122482",-0.0618410263210032,0.022977022977023,0.0478078016166659
"ENSG00000122483",-0.0619069276447372,0.0729270729270729,0.10954100267936
"ENSG00000122484",-0.072569506953657,0.01998001998002,0.044196554411905
"ENSG00000122490",0.0714480959931502,0.014985014985015,0.0380820279318905
"ENSG00000122497",0.0254834382516636,0.193806193806194,0.2472834522946
"ENSG00000122507",-0.0696989212250863,0.002997002997003,0.0309698899552726
"ENSG00000122512",-0.0340120403575265,0.011988011988012,0.0350284289015142
"ENSG00000122515",-0.0297998169813619,0.125874125874126,0.171884472759373
"ENSG00000122545",0.00818943047619067,0.397602397602398,0.457393090302059
"ENSG00000122547",0.132493856312007,0.011988011988012,0.0350284289015142
"ENSG00000122550",-0.0262266420293205,0.014985014985015,0.0380820279318905
"ENSG00000122557",0.0403107379651508,0.003996003996004,0.0309698899552726
"ENSG00000122565",-0.0413842343314418,0.0719280719280719,0.108379083303858
"ENSG00000122566",-0.00194209060176431,0.771228771228771,0.804010008034991
"ENSG00000122591",-0.063766539680555,0.00799200799200799,0.0313472428354935
"ENSG00000122643",0.0499311267016049,0.04995004995005,0.0818292939339832
"ENSG00000122644",-0.0444349611389264,0.046953046953047,0.078144539299504
"ENSG00000122674",-0.00487057492516638,0.606393606393606,0.655716966136257
"ENSG00000122678",0.00440671736520554,0.661338661338661,0.706172192978057
"ENSG00000122687",-0.0238148302430984,0.118881118881119,0.164276565104437
"ENSG00000122692",0.00227425372023071,0.693306693306693,0.734693575536535
"ENSG00000122694",0.132096131933911,0.001998001998002,0.0309698899552726
"ENSG00000122696",-0.0148314955671792,0.0769230769230769,0.114541139692918
"ENSG00000122705",0.00831284874996871,0.465534465534466,0.52420061901932
"ENSG00000122707",-0.0620079449905038,0.00799200799200799,0.0313472428354935
"ENSG00000122729",-0.0368788696589311,0.010989010989011,0.0339239491564177
"ENSG00000122741",-0.00298045531222994,0.470529470529471,0.529032012051939
"ENSG00000122779",0.0286253522632751,0.00699300699300699,0.0311612747652792
"ENSG00000122783",-0.0207025056020752,0.003996003996004,0.0309698899552726
"ENSG00000122862",0.144602189520232,0.012987012987013,0.0360623664690208
"ENSG00000122873",-0.0517889240205741,0.0599400599400599,0.0941400470935233
"ENSG00000122882",-0.00785677670411109,0.16983016983017,0.221009093775742
"ENSG00000122884",-0.00631284321550485,0.609390609390609,0.65848375684736
"ENSG00000122912",-0.0215832056601643,0.012987012987013,0.0360623664690208
"ENSG00000122958",-0.0110944702515419,0.431568431568432,0.490968327393924
"ENSG00000122965",-0.0569631805417655,0.004995004995005,0.0309698899552726
"ENSG00000122966",0.00999696729320062,0.683316683316683,0.725642829380569
"ENSG00000122971",-0.0206428731220596,0.235764235764236,0.292436225143419
"ENSG00000122986",0.0677208307190075,0.003996003996004,0.0309698899552726
"ENSG00000123009",-0.0764597180459588,0.016983016983017,0.0404964083535512
"ENSG00000123064",-0.0263772584047424,0.16983016983017,0.221009093775742
"ENSG00000123066",0.0900726062103357,0.004995004995005,0.0309698899552726
"ENSG00000123080",-0.0287517172519403,0.204795204795205,0.25926775215725
"ENSG00000123091",0.0175147031295302,0.248751248751249,0.306677524363203
"ENSG00000123104",0.0308397590925761,0.00899100899100899,0.031668800133044
"ENSG00000123106",-0.106375737861196,0.00799200799200799,0.0313472428354935
"ENSG00000123124",-0.0719303806438217,0.002997002997003,0.0309698899552726
"ENSG00000123130",0.0528781854245181,0.00899100899100899,0.031668800133044
"ENSG00000123131",-0.0771609275488455,0.028971028971029,0.0550211482575579
"ENSG00000123136",-0.0289598596638944,0.04995004995005,0.0818292939339832
"ENSG00000123143",0.00338626820098826,0.86013986013986,0.881709385803552
"ENSG00000123144",0.0165723571723746,0.0559440559440559,0.08933506036881
"ENSG00000123146",0.170056444592385,0.003996003996004,0.0309698899552726
"ENSG00000123154",0.0127524858746243,0.0909090909090909,0.131142174354274
"ENSG00000123159",-0.0421039257335338,0.028971028971029,0.0550211482575579
"ENSG00000123178",-0.0561471144364804,0.034965034965035,0.0627459743481843
"ENSG00000123179",-0.00352698453803867,0.829170829170829,0.855142454730544
"ENSG00000123191",0.121287770637963,0.001998001998002,0.0309698899552726
"ENSG00000123200",-0.0124954099052752,0.0649350649350649,0.100075610462889
"ENSG00000123213",-0.0169138705469666,0.516483516483517,0.572663428461934
"ENSG00000123219",-0.154493341801562,0.00999000999000999,0.0329382551604774
"ENSG00000123240",-0.0264736973604247,0.0789210789210789,0.116778321407723
"ENSG00000123268",-0.0164196839510611,0.121878121878122,0.167493569894942
"ENSG00000123297",-0.0441098917005102,0.002997002997003,0.0309698899552726
"ENSG00000123329",0.139623510799197,0.00799200799200799,0.0313472428354935
"ENSG00000123338",0.0179292265089395,0.360639360639361,0.421037870231575
"ENSG00000123349",-0.100065169824384,0.0529470529470529,0.0856186332504955
"ENSG00000123352",-0.0579250262710103,0.026973026973027,0.0526151336084788
"ENSG00000123353",0.014196225646047,0.0719280719280719,0.108379083303858
"ENSG00000123360",0.0725879992607613,0.013986013986014,0.0370555370555371
"ENSG00000123374",-0.0351120176173597,0.030969030969031,0.0574804346232918
"ENSG00000123384",0.00427846952591514,0.922077922077922,0.934046903871584
"ENSG00000123395",-0.0230420616297651,0.148851148851149,0.198281213355476
"ENSG00000123415",0.0125573859850726,0.230769230769231,0.286802959191791
"ENSG00000123416",0.0438518996995898,0.003996003996004,0.0309698899552726
"ENSG00000123444",0.037754316801892,0.002997002997003,0.0309698899552726
"ENSG00000123472",-0.039139139878513,0.018981018981019,0.0430078970802953
"ENSG00000123473",0.0209321348138706,0.268731268731269,0.327912720846014
"ENSG00000123505",0.0856720881704256,0.00799200799200799,0.0313472428354935
"ENSG00000123545",-0.101112927486398,0.023976023976024,0.0489374755679103
"ENSG00000123552",-0.106178625323018,0.004995004995005,0.0309698899552726
"ENSG00000123562",-0.0290061466747414,0.048951048951049,0.0806102639481647
"ENSG00000123575",0.00498801247170797,0.282717282717283,0.342302670128582
"ENSG00000123595",0.0120762453674305,0.240759240759241,0.297986051024156
"ENSG00000123600",-0.0657353027926057,0.00699300699300699,0.0311612747652792
"ENSG00000123607",-0.0510471812769225,0.002997002997003,0.0309698899552726
"ENSG00000123609",0.0877693531300342,0.020979020979021,0.0454117208439975
"ENSG00000123612",-0.13839550049615,0.00799200799200799,0.0313472428354935
"ENSG00000123636",0.138974986024109,0.00899100899100899,0.031668800133044
"ENSG00000123643",0.106127151911861,0.00799200799200799,0.0313472428354935
"ENSG00000123684",0.116512198311433,0.002997002997003,0.0309698899552726
"ENSG00000123700",0.230186905505257,0.002997002997003,0.0309698899552726
"ENSG00000123728",0.0345242725667347,0.0999000999000999,0.142133230803765
"ENSG00000123737",-0.0600667380971793,0.00799200799200799,0.0313472428354935
"ENSG00000123739",-0.045493407487211,0.00699300699300699,0.0311612747652792
"ENSG00000123810",0.149575994417963,0.004995004995005,0.0309698899552726
"ENSG00000123815",0.0516354131709166,0.00699300699300699,0.0311612747652792
"ENSG00000123836",0.133126995865446,0.002997002997003,0.0309698899552726
"ENSG00000123870",-0.0166289585220225,0.371628371628372,0.432062471725817
"ENSG00000123908",0.0774846025133103,0.010989010989011,0.0339239491564177
"ENSG00000123933",0.00504291092257333,0.637362637362637,0.684096112871678
"ENSG00000123983",0.0459629139761448,0.002997002997003,0.0309698899552726
"ENSG00000123992",-0.0363755768768283,0.040959040959041,0.0705122123257061
"ENSG00000124067",0.0468729096194988,0.0589410589410589,0.0929842014116102
"ENSG00000124074",0.0585038112965027,0.023976023976024,0.0489374755679103
"ENSG00000124098",0.0357474646859379,0.200799200799201,0.254772465709966
"ENSG00000124102",0.241678981322929,0.001998001998002,0.0309698899552726
"ENSG00000124104",0.0224729047471267,0.287712287712288,0.347719858580679
"ENSG00000124107",0.161582524815801,0.012987012987013,0.0360623664690208
"ENSG00000124120",0.0343856872896977,0.00699300699300699,0.0311612747652792
"ENSG00000124126",0.180744258765559,0.003996003996004,0.0309698899552726
"ENSG00000124151",0.0153206938640011,0.211788211788212,0.266576322713734
"ENSG00000124155",0.0124464453520339,0.372627372627373,0.433098236386438
"ENSG00000124160",-0.0189517888809221,0.0799200799200799,0.118024025618029
"ENSG00000124164",-0.0121765938259136,0.15984015984016,0.210101612267203
"ENSG00000124171",-0.0479777079909046,0.0579420579420579,0.0917937849126882
"ENSG00000124172",-0.0190095494318625,0.456543456543457,0.515525628181834
"ENSG00000124177",-0.053234631996058,0.00999000999000999,0.0329382551604774
"ENSG00000124181",-0.0709469745223221,0.017982017982018,0.0417277258366272
"ENSG00000124193",-0.0432885042869802,0.00999000999000999,0.0329382551604774
"ENSG00000124198",-0.0481499950615596,0.00899100899100899,0.031668800133044
"ENSG00000124201",0.128764915093433,0.004995004995005,0.0309698899552726
"ENSG00000124203",-0.0585108601372558,0.016983016983017,0.0404964083535512
"ENSG00000124207",-0.0540198164088253,0.00799200799200799,0.0313472428354935
"ENSG00000124209",0.0313299130446757,0.00599400599400599,0.0309698899552726
"ENSG00000124214",0.0451734919366058,0.00899100899100899,0.031668800133044
"ENSG00000124215",0.0778271922460364,0.012987012987013,0.0360623664690208
"ENSG00000124217",-0.0299408533221425,0.015984015984016,0.0392432899072327
"ENSG00000124222",0.0287821574060537,0.01998001998002,0.044196554411905
"ENSG00000124224",0.112078832943855,0.00599400599400599,0.0309698899552726
"ENSG00000124225",-0.0293754809068456,0.453546453546454,0.512574880451503
"ENSG00000124226",0.0401656240030582,0.004995004995005,0.0309698899552726
"ENSG00000124228",-0.0193329563618292,0.140859140859141,0.189123578912429
"ENSG00000124243",-0.02915271100107,0.12987012987013,0.176359233986353
"ENSG00000124275",-0.0566277572482115,0.011988011988012,0.0350284289015142
"ENSG00000124279",-0.0464478520954765,0.035964035964036,0.0640509460900688
"ENSG00000124299",-0.0229294322680652,0.228771228771229,0.284791032460392
"ENSG00000124313",-0.00732236059800842,0.783216783216783,0.814740699445971
"ENSG00000124356",0.0254600686743543,0.018981018981019,0.0430078970802953
"ENSG00000124357",0.0777566094832191,0.00999000999000999,0.0329382551604774
"ENSG00000124370",-0.0684006690819373,0.00899100899100899,0.031668800133044
"ENSG00000124374",-0.0812155003367939,0.026973026973027,0.0526151336084788
"ENSG00000124380",-0.0520197510916494,0.028971028971029,0.0550211482575579
"ENSG00000124383",-0.0582146029017163,0.010989010989011,0.0339239491564177
"ENSG00000124406",-0.0171052840076206,0.200799200799201,0.254772465709966
"ENSG00000124422",0.0337645421301489,0.100899100899101,0.143283161361857
"ENSG00000124444",-0.030911529012247,0.003996003996004,0.0309698899552726
"ENSG00000124459",-0.0487326300195313,0.003996003996004,0.0309698899552726
"ENSG00000124486",0.0596960583082431,0.00899100899100899,0.031668800133044
"ENSG00000124491",0.0316478101468932,0.410589410589411,0.470307237558477
"ENSG00000124496",0.0241383347724153,0.193806193806194,0.2472834522946
"ENSG00000124508",-0.00780514539338557,0.382617382617383,0.442739813623696
"ENSG00000124523",-0.0494484917706993,0.00699300699300699,0.0311612747652792
"ENSG00000124529",-0.078199034357746,0.00699300699300699,0.0311612747652792
"ENSG00000124532",-0.0668732709036295,0.00699300699300699,0.0311612747652792
"ENSG00000124535",-0.0264139337276998,0.00799200799200799,0.0313472428354935
"ENSG00000124541",-0.00246579915641756,0.606393606393606,0.655716966136257
"ENSG00000124549",-0.0150591925271785,0.395604395604396,0.455530672259617
"ENSG00000124562",-0.0357135276106951,0.0809190809190809,0.119235595204207
"ENSG00000124570",-0.0109871122224167,0.526473526473527,0.582075330373399
"ENSG00000124571",-0.0411055894144011,0.00799200799200799,0.0313472428354935
"ENSG00000124574",-0.0327581718811811,0.0859140859140859,0.125168564009636
"ENSG00000124575",-0.103189804467699,0.001998001998002,0.0309698899552726
"ENSG00000124587",-0.0214648151138328,0.102897102897103,0.145570027382858
"ENSG00000124588",0.189698158184427,0.00799200799200799,0.0313472428354935
"ENSG00000124596",-0.0354086912063078,0.020979020979021,0.0454117208439975
"ENSG00000124602",-0.0162112137539792,0.154845154845155,0.204565139158961
"ENSG00000124608",-0.0510494651187435,0.010989010989011,0.0339239491564177
"ENSG00000124614",-0.0582358453128571,0.011988011988012,0.0350284289015142
"ENSG00000124635",-0.0272639412002692,0.048951048951049,0.0806102639481647
"ENSG00000124641",0.0114796961063691,0.251748251748252,0.309610160613026
"ENSG00000124659",0.0277412388744186,0.051948051948052,0.084286713691331
"ENSG00000124688",0.0201474787810859,0.021978021978022,0.0464939039133723
"ENSG00000124693",0.0126950650208657,0.602397602397602,0.651923852824348
"ENSG00000124702",0.00784190627708722,0.378621378621379,0.438876517001517
"ENSG00000124733",-0.00783107123751545,0.320679320679321,0.381690014452221
"ENSG00000124762",0.0121300787787852,0.564435564435564,0.616783652790199
"ENSG00000124766",-0.000692111804794353,0.974025974025974,0.978340506129892
"ENSG00000124767",-0.0596889746820893,0.015984015984016,0.0392432899072327
"ENSG00000124782",-0.00308698362944004,0.76023976023976,0.793655441153704
"ENSG00000124783",0.00298089083619039,0.729270729270729,0.766183724484275
"ENSG00000124784",-0.0395556069152501,0.013986013986014,0.0370555370555371
"ENSG00000124786",-0.013278935542995,0.333666333666334,0.394529909287879
"ENSG00000124787",-0.0712653586387206,0.00899100899100899,0.031668800133044
"ENSG00000124788",0.092586705847178,0.002997002997003,0.0309698899552726
"ENSG00000124789",0.051950187936279,0.003996003996004,0.0309698899552726
"ENSG00000124795",-0.0385462955099223,0.142857142857143,0.191421244604431
"ENSG00000124802",-0.0995647618697349,0.035964035964036,0.0640509460900688
"ENSG00000124813",0.0515761029305203,0.026973026973027,0.0526151336084788
"ENSG00000124831",0.092422230475893,0.003996003996004,0.0309698899552726
"ENSG00000124942",-0.0287238418842041,0.161838161838162,0.212240400367856
"ENSG00000125037",0.0280468290910425,0.0589410589410589,0.0929842014116102
"ENSG00000125089",-0.00219052711439371,0.922077922077922,0.934046903871584
"ENSG00000125107",0.0211738523071016,0.15984015984016,0.210101612267203
"ENSG00000125124",-0.0682624145746385,0.00599400599400599,0.0309698899552726
"ENSG00000125148",0.0520775107385041,0.0549450549450549,0.0880322184148341
"ENSG00000125149",0.0127867142191606,0.275724275724276,0.334983253705453
"ENSG00000125166",-0.0399935095865692,0.026973026973027,0.0526151336084788
"ENSG00000125170",0.201938946700172,0.002997002997003,0.0309698899552726
"ENSG00000125246",-0.0570754561643715,0.04995004995005,0.0818292939339832
"ENSG00000125247",-0.037908242816845,0.0599400599400599,0.0941400470935233
"ENSG00000125249",-0.059040141243868,0.042957042957043,0.0729589799685899
"ENSG00000125257",-0.0299925568066303,0.0709290709290709,0.107142480445648
"ENSG00000125304",0.0624264931534367,0.012987012987013,0.0360623664690208
"ENSG00000125347",0.133609679482308,0.003996003996004,0.0309698899552726
"ENSG00000125351",-0.0410906728716516,0.018981018981019,0.0430078970802953
"ENSG00000125352",-0.0231825661183121,0.014985014985015,0.0380820279318905
"ENSG00000125354",-0.0529023220774038,0.011988011988012,0.0350284289015142
"ENSG00000125356",-0.0309559981651316,0.230769230769231,0.286802959191791
"ENSG00000125375",-0.0584633255408329,0.003996003996004,0.0309698899552726
"ENSG00000125386",0.0238779476625613,0.113886113886114,0.158449098944584
"ENSG00000125430",-0.0450391538077565,0.040959040959041,0.0705122123257061
"ENSG00000125445",-0.0404740474978735,0.028971028971029,0.0550211482575579
"ENSG00000125447",0.0291321379170526,0.130869130869131,0.17743515509761
"ENSG00000125449",0.0785028126678274,0.003996003996004,0.0309698899552726
"ENSG00000125450",-0.019309528359376,0.0689310689310689,0.104835938548923
"ENSG00000125454",-0.0277973495166201,0.0689310689310689,0.104835938548923
"ENSG00000125457",-0.0107910981552564,0.327672327672328,0.388321273441084
"ENSG00000125458",-0.0201164774732424,0.152847152847153,0.20252669050905
"ENSG00000125459",-0.0713702891202486,0.013986013986014,0.0370555370555371
"ENSG00000125482",0.0137019532811934,0.043956043956044,0.0742673606444167
"ENSG00000125484",-0.0344922185720779,0.040959040959041,0.0705122123257061
"ENSG00000125485",-0.0619050722529559,0.014985014985015,0.0380820279318905
"ENSG00000125503",0.0302481890218718,0.03996003996004,0.0691988127146629
"ENSG00000125505",0.211284802543702,0.00699300699300699,0.0311612747652792
"ENSG00000125510",0.105402763183121,0.016983016983017,0.0404964083535512
"ENSG00000125520",-0.052774597953059,0.012987012987013,0.0360623664690208
"ENSG00000125534",0.0329839558131809,0.330669330669331,0.391371283827459
"ENSG00000125629",-0.0326448614267949,0.031968031968032,0.0588078690022667
"ENSG00000125630",-0.0573339021691605,0.00899100899100899,0.031668800133044
"ENSG00000125633",0.014430112832406,0.0529470529470529,0.0856186332504955
"ENSG00000125637",0.0784657586683056,0.010989010989011,0.0339239491564177
"ENSG00000125650",0.0342123617114369,0.050949050949051,0.0830019919080513
"ENSG00000125651",0.00958048994353367,0.477522477522478,0.535491754676228
"ENSG00000125652",-0.0222335961335227,0.02997002997003,0.0561377525217924
"ENSG00000125656",0.00735300516099018,0.338661338661339,0.399375131786083
"ENSG00000125676",-0.0409506788277248,0.00699300699300699,0.0311612747652792
"ENSG00000125686",0.00401160591455235,0.232767232767233,0.289076842347484
"ENSG00000125691",-0.188679041702182,0.016983016983017,0.0404964083535512
"ENSG00000125703",-0.0547674326482424,0.024975024975025,0.0503016340120413
"ENSG00000125731",-0.0571005221138997,0.042957042957043,0.0729589799685899
"ENSG00000125734",0.0958969384496871,0.003996003996004,0.0309698899552726
"ENSG00000125741",-0.0250004466429507,0.10989010989011,0.153869199657386
"ENSG00000125743",-0.115852391659931,0.014985014985015,0.0380820279318905
"ENSG00000125744",0.17737682560322,0.00899100899100899,0.031668800133044
"ENSG00000125746",-0.0179513046512309,0.151848151848152,0.201580811765281
"ENSG00000125753",0.179984712337092,0.003996003996004,0.0309698899552726
"ENSG00000125755",-0.0168664459082314,0.377622377622378,0.437971987479804
"ENSG00000125772",0.0539272591495681,0.021978021978022,0.0464939039133723
"ENSG00000125779",0.0564956535992925,0.010989010989011,0.0339239491564177
"ENSG00000125780",0.352405131224858,0.003996003996004,0.0309698899552726
"ENSG00000125810",0.148987883748309,0.002997002997003,0.0309698899552726
"ENSG00000125812",-0.00249887634703548,0.726273726273726,0.763435462464589
"ENSG00000125814",-0.0331697571460723,0.00599400599400599,0.0309698899552726
"ENSG00000125817",-0.0242647613493848,0.145854145854146,0.194807193251292
"ENSG00000125818",0.0389437962473479,0.147852147852148,0.197103395772281
"ENSG00000125821",0.00360858205348226,0.542457542457542,0.596837383983772
"ENSG00000125826",0.0853710338286334,0.00899100899100899,0.031668800133044
"ENSG00000125827",0.121443464215265,0.002997002997003,0.0309698899552726
"ENSG00000125834",0.0679901399440499,0.010989010989011,0.0339239491564177
"ENSG00000125835",0.00276061715165452,0.808191808191808,0.836953826010267
"ENSG00000125843",-0.0148336856304334,0.193806193806194,0.2472834522946
"ENSG00000125844",0.0503943500628918,0.041958041958042,0.0717489681633108
"ENSG00000125846",-0.0563841387804308,0.002997002997003,0.0309698899552726
"ENSG00000125863",-0.0406862004525021,0.036963036963037,0.0654036775944903
"ENSG00000125868",-0.0362396611300173,0.042957042957043,0.0729589799685899
"ENSG00000125870",-0.0368462651530011,0.0849150849150849,0.123968597000667
"ENSG00000125871",0.00991541597824871,0.147852147852148,0.197103395772281
"ENSG00000125875",0.0249908200225491,0.0909090909090909,0.131142174354274
"ENSG00000125877",-0.0264413115275161,0.0729270729270729,0.10954100267936
"ENSG00000125885",-0.0587614081047283,0.002997002997003,0.0309698899552726
"ENSG00000125898",0.0202027402261594,0.373626373626374,0.434007515778248
"ENSG00000125900",0.118829661749167,0.00899100899100899,0.031668800133044
"ENSG00000125901",-0.0481137216081621,0.00899100899100899,0.031668800133044
"ENSG00000125910",0.113196952776531,0.003996003996004,0.0309698899552726
"ENSG00000125912",0.0526581668246265,0.013986013986014,0.0370555370555371
"ENSG00000125944",-0.0527471882251316,0.00899100899100899,0.031668800133044
"ENSG00000125945",-0.023934207059537,0.013986013986014,0.0370555370555371
"ENSG00000125952",0.0585147024826627,0.00599400599400599,0.0309698899552726
"ENSG00000125962",-0.0601284787386504,0.00699300699300699,0.0311612747652792
"ENSG00000125967",-0.0263270408060833,0.0959040959040959,0.137195027327154
"ENSG00000125970",0.0553278055362206,0.00899100899100899,0.031668800133044
"ENSG00000125971",0.0340373956350922,0.00699300699300699,0.0311612747652792
"ENSG00000125977",-0.0238282610009632,0.138861138861139,0.186733038696785
"ENSG00000125991",-0.0327617352450229,0.00699300699300699,0.0311612747652792
"ENSG00000125995",-0.03427865897476,0.0999000999000999,0.142133230803765
"ENSG00000126001",-0.0314248037683227,0.0549450549450549,0.0880322184148341
"ENSG00000126003",0.0203664627465236,0.213786213786214,0.268725312967547
"ENSG00000126005",0.044813299745817,0.0569430569430569,0.0905693036450051
"ENSG00000126012",0.0395303734204571,0.0539460539460539,0.0868019381876659
"ENSG00000126016",-0.0741026866178324,0.00699300699300699,0.0311612747652792
"ENSG00000126062",0.0514974449398299,0.00999000999000999,0.0329382551604774
"ENSG00000126067",0.00731309527132392,0.624375624375624,0.672378696572245
"ENSG00000126070",-0.0038180804137676,0.708291708291708,0.748066591989608
"ENSG00000126088",-0.0109603655733764,0.313686313686314,0.37429330002801
"ENSG00000126091",-0.0335045972787056,0.025974025974026,0.0514006000585945
"ENSG00000126107",0.0014205323663881,0.944055944055944,0.952776648947291
"ENSG00000126214",0.0172332474289793,0.283716283716284,0.34337384669711
"ENSG00000126215",-0.012287782320818,0.388611388611389,0.448638969100064
"ENSG00000126216",0.0306510826469721,0.013986013986014,0.0370555370555371
"ENSG00000126217",-0.0619058977029857,0.0589410589410589,0.0929842014116102
"ENSG00000126226",-0.0710602341931418,0.001998001998002,0.0309698899552726
"ENSG00000126246",-0.00356229460694663,0.743256743256743,0.77897092007147
"ENSG00000126247",0.0291968422110874,0.121878121878122,0.167493569894942
"ENSG00000126254",0.0428366102118028,0.041958041958042,0.0717489681633108
"ENSG00000126261",-0.0640471981636335,0.00699300699300699,0.0311612747652792
"ENSG00000126264",0.0147793809192038,0.326673326673327,0.387404779944744
"ENSG00000126267",0.0297943801032727,0.013986013986014,0.0370555370555371
"ENSG00000126351",-0.0121253846990783,0.500499500499501,0.557305938756879
"ENSG00000126432",0.0495882964139296,0.004995004995005,0.0309698899552726
"ENSG00000126456",-0.0063819179452121,0.563436563436563,0.615859992667633
"ENSG00000126457",-0.0548864805094365,0.002997002997003,0.0309698899552726
"ENSG00000126458",-0.0380225167106608,0.0749250749250749,0.112219535200592
"ENSG00000126461",0.0492230294022745,0.031968031968032,0.0588078690022667
"ENSG00000126464",-0.0312040664861643,0.172827172827173,0.22439898044911
"ENSG00000126522",0.0154981216025107,0.547452547452547,0.601287215800102
"ENSG00000126524",-0.0755417725310108,0.015984015984016,0.0392432899072327
"ENSG00000126561",0.0699095291712905,0.00899100899100899,0.031668800133044
"ENSG00000126581",0.0584656794692817,0.001998001998002,0.0309698899552726
"ENSG00000126602",-0.0503046045060703,0.021978021978022,0.0464939039133723
"ENSG00000126653",-0.025147187431882,0.043956043956044,0.0742673606444167
"ENSG00000126698",-0.028777773503039,0.0629370629370629,0.0977484650268315
"ENSG00000126709",0.0989198779719876,0.037962037962038,0.0665831541488284
"ENSG00000126746",0.0338883708446847,0.025974025974026,0.0514006000585945
"ENSG00000126749",-0.0775911135143375,0.00599400599400599,0.0309698899552726
"ENSG00000126756",-0.0573556517043406,0.004995004995005,0.0309698899552726
"ENSG00000126767",0.00114409496430953,0.918081918081918,0.930940642213001
"ENSG00000126768",0.0318304676435742,0.016983016983017,0.0404964083535512
"ENSG00000126773",-0.0340136498580369,0.001998001998002,0.0309698899552726
"ENSG00000126775",-0.0442333317322551,0.010989010989011,0.0339239491564177
"ENSG00000126777",-0.0775638419592032,0.00899100899100899,0.031668800133044
"ENSG00000126790",-0.0753301345536538,0.00899100899100899,0.031668800133044
"ENSG00000126804",-0.0476925529289299,0.0579420579420579,0.0917937849126882
"ENSG00000126814",-0.0714090952928857,0.014985014985015,0.0380820279318905
"ENSG00000126821",-0.0298583834354563,0.02997002997003,0.0561377525217924
"ENSG00000126858",0.0408044960642358,0.033966033966034,0.0614579638969883
"ENSG00000126860",-0.00796723261566552,0.863136863136863,0.884253586325021
"ENSG00000126870",-0.0715858136583512,0.000999000999000999,0.0309698899552726
"ENSG00000126882",-0.0154145314625853,0.207792207792208,0.262343392504124
"ENSG00000126883",0.103030461854088,0.00699300699300699,0.0311612747652792
"ENSG00000126903",0.0358621550845295,0.0599400599400599,0.0941400470935233
"ENSG00000126934",0.0640875090336741,0.010989010989011,0.0339239491564177
"ENSG00000126945",0.097162684943377,0.002997002997003,0.0309698899552726
"ENSG00000126953",-0.0533783150943814,0.032967032967033,0.0601301870083172
"ENSG00000126970",-0.0841816446491576,0.00699300699300699,0.0311612747652792
"ENSG00000127022",-0.0126887982304007,0.46953046953047,0.528205296528801
"ENSG00000127054",-0.00728911490459242,0.547452547452547,0.601287215800102
"ENSG00000127080",0.0197297284043205,0.043956043956044,0.0742673606444167
"ENSG00000127081",-0.0616797508503142,0.035964035964036,0.0640509460900688
"ENSG00000127084",0.0962474948240628,0.010989010989011,0.0339239491564177
"ENSG00000127124",-0.0429423397003059,0.144855144855145,0.193580466014581
"ENSG00000127125",-0.00656332586355787,0.596403596403596,0.645960564309519
"ENSG00000127184",-0.149346865985614,0.021978021978022,0.0464939039133723
"ENSG00000127191",-0.0154575965761517,0.182817182817183,0.23531079609049
"ENSG00000127220",0.0203283119390717,0.180819180819181,0.233188637738482
"ENSG00000127311",-0.0437233190847433,0.023976023976024,0.0489374755679103
"ENSG00000127314",-0.0302911489025848,0.026973026973027,0.0526151336084788
"ENSG00000127328",-0.0453748014691506,0.017982017982018,0.0417277258366272
"ENSG00000127334",-0.0656586071398875,0.012987012987013,0.0360623664690208
"ENSG00000127337",-0.0977498090583575,0.011988011988012,0.0350284289015142
"ENSG00000127362",-0.0746755048632988,0.023976023976024,0.0489374755679103
"ENSG00000127399",0.00665262085633258,0.758241758241758,0.79177595364927
"ENSG00000127415",-0.0552816203315756,0.016983016983017,0.0404964083535512
"ENSG00000127418",-0.0716956783853743,0.011988011988012,0.0350284289015142
"ENSG00000127419",0.0409408002782576,0.011988011988012,0.0350284289015142
"ENSG00000127445",-0.0245337596602409,0.021978021978022,0.0464939039133723
"ENSG00000127452",0.00355757106457311,0.632367632367632,0.679706126982757
"ENSG00000127463",-0.0660669548810351,0.001998001998002,0.0309698899552726
"ENSG00000127481",0.0254193312643269,0.195804195804196,0.249435533726397
"ENSG00000127483",-0.0129513380859062,0.0569430569430569,0.0905693036450051
"ENSG00000127511",0.0141778617713395,0.425574425574426,0.484975672914228
"ENSG00000127526",0.0176478071248686,0.145854145854146,0.194807193251292
"ENSG00000127527",0.09646612113596,0.015984015984016,0.0392432899072327
"ENSG00000127528",0.0490669601657009,0.013986013986014,0.0370555370555371
"ENSG00000127540",-0.0112411003684185,0.366633366633367,0.427081496578443
"ENSG00000127554",-0.0416528939818741,0.022977022977023,0.0478078016166659
"ENSG00000127580",-0.00283204028266216,0.85014985014985,0.872958039909509
"ENSG00000127586",-0.0409367632992311,0.0549450549450549,0.0880322184148341
"ENSG00000127589",-0.000544499329689536,0.973026973026973,0.977500473279124
"ENSG00000127603",-0.0339584044834688,0.0629370629370629,0.0977484650268315
"ENSG00000127616",-0.0233071162535773,0.186813186813187,0.239684090863764
"ENSG00000127663",0.149167257641396,0.00799200799200799,0.0313472428354935
"ENSG00000127720",-0.0172876187768994,0.335664335664336,0.396580218837395
"ENSG00000127774",-0.00927581382480592,0.525474525474525,0.581184690516551
"ENSG00000127804",-0.0574479816085715,0.010989010989011,0.0339239491564177
"ENSG00000127824",0.100356455013334,0.002997002997003,0.0309698899552726
"ENSG00000127837",-0.0146763871266048,0.467532467532468,0.526203895374152
"ENSG00000127838",-0.0208722048122991,0.037962037962038,0.0665831541488284
"ENSG00000127870",-0.008457598307955,0.344655344655345,0.40525075159651
"ENSG00000127884",-0.0263336909496607,0.0929070929070929,0.133543528591968
"ENSG00000127903",-0.0703246245409169,0.027972027972028,0.0538126832348059
"ENSG00000127914",-0.0343572805540734,0.021978021978022,0.0464939039133723
"ENSG00000127920",-0.00401741813382376,0.877122877122877,0.896061096333113
"ENSG00000127922",-0.0765967541406897,0.021978021978022,0.0464939039133723
"ENSG00000127946",0.128127523773072,0.02997002997003,0.0561377525217924
"ENSG00000127947",0.0777635428373418,0.00899100899100899,0.031668800133044
"ENSG00000127948",0.108428333712581,0.004995004995005,0.0309698899552726
"ENSG00000127951",0.0808861416539919,0.027972027972028,0.0538126832348059
"ENSG00000127952",0.0531655077025396,0.010989010989011,0.0339239491564177
"ENSG00000127957",-0.0405233329858101,0.002997002997003,0.0309698899552726
"ENSG00000127980",-0.0560917183721742,0.002997002997003,0.0309698899552726
"ENSG00000127989",-0.0516830222316873,0.032967032967033,0.0601301870083172
"ENSG00000127993",-0.0279756378054555,0.0539460539460539,0.0868019381876659
"ENSG00000127995",-0.0889322441888145,0.00599400599400599,0.0309698899552726
"ENSG00000128000",-0.0693066618747158,0.021978021978022,0.0464939039133723
"ENSG00000128011",0.159374264403669,0.00999000999000999,0.0329382551604774
"ENSG00000128016",0.125844586674564,0.004995004995005,0.0309698899552726
"ENSG00000128039",-0.0122845133002048,0.444555444555445,0.503692592878979
"ENSG00000128050",-0.0650015046706403,0.020979020979021,0.0454117208439975
"ENSG00000128059",-0.0627303223433054,0.017982017982018,0.0417277258366272
"ENSG00000128159",-0.0337970742486321,0.050949050949051,0.0830019919080513
"ENSG00000128185",-0.0312643176190164,0.00999000999000999,0.0329382551604774
"ENSG00000128191",-0.0397984105473759,0.041958041958042,0.0717489681633108
"ENSG00000128203",0.00945197179340423,0.554445554445554,0.607579709430717
"ENSG00000128228",-0.0128670314004703,0.392607392607393,0.452513248715416
"ENSG00000128245",0.0156081480795184,0.167832167832168,0.218788045667317
"ENSG00000128266",0.0400571033552326,0.177822177822178,0.229866293757872
"ENSG00000128268",0.00906905976154097,0.587412587412587,0.637774367650599
"ENSG00000128271",0.000449794422300771,0.979020979020979,0.982618517276944
"ENSG00000128272",-0.00105653318792384,0.895104895104895,0.911487089423032
"ENSG00000128294",0.0420881542283067,0.0599400599400599,0.0941400470935233
"ENSG00000128309",0.0408055493770305,0.02997002997003,0.0561377525217924
"ENSG00000128311",0.129767382845654,0.001998001998002,0.0309698899552726
"ENSG00000128335",0.131952787207195,0.003996003996004,0.0309698899552726
"ENSG00000128340",0.116099592070728,0.002997002997003,0.0309698899552726
"ENSG00000128463",-0.00592698665790777,0.342657342657343,0.403296047797076
"ENSG00000128487",0.0298621790932404,0.126873126873127,0.172953861021012
"ENSG00000128512",0.227115810320346,0.003996003996004,0.0309698899552726
"ENSG00000128513",-0.070165679939475,0.00999000999000999,0.0329382551604774
"ENSG00000128524",-0.0151145698525738,0.207792207792208,0.262343392504124
"ENSG00000128534",-0.0637341320542008,0.018981018981019,0.0430078970802953
"ENSG00000128536",-0.0785318152445197,0.016983016983017,0.0404964083535512
"ENSG00000128563",-0.00845125129562505,0.037962037962038,0.0665831541488284
"ENSG00000128585",0.0491678181739039,0.004995004995005,0.0309698899552726
"ENSG00000128590",-0.0618319256419861,0.04995004995005,0.0818292939339832
"ENSG00000128594",0.271369906212922,0.004995004995005,0.0309698899552726
"ENSG00000128595",-0.0199436875283578,0.143856143856144,0.19243801612457
"ENSG00000128596",-0.076987124402063,0.000999000999000999,0.0309698899552726
"ENSG00000128604",0.00378953189920095,0.886113886113886,0.903403179785942
"ENSG00000128607",-0.00702224449292337,0.160839160839161,0.211206843855445
"ENSG00000128609",-0.0873578972868957,0.038961038961039,0.0678698023240711
"ENSG00000128626",-0.0370733423772219,0.016983016983017,0.0404964083535512
"ENSG00000128654",-0.107940327650743,0.003996003996004,0.0309698899552726
"ENSG00000128692",-0.0142987704555215,0.394605394605395,0.454467430030439
"ENSG00000128694",-0.105229792072115,0.001998001998002,0.0309698899552726
"ENSG00000128699",-0.0576195601190874,0.00799200799200799,0.0313472428354935
"ENSG00000128708",-0.0221482295661056,0.462537462537463,0.521461090504242
"ENSG00000128731",-0.0456738561828706,0.023976023976024,0.0489374755679103
"ENSG00000128739",-0.0570180888885414,0.050949050949051,0.0830019919080513
"ENSG00000128789",-0.0292334892152729,0.02997002997003,0.0561377525217924
"ENSG00000128791",-0.0207102930085939,0.166833166833167,0.217721902378217
"ENSG00000128815",0.0915673315806653,0.00899100899100899,0.031668800133044
"ENSG00000128829",-0.0359350741777449,0.042957042957043,0.0729589799685899
"ENSG00000128872",0.0301676264825494,0.0879120879120879,0.127615348777325
"ENSG00000128881",-0.0392405353322386,0.003996003996004,0.0309698899552726
"ENSG00000128891",-0.00632562713482283,0.629370629370629,0.676969142018815
"ENSG00000128908",-0.0251677569683029,0.048951048951049,0.0806102639481647
"ENSG00000128915",-0.0734309177568826,0.00599400599400599,0.0309698899552726
"ENSG00000128918",0.196681791968505,0.004995004995005,0.0309698899552726
"ENSG00000128923",-0.0137742077782581,0.247752247752248,0.305634008775048
"ENSG00000128928",-0.0304198926281405,0.120879120879121,0.166539639427407
"ENSG00000128944",0.0198106238385917,0.183816183816184,0.236394103488807
"ENSG00000128951",-0.0404813706347348,0.0529470529470529,0.0856186332504955
"ENSG00000128973",0.051986324061698,0.0669330669330669,0.102576077327416
"ENSG00000128989",0.0145078637098187,0.0769230769230769,0.114541139692918
"ENSG00000129003",-0.0517910294464031,0.00599400599400599,0.0309698899552726
"ENSG00000129007",0.0577998432404705,0.018981018981019,0.0430078970802953
"ENSG00000129055",0.048339981225682,0.027972027972028,0.0538126832348059
"ENSG00000129071",0.0621235307021548,0.002997002997003,0.0309698899552726
"ENSG00000129083",0.00985934386729183,0.162837162837163,0.213410798579828
"ENSG00000129084",-0.0105218509236378,0.293706293706294,0.353931839743531
"ENSG00000129103",-0.0379058044655192,0.010989010989011,0.0339239491564177
"ENSG00000129116",0.00949033368604681,0.744255744255744,0.779881902037277
"ENSG00000129128",-0.00390386074592693,0.713286713286713,0.752416371480709
"ENSG00000129187",-0.0424266778649893,0.018981018981019,0.0430078970802953
"ENSG00000129197",-0.0679324142675543,0.00599400599400599,0.0309698899552726
"ENSG00000129219",-0.00680231462455764,0.747252747252747,0.782749369518305
"ENSG00000129235",-0.0149935206791669,0.496503496503497,0.553934183158097
"ENSG00000129245",0.0461828620966899,0.011988011988012,0.0350284289015142
"ENSG00000129250",0.0540408988831835,0.021978021978022,0.0464939039133723
"ENSG00000129255",0.0067012455597104,0.671328671328671,0.715567891088955
"ENSG00000129282",-0.0453375031694149,0.046953046953047,0.078144539299504
"ENSG00000129292",0.0777716012226161,0.00599400599400599,0.0309698899552726
"ENSG00000129295",0.0853098479379418,0.0689310689310689,0.104835938548923
"ENSG00000129315",0.00803115146751451,0.103896103896104,0.146724251072077
"ENSG00000129317",-0.0755905680865199,0.013986013986014,0.0370555370555371
"ENSG00000129347",-0.0288005170322689,0.0879120879120879,0.127615348777325
"ENSG00000129351",-0.0469695711074512,0.00899100899100899,0.031668800133044
"ENSG00000129353",0.1494054296981,0.004995004995005,0.0309698899552726
"ENSG00000129355",0.12525939455037,0.004995004995005,0.0309698899552726
"ENSG00000129422",-0.132979657664996,0.024975024975025,0.0503016340120413
"ENSG00000129450",0.16075091585815,0.002997002997003,0.0309698899552726
"ENSG00000129460",-0.0898561807608015,0.002997002997003,0.0309698899552726
"ENSG00000129465",0.0618779512150275,0.00899100899100899,0.031668800133044
"ENSG00000129472",0.0278041640063284,0.311688311688312,0.372315886081913
"ENSG00000129473",-0.00367772450020102,0.823176823176823,0.849981876530549
"ENSG00000129480",-0.0661558956862507,0.00999000999000999,0.0329382551604774
"ENSG00000129484",-0.0550313505096314,0.017982017982018,0.0417277258366272
"ENSG00000129493",0.0560065008446851,0.00599400599400599,0.0309698899552726
"ENSG00000129515",0.0379599556750275,0.0569430569430569,0.0905693036450051
"ENSG00000129518",0.0189488279751439,0.336663336663337,0.397486981041358
"ENSG00000129521",-0.0231865598310459,0.122877122877123,0.168577313097861
"ENSG00000129534",0.00248896601195978,0.903096903096903,0.918458033461842
"ENSG00000129559",0.0265399761585758,0.012987012987013,0.0360623664690208
"ENSG00000129562",0.0183659702820475,0.013986013986014,0.0370555370555371
"ENSG00000129595",-0.0596311188079794,0.130869130869131,0.17743515509761
"ENSG00000129625",0.0248373856076963,0.143856143856144,0.19243801612457
"ENSG00000129636",-0.00200847728830608,0.618381618381618,0.666700483512182
"ENSG00000129646",-0.0102570667167785,0.386613386613387,0.446632671375534
"ENSG00000129657",0.179305167699957,0.00799200799200799,0.0313472428354935
"ENSG00000129667",0.0465294313896269,0.0589410589410589,0.0929842014116102
"ENSG00000129675",-0.0061573967617728,0.417582417582418,0.477044248527138
"ENSG00000129680",-0.0607821019057907,0.00699300699300699,0.0311612747652792
"ENSG00000129691",0.00161374782769983,0.835164835164835,0.860143198989715
"ENSG00000129696",0.00819959002666411,0.163836163836164,0.214486167427344
"ENSG00000129749",0.0967261217185012,0.01998001998002,0.044196554411905
"ENSG00000129757",-0.0477213869784839,0.267732267732268,0.32682644932518
"ENSG00000129911",0.0655638439445067,0.017982017982018,0.0417277258366272
"ENSG00000129925",0.091157545162297,0.00699300699300699,0.0311612747652792
"ENSG00000129932",-0.0338415037023004,0.112887112887113,0.157241228868489
"ENSG00000129933",0.0758573955199342,0.011988011988012,0.0350284289015142
"ENSG00000129968",-0.0205510348892492,0.356643356643357,0.417305019972725
"ENSG00000129993",0.0563672623200498,0.048951048951049,0.0806102639481647
"ENSG00000130021",-0.0253680332779355,0.041958041958042,0.0717489681633108
"ENSG00000130023",-0.0724561728158166,0.003996003996004,0.0309698899552726
"ENSG00000130024",-0.0764643815421897,0.00899100899100899,0.031668800133044
"ENSG00000130038",0.0137893090695187,0.330669330669331,0.391371283827459
"ENSG00000130052",0.0092619616674084,0.758241758241758,0.79177595364927
"ENSG00000130066",0.0973686405357823,0.00899100899100899,0.031668800133044
"ENSG00000130119",0.0275255857362759,0.1998001998002,0.253692424849319
"ENSG00000130150",0.144486421726353,0.001998001998002,0.0309698899552726
"ENSG00000130159",-0.0129966448007148,0.325674325674326,0.386448859197674
"ENSG00000130164",-0.00327005560803163,0.897102897102897,0.913289505919747
"ENSG00000130165",0.0352318359354206,0.0679320679320679,0.103657642509852
"ENSG00000130175",0.0318983564865527,0.0799200799200799,0.118024025618029
"ENSG00000130177",-0.0472515957944731,0.003996003996004,0.0309698899552726
"ENSG00000130193",-0.0487297298285705,0.021978021978022,0.0464939039133723
"ENSG00000130204",-0.0378251428278328,0.04995004995005,0.0818292939339832
"ENSG00000130227",-0.00244482860475381,0.851148851148851,0.873834520169733
"ENSG00000130244",0.01340878994075,0.207792207792208,0.262343392504124
"ENSG00000130254",0.0209955633751175,0.016983016983017,0.0404964083535512
"ENSG00000130255",-0.0927518004572958,0.003996003996004,0.0309698899552726
"ENSG00000130299",-0.0277876274233102,0.198801198801199,0.25261078528154
"ENSG00000130300",0.0374863585076712,0.500499500499501,0.557305938756879
"ENSG00000130303",0.00879687427798514,0.510489510489511,0.566854193575066
"ENSG00000130304",-0.0157202983618045,0.28971028971029,0.349642323934351
"ENSG00000130305",-0.00164117623321633,0.859140859140859,0.880985908289663
"ENSG00000130309",0.0341164142074455,0.0579420579420579,0.0917937849126882
"ENSG00000130311",0.0046178691205097,0.565434565434565,0.617650664187657
"ENSG00000130312",-0.0471303281157821,0.00699300699300699,0.0311612747652792
"ENSG00000130313",0.0604249359817174,0.001998001998002,0.0309698899552726
"ENSG00000130332",-0.0778809635178769,0.013986013986014,0.0370555370555371
"ENSG00000130338",-0.0741598582749802,0.003996003996004,0.0309698899552726
"ENSG00000130340",-0.0622020544371754,0.013986013986014,0.0370555370555371
"ENSG00000130347",-0.042225189209292,0.038961038961039,0.0678698023240711
"ENSG00000130348",-0.0532424825814978,0.04995004995005,0.0818292939339832
"ENSG00000130349",-0.0541419407328255,0.021978021978022,0.0464939039133723
"ENSG00000130363",0.0890710048677349,0.00699300699300699,0.0311612747652792
"ENSG00000130382",0.118980418712054,0.003996003996004,0.0309698899552726
"ENSG00000130396",0.0299705557704563,0.121878121878122,0.167493569894942
"ENSG00000130402",0.136068900526156,0.00799200799200799,0.0313472428354935
"ENSG00000130414",-0.0380381381309545,0.001998001998002,0.0309698899552726
"ENSG00000130429",0.0815654702948828,0.002997002997003,0.0309698899552726
"ENSG00000130449",0.0881172132461057,0.001998001998002,0.0309698899552726
"ENSG00000130475",0.0679976590948112,0.01998001998002,0.044196554411905
"ENSG00000130479",0.0655234632672457,0.022977022977023,0.0478078016166659
"ENSG00000130489",0.0407535549387513,0.158841158841159,0.209108669838213
"ENSG00000130511",-0.0637716027779373,0.010989010989011,0.0339239491564177
"ENSG00000130517",-0.0148268449902944,0.323676323676324,0.384647686931876
"ENSG00000130518",0.087779310934275,0.023976023976024,0.0489374755679103
"ENSG00000130520",-0.0358406201245316,0.014985014985015,0.0380820279318905
"ENSG00000130522",0.063690188704583,0.00899100899100899,0.031668800133044
"ENSG00000130544",-0.0402518325086288,0.017982017982018,0.0417277258366272
"ENSG00000130559",-0.0381057850430047,0.00699300699300699,0.0311612747652792
"ENSG00000130560",0.0168202830294692,0.215784215784216,0.270896762278774
"ENSG00000130589",0.145487506898267,0.00999000999000999,0.0329382551604774
"ENSG00000130592",0.160991045273144,0.004995004995005,0.0309698899552726
"ENSG00000130598",0.13588865068152,0.00699300699300699,0.0311612747652792
"ENSG00000130638",-0.0698759615149123,0.012987012987013,0.0360623664690208
"ENSG00000130640",0.0182403726517078,0.297702297702298,0.358029241847915
"ENSG00000130684",-0.06113534919567,0.00699300699300699,0.0311612747652792
"ENSG00000130695",-0.0391955026196528,0.014985014985015,0.0380820279318905
"ENSG00000130699",-0.0152558160543058,0.263736263736264,0.322308563919302
"ENSG00000130703",0.154822121964152,0.003996003996004,0.0309698899552726
"ENSG00000130706",0.0266528462327461,0.0709290709290709,0.107142480445648
"ENSG00000130713",-0.0684391626544101,0.00599400599400599,0.0309698899552726
"ENSG00000130714",-0.0697063799366744,0.000999000999000999,0.0309698899552726
"ENSG00000130717",0.0158899653197209,0.033966033966034,0.0614579638969883
"ENSG00000130723",-0.0296405507170921,0.123876123876124,0.169696028353272
"ENSG00000130724",0.155020263606755,0.001998001998002,0.0309698899552726
"ENSG00000130725",0.0576355459017016,0.00699300699300699,0.0311612747652792
"ENSG00000130726",-0.0264319553167236,0.150849150849151,0.20038743173484
"ENSG00000130731",-0.0471772841597529,0.013986013986014,0.0370555370555371
"ENSG00000130733",-0.0220842618587274,0.142857142857143,0.191421244604431
"ENSG00000130734",0.0408497710029951,0.00999000999000999,0.0329382551604774
"ENSG00000130741",-0.00642860004269486,0.446553446553447,0.505432220821183
"ENSG00000130748",-0.0264257747482551,0.0659340659340659,0.101381218576715
"ENSG00000130749",0.060007893624115,0.00799200799200799,0.0313472428354935
"ENSG00000130755",0.0541635797708385,0.0959040959040959,0.137195027327154
"ENSG00000130758",-0.0352727273181365,0.043956043956044,0.0742673606444167
"ENSG00000130764",-0.00786058377557438,0.435564435564436,0.494858516412686
"ENSG00000130766",0.112686787818419,0.001998001998002,0.0309698899552726
"ENSG00000130770",-0.0422761722831311,0.0809190809190809,0.119235595204207
"ENSG00000130772",0.0411828611061212,0.000999000999000999,0.0309698899552726
"ENSG00000130775",0.144985637481541,0.004995004995005,0.0309698899552726
"ENSG00000130779",0.0708229126434383,0.001998001998002,0.0309698899552726
"ENSG00000130787",-0.0686317311322671,0.045954045954046,0.0767902842430095
"ENSG00000130803",0.0138022152454532,0.040959040959041,0.0705122123257061
"ENSG00000130811",-0.0387790377448938,0.014985014985015,0.0380820279318905
"ENSG00000130813",0.0237112761894962,0.112887112887113,0.157241228868489
"ENSG00000130816",-0.0556736246895342,0.00999000999000999,0.0329382551604774
"ENSG00000130818",-0.0322559695650916,0.0679320679320679,0.103657642509852
"ENSG00000130821",0.0749751713941947,0.0829170829170829,0.121538907488414
"ENSG00000130826",-0.0343604479608497,0.03996003996004,0.0691988127146629
"ENSG00000130827",-0.0709594204306056,0.00899100899100899,0.031668800133044
"ENSG00000130830",0.0768076339190255,0.018981018981019,0.0430078970802953
"ENSG00000130844",-0.0895039293567113,0.004995004995005,0.0309698899552726
"ENSG00000130856",-0.0405101622064436,0.002997002997003,0.0309698899552726
"ENSG00000130881",0.0524443555695485,0.0949050949050949,0.136008756328337
"ENSG00000130921",-0.0626850880282231,0.010989010989011,0.0339239491564177
"ENSG00000130935",-0.0738172886802402,0.004995004995005,0.0309698899552726
"ENSG00000130939",0.0679851773843139,0.00899100899100899,0.031668800133044
"ENSG00000130940",0.0367002136887751,0.187812187812188,0.240811572935759
"ENSG00000130956",-0.0811987495316627,0.004995004995005,0.0309698899552726
"ENSG00000130958",-0.0312560157951068,0.0539460539460539,0.0868019381876659
"ENSG00000130985",0.08678897222826,0.013986013986014,0.0370555370555371
"ENSG00000131013",-0.0359563780271369,0.041958041958042,0.0717489681633108
"ENSG00000131018",0.00424677776410098,0.868131868131868,0.888688994140442
"ENSG00000131023",-0.031474944373064,0.011988011988012,0.0350284289015142
"ENSG00000131043",-0.023909823344823,0.185814185814186,0.238606142228324
"ENSG00000131051",0.0137392947385051,0.191808191808192,0.24520272834282
"ENSG00000131061",0.0537057265701891,0.036963036963037,0.0654036775944903
"ENSG00000131067",-0.074814720829622,0.010989010989011,0.0339239491564177
"ENSG00000131069",0.0642733252491717,0.011988011988012,0.0350284289015142
"ENSG00000131089",-0.0598072156159959,0.01998001998002,0.044196554411905
"ENSG00000131100",0.0462024534952786,0.00899100899100899,0.031668800133044
"ENSG00000131115",-0.0389468030725455,0.01998001998002,0.044196554411905
"ENSG00000131116",-0.0352598176566984,0.03996003996004,0.0691988127146629
"ENSG00000131127",-0.0870152474141122,0.01998001998002,0.044196554411905
"ENSG00000131143",-0.0356846002842665,0.042957042957043,0.0729589799685899
"ENSG00000131148",-0.0101658968744245,0.204795204795205,0.25926775215725
"ENSG00000131149",0.037929217185556,0.161838161838162,0.212240400367856
"ENSG00000131165",0.0688987042589508,0.011988011988012,0.0350284289015142
"ENSG00000131171",0.00535071323680213,0.71028971028971,0.749583925031765
"ENSG00000131174",-0.110227356475638,0.036963036963037,0.0654036775944903
"ENSG00000131188",0.0338244482584795,0.158841158841159,0.209108669838213
"ENSG00000131196",-0.0452159161908105,0.028971028971029,0.0550211482575579
"ENSG00000131236",0.103763033335178,0.003996003996004,0.0309698899552726
"ENSG00000131238",0.119941806825196,0.000999000999000999,0.0309698899552726
"ENSG00000131242",0.0995379429837161,0.00599400599400599,0.0309698899552726
"ENSG00000131263",0.0542471424202211,0.002997002997003,0.0309698899552726
"ENSG00000131269",-0.047081008599506,0.00999000999000999,0.0329382551604774
"ENSG00000131323",-0.00355289143294082,0.53046953046953,0.585685146273111
"ENSG00000131351",-0.00692961664282777,0.223776223776224,0.279470295889292
"ENSG00000131368",-0.0644529621909641,0.003996003996004,0.0309698899552726
"ENSG00000131370",0.0324145819160745,0.003996003996004,0.0309698899552726
"ENSG00000131373",-0.05032623269012,0.003996003996004,0.0309698899552726
"ENSG00000131374",0.00991686382636007,0.0679320679320679,0.103657642509852
"ENSG00000131375",-0.0296282154307777,0.034965034965035,0.0627459743481843
"ENSG00000131378",-0.054342883149915,0.011988011988012,0.0350284289015142
"ENSG00000131381",0.00666174884053761,0.384615384615385,0.444580907214359
"ENSG00000131389",0.194371194476154,0.003996003996004,0.0309698899552726
"ENSG00000131401",0.00716388631122131,0.802197802197802,0.831319581513597
"ENSG00000131408",0.0645661233857953,0.021978021978022,0.0464939039133723
"ENSG00000131437",-0.0718243971632604,0.00799200799200799,0.0313472428354935
"ENSG00000131446",0.0575926406146399,0.00899100899100899,0.031668800133044
"ENSG00000131467",0.0933811251569539,0.003996003996004,0.0309698899552726
"ENSG00000131469",-0.162410125369703,0.013986013986014,0.0370555370555371
"ENSG00000131473",0.0200840315969559,0.392607392607393,0.452513248715416
"ENSG00000131475",-0.00230261559294814,0.836163836163836,0.860876979612523
"ENSG00000131480",0.186318773982487,0.00599400599400599,0.0309698899552726
"ENSG00000131495",0.0111438264296551,0.3996003996004,0.459251946294119
"ENSG00000131503",0.0105319120687353,0.336663336663337,0.397486981041358
"ENSG00000131504",0.0304318976444349,0.187812187812188,0.240811572935759
"ENSG00000131507",-0.0367591159753088,0.00599400599400599,0.0309698899552726
"ENSG00000131508",-0.0100099067802435,0.163836163836164,0.214486167427344
"ENSG00000131558",-0.0246137280672075,0.034965034965035,0.0627459743481843
"ENSG00000131584",0.00428647734914829,0.814185814185814,0.842145203105699
"ENSG00000131591",-0.0251267135801556,0.126873126873127,0.172953861021012
"ENSG00000131626",0.0680210931660476,0.00699300699300699,0.0311612747652792
"ENSG00000131634",-0.122555112051507,0.001998001998002,0.0309698899552726
"ENSG00000131652",-0.0224077167556679,0.221778221778222,0.27732084791704
"ENSG00000131653",0.031694332002165,0.0639360639360639,0.0989420057151193
"ENSG00000131669",0.184559728710557,0.003996003996004,0.0309698899552726
"ENSG00000131697",0.0366876628965715,0.051948051948052,0.084286713691331
"ENSG00000131724",0.169896106293644,0.002997002997003,0.0309698899552726
"ENSG00000131725",-0.034736530481453,0.031968031968032,0.0588078690022667
"ENSG00000131732",-0.0174608316141907,0.225774225774226,0.281702101884826
"ENSG00000131747",-0.0291305608771244,0.324675324675325,0.38556798932293
"ENSG00000131748",0.0592977724800189,0.00799200799200799,0.0313472428354935
"ENSG00000131759",0.181920022969738,0.00599400599400599,0.0309698899552726
"ENSG00000131778",-0.0514685447806673,0.001998001998002,0.0309698899552726
"ENSG00000131779",-0.0401323633488148,0.000999000999000999,0.0309698899552726
"ENSG00000131781",0.0066692733185579,0.666333666333666,0.710811113260962
"ENSG00000131788",-0.0399307844499685,0.051948051948052,0.084286713691331
"ENSG00000131791",-0.0453603486907484,0.002997002997003,0.0309698899552726
"ENSG00000131795",-0.00180699459918168,0.819180819180819,0.846655924055305
"ENSG00000131797",-0.0847513084007627,0.00799200799200799,0.0313472428354935
"ENSG00000131828",-0.0300450012787935,0.02997002997003,0.0561377525217924
"ENSG00000131844",-0.0505968438258854,0.010989010989011,0.0339239491564177
"ENSG00000131845",-0.0298866020482912,0.043956043956044,0.0742673606444167
"ENSG00000131848",-0.0506173978806558,0.00799200799200799,0.0313472428354935
"ENSG00000131849",-0.10425139046861,0.003996003996004,0.0309698899552726
"ENSG00000131871",-0.0203052587693363,0.17982017982018,0.232074626404523
"ENSG00000131873",0.161700771960557,0.001998001998002,0.0309698899552726
"ENSG00000131876",-0.0638686319029478,0.002997002997003,0.0309698899552726
"ENSG00000131899",-0.0128054982997736,0.547452547452547,0.601287215800102
"ENSG00000131931",-0.00621462073917433,0.735264735264735,0.771806410028089
"ENSG00000131943",-0.0471580297690538,0.004995004995005,0.0309698899552726
"ENSG00000131944",0.0966603950171347,0.001998001998002,0.0309698899552726
"ENSG00000131966",0.0109237801666938,0.380619380619381,0.440894816027346
"ENSG00000131979",-0.0145573902179591,0.497502497502497,0.554739749024403
"ENSG00000131981",-0.00791408663135183,0.719280719280719,0.757608736574556
"ENSG00000132002",0.00184248964801105,0.799200799200799,0.828785503908465
"ENSG00000132005",0.0412288003343425,0.174825174825175,0.226625925040336
"ENSG00000132017",0.0415908242056724,0.020979020979021,0.0454117208439975
"ENSG00000132024",0.00700506679206762,0.793206793206793,0.823706838396202
"ENSG00000132109",0.132571407128506,0.002997002997003,0.0309698899552726
"ENSG00000132122",0.00846712121855811,0.651348651348651,0.697177421794451
"ENSG00000132128",-0.0231781539000404,0.0589410589410589,0.0929842014116102
"ENSG00000132142",-0.0442103240017901,0.024975024975025,0.0503016340120413
"ENSG00000132153",-0.0347623950787048,0.0619380619380619,0.0965087032764979
"ENSG00000132155",0.158384001544492,0.004995004995005,0.0309698899552726
"ENSG00000132182",-0.0475776510533003,0.035964035964036,0.0640509460900688
"ENSG00000132185",-0.0696601666756297,0.221778221778222,0.27732084791704
"ENSG00000132196",-0.0234089544896655,0.0549450549450549,0.0880322184148341
"ENSG00000132199",-0.070015992014023,0.00799200799200799,0.0313472428354935
"ENSG00000132205",0.0577938419345041,0.0749250749250749,0.112219535200592
"ENSG00000132254",-0.0234037856930403,0.00999000999000999,0.0329382551604774
"ENSG00000132256",0.0468501649677434,0.020979020979021,0.0454117208439975
"ENSG00000132274",0.0142043547336801,0.354645354645355,0.415331112076386
"ENSG00000132275",-0.0299206271317589,0.016983016983017,0.0404964083535512
"ENSG00000132286",-0.059296527464381,0.001998001998002,0.0309698899552726
"ENSG00000132294",-0.0048686194055892,0.589410589410589,0.639481489892251
"ENSG00000132300",-0.0696626256851068,0.002997002997003,0.0309698899552726
"ENSG00000132305",-0.0245623161519533,0.137862137862138,0.185597308482936
"ENSG00000132313",-0.0732232840688276,0.004995004995005,0.0309698899552726
"ENSG00000132323",-0.0637987420870596,0.002997002997003,0.0309698899552726
"ENSG00000132326",0.00332778523393321,0.812187812187812,0.84058500920368
"ENSG00000132330",-0.0429716553323974,0.00799200799200799,0.0313472428354935
"ENSG00000132334",0.129313148059213,0.002997002997003,0.0309698899552726
"ENSG00000132341",-0.0684313825326495,0.00899100899100899,0.031668800133044
"ENSG00000132356",0.0207349967834387,0.003996003996004,0.0309698899552726
"ENSG00000132357",0.0713681244009858,0.015984015984016,0.0392432899072327
"ENSG00000132359",0.0783841743410306,0.023976023976024,0.0489374755679103
"ENSG00000132361",-0.0321075477309929,0.0629370629370629,0.0977484650268315
"ENSG00000132376",0.0502860665571122,0.015984015984016,0.0392432899072327
"ENSG00000132382",-0.0506023701691451,0.026973026973027,0.0526151336084788
"ENSG00000132383",-0.0109392831074953,0.445554445554446,0.504539086655359
"ENSG00000132386",-0.00166283928216957,0.934065934065934,0.944836663210538
"ENSG00000132388",0.0217290840558979,0.011988011988012,0.0350284289015142
"ENSG00000132394",-0.035729079529802,0.0629370629370629,0.0977484650268315
"ENSG00000132405",0.141218794034377,0.001998001998002,0.0309698899552726
"ENSG00000132406",-0.0580930410190852,0.013986013986014,0.0370555370555371
"ENSG00000132424",-0.0027950349959612,0.794205794205794,0.824388083845676
"ENSG00000132432",-0.0547208716173785,0.015984015984016,0.0392432899072327
"ENSG00000132434",-0.00573426214228375,0.473526473526474,0.531705237675526
"ENSG00000132436",-0.0816040641091329,0.00899100899100899,0.031668800133044
"ENSG00000132463",-0.0460913767586808,0.012987012987013,0.0360623664690208
"ENSG00000132465",-0.0865677970444444,0.0919080919080919,0.132329154013592
"ENSG00000132466",0.00354679399706127,0.708291708291708,0.748066591989608
"ENSG00000132467",-0.0380240618136746,0.0919080919080919,0.132329154013592
"ENSG00000132471",0.10610318509059,0.004995004995005,0.0309698899552726
"ENSG00000132475",0.143086110467639,0.002997002997003,0.0309698899552726
"ENSG00000132478",-0.0501330905486891,0.003996003996004,0.0309698899552726
"ENSG00000132485",-0.0494209992853673,0.026973026973027,0.0526151336084788
"ENSG00000132507",-8.25724081685479e-05,0.995004995004995,0.995584883021399
"ENSG00000132510",0.166562376128721,0.011988011988012,0.0350284289015142
"ENSG00000132530",0.0159085369998313,0.485514485514486,0.542984653537417
"ENSG00000132535",0.00300537582642075,0.884115884115884,0.901672156763807
"ENSG00000132549",0.0483820061642011,0.002997002997003,0.0309698899552726
"ENSG00000132570",-0.0496236286767131,0.002997002997003,0.0309698899552726
"ENSG00000132581",0.0688841513820058,0.002997002997003,0.0309698899552726
"ENSG00000132589",0.160053835515254,0.004995004995005,0.0309698899552726
"ENSG00000132591",-0.00647556329153895,0.651348651348651,0.697177421794451
"ENSG00000132600",-0.0547291234878225,0.00899100899100899,0.031668800133044
"ENSG00000132603",-0.0329175015732519,0.018981018981019,0.0430078970802953
"ENSG00000132604",-0.0243622487652716,0.100899100899101,0.143283161361857
"ENSG00000132612",0.00313599747104229,0.707292707292707,0.747339876582008
"ENSG00000132623",-0.0761529530729479,0.00699300699300699,0.0311612747652792
"ENSG00000132635",-0.0692352028801429,0.001998001998002,0.0309698899552726
"ENSG00000132640",0.00220866893392247,0.859140859140859,0.880985908289663
"ENSG00000132646",-0.048784048339388,0.017982017982018,0.0417277258366272
"ENSG00000132661",-0.0552619809818583,0.00899100899100899,0.031668800133044
"ENSG00000132664",-0.065610919433707,0.012987012987013,0.0360623664690208
"ENSG00000132669",0.000207415874941427,0.997002997002997,0.997251936577779
"ENSG00000132670",-0.041489989051887,0.010989010989011,0.0339239491564177
"ENSG00000132676",-0.0260922431589483,0.027972027972028,0.0538126832348059
"ENSG00000132680",-0.0251312265381546,0.00799200799200799,0.0313472428354935
"ENSG00000132694",0.119416236442203,0.00899100899100899,0.031668800133044
"ENSG00000132716",0.00686598563034547,0.397602397602398,0.457393090302059
"ENSG00000132718",-0.0211331146902003,0.345654345654346,0.406186948868087
"ENSG00000132740",0.0237235942077494,0.122877122877123,0.168577313097861
"ENSG00000132749",0.0699754266788469,0.022977022977023,0.0478078016166659
"ENSG00000132768",-0.0565713741569306,0.00699300699300699,0.0311612747652792
"ENSG00000132773",-0.0335157433942514,0.023976023976024,0.0489374755679103
"ENSG00000132780",-0.0173340485321715,0.042957042957043,0.0729589799685899
"ENSG00000132781",-0.0509971200941823,0.00599400599400599,0.0309698899552726
"ENSG00000132792",-0.0138280924778569,0.324675324675325,0.38556798932293
"ENSG00000132801",0.0130385473305922,0.257742257742258,0.315947210684053
"ENSG00000132819",0.0416758023350684,0.191808191808192,0.24520272834282
"ENSG00000132823",0.0922363592664948,0.00699300699300699,0.0311612747652792
"ENSG00000132824",0.0676552245489134,0.004995004995005,0.0309698899552726
"ENSG00000132825",0.113698604430833,0.003996003996004,0.0309698899552726
"ENSG00000132842",0.0313217528172802,0.001998001998002,0.0309698899552726
"ENSG00000132849",-0.0821346695667829,0.00999000999000999,0.0329382551604774
"ENSG00000132879",-0.0587436508182927,0.017982017982018,0.0417277258366272
"ENSG00000132906",0.098541304745468,0.004995004995005,0.0309698899552726
"ENSG00000132912",0.049631974779716,0.003996003996004,0.0309698899552726
"ENSG00000132950",-0.0172783205617785,0.244755244755245,0.302557964561668
"ENSG00000132952",-0.0480359018779117,0.00699300699300699,0.0311612747652792
"ENSG00000132953",-0.0648146597957291,0.004995004995005,0.0309698899552726
"ENSG00000132963",0.0150279524933608,0.423576423576424,0.483065236149313
"ENSG00000132964",-0.057599650270066,0.012987012987013,0.0360623664690208
"ENSG00000132965",0.208979453047477,0.002997002997003,0.0309698899552726
"ENSG00000132967",-0.0433688675795434,0.166833166833167,0.217721902378217
"ENSG00000133027",-0.0482901901416069,0.013986013986014,0.0370555370555371
"ENSG00000133028",-0.0414941630931503,0.003996003996004,0.0309698899552726
"ENSG00000133030",-0.0438336498614556,0.018981018981019,0.0430078970802953
"ENSG00000133056",-0.0552919395309065,0.0799200799200799,0.118024025618029
"ENSG00000133059",0.0178597626355924,0.0869130869130869,0.126486010961671
"ENSG00000133063",0.137474974681562,0.00699300699300699,0.0311612747652792
"ENSG00000133065",-0.0506388349404679,0.047952047952048,0.0794112873484515
"ENSG00000133069",0.0187228216274094,0.536463536463537,0.591216761230516
"ENSG00000133103",-0.0640926610998049,0.004995004995005,0.0309698899552726
"ENSG00000133104",0.0182742463042906,0.185814185814186,0.238606142228324
"ENSG00000133106",0.0486107198247348,0.216783216783217,0.272008843109282
"ENSG00000133111",-0.0535917344465666,0.0559440559440559,0.08933506036881
"ENSG00000133112",-0.148531855447409,0.012987012987013,0.0360623664690208
"ENSG00000133114",-0.0753174839658558,0.004995004995005,0.0309698899552726
"ENSG00000133119",-0.0284739212263216,0.0959040959040959,0.137195027327154
"ENSG00000133131",-0.082725078063032,0.00699300699300699,0.0311612747652792
"ENSG00000133134",-0.151658486827515,0.012987012987013,0.0360623664690208
"ENSG00000133136",0.103088753929699,0.000999000999000999,0.0309698899552726
"ENSG00000133142",-0.0667722101123796,0.00799200799200799,0.0313472428354935
"ENSG00000133193",0.0188661143108849,0.262737262737263,0.321251035057119
"ENSG00000133195",-0.0048974654145321,0.811188811188811,0.839695704811984
"ENSG00000133226",-0.0246085113222286,0.022977022977023,0.0478078016166659
"ENSG00000133243",-0.0457019686913953,0.00999000999000999,0.0329382551604774
"ENSG00000133246",0.131700032134157,0.00999000999000999,0.0329382551604774
"ENSG00000133256",-0.0491816629397607,0.030969030969031,0.0574804346232918
"ENSG00000133265",-0.029856781874979,0.128871128871129,0.175260068662807
"ENSG00000133275",0.0785152634272531,0.00799200799200799,0.0313472428354935
"ENSG00000133302",0.00533728620597413,0.774225774225774,0.806714527019712
"ENSG00000133313",0.00304297868384084,0.873126873126873,0.892965599628862
"ENSG00000133316",-0.0569276433963931,0.004995004995005,0.0309698899552726
"ENSG00000133317",0.02761686244719,0.253746253746254,0.311780234896481
"ENSG00000133318",0.139026949120571,0.003996003996004,0.0309698899552726
"ENSG00000133321",-0.0554857325824548,0.023976023976024,0.0489374755679103
"ENSG00000133393",-0.059229739367158,0.020979020979021,0.0454117208439975
"ENSG00000133398",-0.036078446666123,0.031968031968032,0.0588078690022667
"ENSG00000133422",-0.0460880417248788,0.041958041958042,0.0717489681633108
"ENSG00000133424",-0.0752668319667084,0.208791208791209,0.263355661970272
"ENSG00000133460",-0.046812318656441,0.0679320679320679,0.103657642509852
"ENSG00000133466",-0.00698480691629947,0.637362637362637,0.684096112871678
"ENSG00000133561",-0.0363689438325904,0.047952047952048,0.0794112873484515
"ENSG00000133574",0.021150446876631,0.044955044955045,0.0755305089151028
"ENSG00000133597",-0.0450435626748052,0.003996003996004,0.0309698899552726
"ENSG00000133606",0.0221942037580406,0.385614385614386,0.44560708522247
"ENSG00000133612",-0.0207076478621524,0.304695304695305,0.364796590140284
"ENSG00000133619",-0.0224238948475858,0.186813186813187,0.239684090863764
"ENSG00000133624",-0.0182420730867948,0.126873126873127,0.172953861021012
"ENSG00000133627",0.000192211750116255,0.985014985014985,0.987397621979322
"ENSG00000133639",0.02541747090364,0.037962037962038,0.0665831541488284
"ENSG00000133641",-0.0711881264158902,0.014985014985015,0.0380820279318905
"ENSG00000133657",-0.0188164050563527,0.04995004995005,0.0818292939339832
"ENSG00000133678",-0.0381274920563772,0.021978021978022,0.0464939039133723
"ENSG00000133687",0.164146460503515,0.024975024975025,0.0503016340120413
"ENSG00000133703",0.0573722975576973,0.000999000999000999,0.0309698899552726
"ENSG00000133704",0.00200678744542681,0.724275724275724,0.761801650126523
"ENSG00000133706",-0.0577136119503464,0.00799200799200799,0.0313472428354935
"ENSG00000133731",-0.0129368756708132,0.418581418581419,0.478049176899315
"ENSG00000133739",-0.11380973397817,0.013986013986014,0.0370555370555371
"ENSG00000133740",-0.0818217682355868,0.0959040959040959,0.137195027327154
"ENSG00000133742",0.0298775405550548,0.256743256743257,0.315011787599843
"ENSG00000133773",-0.0446369854652454,0.0969030969030969,0.138393513794583
"ENSG00000133789",-0.0375540393262928,0.192807192807193,0.246322615409466
"ENSG00000133794",0.0577543811121213,0.010989010989011,0.0339239491564177
"ENSG00000133805",0.0404983398590418,0.021978021978022,0.0464939039133723
"ENSG00000133808",0.117608261241175,0.003996003996004,0.0309698899552726
"ENSG00000133812",0.116158911073638,0.002997002997003,0.0309698899552726
"ENSG00000133816",0.103118031593312,0.00899100899100899,0.031668800133044
"ENSG00000133818",-0.0728453539875161,0.038961038961039,0.0678698023240711
"ENSG00000133835",-0.0101242714156214,0.482517482517482,0.540135535105729
"ENSG00000133858",0.015988633611462,0.0759240759240759,0.113433061220232
"ENSG00000133872",0.00984928952660753,0.416583416583417,0.476129291535854
"ENSG00000133874",0.0626270601965952,0.030969030969031,0.0574804346232918
"ENSG00000133884",0.0762628866490613,0.00699300699300699,0.0311612747652792
"ENSG00000133895",-0.0409230830375153,0.0739260739260739,0.110847605295515
"ENSG00000133935",-0.0420927165683669,0.031968031968032,0.0588078690022667
"ENSG00000133943",0.125578247784708,0.00599400599400599,0.0309698899552726
"ENSG00000133961",0.154845657526806,0.002997002997003,0.0309698899552726
"ENSG00000133962",-0.120621715779309,0.001998001998002,0.0309698899552726
"ENSG00000133983",-0.113450017095375,0.013986013986014,0.0370555370555371
"ENSG00000133985",-0.00406520270296535,0.78021978021978,0.812255831486601
"ENSG00000133997",-0.0113049150993387,0.0699300699300699,0.105979770544714
"ENSG00000134001",-0.0634663647502327,0.011988011988012,0.0350284289015142
"ENSG00000134013",0.0165624345874403,0.196803196803197,0.250363164939221
"ENSG00000134014",-0.0408253102571852,0.011988011988012,0.0350284289015142
"ENSG00000134030",-0.00560454201201979,0.802197802197802,0.831319581513597
"ENSG00000134046",0.0322684294889871,0.045954045954046,0.0767902842430095
"ENSG00000134049",-0.0925432978305023,0.016983016983017,0.0404964083535512
"ENSG00000134056",0.00675627219302828,0.63036963036963,0.677922346110266
"ENSG00000134057",-0.0395392000081153,0.195804195804196,0.249435533726397
"ENSG00000134058",0.0251001218115664,0.0649350649350649,0.100075610462889
"ENSG00000134070",0.0291966840361769,0.156843156843157,0.206795508386293
"ENSG00000134072",-0.00878255068305279,0.725274725274725,0.762652169774403
"ENSG00000134077",-0.055589361528552,0.003996003996004,0.0309698899552726
"ENSG00000134086",0.0168902028386087,0.000999000999000999,0.0309698899552726
"ENSG00000134107",0.0646643220722584,0.00999000999000999,0.0329382551604774
"ENSG00000134108",-0.0036911031394977,0.787212787212787,0.818118581522248
"ENSG00000134109",0.0180304747125708,0.047952047952048,0.0794112873484515
"ENSG00000134146",-0.0775060314044699,0.00899100899100899,0.031668800133044
"ENSG00000134152",0.105607294747055,0.00899100899100899,0.031668800133044
"ENSG00000134153",0.0401711325478255,0.000999000999000999,0.0309698899552726
"ENSG00000134186",-0.0134331218485966,0.353646353646354,0.414363057241092
"ENSG00000134198",0.152055737372344,0.022977022977023,0.0478078016166659
"ENSG00000134215",0.0708335500139564,0.001998001998002,0.0309698899552726
"ENSG00000134222",0.0761863730460579,0.012987012987013,0.0360623664690208
"ENSG00000134242",-0.0371448852005497,0.14985014985015,0.199368880870043
"ENSG00000134243",0.077402311070107,0.0549450549450549,0.0880322184148341
"ENSG00000134248",0.0733295625588914,0.00599400599400599,0.0309698899552726
"ENSG00000134250",0.0859607845373692,0.013986013986014,0.0370555370555371
"ENSG00000134255",-0.0383186328790743,0.013986013986014,0.0370555370555371
"ENSG00000134256",-0.00488371530120417,0.835164835164835,0.860143198989715
"ENSG00000134262",-0.0245123500604447,0.037962037962038,0.0665831541488284
"ENSG00000134265",-0.0143790747504675,0.221778221778222,0.27732084791704
"ENSG00000134278",-0.0151584406598046,0.500499500499501,0.557305938756879
"ENSG00000134283",-0.0400624073607537,0.001998001998002,0.0309698899552726
"ENSG00000134285",0.00126049902568347,0.942057942057942,0.951159568818982
"ENSG00000134287",0.0929130689577843,0.004995004995005,0.0309698899552726
"ENSG00000134291",-0.0672695924224165,0.00899100899100899,0.031668800133044
"ENSG00000134294",0.0089479756570003,0.394605394605395,0.454467430030439
"ENSG00000134297",-0.0388633343430195,0.00599400599400599,0.0309698899552726
"ENSG00000134308",-0.0356186698065822,0.028971028971029,0.0550211482575579
"ENSG00000134313",0.0716890601562057,0.001998001998002,0.0309698899552726
"ENSG00000134317",-0.0267657834583197,0.0569430569430569,0.0905693036450051
"ENSG00000134318",0.0136847271761113,0.137862137862138,0.185597308482936
"ENSG00000134324",-0.0636850254364926,0.001998001998002,0.0309698899552726
"ENSG00000134326",0.0721548489533747,0.108891108891109,0.152666046039821
"ENSG00000134330",-0.068224688800316,0.002997002997003,0.0309698899552726
"ENSG00000134333",-0.00325155807836916,0.822177822177822,0.849315202590087
"ENSG00000134352",-0.0638770536340729,0.028971028971029,0.0550211482575579
"ENSG00000134369",-0.053865867985987,0.011988011988012,0.0350284289015142
"ENSG00000134371",0.0146373757550142,0.0789210789210789,0.116778321407723
"ENSG00000134375",-0.0603683808224927,0.023976023976024,0.0489374755679103
"ENSG00000134419",-0.0881600440984003,0.018981018981019,0.0430078970802953
"ENSG00000134440",-0.015866695325424,0.376623376623377,0.437024209738316
"ENSG00000134444",0.00719896697348866,0.288711288711289,0.348646731082422
"ENSG00000134452",0.0179724388047501,0.115884115884116,0.160633829837982
"ENSG00000134453",-0.0326432605106218,0.00799200799200799,0.0313472428354935
"ENSG00000134461",-0.0441248078399691,0.0559440559440559,0.08933506036881
"ENSG00000134463",0.143851656010612,0.002997002997003,0.0309698899552726
"ENSG00000134470",0.0195849009776114,0.210789210789211,0.265541376862132
"ENSG00000134480",0.00682911041118827,0.495504495504495,0.552870952276764
"ENSG00000134489",0.0176613717261874,0.436563436563437,0.495806027274559
"ENSG00000134490",-0.0343582514142728,0.104895104895105,0.147874412977052
"ENSG00000134504",-0.00780794266421439,0.782217782217782,0.813983315152248
"ENSG00000134516",0.0725772416976865,0.004995004995005,0.0309698899552726
"ENSG00000134545",-0.069525511369684,0.118881118881119,0.164276565104437
"ENSG00000134571",0.147045125611577,0.013986013986014,0.0370555370555371
"ENSG00000134574",-0.0518900364288327,0.002997002997003,0.0309698899552726
"ENSG00000134575",-0.0184687670862154,0.352647352647353,0.413394058146302
"ENSG00000134594",-0.0635761126995326,0.016983016983017,0.0404964083535512
"ENSG00000134597",-0.0416809306176548,0.015984015984016,0.0392432899072327
"ENSG00000134602",-0.00911056214441101,0.225774225774226,0.281702101884826
"ENSG00000134627",-0.00724289553608074,0.689310689310689,0.731168213957269
"ENSG00000134644",-0.00857282754493983,0.325674325674326,0.386448859197674
"ENSG00000134684",-0.0117308376453893,0.480519480519481,0.538350248614069
"ENSG00000134686",0.237531372001246,0.003996003996004,0.0309698899552726
"ENSG00000134697",-0.0530467847783172,0.010989010989011,0.0339239491564177
"ENSG00000134698",0.152579367102274,0.003996003996004,0.0309698899552726
"ENSG00000134709",-0.123253690721467,0.024975024975025,0.0503016340120413
"ENSG00000134717",-0.0390901051462519,0.023976023976024,0.0489374755679103
"ENSG00000134744",-0.0425144459125753,0.00999000999000999,0.0329382551604774
"ENSG00000134748",-0.013870251310475,0.133866133866134,0.181008460486408
"ENSG00000134755",0.147767419607506,0.00699300699300699,0.0311612747652792
"ENSG00000134758",-0.0274936804176557,0.212787212787213,0.267637542990761
"ENSG00000134759",-0.0702748401480461,0.001998001998002,0.0309698899552726
"ENSG00000134779",-0.00544071534903745,0.642357642357642,0.688780705375994
"ENSG00000134802",-0.00459792172984055,0.843156843156843,0.866962606182319
"ENSG00000134809",-0.0500575592171079,0.00699300699300699,0.0311612747652792
"ENSG00000134815",0.170753486034931,0.00699300699300699,0.0311612747652792
"ENSG00000134824",-0.0690207508774103,0.0689310689310689,0.104835938548923
"ENSG00000134825",-0.0301262329039217,0.033966033966034,0.0614579638969883
"ENSG00000134827",0.14345661200867,0.001998001998002,0.0309698899552726
"ENSG00000134851",0.0360161312318448,0.047952047952048,0.0794112873484515
"ENSG00000134852",-0.0665325897708613,0.00799200799200799,0.0313472428354935
"ENSG00000134864",-0.0482489370957552,0.017982017982018,0.0417277258366272
"ENSG00000134882",-0.0186774331980431,0.00799200799200799,0.0313472428354935
"ENSG00000134884",-0.0255319093145236,0.158841158841159,0.209108669838213
"ENSG00000134897",-0.0927587961764175,0.00899100899100899,0.031668800133044
"ENSG00000134899",-0.0222750145985588,0.024975024975025,0.0503016340120413
"ENSG00000134900",-0.0525350216574935,0.00799200799200799,0.0313472428354935
"ENSG00000134905",0.0786772775407508,0.00599400599400599,0.0309698899552726
"ENSG00000134909",-0.0549787329975923,0.033966033966034,0.0614579638969883
"ENSG00000134910",-0.0089841637418418,0.304695304695305,0.364796590140284
"ENSG00000134955",0.0172598558386608,0.586413586413586,0.636977447714975
"ENSG00000134970",-0.00752029341211666,0.556443556443556,0.609269192906219
"ENSG00000134982",0.0802672119026403,0.003996003996004,0.0309698899552726
"ENSG00000134986",-0.0123593595896088,0.284715284715285,0.344444160630994
"ENSG00000134987",-0.0563235209684453,0.012987012987013,0.0360623664690208
"ENSG00000134996",0.114640770874638,0.002997002997003,0.0309698899552726
"ENSG00000135002",-0.0530695376784404,0.03996003996004,0.0691988127146629
"ENSG00000135018",-0.0209134372411386,0.016983016983017,0.0404964083535512
"ENSG00000135040",-0.0531609557825464,0.002997002997003,0.0309698899552726
"ENSG00000135045",-0.022344655481182,0.0739260739260739,0.110847605295515
"ENSG00000135046",-0.0781741002025545,0.0629370629370629,0.0977484650268315
"ENSG00000135047",-0.0726982484800328,0.028971028971029,0.0550211482575579
"ENSG00000135048",0.0651253854457642,0.001998001998002,0.0309698899552726
"ENSG00000135049",0.091975936577614,0.004995004995005,0.0309698899552726
"ENSG00000135052",0.0143468770996864,0.485514485514486,0.542984653537417
"ENSG00000135070",-0.0245142694178299,0.175824175824176,0.227699886320576
"ENSG00000135074",0.119169798915668,0.003996003996004,0.0309698899552726
"ENSG00000135077",-0.0261499185478452,0.356643356643357,0.417305019972725
"ENSG00000135083",0.226814961359836,0.00599400599400599,0.0309698899552726
"ENSG00000135090",0.0403060571838776,0.003996003996004,0.0309698899552726
"ENSG00000135093",-0.0112661402464392,0.124875124875125,0.170791993939826
"ENSG00000135108",-0.0495187945079239,0.014985014985015,0.0380820279318905
"ENSG00000135114",0.189754681884044,0.004995004995005,0.0309698899552726
"ENSG00000135124",-0.024132448126114,0.0619380619380619,0.0965087032764979
"ENSG00000135127",-0.0664718809265525,0.010989010989011,0.0339239491564177
"ENSG00000135144",-0.0451993430633339,0.271728271728272,0.330964869730452
"ENSG00000135148",0.117990171007041,0.002997002997003,0.0309698899552726
"ENSG00000135164",-0.0230442156157278,0.00999000999000999,0.0329382551604774
"ENSG00000135185",-0.0714975767044683,0.003996003996004,0.0309698899552726
"ENSG00000135205",0.0519234461297333,0.040959040959041,0.0705122123257061
"ENSG00000135211",0.00176898132651111,0.855144855144855,0.877262558184453
"ENSG00000135213",-0.0115836625930173,0.364635364635365,0.425166179507889
"ENSG00000135218",-0.0137504801109722,0.714285714285714,0.753205730831422
"ENSG00000135241",0.00234537976712203,0.915084915084915,0.928293281800499
"ENSG00000135249",-0.045511067897899,0.014985014985015,0.0380820279318905
"ENSG00000135250",0.100526160579628,0.00599400599400599,0.0309698899552726
"ENSG00000135269",-0.0306158194536495,0.040959040959041,0.0705122123257061
"ENSG00000135272",-0.0801989915267321,0.013986013986014,0.0370555370555371
"ENSG00000135297",-0.0557439945380102,0.003996003996004,0.0309698899552726
"ENSG00000135299",0.0499994618091531,0.032967032967033,0.0601301870083172
"ENSG00000135315",-0.0121280376327039,0.536463536463537,0.591216761230516
"ENSG00000135316",-0.0605858602974993,0.011988011988012,0.0350284289015142
"ENSG00000135317",-0.0393390459721572,0.025974025974026,0.0514006000585945
"ENSG00000135318",-0.0577011457340227,0.174825174825175,0.226625925040336
"ENSG00000135334",0.0748142473403913,0.00699300699300699,0.0311612747652792
"ENSG00000135336",-0.0519700144329404,0.011988011988012,0.0350284289015142
"ENSG00000135341",-0.00613362511520837,0.446553446553447,0.505432220821183
"ENSG00000135363",0.0730774326050764,0.010989010989011,0.0339239491564177
"ENSG00000135365",0.101374233229697,0.00799200799200799,0.0313472428354935
"ENSG00000135372",-0.0528989334535708,0.017982017982018,0.0417277258366272
"ENSG00000135378",0.232804047929946,0.00699300699300699,0.0311612747652792
"ENSG00000135387",-0.00406058208742679,0.619380619380619,0.667657752598106
"ENSG00000135390",-0.0194089600753689,0.0819180819180819,0.120368200084547
"ENSG00000135392",0.0314645863673683,0.004995004995005,0.0309698899552726
"ENSG00000135404",0.0906902838701066,0.004995004995005,0.0309698899552726
"ENSG00000135407",0.128027860670473,0.01998001998002,0.044196554411905
"ENSG00000135414",-0.0728190673559777,0.013986013986014,0.0370555370555371
"ENSG00000135426",-0.089897889167004,0.010989010989011,0.0339239491564177
"ENSG00000135439",0.0475127289623485,0.033966033966034,0.0614579638969883
"ENSG00000135441",0.0357734417515568,0.0769230769230769,0.114541139692918
"ENSG00000135446",-0.0429899834745658,0.010989010989011,0.0339239491564177
"ENSG00000135451",0.0544337152442187,0.0699300699300699,0.105979770544714
"ENSG00000135452",-0.0338032421560909,0.004995004995005,0.0309698899552726
"ENSG00000135457",0.00654786564889937,0.512487512487512,0.568704979231295
"ENSG00000135469",-0.0573259187295575,0.017982017982018,0.0417277258366272
"ENSG00000135473",-0.0566260057578208,0.00699300699300699,0.0311612747652792
"ENSG00000135482",0.0142328976038696,0.0649350649350649,0.100075610462889
"ENSG00000135486",-0.0680572995369999,0.010989010989011,0.0339239491564177
"ENSG00000135503",0.0569239911691207,0.020979020979021,0.0454117208439975
"ENSG00000135506",0.0964011065642653,0.004995004995005,0.0309698899552726
"ENSG00000135519",-0.0131943221189708,0.438561438561439,0.497745903166623
"ENSG00000135521",-0.0516383808334354,0.012987012987013,0.0360623664690208
"ENSG00000135525",0.115334149357896,0.01998001998002,0.044196554411905
"ENSG00000135535",0.00544809960181407,0.654345654345654,0.70007353992042
"ENSG00000135537",-0.0575230426007792,0.014985014985015,0.0380820279318905
"ENSG00000135541",-0.0329952544479746,0.234765234765235,0.291377526738469
"ENSG00000135587",0.00507861937247827,0.446553446553447,0.505432220821183
"ENSG00000135596",0.0586814299275787,0.04995004995005,0.0818292939339832
"ENSG00000135597",-0.0559914946907575,0.00599400599400599,0.0309698899552726
"ENSG00000135604",0.178834681812406,0.00699300699300699,0.0311612747652792
"ENSG00000135617",-0.0249864409455088,0.0939060939060939,0.134753843171754
"ENSG00000135622",-0.070175390432431,0.012987012987013,0.0360623664690208
"ENSG00000135624",-0.0335143474984512,0.01998001998002,0.044196554411905
"ENSG00000135631",-0.0812299640253887,0.00599400599400599,0.0309698899552726
"ENSG00000135632",-0.0538320755854158,0.037962037962038,0.0665831541488284
"ENSG00000135636",0.272945084076233,0.004995004995005,0.0309698899552726
"ENSG00000135637",-0.0128801712085692,0.17982017982018,0.232074626404523
"ENSG00000135655",0.0870306169474834,0.004995004995005,0.0309698899552726
"ENSG00000135677",0.0949693378955017,0.015984015984016,0.0392432899072327
"ENSG00000135678",0.00641504689597643,0.826173826173826,0.852563716551352
"ENSG00000135679",0.0832898930901594,0.002997002997003,0.0309698899552726
"ENSG00000135686",-0.0134012243072667,0.132867132867133,0.179819504819505
"ENSG00000135698",-0.0548843286247008,0.015984015984016,0.0392432899072327
"ENSG00000135709",0.128166328317531,0.003996003996004,0.0309698899552726
"ENSG00000135720",0.0302341729163063,0.001998001998002,0.0309698899552726
"ENSG00000135723",0.0338730985709541,0.123876123876124,0.169696028353272
"ENSG00000135736",-0.0355761195498287,0.160839160839161,0.211206843855445
"ENSG00000135749",-0.0862912617215337,0.002997002997003,0.0309698899552726
"ENSG00000135763",-0.0473249333020827,0.016983016983017,0.0404964083535512
"ENSG00000135766",0.177695576123083,0.004995004995005,0.0309698899552726
"ENSG00000135775",-0.0533805195205764,0.004995004995005,0.0309698899552726
"ENSG00000135776",-0.0275405469547298,0.050949050949051,0.0830019919080513
"ENSG00000135778",-0.0559252853016069,0.003996003996004,0.0309698899552726
"ENSG00000135801",-0.0172427059975897,0.0609390609390609,0.0952980656298809
"ENSG00000135821",0.142830418939705,0.003996003996004,0.0309698899552726
"ENSG00000135823",0.0467638819365524,0.004995004995005,0.0309698899552726
"ENSG00000135828",0.111207363375972,0.002997002997003,0.0309698899552726
"ENSG00000135829",-0.0179131104770086,0.0849150849150849,0.123968597000667
"ENSG00000135837",0.0127564436170979,0.01998001998002,0.044196554411905
"ENSG00000135842",0.245057678797479,0.003996003996004,0.0309698899552726
"ENSG00000135845",0.00236809254635115,0.784215784215784,0.815497559462256
"ENSG00000135847",-0.0534158006339122,0.001998001998002,0.0309698899552726
"ENSG00000135862",-0.0297752458939623,0.597402597402597,0.646809406809407
"ENSG00000135870",0.0926381080414869,0.00699300699300699,0.0311612747652792
"ENSG00000135898",-0.0313924807254393,0.158841158841159,0.209108669838213
"ENSG00000135899",0.10120589931558,0.004995004995005,0.0309698899552726
"ENSG00000135900",0.0363861980544556,0.00599400599400599,0.0309698899552726
"ENSG00000135905",-0.0604297981454483,0.012987012987013,0.0360623664690208
"ENSG00000135912",0.070972111158018,0.002997002997003,0.0309698899552726
"ENSG00000135913",-0.0464473056121522,0.004995004995005,0.0309698899552726
"ENSG00000135916",-0.0595236257921724,0.00699300699300699,0.0311612747652792
"ENSG00000135924",0.0290171416613031,0.252747252747253,0.310648034722488
"ENSG00000135926",0.0784614718711143,0.003996003996004,0.0309698899552726
"ENSG00000135930",0.0187925300706849,0.00699300699300699,0.0311612747652792
"ENSG00000135932",0.0923416510961387,0.001998001998002,0.0309698899552726
"ENSG00000135940",0.011458656215659,0.288711288711289,0.348646731082422
"ENSG00000135945",-0.0217940523441426,0.025974025974026,0.0514006000585945
"ENSG00000135951",-0.0785938487968504,0.014985014985015,0.0380820279318905
"ENSG00000135953",0.015152436351815,0.474525474525474,0.532727431372924
"ENSG00000135956",0.124205904086671,0.002997002997003,0.0309698899552726
"ENSG00000135960",-0.0978385381481805,0.134865134865135,0.1822157606306
"ENSG00000135966",-0.0382988479926599,0.027972027972028,0.0538126832348059
"ENSG00000135968",-0.047285019114532,0.014985014985015,0.0380820279318905
"ENSG00000135972",-0.0456434608447343,0.015984015984016,0.0392432899072327
"ENSG00000135974",-0.0396424183221085,0.015984015984016,0.0392432899072327
"ENSG00000135976",-0.0893356821663686,0.004995004995005,0.0309698899552726
"ENSG00000135999",-0.00153313842020997,0.86013986013986,0.881709385803552
"ENSG00000136003",0.0199771590737429,0.00999000999000999,0.0329382551604774
"ENSG00000136014",-0.0995400768039286,0.0609390609390609,0.0952980656298809
"ENSG00000136021",0.0306354211892453,0.02997002997003,0.0561377525217924
"ENSG00000136026",0.182700988648166,0.00699300699300699,0.0311612747652792
"ENSG00000136040",0.183128287014352,0.003996003996004,0.0309698899552726
"ENSG00000136044",0.0529424187363215,0.018981018981019,0.0430078970802953
"ENSG00000136045",-0.0520495422000733,0.00699300699300699,0.0311612747652792
"ENSG00000136048",0.0679662888339835,0.020979020979021,0.0454117208439975
"ENSG00000136051",0.0478455303883469,0.02997002997003,0.0561377525217924
"ENSG00000136052",-0.0396340348590935,0.0979020979020979,0.139704038540419
"ENSG00000136068",-0.033567513507307,0.215784215784216,0.270896762278774
"ENSG00000136098",-0.0806576142533384,0.010989010989011,0.0339239491564177
"ENSG00000136100",-0.0379642412582099,0.026973026973027,0.0526151336084788
"ENSG00000136104",-0.060218351608738,0.010989010989011,0.0339239491564177
"ENSG00000136108",-0.0270660713937715,0.147852147852148,0.197103395772281
"ENSG00000136111",-0.0948845625743431,0.021978021978022,0.0464939039133723
"ENSG00000136122",-0.0498356524844374,0.0589410589410589,0.0929842014116102
"ENSG00000136141",-0.0233359919932604,0.043956043956044,0.0742673606444167
"ENSG00000136143",-0.063244709444423,0.014985014985015,0.0380820279318905
"ENSG00000136144",0.00270568520868984,0.667332667332667,0.711687283344041
"ENSG00000136146",0.0018684390433,0.831168831168831,0.856761901791493
"ENSG00000136147",0.0168764311306172,0.050949050949051,0.0830019919080513
"ENSG00000136149",-0.0892166919214513,0.0629370629370629,0.0977484650268315
"ENSG00000136152",-0.0213307768886354,0.00599400599400599,0.0309698899552726
"ENSG00000136153",-0.0749348295828361,0.02997002997003,0.0561377525217924
"ENSG00000136156",0.163406044590609,0.003996003996004,0.0309698899552726
"ENSG00000136159",-0.061082061716285,0.032967032967033,0.0601301870083172
"ENSG00000136161",0.0775870368958328,0.002997002997003,0.0309698899552726
"ENSG00000136167",0.132076524791762,0.001998001998002,0.0309698899552726
"ENSG00000136169",-0.0798556563588059,0.004995004995005,0.0309698899552726
"ENSG00000136193",-0.0404249809611491,0.0829170829170829,0.121538907488414
"ENSG00000136197",0.0432802080115927,0.048951048951049,0.0806102639481647
"ENSG00000136205",0.0262967827845458,0.347652347652348,0.408175646159234
"ENSG00000136213",-0.0242977808538347,0.463536463536464,0.522244419122642
"ENSG00000136231",0.0262646757043624,0.286713286713287,0.346756594517488
"ENSG00000136238",0.111966549985876,0.001998001998002,0.0309698899552726
"ENSG00000136240",0.00164606408920336,0.824175824175824,0.85072103881689
"ENSG00000136243",-0.0567721548460243,0.010989010989011,0.0339239491564177
"ENSG00000136247",-0.030591109231258,0.015984015984016,0.0392432899072327
"ENSG00000136250",0.0650631370592444,0.040959040959041,0.0705122123257061
"ENSG00000136261",-0.0427539041993505,0.030969030969031,0.0574804346232918
"ENSG00000136270",-0.0361040514548652,0.015984015984016,0.0392432899072327
"ENSG00000136271",-0.0350998584740692,0.00899100899100899,0.031668800133044
"ENSG00000136273",-0.041179542879932,0.004995004995005,0.0309698899552726
"ENSG00000136279",0.0842255095057116,0.00599400599400599,0.0309698899552726
"ENSG00000136280",0.0746646092618503,0.003996003996004,0.0309698899552726
"ENSG00000136286",-0.0157732880581573,0.371628371628372,0.432062471725817
"ENSG00000136295",-0.003205706991932,0.916083916083916,0.929149844163769
"ENSG00000136305",0.0551247983477261,0.024975024975025,0.0503016340120413
"ENSG00000136319",-0.0394942940099652,0.010989010989011,0.0339239491564177
"ENSG00000136371",0.120763514513517,0.00699300699300699,0.0311612747652792
"ENSG00000136381",-0.0044656439909998,0.519480519480519,0.575773944767766
"ENSG00000136404",0.142025347331232,0.004995004995005,0.0309698899552726
"ENSG00000136436",0.0446804873966143,0.015984015984016,0.0392432899072327
"ENSG00000136444",-0.063695435423095,0.001998001998002,0.0309698899552726
"ENSG00000136448",-0.0105897222891088,0.338661338661339,0.399375131786083
"ENSG00000136450",-0.0106441374850797,0.0879120879120879,0.127615348777325
"ENSG00000136451",0.0293508908255284,0.00999000999000999,0.0329382551604774
"ENSG00000136463",-0.0284181123984355,0.014985014985015,0.0380820279318905
"ENSG00000136478",-0.0141358869501237,0.218781218781219,0.274115167568045
"ENSG00000136485",0.0047448216364115,0.778221778221778,0.810386390318805
"ENSG00000136490",0.0560899556466074,0.004995004995005,0.0309698899552726
"ENSG00000136492",-0.0453478426200194,0.0979020979020979,0.139704038540419
"ENSG00000136504",0.0171905753685042,0.125874125874126,0.171884472759373
"ENSG00000136514",-0.0270192160401503,0.254745254745255,0.312911740753114
"ENSG00000136518",-0.0631990710072588,0.002997002997003,0.0309698899552726
"ENSG00000136521",-0.0399025758703951,0.104895104895105,0.147874412977052
"ENSG00000136522",-0.0918753776117418,0.047952047952048,0.0794112873484515
"ENSG00000136527",-0.0466607576578463,0.00699300699300699,0.0311612747652792
"ENSG00000136536",0.0771994096392675,0.00699300699300699,0.0311612747652792
"ENSG00000136541",-0.0112253620580898,0.476523476523477,0.534571001667053
"ENSG00000136560",0.0647023985792245,0.004995004995005,0.0309698899552726
"ENSG00000136603",0.0245400070397076,0.163836163836164,0.214486167427344
"ENSG00000136628",-0.061050727956742,0.00899100899100899,0.031668800133044
"ENSG00000136630",0.218993240728638,0.001998001998002,0.0309698899552726
"ENSG00000136631",-0.0514446871056904,0.014985014985015,0.0380820279318905
"ENSG00000136636",-0.0460684414050793,0.0649350649350649,0.100075610462889
"ENSG00000136643",-0.0207029150828869,0.13986013986014,0.18792924427987
"ENSG00000136653",0.0858789369215605,0.00599400599400599,0.0309698899552726
"ENSG00000136682",-0.0311522867312692,0.0779220779220779,0.115641829151338
"ENSG00000136689",0.21366548104989,0.003996003996004,0.0309698899552726
"ENSG00000136699",-0.0493957622838482,0.00799200799200799,0.0313472428354935
"ENSG00000136709",-0.0226205684078549,0.03996003996004,0.0691988127146629
"ENSG00000136710",-0.0190396710757019,0.0899100899100899,0.130013170561841
"ENSG00000136715",0.0410798956778846,0.013986013986014,0.0370555370555371
"ENSG00000136717",-0.0598250036863212,0.014985014985015,0.0380820279318905
"ENSG00000136718",-0.0468975722608172,0.013986013986014,0.0370555370555371
"ENSG00000136720",0.0200572512039303,0.205794205794206,0.260203552365572
"ENSG00000136731",0.0359756737182165,0.00999000999000999,0.0329382551604774
"ENSG00000136732",0.0433087887322161,0.0859140859140859,0.125168564009636
"ENSG00000136738",-0.00447068550801841,0.615384615384615,0.663826614100378
"ENSG00000136754",0.0521575415722376,0.002997002997003,0.0309698899552726
"ENSG00000136758",0.00709414667959365,0.275724275724276,0.334983253705453
"ENSG00000136770",-0.0373276139043886,0.0719280719280719,0.108379083303858
"ENSG00000136783",-0.0652255872350067,0.0939060939060939,0.134753843171754
"ENSG00000136802",0.0172836936197612,0.424575424575425,0.484020816974716
"ENSG00000136807",0.0149481205331174,0.284715284715285,0.344444160630994
"ENSG00000136810",0.0754143437562418,0.0649350649350649,0.100075610462889
"ENSG00000136811",-0.0185078475641909,0.162837162837163,0.213410798579828
"ENSG00000136813",-0.0120854558310472,0.22977022977023,0.285768252238293
"ENSG00000136816",0.0907331087858855,0.00599400599400599,0.0309698899552726
"ENSG00000136819",0.0123916781750139,0.452547452547453,0.511590187631952
"ENSG00000136824",-0.0714556631178805,0.00999000999000999,0.0329382551604774
"ENSG00000136826",0.0145970515284027,0.615384615384615,0.663826614100378
"ENSG00000136827",0.0475317237806864,0.00699300699300699,0.0311612747652792
"ENSG00000136828",0.0238174580458999,0.160839160839161,0.211206843855445
"ENSG00000136830",0.0116376491796521,0.749250749250749,0.784158800356658
"ENSG00000136842",0.0278521552656983,0.368631368631369,0.429242494740024
"ENSG00000136856",-0.0211871158794639,0.3996003996004,0.459251946294119
"ENSG00000136861",-0.0272400942339049,0.016983016983017,0.0404964083535512
"ENSG00000136866",-0.0773999143300057,0.0589410589410589,0.0929842014116102
"ENSG00000136867",0.147685729689702,0.011988011988012,0.0350284289015142
"ENSG00000136868",0.067251778543863,0.027972027972028,0.0538126832348059
"ENSG00000136869",0.187051221914123,0.002997002997003,0.0309698899552726
"ENSG00000136870",-0.0263910751768328,0.0769230769230769,0.114541139692918
"ENSG00000136874",-0.0318716715153059,0.00799200799200799,0.0313472428354935
"ENSG00000136875",0.0110490604444546,0.297702297702298,0.358029241847915
"ENSG00000136877",-0.0467777219207787,0.004995004995005,0.0309698899552726
"ENSG00000136878",-0.0182544654654622,0.295704295704296,0.355946937677707
"ENSG00000136888",-0.0254324803515253,0.397602397602398,0.457393090302059
"ENSG00000136891",-0.060279470942387,0.00999000999000999,0.0329382551604774
"ENSG00000136895",-0.0544298004401832,0.031968031968032,0.0588078690022667
"ENSG00000136897",-0.0909484017612759,0.01998001998002,0.044196554411905
"ENSG00000136908",0.0402008320307932,0.152847152847153,0.20252669050905
"ENSG00000136925",-0.037843671519948,0.013986013986014,0.0370555370555371
"ENSG00000136929",0.0499584714578532,0.046953046953047,0.078144539299504
"ENSG00000136930",-0.0158039755139345,0.101898101898102,0.144513970806159
"ENSG00000136932",0.0106954658745467,0.351648351648352,0.412383869058342
"ENSG00000136933",0.0202940346803133,0.0729270729270729,0.10954100267936
"ENSG00000136935",-0.00325127103262675,0.68031968031968,0.723099134879448
"ENSG00000136936",-0.0794507989426799,0.002997002997003,0.0309698899552726
"ENSG00000136937",-0.0537185334943497,0.002997002997003,0.0309698899552726
"ENSG00000136938",-0.0142848833274463,0.278721278721279,0.338077546192201
"ENSG00000136940",-0.0101501743644916,0.247752247752248,0.305634008775048
"ENSG00000136942",-0.147218590837738,0.017982017982018,0.0417277258366272
"ENSG00000136950",-0.0361750036287649,0.041958041958042,0.0717489681633108
"ENSG00000136960",0.0226767879054672,0.294705294705295,0.355028892518868
"ENSG00000136986",-0.00939107198298977,0.177822177822178,0.229866293757872
"ENSG00000136997",-0.062077418898689,0.04995004995005,0.0818292939339832
"ENSG00000136999",0.203537785548269,0.00899100899100899,0.031668800133044
"ENSG00000137038",-0.0915375969823394,0.010989010989011,0.0339239491564177
"ENSG00000137040",-0.0631840004575653,0.040959040959041,0.0705122123257061
"ENSG00000137054",-0.0711240260264427,0.004995004995005,0.0309698899552726
"ENSG00000137055",-0.00254712456198887,0.632367632367632,0.679706126982757
"ENSG00000137070",-0.0808541687956837,0.004995004995005,0.0309698899552726
"ENSG00000137073",-0.0160859854912589,0.180819180819181,0.233188637738482
"ENSG00000137074",-0.0504888633221185,0.003996003996004,0.0309698899552726
"ENSG00000137075",0.0107421781089971,0.148851148851149,0.198281213355476
"ENSG00000137076",0.117393293095228,0.020979020979021,0.0454117208439975
"ENSG00000137094",0.152215477430843,0.012987012987013,0.0360623664690208
"ENSG00000137100",0.0279933099722772,0.001998001998002,0.0309698899552726
"ENSG00000137106",-0.0538420903693664,0.001998001998002,0.0309698899552726
"ENSG00000137124",-0.0507112274317427,0.013986013986014,0.0370555370555371
"ENSG00000137133",-0.0521650715132784,0.00799200799200799,0.0313472428354935
"ENSG00000137145",-0.0459133303966633,0.004995004995005,0.0309698899552726
"ENSG00000137154",-0.141109490658983,0.00999000999000999,0.0329382551604774
"ENSG00000137161",0.103156548129309,0.001998001998002,0.0309698899552726
"ENSG00000137168",-0.0768503471295648,0.00599400599400599,0.0309698899552726
"ENSG00000137171",0.036043068283029,0.042957042957043,0.0729589799685899
"ENSG00000137177",0.176913232322164,0.003996003996004,0.0309698899552726
"ENSG00000137185",-0.00346892982496748,0.679320679320679,0.722356744299763
"ENSG00000137193",0.048759392819554,0.0849150849150849,0.123968597000667
"ENSG00000137198",0.048394475279643,0.137862137862138,0.185597308482936
"ENSG00000137200",-0.00467871494469822,0.691308691308691,0.73289942238425
"ENSG00000137207",0.12063726404281,0.004995004995005,0.0309698899552726
"ENSG00000137210",-0.0415112693306284,0.023976023976024,0.0489374755679103
"ENSG00000137216",0.0665361473458884,0.0619380619380619,0.0965087032764979
"ENSG00000137221",-0.0156680495753286,0.227772227772228,0.283664936100169
"ENSG00000137259",-0.011073030286896,0.697302697302697,0.738147081492453
"ENSG00000137261",0.21849435105084,0.00699300699300699,0.0311612747652792
"ENSG00000137265",-0.0252762842279237,0.222777222777223,0.278425193774611
"ENSG00000137266",-0.0160596662538386,0.302697302697303,0.362765873934601
"ENSG00000137269",-0.0374873099580567,0.0889110889110889,0.128801044664111
"ENSG00000137274",-0.0798676478005268,0.004995004995005,0.0309698899552726
"ENSG00000137275",0.0467439218704709,0.003996003996004,0.0309698899552726
"ENSG00000137288",-0.0680078341715398,0.00899100899100899,0.031668800133044
"ENSG00000137309",-0.0622412865832787,0.00899100899100899,0.031668800133044
"ENSG00000137364",-0.026337386190388,0.250749250749251,0.308634217073381
"ENSG00000137393",0.151714278581184,0.001998001998002,0.0309698899552726
"ENSG00000137409",0.0573269983189682,0.001998001998002,0.0309698899552726
"ENSG00000137413",0.0222893241605293,0.0729270729270729,0.10954100267936
"ENSG00000137414",0.150109466264617,0.002997002997003,0.0309698899552726
"ENSG00000137441",-0.0971733077273749,0.157842157842158,0.20804420409597
"ENSG00000137449",0.0980574697027085,0.011988011988012,0.0350284289015142
"ENSG00000137478",0.000577238433448479,0.911088911088911,0.925098558082674
"ENSG00000137492",-0.0337470345280005,0.120879120879121,0.166539639427407
"ENSG00000137494",-0.0306862109417191,0.001998001998002,0.0309698899552726
"ENSG00000137496",-0.0280024770401793,0.164835164835165,0.215512294494018
"ENSG00000137497",-0.0217238346070763,0.248751248751249,0.306677524363203
"ENSG00000137500",-0.0541055131030575,0.00999000999000999,0.0329382551604774
"ENSG00000137501",-0.0433240312692775,0.233766233766234,0.290197561967007
"ENSG00000137502",-0.0629323626542495,0.0839160839160839,0.12274872158027
"ENSG00000137504",-0.0569623462242495,0.004995004995005,0.0309698899552726
"ENSG00000137509",0.0962657708016403,0.003996003996004,0.0309698899552726
"ENSG00000137513",-0.0736538853501589,0.00799200799200799,0.0313472428354935
"ENSG00000137522",-0.0296464117564891,0.016983016983017,0.0404964083535512
"ENSG00000137547",-0.0721662333600517,0.030969030969031,0.0574804346232918
"ENSG00000137574",-0.0372154519637203,0.004995004995005,0.0309698899552726
"ENSG00000137575",0.185863868057919,0.001998001998002,0.0309698899552726
"ENSG00000137601",-0.0759632754552183,0.011988011988012,0.0350284289015142
"ENSG00000137628",-0.00286744918224068,0.874125874125874,0.893607073430143
"ENSG00000137642",0.175435420011222,0.00699300699300699,0.0311612747652792
"ENSG00000137656",0.00712361939606118,0.385614385614386,0.44560708522247
"ENSG00000137692",-0.0738997789299209,0.037962037962038,0.0665831541488284
"ENSG00000137700",-0.0332538277745845,0.0799200799200799,0.118024025618029
"ENSG00000137710",-0.0311522768178288,0.140859140859141,0.189123578912429
"ENSG00000137713",-0.0325411511212924,0.012987012987013,0.0360623664690208
"ENSG00000137714",-0.0589145703323555,0.022977022977023,0.0478078016166659
"ENSG00000137720",-0.0758746944622989,0.044955044955045,0.0755305089151028
"ENSG00000137752",0.0751795588106319,0.00999000999000999,0.0329382551604774
"ENSG00000137760",-0.0653017414068868,0.00899100899100899,0.031668800133044
"ENSG00000137764",-0.0478565032852748,0.013986013986014,0.0370555370555371
"ENSG00000137767",0.119732542032685,0.002997002997003,0.0309698899552726
"ENSG00000137770",-0.0460322006636177,0.00699300699300699,0.0311612747652792
"ENSG00000137776",-0.0168358363891564,0.0549450549450549,0.0880322184148341
"ENSG00000137801",0.0378548829625278,0.260739260739261,0.319035271387135
"ENSG00000137802",-0.0140620896696237,0.392607392607393,0.452513248715416
"ENSG00000137804",-0.0414340506262112,0.217782217782218,0.273091265996107
"ENSG00000137806",0.0306638567095522,0.021978021978022,0.0464939039133723
"ENSG00000137807",0.0147540234393571,0.618381618381618,0.666700483512182
"ENSG00000137812",-0.0226912992703209,0.430569430569431,0.490063776549239
"ENSG00000137814",-0.0468416021600864,0.023976023976024,0.0489374755679103
"ENSG00000137815",0.0580611320489269,0.002997002997003,0.0309698899552726
"ENSG00000137817",-0.026324841287369,0.0549450549450549,0.0880322184148341
"ENSG00000137818",-0.0420743300916681,0.103896103896104,0.146724251072077
"ENSG00000137822",-0.0516575983839709,0.003996003996004,0.0309698899552726
"ENSG00000137824",-0.0336884329106313,0.0619380619380619,0.0965087032764979
"ENSG00000137831",-0.0420900844550067,0.193806193806194,0.2472834522946
"ENSG00000137841",0.0916252244046488,0.00899100899100899,0.031668800133044
"ENSG00000137842",-0.0357420051004254,0.028971028971029,0.0550211482575579
"ENSG00000137845",0.0496567993756258,0.00699300699300699,0.0311612747652792
"ENSG00000137871",-0.0646708708424816,0.00599400599400599,0.0309698899552726
"ENSG00000137876",-0.1185023417996,0.0539460539460539,0.0868019381876659
"ENSG00000137880",-0.0642608668328412,0.001998001998002,0.0309698899552726
"ENSG00000137942",-0.015823624495886,0.130869130869131,0.17743515509761
"ENSG00000137944",-0.00353151017311754,0.765234765234765,0.798107385975129
"ENSG00000137947",0.013345106705624,0.493506493506494,0.550948540544453
"ENSG00000137955",-0.07001765345538,0.00699300699300699,0.0311612747652792
"ENSG00000137965",0.00441600222061325,0.908091908091908,0.922523123537494
"ENSG00000137970",-0.202986446643389,0.027972027972028,0.0538126832348059
"ENSG00000137992",-0.0424851931882596,0.012987012987013,0.0360623664690208
"ENSG00000137996",-0.022888870250658,0.018981018981019,0.0430078970802953
"ENSG00000138002",-0.0602456229808006,0.000999000999000999,0.0309698899552726
"ENSG00000138018",-0.053989259923137,0.00699300699300699,0.0311612747652792
"ENSG00000138029",0.0378799636497571,0.00899100899100899,0.031668800133044
"ENSG00000138031",-0.0327697251483832,0.012987012987013,0.0360623664690208
"ENSG00000138032",0.0372454221538642,0.00999000999000999,0.0329382551604774
"ENSG00000138035",-0.0484293135780697,0.011988011988012,0.0350284289015142
"ENSG00000138036",-0.117183360249691,0.00599400599400599,0.0309698899552726
"ENSG00000138041",0.00256443749664246,0.819180819180819,0.846655924055305
"ENSG00000138050",-0.0615851774097553,0.027972027972028,0.0538126832348059
"ENSG00000138061",0.00971646467703882,0.794205794205794,0.824388083845676
"ENSG00000138069",0.06826852067624,0.003996003996004,0.0309698899552726
"ENSG00000138071",0.0746987459873732,0.001998001998002,0.0309698899552726
"ENSG00000138073",-0.00124085037811444,0.858141858141858,0.880111695779899
"ENSG00000138074",-0.0386875153624757,0.032967032967033,0.0601301870083172
"ENSG00000138078",-0.0592996394606306,0.00599400599400599,0.0309698899552726
"ENSG00000138081",0.0214771979009306,0.130869130869131,0.17743515509761
"ENSG00000138085",-0.0433406771523299,0.00799200799200799,0.0313472428354935
"ENSG00000138092",-0.0115096987831929,0.553446553446553,0.606927701370625
"ENSG00000138095",-0.0763733163108715,0.003996003996004,0.0309698899552726
"ENSG00000138101",-0.0420900018744771,0.017982017982018,0.0417277258366272
"ENSG00000138107",0.0650448254916601,0.002997002997003,0.0309698899552726
"ENSG00000138111",0.0541904042013415,0.041958041958042,0.0717489681633108
"ENSG00000138119",-0.00734381127044481,0.87012987012987,0.89043092466117
"ENSG00000138134",-0.074730665468136,0.00999000999000999,0.0329382551604774
"ENSG00000138138",-0.0570917663043893,0.018981018981019,0.0430078970802953
"ENSG00000138160",-0.0340465710520642,0.268731268731269,0.327912720846014
"ENSG00000138161",-0.0619831754204105,0.028971028971029,0.0550211482575579
"ENSG00000138166",-0.0259896016854488,0.350649350649351,0.411252453996672
"ENSG00000138172",-0.0435425093865656,0.11988011988012,0.165390802516276
"ENSG00000138175",0.00866808588654862,0.593406593406593,0.643062257850355
"ENSG00000138182",-0.0970082632775572,0.01998001998002,0.044196554411905
"ENSG00000138185",0.14022712309465,0.00599400599400599,0.0309698899552726
"ENSG00000138190",0.0825503368601554,0.00799200799200799,0.0313472428354935
"ENSG00000138231",-0.0283289173954148,0.011988011988012,0.0350284289015142
"ENSG00000138246",0.0156167434499671,0.170829170829171,0.222164806300722
"ENSG00000138279",0.0216404544896752,0.185814185814186,0.238606142228324
"ENSG00000138286",-0.02765025734639,0.013986013986014,0.0370555370555371
"ENSG00000138293",0.103919165277946,0.003996003996004,0.0309698899552726
"ENSG00000138297",-0.0319632874146299,0.0699300699300699,0.105979770544714
"ENSG00000138303",-0.0244080257894529,0.022977022977023,0.0478078016166659
"ENSG00000138311",-0.0769427203362772,0.0809190809190809,0.119235595204207
"ENSG00000138326",-0.16633918662828,0.014985014985015,0.0380820279318905
"ENSG00000138336",-0.061158111616722,0.051948051948052,0.084286713691331
"ENSG00000138346",-0.0307366596002151,0.188811188811189,0.241886032100295
"ENSG00000138363",-0.0624406516440904,0.020979020979021,0.0454117208439975
"ENSG00000138375",-0.0269707135523151,0.0579420579420579,0.0917937849126882
"ENSG00000138376",-0.0497441491766149,0.0769230769230769,0.114541139692918
"ENSG00000138378",-0.077944482572214,0.003996003996004,0.0309698899552726
"ENSG00000138380",-0.102790387946789,0.004995004995005,0.0309698899552726
"ENSG00000138381",-0.0214045784030696,0.451548451548452,0.510652986798653
"ENSG00000138382",-0.104682996556365,0.010989010989011,0.0339239491564177
"ENSG00000138385",-0.0865071955576684,0.016983016983017,0.0404964083535512
"ENSG00000138386",0.0557990641466615,0.012987012987013,0.0360623664690208
"ENSG00000138398",-0.0269376337608834,0.294705294705295,0.355028892518868
"ENSG00000138399",-0.0732887415249053,0.011988011988012,0.0350284289015142
"ENSG00000138411",0.26997250352305,0.004995004995005,0.0309698899552726
"ENSG00000138413",0.0229359848340753,0.260739260739261,0.319035271387135
"ENSG00000138430",-0.0639190603255152,0.020979020979021,0.0454117208439975
"ENSG00000138433",0.117592512126098,0.002997002997003,0.0309698899552726
"ENSG00000138434",0.0835029909213309,0.003996003996004,0.0309698899552726
"ENSG00000138439",-0.0628326102475632,0.00899100899100899,0.031668800133044
"ENSG00000138442",-0.0674759902421599,0.00699300699300699,0.0311612747652792
"ENSG00000138443",-0.0757008342600266,0.00599400599400599,0.0309698899552726
"ENSG00000138448",-0.0377857329764884,0.034965034965035,0.0627459743481843
"ENSG00000138449",0.123417869289395,0.001998001998002,0.0309698899552726
"ENSG00000138459",0.0289810854403582,0.042957042957043,0.0729589799685899
"ENSG00000138463",0.100387293666484,0.00599400599400599,0.0309698899552726
"ENSG00000138468",0.000481156867994039,0.959040959040959,0.965548650896728
"ENSG00000138495",-0.0488829788989641,0.025974025974026,0.0514006000585945
"ENSG00000138496",0.129469092930225,0.00699300699300699,0.0311612747652792
"ENSG00000138592",0.0240839822223305,0.027972027972028,0.0538126832348059
"ENSG00000138593",-0.00993549728725087,0.143856143856144,0.19243801612457
"ENSG00000138594",0.0473898134007075,0.001998001998002,0.0309698899552726
"ENSG00000138600",0.038655507375029,0.023976023976024,0.0489374755679103
"ENSG00000138604",-0.047225221245416,0.016983016983017,0.0404964083535512
"ENSG00000138613",0.0488908097191547,0.00699300699300699,0.0311612747652792
"ENSG00000138614",-0.052768583964153,0.002997002997003,0.0309698899552726
"ENSG00000138617",0.0551123942928896,0.010989010989011,0.0339239491564177
"ENSG00000138621",0.128345492183651,0.00699300699300699,0.0311612747652792
"ENSG00000138623",0.0231075825660354,0.458541458541459,0.517490022420063
"ENSG00000138629",0.0566385318150805,0.015984015984016,0.0392432899072327
"ENSG00000138639",0.0210544551815548,0.16983016983017,0.221009093775742
"ENSG00000138640",-0.025488494335043,0.192807192807193,0.246322615409466
"ENSG00000138641",0.0829293804958946,0.00899100899100899,0.031668800133044
"ENSG00000138642",-0.0106580810263872,0.192807192807193,0.246322615409466
"ENSG00000138646",0.102694394722279,0.030969030969031,0.0574804346232918
"ENSG00000138658",-0.0697110247407899,0.00799200799200799,0.0313472428354935
"ENSG00000138660",-0.0665417158296477,0.042957042957043,0.0729589799685899
"ENSG00000138663",-0.0872551343347765,0.013986013986014,0.0370555370555371
"ENSG00000138668",-0.00599517009120744,0.436563436563437,0.495806027274559
"ENSG00000138670",-0.0569710390355019,0.00899100899100899,0.031668800133044
"ENSG00000138674",-0.0455326681406346,0.001998001998002,0.0309698899552726
"ENSG00000138678",0.184374671227766,0.002997002997003,0.0309698899552726
"ENSG00000138686",-0.0500724815655194,0.045954045954046,0.0767902842430095
"ENSG00000138688",0.0488149096974782,0.00899100899100899,0.031668800133044
"ENSG00000138698",-0.0595867456555914,0.002997002997003,0.0309698899552726
"ENSG00000138709",-0.0769670555468904,0.010989010989011,0.0339239491564177
"ENSG00000138722",-0.0234696119742144,0.215784215784216,0.270896762278774
"ENSG00000138735",0.0275067324836627,0.190809190809191,0.244159375547791
"ENSG00000138738",0.236544429349551,0.001998001998002,0.0309698899552726
"ENSG00000138744",0.00455968162340512,0.737262737262737,0.77363342149861
"ENSG00000138750",-0.0749080619852329,0.00599400599400599,0.0309698899552726
"ENSG00000138757",-0.0009342311425524,0.891108891108891,0.907879506048377
"ENSG00000138758",-0.0398371817318786,0.00699300699300699,0.0311612747652792
"ENSG00000138760",-0.00952407206009057,0.67032967032967,0.7145664340981
"ENSG00000138764",0.0834900961520222,0.00799200799200799,0.0313472428354935
"ENSG00000138767",-0.0349833127288417,0.012987012987013,0.0360623664690208
"ENSG00000138768",-0.0127869142582328,0.171828171828172,0.223319019036549
"ENSG00000138772",0.220974575884364,0.00799200799200799,0.0313472428354935
"ENSG00000138777",-0.062101796845898,0.00899100899100899,0.031668800133044
"ENSG00000138778",-0.0293004256035641,0.413586413586414,0.473243979670715
"ENSG00000138780",-0.0625535128760603,0.021978021978022,0.0464939039133723
"ENSG00000138785",-0.00592110366341711,0.576423576423576,0.627885302407191
"ENSG00000138794",-0.0538517676491044,0.014985014985015,0.0380820279318905
"ENSG00000138796",-0.0480089347691067,0.010989010989011,0.0339239491564177
"ENSG00000138798",0.0635525860127616,0.034965034965035,0.0627459743481843
"ENSG00000138801",0.0326585544254129,0.0629370629370629,0.0977484650268315
"ENSG00000138802",0.0101408003824494,0.0659340659340659,0.101381218576715
"ENSG00000138814",0.0867509291827564,0.001998001998002,0.0309698899552726
"ENSG00000138821",-0.0848825174632514,0.00899100899100899,0.031668800133044
"ENSG00000138829",0.0539664029252327,0.112887112887113,0.157241228868489
"ENSG00000138834",0.0190403969998806,0.208791208791209,0.263355661970272
"ENSG00000138835",0.069136934426856,0.012987012987013,0.0360623664690208
"ENSG00000138867",0.0498898678994117,0.0999000999000999,0.142133230803765
"ENSG00000138942",0.0809933375724861,0.004995004995005,0.0309698899552726
"ENSG00000138964",0.0577740856315131,0.00699300699300699,0.0311612747652792
"ENSG00000139055",0.00418789135358754,0.706293706293706,0.746678198648642
"ENSG00000139083",0.0908973341413124,0.002997002997003,0.0309698899552726
"ENSG00000139112",0.144683907151879,0.002997002997003,0.0309698899552726
"ENSG00000139116",-0.0729599536754762,0.02997002997003,0.0561377525217924
"ENSG00000139117",-0.0369398840684158,0.202797202797203,0.256954853264816
"ENSG00000139131",-0.0571573932518828,0.00599400599400599,0.0309698899552726
"ENSG00000139132",0.118150578788062,0.011988011988012,0.0350284289015142
"ENSG00000139133",-0.0590004850670987,0.00799200799200799,0.0313472428354935
"ENSG00000139146",-0.0716965797455647,0.001998001998002,0.0309698899552726
"ENSG00000139154",-0.046550682393621,0.037962037962038,0.0665831541488284
"ENSG00000139160",-0.0189486194213782,0.211788211788212,0.266576322713734
"ENSG00000139163",-0.036963352670079,0.048951048951049,0.0806102639481647
"ENSG00000139168",-0.0374865912515741,0.0789210789210789,0.116778321407723
"ENSG00000139173",-0.0681335580927872,0.025974025974026,0.0514006000585945
"ENSG00000139174",-0.0235096701672826,0.500499500499501,0.557305938756879
"ENSG00000139178",0.146388137611931,0.004995004995005,0.0309698899552726
"ENSG00000139180",-0.0516252015979273,0.012987012987013,0.0360623664690208
"ENSG00000139182",0.0264797604800821,0.288711288711289,0.348646731082422
"ENSG00000139190",-0.00977488650814126,0.473526473526474,0.531705237675526
"ENSG00000139192",0.0412432418906117,0.017982017982018,0.0417277258366272
"ENSG00000139197",-0.0120044841099756,0.282717282717283,0.342302670128582
"ENSG00000139211",-0.0874342350582856,0.00599400599400599,0.0309698899552726
"ENSG00000139218",0.0374598918944223,0.002997002997003,0.0309698899552726
"ENSG00000139233",0.0202600840582109,0.0849150849150849,0.123968597000667
"ENSG00000139239",-0.0881303314359211,0.010989010989011,0.0339239491564177
"ENSG00000139266",-0.0813951375884784,0.004995004995005,0.0309698899552726
"ENSG00000139278",0.0672832283709387,0.012987012987013,0.0360623664690208
"ENSG00000139289",-0.0533870180528486,0.0959040959040959,0.137195027327154
"ENSG00000139291",-0.0610086583996964,0.00899100899100899,0.031668800133044
"ENSG00000139318",0.0570425499731276,0.03996003996004,0.0691988127146629
"ENSG00000139323",-0.028103215261284,0.0709290709290709,0.107142480445648
"ENSG00000139324",-0.0585285050498395,0.023976023976024,0.0489374755679103
"ENSG00000139343",-0.0515262199603758,0.0839160839160839,0.12274872158027
"ENSG00000139350",-0.0441559023702917,0.00699300699300699,0.0311612747652792
"ENSG00000139370",0.122694427137954,0.00599400599400599,0.0309698899552726
"ENSG00000139372",-0.0331336692754453,0.02997002997003,0.0561377525217924
"ENSG00000139405",-0.0163204882489788,0.205794205794206,0.260203552365572
"ENSG00000139428",-0.0672530956737789,0.013986013986014,0.0370555370555371
"ENSG00000139433",0.0340986547983971,0.037962037962038,0.0665831541488284
"ENSG00000139436",0.0872756140861457,0.004995004995005,0.0309698899552726
"ENSG00000139437",-0.00150346172605731,0.721278721278721,0.759313916636972
"ENSG00000139496",0.0717633432426981,0.001998001998002,0.0309698899552726
"ENSG00000139505",0.0719778138998135,0.00799200799200799,0.0313472428354935
"ENSG00000139508",0.00154707468038881,0.86013986013986,0.881709385803552
"ENSG00000139514",-0.0251731230498209,0.153846153846154,0.20355863447353
"ENSG00000139517",-0.0437357508597193,0.023976023976024,0.0489374755679103
"ENSG00000139531",0.0432448468932973,0.113886113886114,0.158449098944584
"ENSG00000139537",-0.139594578986198,0.004995004995005,0.0309698899552726
"ENSG00000139546",-0.0406144821642022,0.014985014985015,0.0380820279318905
"ENSG00000139579",-0.0559304827856395,0.004995004995005,0.0309698899552726
"ENSG00000139597",-0.0310156668340551,0.023976023976024,0.0489374755679103
"ENSG00000139613",0.00610039883236636,0.643356643356643,0.68966730352869
"ENSG00000139618",-0.0335334918359496,0.21978021978022,0.275166025765047
"ENSG00000139620",-0.0332278376139731,0.002997002997003,0.0309698899552726
"ENSG00000139624",0.0241740675103233,0.00699300699300699,0.0311612747652792
"ENSG00000139625",-0.0570000468570637,0.003996003996004,0.0309698899552726
"ENSG00000139626",-0.0607065206307832,0.022977022977023,0.0478078016166659
"ENSG00000139629",-0.0222934682569942,0.375624375624376,0.436033395755215
"ENSG00000139631",0.108537639653439,0.00699300699300699,0.0311612747652792
"ENSG00000139636",0.0151516168735408,0.20979020979021,0.264476947577755
"ENSG00000139637",0.00213884352987056,0.854145854145854,0.87653700581717
"ENSG00000139641",-0.0479521765592641,0.0659340659340659,0.101381218576715
"ENSG00000139644",0.0781092152228043,0.00599400599400599,0.0309698899552726
"ENSG00000139645",-0.026704258665815,0.166833166833167,0.217721902378217
"ENSG00000139651",-0.0126204541553205,0.1998001998002,0.253692424849319
"ENSG00000139668",0.042147525514672,0.028971028971029,0.0550211482575579
"ENSG00000139675",-0.0725589465734593,0.002997002997003,0.0309698899552726
"ENSG00000139679",-0.133930499410883,0.028971028971029,0.0550211482575579
"ENSG00000139684",-0.05398447770874,0.00899100899100899,0.031668800133044
"ENSG00000139687",0.0148717006634696,0.17982017982018,0.232074626404523
"ENSG00000139697",0.0218303610678458,0.015984015984016,0.0392432899072327
"ENSG00000139718",0.066956288256336,0.045954045954046,0.0767902842430095
"ENSG00000139719",-0.0149728077033635,0.011988011988012,0.0350284289015142
"ENSG00000139722",0.0986800707090152,0.00899100899100899,0.031668800133044
"ENSG00000139725",-0.0227539709164931,0.044955044955045,0.0755305089151028
"ENSG00000139726",-0.0172618288477901,0.270729270729271,0.330082619014343
"ENSG00000139737",-0.0763418384720601,0.00699300699300699,0.0311612747652792
"ENSG00000139746",-0.0464335587926102,0.010989010989011,0.0339239491564177
"ENSG00000139793",-0.0413176542747188,0.033966033966034,0.0614579638969883
"ENSG00000139826",0.0170849741618989,0.46953046953047,0.528205296528801
"ENSG00000139832",0.119683275752732,0.004995004995005,0.0309698899552726
"ENSG00000139842",-0.0245917173902456,0.114885114885115,0.159561921956467
"ENSG00000139890",0.156776971337345,0.010989010989011,0.0339239491564177
"ENSG00000139921",-0.0365470765268607,0.191808191808192,0.24520272834282
"ENSG00000139946",0.130776054722563,0.004995004995005,0.0309698899552726
"ENSG00000139970",0.040053218927443,0.241758241758242,0.299160888534859
"ENSG00000139974",-0.0640459528112974,0.010989010989011,0.0339239491564177
"ENSG00000139977",-0.0586728169567484,0.00899100899100899,0.031668800133044
"ENSG00000139990",-0.0051812876958137,0.577422577422577,0.628631627453985
"ENSG00000140006",-0.118957730872803,0.010989010989011,0.0339239491564177
"ENSG00000140022",0.0537224968310932,0.033966033966034,0.0614579638969883
"ENSG00000140025",0.00955078532433249,0.314685314685315,0.375373509864825
"ENSG00000140044",0.156930541760415,0.002997002997003,0.0309698899552726
"ENSG00000140090",0.0321021771763477,0.278721278721279,0.338077546192201
"ENSG00000140092",-0.0805948628408074,0.035964035964036,0.0640509460900688
"ENSG00000140105",0.0590575328054476,0.168831168831169,0.219899532568873
"ENSG00000140153",0.0216846035118864,0.014985014985015,0.0380820279318905
"ENSG00000140157",0.026175771030415,0.003996003996004,0.0309698899552726
"ENSG00000140181",0.00742321539496504,0.53046953046953,0.585685146273111
"ENSG00000140199",0.127323428229809,0.00799200799200799,0.0313472428354935
"ENSG00000140259",0.0460004857446716,0.00699300699300699,0.0311612747652792
"ENSG00000140262",-0.0556038013047162,0.003996003996004,0.0309698899552726
"ENSG00000140263",0.012952304747344,0.385614385614386,0.44560708522247
"ENSG00000140264",0.0181913724274607,0.0569430569430569,0.0905693036450051
"ENSG00000140265",-0.00776296069832245,0.238761238761239,0.29563492349398
"ENSG00000140280",0.0572714932458334,0.016983016983017,0.0404964083535512
"ENSG00000140299",0.0571246346709569,0.004995004995005,0.0309698899552726
"ENSG00000140307",-0.0207485085530097,0.0679320679320679,0.103657642509852
"ENSG00000140319",-0.0262015365520381,0.372627372627373,0.433098236386438
"ENSG00000140320",-0.0470209607595967,0.00599400599400599,0.0309698899552726
"ENSG00000140326",-0.0272808800543067,0.0889110889110889,0.128801044664111
"ENSG00000140332",0.16729132349795,0.004995004995005,0.0309698899552726
"ENSG00000140350",0.0836581503241323,0.003996003996004,0.0309698899552726
"ENSG00000140365",-0.0306947394548085,0.104895104895105,0.147874412977052
"ENSG00000140367",-0.0794855564227729,0.00699300699300699,0.0311612747652792
"ENSG00000140368",0.0801761701102263,0.00999000999000999,0.0329382551604774
"ENSG00000140374",-0.0266488162898205,0.0549450549450549,0.0880322184148341
"ENSG00000140382",-0.051899004208159,0.002997002997003,0.0309698899552726
"ENSG00000140386",-0.0464941941806957,0.003996003996004,0.0309698899552726
"ENSG00000140391",-0.0644767280957187,0.027972027972028,0.0538126832348059
"ENSG00000140395",-0.064036617096644,0.00699300699300699,0.0311612747652792
"ENSG00000140396",0.113835364513671,0.001998001998002,0.0309698899552726
"ENSG00000140398",-0.0520355467779635,0.0829170829170829,0.121538907488414
"ENSG00000140400",-0.0641441259075846,0.00599400599400599,0.0309698899552726
"ENSG00000140403",-0.0179132033749023,0.396603396603397,0.45646232717675
"ENSG00000140406",0.0306147543931395,0.01998001998002,0.044196554411905
"ENSG00000140416",0.0103041555653334,0.436563436563437,0.495806027274559
"ENSG00000140443",0.139235474601659,0.00999000999000999,0.0329382551604774
"ENSG00000140450",0.0396326647798319,0.0869130869130869,0.126486010961671
"ENSG00000140455",0.0529653619960622,0.011988011988012,0.0350284289015142
"ENSG00000140463",-0.0354765692044011,0.003996003996004,0.0309698899552726
"ENSG00000140464",0.0265745035942835,0.314685314685315,0.375373509864825
"ENSG00000140470",-0.0888609828680669,0.012987012987013,0.0360623664690208
"ENSG00000140471",-0.0550981005606807,0.00999000999000999,0.0329382551604774
"ENSG00000140474",-0.041418300458776,0.025974025974026,0.0514006000585945
"ENSG00000140479",0.0417224835045673,0.136863136863137,0.184521110480276
"ENSG00000140497",0.0609057237388939,0.00999000999000999,0.0329382551604774
"ENSG00000140511",-0.0809936030536514,0.018981018981019,0.0430078970802953
"ENSG00000140521",-0.00484105220827431,0.721278721278721,0.759313916636972
"ENSG00000140525",-0.0294445022748476,0.111888111888112,0.156211817921855
"ENSG00000140526",0.146134243255966,0.003996003996004,0.0309698899552726
"ENSG00000140543",-0.0510372041490862,0.023976023976024,0.0489374755679103
"ENSG00000140545",-0.0651098359932608,0.036963036963037,0.0654036775944903
"ENSG00000140548",0.0978360266240185,0.013986013986014,0.0370555370555371
"ENSG00000140553",0.0094148188758968,0.555444555444555,0.60834162647705
"ENSG00000140563",0.171262545905337,0.003996003996004,0.0309698899552726
"ENSG00000140564",0.0985221457946358,0.015984015984016,0.0392432899072327
"ENSG00000140575",0.137726818701368,0.003996003996004,0.0309698899552726
"ENSG00000140577",-0.0328067604989284,0.030969030969031,0.0574804346232918
"ENSG00000140598",-0.049573274940401,0.011988011988012,0.0350284289015142
"ENSG00000140612",-0.0037676622907332,0.813186813186813,0.841401560127346
"ENSG00000140632",0.0593141068754384,0.004995004995005,0.0309698899552726
"ENSG00000140650",-0.0299524484107895,0.012987012987013,0.0360623664690208
"ENSG00000140678",0.179332265229955,0.004995004995005,0.0309698899552726
"ENSG00000140688",-0.0460683076829008,0.028971028971029,0.0550211482575579
"ENSG00000140691",-0.00531974665451421,0.754245754245754,0.788699684549332
"ENSG00000140694",-0.00605124657398177,0.327672327672328,0.388321273441084
"ENSG00000140718",-0.0546642609389622,0.011988011988012,0.0350284289015142
"ENSG00000140740",-0.0234373284606415,0.0609390609390609,0.0952980656298809
"ENSG00000140743",-0.0684672203415074,0.012987012987013,0.0360623664690208
"ENSG00000140750",-0.0399245408410115,0.043956043956044,0.0742673606444167
"ENSG00000140829",0.0173159320394683,0.324675324675325,0.38556798932293
"ENSG00000140830",0.0100342456814581,0.313686313686314,0.37429330002801
"ENSG00000140836",0.00515449189926966,0.801198801198801,0.830499154114817
"ENSG00000140848",0.121238089309714,0.001998001998002,0.0309698899552726
"ENSG00000140853",0.0301290336227342,0.153846153846154,0.20355863447353
"ENSG00000140854",0.0740536046906966,0.004995004995005,0.0309698899552726
"ENSG00000140859",0.02975082343876,0.38961038961039,0.449662696853708
"ENSG00000140876",-0.0553376175617144,0.02997002997003,0.0561377525217924
"ENSG00000140931",0.0297961398985495,0.011988011988012,0.0350284289015142
"ENSG00000140932",0.244685403246213,0.003996003996004,0.0309698899552726
"ENSG00000140941",0.0718841811362234,0.000999000999000999,0.0309698899552726
"ENSG00000140943",-0.0406758783316838,0.001998001998002,0.0309698899552726
"ENSG00000140948",-0.0636409632336306,0.002997002997003,0.0309698899552726
"ENSG00000140950",-0.0346255677420373,0.010989010989011,0.0339239491564177
"ENSG00000140983",-0.00256118836644677,0.757242757242757,0.791007688530505
"ENSG00000140987",0.0119272441021105,0.031968031968032,0.0588078690022667
"ENSG00000140988",-0.0605721027519047,0.014985014985015,0.0380820279318905
"ENSG00000140990",-0.00179407090376835,0.82017982017982,0.847469785824183
"ENSG00000140992",0.0817120572509904,0.004995004995005,0.0309698899552726
"ENSG00000140993",0.00418168077358446,0.849150849150849,0.872081260049129
"ENSG00000140995",0.146273265256069,0.004995004995005,0.0309698899552726
"ENSG00000141002",0.0240192057723079,0.110889110889111,0.155051231491022
"ENSG00000141012",0.0700805357041248,0.0579420579420579,0.0917937849126882
"ENSG00000141013",-0.00379932823175404,0.777222777222777,0.809416233679665
"ENSG00000141026",-0.040272714216002,0.018981018981019,0.0430078970802953
"ENSG00000141027",0.0133748453109798,0.1998001998002,0.253692424849319
"ENSG00000141030",0.0109907997863358,0.393606393606394,0.45349071406017
"ENSG00000141034",-0.00879242467488692,0.594405594405594,0.643970651182406
"ENSG00000141040",-0.0931752815803379,0.00999000999000999,0.0329382551604774
"ENSG00000141068",0.0401972153234359,0.14985014985015,0.199368880870043
"ENSG00000141076",-0.0406711946789827,0.00799200799200799,0.0313472428354935
"ENSG00000141084",0.0157937674867566,0.581418581418581,0.632123078658269
"ENSG00000141096",0.14197253236808,0.016983016983017,0.0404964083535512
"ENSG00000141098",0.0550357985378497,0.021978021978022,0.0464939039133723
"ENSG00000141101",-0.0253840889188018,0.100899100899101,0.143283161361857
"ENSG00000141127",-0.0336953557905321,0.003996003996004,0.0309698899552726
"ENSG00000141140",-0.0479608437121569,0.00999000999000999,0.0329382551604774
"ENSG00000141141",-0.0306748074835184,0.00999000999000999,0.0329382551604774
"ENSG00000141179",0.0817000495799631,0.002997002997003,0.0309698899552726
"ENSG00000141219",-0.0387583039709723,0.012987012987013,0.0360623664690208
"ENSG00000141232",-0.0127245539471467,0.321678321678322,0.3826138232314
"ENSG00000141252",-0.000742166855152986,0.931068931068931,0.942122287916681
"ENSG00000141258",-0.0193679393191154,0.137862137862138,0.185597308482936
"ENSG00000141279",0.0796623699126775,0.00799200799200799,0.0313472428354935
"ENSG00000141295",-0.0344940418482434,0.035964035964036,0.0640509460900688
"ENSG00000141298",0.156607734429177,0.003996003996004,0.0309698899552726
"ENSG00000141337",0.0927076857169988,0.002997002997003,0.0309698899552726
"ENSG00000141349",0.0039865734612604,0.834165834165834,0.859335247300274
"ENSG00000141367",0.0441349586693012,0.018981018981019,0.0430078970802953
"ENSG00000141376",0.046258869251794,0.004995004995005,0.0309698899552726
"ENSG00000141378",-0.0104423959999388,0.478521478521479,0.536461859036486
"ENSG00000141380",-0.0439765006496139,0.00799200799200799,0.0313472428354935
"ENSG00000141384",-0.0944277836324353,0.004995004995005,0.0309698899552726
"ENSG00000141385",-0.0409731166562032,0.016983016983017,0.0404964083535512
"ENSG00000141401",0.15193159917364,0.003996003996004,0.0309698899552726
"ENSG00000141424",0.00781398744930085,0.42957042957043,0.489065689899339
"ENSG00000141425",0.00669683106561411,0.56043956043956,0.613085985560043
"ENSG00000141428",-0.0201481558385009,0.250749250749251,0.308634217073381
"ENSG00000141429",0.0239193704051844,0.115884115884116,0.160633829837982
"ENSG00000141446",-0.0165107407047651,0.4995004995005,0.556606119888457
"ENSG00000141447",0.0804904222198318,0.00999000999000999,0.0329382551604774
"ENSG00000141452",0.0143790781377745,0.0989010989010989,0.140945500603985
"ENSG00000141456",-0.0431204587472485,0.02997002997003,0.0561377525217924
"ENSG00000141458",-0.0140473640755009,0.605394605394605,0.654872400326946
"ENSG00000141469",-0.0130162196847341,0.471528471528472,0.529907347188065
"ENSG00000141480",0.1199785205224,0.004995004995005,0.0309698899552726
"ENSG00000141499",-0.0268087431913652,0.02997002997003,0.0561377525217924
"ENSG00000141503",-0.0135950440008983,0.585414585414585,0.636122286393534
"ENSG00000141504",-0.0304790439444572,0.0999000999000999,0.142133230803765
"ENSG00000141506",0.0835172360266692,0.00799200799200799,0.0313472428354935
"ENSG00000141510",-0.0359878072325365,0.026973026973027,0.0526151336084788
"ENSG00000141522",0.0187943341481367,0.210789210789211,0.265541376862132
"ENSG00000141524",-0.0260680544376721,0.116883116883117,0.161906558172118
"ENSG00000141526",0.186981656080704,0.004995004995005,0.0309698899552726
"ENSG00000141540",-0.0078839453640499,0.678321678321678,0.721422117705304
"ENSG00000141543",0.0224203227772916,0.221778221778222,0.27732084791704
"ENSG00000141551",0.109288599774268,0.003996003996004,0.0309698899552726
"ENSG00000141552",-0.00930900389866605,0.421578421578422,0.481151896536512
"ENSG00000141556",-0.0366941088842961,0.018981018981019,0.0430078970802953
"ENSG00000141560",-0.0446097813029173,0.011988011988012,0.0350284289015142
"ENSG00000141562",0.101708578488167,0.004995004995005,0.0309698899552726
"ENSG00000141564",-0.0471025004596525,0.030969030969031,0.0574804346232918
"ENSG00000141568",-0.00388702775180235,0.641358641358641,0.687770871049179
"ENSG00000141569",-0.0523181578419707,0.001998001998002,0.0309698899552726
"ENSG00000141570",0.0405726194030256,0.037962037962038,0.0665831541488284
"ENSG00000141574",0.193473260466836,0.002997002997003,0.0309698899552726
"ENSG00000141576",-0.0639445346374885,0.0619380619380619,0.0965087032764979
"ENSG00000141577",0.0153993463697752,0.405594405594406,0.465339719945925
"ENSG00000141580",0.00750139183339777,0.300699300699301,0.360695098892524
"ENSG00000141582",0.0508372001082729,0.010989010989011,0.0339239491564177
"ENSG00000141627",-0.0163550505574694,0.023976023976024,0.0489374755679103
"ENSG00000141642",-0.0591830309426579,0.017982017982018,0.0417277258366272
"ENSG00000141644",0.0110748833032587,0.15984015984016,0.210101612267203
"ENSG00000141646",0.0156360270701781,0.0529470529470529,0.0856186332504955
"ENSG00000141664",0.0960507298649257,0.003996003996004,0.0309698899552726
"ENSG00000141682",0.0358982320956054,0.197802197802198,0.251527543454324
"ENSG00000141698",-0.0927519277896578,0.013986013986014,0.0370555370555371
"ENSG00000141699",0.00690589810319321,0.553446553446553,0.606927701370625
"ENSG00000141720",-0.023981121438347,0.0839160839160839,0.12274872158027
"ENSG00000141736",-0.080858290321972,0.161838161838162,0.212240400367856
"ENSG00000141741",0.0624168238606947,0.000999000999000999,0.0309698899552726
"ENSG00000141759",-0.0170888986366094,0.043956043956044,0.0742673606444167
"ENSG00000141858",-0.0235235060182459,0.202797202797203,0.256954853264816
"ENSG00000141867",0.0482327659170734,0.0819180819180819,0.120368200084547
"ENSG00000141873",-0.000481556257771673,0.974025974025974,0.978340506129892
"ENSG00000141905",0.0632917203239607,0.0599400599400599,0.0941400470935233
"ENSG00000141933",-0.00585955189162946,0.465534465534466,0.52420061901932
"ENSG00000141956",-0.0295681969815561,0.025974025974026,0.0514006000585945
"ENSG00000141959",-0.0215783073748193,0.312687312687313,0.373360767399516
"ENSG00000141965",0.0246444515897437,0.0619380619380619,0.0965087032764979
"ENSG00000141968",0.115097819801171,0.004995004995005,0.0309698899552726
"ENSG00000141971",-0.0169364848858695,0.105894105894106,0.149003086832381
"ENSG00000141985",0.049235138080269,0.015984015984016,0.0392432899072327
"ENSG00000141994",-0.0419368894932034,0.00799200799200799,0.0313472428354935
"ENSG00000142002",-0.000356830830974304,0.988011988011988,0.989906467021932
"ENSG00000142039",0.0215206821905935,0.172827172827173,0.22439898044911
"ENSG00000142046",0.141615442222762,0.004995004995005,0.0309698899552726
"ENSG00000142065",-0.0788929279957533,0.003996003996004,0.0309698899552726
"ENSG00000142082",-0.0121443594370953,0.124875124875125,0.170791993939826
"ENSG00000142089",0.185396480509322,0.00699300699300699,0.0311612747652792
"ENSG00000142166",0.119379525497717,0.003996003996004,0.0309698899552726
"ENSG00000142168",-0.0804333707878514,0.004995004995005,0.0309698899552726
"ENSG00000142173",-0.0571754025775702,0.0919080919080919,0.132329154013592
"ENSG00000142185",0.0406642580164942,0.250749250749251,0.308634217073381
"ENSG00000142186",0.0778366334401191,0.011988011988012,0.0350284289015142
"ENSG00000142188",-0.0874128451707206,0.00899100899100899,0.031668800133044
"ENSG00000142192",0.0221629794045241,0.393606393606394,0.45349071406017
"ENSG00000142197",0.0265587555102062,0.027972027972028,0.0538126832348059
"ENSG00000142207",-0.0444343938942282,0.04995004995005,0.0818292939339832
"ENSG00000142208",0.0997116264859205,0.00699300699300699,0.0311612747652792
"ENSG00000142227",0.0102760003502858,0.521478521478521,0.577562332607951
"ENSG00000142230",-0.0381364027105533,0.015984015984016,0.0392432899072327
"ENSG00000142252",0.0154083341480311,0.041958041958042,0.0717489681633108
"ENSG00000142303",-0.119005229572414,0.00599400599400599,0.0309698899552726
"ENSG00000142327",0.0543099244707588,0.020979020979021,0.0454117208439975
"ENSG00000142330",-0.0316962673581725,0.011988011988012,0.0350284289015142
"ENSG00000142347",0.186595385589328,0.003996003996004,0.0309698899552726
"ENSG00000142396",-0.0182559757762478,0.13986013986014,0.18792924427987
"ENSG00000142405",0.18610853029509,0.004995004995005,0.0309698899552726
"ENSG00000142409",0.109342161672214,0.004995004995005,0.0309698899552726
"ENSG00000142444",-0.00442675745173381,0.542457542457542,0.596837383983772
"ENSG00000142453",0.0387139589652396,0.317682317682318,0.378385143102685
"ENSG00000142459",0.000423055984572393,0.969030969030969,0.974545120151815
"ENSG00000142507",-0.0181964408047622,0.247752247752248,0.305634008775048
"ENSG00000142512",0.146393685239548,0.00599400599400599,0.0309698899552726
"ENSG00000142528",-0.0163673372212976,0.280719280719281,0.340123431362468
"ENSG00000142534",-0.0739716405023916,0.015984015984016,0.0392432899072327
"ENSG00000142541",-0.103902118890846,0.00799200799200799,0.0313472428354935
"ENSG00000142544",0.0162624952435916,0.128871128871129,0.175260068662807
"ENSG00000142546",-0.0333196093347308,0.0639360639360639,0.0989420057151193
"ENSG00000142552",0.0978351322560908,0.046953046953047,0.078144539299504
"ENSG00000142556",-0.0639804134101179,0.027972027972028,0.0538126832348059
"ENSG00000142583",0.00688622801903328,0.817182817182817,0.844808868550804
"ENSG00000142599",0.0609623088119788,0.027972027972028,0.0538126832348059
"ENSG00000142632",-0.0322457674684954,0.115884115884116,0.160633829837982
"ENSG00000142634",0.130371830094439,0.004995004995005,0.0309698899552726
"ENSG00000142655",-0.023681285563666,0.243756243756244,0.301385034718368
"ENSG00000142657",0.168042056943433,0.001998001998002,0.0309698899552726
"ENSG00000142669",0.100126840603741,0.001998001998002,0.0309698899552726
"ENSG00000142676",-0.138313485708243,0.016983016983017,0.0404964083535512
"ENSG00000142684",-0.0254924422172103,0.147852147852148,0.197103395772281
"ENSG00000142686",-0.0339236054375512,0.113886113886114,0.158449098944584
"ENSG00000142687",0.0778966772159268,0.00799200799200799,0.0313472428354935
"ENSG00000142694",0.0651920573923929,0.010989010989011,0.0339239491564177
"ENSG00000142731",-0.0434938135381747,0.172827172827173,0.22439898044911
"ENSG00000142733",-0.0321247605783709,0.113886113886114,0.158449098944584
"ENSG00000142751",-0.0142172420503901,0.11988011988012,0.165390802516276
"ENSG00000142765",0.0169811182987618,0.212787212787213,0.267637542990761
"ENSG00000142784",0.0821797880952667,0.00799200799200799,0.0313472428354935
"ENSG00000142794",-0.0586641934201602,0.013986013986014,0.0370555370555371
"ENSG00000142856",-0.093768939357247,0.015984015984016,0.0392432899072327
"ENSG00000142864",-0.0349658550680274,0.033966033966034,0.0614579638969883
"ENSG00000142867",0.0860329643689905,0.001998001998002,0.0309698899552726
"ENSG00000142875",-0.109352254533501,0.004995004995005,0.0309698899552726
"ENSG00000142892",-0.0796384811066079,0.00699300699300699,0.0311612747652792
"ENSG00000142920",-0.0533887055368538,0.026973026973027,0.0526151336084788
"ENSG00000142937",-0.128196534950204,0.010989010989011,0.0339239491564177
"ENSG00000142961",0.0212160237357725,0.036963036963037,0.0654036775944903
"ENSG00000143013",0.0299738248581293,0.036963036963037,0.0654036775944903
"ENSG00000143033",-0.0341615626724068,0.00999000999000999,0.0329382551604774
"ENSG00000143067",0.080908744524084,0.022977022977023,0.0478078016166659
"ENSG00000143079",-0.0335581442415927,0.194805194805195,0.248426234207219
"ENSG00000143093",0.0118254148740364,0.398601398601399,0.458279116846035
"ENSG00000143106",-0.0438021694558565,0.004995004995005,0.0309698899552726
"ENSG00000143110",-0.00788990486221585,0.53946053946054,0.594247182698145
"ENSG00000143119",0.0981232648142454,0.001998001998002,0.0309698899552726
"ENSG00000143149",0.0720336986346691,0.002997002997003,0.0309698899552726
"ENSG00000143153",-0.0464458721794115,0.027972027972028,0.0538126832348059
"ENSG00000143155",0.00537536667717062,0.633366633366633,0.680353968519861
"ENSG00000143156",-0.034640829243548,0.0839160839160839,0.12274872158027
"ENSG00000143157",-0.0351482409219532,0.00999000999000999,0.0329382551604774
"ENSG00000143158",0.0254438509919269,0.023976023976024,0.0489374755679103
"ENSG00000143162",0.0132828576363564,0.514485514485514,0.5707640462556
"ENSG00000143164",-0.0161828802556003,0.134865134865135,0.1822157606306
"ENSG00000143167",-0.104689731444945,0.011988011988012,0.0350284289015142
"ENSG00000143178",0.0151996594980711,0.408591408591409,0.468465135322605
"ENSG00000143179",-0.0175006035089882,0.35964035964036,0.420320708174447
"ENSG00000143183",-0.0639559255533993,0.0639360639360639,0.0989420057151193
"ENSG00000143190",0.0417654927763578,0.015984015984016,0.0392432899072327
"ENSG00000143198",-0.0532540590084491,0.00699300699300699,0.0311612747652792
"ENSG00000143207",0.108119295814402,0.00899100899100899,0.031668800133044
"ENSG00000143222",-0.0341212625216278,0.035964035964036,0.0640509460900688
"ENSG00000143224",-0.0302805449074388,0.017982017982018,0.0417277258366272
"ENSG00000143226",0.217946672560958,0.003996003996004,0.0309698899552726
"ENSG00000143252",0.0278431179219623,0.003996003996004,0.0309698899552726
"ENSG00000143256",-0.0441833274859358,0.030969030969031,0.0574804346232918
"ENSG00000143258",-0.0158929434249739,0.0649350649350649,0.100075610462889
"ENSG00000143294",0.0192304406027387,0.015984015984016,0.0392432899072327
"ENSG00000143297",-0.0984672181933998,0.0709290709290709,0.107142480445648
"ENSG00000143303",0.012771413791099,0.287712287712288,0.347719858580679
"ENSG00000143314",-0.0707212663510403,0.00599400599400599,0.0309698899552726
"ENSG00000143315",-0.0466945891800841,0.010989010989011,0.0339239491564177
"ENSG00000143319",0.0418016497776863,0.002997002997003,0.0309698899552726
"ENSG00000143321",0.0349213269903855,0.166833166833167,0.217721902378217
"ENSG00000143322",-0.00317790451041364,0.574425574425574,0.626106163018915
"ENSG00000143324",0.00653032251049287,0.236763236763237,0.293493613142917
"ENSG00000143337",0.0710936737257495,0.001998001998002,0.0309698899552726
"ENSG00000143344",0.00398250217508279,0.741258741258741,0.777148002481685
"ENSG00000143353",-0.0237070071053232,0.167832167832168,0.218788045667317
"ENSG00000143363",0.0255643032099406,0.046953046953047,0.078144539299504
"ENSG00000143365",-0.0388839483993208,0.226773226773227,0.282655117129293
"ENSG00000143367",0.113512243544109,0.00599400599400599,0.0309698899552726
"ENSG00000143368",0.0349911320584003,0.012987012987013,0.0360623664690208
"ENSG00000143373",0.080691313278806,0.00699300699300699,0.0311612747652792
"ENSG00000143374",-0.0334338969852784,0.048951048951049,0.0806102639481647
"ENSG00000143376",0.114932960942397,0.003996003996004,0.0309698899552726
"ENSG00000143379",0.0161008577876524,0.266733266733267,0.325706197886649
"ENSG00000143384",0.138203051240824,0.003996003996004,0.0309698899552726
"ENSG00000143387",0.00757754375395497,0.40959040959041,0.469341870943702
"ENSG00000143390",-0.0320024892249163,0.035964035964036,0.0640509460900688
"ENSG00000143393",0.0387736491025916,0.018981018981019,0.0430078970802953
"ENSG00000143398",0.0236304913579678,0.022977022977023,0.0478078016166659
"ENSG00000143401",-0.0537497842572471,0.0699300699300699,0.105979770544714
"ENSG00000143409",0.170966255241307,0.011988011988012,0.0350284289015142
"ENSG00000143416",0.057137446279149,0.0859140859140859,0.125168564009636
"ENSG00000143418",0.0640631787923528,0.00599400599400599,0.0309698899552726
"ENSG00000143420",0.0120994167486567,0.207792207792208,0.262343392504124
"ENSG00000143436",-0.0455037278634079,0.045954045954046,0.0767902842430095
"ENSG00000143437",0.0337618185026993,0.015984015984016,0.0392432899072327
"ENSG00000143442",-0.00510690142762397,0.631368631368631,0.678753753626283
"ENSG00000143452",0.0665138954109953,0.11988011988012,0.165390802516276
"ENSG00000143457",-0.0100298614372837,0.20979020979021,0.264476947577755
"ENSG00000143458",-0.0461598016637366,0.003996003996004,0.0309698899552726
"ENSG00000143466",-0.0343755255749629,0.01998001998002,0.044196554411905
"ENSG00000143479",0.000839593936651024,0.955044955044955,0.962251028649419
"ENSG00000143486",-0.0631031493456162,0.002997002997003,0.0309698899552726
"ENSG00000143493",-0.032394610321546,0.030969030969031,0.0574804346232918
"ENSG00000143498",-0.0583878449138717,0.022977022977023,0.0478078016166659
"ENSG00000143499",-0.0767828075460244,0.00599400599400599,0.0309698899552726
"ENSG00000143502",-0.0508615537980437,0.13986013986014,0.18792924427987
"ENSG00000143507",0.00625920074493157,0.731268731268731,0.768081420414929
"ENSG00000143514",0.0196722017957343,0.0719280719280719,0.108379083303858
"ENSG00000143515",-0.0655493002956799,0.00899100899100899,0.031668800133044
"ENSG00000143537",0.00329719436311415,0.904095904095904,0.919240657819338
"ENSG00000143543",0.0185343424183052,0.033966033966034,0.0614579638969883
"ENSG00000143546",0.0737460497497131,0.304695304695305,0.364796590140284
"ENSG00000143549",0.0711377681518518,0.001998001998002,0.0309698899552726
"ENSG00000143553",-0.0180155884288591,0.12987012987013,0.176359233986353
"ENSG00000143554",0.0134892862345721,0.605394605394605,0.654872400326946
"ENSG00000143569",0.00370406337121538,0.745254745254745,0.780792566338726
"ENSG00000143570",0.0738051834635276,0.003996003996004,0.0309698899552726
"ENSG00000143575",-0.0420214050422926,0.003996003996004,0.0309698899552726
"ENSG00000143578",-0.0753947663522447,0.001998001998002,0.0309698899552726
"ENSG00000143612",0.0198065775111033,0.043956043956044,0.0742673606444167
"ENSG00000143614",0.0316852695132544,0.124875124875125,0.170791993939826
"ENSG00000143621",-0.0512102581837152,0.017982017982018,0.0417277258366272
"ENSG00000143622",0.107831798159434,0.002997002997003,0.0309698899552726
"ENSG00000143624",0.0369369294869258,0.0669330669330669,0.102576077327416
"ENSG00000143633",-0.0295047334407622,0.038961038961039,0.0678698023240711
"ENSG00000143641",0.0179327394791034,0.337662337662338,0.398392496959157
"ENSG00000143643",-0.0361427372093516,0.015984015984016,0.0392432899072327
"ENSG00000143653",-0.0130787799501097,0.481518481518482,0.539218143019858
"ENSG00000143669",0.115924967040022,0.002997002997003,0.0309698899552726
"ENSG00000143674",-0.0169280215302832,0.296703296703297,0.357077931081536
"ENSG00000143702",0.0334749356765659,0.027972027972028,0.0538126832348059
"ENSG00000143727",-0.0439999647207793,0.00799200799200799,0.0313472428354935
"ENSG00000143740",-0.03519630826493,0.002997002997003,0.0309698899552726
"ENSG00000143742",-0.0517531235805891,0.127872127872128,0.174197147219138
"ENSG00000143748",-0.0613862232605728,0.001998001998002,0.0309698899552726
"ENSG00000143751",0.0668684817231988,0.001998001998002,0.0309698899552726
"ENSG00000143753",0.065919471147662,0.004995004995005,0.0309698899552726
"ENSG00000143756",-0.00807459155313761,0.251748251748252,0.309610160613026
"ENSG00000143761",0.0906441798021751,0.001998001998002,0.0309698899552726
"ENSG00000143771",0.0141631905804516,0.393606393606394,0.45349071406017
"ENSG00000143772",-0.00456979711321085,0.761238761238761,0.794353341370794
"ENSG00000143774",0.0358091148707868,0.121878121878122,0.167493569894942
"ENSG00000143776",-0.0398320199147265,0.181818181818182,0.234275856019182
"ENSG00000143786",-0.00481565692111101,0.673326673326673,0.717188687409373
"ENSG00000143793",-0.0483990614331386,0.00599400599400599,0.0309698899552726
"ENSG00000143797",0.0793061534799528,0.014985014985015,0.0380820279318905
"ENSG00000143799",-0.0375045176194552,0.108891108891109,0.152666046039821
"ENSG00000143801",-0.0156959434332648,0.333666333666334,0.394529909287879
"ENSG00000143811",-0.0365675743142691,0.004995004995005,0.0309698899552726
"ENSG00000143815",0.143382183640865,0.001998001998002,0.0309698899552726
"ENSG00000143851",-0.0115478745147297,0.396603396603397,0.45646232717675
"ENSG00000143862",0.0798258746758143,0.00899100899100899,0.031668800133044
"ENSG00000143870",-0.014856154025406,0.316683316683317,0.377457115927809
"ENSG00000143878",0.135470865599308,0.00599400599400599,0.0309698899552726
"ENSG00000143889",0.0103001189826005,0.531468531468531,0.586572578858372
"ENSG00000143891",0.0160276372482809,0.145854145854146,0.194807193251292
"ENSG00000143919",-0.0676393493693817,0.00699300699300699,0.0311612747652792
"ENSG00000143924",-0.0212051104853383,0.0669330669330669,0.102576077327416
"ENSG00000143933",0.0261218729446506,0.198801198801199,0.25261078528154
"ENSG00000143947",-0.133600255146296,0.00799200799200799,0.0313472428354935
"ENSG00000143951",-0.0512417885097028,0.013986013986014,0.0370555370555371
"ENSG00000143952",-0.022166851419314,0.166833166833167,0.217721902378217
"ENSG00000143970",0.0254209730195568,0.00799200799200799,0.0313472428354935
"ENSG00000143971",-0.0975616024759611,0.021978021978022,0.0464939039133723
"ENSG00000143977",-0.0722322980708232,0.024975024975025,0.0503016340120413
"ENSG00000143995",0.0313668944376846,0.100899100899101,0.143283161361857
"ENSG00000144021",0.00632824401562142,0.117882117882118,0.16304606890405
"ENSG00000144026",-0.0712793214519553,0.012987012987013,0.0360623664690208
"ENSG00000144028",0.00784150786055681,0.617382617382617,0.665802610885166
"ENSG00000144029",-0.0380737582034898,0.00799200799200799,0.0313472428354935
"ENSG00000144034",-0.061163715864983,0.0549450549450549,0.0880322184148341
"ENSG00000144036",-0.0796879025648402,0.003996003996004,0.0309698899552726
"ENSG00000144040",0.0862865603715623,0.00899100899100899,0.031668800133044
"ENSG00000144043",0.0120765879892741,0.34965034965035,0.410200888529666
"ENSG00000144048",0.00554494480285669,0.46953046953047,0.528205296528801
"ENSG00000144118",0.180480577167088,0.003996003996004,0.0309698899552726
"ENSG00000144120",-0.0782473005596036,0.004995004995005,0.0309698899552726
"ENSG00000144136",0.00635062675542135,0.735264735264735,0.771806410028089
"ENSG00000144152",-0.0632047077250514,0.0609390609390609,0.0952980656298809
"ENSG00000144161",-0.0563871015306722,0.024975024975025,0.0503016340120413
"ENSG00000144182",-0.0916105640957524,0.00999000999000999,0.0329382551604774
"ENSG00000144218",-0.0499427812480828,0.300699300699301,0.360695098892524
"ENSG00000144224",0.0199651421939981,0.041958041958042,0.0717489681633108
"ENSG00000144228",0.124277693885346,0.00599400599400599,0.0309698899552726
"ENSG00000144231",-0.0256616885368713,0.0729270729270729,0.10954100267936
"ENSG00000144233",0.00530727443120412,0.44955044955045,0.508584891527563
"ENSG00000144283",0.0198735618017193,0.135864135864136,0.183359369434608
"ENSG00000144290",-0.0698189806642462,0.160839160839161,0.211206843855445
"ENSG00000144306",-0.0141951998737668,0.245754245754246,0.30369917999738
"ENSG00000144320",-0.0524334221448594,0.013986013986014,0.0370555370555371
"ENSG00000144357",0.00487644757265386,0.337662337662338,0.398392496959157
"ENSG00000144381",-0.0346609009057676,0.023976023976024,0.0489374755679103
"ENSG00000144401",-0.0319133661016192,0.01998001998002,0.044196554411905
"ENSG00000144426",-0.0583079566094543,0.00599400599400599,0.0309698899552726
"ENSG00000144445",0.0256134318206851,0.0939060939060939,0.134753843171754
"ENSG00000144451",-0.10747195828534,0.00699300699300699,0.0311612747652792
"ENSG00000144455",0.00541501157110193,0.558441558441558,0.611289794093328
"ENSG00000144468",-0.035373929109155,0.017982017982018,0.0417277258366272
"ENSG00000144476",-0.0564913068102607,0.022977022977023,0.0478078016166659
"ENSG00000144504",-0.0304945188579021,0.102897102897103,0.145570027382858
"ENSG00000144524",-0.0487001317957147,0.002997002997003,0.0309698899552726
"ENSG00000144535",-0.0644535251423562,0.002997002997003,0.0309698899552726
"ENSG00000144554",0.00369358186841329,0.697302697302697,0.738147081492453
"ENSG00000144559",-0.0669484969870665,0.001998001998002,0.0309698899552726
"ENSG00000144560",-0.0407063041664357,0.00599400599400599,0.0309698899552726
"ENSG00000144566",0.0697730686706795,0.001998001998002,0.0309698899552726
"ENSG00000144567",0.0440703081293813,0.01998001998002,0.044196554411905
"ENSG00000144579",0.0754354445943542,0.002997002997003,0.0309698899552726
"ENSG00000144580",-0.0417952511235752,0.002997002997003,0.0309698899552726
"ENSG00000144589",0.020959587625264,0.207792207792208,0.262343392504124
"ENSG00000144591",0.00583841240338121,0.615384615384615,0.663826614100378
"ENSG00000144597",0.0370102870921348,0.001998001998002,0.0309698899552726
"ENSG00000144635",0.0794422444032076,0.011988011988012,0.0350284289015142
"ENSG00000144645",-0.0587950098799769,0.255744255744256,0.314010468485336
"ENSG00000144647",-0.00391442703503037,0.843156843156843,0.866962606182319
"ENSG00000144655",0.159011177313365,0.004995004995005,0.0309698899552726
"ENSG00000144659",-0.0530405638180987,0.002997002997003,0.0309698899552726
"ENSG00000144674",-0.0283549824162901,0.0549450549450549,0.0880322184148341
"ENSG00000144677",0.0254277221643731,0.321678321678322,0.3826138232314
"ENSG00000144711",0.108819040699281,0.00599400599400599,0.0309698899552726
"ENSG00000144713",-0.099084174603833,0.00799200799200799,0.0313472428354935
"ENSG00000144736",-0.0610841198279847,0.002997002997003,0.0309698899552726
"ENSG00000144741",-0.0535492431381324,0.015984015984016,0.0392432899072327
"ENSG00000144744",0.00632712061253096,0.659340659340659,0.7044142629528
"ENSG00000144746",-0.00381564597370089,0.743256743256743,0.77897092007147
"ENSG00000144747",0.0167876403046863,0.202797202797203,0.256954853264816
"ENSG00000144749",-0.0642264659778733,0.00899100899100899,0.031668800133044
"ENSG00000144791",-0.052660679311193,0.00899100899100899,0.031668800133044
"ENSG00000144802",0.0919364879350763,0.002997002997003,0.0309698899552726
"ENSG00000144815",0.00719911274371785,0.525474525474525,0.581184690516551
"ENSG00000144824",-0.0701988079612951,0.0609390609390609,0.0952980656298809
"ENSG00000144827",-0.0603108289962483,0.022977022977023,0.0478078016166659
"ENSG00000144840",-0.0660878975864408,0.00699300699300699,0.0311612747652792
"ENSG00000144843",-0.00655759485369351,0.804195804195804,0.83303095800941
"ENSG00000144848",0.0560782383336107,0.03996003996004,0.0691988127146629
"ENSG00000144867",-0.0540609053740724,0.002997002997003,0.0309698899552726
"ENSG00000144893",0.0250884465707796,0.411588411588412,0.471316772793667
"ENSG00000144895",-0.0883193625205935,0.003996003996004,0.0309698899552726
"ENSG00000144909",0.105786133963353,0.001998001998002,0.0309698899552726
"ENSG00000144935",-0.142123416726578,0.001998001998002,0.0309698899552726
"ENSG00000144959",-0.02853057424466,0.142857142857143,0.191421244604431
"ENSG00000145012",0.0662757498354189,0.003996003996004,0.0309698899552726
"ENSG00000145016",0.020986008294805,0.321678321678322,0.3826138232314
"ENSG00000145020",-0.0453209687796877,0.0929070929070929,0.133543528591968
"ENSG00000145022",0.00901543538771016,0.276723276723277,0.336061069084513
"ENSG00000145029",-0.0301901280539158,0.143856143856144,0.19243801612457
"ENSG00000145041",-0.0375762400628492,0.046953046953047,0.078144539299504
"ENSG00000145050",-0.0200514657420346,0.211788211788212,0.266576322713734
"ENSG00000145191",-0.046560587076402,0.000999000999000999,0.0309698899552726
"ENSG00000145214",-0.00770359395663949,0.679320679320679,0.722356744299763
"ENSG00000145216",-0.00897224242171359,0.123876123876124,0.169696028353272
"ENSG00000145220",-0.040319689009382,0.0649350649350649,0.100075610462889
"ENSG00000145241",-0.0579187327155809,0.00599400599400599,0.0309698899552726
"ENSG00000145246",0.000109594450412805,0.988011988011988,0.989906467021932
"ENSG00000145247",-0.10168743480743,0.00899100899100899,0.031668800133044
"ENSG00000145287",-0.0791014773958545,0.002997002997003,0.0309698899552726
"ENSG00000145293",-0.0749484999167157,0.004995004995005,0.0309698899552726
"ENSG00000145331",-0.0446475116111358,0.0789210789210789,0.116778321407723
"ENSG00000145332",0.063113011890015,0.00899100899100899,0.031668800133044
"ENSG00000145335",0.0519118391317224,0.161838161838162,0.212240400367856
"ENSG00000145337",-0.0592603783194027,0.051948051948052,0.084286713691331
"ENSG00000145348",-0.0708024653752644,0.004995004995005,0.0309698899552726
"ENSG00000145349",-0.0658026873742334,0.014985014985015,0.0380820279318905
"ENSG00000145354",-0.0315589200710538,0.133866133866134,0.181008460486408
"ENSG00000145365",0.0248723154107933,0.264735264735265,0.323463644935788
"ENSG00000145375",-0.0772822124019145,0.00599400599400599,0.0309698899552726
"ENSG00000145386",-0.0215684499323786,0.352647352647353,0.413394058146302
"ENSG00000145388",-0.0422260551331059,0.017982017982018,0.0417277258366272
"ENSG00000145390",-0.11022280692237,0.002997002997003,0.0309698899552726
"ENSG00000145391",-0.00438987047645838,0.79020979020979,0.821020252333471
"ENSG00000145414",-0.0825636356007854,0.00599400599400599,0.0309698899552726
"ENSG00000145416",-0.0170922328490402,0.532467532467532,0.58751329463779
"ENSG00000145425",-0.168847748047189,0.016983016983017,0.0404964083535512
"ENSG00000145431",-0.000572292212113995,0.97002997002997,0.975141796722725
"ENSG00000145439",-0.0241296175713218,0.034965034965035,0.0627459743481843
"ENSG00000145476",-0.0665676704757095,0.003996003996004,0.0309698899552726
"ENSG00000145491",0.256029857112787,0.00799200799200799,0.0313472428354935
"ENSG00000145494",-0.00566904857122917,0.652347652347652,0.698122358496357
"ENSG00000145495",-0.00770461575862941,0.300699300699301,0.360695098892524
"ENSG00000145545",-0.0206465211906806,0.271728271728272,0.330964869730452
"ENSG00000145569",0.00455310304800221,0.816183816183816,0.843921285631687
"ENSG00000145592",-0.104039797635407,0.002997002997003,0.0309698899552726
"ENSG00000145604",-0.0302994281902488,0.00799200799200799,0.0313472428354935
"ENSG00000145675",-0.0390257324793463,0.011988011988012,0.0350284289015142
"ENSG00000145685",0.0490634377719372,0.172827172827173,0.22439898044911
"ENSG00000145687",-0.0384818666408276,0.0659340659340659,0.101381218576715
"ENSG00000145703",0.0484365395326392,0.023976023976024,0.0489374755679103
"ENSG00000145715",-0.0198818491352667,0.036963036963037,0.0654036775944903
"ENSG00000145723",-0.0700184026292101,0.030969030969031,0.0574804346232918
"ENSG00000145725",0.000400681950600576,0.963036963036963,0.969084670667188
"ENSG00000145730",0.0149262512121404,0.471528471528472,0.529907347188065
"ENSG00000145734",-0.0555214255855303,0.00699300699300699,0.0311612747652792
"ENSG00000145740",-0.0238398491627928,0.013986013986014,0.0370555370555371
"ENSG00000145741",-0.0353505193240574,0.0999000999000999,0.142133230803765
"ENSG00000145743",-0.0412599763229334,0.028971028971029,0.0550211482575579
"ENSG00000145779",-0.0394728375297781,0.01998001998002,0.044196554411905
"ENSG00000145780",0.0548862723170799,0.004995004995005,0.0309698899552726
"ENSG00000145781",-0.07288570651698,0.00799200799200799,0.0313472428354935
"ENSG00000145782",-0.00433956484957831,0.781218781218781,0.813154972517522
"ENSG00000145817",-0.00684717199278059,0.362637362637363,0.423206042355392
"ENSG00000145819",0.156829208336932,0.004995004995005,0.0309698899552726
"ENSG00000145833",-0.00908646996635872,0.354645354645355,0.415331112076386
"ENSG00000145860",0.0704784799720064,0.003996003996004,0.0309698899552726
"ENSG00000145868",0.0806722007444562,0.002997002997003,0.0309698899552726
"ENSG00000145882",-0.0602921425886245,0.001998001998002,0.0309698899552726
"ENSG00000145901",0.0881586039967307,0.00599400599400599,0.0309698899552726
"ENSG00000145907",-0.0431000869346706,0.00999000999000999,0.0329382551604774
"ENSG00000145908",-0.0510392995385407,0.147852147852148,0.197103395772281
"ENSG00000145911",-0.0463620549148426,0.215784215784216,0.270896762278774
"ENSG00000145912",-0.0459794488405544,0.023976023976024,0.0489374755679103
"ENSG00000145916",-0.0172516727956579,0.191808191808192,0.24520272834282
"ENSG00000145919",-0.0583955262586633,0.00999000999000999,0.0329382551604774
"ENSG00000145945",-0.0479345172058993,0.013986013986014,0.0370555370555371
"ENSG00000145949",-0.012403589998543,0.277722277722278,0.337035881416372
"ENSG00000145979",0.0520021048582422,0.004995004995005,0.0309698899552726
"ENSG00000145982",-0.0625147323362996,0.001998001998002,0.0309698899552726
"ENSG00000145990",-0.0288920812876767,0.422577422577423,0.482063167018079
"ENSG00000145996",-0.0642741484298511,0.004995004995005,0.0309698899552726
"ENSG00000146007",0.0272510139929612,0.114885114885115,0.159561921956467
"ENSG00000146021",-0.085113183322872,0.025974025974026,0.0514006000585945
"ENSG00000146063",0.0229756445345609,0.045954045954046,0.0767902842430095
"ENSG00000146066",-0.016760357992304,0.212787212787213,0.267637542990761
"ENSG00000146067",0.0264169147272485,0.121878121878122,0.167493569894942
"ENSG00000146083",0.0278012313524268,0.0779220779220779,0.115641829151338
"ENSG00000146085",0.00490670826067674,0.522477522477522,0.578508832240175
"ENSG00000146094",0.177956752018156,0.004995004995005,0.0309698899552726
"ENSG00000146109",-0.00732183826030294,0.117882117882118,0.16304606890405
"ENSG00000146143",-0.0563294880055637,0.002997002997003,0.0309698899552726
"ENSG00000146192",-0.0124417426260797,0.665334665334665,0.709997514472741
"ENSG00000146223",-0.0525842942229753,0.00699300699300699,0.0311612747652792
"ENSG00000146232",0.0394304561297442,0.0559440559440559,0.08933506036881
"ENSG00000146243",-0.0792839695203198,0.01998001998002,0.044196554411905
"ENSG00000146247",0.0294541002702397,0.01998001998002,0.044196554411905
"ENSG00000146263",-0.0575971366051452,0.010989010989011,0.0339239491564177
"ENSG00000146278",0.050013820989474,0.002997002997003,0.0309698899552726
"ENSG00000146281",-0.0529708267020529,0.015984015984016,0.0392432899072327
"ENSG00000146282",-0.0435539212076388,0.00799200799200799,0.0313472428354935
"ENSG00000146285",-0.0431054353508406,0.014985014985015,0.0380820279318905
"ENSG00000146350",-0.0799229997876548,0.00599400599400599,0.0309698899552726
"ENSG00000146373",-0.0122490889819526,0.664335664335664,0.709120349408119
"ENSG00000146376",0.0126373213149796,0.326673326673327,0.387404779944744
"ENSG00000146386",-0.0479977930454114,0.043956043956044,0.0742673606444167
"ENSG00000146409",-0.0326758861612093,0.0679320679320679,0.103657642509852
"ENSG00000146414",-0.0595211280171776,0.00799200799200799,0.0313472428354935
"ENSG00000146416",0.012171366339549,0.345654345654346,0.406186948868087
"ENSG00000146425",0.0684889425287973,0.014985014985015,0.0380820279318905
"ENSG00000146426",0.0965302681358635,0.020979020979021,0.0454117208439975
"ENSG00000146433",-0.0600761246739808,0.016983016983017,0.0404964083535512
"ENSG00000146457",0.0416769151406279,0.021978021978022,0.0464939039133723
"ENSG00000146463",-0.0667830171100941,0.00799200799200799,0.0313472428354935
"ENSG00000146476",-0.000118196969451777,0.996003996003996,0.996501500497505
"ENSG00000146535",0.0431780508319419,0.042957042957043,0.0729589799685899
"ENSG00000146540",-0.0417461876190164,0.015984015984016,0.0392432899072327
"ENSG00000146556",0.019243724736858,0.205794205794206,0.260203552365572
"ENSG00000146574",0.0271579947404617,0.0579420579420579,0.0917937849126882
"ENSG00000146576",0.0186810346604643,0.0919080919080919,0.132329154013592
"ENSG00000146587",-0.0651088126397633,0.048951048951049,0.0806102639481647
"ENSG00000146674",-0.0952811612076959,0.023976023976024,0.0489374755679103
"ENSG00000146676",0.0352633741254951,0.0599400599400599,0.0941400470935233
"ENSG00000146677",-0.105851326184862,0.004995004995005,0.0309698899552726
"ENSG00000146701",-0.00241930365798653,0.84015984015984,0.864398678113257
"ENSG00000146729",-0.0410508368683051,0.023976023976024,0.0489374755679103
"ENSG00000146731",-0.0380735041551366,0.036963036963037,0.0654036775944903
"ENSG00000146757",-0.076546354896814,0.0789210789210789,0.116778321407723
"ENSG00000146776",-0.0427953506013912,0.00699300699300699,0.0311612747652792
"ENSG00000146802",-0.0471308887317414,0.025974025974026,0.0514006000585945
"ENSG00000146826",0.111139191006392,0.012987012987013,0.0360623664690208
"ENSG00000146828",0.139652829053415,0.004995004995005,0.0309698899552726
"ENSG00000146830",0.0149777656281096,0.404595404595405,0.464370888399157
"ENSG00000146833",-0.0381486166161706,0.002997002997003,0.0309698899552726
"ENSG00000146834",0.00663363434117637,0.569430569430569,0.621337986509586
"ENSG00000146842",-0.0763895786972989,0.016983016983017,0.0404964083535512
"ENSG00000146856",-0.0769053220543097,0.038961038961039,0.0678698023240711
"ENSG00000146859",0.194951577555701,0.003996003996004,0.0309698899552726
"ENSG00000146872",0.0319517227547112,0.018981018981019,0.0430078970802953
"ENSG00000146909",-0.053213030387918,0.00999000999000999,0.0329382551604774
"ENSG00000146918",-0.0383505107702063,0.114885114885115,0.159561921956467
"ENSG00000146963",-0.0261104930593302,0.024975024975025,0.0503016340120413
"ENSG00000147010",0.0677465416728062,0.004995004995005,0.0309698899552726
"ENSG00000147036",0.0142224260939476,0.678321678321678,0.721422117705304
"ENSG00000147044",-0.0593731023825058,0.01998001998002,0.044196554411905
"ENSG00000147050",0.0379610253825911,0.01998001998002,0.044196554411905
"ENSG00000147065",0.0993824172503655,0.00899100899100899,0.031668800133044
"ENSG00000147099",-0.0444839712336695,0.014985014985015,0.0380820279318905
"ENSG00000147118",-0.0114492433340246,0.288711288711289,0.348646731082422
"ENSG00000147121",-0.0656155152930637,0.00599400599400599,0.0309698899552726
"ENSG00000147123",-0.0395809855339799,0.00599400599400599,0.0309698899552726
"ENSG00000147124",-0.0477380041076734,0.004995004995005,0.0309698899552726
"ENSG00000147130",-0.0562612433312446,0.010989010989011,0.0339239491564177
"ENSG00000147133",0.0082165937881532,0.377622377622378,0.437971987479804
"ENSG00000147138",-0.0997512089257272,0.004995004995005,0.0309698899552726
"ENSG00000147140",-0.0294438488162027,0.014985014985015,0.0380820279318905
"ENSG00000147155",-0.0570903258685499,0.00999000999000999,0.0329382551604774
"ENSG00000147162",-0.0209387114489472,0.030969030969031,0.0574804346232918
"ENSG00000147164",0.0026741663408389,0.73026973026973,0.767166225383009
"ENSG00000147168",0.0305352826763958,0.043956043956044,0.0742673606444167
"ENSG00000147174",-0.00542779672143415,0.576423576423576,0.627885302407191
"ENSG00000147180",-0.114861025001375,0.015984015984016,0.0392432899072327
"ENSG00000147202",-0.0276669432612799,0.0879120879120879,0.127615348777325
"ENSG00000147224",-0.0562129967142564,0.012987012987013,0.0360623664690208
"ENSG00000147251",0.0424602617757156,0.00999000999000999,0.0329382551604774
"ENSG00000147274",-0.0593048517950254,0.00599400599400599,0.0309698899552726
"ENSG00000147316",-0.0555722253434024,0.00599400599400599,0.0309698899552726
"ENSG00000147324",-0.056169183248628,0.00999000999000999,0.0329382551604774
"ENSG00000147364",-0.0580448913417989,0.00899100899100899,0.031668800133044
"ENSG00000147382",-0.0443714595558311,0.014985014985015,0.0380820279318905
"ENSG00000147383",-0.00747482657261663,0.655344655344655,0.700955150225353
"ENSG00000147394",0.142741712773317,0.001998001998002,0.0309698899552726
"ENSG00000147400",0.0153632254410498,0.102897102897103,0.145570027382858
"ENSG00000147403",-0.0810891798368852,0.004995004995005,0.0309698899552726
"ENSG00000147408",0.0305801860472577,0.195804195804196,0.249435533726397
"ENSG00000147416",0.151380722734047,0.002997002997003,0.0309698899552726
"ENSG00000147419",-0.0602224076674906,0.013986013986014,0.0370555370555371
"ENSG00000147421",-0.0157053211366054,0.112887112887113,0.157241228868489
"ENSG00000147437",-0.0197145337377519,0.226773226773227,0.282655117129293
"ENSG00000147439",0.095003802702077,0.00599400599400599,0.0309698899552726
"ENSG00000147443",-0.0159239700848756,0.461538461538462,0.520481301564158
"ENSG00000147454",0.0749287607611287,0.00899100899100899,0.031668800133044
"ENSG00000147457",-0.0594564656053043,0.030969030969031,0.0574804346232918
"ENSG00000147459",0.183893624010191,0.00599400599400599,0.0309698899552726
"ENSG00000147471",-0.00831841417526857,0.457542457542458,0.516411087034678
"ENSG00000147475",-0.0155943033005683,0.040959040959041,0.0705122123257061
"ENSG00000147526",0.0869057155735489,0.002997002997003,0.0309698899552726
"ENSG00000147533",0.0542300558066367,0.00699300699300699,0.0311612747652792
"ENSG00000147535",-0.0286909379480264,0.440559440559441,0.499636062719954
"ENSG00000147548",0.0367418345274628,0.012987012987013,0.0360623664690208
"ENSG00000147576",-0.0377539018317936,0.0629370629370629,0.0977484650268315
"ENSG00000147586",-0.0807392620007211,0.00699300699300699,0.0311612747652792
"ENSG00000147592",-0.04764270089924,0.015984015984016,0.0392432899072327
"ENSG00000147601",-0.0201394082864399,0.0969030969030969,0.138393513794583
"ENSG00000147604",-0.0805491014704465,0.00899100899100899,0.031668800133044
"ENSG00000147649",-0.0457638379629695,0.014985014985015,0.0380820279318905
"ENSG00000147650",-0.0371229029829052,0.025974025974026,0.0514006000585945
"ENSG00000147654",-0.0705523224915624,0.016983016983017,0.0404964083535512
"ENSG00000147669",-0.13081868136536,0.047952047952048,0.0794112873484515
"ENSG00000147677",-0.0494605532760746,0.018981018981019,0.0430078970802953
"ENSG00000147679",-0.0411385232744071,0.017982017982018,0.0417277258366272
"ENSG00000147684",-0.0362730519575403,0.01998001998002,0.044196554411905
"ENSG00000147687",-0.0872480771225549,0.00899100899100899,0.031668800133044
"ENSG00000147789",-0.0430847238111417,0.000999000999000999,0.0309698899552726
"ENSG00000147813",0.0637827782079316,0.0679320679320679,0.103657642509852
"ENSG00000147853",-0.0638662089024039,0.00899100899100899,0.031668800133044
"ENSG00000147854",-0.047929260879413,0.00899100899100899,0.031668800133044
"ENSG00000147872",-0.0266692132264584,0.0609390609390609,0.0952980656298809
"ENSG00000147874",-0.0591055585175425,0.012987012987013,0.0360623664690208
"ENSG00000147883",0.0147230517799374,0.504495504495505,0.561079675460575
"ENSG00000147894",0.0660315924439514,0.023976023976024,0.0489374755679103
"ENSG00000147905",-0.0596739711523156,0.016983016983017,0.0404964083535512
"ENSG00000147955",-0.0182959465341263,0.108891108891109,0.152666046039821
"ENSG00000147996",-0.0244260459971711,0.127872127872128,0.174197147219138
"ENSG00000148019",-0.0757690808938174,0.048951048951049,0.0806102639481647
"ENSG00000148057",-0.0471878466780007,0.022977022977023,0.0478078016166659
"ENSG00000148090",-0.0266978914297354,0.00899100899100899,0.031668800133044
"ENSG00000148110",0.0814105113334908,0.003996003996004,0.0309698899552726
"ENSG00000148120",-0.0140988578901884,0.196803196803197,0.250363164939221
"ENSG00000148153",-0.00526617329593295,0.541458541458541,0.595956475066284
"ENSG00000148154",0.00882982426018505,0.542457542457542,0.596837383983772
"ENSG00000148158",0.015307836109843,0.330669330669331,0.391371283827459
"ENSG00000148175",-0.0108669913600366,0.647352647352647,0.693394306228531
"ENSG00000148180",0.165225729034465,0.00599400599400599,0.0309698899552726
"ENSG00000148187",-0.0443321165058307,0.015984015984016,0.0392432899072327
"ENSG00000148200",0.179798744855256,0.004995004995005,0.0309698899552726
"ENSG00000148218",-0.00174317570451175,0.922077922077922,0.934046903871584
"ENSG00000148219",-0.0732271939444907,0.010989010989011,0.0339239491564177
"ENSG00000148229",-0.0428726388148186,0.00699300699300699,0.0311612747652792
"ENSG00000148248",0.0279258415471791,0.034965034965035,0.0627459743481843
"ENSG00000148288",0.0592258420239259,0.016983016983017,0.0404964083535512
"ENSG00000148290",0.0184828006826664,0.013986013986014,0.0370555370555371
"ENSG00000148291",-0.0220728774730846,0.048951048951049,0.0806102639481647
"ENSG00000148296",-0.0121427670234131,0.22977022977023,0.285768252238293
"ENSG00000148297",0.0338719882721327,0.037962037962038,0.0665831541488284
"ENSG00000148300",-0.0362851976953778,0.023976023976024,0.0489374755679103
"ENSG00000148303",-0.0659110222653164,0.023976023976024,0.0489374755679103
"ENSG00000148308",-0.0118366076600975,0.166833166833167,0.217721902378217
"ENSG00000148331",-0.00119212078004988,0.941058941058941,0.950470321341823
"ENSG00000148334",-0.0524962174498802,0.001998001998002,0.0309698899552726
"ENSG00000148335",-0.0386133328177924,0.001998001998002,0.0309698899552726
"ENSG00000148337",0.00232148874678243,0.884115884115884,0.901672156763807
"ENSG00000148339",-0.0535041676289639,0.001998001998002,0.0309698899552726
"ENSG00000148341",-0.00947085530160433,0.464535464535465,0.523173761858046
"ENSG00000148343",-0.0143924879229955,0.0989010989010989,0.140945500603985
"ENSG00000148346",0.0649424127174889,0.0729270729270729,0.10954100267936
"ENSG00000148356",0.0388090830133691,0.0529470529470529,0.0856186332504955
"ENSG00000148358",0.0703712812745666,0.00699300699300699,0.0311612747652792
"ENSG00000148362",-0.0486604090246381,0.012987012987013,0.0360623664690208
"ENSG00000148384",-0.0493052563451844,0.00799200799200799,0.0313472428354935
"ENSG00000148396",0.015618774147396,0.373626373626374,0.434007515778248
"ENSG00000148399",-0.046449647154528,0.004995004995005,0.0309698899552726
"ENSG00000148400",0.150507400071719,0.00899100899100899,0.031668800133044
"ENSG00000148411",0.123591732827289,0.002997002997003,0.0309698899552726
"ENSG00000148429",-0.011839625614467,0.433566433566434,0.492821469649239
"ENSG00000148444",-0.0570073861400233,0.0919080919080919,0.132329154013592
"ENSG00000148450",0.132355419414756,0.001998001998002,0.0309698899552726
"ENSG00000148459",-0.0492567352444029,0.028971028971029,0.0550211482575579
"ENSG00000148481",-0.0298969560930818,0.155844155844156,0.205658840994297
"ENSG00000148484",0.0016065973565938,0.846153846153846,0.869449121330106
"ENSG00000148488",-0.0686767882395884,0.110889110889111,0.155051231491022
"ENSG00000148498",0.0451909842300428,0.102897102897103,0.145570027382858
"ENSG00000148516",0.0237041344187289,0.207792207792208,0.262343392504124
"ENSG00000148572",0.194439652521937,0.002997002997003,0.0309698899552726
"ENSG00000148606",-0.0250167833261149,0.104895104895105,0.147874412977052
"ENSG00000148634",0.00958650773201155,0.280719280719281,0.340123431362468
"ENSG00000148655",0.0187683726919784,0.633366633366633,0.680353968519861
"ENSG00000148660",0.107206267552871,0.00799200799200799,0.0313472428354935
"ENSG00000148672",-0.0344448723822823,0.0809190809190809,0.119235595204207
"ENSG00000148688",-0.0658534446593957,0.00899100899100899,0.031668800133044
"ENSG00000148690",-0.0677291966537503,0.018981018981019,0.0430078970802953
"ENSG00000148700",-0.0172016919535035,0.0989010989010989,0.140945500603985
"ENSG00000148719",0.0888855468057107,0.004995004995005,0.0309698899552726
"ENSG00000148730",0.0428293071884291,0.00899100899100899,0.031668800133044
"ENSG00000148737",0.00817690582327967,0.681318681318681,0.72396886932696
"ENSG00000148773",0.0243228738205615,0.360639360639361,0.421037870231575
"ENSG00000148803",-0.0484156475712118,0.031968031968032,0.0588078690022667
"ENSG00000148814",-0.0312503121345295,0.014985014985015,0.0380820279318905
"ENSG00000148824",-0.0476742783871792,0.0529470529470529,0.0856186332504955
"ENSG00000148832",-0.0364983444555032,0.124875124875125,0.170791993939826
"ENSG00000148834",-0.00183429685905875,0.914085914085914,0.927514734505616
"ENSG00000148835",-0.0259317722395364,0.031968031968032,0.0588078690022667
"ENSG00000148840",-0.0494044075687991,0.032967032967033,0.0601301870083172
"ENSG00000148841",0.202509272288449,0.003996003996004,0.0309698899552726
"ENSG00000148842",-0.0509057741104861,0.003996003996004,0.0309698899552726
"ENSG00000148843",-0.0439199577201431,0.02997002997003,0.0561377525217924
"ENSG00000148908",-0.0254126372172116,0.121878121878122,0.167493569894942
"ENSG00000148925",0.0618124455179507,0.00699300699300699,0.0311612747652792
"ENSG00000148926",0.27373155611291,0.004995004995005,0.0309698899552726
"ENSG00000148943",-0.0450030587673497,0.045954045954046,0.0767902842430095
"ENSG00000148950",-0.091731661954423,0.010989010989011,0.0339239491564177
"ENSG00000148985",0.0469649327854049,0.01998001998002,0.044196554411905
"ENSG00000149016",-0.0379626892271453,0.123876123876124,0.169696028353272
"ENSG00000149084",0.0168539758258925,0.10989010989011,0.153869199657386
"ENSG00000149089",-0.0624230093841933,0.010989010989011,0.0339239491564177
"ENSG00000149091",0.0170967769793998,0.347652347652348,0.408175646159234
"ENSG00000149100",-0.0623914613515835,0.014985014985015,0.0380820279318905
"ENSG00000149115",-0.0232910145613688,0.2997002997003,0.359855949824978
"ENSG00000149136",-0.0460542554489452,0.030969030969031,0.0574804346232918
"ENSG00000149150",-0.00997957067899436,0.526473526473527,0.582075330373399
"ENSG00000149177",0.156878440196785,0.003996003996004,0.0309698899552726
"ENSG00000149179",-0.0440791530521339,0.036963036963037,0.0654036775944903
"ENSG00000149182",0.0209204700175728,0.0739260739260739,0.110847605295515
"ENSG00000149187",0.0359970833497882,0.022977022977023,0.0478078016166659
"ENSG00000149196",-0.056798353243288,0.020979020979021,0.0454117208439975
"ENSG00000149212",-0.0428394787520001,0.035964035964036,0.0640509460900688
"ENSG00000149218",-0.0252396653563578,0.050949050949051,0.0830019919080513
"ENSG00000149231",-0.0413830193525807,0.0719280719280719,0.108379083303858
"ENSG00000149257",-0.0588478119716984,0.00699300699300699,0.0311612747652792
"ENSG00000149260",0.027400171501471,0.347652347652348,0.408175646159234
"ENSG00000149262",-0.0323660324203955,0.002997002997003,0.0309698899552726
"ENSG00000149269",0.154294536618418,0.002997002997003,0.0309698899552726
"ENSG00000149273",-0.0957868931621112,0.011988011988012,0.0350284289015142
"ENSG00000149289",0.00248672338112806,0.923076923076923,0.934901269302078
"ENSG00000149292",-0.0652025282413521,0.014985014985015,0.0380820279318905
"ENSG00000149294",-0.0605307745080013,0.338661338661339,0.399375131786083
"ENSG00000149308",-0.0455060409288399,0.017982017982018,0.0417277258366272
"ENSG00000149311",-0.0473629861159733,0.00999000999000999,0.0329382551604774
"ENSG00000149313",-0.031979871828032,0.021978021978022,0.0464939039133723
"ENSG00000149346",-0.0219993879486226,0.048951048951049,0.0806102639481647
"ENSG00000149357",0.0569525979147081,0.002997002997003,0.0309698899552726
"ENSG00000149418",0.0449217860385591,0.110889110889111,0.155051231491022
"ENSG00000149428",-0.00728214396224242,0.717282717282717,0.755636719521713
"ENSG00000149474",-0.0637044630591738,0.00799200799200799,0.0313472428354935
"ENSG00000149476",-0.00125466284956773,0.944055944055944,0.952776648947291
"ENSG00000149480",-0.0204279833503029,0.2997002997003,0.359855949824978
"ENSG00000149483",-0.039202028724706,0.013986013986014,0.0370555370555371
"ENSG00000149485",-0.0445586971181917,0.153846153846154,0.20355863447353
"ENSG00000149499",-0.00552330558219636,0.751248751248751,0.786112972791249
"ENSG00000149503",0.0152719218482904,0.358641358641359,0.419316261129667
"ENSG00000149531",-0.0231945041081492,0.323676323676324,0.384647686931876
"ENSG00000149532",0.0593176279340604,0.025974025974026,0.0514006000585945
"ENSG00000149541",-0.0113376179178395,0.403596403596404,0.463357047995948
"ENSG00000149547",-0.054705347349409,0.013986013986014,0.0370555370555371
"ENSG00000149548",0.00431449069382214,0.735264735264735,0.771806410028089
"ENSG00000149564",0.074957782692586,0.035964035964036,0.0640509460900688
"ENSG00000149573",0.121594900652383,0.00599400599400599,0.0309698899552726
"ENSG00000149577",0.0262251286977068,0.236763236763237,0.293493613142917
"ENSG00000149582",-0.0613006606717034,0.028971028971029,0.0550211482575579
"ENSG00000149591",0.01744281704559,0.507492507492508,0.564047438735314
"ENSG00000149600",-0.0562181244972671,0.001998001998002,0.0309698899552726
"ENSG00000149636",0.0198563823145103,0.0859140859140859,0.125168564009636
"ENSG00000149639",-0.0134544798171377,0.613386613386613,0.662146799576064
"ENSG00000149657",0.040311871772016,0.014985014985015,0.0380820279318905
"ENSG00000149658",0.00112314747194173,0.811188811188811,0.839695704811984
"ENSG00000149716",-0.0118338290530219,0.181818181818182,0.234275856019182
"ENSG00000149743",-0.00561702931486743,0.310689310689311,0.371196355091374
"ENSG00000149761",0.00972131979432307,0.204795204795205,0.25926775215725
"ENSG00000149781",0.0746817410340533,0.021978021978022,0.0464939039133723
"ENSG00000149782",-0.000861029551032257,0.962037962037962,0.968160461210201
"ENSG00000149792",-0.0199278993800311,0.00699300699300699,0.0311612747652792
"ENSG00000149798",0.18428026045364,0.00699300699300699,0.0311612747652792
"ENSG00000149806",-0.0568616987891205,0.0679320679320679,0.103657642509852
"ENSG00000149809",-0.0419907299013429,0.0659340659340659,0.101381218576715
"ENSG00000149823",-0.0387992458059974,0.033966033966034,0.0614579638969883
"ENSG00000149923",0.115457403534951,0.001998001998002,0.0309698899552726
"ENSG00000149925",0.057734322666825,0.022977022977023,0.0478078016166659
"ENSG00000149929",-0.0184713733601504,0.252747252747253,0.310648034722488
"ENSG00000149930",0.0379908710693602,0.0899100899100899,0.130013170561841
"ENSG00000149932",0.00411676340763256,0.525474525474525,0.581184690516551
"ENSG00000149970",-0.10709861282132,0.037962037962038,0.0665831541488284
"ENSG00000150048",0.107252443814558,0.010989010989011,0.0339239491564177
"ENSG00000150054",0.0328446001645959,0.102897102897103,0.145570027382858
"ENSG00000150076",-0.144436232856316,0.014985014985015,0.0380820279318905
"ENSG00000150093",-0.040884148111102,0.020979020979021,0.0454117208439975
"ENSG00000150316",-0.0490019125248435,0.0539460539460539,0.0868019381876659
"ENSG00000150337",0.145911416181361,0.034965034965035,0.0627459743481843
"ENSG00000150347",-0.0580329567452332,0.024975024975025,0.0503016340120413
"ENSG00000150401",0.00418948180081577,0.365634365634366,0.426165629540666
"ENSG00000150403",0.108751352646467,0.003996003996004,0.0309698899552726
"ENSG00000150433",-0.0399659977789126,0.003996003996004,0.0309698899552726
"ENSG00000150455",0.0274804393030219,0.103896103896104,0.146724251072077
"ENSG00000150457",0.0759330796422234,0.013986013986014,0.0370555370555371
"ENSG00000150459",0.0173578164644884,0.017982017982018,0.0417277258366272
"ENSG00000150477",-0.0570382179122372,0.018981018981019,0.0430078970802953
"ENSG00000150527",0.0264249694099443,0.047952047952048,0.0794112873484515
"ENSG00000150593",-0.000599233965133271,0.94005994005994,0.949860464069309
"ENSG00000150637",-0.0735247271491978,0.002997002997003,0.0309698899552726
"ENSG00000150681",0.0538389947565488,0.142857142857143,0.191421244604431
"ENSG00000150687",-0.0875886998451815,0.246753246753247,0.304620495067336
"ENSG00000150712",0.0298923055338425,0.01998001998002,0.044196554411905
"ENSG00000150753",0.00691408671531588,0.525474525474525,0.581184690516551
"ENSG00000150756",-0.026070171039721,0.121878121878122,0.167493569894942
"ENSG00000150764",-0.0610006324700858,0.027972027972028,0.0538126832348059
"ENSG00000150768",-0.0573620740001675,0.012987012987013,0.0360623664690208
"ENSG00000150776",-0.0589543537570567,0.018981018981019,0.0430078970802953
"ENSG00000150779",-0.0646723777632396,0.107892107892108,0.151406743653357
"ENSG00000150782",0.0131891247386819,0.627372627372627,0.675001274464121
"ENSG00000150787",-0.00753595038425864,0.502497502497502,0.559271622987126
"ENSG00000150867",0.00665794379174689,0.768231768231768,0.80102458707352
"ENSG00000150907",-0.0148383524787876,0.446553446553447,0.505432220821183
"ENSG00000150938",-0.0118971708291319,0.631368631368631,0.678753753626283
"ENSG00000150961",0.0761609461164044,0.003996003996004,0.0309698899552726
"ENSG00000150977",0.104892105614655,0.002997002997003,0.0309698899552726
"ENSG00000150990",-0.0364593265054625,0.0679320679320679,0.103657642509852
"ENSG00000150991",0.0693427465596781,0.00699300699300699,0.0311612747652792
"ENSG00000150995",-0.0163887034439544,0.28971028971029,0.349642323934351
"ENSG00000151012",0.168312705830529,0.003996003996004,0.0309698899552726
"ENSG00000151023",0.0217534743846889,0.27972027972028,0.339118160161235
"ENSG00000151062",-0.00890995394541961,0.621378621378621,0.66957126080232
"ENSG00000151065",-0.0537218985615048,0.011988011988012,0.0350284289015142
"ENSG00000151092",0.00413252419692015,0.633366633366633,0.680353968519861
"ENSG00000151093",-0.0884426979181597,0.00799200799200799,0.0313472428354935
"ENSG00000151116",0.0228234177616711,0.114885114885115,0.159561921956467
"ENSG00000151117",-0.0238061107280877,0.182817182817183,0.23531079609049
"ENSG00000151131",-0.0729197496001737,0.014985014985015,0.0380820279318905
"ENSG00000151135",-0.0894343326283703,0.00899100899100899,0.031668800133044
"ENSG00000151136",-0.0201952369736729,0.25974025974026,0.317974782678867
"ENSG00000151148",0.0231495212013821,0.0749250749250749,0.112219535200592
"ENSG00000151150",-0.0671744912835994,0.0549450549450549,0.0880322184148341
"ENSG00000151151",0.147936428346415,0.00599400599400599,0.0309698899552726
"ENSG00000151176",0.0155084833673873,0.584415584415584,0.6350941761015
"ENSG00000151208",-0.0459203475865236,0.380619380619381,0.440894816027346
"ENSG00000151229",-0.0454006357066909,0.017982017982018,0.0417277258366272
"ENSG00000151233",-0.0111586284366518,0.400599400599401,0.46026803024891
"ENSG00000151239",-0.00125723838647053,0.956043956043956,0.963176818152089
"ENSG00000151240",-0.0620648043485033,0.042957042957043,0.0729589799685899
"ENSG00000151247",-0.0413395277470861,0.034965034965035,0.0627459743481843
"ENSG00000151287",-0.0645707970752241,0.021978021978022,0.0464939039133723
"ENSG00000151292",-0.0619322975659217,0.0709290709290709,0.107142480445648
"ENSG00000151304",-0.0788495116466804,0.00999000999000999,0.0329382551604774
"ENSG00000151320",-0.0367768713030628,0.504495504495505,0.561079675460575
"ENSG00000151327",0.0459909373590719,0.013986013986014,0.0370555370555371
"ENSG00000151332",-0.0608329854550022,0.036963036963037,0.0654036775944903
"ENSG00000151348",-0.0330760537411744,0.00999000999000999,0.0329382551604774
"ENSG00000151353",-0.0675293584238739,0.004995004995005,0.0309698899552726
"ENSG00000151366",-0.0444424407042848,0.012987012987013,0.0360623664690208
"ENSG00000151413",-0.0759107946325865,0.002997002997003,0.0309698899552726
"ENSG00000151414",0.0646332477811427,0.004995004995005,0.0309698899552726
"ENSG00000151422",-0.0707086577932329,0.003996003996004,0.0309698899552726
"ENSG00000151445",0.0290059196859564,0.004995004995005,0.0309698899552726
"ENSG00000151458",0.0326466995414657,0.184815184815185,0.23747555769367
"ENSG00000151461",0.0455736451422277,0.003996003996004,0.0309698899552726
"ENSG00000151465",0.0963365571949208,0.002997002997003,0.0309698899552726
"ENSG00000151466",0.0478511440182576,0.0529470529470529,0.0856186332504955
"ENSG00000151470",-0.00672831049112182,0.628371628371628,0.676015596613574
"ENSG00000151490",-0.0562130695705049,0.0929070929070929,0.133543528591968
"ENSG00000151498",-0.00376267239525118,0.523476523476524,0.579454808799932
"ENSG00000151500",-0.0646209470788858,0.001998001998002,0.0309698899552726
"ENSG00000151502",0.0213169395232524,0.112887112887113,0.157241228868489
"ENSG00000151503",-0.0353875772150654,0.030969030969031,0.0574804346232918
"ENSG00000151532",0.0296286667173721,0.00899100899100899,0.031668800133044
"ENSG00000151552",-0.0484819276246804,0.002997002997003,0.0309698899552726
"ENSG00000151553",0.107820912827529,0.002997002997003,0.0309698899552726
"ENSG00000151576",0.00275472930896396,0.643356643356643,0.68966730352869
"ENSG00000151611",-0.0568957254441205,0.01998001998002,0.044196554411905
"ENSG00000151612",-0.0841483163524078,0.004995004995005,0.0309698899552726
"ENSG00000151623",-0.103811939972775,0.00999000999000999,0.0329382551604774
"ENSG00000151650",0.00668721370040944,0.776223776223776,0.808515977002716
"ENSG00000151651",0.164180139028415,0.00599400599400599,0.0309698899552726
"ENSG00000151657",0.0186771777014798,0.0649350649350649,0.100075610462889
"ENSG00000151665",-0.0433449881751892,0.015984015984016,0.0392432899072327
"ENSG00000151687",-0.0749107572005067,0.00899100899100899,0.031668800133044
"ENSG00000151689",0.00425961472170084,0.709290709290709,0.748792669031601
"ENSG00000151690",-0.0435749128932588,0.012987012987013,0.0360623664690208
"ENSG00000151692",-0.0449858677916291,0.042957042957043,0.0729589799685899
"ENSG00000151693",7.0357822907611e-05,1,1
"ENSG00000151694",0.0708739025664077,0.00899100899100899,0.031668800133044
"ENSG00000151702",0.0652658260965802,0.001998001998002,0.0309698899552726
"ENSG00000151715",0.115296914719346,0.032967032967033,0.0601301870083172
"ENSG00000151718",-0.0765502150894983,0.00999000999000999,0.0329382551604774
"ENSG00000151726",0.28730897605468,0.003996003996004,0.0309698899552726
"ENSG00000151729",-0.0347670446802817,0.164835164835165,0.215512294494018
"ENSG00000151743",0.0642801687964123,0.02997002997003,0.0561377525217924
"ENSG00000151746",-0.0680859273628099,0.033966033966034,0.0614579638969883
"ENSG00000151748",-0.0483698987557784,0.037962037962038,0.0665831541488284
"ENSG00000151779",-0.0434015082412591,0.00899100899100899,0.031668800133044
"ENSG00000151806",-0.0659404295091492,0.00699300699300699,0.0311612747652792
"ENSG00000151835",-0.0802850947184588,0.022977022977023,0.0478078016166659
"ENSG00000151846",-0.0318671253618368,0.047952047952048,0.0794112873484515
"ENSG00000151849",-0.0430376074483384,0.022977022977023,0.0478078016166659
"ENSG00000151876",-0.0770654528642823,0.028971028971029,0.0550211482575579
"ENSG00000151881",-0.0870472376349211,0.016983016983017,0.0404964083535512
"ENSG00000151882",-0.0770340400154434,0.020979020979021,0.0454117208439975
"ENSG00000151883",0.065190912055744,0.002997002997003,0.0309698899552726
"ENSG00000151893",0.114872066349822,0.003996003996004,0.0309698899552726
"ENSG00000151914",-0.066991718388747,0.018981018981019,0.0430078970802953
"ENSG00000151923",-0.0563246080122508,0.012987012987013,0.0360623664690208
"ENSG00000151929",-0.0895616658078067,0.01998001998002,0.044196554411905
"ENSG00000151948",0.199438853662927,0.004995004995005,0.0309698899552726
"ENSG00000152022",-0.0195267053630121,0.143856143856144,0.19243801612457
"ENSG00000152056",-0.00657942643398878,0.677322677322677,0.720678524662588
"ENSG00000152061",0.0282091860124527,0.028971028971029,0.0550211482575579
"ENSG00000152078",-0.0330655234352375,0.156843156843157,0.206795508386293
"ENSG00000152082",-0.0685430781991969,0.00799200799200799,0.0313472428354935
"ENSG00000152102",0.00870391123820394,0.474525474525474,0.532727431372924
"ENSG00000152117",-0.0377020671543338,0.046953046953047,0.078144539299504
"ENSG00000152127",-0.00609631617389788,0.591408591408591,0.641243995989575
"ENSG00000152133",-0.0721465846716347,0.014985014985015,0.0380820279318905
"ENSG00000152147",-0.0639090752512428,0.015984015984016,0.0392432899072327
"ENSG00000152193",-0.0796668383699813,0.014985014985015,0.0380820279318905
"ENSG00000152207",-0.0174330586745112,0.164835164835165,0.215512294494018
"ENSG00000152213",0.144478261156765,0.004995004995005,0.0309698899552726
"ENSG00000152217",-0.0416890202871774,0.171828171828172,0.223319019036549
"ENSG00000152219",-0.0815965539113255,0.014985014985015,0.0380820279318905
"ENSG00000152223",0.0184669925199487,0.162837162837163,0.213410798579828
"ENSG00000152229",0.0611527770338105,0.050949050949051,0.0830019919080513
"ENSG00000152234",-0.0327330860069636,0.032967032967033,0.0601301870083172
"ENSG00000152240",-0.112561634751814,0.020979020979021,0.0454117208439975
"ENSG00000152242",0.0532078059941942,0.00599400599400599,0.0309698899552726
"ENSG00000152270",0.0219480580232626,0.16983016983017,0.221009093775742
"ENSG00000152291",0.0568333130768619,0.015984015984016,0.0392432899072327
"ENSG00000152332",-0.039848512021053,0.003996003996004,0.0309698899552726
"ENSG00000152348",-0.0416671134758125,0.013986013986014,0.0370555370555371
"ENSG00000152359",-0.0435536908958052,0.012987012987013,0.0360623664690208
"ENSG00000152380",0.0576074371050421,0.044955044955045,0.0755305089151028
"ENSG00000152382",-0.0698820029294474,0.004995004995005,0.0309698899552726
"ENSG00000152404",-0.0532183865916467,0.004995004995005,0.0309698899552726
"ENSG00000152409",-0.0874749414936321,0.004995004995005,0.0309698899552726
"ENSG00000152413",-0.0757853230432174,0.01998001998002,0.044196554411905
"ENSG00000152422",0.00119010527994102,0.975024975024975,0.979098441665286
"ENSG00000152433",-0.0390484951682596,0.121878121878122,0.167493569894942
"ENSG00000152439",-0.0365497897925725,0.022977022977023,0.0478078016166659
"ENSG00000152443",0.0443945206811789,0.025974025974026,0.0514006000585945
"ENSG00000152454",-0.057379766876891,0.03996003996004,0.0691988127146629
"ENSG00000152455",-0.0972376168835314,0.001998001998002,0.0309698899552726
"ENSG00000152457",-0.00558053212429742,0.486513486513487,0.543899449387821
"ENSG00000152464",-0.0324207718898909,0.02997002997003,0.0561377525217924
"ENSG00000152465",-0.0932469897022568,0.001998001998002,0.0309698899552726
"ENSG00000152484",-0.0327119518000946,0.122877122877123,0.168577313097861
"ENSG00000152492",-0.0423467721199477,0.0569430569430569,0.0905693036450051
"ENSG00000152495",-0.0980393189195081,0.024975024975025,0.0503016340120413
"ENSG00000152520",0.0438197303005246,0.012987012987013,0.0360623664690208
"ENSG00000152556",-0.0687433403176578,0.002997002997003,0.0309698899552726
"ENSG00000152558",-0.0297725874526103,0.163836163836164,0.214486167427344
"ENSG00000152582",-0.0950955079215963,0.003996003996004,0.0309698899552726
"ENSG00000152601",-0.0208980303800998,0.022977022977023,0.0478078016166659
"ENSG00000152620",-0.0512673320555415,0.022977022977023,0.0478078016166659
"ENSG00000152642",-0.0539095210056656,0.000999000999000999,0.0309698899552726
"ENSG00000152683",-0.0357167616939268,0.00799200799200799,0.0313472428354935
"ENSG00000152684",0.0998656750413792,0.000999000999000999,0.0309698899552726
"ENSG00000152700",-0.0403937276756909,0.021978021978022,0.0464939039133723
"ENSG00000152749",-0.0767456153956858,0.003996003996004,0.0309698899552726
"ENSG00000152778",0.0514640066897497,0.0829170829170829,0.121538907488414
"ENSG00000152784",0.0549744099926699,0.031968031968032,0.0588078690022667
"ENSG00000152795",-0.0597686957637419,0.002997002997003,0.0309698899552726
"ENSG00000152818",-0.00727860128379508,0.546453546453546,0.600409464369969
"ENSG00000152894",-0.0627051806985885,0.293706293706294,0.353931839743531
"ENSG00000152904",-0.0284632231701027,0.0789210789210789,0.116778321407723
"ENSG00000152926",0.105270857032289,0.028971028971029,0.0550211482575579
"ENSG00000152942",-0.0547726090193353,0.024975024975025,0.0503016340120413
"ENSG00000152944",-0.0420976271746094,0.018981018981019,0.0430078970802953
"ENSG00000152969",0.00485813343206491,0.906093906093906,0.920960467137734
"ENSG00000152990",-0.0687950127340502,0.12987012987013,0.176359233986353
"ENSG00000153006",-0.044130770581521,0.04995004995005,0.0818292939339832
"ENSG00000153015",-0.0491201218113688,0.025974025974026,0.0514006000585945
"ENSG00000153029",0.0242526432740649,0.03996003996004,0.0691988127146629
"ENSG00000153037",-0.0119571169949255,0.360639360639361,0.421037870231575
"ENSG00000153044",-0.113782890051192,0.00699300699300699,0.0311612747652792
"ENSG00000153046",-0.0311537994588532,0.165834165834166,0.216724119725425
"ENSG00000153048",0.0614584061778954,0.001998001998002,0.0309698899552726
"ENSG00000153066",-0.0155026227628867,0.0689310689310689,0.104835938548923
"ENSG00000153071",-0.00957144862909694,0.686313686313686,0.728439272464707
"ENSG00000153094",0.0642596646335516,0.004995004995005,0.0309698899552726
"ENSG00000153107",-0.0775949804382867,0.00799200799200799,0.0313472428354935
"ENSG00000153113",0.0139651602273633,0.341658341658342,0.402396114273809
"ENSG00000153130",-0.110170073307586,0.030969030969031,0.0574804346232918
"ENSG00000153140",-0.124778964934751,0.011988011988012,0.0350284289015142
"ENSG00000153147",-0.0326849148231415,0.0599400599400599,0.0941400470935233
"ENSG00000153162",0.104954552060175,0.014985014985015,0.0380820279318905
"ENSG00000153179",0.100258356313214,0.00599400599400599,0.0309698899552726
"ENSG00000153187",0.0157570854502955,0.048951048951049,0.0806102639481647
"ENSG00000153201",-0.0155464051998358,0.0849150849150849,0.123968597000667
"ENSG00000153207",0.0893008188712189,0.00899100899100899,0.031668800133044
"ENSG00000153208",0.0128592307271127,0.739260739260739,0.775391478830124
"ENSG00000153214",-0.0396360859114614,0.00999000999000999,0.0329382551604774
"ENSG00000153250",0.0406704590930546,0.004995004995005,0.0309698899552726
"ENSG00000153253",-0.027735235995178,0.712287712287712,0.751494489182137
"ENSG00000153310",0.105204790878078,0.004995004995005,0.0309698899552726
"ENSG00000153317",0.0787455324277749,0.013986013986014,0.0370555370555371
"ENSG00000153339",0.0463100015538188,0.003996003996004,0.0309698899552726
"ENSG00000153391",0.0177305849742765,0.00899100899100899,0.031668800133044
"ENSG00000153395",0.0643516614792906,0.013986013986014,0.0370555370555371
"ENSG00000153406",0.00997405997049749,0.28971028971029,0.349642323934351
"ENSG00000153443",0.0652909968078596,0.00599400599400599,0.0309698899552726
"ENSG00000153485",-0.0266801968640712,0.108891108891109,0.152666046039821
"ENSG00000153487",0.0307134697574692,0.00699300699300699,0.0311612747652792
"ENSG00000153551",0.0280223835105584,0.011988011988012,0.0350284289015142
"ENSG00000153560",-0.0380454432621952,0.00899100899100899,0.031668800133044
"ENSG00000153561",0.0758980219417289,0.001998001998002,0.0309698899552726
"ENSG00000153574",0.00244467871658753,0.89010989010989,0.906938589176826
"ENSG00000153575",-0.0693294438329487,0.002997002997003,0.0309698899552726
"ENSG00000153767",-0.00730457044838237,0.480519480519481,0.538350248614069
"ENSG00000153774",-0.0403622178880319,0.00799200799200799,0.0313472428354935
"ENSG00000153786",0.0659051997512887,0.00899100899100899,0.031668800133044
"ENSG00000153790",-0.0398461801898875,0.0819180819180819,0.120368200084547
"ENSG00000153814",-0.0113942842982452,0.483516483516484,0.541102625840497
"ENSG00000153815",0.0894148682503755,0.027972027972028,0.0538126832348059
"ENSG00000153823",-0.0200272631348902,0.554445554445554,0.607579709430717
"ENSG00000153827",0.0389114651238412,0.021978021978022,0.0464939039133723
"ENSG00000153879",-0.0435078668657932,0.0729270729270729,0.10954100267936
"ENSG00000153885",-0.0222824741542218,0.250749250749251,0.308634217073381
"ENSG00000153896",-0.088027244673451,0.011988011988012,0.0350284289015142
"ENSG00000153898",-0.0471117197451993,0.0779220779220779,0.115641829151338
"ENSG00000153914",-0.0272003447746269,0.023976023976024,0.0489374755679103
"ENSG00000153922",0.0270253806308735,0.016983016983017,0.0404964083535512
"ENSG00000153933",-0.0853807625075638,0.00799200799200799,0.0313472428354935
"ENSG00000153936",-0.0138658031121761,0.378621378621379,0.438876517001517
"ENSG00000153944",-0.0455808025380747,0.00799200799200799,0.0313472428354935
"ENSG00000153975",-0.0734479934271437,0.01998001998002,0.044196554411905
"ENSG00000153982",-0.0872590672702437,0.011988011988012,0.0350284289015142
"ENSG00000153989",-0.0697150041105001,0.024975024975025,0.0503016340120413
"ENSG00000154001",-0.0372249556579088,0.01998001998002,0.044196554411905
"ENSG00000154016",-0.077030855052042,0.026973026973027,0.0526151336084788
"ENSG00000154027",-0.142820709127234,0.013986013986014,0.0370555370555371
"ENSG00000154035",0.112064027688214,0.010989010989011,0.0339239491564177
"ENSG00000154059",-0.0365811525254629,0.032967032967033,0.0601301870083172
"ENSG00000154079",-0.0707816102094005,0.017982017982018,0.0417277258366272
"ENSG00000154102",-0.0310652468544061,0.0999000999000999,0.142133230803765
"ENSG00000154114",-0.0439509587167792,0.020979020979021,0.0454117208439975
"ENSG00000154122",-0.0048042426717615,0.761238761238761,0.794353341370794
"ENSG00000154124",6.85682817396947e-05,0.992007992007992,0.993496003996004
"ENSG00000154127",0.0266936096032669,0.021978021978022,0.0464939039133723
"ENSG00000154144",-0.0147086897288686,0.020979020979021,0.0454117208439975
"ENSG00000154146",0.0500441497932372,0.048951048951049,0.0806102639481647
"ENSG00000154153",-0.0843825749995834,0.024975024975025,0.0503016340120413
"ENSG00000154165",-0.140208594583885,0.00699300699300699,0.0311612747652792
"ENSG00000154174",-0.0627939557632863,0.003996003996004,0.0309698899552726
"ENSG00000154188",0.0855537565817688,0.040959040959041,0.0705122123257061
"ENSG00000154217",-0.0186172753304231,0.0849150849150849,0.123968597000667
"ENSG00000154222",-0.00911205809336138,0.472527472527473,0.53073225839581
"ENSG00000154229",-0.0783130377132066,0.017982017982018,0.0417277258366272
"ENSG00000154237",0.0861422908789595,0.011988011988012,0.0350284289015142
"ENSG00000154263",-0.0880383117214519,0.003996003996004,0.0309698899552726
"ENSG00000154265",-0.052675185180292,0.017982017982018,0.0417277258366272
"ENSG00000154305",0.0132430781544757,0.00799200799200799,0.0313472428354935
"ENSG00000154309",-0.0575100478263682,0.024975024975025,0.0503016340120413
"ENSG00000154310",-0.0531651418883181,0.00799200799200799,0.0313472428354935
"ENSG00000154328",-0.0365727571768957,0.0659340659340659,0.101381218576715
"ENSG00000154358",-0.0826572840940952,0.0689310689310689,0.104835938548923
"ENSG00000154359",0.0702014781071157,0.004995004995005,0.0309698899552726
"ENSG00000154370",0.0166557020447554,0.0679320679320679,0.103657642509852
"ENSG00000154429",0.0551917454974208,0.020979020979021,0.0454117208439975
"ENSG00000154447",-0.0350124289068476,0.174825174825175,0.226625925040336
"ENSG00000154451",0.063684912134061,0.0699300699300699,0.105979770544714
"ENSG00000154473",-0.0491855882840318,0.010989010989011,0.0339239491564177
"ENSG00000154511",-0.0743981850411126,0.026973026973027,0.0526151336084788
"ENSG00000154518",-0.0392060127550664,0.027972027972028,0.0538126832348059
"ENSG00000154582",-0.0332222244988566,0.0779220779220779,0.115641829151338
"ENSG00000154589",0.0852063743924514,0.117882117882118,0.16304606890405
"ENSG00000154640",-0.0390667781623357,0.184815184815185,0.23747555769367
"ENSG00000154642",-0.0252017161420018,0.22977022977023,0.285768252238293
"ENSG00000154655",-0.0331385573993258,0.218781218781219,0.274115167568045
"ENSG00000154719",-0.0983654203865883,0.002997002997003,0.0309698899552726
"ENSG00000154723",-0.0523418998029069,0.104895104895105,0.147874412977052
"ENSG00000154727",-0.00968961545367707,0.497502497502497,0.554739749024403
"ENSG00000154734",-0.0662917634908034,0.257742257742258,0.315947210684053
"ENSG00000154736",0.00788960923638362,0.788211788211788,0.819085972393365
"ENSG00000154743",-0.0819477899301924,0.001998001998002,0.0309698899552726
"ENSG00000154760",-0.0524985474355457,0.104895104895105,0.147874412977052
"ENSG00000154767",0.0517838026692475,0.01998001998002,0.044196554411905
"ENSG00000154781",0.0292794572388854,0.001998001998002,0.0309698899552726
"ENSG00000154803",0.0643965804604066,0.013986013986014,0.0370555370555371
"ENSG00000154813",0.0296126874881825,0.167832167832168,0.218788045667317
"ENSG00000154814",-0.0893761943699666,0.01998001998002,0.044196554411905
"ENSG00000154822",0.0162681650101778,0.018981018981019,0.0430078970802953
"ENSG00000154832",-0.00444807793346247,0.741258741258741,0.777148002481685
"ENSG00000154845",0.168900844902836,0.00599400599400599,0.0309698899552726
"ENSG00000154874",0.0334727413906211,0.121878121878122,0.167493569894942
"ENSG00000154889",0.120512912715015,0.00699300699300699,0.0311612747652792
"ENSG00000154898",0.0154846649038734,0.33966033966034,0.400435350405921
"ENSG00000154928",0.232780067035953,0.00899100899100899,0.031668800133044
"ENSG00000154930",-0.0237310884509293,0.106893106893107,0.150232880205983
"ENSG00000154945",-0.0564755856383388,0.00599400599400599,0.0309698899552726
"ENSG00000154957",0.05256598154661,0.010989010989011,0.0339239491564177
"ENSG00000154978",0.0155036998837921,0.196803196803197,0.250363164939221
"ENSG00000155008",-0.0989194748444995,0.00599400599400599,0.0309698899552726
"ENSG00000155016",-0.070293774439786,0.012987012987013,0.0360623664690208
"ENSG00000155034",0.0244345519281002,0.147852147852148,0.197103395772281
"ENSG00000155085",-0.0385772926972313,0.028971028971029,0.0550211482575579
"ENSG00000155090",-0.0351719252718527,0.14985014985015,0.199368880870043
"ENSG00000155093",0.150156536759634,0.000999000999000999,0.0309698899552726
"ENSG00000155096",0.0354102212999322,0.00599400599400599,0.0309698899552726
"ENSG00000155097",0.0418470793577239,0.00699300699300699,0.0311612747652792
"ENSG00000155099",0.16022158747187,0.004995004995005,0.0309698899552726
"ENSG00000155100",-0.0445698615960897,0.0639360639360639,0.0989420057151193
"ENSG00000155111",0.129974772722146,0.004995004995005,0.0309698899552726
"ENSG00000155115",-0.0370818631821797,0.022977022977023,0.0478078016166659
"ENSG00000155130",0.139281914211648,0.00599400599400599,0.0309698899552726
"ENSG00000155158",-0.0905289180938254,0.001998001998002,0.0309698899552726
"ENSG00000155189",-0.0515270812062393,0.0569430569430569,0.0905693036450051
"ENSG00000155229",-0.0397665055741141,0.017982017982018,0.0417277258366272
"ENSG00000155252",-0.00175385565987964,0.895104895104895,0.911487089423032
"ENSG00000155256",0.0443944529133048,0.018981018981019,0.0430078970802953
"ENSG00000155265",-0.0758721811123022,0.025974025974026,0.0514006000585945
"ENSG00000155275",-0.0404260107162609,0.011988011988012,0.0350284289015142
"ENSG00000155287",-0.00384939704849558,0.202797202797203,0.256954853264816
"ENSG00000155304",-0.0426743497669035,0.046953046953047,0.078144539299504
"ENSG00000155313",0.0297144314934524,0.041958041958042,0.0717489681633108
"ENSG00000155324",-0.078094251013826,0.002997002997003,0.0309698899552726
"ENSG00000155329",-0.0789141470848577,0.0899100899100899,0.130013170561841
"ENSG00000155330",-0.0301520092642712,0.158841158841159,0.209108669838213
"ENSG00000155363",-0.00572531496709574,0.729270729270729,0.766183724484275
"ENSG00000155366",-0.0703707867382899,0.018981018981019,0.0430078970802953
"ENSG00000155368",-0.0752328284006564,0.041958041958042,0.0717489681633108
"ENSG00000155380",-0.0314923201874887,0.0589410589410589,0.0929842014116102
"ENSG00000155393",-0.0227126663130678,0.110889110889111,0.155051231491022
"ENSG00000155438",-0.0856310076182891,0.012987012987013,0.0360623664690208
"ENSG00000155463",-0.0105590996344757,0.272727272727273,0.331946157953855
"ENSG00000155465",0.0397940426489058,0.155844155844156,0.205658840994297
"ENSG00000155506",-0.0214648063228635,0.324675324675325,0.38556798932293
"ENSG00000155508",0.0177021141747713,0.0749250749250749,0.112219535200592
"ENSG00000155542",0.0101778696750196,0.665334665334665,0.709997514472741
"ENSG00000155545",-0.0837332362040408,0.00699300699300699,0.0311612747652792
"ENSG00000155561",-0.0606894953000798,0.00799200799200799,0.0313472428354935
"ENSG00000155592",-0.0503165401058688,0.031968031968032,0.0588078690022667
"ENSG00000155621",-0.0467889860434139,0.021978021978022,0.0464939039133723
"ENSG00000155629",0.105662475470754,0.004995004995005,0.0309698899552726
"ENSG00000155636",-0.0758702215495511,0.004995004995005,0.0309698899552726
"ENSG00000155640",0.0745931240140325,0.003996003996004,0.0309698899552726
"ENSG00000155657",-0.0685831172343447,0.0899100899100899,0.130013170561841
"ENSG00000155660",-0.0153463678684855,0.472527472527473,0.53073225839581
"ENSG00000155666",-0.0461558593350588,0.00999000999000999,0.0329382551604774
"ENSG00000155729",-0.00250403326460547,0.598401598401598,0.647832664587912
"ENSG00000155744",0.172788074703993,0.00799200799200799,0.0313472428354935
"ENSG00000155749",0.00676777093392722,0.622377622377622,0.670587615719407
"ENSG00000155755",-0.0614060580628208,0.013986013986014,0.0370555370555371
"ENSG00000155827",0.0332832157094823,0.017982017982018,0.0417277258366272
"ENSG00000155846",-0.0338909247122864,0.0789210789210789,0.116778321407723
"ENSG00000155849",0.0488565066919059,0.031968031968032,0.0588078690022667
"ENSG00000155850",-0.0485443435527847,0.00899100899100899,0.031668800133044
"ENSG00000155858",-0.0562333038364033,0.002997002997003,0.0309698899552726
"ENSG00000155868",-0.0262362763122001,0.203796203796204,0.258193419483742
"ENSG00000155876",0.0160269955548776,0.026973026973027,0.0526151336084788
"ENSG00000155893",-0.0189447418543382,0.196803196803197,0.250363164939221
"ENSG00000155903",0.0136394421376994,0.0969030969030969,0.138393513794583
"ENSG00000155906",-0.0475320354137212,0.032967032967033,0.0601301870083172
"ENSG00000155926",0.132047758664708,0.001998001998002,0.0309698899552726
"ENSG00000155957",0.0437559979526037,0.013986013986014,0.0370555370555371
"ENSG00000155959",-0.0295132618056658,0.398601398601399,0.458279116846035
"ENSG00000155961",-0.00902579027447444,0.562437562437562,0.614935828363776
"ENSG00000155966",0.13463592884845,0.011988011988012,0.0350284289015142
"ENSG00000155970",-0.11260923369896,0.033966033966034,0.0614579638969883
"ENSG00000155975",-0.0199131977094396,0.0589410589410589,0.0929842014116102
"ENSG00000155984",0.00113517261193538,0.918081918081918,0.930940642213001
"ENSG00000156011",-0.0338135994014067,0.103896103896104,0.146724251072077
"ENSG00000156017",-0.0674967842592119,0.021978021978022,0.0464939039133723
"ENSG00000156026",0.0641793703626847,0.004995004995005,0.0309698899552726
"ENSG00000156030",0.0380024388330929,0.036963036963037,0.0654036775944903
"ENSG00000156042",0.0271810085559162,0.0909090909090909,0.131142174354274
"ENSG00000156050",-0.0148321192124092,0.184815184815185,0.23747555769367
"ENSG00000156052",0.106046738825469,0.004995004995005,0.0309698899552726
"ENSG00000156110",-0.0357846697451952,0.0679320679320679,0.103657642509852
"ENSG00000156127",-0.0300639152570339,0.196803196803197,0.250363164939221
"ENSG00000156136",-0.0487200155740654,0.00699300699300699,0.0311612747652792
"ENSG00000156162",-0.0889000816668624,0.003996003996004,0.0309698899552726
"ENSG00000156170",-0.057859661509784,0.017982017982018,0.0417277258366272
"ENSG00000156171",-0.0454642387002316,0.023976023976024,0.0489374755679103
"ENSG00000156232",-0.049562067502656,0.001998001998002,0.0309698899552726
"ENSG00000156239",-0.091869660546819,0.00799200799200799,0.0313472428354935
"ENSG00000156256",-0.0589694059002685,0.014985014985015,0.0380820279318905
"ENSG00000156261",-0.0405687008364525,0.034965034965035,0.0627459743481843
"ENSG00000156265",0.0268346474422641,0.25974025974026,0.317974782678867
"ENSG00000156273",0.137643923217996,0.001998001998002,0.0309698899552726
"ENSG00000156299",-0.0529738207416961,0.022977022977023,0.0478078016166659
"ENSG00000156304",-0.0329165837395507,0.024975024975025,0.0503016340120413
"ENSG00000156313",0.113759386753887,0.014985014985015,0.0380820279318905
"ENSG00000156374",-0.0816714863539273,0.00799200799200799,0.0313472428354935
"ENSG00000156381",0.0369401874414058,0.246753246753247,0.304620495067336
"ENSG00000156384",-0.0530270165603417,0.124875124875125,0.170791993939826
"ENSG00000156398",-0.0621526249377562,0.013986013986014,0.0370555370555371
"ENSG00000156411",-0.0766066890652604,0.0999000999000999,0.142133230803765
"ENSG00000156414",0.104406550285718,0.00799200799200799,0.0313472428354935
"ENSG00000156467",-0.0931237720615196,0.028971028971029,0.0550211482575579
"ENSG00000156469",-0.0871387225896365,0.016983016983017,0.0404964083535512
"ENSG00000156471",-0.0327280262087903,0.027972027972028,0.0538126832348059
"ENSG00000156475",-0.0557359642712744,0.280719280719281,0.340123431362468
"ENSG00000156482",-0.121981029005168,0.012987012987013,0.0360623664690208
"ENSG00000156500",-0.0177776505438893,0.263736263736264,0.322308563919302
"ENSG00000156502",-0.0504104681922994,0.00699300699300699,0.0311612747652792
"ENSG00000156504",-0.0731042592209525,0.010989010989011,0.0339239491564177
"ENSG00000156508",-0.12115724722866,0.012987012987013,0.0360623664690208
"ENSG00000156510",-0.0859839891985159,0.040959040959041,0.0705122123257061
"ENSG00000156515",0.0278973828685192,0.242757242757243,0.300242517593552
"ENSG00000156521",-0.0367183873505884,0.014985014985015,0.0380820279318905
"ENSG00000156531",-0.056388552406302,0.012987012987013,0.0360623664690208
"ENSG00000156587",0.0990761527336761,0.004995004995005,0.0309698899552726
"ENSG00000156599",0.0523881845985889,0.004995004995005,0.0309698899552726
"ENSG00000156603",-0.0104305928091165,0.337662337662338,0.398392496959157
"ENSG00000156639",0.106343539481597,0.003996003996004,0.0309698899552726
"ENSG00000156642",0.0886012184407833,0.004995004995005,0.0309698899552726
"ENSG00000156650",-0.0450441461932074,0.003996003996004,0.0309698899552726
"ENSG00000156671",0.0861596525622939,0.00599400599400599,0.0309698899552726
"ENSG00000156675",0.180324880528892,0.00599400599400599,0.0309698899552726
"ENSG00000156697",-0.0441431649026242,0.028971028971029,0.0550211482575579
"ENSG00000156709",-0.0307930953292172,0.0709290709290709,0.107142480445648
"ENSG00000156711",0.111944697353659,0.010989010989011,0.0339239491564177
"ENSG00000156735",-0.00746078211931148,0.672327672327672,0.716251570431164
"ENSG00000156787",-0.0494228273705422,0.015984015984016,0.0392432899072327
"ENSG00000156795",-0.0533842270083223,0.015984015984016,0.0392432899072327
"ENSG00000156802",-0.0596316578861275,0.018981018981019,0.0430078970802953
"ENSG00000156804",-0.0646846272580911,0.003996003996004,0.0309698899552726
"ENSG00000156831",-0.0567507734710425,0.020979020979021,0.0454117208439975
"ENSG00000156853",-0.0206517292829131,0.0989010989010989,0.140945500603985
"ENSG00000156858",0.0649960934055062,0.012987012987013,0.0360623664690208
"ENSG00000156860",0.0858425722782575,0.015984015984016,0.0392432899072327
"ENSG00000156869",-0.0601164356963719,0.00799200799200799,0.0313472428354935
"ENSG00000156873",0.0270776694375643,0.051948051948052,0.084286713691331
"ENSG00000156875",0.0581457769425119,0.001998001998002,0.0309698899552726
"ENSG00000156876",-0.0312593147345755,0.0699300699300699,0.105979770544714
"ENSG00000156928",0.000606379451443209,0.945054945054945,0.953304543366655
"ENSG00000156931",0.0835435623765922,0.010989010989011,0.0339239491564177
"ENSG00000156958",-0.0286601459035589,0.017982017982018,0.0417277258366272
"ENSG00000156973",-0.0108473031920086,0.114885114885115,0.159561921956467
"ENSG00000156976",-0.056273071825021,0.00799200799200799,0.0313472428354935
"ENSG00000156983",0.0242421958659045,0.115884115884116,0.160633829837982
"ENSG00000156990",-0.0291365057091947,0.034965034965035,0.0627459743481843
"ENSG00000157014",-0.00820823077122419,0.520479520479521,0.576668468435777
"ENSG00000157017",0.164939051119541,0.00699300699300699,0.0311612747652792
"ENSG00000157020",0.0314649056020915,0.027972027972028,0.0538126832348059
"ENSG00000157036",-0.0736461284145907,0.001998001998002,0.0309698899552726
"ENSG00000157045",-0.0211619992651734,0.120879120879121,0.166539639427407
"ENSG00000157077",-0.123941653767155,0.001998001998002,0.0309698899552726
"ENSG00000157106",0.0124351884622069,0.195804195804196,0.249435533726397
"ENSG00000157107",0.0748256590571537,0.014985014985015,0.0380820279318905
"ENSG00000157168",0.0188255564798061,0.693306693306693,0.734693575536535
"ENSG00000157181",-0.0287545972214222,0.141858141858142,0.190252332200775
"ENSG00000157184",0.0234471656641162,0.0639360639360639,0.0989420057151193
"ENSG00000157191",-0.00690363185789515,0.421578421578422,0.481151896536512
"ENSG00000157193",-0.0524298054445055,0.01998001998002,0.044196554411905
"ENSG00000157212",-0.00204768280812526,0.715284715284715,0.754192990725716
"ENSG00000157216",-0.0127120167980164,0.512487512487512,0.568704979231295
"ENSG00000157240",-0.0125105147140337,0.689310689310689,0.731168213957269
"ENSG00000157259",-0.0271165026143493,0.025974025974026,0.0514006000585945
"ENSG00000157303",-0.0630733325759005,0.023976023976024,0.0489374755679103
"ENSG00000157326",-0.0364385318420746,0.0549450549450549,0.0880322184148341
"ENSG00000157349",-0.0343228662865839,0.025974025974026,0.0514006000585945
"ENSG00000157350",0.130544933616271,0.004995004995005,0.0309698899552726
"ENSG00000157353",-0.0500169446336267,0.00899100899100899,0.031668800133044
"ENSG00000157379",0.00946989223500984,0.571428571428571,0.623291756346757
"ENSG00000157388",0.140852575626039,0.002997002997003,0.0309698899552726
"ENSG00000157404",0.0468498609248368,0.0729270729270729,0.10954100267936
"ENSG00000157426",-0.0508745707829537,0.012987012987013,0.0360623664690208
"ENSG00000157429",-0.0599030723630272,0.026973026973027,0.0526151336084788
"ENSG00000157445",0.0156706620228641,0.631368631368631,0.678753753626283
"ENSG00000157450",0.0504442475052771,0.00699300699300699,0.0311612747652792
"ENSG00000157483",-0.034731552054119,0.152847152847153,0.20252669050905
"ENSG00000157500",-0.0444559173854625,0.023976023976024,0.0489374755679103
"ENSG00000157514",0.124465784097073,0.00699300699300699,0.0311612747652792
"ENSG00000157538",0.0184809119280364,0.021978021978022,0.0464939039133723
"ENSG00000157540",0.0561377410114479,0.002997002997003,0.0309698899552726
"ENSG00000157551",0.264669145481679,0.004995004995005,0.0309698899552726
"ENSG00000157557",0.148994157783536,0.002997002997003,0.0309698899552726
"ENSG00000157570",-0.0418356987436071,0.0819180819180819,0.120368200084547
"ENSG00000157593",-0.0386612877432895,0.004995004995005,0.0309698899552726
"ENSG00000157600",0.0993553039497882,0.0539460539460539,0.0868019381876659
"ENSG00000157601",0.128378415427636,0.00699300699300699,0.0311612747652792
"ENSG00000157617",-0.0536550174302448,0.00599400599400599,0.0309698899552726
"ENSG00000157625",0.0386116587276732,0.002997002997003,0.0309698899552726
"ENSG00000157637",0.0515429691449764,0.0829170829170829,0.121538907488414
"ENSG00000157693",-0.00926097961977274,0.512487512487512,0.568704979231295
"ENSG00000157734",-0.0177482313890673,0.645354645354645,0.691500724667629
"ENSG00000157741",0.00407430290298339,0.594405594405594,0.643970651182406
"ENSG00000157778",-0.0470790877624969,0.004995004995005,0.0309698899552726
"ENSG00000157796",-0.0261270183748665,0.103896103896104,0.146724251072077
"ENSG00000157800",0.138825251036313,0.00599400599400599,0.0309698899552726
"ENSG00000157823",0.031884875969401,0.0819180819180819,0.120368200084547
"ENSG00000157827",0.00260493264825703,0.919080919080919,0.931639210991438
"ENSG00000157837",-0.00108434017423068,0.876123876123876,0.895268832859174
"ENSG00000157869",-0.027256161279285,0.032967032967033,0.0601301870083172
"ENSG00000157870",-0.0318424962841015,0.0849150849150849,0.123968597000667
"ENSG00000157873",0.0320000792463144,0.022977022977023,0.0478078016166659
"ENSG00000157881",0.0316316173561181,0.04995004995005,0.0818292939339832
"ENSG00000157895",-0.0265033915606403,0.041958041958042,0.0717489681633108
"ENSG00000157911",-0.0190116891721293,0.140859140859141,0.189123578912429
"ENSG00000157916",0.0319459344398302,0.021978021978022,0.0464939039133723
"ENSG00000157933",0.0547008712592565,0.0569430569430569,0.0905693036450051
"ENSG00000157954",0.0624020533899591,0.00799200799200799,0.0313472428354935
"ENSG00000157978",-0.0655096561757195,0.051948051948052,0.084286713691331
"ENSG00000157985",-0.0241220117642831,0.701298701298701,0.741789103345167
"ENSG00000158006",-0.0190816980580793,0.282717282717283,0.342302670128582
"ENSG00000158019",0.0184339913360838,0.028971028971029,0.0550211482575579
"ENSG00000158042",-0.0869981935363452,0.002997002997003,0.0309698899552726
"ENSG00000158062",-0.0295809633173731,0.20979020979021,0.264476947577755
"ENSG00000158079",-0.0922459800123924,0.00599400599400599,0.0309698899552726
"ENSG00000158089",0.253332312019002,0.003996003996004,0.0309698899552726
"ENSG00000158092",-0.0169402922838582,0.251748251748252,0.309610160613026
"ENSG00000158106",-0.0727910763994948,0.033966033966034,0.0614579638969883
"ENSG00000158109",0.0837394499963511,0.004995004995005,0.0309698899552726
"ENSG00000158122",-0.0483420887578738,0.021978021978022,0.0464939039133723
"ENSG00000158156",0.127812458761594,0.014985014985015,0.0380820279318905
"ENSG00000158158",0.0113209815641342,0.583416583416583,0.634123225061093
"ENSG00000158161",0.0174886413336821,0.018981018981019,0.0430078970802953
"ENSG00000158169",-0.0562934405577142,0.00899100899100899,0.031668800133044
"ENSG00000158195",0.0517707008877005,0.0569430569430569,0.0905693036450051
"ENSG00000158201",0.0912579097233916,0.00799200799200799,0.0313472428354935
"ENSG00000158234",-0.0753317203016277,0.017982017982018,0.0417277258366272
"ENSG00000158290",0.0356354955252411,0.034965034965035,0.0627459743481843
"ENSG00000158321",-0.0496546697409565,0.174825174825175,0.226625925040336
"ENSG00000158373",-0.0106147350063486,0.360639360639361,0.421037870231575
"ENSG00000158406",-0.0105300483694845,0.332667332667333,0.393542278176593
"ENSG00000158411",-0.0375175729023314,0.020979020979021,0.0454117208439975
"ENSG00000158417",-0.0563530376908952,0.00699300699300699,0.0311612747652792
"ENSG00000158427",-0.0882946183376675,0.00699300699300699,0.0311612747652792
"ENSG00000158435",-0.0216876535989692,0.025974025974026,0.0514006000585945
"ENSG00000158457",0.0197219180320427,0.166833166833167,0.217721902378217
"ENSG00000158467",-0.0261449410604914,0.01998001998002,0.044196554411905
"ENSG00000158470",0.225145892730612,0.003996003996004,0.0309698899552726
"ENSG00000158480",0.0645974138455745,0.00799200799200799,0.0313472428354935
"ENSG00000158517",0.208486211583207,0.002997002997003,0.0309698899552726
"ENSG00000158526",-0.0280325088570717,0.022977022977023,0.0478078016166659
"ENSG00000158528",-0.0210669658818469,0.577422577422577,0.628631627453985
"ENSG00000158545",0.0285524637828506,0.0539460539460539,0.0868019381876659
"ENSG00000158552",0.0460249517045561,0.000999000999000999,0.0309698899552726
"ENSG00000158555",0.00421465239566448,0.835164835164835,0.860143198989715
"ENSG00000158578",0.0616342091155571,0.0669330669330669,0.102576077327416
"ENSG00000158604",-0.00876766879012889,0.027972027972028,0.0538126832348059
"ENSG00000158615",0.0693956429835794,0.002997002997003,0.0309698899552726
"ENSG00000158623",-0.0199920855322167,0.260739260739261,0.319035271387135
"ENSG00000158636",0.0140131065385912,0.117882117882118,0.16304606890405
"ENSG00000158669",-0.0079872829348123,0.354645354645355,0.415331112076386
"ENSG00000158691",-0.0672047331467009,0.016983016983017,0.0404964083535512
"ENSG00000158710",0.160102802254127,0.00699300699300699,0.0311612747652792
"ENSG00000158711",-0.0573688683402226,0.003996003996004,0.0309698899552726
"ENSG00000158715",0.106406531297516,0.0909090909090909,0.131142174354274
"ENSG00000158716",0.00183706535581846,0.881118881118881,0.899455254674825
"ENSG00000158717",0.0662185871369356,0.021978021978022,0.0464939039133723
"ENSG00000158769",0.12718047620519,0.00899100899100899,0.031668800133044
"ENSG00000158773",0.0744341257451775,0.002997002997003,0.0309698899552726
"ENSG00000158792",0.0919183294214804,0.017982017982018,0.0417277258366272
"ENSG00000158793",0.0323522365313714,0.010989010989011,0.0339239491564177
"ENSG00000158796",0.0564721438419762,0.00599400599400599,0.0309698899552726
"ENSG00000158805",0.0177532508282695,0.163836163836164,0.214486167427344
"ENSG00000158828",0.100730734016469,0.00899100899100899,0.031668800133044
"ENSG00000158850",0.00407276661318442,0.827172827172827,0.853448062926085
"ENSG00000158856",0.0819924188818921,0.027972027972028,0.0538126832348059
"ENSG00000158863",-0.0538221055310317,0.004995004995005,0.0309698899552726
"ENSG00000158864",0.0280058284376399,0.034965034965035,0.0627459743481843
"ENSG00000158869",0.104804844226451,0.003996003996004,0.0309698899552726
"ENSG00000158882",-0.00594620244766228,0.492507492507492,0.550139887067111
"ENSG00000158887",0.0704854308124501,0.013986013986014,0.0370555370555371
"ENSG00000158941",-0.0264745785021381,0.120879120879121,0.166539639427407
"ENSG00000158985",0.00700456460568604,0.201798201798202,0.255958922344147
"ENSG00000158987",-0.0265386015678928,0.121878121878122,0.167493569894942
"ENSG00000159063",-0.0531309970252222,0.00899100899100899,0.031668800133044
"ENSG00000159069",0.0108273782750589,0.376623376623377,0.437024209738316
"ENSG00000159079",-0.0440918362386568,0.00599400599400599,0.0309698899552726
"ENSG00000159082",0.0539449567947243,0.00899100899100899,0.031668800133044
"ENSG00000159086",-0.0585310383706407,0.011988011988012,0.0350284289015142
"ENSG00000159110",0.0684869541440171,0.004995004995005,0.0309698899552726
"ENSG00000159111",0.0020051415872942,0.879120879120879,0.897720683598838
"ENSG00000159128",0.151553486166944,0.003996003996004,0.0309698899552726
"ENSG00000159131",-0.036418972124814,0.026973026973027,0.0526151336084788
"ENSG00000159140",0.0212341659134602,0.041958041958042,0.0717489681633108
"ENSG00000159147",-0.0333230142594133,0.028971028971029,0.0550211482575579
"ENSG00000159176",-0.0112359792880834,0.278721278721279,0.338077546192201
"ENSG00000159199",-0.0269027312105543,0.033966033966034,0.0614579638969883
"ENSG00000159200",-0.0208609113256412,0.140859140859141,0.189123578912429
"ENSG00000159202",0.000863269481489362,0.935064935064935,0.945608413800942
"ENSG00000159210",-0.00986985927624227,0.172827172827173,0.22439898044911
"ENSG00000159216",-0.0150922393945503,0.262737262737263,0.321251035057119
"ENSG00000159228",-0.0291760729897146,0.151848151848152,0.201580811765281
"ENSG00000159256",-0.00177586503959689,0.924075924075924,0.93575534677658
"ENSG00000159267",-0.0619650062391803,0.00899100899100899,0.031668800133044
"ENSG00000159322",0.0332115286795021,0.011988011988012,0.0350284289015142
"ENSG00000159335",0.0391383505287058,0.106893106893107,0.150232880205983
"ENSG00000159346",0.0569477223982973,0.0529470529470529,0.0856186332504955
"ENSG00000159348",0.0326557553478925,0.041958041958042,0.0717489681633108
"ENSG00000159352",0.049422527336798,0.001998001998002,0.0309698899552726
"ENSG00000159363",-0.0206447779363315,0.217782217782218,0.273091265996107
"ENSG00000159377",0.0104434306201717,0.272727272727273,0.331946157953855
"ENSG00000159388",0.0906330383337837,0.003996003996004,0.0309698899552726
"ENSG00000159399",0.118072045846012,0.010989010989011,0.0339239491564177
"ENSG00000159433",-0.0677941749907132,0.026973026973027,0.0526151336084788
"ENSG00000159445",-0.0970178718047436,0.003996003996004,0.0309698899552726
"ENSG00000159459",-0.0280920159870412,0.004995004995005,0.0309698899552726
"ENSG00000159461",0.0108895599509017,0.535464535464535,0.590386494239705
"ENSG00000159479",0.0256428522877536,0.00799200799200799,0.0313472428354935
"ENSG00000159496",0.150061324984428,0.00599400599400599,0.0309698899552726
"ENSG00000159579",0.00293981263016836,0.463536463536464,0.522244419122642
"ENSG00000159588",0.063015174258761,0.044955044955045,0.0755305089151028
"ENSG00000159592",0.0214167412671924,0.00599400599400599,0.0309698899552726
"ENSG00000159593",-0.0977213285534798,0.00799200799200799,0.0313472428354935
"ENSG00000159596",-0.0101608901938968,0.251748251748252,0.309610160613026
"ENSG00000159618",-0.0318753597517729,0.408591408591409,0.468465135322605
"ENSG00000159658",-0.011718181043548,0.115884115884116,0.160633829837982
"ENSG00000159674",-0.0768121495585827,0.247752247752248,0.305634008775048
"ENSG00000159685",-0.0905409037445257,0.00599400599400599,0.0309698899552726
"ENSG00000159692",0.00467756995515727,0.707292707292707,0.747339876582008
"ENSG00000159713",-0.046322741925088,0.12987012987013,0.176359233986353
"ENSG00000159720",0.148324393406281,0.001998001998002,0.0309698899552726
"ENSG00000159733",-0.0621625178969393,0.012987012987013,0.0360623664690208
"ENSG00000159753",-0.076251794890081,0.032967032967033,0.0601301870083172
"ENSG00000159761",-0.013187323291925,0.36963036963037,0.430155687248744
"ENSG00000159788",-0.0203186986035531,0.147852147852148,0.197103395772281
"ENSG00000159792",0.00450996974682284,0.759240759240759,0.792750255825842
"ENSG00000159840",0.173129934689866,0.00599400599400599,0.0309698899552726
"ENSG00000159842",0.0652984866305536,0.045954045954046,0.0767902842430095
"ENSG00000159873",-0.0141738941954149,0.0619380619380619,0.0965087032764979
"ENSG00000159882",0.0697625949471641,0.023976023976024,0.0489374755679103
"ENSG00000159884",-0.0427930817147249,0.025974025974026,0.0514006000585945
"ENSG00000159917",-0.0649080598754151,0.004995004995005,0.0309698899552726
"ENSG00000159921",-0.0287297846021099,0.0679320679320679,0.103657642509852
"ENSG00000160007",-0.0202768556004346,0.0969030969030969,0.138393513794583
"ENSG00000160014",0.0602053619714838,0.00799200799200799,0.0313472428354935
"ENSG00000160049",-0.0347513068807181,0.018981018981019,0.0430078970802953
"ENSG00000160050",-0.0577926611607548,0.026973026973027,0.0526151336084788
"ENSG00000160055",0.0680528224802557,0.037962037962038,0.0665831541488284
"ENSG00000160058",0.0281588017962994,0.017982017982018,0.0417277258366272
"ENSG00000160072",-0.0494677633294624,0.00599400599400599,0.0309698899552726
"ENSG00000160075",0.0566497182432904,0.001998001998002,0.0309698899552726
"ENSG00000160087",0.040444440541892,0.010989010989011,0.0339239491564177
"ENSG00000160094",-0.00411700205171641,0.67032967032967,0.7145664340981
"ENSG00000160111",0.00737169734495898,0.802197802197802,0.831319581513597
"ENSG00000160131",-0.0520607988717183,0.020979020979021,0.0454117208439975
"ENSG00000160145",0.00828195914355209,0.647352647352647,0.693394306228531
"ENSG00000160179",0.196908658465458,0.00699300699300699,0.0311612747652792
"ENSG00000160190",-0.00772534708926756,0.53046953046953,0.585685146273111
"ENSG00000160193",-0.0548951263297632,0.028971028971029,0.0550211482575579
"ENSG00000160194",-0.012015277417884,0.273726273726274,0.333060884645374
"ENSG00000160199",0.0419037266630124,0.013986013986014,0.0370555370555371
"ENSG00000160201",0.0535936730282668,0.002997002997003,0.0309698899552726
"ENSG00000160208",-0.0602327498602654,0.00699300699300699,0.0311612747652792
"ENSG00000160209",0.0467623960457778,0.028971028971029,0.0550211482575579
"ENSG00000160211",0.13340018476576,0.004995004995005,0.0309698899552726
"ENSG00000160213",0.0411269631958349,0.00999000999000999,0.0329382551604774
"ENSG00000160214",-0.0365059136328654,0.0549450549450549,0.0880322184148341
"ENSG00000160216",-0.0169577701755883,0.366633366633367,0.427081496578443
"ENSG00000160218",0.0140107663687876,0.245754245754246,0.30369917999738
"ENSG00000160219",0.0424408409872473,0.0639360639360639,0.0989420057151193
"ENSG00000160221",-0.0440923404622816,0.003996003996004,0.0309698899552726
"ENSG00000160223",-0.0383076838209052,0.238761238761239,0.29563492349398
"ENSG00000160226",-0.0455175557748454,0.051948051948052,0.084286713691331
"ENSG00000160229",0.0698328945953283,0.014985014985015,0.0380820279318905
"ENSG00000160255",0.114481550972563,0.012987012987013,0.0360623664690208
"ENSG00000160271",-0.0232402673283766,0.270729270729271,0.330082619014343
"ENSG00000160285",-0.0343508633692366,0.104895104895105,0.147874412977052
"ENSG00000160293",-0.0332310067028624,0.208791208791209,0.263355661970272
"ENSG00000160294",-0.0211572176406061,0.141858141858142,0.190252332200775
"ENSG00000160298",0.0101757413313731,0.555444555444555,0.60834162647705
"ENSG00000160299",-0.0475104706426301,0.014985014985015,0.0380820279318905
"ENSG00000160305",-0.0257361335198967,0.121878121878122,0.167493569894942
"ENSG00000160310",-0.0210214560110875,0.00699300699300699,0.0311612747652792
"ENSG00000160318",-0.0288664874170015,0.571428571428571,0.623291756346757
"ENSG00000160325",0.0080551574095543,0.591408591408591,0.641243995989575
"ENSG00000160336",-0.0800609348267229,0.018981018981019,0.0430078970802953
"ENSG00000160352",-0.0630532213326476,0.002997002997003,0.0309698899552726
"ENSG00000160404",0.0224920014820235,0.0999000999000999,0.142133230803765
"ENSG00000160408",-0.0598251220727548,0.00699300699300699,0.0311612747652792
"ENSG00000160410",0.166774837577509,0.000999000999000999,0.0309698899552726
"ENSG00000160439",-0.0412756417365317,0.0559440559440559,0.08933506036881
"ENSG00000160445",0.0666841871108262,0.0569430569430569,0.0905693036450051
"ENSG00000160446",0.0690828484595948,0.00899100899100899,0.031668800133044
"ENSG00000160551",0.0447560526081215,0.00599400599400599,0.0309698899552726
"ENSG00000160563",-0.0381959290814228,0.00699300699300699,0.0311612747652792
"ENSG00000160570",0.118053870368115,0.00599400599400599,0.0309698899552726
"ENSG00000160584",0.0553374651921736,0.011988011988012,0.0350284289015142
"ENSG00000160588",0.191568365799556,0.003996003996004,0.0309698899552726
"ENSG00000160593",0.152415586748474,0.004995004995005,0.0309698899552726
"ENSG00000160613",-0.0404566750007164,0.017982017982018,0.0417277258366272
"ENSG00000160633",0.0454182214139787,0.00699300699300699,0.0311612747652792
"ENSG00000160679",0.0159389755007264,0.037962037962038,0.0665831541488284
"ENSG00000160685",0.118283923149503,0.004995004995005,0.0309698899552726
"ENSG00000160688",-0.0220973703485975,0.032967032967033,0.0601301870083172
"ENSG00000160691",0.0365470028107554,0.02997002997003,0.0561377525217924
"ENSG00000160695",-0.000290603838033502,0.987012987012987,0.989235433068308
"ENSG00000160703",0.127204229993948,0.00699300699300699,0.0311612747652792
"ENSG00000160710",0.148760998889366,0.004995004995005,0.0309698899552726
"ENSG00000160712",0.171054108480538,0.00599400599400599,0.0309698899552726
"ENSG00000160714",0.0213917565845253,0.026973026973027,0.0526151336084788
"ENSG00000160741",0.0436923949855203,0.0529470529470529,0.0856186332504955
"ENSG00000160746",0.066914988778961,0.010989010989011,0.0339239491564177
"ENSG00000160752",0.0037797105552738,0.684315684315684,0.726575306485193
"ENSG00000160753",-0.0199743459639146,0.103896103896104,0.146724251072077
"ENSG00000160783",0.0367304927180879,0.025974025974026,0.0514006000585945
"ENSG00000160785",0.160985136384278,0.003996003996004,0.0309698899552726
"ENSG00000160789",0.0211995877761391,0.417582417582418,0.477044248527138
"ENSG00000160796",0.127274572177301,0.00999000999000999,0.0329382551604774
"ENSG00000160799",-0.00879956386497737,0.2997002997003,0.359855949824978
"ENSG00000160803",-0.0637781550585382,0.018981018981019,0.0430078970802953
"ENSG00000160813",-0.0131083889690232,0.03996003996004,0.0691988127146629
"ENSG00000160818",-0.0721634966179318,0.00899100899100899,0.031668800133044
"ENSG00000160828",-0.0666727826386821,0.00799200799200799,0.0313472428354935
"ENSG00000160856",-0.0948689898146054,0.00999000999000999,0.0329382551604774
"ENSG00000160877",0.0676555585773897,0.026973026973027,0.0526151336084788
"ENSG00000160888",0.0992108422774837,0.003996003996004,0.0309698899552726
"ENSG00000160908",0.00705378086147499,0.316683316683317,0.377457115927809
"ENSG00000160917",-0.0268961004591758,0.034965034965035,0.0627459743481843
"ENSG00000160932",-0.00196105533322581,0.923076923076923,0.934901269302078
"ENSG00000160948",0.0541512130490508,0.003996003996004,0.0309698899552726
"ENSG00000160953",-0.0533668358721431,0.00899100899100899,0.031668800133044
"ENSG00000160959",-0.0271732359315492,0.0759240759240759,0.113433061220232
"ENSG00000160961",0.0688210030135299,0.00799200799200799,0.0313472428354935
"ENSG00000160972",-0.0185848830784565,0.1998001998002,0.253692424849319
"ENSG00000160991",0.136065618968129,0.00799200799200799,0.0313472428354935
"ENSG00000160993",-0.00818907399249145,0.422577422577423,0.482063167018079
"ENSG00000160999",0.154619435905331,0.00599400599400599,0.0309698899552726
"ENSG00000161010",-0.0733732937410407,0.014985014985015,0.0380820279318905
"ENSG00000161011",0.0800111429802864,0.00999000999000999,0.0329382551604774
"ENSG00000161013",0.0175560692616019,0.303696303696304,0.363854269546623
"ENSG00000161016",-0.0550705155342993,0.02997002997003,0.0561377525217924
"ENSG00000161021",0.0620798312578445,0.018981018981019,0.0430078970802953
"ENSG00000161036",0.0645690320731062,0.034965034965035,0.0627459743481843
"ENSG00000161040",0.250407334042797,0.00599400599400599,0.0309698899552726
"ENSG00000161048",-0.0636355482389465,0.012987012987013,0.0360623664690208
"ENSG00000161057",-0.0750120334722921,0.016983016983017,0.0404964083535512
"ENSG00000161091",-0.0228129894469104,0.216783216783217,0.272008843109282
"ENSG00000161179",-0.0413684478194927,0.00799200799200799,0.0313472428354935
"ENSG00000161202",0.0453322950773596,0.030969030969031,0.0574804346232918
"ENSG00000161203",0.0362622899583075,0.140859140859141,0.189123578912429
"ENSG00000161204",-0.0135085322656524,0.295704295704296,0.355946937677707
"ENSG00000161217",0.100021323501433,0.001998001998002,0.0309698899552726
"ENSG00000161267",-0.0685505352224498,0.033966033966034,0.0614579638969883
"ENSG00000161298",-0.0829784422380351,0.020979020979021,0.0454117208439975
"ENSG00000161326",-0.0630966459600591,0.031968031968032,0.0588078690022667
"ENSG00000161381",-0.0785438732969964,0.023976023976024,0.0489374755679103
"ENSG00000161395",-0.0417734172545636,0.03996003996004,0.0691988127146629
"ENSG00000161405",-0.0554168585156378,0.027972027972028,0.0538126832348059
"ENSG00000161513",-0.0132133964247419,0.275724275724276,0.334983253705453
"ENSG00000161526",0.0394220053109659,0.00599400599400599,0.0309698899552726
"ENSG00000161533",0.188083871437981,0.002997002997003,0.0309698899552726
"ENSG00000161542",-0.0236859783297656,0.024975024975025,0.0503016340120413
"ENSG00000161547",-0.0336194716387501,0.004995004995005,0.0309698899552726
"ENSG00000161551",-0.0472709990691013,0.010989010989011,0.0339239491564177
"ENSG00000161558",-0.0416687172315745,0.0649350649350649,0.100075610462889
"ENSG00000161618",-0.0230558778391045,0.308691308691309,0.369029359181552
"ENSG00000161638",0.125667405315866,0.00999000999000999,0.0329382551604774
"ENSG00000161642",0.00604135455994728,0.876123876123876,0.895268832859174
"ENSG00000161671",-0.011123132174973,0.428571428571429,0.488113289288422
"ENSG00000161677",-0.0101043875181486,0.543456543456543,0.597827069955217
"ENSG00000161791",-0.0593820472328867,0.014985014985015,0.0380820279318905
"ENSG00000161800",-0.00371584432662068,0.749250749250749,0.784158800356658
"ENSG00000161813",-0.0673370582709124,0.015984015984016,0.0392432899072327
"ENSG00000161835",-0.0813868662618611,0.003996003996004,0.0309698899552726
"ENSG00000161847",0.0364747084380963,0.175824175824176,0.227699886320576
"ENSG00000161904",0.0131283075696376,0.150849150849151,0.20038743173484
"ENSG00000161911",0.0932480419871616,0.00899100899100899,0.031668800133044
"ENSG00000161912",0.0380163269755876,0.0809190809190809,0.119235595204207
"ENSG00000161914",-0.00416116333249081,0.637362637362637,0.684096112871678
"ENSG00000161920",0.0194061206373119,0.26973026973027,0.328964723119381
"ENSG00000161921",0.161269113222512,0.004995004995005,0.0309698899552726
"ENSG00000161929",-0.0128280725152683,0.683316683316683,0.725642829380569
"ENSG00000161955",0.0466419094901436,0.137862137862138,0.185597308482936
"ENSG00000161956",-0.0273980348932275,0.043956043956044,0.0742673606444167
"ENSG00000161960",-0.0322471239723346,0.024975024975025,0.0503016340120413
"ENSG00000161970",-0.197047211450933,0.022977022977023,0.0478078016166659
"ENSG00000161980",-0.0202391639975157,0.116883116883117,0.161906558172118
"ENSG00000161981",-0.0247826723476356,0.166833166833167,0.217721902378217
"ENSG00000161996",-0.0674718939393043,0.002997002997003,0.0309698899552726
"ENSG00000161999",-0.0115269031160389,0.464535464535465,0.523173761858046
"ENSG00000162032",0.0270740493063733,0.034965034965035,0.0627459743481843
"ENSG00000162063",-0.0156208926146313,0.383616383616384,0.443682195967828
"ENSG00000162065",-0.0390574016276418,0.031968031968032,0.0588078690022667
"ENSG00000162066",0.00240096171724945,0.822177822177822,0.849315202590087
"ENSG00000162073",0.0022276057506476,0.936063936063936,0.946300166858713
"ENSG00000162076",-0.0214935825449578,0.017982017982018,0.0417277258366272
"ENSG00000162086",-0.0577633962574338,0.022977022977023,0.0478078016166659
"ENSG00000162104",-0.0216534457912238,0.322677322677323,0.383688143260717
"ENSG00000162129",-0.0126725488573888,0.381618381618382,0.441753969397969
"ENSG00000162139",-0.0112171696759504,0.317682317682318,0.378385143102685
"ENSG00000162144",-0.0025015687544429,0.872127872127872,0.892095733018365
"ENSG00000162174",0.00519097365399101,0.744255744255744,0.779881902037277
"ENSG00000162191",0.00114201470836099,0.799200799200799,0.828785503908465
"ENSG00000162194",-0.0278082015180894,0.022977022977023,0.0478078016166659
"ENSG00000162222",-0.0103997852544343,0.154845154845155,0.204565139158961
"ENSG00000162227",-0.0556055654386579,0.002997002997003,0.0309698899552726
"ENSG00000162231",0.0206163303076612,0.046953046953047,0.078144539299504
"ENSG00000162236",0.0585379459816554,0.001998001998002,0.0309698899552726
"ENSG00000162241",-0.034719456802852,0.04995004995005,0.0818292939339832
"ENSG00000162244",-0.0697368713871954,0.011988011988012,0.0350284289015142
"ENSG00000162290",-0.00358965200270632,0.325674325674326,0.386448859197674
"ENSG00000162298",-0.016382744570731,0.340659340659341,0.401455575215136
"ENSG00000162300",0.0296179296222996,0.041958041958042,0.0717489681633108
"ENSG00000162302",0.00489169917494763,0.813186813186813,0.841401560127346
"ENSG00000162341",0.0805093378323826,0.015984015984016,0.0392432899072327
"ENSG00000162366",0.0480008091720454,0.0839160839160839,0.12274872158027
"ENSG00000162367",0.0536793771554974,0.105894105894106,0.149003086832381
"ENSG00000162368",-0.0746958234786671,0.012987012987013,0.0360623664690208
"ENSG00000162377",-0.0302779170671352,0.317682317682318,0.378385143102685
"ENSG00000162378",0.0597766063420161,0.00999000999000999,0.0329382551604774
"ENSG00000162384",-0.032385449063796,0.002997002997003,0.0309698899552726
"ENSG00000162385",-0.0177851980438153,0.415584415584416,0.47525868365149
"ENSG00000162402",-0.0336356695271369,0.032967032967033,0.0601301870083172
"ENSG00000162408",-0.0621359482072161,0.00599400599400599,0.0309698899552726
"ENSG00000162413",0.141835572680045,0.004995004995005,0.0309698899552726
"ENSG00000162415",-0.114340892914429,0.002997002997003,0.0309698899552726
"ENSG00000162419",0.0165472402433332,0.036963036963037,0.0654036775944903
"ENSG00000162430",-0.00926037904121796,0.591408591408591,0.641243995989575
"ENSG00000162434",0.0743480832338034,0.010989010989011,0.0339239491564177
"ENSG00000162437",-0.0770003729200475,0.0639360639360639,0.0989420057151193
"ENSG00000162441",-0.0263721959953055,0.048951048951049,0.0806102639481647
"ENSG00000162444",0.133983037974356,0.00799200799200799,0.0313472428354935
"ENSG00000162490",0.0156838687570677,0.708291708291708,0.748066591989608
"ENSG00000162496",-0.0767164606478627,0.010989010989011,0.0339239491564177
"ENSG00000162511",0.104767246452957,0.002997002997003,0.0309698899552726
"ENSG00000162517",0.0458751210676085,0.002997002997003,0.0309698899552726
"ENSG00000162521",-0.0389064064676256,0.00699300699300699,0.0311612747652792
"ENSG00000162542",-0.0556308719323363,0.000999000999000999,0.0309698899552726
"ENSG00000162543",0.00135958495197487,0.945054945054945,0.953304543366655
"ENSG00000162551",0.288979042065301,0.00799200799200799,0.0313472428354935
"ENSG00000162585",-0.0194349110523085,0.034965034965035,0.0627459743481843
"ENSG00000162591",0.0565352817595073,0.115884115884116,0.160633829837982
"ENSG00000162599",-0.0248344159340253,0.153846153846154,0.20355863447353
"ENSG00000162600",-0.0397576537087227,0.032967032967033,0.0601301870083172
"ENSG00000162601",-0.000833827265188775,0.904095904095904,0.919240657819338
"ENSG00000162604",-0.0270660041948503,0.00999000999000999,0.0329382551604774
"ENSG00000162607",-0.0237399459408696,0.223776223776224,0.279470295889292
"ENSG00000162613",-0.0498464396622155,0.00799200799200799,0.0313472428354935
"ENSG00000162614",-0.014479790242558,0.506493506493506,0.563041250674217
"ENSG00000162616",-0.0609876390378248,0.010989010989011,0.0339239491564177
"ENSG00000162623",-0.0736142358635625,0.015984015984016,0.0392432899072327
"ENSG00000162630",-0.1118347062096,0.03996003996004,0.0691988127146629
"ENSG00000162636",-0.0272478348286053,0.0799200799200799,0.118024025618029
"ENSG00000162639",-0.034332521261952,0.107892107892108,0.151406743653357
"ENSG00000162642",-0.0154840366448683,0.240759240759241,0.297986051024156
"ENSG00000162645",0.118131922672385,0.00599400599400599,0.0309698899552726
"ENSG00000162654",-0.0097900416556675,0.643356643356643,0.68966730352869
"ENSG00000162664",-0.0555481271962254,0.00699300699300699,0.0311612747652792
"ENSG00000162688",-0.0642579517018115,0.003996003996004,0.0309698899552726
"ENSG00000162694",-0.0741804659723244,0.00599400599400599,0.0309698899552726
"ENSG00000162695",-0.0333410283086805,0.00799200799200799,0.0313472428354935
"ENSG00000162702",0.115186152482699,0.004995004995005,0.0309698899552726
"ENSG00000162704",0.128925010972684,0.001998001998002,0.0309698899552726
"ENSG00000162714",-0.0297149687625261,0.128871128871129,0.175260068662807
"ENSG00000162722",0.0277553525074026,0.505494505494505,0.562034690261168
"ENSG00000162729",-0.0677555365921792,0.002997002997003,0.0309698899552726
"ENSG00000162734",-0.026670352870806,0.32967032967033,0.390342662263845
"ENSG00000162735",-0.0246797569853209,0.003996003996004,0.0309698899552726
"ENSG00000162736",0.0761052089481627,0.00899100899100899,0.031668800133044
"ENSG00000162739",-0.0634062566153292,0.013986013986014,0.0370555370555371
"ENSG00000162769",0.0463754329592833,0.025974025974026,0.0514006000585945
"ENSG00000162775",-0.00199795775667393,0.766233766233766,0.79907995510217
"ENSG00000162777",-0.0586285288663034,0.00799200799200799,0.0313472428354935
"ENSG00000162783",0.0269630058461955,0.051948051948052,0.084286713691331
"ENSG00000162804",-0.0868288788152494,0.00899100899100899,0.031668800133044
"ENSG00000162813",-0.0704780346044164,0.00699300699300699,0.0311612747652792
"ENSG00000162819",0.0614454409054445,0.002997002997003,0.0309698899552726
"ENSG00000162825",0.0607730634232074,0.010989010989011,0.0339239491564177
"ENSG00000162836",-0.00277960213143435,0.82017982017982,0.847469785824183
"ENSG00000162851",-0.0570403918390199,0.0599400599400599,0.0941400470935233
"ENSG00000162852",-0.035757604338358,0.00899100899100899,0.031668800133044
"ENSG00000162869",0.0411952377650558,0.010989010989011,0.0339239491564177
"ENSG00000162885",-0.0188529922246628,0.21978021978022,0.275166025765047
"ENSG00000162889",0.109923946666909,0.002997002997003,0.0309698899552726
"ENSG00000162909",-0.0365237943610488,0.0949050949050949,0.136008756328337
"ENSG00000162910",-0.0292181820812867,0.018981018981019,0.0430078970802953
"ENSG00000162923",0.0553851987541196,0.00799200799200799,0.0313472428354935
"ENSG00000162924",0.0124927828954507,0.105894105894106,0.149003086832381
"ENSG00000162927",0.0123154284724814,0.367632367632368,0.428162205078573
"ENSG00000162928",-0.0215914665057876,0.0589410589410589,0.0929842014116102
"ENSG00000162929",-0.0209750446357196,0.217782217782218,0.273091265996107
"ENSG00000162946",0.0573158643216539,0.010989010989011,0.0339239491564177
"ENSG00000162959",-0.000564466045595161,0.951048951048951,0.958626712547706
"ENSG00000162961",-0.0787261869542825,0.023976023976024,0.0489374755679103
"ENSG00000162971",-0.0498737649804707,0.012987012987013,0.0360623664690208
"ENSG00000162972",-0.0549611756487957,0.014985014985015,0.0380820279318905
"ENSG00000162976",-0.0373636691630826,0.0949050949050949,0.136008756328337
"ENSG00000162980",-0.0369529778017785,0.050949050949051,0.0830019919080513
"ENSG00000162994",-0.0725123005917468,0.020979020979021,0.0454117208439975
"ENSG00000162997",-0.0165585232086266,0.400599400599401,0.46026803024891
"ENSG00000162999",-0.0830303337630539,0.002997002997003,0.0309698899552726
"ENSG00000163001",-0.0931190921770493,0.00899100899100899,0.031668800133044
"ENSG00000163002",-0.0977125347350348,0.002997002997003,0.0309698899552726
"ENSG00000163006",-0.0643635400043379,0.0879120879120879,0.127615348777325
"ENSG00000163013",-0.0566124622890962,0.022977022977023,0.0478078016166659
"ENSG00000163026",-0.0621753023752734,0.00799200799200799,0.0313472428354935
"ENSG00000163029",-0.0427357880032516,0.050949050949051,0.0830019919080513
"ENSG00000163041",0.145965100312447,0.002997002997003,0.0309698899552726
"ENSG00000163050",0.0427316149858272,0.04995004995005,0.0818292939339832
"ENSG00000163067",-0.0245259986562763,0.037962037962038,0.0665831541488284
"ENSG00000163069",-0.0936860832886829,0.018981018981019,0.0430078970802953
"ENSG00000163104",-0.0657610845526874,0.011988011988012,0.0350284289015142
"ENSG00000163110",0.0343240678101061,0.00799200799200799,0.0313472428354935
"ENSG00000163113",-0.0476353436619399,0.024975024975025,0.0503016340120413
"ENSG00000163125",-0.0441347612206161,0.00899100899100899,0.031668800133044
"ENSG00000163126",-0.0612586460813687,0.00599400599400599,0.0309698899552726
"ENSG00000163131",0.0905252565097189,0.013986013986014,0.0370555370555371
"ENSG00000163138",-0.0680979806373404,0.014985014985015,0.0380820279318905
"ENSG00000163154",0.0602120465193615,0.002997002997003,0.0309698899552726
"ENSG00000163156",0.0322920876641947,0.048951048951049,0.0806102639481647
"ENSG00000163159",0.00672160117462452,0.37962037962038,0.439907214567325
"ENSG00000163161",-0.0211754657509625,0.0609390609390609,0.0952980656298809
"ENSG00000163162",0.179039846886169,0.003996003996004,0.0309698899552726
"ENSG00000163166",0.0269691473739906,0.00899100899100899,0.031668800133044
"ENSG00000163171",0.0969890993762217,0.001998001998002,0.0309698899552726
"ENSG00000163191",0.215912383027651,0.002997002997003,0.0309698899552726
"ENSG00000163214",-0.0308523618275431,0.120879120879121,0.166539639427407
"ENSG00000163219",0.128576359753816,0.003996003996004,0.0309698899552726
"ENSG00000163220",0.145460571378842,0.018981018981019,0.0430078970802953
"ENSG00000163235",0.221938111465744,0.004995004995005,0.0309698899552726
"ENSG00000163249",-0.00957693035780775,0.340659340659341,0.401455575215136
"ENSG00000163251",0.0333074069948574,0.115884115884116,0.160633829837982
"ENSG00000163257",-0.0470294528944513,0.018981018981019,0.0430078970802953
"ENSG00000163281",-0.0656301480606218,0.031968031968032,0.0588078690022667
"ENSG00000163291",-0.050978151041056,0.021978021978022,0.0464939039133723
"ENSG00000163297",0.0945118019118625,0.00899100899100899,0.031668800133044
"ENSG00000163312",-0.0634662866544873,0.00899100899100899,0.031668800133044
"ENSG00000163319",-0.0399110331950938,0.0679320679320679,0.103657642509852
"ENSG00000163320",-0.0194588150480482,0.0949050949050949,0.136008756328337
"ENSG00000163322",-0.0884973112885613,0.010989010989011,0.0339239491564177
"ENSG00000163328",0.0587210715356837,0.003996003996004,0.0309698899552726
"ENSG00000163344",-0.011704300831414,0.338661338661339,0.399375131786083
"ENSG00000163348",-0.0183953519510879,0.186813186813187,0.239684090863764
"ENSG00000163349",0.0639447802833341,0.012987012987013,0.0360623664690208
"ENSG00000163359",-0.0177910157583763,0.541458541458541,0.595956475066284
"ENSG00000163374",-0.0169279619995759,0.161838161838162,0.212240400367856
"ENSG00000163376",-0.0749326368980027,0.0839160839160839,0.12274872158027
"ENSG00000163378",-0.0445051934213509,0.013986013986014,0.0370555370555371
"ENSG00000163382",-0.0447163823528452,0.012987012987013,0.0360623664690208
"ENSG00000163386",0.0546354292204432,0.016983016983017,0.0404964083535512
"ENSG00000163389",-0.047411466907512,0.018981018981019,0.0430078970802953
"ENSG00000163393",0.146570794093703,0.002997002997003,0.0309698899552726
"ENSG00000163399",-0.0339796811945232,0.114885114885115,0.159561921956467
"ENSG00000163406",-0.036898775916681,0.022977022977023,0.0478078016166659
"ENSG00000163412",0.0874690091868219,0.011988011988012,0.0350284289015142
"ENSG00000163421",0.267835669221374,0.00699300699300699,0.0311612747652792
"ENSG00000163428",-0.0535538725543318,0.012987012987013,0.0360623664690208
"ENSG00000163430",0.0244128028264405,0.358641358641359,0.419316261129667
"ENSG00000163444",-0.00775396068261407,0.124875124875125,0.170791993939826
"ENSG00000163449",0.0228231421205905,0.0989010989010989,0.140945500603985
"ENSG00000163453",-0.0468431179338514,0.0969030969030969,0.138393513794583
"ENSG00000163463",-0.0417367842958341,0.015984015984016,0.0392432899072327
"ENSG00000163466",0.0692631061245458,0.00999000999000999,0.0329382551604774
"ENSG00000163468",-0.0419850149397955,0.010989010989011,0.0339239491564177
"ENSG00000163472",0.0393155093593809,0.016983016983017,0.0404964083535512
"ENSG00000163479",-0.000289457656194463,0.982017982017982,0.984804081099141
"ENSG00000163481",-0.0240608077623122,0.011988011988012,0.0350284289015142
"ENSG00000163482",-0.0156139211169292,0.296703296703297,0.357077931081536
"ENSG00000163486",0.0589652725137843,0.03996003996004,0.0691988127146629
"ENSG00000163492",-0.0812180371013532,0.047952047952048,0.0794112873484515
"ENSG00000163507",-0.0584963916792416,0.025974025974026,0.0514006000585945
"ENSG00000163508",-0.034487092085064,0.347652347652348,0.408175646159234
"ENSG00000163510",0.00375420995821871,0.757242757242757,0.791007688530505
"ENSG00000163512",-0.0192304750664564,0.360639360639361,0.421037870231575
"ENSG00000163513",0.0906879011851305,0.00699300699300699,0.0311612747652792
"ENSG00000163516",-0.00646116737852972,0.501498501498502,0.558314867161555
"ENSG00000163517",-0.0395821576653822,0.00999000999000999,0.0329382551604774
"ENSG00000163527",-0.0499000118242764,0.010989010989011,0.0339239491564177
"ENSG00000163528",-0.021864601816981,0.0679320679320679,0.103657642509852
"ENSG00000163534",-0.0520701855349566,0.417582417582418,0.477044248527138
"ENSG00000163535",-0.0692962330635163,0.0839160839160839,0.12274872158027
"ENSG00000163536",-0.0484115851975604,0.0799200799200799,0.118024025618029
"ENSG00000163539",-0.0512456547131271,0.002997002997003,0.0309698899552726
"ENSG00000163541",-0.00386032658099886,0.577422577422577,0.628631627453985
"ENSG00000163545",0.152905493263965,0.00599400599400599,0.0309698899552726
"ENSG00000163554",0.0267071595607838,0.226773226773227,0.282655117129293
"ENSG00000163558",-0.0621275259083722,0.00999000999000999,0.0329382551604774
"ENSG00000163564",-0.0655598495387844,0.0539460539460539,0.0868019381876659
"ENSG00000163565",0.0960147280060198,0.001998001998002,0.0309698899552726
"ENSG00000163577",-0.0906694445877612,0.011988011988012,0.0350284289015142
"ENSG00000163584",-0.128954119170375,0.013986013986014,0.0370555370555371
"ENSG00000163590",-0.0647536922408011,0.0639360639360639,0.0989420057151193
"ENSG00000163596",-0.0826616589192139,0.00799200799200799,0.0313472428354935
"ENSG00000163597",0.0307365829545314,0.003996003996004,0.0309698899552726
"ENSG00000163602",0.104185596565461,0.002997002997003,0.0309698899552726
"ENSG00000163605",0.0363168263267115,0.111888111888112,0.156211817921855
"ENSG00000163606",-0.0662228916565731,0.023976023976024,0.0489374755679103
"ENSG00000163607",-0.0609123983889594,0.021978021978022,0.0464939039133723
"ENSG00000163608",-0.04388337310964,0.00999000999000999,0.0329382551604774
"ENSG00000163611",-0.0626493515966949,0.00699300699300699,0.0311612747652792
"ENSG00000163617",-0.018837107846818,0.342657342657343,0.403296047797076
"ENSG00000163625",0.204497914405751,0.003996003996004,0.0309698899552726
"ENSG00000163626",-0.0385663273535678,0.017982017982018,0.0417277258366272
"ENSG00000163629",-0.0762828945428058,0.018981018981019,0.0430078970802953
"ENSG00000163634",-0.0294081170971663,0.248751248751249,0.306677524363203
"ENSG00000163635",0.0577186454757183,0.003996003996004,0.0309698899552726
"ENSG00000163636",0.0137542219559436,0.031968031968032,0.0588078690022667
"ENSG00000163644",-0.0700647559423438,0.00699300699300699,0.0311612747652792
"ENSG00000163655",-0.0612477225015945,0.00799200799200799,0.0313472428354935
"ENSG00000163659",0.0635795565947496,0.00699300699300699,0.0311612747652792
"ENSG00000163660",0.042524498081375,0.004995004995005,0.0309698899552726
"ENSG00000163681",0.0525415455861176,0.00599400599400599,0.0309698899552726
"ENSG00000163682",-0.0840985505430539,0.022977022977023,0.0478078016166659
"ENSG00000163683",-0.0152147884486671,0.11988011988012,0.165390802516276
"ENSG00000163684",-0.00999119474063248,0.150849150849151,0.20038743173484
"ENSG00000163686",-0.0312275505384772,0.0669330669330669,0.102576077327416
"ENSG00000163694",0.187492317813929,0.00699300699300699,0.0311612747652792
"ENSG00000163703",-0.0599153760026864,0.001998001998002,0.0309698899552726
"ENSG00000163714",-0.0456945285007247,0.00899100899100899,0.031668800133044
"ENSG00000163719",0.0659869669171165,0.004995004995005,0.0309698899552726
"ENSG00000163728",-0.0476586960378827,0.01998001998002,0.044196554411905
"ENSG00000163737",0.0420198607058895,0.121878121878122,0.167493569894942
"ENSG00000163738",-0.051086527662882,0.02997002997003,0.0561377525217924
"ENSG00000163739",0.178688975962256,0.003996003996004,0.0309698899552726
"ENSG00000163743",-0.014841394483142,0.292707292707293,0.352834126755892
"ENSG00000163754",0.055518479835541,0.038961038961039,0.0678698023240711
"ENSG00000163755",-0.00601167502818763,0.326673326673327,0.387404779944744
"ENSG00000163781",0.0181696521650951,0.004995004995005,0.0309698899552726
"ENSG00000163785",-0.0586977036172819,0.00599400599400599,0.0309698899552726
"ENSG00000163788",0.0920837594292712,0.001998001998002,0.0309698899552726
"ENSG00000163795",-0.00585540286523639,0.56043956043956,0.613085985560043
"ENSG00000163798",0.0183428664746609,0.0679320679320679,0.103657642509852
"ENSG00000163803",0.158737612650535,0.003996003996004,0.0309698899552726
"ENSG00000163806",0.0466967893052954,0.031968031968032,0.0588078690022667
"ENSG00000163807",-0.0360354161057943,0.035964035964036,0.0640509460900688
"ENSG00000163808",-0.0674641350181297,0.113886113886114,0.158449098944584
"ENSG00000163811",-0.0716607176370624,0.003996003996004,0.0309698899552726
"ENSG00000163812",0.0547448268842747,0.001998001998002,0.0309698899552726
"ENSG00000163818",-0.0125973416905292,0.317682317682318,0.378385143102685
"ENSG00000163820",-0.0229659034521255,0.121878121878122,0.167493569894942
"ENSG00000163823",0.121365094251954,0.004995004995005,0.0309698899552726
"ENSG00000163832",-0.0473825636967762,0.001998001998002,0.0309698899552726
"ENSG00000163840",0.0878838942785165,0.00599400599400599,0.0309698899552726
"ENSG00000163848",0.0419608544545365,0.010989010989011,0.0339239491564177
"ENSG00000163864",-0.0571480775789115,0.01998001998002,0.044196554411905
"ENSG00000163866",0.00793552024322366,0.153846153846154,0.20355863447353
"ENSG00000163867",-0.0541422876652101,0.021978021978022,0.0464939039133723
"ENSG00000163870",0.000853880392998827,0.9000999000999,0.915952633310804
"ENSG00000163872",-0.000188574888483149,0.979020979020979,0.982618517276944
"ENSG00000163874",0.053081200455247,0.00799200799200799,0.0313472428354935
"ENSG00000163875",-0.0378914045267366,0.00799200799200799,0.0313472428354935
"ENSG00000163877",0.0382104762495207,0.00599400599400599,0.0309698899552726
"ENSG00000163882",-0.0675334067726196,0.003996003996004,0.0309698899552726
"ENSG00000163900",-0.0442933942362974,0.00999000999000999,0.0329382551604774
"ENSG00000163902",0.0597989410922281,0.00699300699300699,0.0311612747652792
"ENSG00000163904",0.0415405637776223,0.003996003996004,0.0309698899552726
"ENSG00000163913",0.0036503233333508,0.608391608391608,0.657699950494769
"ENSG00000163918",-0.0792933556467144,0.010989010989011,0.0339239491564177
"ENSG00000163930",0.0411796001744783,0.02997002997003,0.0561377525217924
"ENSG00000163931",0.140926627599933,0.002997002997003,0.0309698899552726
"ENSG00000163932",0.16372815246371,0.002997002997003,0.0309698899552726
"ENSG00000163933",-0.00209017228730929,0.677322677322677,0.720678524662588
"ENSG00000163935",-0.0743903575926631,0.004995004995005,0.0309698899552726
"ENSG00000163938",-0.112144988133048,0.00599400599400599,0.0309698899552726
"ENSG00000163939",-0.0172596984777523,0.021978021978022,0.0464939039133723
"ENSG00000163945",0.0618492894667074,0.012987012987013,0.0360623664690208
"ENSG00000163946",-0.0502472891795711,0.010989010989011,0.0339239491564177
"ENSG00000163947",-0.0376892009900837,0.0569430569430569,0.0905693036450051
"ENSG00000163950",0.0430917117019143,0.002997002997003,0.0309698899552726
"ENSG00000163956",0.0592277021865944,0.017982017982018,0.0417277258366272
"ENSG00000163960",0.035608614553685,0.00999000999000999,0.0329382551604774
"ENSG00000163961",0.00127145332925421,0.722277722277722,0.760165834690749
"ENSG00000163964",0.0949459295398405,0.00999000999000999,0.0329382551604774
"ENSG00000163993",0.14547689928051,0.0529470529470529,0.0856186332504955
"ENSG00000164002",-0.0125582663796025,0.25974025974026,0.317974782678867
"ENSG00000164008",-0.0218569512255603,0.034965034965035,0.0627459743481843
"ENSG00000164010",0.0343626731319003,0.0559440559440559,0.08933506036881
"ENSG00000164011",-0.0407937191362588,0.002997002997003,0.0309698899552726
"ENSG00000164022",-0.0813409364934565,0.013986013986014,0.0370555370555371
"ENSG00000164023",0.0102210614084514,0.772227772227772,0.804911827114776
"ENSG00000164024",-0.0486701022358114,0.00699300699300699,0.0311612747652792
"ENSG00000164031",-0.0136825100573414,0.3996003996004,0.459251946294119
"ENSG00000164032",0.0386571671905029,0.0709290709290709,0.107142480445648
"ENSG00000164038",-0.0784809492257165,0.001998001998002,0.0309698899552726
"ENSG00000164039",-0.0897013044880453,0.012987012987013,0.0360623664690208
"ENSG00000164040",-0.0372270257921658,0.033966033966034,0.0614579638969883
"ENSG00000164048",-0.0577271473813206,0.000999000999000999,0.0309698899552726
"ENSG00000164051",-0.00882475727818726,0.57042957042957,0.622315048785637
"ENSG00000164053",-0.0452425494431195,0.004995004995005,0.0309698899552726
"ENSG00000164054",0.131749636951512,0.002997002997003,0.0309698899552726
"ENSG00000164062",-0.0162775290554425,0.225774225774226,0.281702101884826
"ENSG00000164068",0.0493689078213887,0.101898101898102,0.144513970806159
"ENSG00000164073",-0.0469457667702198,0.00899100899100899,0.031668800133044
"ENSG00000164074",-0.0121115956883515,0.0879120879120879,0.127615348777325
"ENSG00000164077",-0.0277392774446001,0.00899100899100899,0.031668800133044
"ENSG00000164080",-0.0350450012676568,0.011988011988012,0.0350284289015142
"ENSG00000164081",-0.0284815569735797,0.003996003996004,0.0309698899552726
"ENSG00000164086",-0.0147073446376372,0.134865134865135,0.1822157606306
"ENSG00000164088",0.0828847745063705,0.001998001998002,0.0309698899552726
"ENSG00000164091",0.0323910255670609,0.023976023976024,0.0489374755679103
"ENSG00000164096",0.0414141873371709,0.0669330669330669,0.102576077327416
"ENSG00000164104",0.0321641982395113,0.390609390609391,0.450685834902425
"ENSG00000164105",0.00110027560949295,0.959040959040959,0.965548650896728
"ENSG00000164109",-0.0930664288736647,0.024975024975025,0.0503016340120413
"ENSG00000164111",0.0392150931409734,0.196803196803197,0.250363164939221
"ENSG00000164116",-0.006339724796044,0.633366633366633,0.680353968519861
"ENSG00000164117",-0.0321412092555755,0.044955044955045,0.0755305089151028
"ENSG00000164118",-0.0442375314803695,0.017982017982018,0.0417277258366272
"ENSG00000164120",0.0041625434958072,0.824175824175824,0.85072103881689
"ENSG00000164124",0.00991570166425784,0.783216783216783,0.814740699445971
"ENSG00000164134",-0.0660422892667809,0.013986013986014,0.0370555370555371
"ENSG00000164136",-0.0412913834761649,0.176823176823177,0.228796397401049
"ENSG00000164144",0.0927936960351323,0.001998001998002,0.0309698899552726
"ENSG00000164151",-0.0375173637093672,0.016983016983017,0.0404964083535512
"ENSG00000164162",-0.0731838228179616,0.024975024975025,0.0503016340120413
"ENSG00000164163",-0.0877825929694332,0.00999000999000999,0.0329382551604774
"ENSG00000164164",-0.0510331197468347,0.004995004995005,0.0309698899552726
"ENSG00000164167",-0.0375654231322513,0.044955044955045,0.0755305089151028
"ENSG00000164168",0.00377156763966503,0.688311688311688,0.730301921967853
"ENSG00000164169",-0.0452078617507993,0.00999000999000999,0.0329382551604774
"ENSG00000164172",-0.0929104352311067,0.00599400599400599,0.0309698899552726
"ENSG00000164180",-0.0598806172219036,0.013986013986014,0.0370555370555371
"ENSG00000164181",0.0186933699869057,0.383616383616384,0.443682195967828
"ENSG00000164187",-0.0325245658648365,0.018981018981019,0.0430078970802953
"ENSG00000164190",0.0449553748194537,0.00599400599400599,0.0309698899552726
"ENSG00000164209",-0.050946038087003,0.021978021978022,0.0464939039133723
"ENSG00000164211",-0.0807369248540681,0.02997002997003,0.0561377525217924
"ENSG00000164219",0.0184345636866266,0.120879120879121,0.166539639427407
"ENSG00000164221",-0.0276283891230093,0.251748251748252,0.309610160613026
"ENSG00000164241",-0.063091597517257,0.0579420579420579,0.0917937849126882
"ENSG00000164244",-0.0572187954242396,0.00699300699300699,0.0311612747652792
"ENSG00000164251",0.203474403775051,0.001998001998002,0.0309698899552726
"ENSG00000164252",-0.0251435785773551,0.0639360639360639,0.0989420057151193
"ENSG00000164253",-0.0239726329490574,0.0879120879120879,0.127615348777325
"ENSG00000164258",-0.138655819325422,0.010989010989011,0.0339239491564177
"ENSG00000164284",-0.075072031150917,0.016983016983017,0.0404964083535512
"ENSG00000164291",-0.0874819693425628,0.00599400599400599,0.0309698899552726
"ENSG00000164292",-0.0889661272484032,0.00999000999000999,0.0329382551604774
"ENSG00000164296",-0.0711031425218558,0.003996003996004,0.0309698899552726
"ENSG00000164300",-0.0521877991395322,0.024975024975025,0.0503016340120413
"ENSG00000164305",-0.0208885293284317,0.358641358641359,0.419316261129667
"ENSG00000164306",-0.0780112152006695,0.00699300699300699,0.0311612747652792
"ENSG00000164307",-0.0136674660932583,0.158841158841159,0.209108669838213
"ENSG00000164308",-0.0411969107388032,0.0689310689310689,0.104835938548923
"ENSG00000164323",-0.0679320013554554,0.00899100899100899,0.031668800133044
"ENSG00000164327",0.0943743863099352,0.004995004995005,0.0309698899552726
"ENSG00000164329",-0.00859359798097305,0.258741258741259,0.316977823399842
"ENSG00000164330",-0.0714864129103784,0.214785214785215,0.26983992382278
"ENSG00000164331",-0.0169022955775446,0.0919080919080919,0.132329154013592
"ENSG00000164332",0.0266619598346233,0.0819180819180819,0.120368200084547
"ENSG00000164338",-0.0784174749093988,0.00599400599400599,0.0309698899552726
"ENSG00000164346",-0.09347432605901,0.015984015984016,0.0392432899072327
"ENSG00000164347",-0.0304896545081226,0.0609390609390609,0.0952980656298809
"ENSG00000164366",-0.0468749332718225,0.013986013986014,0.0370555370555371
"ENSG00000164398",-0.0660240313016805,0.015984015984016,0.0392432899072327
"ENSG00000164405",-0.0908045820566775,0.021978021978022,0.0464939039133723
"ENSG00000164406",-0.0509754753934311,0.042957042957043,0.0729589799685899
"ENSG00000164414",-0.0766674639287838,0.0789210789210789,0.116778321407723
"ENSG00000164430",0.026705643544898,0.112887112887113,0.157241228868489
"ENSG00000164440",0.00269647927412767,0.855144855144855,0.877262558184453
"ENSG00000164442",-0.0112124155417632,0.268731268731269,0.327912720846014
"ENSG00000164463",0.0932667611222558,0.002997002997003,0.0309698899552726
"ENSG00000164465",-0.102797604156024,0.001998001998002,0.0309698899552726
"ENSG00000164466",-0.0562354702223695,0.00999000999000999,0.0329382551604774
"ENSG00000164483",-0.0579366851972399,0.0949050949050949,0.136008756328337
"ENSG00000164494",-0.0388292675707355,0.034965034965035,0.0627459743481843
"ENSG00000164506",0.0958238640685152,0.00899100899100899,0.031668800133044
"ENSG00000164530",-0.0111221308547358,0.654345654345654,0.70007353992042
"ENSG00000164535",0.0283374445893414,0.051948051948052,0.084286713691331
"ENSG00000164543",0.00963047683279337,0.41958041958042,0.479144572645143
"ENSG00000164548",0.0234445748693185,0.036963036963037,0.0654036775944903
"ENSG00000164574",-0.00839578241119909,0.566433566433566,0.618517045375123
"ENSG00000164576",0.0417912704646656,0.011988011988012,0.0350284289015142
"ENSG00000164587",-0.103249460490196,0.00799200799200799,0.0313472428354935
"ENSG00000164597",-0.0423586420733783,0.000999000999000999,0.0309698899552726
"ENSG00000164603",0.0548262550593704,0.015984015984016,0.0392432899072327
"ENSG00000164609",0.0284946141575121,0.177822177822178,0.229866293757872
"ENSG00000164610",-0.0412305220778224,0.0969030969030969,0.138393513794583
"ENSG00000164615",-0.0351015836756065,0.0809190809190809,0.119235595204207
"ENSG00000164620",-0.0304650098281987,0.004995004995005,0.0309698899552726
"ENSG00000164631",-0.0274855784766358,0.103896103896104,0.146724251072077
"ENSG00000164649",-0.0313457617333979,0.433566433566434,0.492821469649239
"ENSG00000164654",-0.0438236086792686,0.016983016983017,0.0404964083535512
"ENSG00000164659",-0.0936295577732959,0.017982017982018,0.0417277258366272
"ENSG00000164663",0.0430906892749962,0.014985014985015,0.0380820279318905
"ENSG00000164674",0.0767918899807044,0.014985014985015,0.0380820279318905
"ENSG00000164691",0.103037350016094,0.002997002997003,0.0309698899552726
"ENSG00000164713",0.136856860586902,0.001998001998002,0.0309698899552726
"ENSG00000164715",0.129656570996928,0.003996003996004,0.0309698899552726
"ENSG00000164733",0.055256938156993,0.0709290709290709,0.107142480445648
"ENSG00000164751",-0.0416332120592849,0.02997002997003,0.0561377525217924
"ENSG00000164754",0.0456852001292025,0.00599400599400599,0.0309698899552726
"ENSG00000164758",0.0203752965700372,0.195804195804196,0.249435533726397
"ENSG00000164808",-0.0123202193701438,0.261738261738262,0.320127257232895
"ENSG00000164815",-0.0623016634018423,0.016983016983017,0.0404964083535512
"ENSG00000164818",-0.0388979571696209,0.027972027972028,0.0538126832348059
"ENSG00000164823",0.129783527738988,0.00799200799200799,0.0313472428354935
"ENSG00000164828",-0.0669377257061287,0.001998001998002,0.0309698899552726
"ENSG00000164830",-0.0282620221738651,0.0909090909090909,0.131142174354274
"ENSG00000164849",0.0311646315411434,0.398601398601399,0.458279116846035
"ENSG00000164880",0.0104959761669295,0.592407592407592,0.642153372919135
"ENSG00000164885",-0.0115134232472649,0.463536463536464,0.522244419122642
"ENSG00000164889",-0.00391907035255144,0.823176823176823,0.849981876530549
"ENSG00000164896",-0.0427427159266484,0.002997002997003,0.0309698899552726
"ENSG00000164897",0.00751924279437283,0.481518481518482,0.539218143019858
"ENSG00000164902",-0.0548334853565002,0.017982017982018,0.0417277258366272
"ENSG00000164916",-0.0248908202042946,0.230769230769231,0.286802959191791
"ENSG00000164919",-0.149526356776165,0.011988011988012,0.0350284289015142
"ENSG00000164924",0.0477509759778722,0.001998001998002,0.0309698899552726
"ENSG00000164930",-0.0936317612163002,0.024975024975025,0.0503016340120413
"ENSG00000164933",-0.0631650704191538,0.003996003996004,0.0309698899552726
"ENSG00000164934",-0.070859707748713,0.015984015984016,0.0392432899072327
"ENSG00000164938",0.120127930941438,0.004995004995005,0.0309698899552726
"ENSG00000164941",0.0108287267644267,0.251748251748252,0.309610160613026
"ENSG00000164944",-0.0105325232209075,0.12987012987013,0.176359233986353
"ENSG00000164951",-0.0328185673820874,0.103896103896104,0.146724251072077
"ENSG00000164953",-0.105386340489391,0.003996003996004,0.0309698899552726
"ENSG00000164961",-0.00276423431767309,0.784215784215784,0.815497559462256
"ENSG00000164967",-0.00212253881357608,0.629370629370629,0.676969142018815
"ENSG00000164970",0.0536138679217904,0.045954045954046,0.0767902842430095
"ENSG00000164975",-0.0540722622451633,0.011988011988012,0.0350284289015142
"ENSG00000164978",-0.0469909848405704,0.025974025974026,0.0514006000585945
"ENSG00000164983",0.00702930671369225,0.498501498501498,0.555699008347186
"ENSG00000164985",-0.0348555755504899,0.0659340659340659,0.101381218576715
"ENSG00000164989",-0.0448684816110453,0.105894105894106,0.149003086832381
"ENSG00000165006",0.101796549101116,0.004995004995005,0.0309698899552726
"ENSG00000165025",0.114464461866784,0.003996003996004,0.0309698899552726
"ENSG00000165029",0.227728255505126,0.002997002997003,0.0309698899552726
"ENSG00000165030",0.207110478324368,0.003996003996004,0.0309698899552726
"ENSG00000165046",0.154185430454303,0.00999000999000999,0.0329382551604774
"ENSG00000165055",-0.0523053262600684,0.012987012987013,0.0360623664690208
"ENSG00000165060",-0.0601470013274035,0.003996003996004,0.0309698899552726
"ENSG00000165071",0.108411488352795,0.00999000999000999,0.0329382551604774
"ENSG00000165092",0.0245619423675706,0.564435564435564,0.616783652790199
"ENSG00000165097",0.0562457917152244,0.0609390609390609,0.0952980656298809
"ENSG00000165102",0.00804922461480887,0.520479520479521,0.576668468435777
"ENSG00000165113",-0.0699211490612852,0.02997002997003,0.0561377525217924
"ENSG00000165115",0.15729431754555,0.00799200799200799,0.0313472428354935
"ENSG00000165118",0.0251425796013802,0.144855144855145,0.193580466014581
"ENSG00000165119",0.0566958563455728,0.003996003996004,0.0309698899552726
"ENSG00000165121",-0.0678436594697115,0.018981018981019,0.0430078970802953
"ENSG00000165138",-0.0741347289197712,0.01998001998002,0.044196554411905
"ENSG00000165140",0.033557435133701,0.302697302697303,0.362765873934601
"ENSG00000165156",-0.0411754035671994,0.03996003996004,0.0691988127146629
"ENSG00000165168",0.0187940653628532,0.583416583416583,0.634123225061093
"ENSG00000165169",-0.0798741313911933,0.044955044955045,0.0755305089151028
"ENSG00000165175",0.126485396397031,0.00799200799200799,0.0313472428354935
"ENSG00000165178",0.188969045385126,0.002997002997003,0.0309698899552726
"ENSG00000165185",0.00663301754377605,0.445554445554446,0.504539086655359
"ENSG00000165195",-0.00803162075852683,0.457542457542458,0.516411087034678
"ENSG00000165209",-0.0704958083605583,0.0819180819180819,0.120368200084547
"ENSG00000165219",0.0414932277338868,0.004995004995005,0.0309698899552726
"ENSG00000165233",0.0562022807352729,0.010989010989011,0.0339239491564177
"ENSG00000165240",0.0593754202172861,0.00699300699300699,0.0311612747652792
"ENSG00000165244",-0.0367413358703869,0.017982017982018,0.0417277258366272
"ENSG00000165259",-0.0413098633081397,0.114885114885115,0.159561921956467
"ENSG00000165264",0.0893143908372523,0.00899100899100899,0.031668800133044
"ENSG00000165271",-0.0429653409635514,0.012987012987013,0.0360623664690208
"ENSG00000165272",-0.0855849175627079,0.004995004995005,0.0309698899552726
"ENSG00000165275",-0.0462922259535766,0.00599400599400599,0.0309698899552726
"ENSG00000165280",0.0585236734102825,0.014985014985015,0.0380820279318905
"ENSG00000165282",-0.0329374903676962,0.0959040959040959,0.137195027327154
"ENSG00000165283",-0.0178715427861093,0.051948051948052,0.084286713691331
"ENSG00000165288",0.0751415829213287,0.00599400599400599,0.0309698899552726
"ENSG00000165312",0.0409310676545042,0.026973026973027,0.0526151336084788
"ENSG00000165322",-0.0546616143422172,0.023976023976024,0.0489374755679103
"ENSG00000165338",-0.0871477692774208,0.0679320679320679,0.103657642509852
"ENSG00000165355",0.0613285673491707,0.002997002997003,0.0309698899552726
"ENSG00000165359",-0.0467049311495161,0.002997002997003,0.0309698899552726
"ENSG00000165389",-0.0107248034610363,0.7002997002997,0.740993290914052
"ENSG00000165392",-0.0515749218833291,0.00899100899100899,0.031668800133044
"ENSG00000165406",0.0359304560764126,0.250749250749251,0.308634217073381
"ENSG00000165410",-0.073231148505802,0.0729270729270729,0.10954100267936
"ENSG00000165416",-0.0583248421463441,0.00599400599400599,0.0309698899552726
"ENSG00000165417",0.0141887194165606,0.048951048951049,0.0806102639481647
"ENSG00000165424",0.0310021812531878,0.11988011988012,0.165390802516276
"ENSG00000165434",-0.0490354307383812,0.014985014985015,0.0380820279318905
"ENSG00000165458",0.0364993533680439,0.125874125874126,0.171884472759373
"ENSG00000165475",-0.03811175987652,0.022977022977023,0.0478078016166659
"ENSG00000165476",-0.0198584915580604,0.341658341658342,0.402396114273809
"ENSG00000165480",-0.0460398238207742,0.22977022977023,0.285768252238293
"ENSG00000165487",-0.0158067482250447,0.255744255744256,0.314010468485336
"ENSG00000165490",0.0591893420598023,0.023976023976024,0.0489374755679103
"ENSG00000165494",0.0216802421091747,0.014985014985015,0.0380820279318905
"ENSG00000165501",-0.0176219253537533,0.358641358641359,0.419316261129667
"ENSG00000165502",-0.0219531508363919,0.182817182817183,0.23531079609049
"ENSG00000165506",-0.0772812285081701,0.016983016983017,0.0404964083535512
"ENSG00000165512",-0.111042680348917,0.010989010989011,0.0339239491564177
"ENSG00000165516",-0.0476191622926142,0.004995004995005,0.0309698899552726
"ENSG00000165521",-0.115873449975909,0.001998001998002,0.0309698899552726
"ENSG00000165525",-0.0324232675923762,0.021978021978022,0.0464939039133723
"ENSG00000165526",-0.0607817692269074,0.003996003996004,0.0309698899552726
"ENSG00000165527",0.0106467492992329,0.181818181818182,0.234275856019182
"ENSG00000165533",-0.0488251251161623,0.002997002997003,0.0309698899552726
"ENSG00000165555",0.0952589644872783,0.010989010989011,0.0339239491564177
"ENSG00000165568",-0.0291392690301313,0.265734265734266,0.324585263298547
"ENSG00000165572",-0.0486729665479015,0.023976023976024,0.0489374755679103
"ENSG00000165591",-0.114679055826332,0.004995004995005,0.0309698899552726
"ENSG00000165609",0.0787832470868242,0.004995004995005,0.0309698899552726
"ENSG00000165617",-0.143323536336196,0.0609390609390609,0.0952980656298809
"ENSG00000165626",0.226272619257557,0.00699300699300699,0.0311612747652792
"ENSG00000165629",-0.0803965527347909,0.036963036963037,0.0654036775944903
"ENSG00000165630",0.00747052516434054,0.30969030969031,0.370149989244967
"ENSG00000165632",-0.036945121066271,0.035964035964036,0.0640509460900688
"ENSG00000165637",-0.0216421468030295,0.022977022977023,0.0478078016166659
"ENSG00000165644",-0.0316190897977014,0.0639360639360639,0.0989420057151193
"ENSG00000165646",0.0799118909106505,0.042957042957043,0.0729589799685899
"ENSG00000165650",0.0950332183023589,0.004995004995005,0.0309698899552726
"ENSG00000165660",-0.0174052725247154,0.22977022977023,0.285768252238293
"ENSG00000165661",-0.026279916271505,0.0849150849150849,0.123968597000667
"ENSG00000165669",-0.0232843909074839,0.0769230769230769,0.114541139692918
"ENSG00000165671",0.0352860649556892,0.010989010989011,0.0339239491564177
"ENSG00000165672",0.024169376737213,0.0779220779220779,0.115641829151338
"ENSG00000165675",-0.0391950684510824,0.024975024975025,0.0503016340120413
"ENSG00000165678",0.0433227497434921,0.00699300699300699,0.0311612747652792
"ENSG00000165682",-0.0511273593040773,0.00699300699300699,0.0311612747652792
"ENSG00000165684",0.00305786498660155,0.879120879120879,0.897720683598838
"ENSG00000165688",-0.0196197051608588,0.0529470529470529,0.0856186332504955
"ENSG00000165689",-0.0532766646837066,0.002997002997003,0.0309698899552726
"ENSG00000165699",0.00687213877736143,0.545454545454545,0.599476243920688
"ENSG00000165702",0.0733512725876829,0.022977022977023,0.0478078016166659
"ENSG00000165704",-0.0526678756321997,0.112887112887113,0.157241228868489
"ENSG00000165714",-0.0225000984605103,0.0789210789210789,0.116778321407723
"ENSG00000165724",-0.0452874364533366,0.014985014985015,0.0380820279318905
"ENSG00000165732",-0.0386654634135323,0.0549450549450549,0.0880322184148341
"ENSG00000165733",-0.0544770009735776,0.00899100899100899,0.031668800133044
"ENSG00000165752",-0.0123662887492935,0.415584415584416,0.47525868365149
"ENSG00000165775",-0.0582900268803096,0.00899100899100899,0.031668800133044
"ENSG00000165782",0.0118262775303225,0.0939060939060939,0.134753843171754
"ENSG00000165792",-0.0621711769331812,0.001998001998002,0.0309698899552726
"ENSG00000165795",-0.0567228788995122,0.038961038961039,0.0678698023240711
"ENSG00000165801",0.170726344452605,0.012987012987013,0.0360623664690208
"ENSG00000165802",-0.0438339581175976,0.038961038961039,0.0678698023240711
"ENSG00000165806",-0.0141225043133521,0.348651348651349,0.409108758845139
"ENSG00000165813",0.0466866863688635,0.01998001998002,0.044196554411905
"ENSG00000165819",-0.0571487504847984,0.001998001998002,0.0309698899552726
"ENSG00000165832",-0.0708693590797989,0.00599400599400599,0.0309698899552726
"ENSG00000165861",0.0621015130254023,0.00599400599400599,0.0309698899552726
"ENSG00000165879",0.170241112356159,0.00699300699300699,0.0311612747652792
"ENSG00000165886",0.161081880027253,0.00699300699300699,0.0311612747652792
"ENSG00000165895",-0.0906947205710991,0.011988011988012,0.0350284289015142
"ENSG00000165898",-0.0276802012607253,0.0899100899100899,0.130013170561841
"ENSG00000165914",0.0396627709926402,0.0879120879120879,0.127615348777325
"ENSG00000165915",-0.0093589016639769,0.460539460539461,0.519500960837548
"ENSG00000165916",-0.0253492988124651,0.132867132867133,0.179819504819505
"ENSG00000165929",-0.0964795492368499,0.00599400599400599,0.0309698899552726
"ENSG00000165934",0.000691747666864845,0.945054945054945,0.953304543366655
"ENSG00000165943",-0.0276881954844386,0.00899100899100899,0.031668800133044
"ENSG00000165959",0.0427658575883097,0.0779220779220779,0.115641829151338
"ENSG00000165983",-0.0579112117644211,0.00799200799200799,0.0313472428354935
"ENSG00000165997",-0.0217107591574095,0.234765234765235,0.291377526738469
"ENSG00000166002",0.0343867894569911,0.230769230769231,0.286802959191791
"ENSG00000166004",0.00645688065755843,0.381618381618382,0.441753969397969
"ENSG00000166012",-0.0206144696276427,0.326673326673327,0.387404779944744
"ENSG00000166024",0.0111256693290371,0.176823176823177,0.228796397401049
"ENSG00000166025",-0.0109556670433092,0.597402597402597,0.646809406809407
"ENSG00000166037",-0.0651664938125045,0.013986013986014,0.0370555370555371
"ENSG00000166046",0.0827086781315963,0.010989010989011,0.0339239491564177
"ENSG00000166068",-0.0599058965654633,0.045954045954046,0.0767902842430095
"ENSG00000166086",-0.00713478453603039,0.621378621378621,0.66957126080232
"ENSG00000166091",0.0846295590426474,0.016983016983017,0.0404964083535512
"ENSG00000166128",0.0555251234921289,0.014985014985015,0.0380820279318905
"ENSG00000166130",0.158302542224958,0.00599400599400599,0.0309698899552726
"ENSG00000166133",-0.0504443535085671,0.032967032967033,0.0601301870083172
"ENSG00000166135",0.030415165306481,0.012987012987013,0.0360623664690208
"ENSG00000166136",-0.0495187802468302,0.003996003996004,0.0309698899552726
"ENSG00000166140",-0.0230785377496704,0.047952047952048,0.0794112873484515
"ENSG00000166145",0.0789067996025442,0.025974025974026,0.0514006000585945
"ENSG00000166164",-0.0160684001943125,0.043956043956044,0.0742673606444167
"ENSG00000166166",-0.046862453359423,0.013986013986014,0.0370555370555371
"ENSG00000166167",-0.0527396299980059,0.001998001998002,0.0309698899552726
"ENSG00000166169",0.00611368221056943,0.774225774225774,0.806714527019712
"ENSG00000166170",-0.000849181302452987,0.924075924075924,0.93575534677658
"ENSG00000166171",-0.00830228342868178,0.737262737262737,0.77363342149861
"ENSG00000166181",-0.054396390050683,0.00599400599400599,0.0309698899552726
"ENSG00000166188",0.0774673513661826,0.00699300699300699,0.0311612747652792
"ENSG00000166189",0.0285977890991839,0.030969030969031,0.0574804346232918
"ENSG00000166197",-0.0349245192710351,0.0799200799200799,0.118024025618029
"ENSG00000166199",-0.0639583589083459,0.003996003996004,0.0309698899552726
"ENSG00000166200",-0.0704392842008303,0.0539460539460539,0.0868019381876659
"ENSG00000166224",0.0397305337066561,0.015984015984016,0.0392432899072327
"ENSG00000166225",-0.00887316774547863,0.232767232767233,0.289076842347484
"ENSG00000166226",-0.0907715237707307,0.010989010989011,0.0339239491564177
"ENSG00000166228",-0.0615202265281302,0.014985014985015,0.0380820279318905
"ENSG00000166233",0.00489955379730626,0.365634365634366,0.426165629540666
"ENSG00000166260",-0.0732504987086613,0.011988011988012,0.0350284289015142
"ENSG00000166261",-0.0557745223597303,0.003996003996004,0.0309698899552726
"ENSG00000166262",-0.0980809115452078,0.011988011988012,0.0350284289015142
"ENSG00000166263",-0.0726052267406562,0.014985014985015,0.0380820279318905
"ENSG00000166266",-0.0683724302094584,0.012987012987013,0.0360623664690208
"ENSG00000166272",0.0826610677101715,0.002997002997003,0.0309698899552726
"ENSG00000166275",-0.0494186296575208,0.12987012987013,0.176359233986353
"ENSG00000166295",-0.0426498390400275,0.00699300699300699,0.0311612747652792
"ENSG00000166311",-0.00180190528301992,0.912087912087912,0.925800044550044
"ENSG00000166313",-0.0784675703431898,0.02997002997003,0.0561377525217924
"ENSG00000166321",-0.0522346395742553,0.014985014985015,0.0380820279318905
"ENSG00000166326",-0.0423685998221323,0.00899100899100899,0.031668800133044
"ENSG00000166333",0.0490956223025479,0.034965034965035,0.0627459743481843
"ENSG00000166337",0.0440590270077774,0.000999000999000999,0.0309698899552726
"ENSG00000166340",0.0278452796474902,0.377622377622378,0.437971987479804
"ENSG00000166341",-0.0906401321872734,0.0859140859140859,0.125168564009636
"ENSG00000166343",-0.010034832783868,0.271728271728272,0.330964869730452
"ENSG00000166347",-0.0642231524751,0.00899100899100899,0.031668800133044
"ENSG00000166348",-0.0435512002062285,0.037962037962038,0.0665831541488284
"ENSG00000166377",-0.0350571448511192,0.025974025974026,0.0514006000585945
"ENSG00000166387",0.0209502204102909,0.020979020979021,0.0454117208439975
"ENSG00000166398",-0.012200924167633,0.341658341658342,0.402396114273809
"ENSG00000166401",0.0165705564683792,0.435564435564436,0.494858516412686
"ENSG00000166405",-0.0903848943806335,0.015984015984016,0.0392432899072327
"ENSG00000166411",-0.0375251260545289,0.02997002997003,0.0561377525217924
"ENSG00000166428",-0.0166244385169359,0.588411588411588,0.638628237111033
"ENSG00000166432",-0.0694110269184875,0.002997002997003,0.0309698899552726
"ENSG00000166435",0.0191315211434979,0.370629370629371,0.431193008346929
"ENSG00000166436",-0.0410532777496,0.114885114885115,0.159561921956467
"ENSG00000166439",0.0963406235102907,0.002997002997003,0.0309698899552726
"ENSG00000166441",-0.101236220388381,0.018981018981019,0.0430078970802953
"ENSG00000166446",-0.0356964310047855,0.013986013986014,0.0370555370555371
"ENSG00000166452",-0.0314452579881853,0.0539460539460539,0.0868019381876659
"ENSG00000166454",-0.0373094200983638,0.00999000999000999,0.0329382551604774
"ENSG00000166471",-0.0292011138240224,0.012987012987013,0.0360623664690208
"ENSG00000166477",-0.0389648583773432,0.010989010989011,0.0339239491564177
"ENSG00000166478",0.042652566545451,0.004995004995005,0.0309698899552726
"ENSG00000166479",-0.0533990563737914,0.020979020979021,0.0454117208439975
"ENSG00000166483",-0.0312268576702121,0.16983016983017,0.221009093775742
"ENSG00000166484",-0.00508629096530895,0.781218781218781,0.813154972517522
"ENSG00000166501",0.0965283177463525,0.001998001998002,0.0309698899552726
"ENSG00000166503",-0.108007228870689,0.021978021978022,0.0464939039133723
"ENSG00000166508",-0.0371925525965291,0.004995004995005,0.0309698899552726
"ENSG00000166523",0.195175122204419,0.004995004995005,0.0309698899552726
"ENSG00000166526",-0.0144496615545373,0.121878121878122,0.167493569894942
"ENSG00000166527",0.120712457237476,0.015984015984016,0.0392432899072327
"ENSG00000166529",-0.0337952680335132,0.012987012987013,0.0360623664690208
"ENSG00000166532",-0.0827949528491058,0.00599400599400599,0.0309698899552726
"ENSG00000166548",0.0524361659635205,0.00799200799200799,0.0313472428354935
"ENSG00000166557",-0.0413246097391701,0.016983016983017,0.0404964083535512
"ENSG00000166562",-0.0903795004485058,0.015984015984016,0.0392432899072327
"ENSG00000166575",-0.0603770982837467,0.01998001998002,0.044196554411905
"ENSG00000166579",0.155125357767125,0.003996003996004,0.0309698899552726
"ENSG00000166582",-0.0848936575199676,0.003996003996004,0.0309698899552726
"ENSG00000166595",-0.0435927648749759,0.00999000999000999,0.0329382551604774
"ENSG00000166598",-0.0347770128861564,0.023976023976024,0.0489374755679103
"ENSG00000166619",0.00431246543902651,0.564435564435564,0.616783652790199
"ENSG00000166669",-0.0921432260375172,0.003996003996004,0.0309698899552726
"ENSG00000166681",-0.0179731346983531,0.313686313686314,0.37429330002801
"ENSG00000166685",-0.00688945466086481,0.453546453546454,0.512574880451503
"ENSG00000166704",-0.0428404201420073,0.00899100899100899,0.031668800133044
"ENSG00000166707",-0.0657246685166033,0.0599400599400599,0.0941400470935233
"ENSG00000166710",0.0215260639798922,0.533466533466533,0.588453492354364
"ENSG00000166716",0.0823363565387863,0.00999000999000999,0.0329382551604774
"ENSG00000166734",0.0392197962951826,0.034965034965035,0.0627459743481843
"ENSG00000166747",0.0532471757254442,0.001998001998002,0.0309698899552726
"ENSG00000166750",-0.0619191348169371,0.00999000999000999,0.0329382551604774
"ENSG00000166762",-0.0871039013700184,0.00999000999000999,0.0329382551604774
"ENSG00000166783",0.0627401688949319,0.017982017982018,0.0417277258366272
"ENSG00000166788",-0.0676125496564606,0.004995004995005,0.0309698899552726
"ENSG00000166794",0.0053649068965583,0.555444555444555,0.60834162647705
"ENSG00000166797",-0.0398778230402725,0.205794205794206,0.260203552365572
"ENSG00000166801",0.00288695345157462,0.727272727272727,0.7643518702548
"ENSG00000166822",-0.0146529639847206,0.0799200799200799,0.118024025618029
"ENSG00000166825",0.221331956793814,0.00699300699300699,0.0311612747652792
"ENSG00000166839",0.0310145176080125,0.271728271728272,0.330964869730452
"ENSG00000166845",-0.0570810997911098,0.040959040959041,0.0705122123257061
"ENSG00000166847",-0.0117519404524509,0.220779220779221,0.276301642749628
"ENSG00000166848",0.0271808227419955,0.00799200799200799,0.0313472428354935
"ENSG00000166855",0.00797899078348877,0.170829170829171,0.222164806300722
"ENSG00000166860",-0.0495160174671447,0.00599400599400599,0.0309698899552726
"ENSG00000166881",-0.0560735542606715,0.011988011988012,0.0350284289015142
"ENSG00000166886",-0.029612992562355,0.105894105894106,0.149003086832381
"ENSG00000166887",0.0543496566645149,0.010989010989011,0.0339239491564177
"ENSG00000166888",0.10647109971065,0.00599400599400599,0.0309698899552726
"ENSG00000166889",0.0860355826643269,0.003996003996004,0.0309698899552726
"ENSG00000166896",-0.0961028466262089,0.011988011988012,0.0350284289015142
"ENSG00000166900",0.200007806425389,0.004995004995005,0.0309698899552726
"ENSG00000166902",-0.0363990319858248,0.014985014985015,0.0380820279318905
"ENSG00000166908",0.0528641557462785,0.013986013986014,0.0370555370555371
"ENSG00000166912",0.108651718161456,0.004995004995005,0.0309698899552726
"ENSG00000166913",0.0472394521510583,0.011988011988012,0.0350284289015142
"ENSG00000166925",0.0985557129182168,0.00799200799200799,0.0313472428354935
"ENSG00000166927",-0.044534759221475,0.226773226773227,0.282655117129293
"ENSG00000166928",0.00836583097098272,0.757242757242757,0.791007688530505
"ENSG00000166938",-0.0570783753544635,0.004995004995005,0.0309698899552726
"ENSG00000166946",0.0655803020147558,0.003996003996004,0.0309698899552726
"ENSG00000166947",0.0468600056305849,0.131868131868132,0.178628404958432
"ENSG00000166949",-0.0530866485458106,0.00899100899100899,0.031668800133044
"ENSG00000166963",0.0464179665217595,0.0589410589410589,0.0929842014116102
"ENSG00000166965",-0.0245546748048172,0.182817182817183,0.23531079609049
"ENSG00000166971",0.0187003247070949,0.32967032967033,0.390342662263845
"ENSG00000166974",-0.0103880638185764,0.308691308691309,0.369029359181552
"ENSG00000166979",-0.0440453753934615,0.0949050949050949,0.136008756328337
"ENSG00000166986",0.0533194423713434,0.013986013986014,0.0370555370555371
"ENSG00000166987",0.113973737172586,0.013986013986014,0.0370555370555371
"ENSG00000166997",-0.0597928453455501,0.001998001998002,0.0309698899552726
"ENSG00000167004",-0.0233477060506538,0.0539460539460539,0.0868019381876659
"ENSG00000167005",-0.0484626731633613,0.032967032967033,0.0601301870083172
"ENSG00000167037",-0.0075001062946426,0.837162837162837,0.861757856704323
"ENSG00000167065",0.0811912237891479,0.00799200799200799,0.0313472428354935
"ENSG00000167074",-0.0322003659917326,0.0649350649350649,0.100075610462889
"ENSG00000167077",-0.0601559853891862,0.00599400599400599,0.0309698899552726
"ENSG00000167081",-0.045952495561079,0.004995004995005,0.0309698899552726
"ENSG00000167083",-0.0679075567884245,0.0529470529470529,0.0856186332504955
"ENSG00000167085",-0.0536571207859695,0.003996003996004,0.0309698899552726
"ENSG00000167088",-0.0956131874059822,0.015984015984016,0.0392432899072327
"ENSG00000167094",-0.0620483947765498,0.153846153846154,0.20355863447353
"ENSG00000167106",-0.100567016798596,0.012987012987013,0.0360623664690208
"ENSG00000167107",-0.0501594402411493,0.0669330669330669,0.102576077327416
"ENSG00000167110",0.0832560998500447,0.011988011988012,0.0350284289015142
"ENSG00000167112",-0.0520156605637428,0.000999000999000999,0.0309698899552726
"ENSG00000167113",-0.0570755236348296,0.002997002997003,0.0309698899552726
"ENSG00000167114",-0.0106727821680271,0.510489510489511,0.566854193575066
"ENSG00000167118",-0.0128771294909087,0.295704295704296,0.355946937677707
"ENSG00000167130",-0.0115990770502783,0.256743256743257,0.315011787599843
"ENSG00000167136",-0.0493838668418868,0.000999000999000999,0.0309698899552726
"ENSG00000167173",0.133655636855367,0.012987012987013,0.0360623664690208
"ENSG00000167186",0.0194992519530179,0.022977022977023,0.0478078016166659
"ENSG00000167193",0.0994274936816164,0.002997002997003,0.0309698899552726
"ENSG00000167196",-0.0495473602312745,0.012987012987013,0.0360623664690208
"ENSG00000167202",0.0274390112998613,0.04995004995005,0.0818292939339832
"ENSG00000167208",0.0486604036793567,0.00799200799200799,0.0313472428354935
"ENSG00000167210",0.0919632803512723,0.0649350649350649,0.100075610462889
"ENSG00000167220",-0.0379176279891243,0.026973026973027,0.0526151336084788
"ENSG00000167232",-0.0991687116056174,0.00799200799200799,0.0313472428354935
"ENSG00000167257",-0.0302857174117997,0.045954045954046,0.0767902842430095
"ENSG00000167258",0.00430497170388806,0.556443556443556,0.609269192906219
"ENSG00000167264",0.0199457516631882,0.161838161838162,0.212240400367856
"ENSG00000167272",-0.100650922066242,0.001998001998002,0.0309698899552726
"ENSG00000167280",-0.045846453485131,0.00799200799200799,0.0313472428354935
"ENSG00000167283",-0.0698018599565395,0.033966033966034,0.0614579638969883
"ENSG00000167302",0.034711428073963,0.0639360639360639,0.0989420057151193
"ENSG00000167315",-0.0383715214084728,0.0789210789210789,0.116778321407723
"ENSG00000167323",0.0315116877941751,0.106893106893107,0.150232880205983
"ENSG00000167325",-0.0509476631281335,0.010989010989011,0.0339239491564177
"ENSG00000167333",-0.0314640943469921,0.025974025974026,0.0514006000585945
"ENSG00000167377",-0.0546834743543053,0.030969030969031,0.0574804346232918
"ENSG00000167378",0.00860052370605679,0.176823176823177,0.228796397401049
"ENSG00000167380",-0.048622740860987,0.035964035964036,0.0640509460900688
"ENSG00000167384",-0.0346366967402249,0.028971028971029,0.0550211482575579
"ENSG00000167394",0.0101154138041079,0.382617382617383,0.442739813623696
"ENSG00000167395",0.0920278568000789,0.00699300699300699,0.0311612747652792
"ENSG00000167397",0.00235746154677217,0.843156843156843,0.866962606182319
"ENSG00000167434",0.298600062532023,0.003996003996004,0.0309698899552726
"ENSG00000167447",-0.00986354418860907,0.148851148851149,0.198281213355476
"ENSG00000167460",0.0540261547653322,0.000999000999000999,0.0309698899552726
"ENSG00000167461",0.0716905134137237,0.001998001998002,0.0309698899552726
"ENSG00000167468",0.00199633612518211,0.756243756243756,0.790376333814894
"ENSG00000167470",0.157561648003068,0.003996003996004,0.0309698899552726
"ENSG00000167483",-0.0400006722774988,0.440559440559441,0.499636062719954
"ENSG00000167491",0.0478668362958813,0.03996003996004,0.0691988127146629
"ENSG00000167508",-0.0121080558882299,0.55044955044955,0.604137232630383
"ENSG00000167515",-0.0440850147854752,0.00999000999000999,0.0329382551604774
"ENSG00000167522",0.0531972729173326,0.022977022977023,0.0478078016166659
"ENSG00000167523",-0.0194857671110225,0.121878121878122,0.167493569894942
"ENSG00000167525",-0.0068693887178111,0.456543456543457,0.515525628181834
"ENSG00000167526",-0.100872719937341,0.001998001998002,0.0309698899552726
"ENSG00000167528",0.095919864846878,0.00699300699300699,0.0311612747652792
"ENSG00000167536",0.189660516814475,0.004995004995005,0.0309698899552726
"ENSG00000167543",-0.0592478792409125,0.004995004995005,0.0309698899552726
"ENSG00000167548",0.0901629515890693,0.022977022977023,0.0478078016166659
"ENSG00000167552",0.182830373852037,0.003996003996004,0.0309698899552726
"ENSG00000167553",0.0487514243912662,0.011988011988012,0.0350284289015142
"ENSG00000167555",-0.0674945063638409,0.00899100899100899,0.031668800133044
"ENSG00000167562",0.0257801846506882,0.206793206793207,0.261384177454855
"ENSG00000167565",0.0787264899143268,0.00699300699300699,0.0311612747652792
"ENSG00000167566",0.00329073903294534,0.882117882117882,0.900245644301351
"ENSG00000167578",0.0658680330575778,0.001998001998002,0.0309698899552726
"ENSG00000167604",0.0416346225470762,0.025974025974026,0.0514006000585945
"ENSG00000167613",-0.0359324951513385,0.03996003996004,0.0691988127146629
"ENSG00000167615",-0.0261598497372421,0.318681318681319,0.379499810534293
"ENSG00000167625",-0.0583638611816491,0.004995004995005,0.0309698899552726
"ENSG00000167632",0.0115996193119458,0.461538461538462,0.520481301564158
"ENSG00000167635",-0.0654915537783724,0.015984015984016,0.0392432899072327
"ENSG00000167637",-0.0615115120343003,0.012987012987013,0.0360623664690208
"ENSG00000167642",0.00720214273395375,0.672327672327672,0.716251570431164
"ENSG00000167645",-0.00507743438811275,0.761238761238761,0.794353341370794
"ENSG00000167657",0.0524892281801787,0.033966033966034,0.0614579638969883
"ENSG00000167658",-0.027253273796696,0.132867132867133,0.179819504819505
"ENSG00000167664",-0.108651881130128,0.00699300699300699,0.0311612747652792
"ENSG00000167670",-0.004902716322935,0.796203796203796,0.826247925289459
"ENSG00000167671",0.0506526819841332,0.0549450549450549,0.0880322184148341
"ENSG00000167674",0.0464993787018605,0.021978021978022,0.0464939039133723
"ENSG00000167676",0.240668278099076,0.00599400599400599,0.0309698899552726
"ENSG00000167685",-0.0433488816465347,0.0549450549450549,0.0880322184148341
"ENSG00000167699",-0.0536895716840785,0.011988011988012,0.0350284289015142
"ENSG00000167700",-0.0230549743573277,0.104895104895105,0.147874412977052
"ENSG00000167702",-0.0617692059242961,0.00999000999000999,0.0329382551604774
"ENSG00000167703",0.183482148179425,0.003996003996004,0.0309698899552726
"ENSG00000167705",0.0636981806397178,0.0539460539460539,0.0868019381876659
"ENSG00000167716",-0.0187412145591142,0.363636363636364,0.424248307754763
"ENSG00000167721",-0.0588031208456144,0.00699300699300699,0.0311612747652792
"ENSG00000167740",-0.00487572294671303,0.422577422577423,0.482063167018079
"ENSG00000167747",-0.0668221094296403,0.00899100899100899,0.031668800133044
"ENSG00000167766",-0.1013510297038,0.00799200799200799,0.0313472428354935
"ENSG00000167768",0.0426100797077494,0.152847152847153,0.20252669050905
"ENSG00000167770",0.0374338153133528,0.001998001998002,0.0309698899552726
"ENSG00000167775",-0.0656412413515536,0.013986013986014,0.0370555370555371
"ENSG00000167778",0.0462942790111789,0.013986013986014,0.0370555370555371
"ENSG00000167785",-0.0718889767500248,0.00699300699300699,0.0311612747652792
"ENSG00000167792",-0.0335259140306468,0.046953046953047,0.078144539299504
"ENSG00000167797",0.0140791033090656,0.374625374625375,0.435041815851556
"ENSG00000167815",0.000513262532566857,0.969030969030969,0.974545120151815
"ENSG00000167840",-0.0564111442993328,0.027972027972028,0.0538126832348059
"ENSG00000167842",-0.0568819341148512,0.027972027972028,0.0538126832348059
"ENSG00000167850",0.032679659510797,0.267732267732268,0.32682644932518
"ENSG00000167862",-0.0562929293670249,0.016983016983017,0.0404964083535512
"ENSG00000167863",-0.0412927713101879,0.030969030969031,0.0574804346232918
"ENSG00000167881",-0.013750668268893,0.281718281718282,0.341265024663876
"ENSG00000167895",-0.0587404489548552,0.00999000999000999,0.0329382551604774
"ENSG00000167904",-0.0475892879012191,0.033966033966034,0.0614579638969883
"ENSG00000167925",-0.0115653633527758,0.380619380619381,0.440894816027346
"ENSG00000167962",-0.0171839276109977,0.143856143856144,0.19243801612457
"ENSG00000167965",-0.0198894830211307,0.24975024975025,0.307719756151169
"ENSG00000167967",0.011289101515541,0.366633366633367,0.427081496578443
"ENSG00000167969",-0.0272436505221807,0.01998001998002,0.044196554411905
"ENSG00000167972",-0.0850453492249382,0.00799200799200799,0.0313472428354935
"ENSG00000167977",0.0423439513162788,0.033966033966034,0.0614579638969883
"ENSG00000167978",0.0154185197910745,0.4995004995005,0.556606119888457
"ENSG00000167981",-0.0165192659408509,0.164835164835165,0.215512294494018
"ENSG00000167984",-0.0668594824339486,0.004995004995005,0.0309698899552726
"ENSG00000167985",0.0354432434034804,0.00899100899100899,0.031668800133044
"ENSG00000167986",-0.00890029855513481,0.69030969030969,0.732034047308026
"ENSG00000167987",0.102679264861144,0.027972027972028,0.0538126832348059
"ENSG00000167995",0.188063523863595,0.00799200799200799,0.0313472428354935
"ENSG00000167996",0.12587355884097,0.002997002997003,0.0309698899552726
"ENSG00000168002",-0.0142855967673538,0.0629370629370629,0.0977484650268315
"ENSG00000168003",0.000825065547310933,0.976023976023976,0.979937856629586
"ENSG00000168005",-0.043998053503724,0.016983016983017,0.0404964083535512
"ENSG00000168010",0.143500899960953,0.012987012987013,0.0360623664690208
"ENSG00000168014",0.0275095105457191,0.013986013986014,0.0370555370555371
"ENSG00000168016",0.131685664293297,0.004995004995005,0.0309698899552726
"ENSG00000168026",-0.0041643749842339,0.71028971028971,0.749583925031765
"ENSG00000168028",-0.108409989038512,0.00699300699300699,0.0311612747652792
"ENSG00000168036",0.020732700603701,0.040959040959041,0.0705122123257061
"ENSG00000168038",-0.0464790014663632,0.000999000999000999,0.0309698899552726
"ENSG00000168040",0.0832502350208224,0.003996003996004,0.0309698899552726
"ENSG00000168056",-0.0673983584436639,0.028971028971029,0.0550211482575579
"ENSG00000168066",0.00478760891400059,0.717282717282717,0.755636719521713
"ENSG00000168071",0.112955433922433,0.00699300699300699,0.0311612747652792
"ENSG00000168090",-0.0142472273474116,0.164835164835165,0.215512294494018
"ENSG00000168092",0.0512867986067465,0.001998001998002,0.0309698899552726
"ENSG00000168096",-0.0676687733158877,0.002997002997003,0.0309698899552726
"ENSG00000168101",0.00930424760373931,0.310689310689311,0.371196355091374
"ENSG00000168116",-0.0794278287836171,0.043956043956044,0.0742673606444167
"ENSG00000168118",-0.0405566708305378,0.012987012987013,0.0360623664690208
"ENSG00000168137",0.00467996540878772,0.684315684315684,0.726575306485193
"ENSG00000168152",-0.052942519641325,0.154845154845155,0.204565139158961
"ENSG00000168159",-0.0143554090634213,0.48951048951049,0.54704640719147
"ENSG00000168172",-0.00591395245907639,0.55044955044955,0.604137232630383
"ENSG00000168175",-0.0113692509172064,0.250749250749251,0.308634217073381
"ENSG00000168209",-0.0316326003673502,0.130869130869131,0.17743515509761
"ENSG00000168214",0.101349791883608,0.004995004995005,0.0309698899552726
"ENSG00000168216",0.0482357149706924,0.031968031968032,0.0588078690022667
"ENSG00000168228",-0.0626351710539146,0.00599400599400599,0.0309698899552726
"ENSG00000168234",-0.0880668351902793,0.001998001998002,0.0309698899552726
"ENSG00000168237",-0.00223834155137947,0.855144855144855,0.877262558184453
"ENSG00000168242",-0.0603700096076694,0.040959040959041,0.0705122123257061
"ENSG00000168246",-0.0344711369484293,0.0699300699300699,0.105979770544714
"ENSG00000168255",0.0166302469015136,0.300699300699301,0.360695098892524
"ENSG00000168256",0.0360088871808442,0.024975024975025,0.0503016340120413
"ENSG00000168259",-0.00678020888649017,0.214785214785215,0.26983992382278
"ENSG00000168264",-0.0261742310667605,0.011988011988012,0.0350284289015142
"ENSG00000168273",-0.087330863859702,0.003996003996004,0.0309698899552726
"ENSG00000168275",-0.0454140827974746,0.176823176823177,0.228796397401049
"ENSG00000168280",-0.101468278063085,0.00599400599400599,0.0309698899552726
"ENSG00000168282",-0.0166563874574345,0.0979020979020979,0.139704038540419
"ENSG00000168283",-0.0904529692684822,0.00799200799200799,0.0313472428354935
"ENSG00000168286",-0.0330457525772601,0.00899100899100899,0.031668800133044
"ENSG00000168288",0.0400894671792261,0.026973026973027,0.0526151336084788
"ENSG00000168291",-0.0245475808859626,0.013986013986014,0.0370555370555371
"ENSG00000168297",0.0961965710871128,0.001998001998002,0.0309698899552726
"ENSG00000168298",-0.0439184305170357,0.024975024975025,0.0503016340120413
"ENSG00000168300",0.0315596786894892,0.0989010989010989,0.140945500603985
"ENSG00000168301",-0.0379721919191132,0.014985014985015,0.0380820279318905
"ENSG00000168303",-0.0355486160311692,0.050949050949051,0.0830019919080513
"ENSG00000168310",0.116996618170626,0.003996003996004,0.0309698899552726
"ENSG00000168329",-0.029034451745089,0.527472527472527,0.582911708980675
"ENSG00000168374",0.04148643671787,0.002997002997003,0.0309698899552726
"ENSG00000168385",-0.000844838169434094,0.941058941058941,0.950470321341823
"ENSG00000168389",0.0496978755316524,0.0839160839160839,0.12274872158027
"ENSG00000168393",-0.0483092945539806,0.021978021978022,0.0464939039133723
"ENSG00000168395",-0.0416732822094811,0.022977022977023,0.0478078016166659
"ENSG00000168397",0.00687241386503348,0.500499500499501,0.557305938756879
"ENSG00000168404",0.0969156182661018,0.003996003996004,0.0309698899552726
"ENSG00000168405",-0.0654481716821873,0.000999000999000999,0.0309698899552726
"ENSG00000168411",0.00576935499919988,0.176823176823177,0.228796397401049
"ENSG00000168421",-0.0712123332780665,0.011988011988012,0.0350284289015142
"ENSG00000168434",-0.0151960887961828,0.192807192807193,0.246322615409466
"ENSG00000168438",-0.0148176899081611,0.173826173826174,0.225598591473321
"ENSG00000168439",-0.010144252545593,0.519480519480519,0.575773944767766
"ENSG00000168461",0.150336390996838,0.003996003996004,0.0309698899552726
"ENSG00000168476",0.0247652336024011,0.227772227772228,0.283664936100169
"ENSG00000168488",-0.0162637516259374,0.430569430569431,0.490063776549239
"ENSG00000168495",-0.0492727741094849,0.00599400599400599,0.0309698899552726
"ENSG00000168496",-0.0105718523456533,0.576423576423576,0.627885302407191
"ENSG00000168497",0.0408054363049047,0.0649350649350649,0.100075610462889
"ENSG00000168517",0.0232841448600082,0.108891108891109,0.152666046039821
"ENSG00000168522",-0.0187671572324385,0.216783216783217,0.272008843109282
"ENSG00000168538",-0.00618308736243063,0.531468531468531,0.586572578858372
"ENSG00000168556",0.00967597643239675,0.589410589410589,0.639481489892251
"ENSG00000168564",-0.0361400552164919,0.033966033966034,0.0614579638969883
"ENSG00000168566",-0.0142383665757311,0.36963036963037,0.430155687248744
"ENSG00000168569",-0.0557311202001088,0.015984015984016,0.0392432899072327
"ENSG00000168575",-0.051274047183064,0.00599400599400599,0.0309698899552726
"ENSG00000168591",0.0983025762726239,0.001998001998002,0.0309698899552726
"ENSG00000168610",0.155671091967702,0.003996003996004,0.0309698899552726
"ENSG00000168612",0.016124521714811,0.122877122877123,0.168577313097861
"ENSG00000168614",-0.0266233910732023,0.031968031968032,0.0588078690022667
"ENSG00000168615",0.0855140648891403,0.012987012987013,0.0360623664690208
"ENSG00000168646",-0.0945966779311079,0.038961038961039,0.0678698023240711
"ENSG00000168653",-0.110616607277985,0.017982017982018,0.0417277258366272
"ENSG00000168661",-0.076050460950781,0.044955044955045,0.0755305089151028
"ENSG00000168672",-0.0866166337479514,0.003996003996004,0.0309698899552726
"ENSG00000168675",-0.042006190645575,0.010989010989011,0.0339239491564177
"ENSG00000168701",0.00123932796685459,0.874125874125874,0.893607073430143
"ENSG00000168710",0.0238658197361858,0.0719280719280719,0.108379083303858
"ENSG00000168724",-0.0493865218073105,0.015984015984016,0.0392432899072327
"ENSG00000168734",-0.0504715245077183,0.150849150849151,0.20038743173484
"ENSG00000168758",-0.0445101035150981,0.0829170829170829,0.121538907488414
"ENSG00000168763",0.0287793915484973,0.125874125874126,0.171884472759373
"ENSG00000168765",-0.0345521609733003,0.205794205794206,0.260203552365572
"ENSG00000168769",0.141971350512389,0.002997002997003,0.0309698899552726
"ENSG00000168781",-0.060469708873052,0.00699300699300699,0.0311612747652792
"ENSG00000168785",0.00303795555359086,0.908091908091908,0.922523123537494
"ENSG00000168792",-0.0291706124283616,0.0929070929070929,0.133543528591968
"ENSG00000168795",-0.0562382550173426,0.010989010989011,0.0339239491564177
"ENSG00000168802",0.0228987023344555,0.025974025974026,0.0514006000585945
"ENSG00000168803",-0.0867452347267662,0.00899100899100899,0.031668800133044
"ENSG00000168806",-0.0586340466730913,0.00599400599400599,0.0309698899552726
"ENSG00000168807",0.0225726281042505,0.126873126873127,0.172953861021012
"ENSG00000168813",-0.0445599910931791,0.036963036963037,0.0654036775944903
"ENSG00000168818",-0.0474842662903577,0.012987012987013,0.0360623664690208
"ENSG00000168824",-0.0665426383816206,0.0669330669330669,0.102576077327416
"ENSG00000168826",0.0274491432784709,0.00699300699300699,0.0311612747652792
"ENSG00000168827",-0.0432741264797582,0.00999000999000999,0.0329382551604774
"ENSG00000168872",-0.0304782963215081,0.0679320679320679,0.103657642509852
"ENSG00000168876",-0.0421244968274486,0.142857142857143,0.191421244604431
"ENSG00000168883",0.00574151289426991,0.217782217782218,0.273091265996107
"ENSG00000168884",0.0324566419469202,0.004995004995005,0.0309698899552726
"ENSG00000168887",0.0414091417238028,0.003996003996004,0.0309698899552726
"ENSG00000168894",0.0243008460253533,0.050949050949051,0.0830019919080513
"ENSG00000168899",-0.0224820721374426,0.281718281718282,0.341265024663876
"ENSG00000168904",-0.0291353746996783,0.016983016983017,0.0404964083535512
"ENSG00000168906",-0.0290649233605731,0.041958041958042,0.0717489681633108
"ENSG00000168916",0.113371083723801,0.014985014985015,0.0380820279318905
"ENSG00000168918",0.0654927371614807,0.016983016983017,0.0404964083535512
"ENSG00000168924",-0.0169177511619733,0.307692307692308,0.36798150600519
"ENSG00000168936",-0.024532191341858,0.023976023976024,0.0489374755679103
"ENSG00000168944",-0.0354021417225347,0.00599400599400599,0.0309698899552726
"ENSG00000168958",-0.0101390549312517,0.361638361638362,0.422122166877412
"ENSG00000168961",0.0989110265612992,0.004995004995005,0.0309698899552726
"ENSG00000168970",-0.0458963792669285,0.012987012987013,0.0360623664690208
"ENSG00000168995",0.0913686417296285,0.00899100899100899,0.031668800133044
"ENSG00000169016",-0.0273585024430461,0.138861138861139,0.186733038696785
"ENSG00000169018",-0.0206617132771636,0.044955044955045,0.0755305089151028
"ENSG00000169019",-0.0959686360334099,0.0789210789210789,0.116778321407723
"ENSG00000169020",-0.0784646518486192,0.033966033966034,0.0614579638969883
"ENSG00000169021",-0.012131569927931,0.257742257742258,0.315947210684053
"ENSG00000169026",0.0671334367880116,0.04995004995005,0.0818292939339832
"ENSG00000169031",-0.0641768062513269,0.03996003996004,0.0691988127146629
"ENSG00000169032",0.0134654588337858,0.370629370629371,0.431193008346929
"ENSG00000169045",-0.0594829774325047,0.003996003996004,0.0309698899552726
"ENSG00000169047",-0.014094780923252,0.666333666333666,0.710811113260962
"ENSG00000169057",0.0225834783355307,0.205794205794206,0.260203552365572
"ENSG00000169062",-0.0596288234195471,0.00999000999000999,0.0329382551604774
"ENSG00000169087",0.0647187041670483,0.013986013986014,0.0370555370555371
"ENSG00000169118",0.0284994659621579,0.011988011988012,0.0350284289015142
"ENSG00000169129",-0.0154477824036318,0.566433566433566,0.618517045375123
"ENSG00000169131",0.00643931438145118,0.8001998001998,0.829535167670249
"ENSG00000169139",-0.0375554880356875,0.154845154845155,0.204565139158961
"ENSG00000169155",0.0052355333881457,0.544455544455544,0.598706810620069
"ENSG00000169180",0.178965887609753,0.004995004995005,0.0309698899552726
"ENSG00000169188",-0.0237263216649357,0.0649350649350649,0.100075610462889
"ENSG00000169189",-0.0282212176748148,0.036963036963037,0.0654036775944903
"ENSG00000169193",0.0507621588552045,0.04995004995005,0.0818292939339832
"ENSG00000169217",0.0366162959132024,0.022977022977023,0.0478078016166659
"ENSG00000169220",0.111315601646689,0.00799200799200799,0.0313472428354935
"ENSG00000169221",0.062239235467796,0.026973026973027,0.0526151336084788
"ENSG00000169223",0.0578076599263672,0.00699300699300699,0.0311612747652792
"ENSG00000169228",0.115299033153167,0.00599400599400599,0.0309698899552726
"ENSG00000169230",0.0506601677208919,0.00699300699300699,0.0311612747652792
"ENSG00000169231",0.0616674139777246,0.011988011988012,0.0350284289015142
"ENSG00000169239",-0.0611825703193953,0.00899100899100899,0.031668800133044
"ENSG00000169241",-0.0297163159974543,0.021978021978022,0.0464939039133723
"ENSG00000169247",0.0833177059073027,0.021978021978022,0.0464939039133723
"ENSG00000169249",-0.021966655925022,0.017982017982018,0.0417277258366272
"ENSG00000169251",-0.0664955655569949,0.048951048951049,0.0806102639481647
"ENSG00000169288",-0.139356995353259,0.014985014985015,0.0380820279318905
"ENSG00000169299",0.0953549967801486,0.002997002997003,0.0309698899552726
"ENSG00000169313",0.00896811957711289,0.521478521478521,0.577562332607951
"ENSG00000169359",-0.049593458094228,0.00999000999000999,0.0329382551604774
"ENSG00000169371",-0.0476573636095211,0.013986013986014,0.0370555370555371
"ENSG00000169372",0.0209645084977568,0.0939060939060939,0.134753843171754
"ENSG00000169375",0.0039891508654644,0.666333666333666,0.710811113260962
"ENSG00000169379",-0.0473431925020089,0.04995004995005,0.0818292939339832
"ENSG00000169398",-0.0495654852856285,0.014985014985015,0.0380820279318905
"ENSG00000169403",0.197860354671428,0.004995004995005,0.0309698899552726
"ENSG00000169410",-0.00991860370454395,0.433566433566434,0.492821469649239
"ENSG00000169429",0.155935636768686,0.002997002997003,0.0309698899552726
"ENSG00000169442",-0.126382738277499,0.016983016983017,0.0404964083535512
"ENSG00000169446",-0.00306850075292589,0.784215784215784,0.815497559462256
"ENSG00000169490",-0.0288636297735165,0.051948051948052,0.084286713691331
"ENSG00000169499",0.0392299547990578,0.00599400599400599,0.0309698899552726
"ENSG00000169504",0.000721510728012871,0.951048951048951,0.958626712547706
"ENSG00000169519",-0.0481009206478457,0.031968031968032,0.0588078690022667
"ENSG00000169554",0.0250478882116311,0.220779220779221,0.276301642749628
"ENSG00000169564",0.0579475293173487,0.004995004995005,0.0309698899552726
"ENSG00000169567",-0.147170984063861,0.01998001998002,0.044196554411905
"ENSG00000169570",-0.064649547155095,0.011988011988012,0.0350284289015142
"ENSG00000169592",-0.0214021655077457,0.02997002997003,0.0561377525217924
"ENSG00000169598",-0.033859439441854,0.004995004995005,0.0309698899552726
"ENSG00000169599",-0.0639961569399099,0.017982017982018,0.0417277258366272
"ENSG00000169609",-0.0362299813813933,0.0619380619380619,0.0965087032764979
"ENSG00000169612",0.0538299471313791,0.015984015984016,0.0392432899072327
"ENSG00000169621",-0.0968203479464876,0.013986013986014,0.0370555370555371
"ENSG00000169635",-0.035219631659393,0.047952047952048,0.0794112873484515
"ENSG00000169641",-0.029405007327412,0.011988011988012,0.0350284289015142
"ENSG00000169660",-0.0240863262314875,0.013986013986014,0.0370555370555371
"ENSG00000169679",-0.0537104420635646,0.02997002997003,0.0561377525217924
"ENSG00000169683",-0.0376622438133614,0.015984015984016,0.0392432899072327
"ENSG00000169689",-0.052519382251902,0.011988011988012,0.0350284289015142
"ENSG00000169692",0.0760513506771934,0.011988011988012,0.0350284289015142
"ENSG00000169696",-0.0396533070307958,0.040959040959041,0.0705122123257061
"ENSG00000169704",0.0591056626255385,0.0859140859140859,0.125168564009636
"ENSG00000169710",-0.0382786944236849,0.167832167832168,0.218788045667317
"ENSG00000169714",0.0290263108944148,0.045954045954046,0.0767902842430095
"ENSG00000169718",-0.0373746961823913,0.011988011988012,0.0350284289015142
"ENSG00000169727",-0.00609264972629326,0.672327672327672,0.716251570431164
"ENSG00000169733",-0.00855693107942499,0.595404595404595,0.644936676662679
"ENSG00000169738",0.0139387323872464,0.128871128871129,0.175260068662807
"ENSG00000169740",-0.116084339278634,0.010989010989011,0.0339239491564177
"ENSG00000169756",-0.00531182093067271,0.521478521478521,0.577562332607951
"ENSG00000169762",-0.00958279618845883,0.485514485514486,0.542984653537417
"ENSG00000169764",0.0150377648973945,0.143856143856144,0.19243801612457
"ENSG00000169813",0.0129267474285597,0.280719280719281,0.340123431362468
"ENSG00000169814",-0.00469443597273672,0.626373626373626,0.674228234819368
"ENSG00000169826",0.0590671446197234,0.00999000999000999,0.0329382551604774
"ENSG00000169857",-0.0425395884941243,0.00599400599400599,0.0309698899552726
"ENSG00000169860",0.0116920705066473,0.450549450549451,0.509571174167447
"ENSG00000169871",0.0616327421599434,0.013986013986014,0.0370555370555371
"ENSG00000169877",0.0230979450681566,0.472527472527473,0.53073225839581
"ENSG00000169895",0.0477101140399163,0.001998001998002,0.0309698899552726
"ENSG00000169896",0.131199416584709,0.003996003996004,0.0309698899552726
"ENSG00000169902",0.150535435719651,0.016983016983017,0.0404964083535512
"ENSG00000169905",0.0588312926924354,0.003996003996004,0.0309698899552726
"ENSG00000169914",-0.0448091610698598,0.021978021978022,0.0464939039133723
"ENSG00000169919",0.00857308224213691,0.516483516483517,0.572663428461934
"ENSG00000169925",0.0276983057811619,0.0669330669330669,0.102576077327416
"ENSG00000169926",0.0551993979494794,0.015984015984016,0.0392432899072327
"ENSG00000169951",-0.0164251960656425,0.035964035964036,0.0640509460900688
"ENSG00000169955",-0.0154410692197754,0.0879120879120879,0.127615348777325
"ENSG00000169957",-0.000955531026140928,0.933066933066933,0.943985049381126
"ENSG00000169964",-0.0792152577097512,0.001998001998002,0.0309698899552726
"ENSG00000169967",0.121719004455135,0.003996003996004,0.0309698899552726
"ENSG00000169972",0.0163760440180426,0.207792207792208,0.262343392504124
"ENSG00000169976",-0.0276733115967367,0.0829170829170829,0.121538907488414
"ENSG00000169981",-0.0200186045290988,0.15984015984016,0.210101612267203
"ENSG00000169991",-0.0454928913100769,0.015984015984016,0.0392432899072327
"ENSG00000169994",0.1638066830117,0.002997002997003,0.0309698899552726
"ENSG00000170004",-0.0178846896362049,0.242757242757243,0.300242517593552
"ENSG00000170006",0.174244038360724,0.003996003996004,0.0309698899552726
"ENSG00000170017",0.0478161227365379,0.00899100899100899,0.031668800133044
"ENSG00000170027",0.00457644530080099,0.797202797202797,0.827141778190729
"ENSG00000170035",-0.0262949926397855,0.0769230769230769,0.114541139692918
"ENSG00000170037",-0.048199123940635,0.00699300699300699,0.0311612747652792
"ENSG00000170043",0.0433693310029168,0.00599400599400599,0.0309698899552726
"ENSG00000170074",-0.165946967729868,0.002997002997003,0.0309698899552726
"ENSG00000170085",-0.0494638293926459,0.00799200799200799,0.0313472428354935
"ENSG00000170088",-0.0466303766963765,0.00699300699300699,0.0311612747652792
"ENSG00000170089",-0.0971429131757507,0.00599400599400599,0.0309698899552726
"ENSG00000170100",-0.031421125314808,0.011988011988012,0.0350284289015142
"ENSG00000170113",-0.0737764068170614,0.00599400599400599,0.0309698899552726
"ENSG00000170142",-0.0361740032079359,0.0679320679320679,0.103657642509852
"ENSG00000170144",-0.0479238134047398,0.00599400599400599,0.0309698899552726
"ENSG00000170145",-0.0316761379789703,0.024975024975025,0.0503016340120413
"ENSG00000170175",-0.0514828589759021,0.003996003996004,0.0309698899552726
"ENSG00000170180",-0.0110315267846629,0.707292707292707,0.747339876582008
"ENSG00000170185",0.0432387897343325,0.000999000999000999,0.0309698899552726
"ENSG00000170190",0.120494484860306,0.00699300699300699,0.0311612747652792
"ENSG00000170191",-0.0585177008033861,0.012987012987013,0.0360623664690208
"ENSG00000170222",-0.0754753247987261,0.016983016983017,0.0404964083535512
"ENSG00000170234",0.0112870707566055,0.0759240759240759,0.113433061220232
"ENSG00000170242",-0.0483159926872902,0.004995004995005,0.0309698899552726
"ENSG00000170248",-0.00798899119862009,0.13986013986014,0.18792924427987
"ENSG00000170260",-0.0221149093562145,0.0669330669330669,0.102576077327416
"ENSG00000170265",0.0151088260866263,0.287712287712288,0.347719858580679
"ENSG00000170266",0.0457809810223362,0.03996003996004,0.0691988127146629
"ENSG00000170270",-0.0887760250377699,0.030969030969031,0.0574804346232918
"ENSG00000170271",0.0716564738175653,0.0829170829170829,0.121538907488414
"ENSG00000170275",-0.00455036224494898,0.793206793206793,0.823706838396202
"ENSG00000170291",-0.0263000759514132,0.0529470529470529,0.0856186332504955
"ENSG00000170296",0.0822697199022352,0.00599400599400599,0.0309698899552726
"ENSG00000170310",-0.0472111925145152,0.025974025974026,0.0514006000585945
"ENSG00000170315",0.0268890962470091,0.105894105894106,0.149003086832381
"ENSG00000170322",-0.000588362757792244,0.949050949050949,0.957014121974686
"ENSG00000170325",0.0630851955792076,0.001998001998002,0.0309698899552726
"ENSG00000170340",0.0439569434721671,0.03996003996004,0.0691988127146629
"ENSG00000170345",0.18979409178848,0.00799200799200799,0.0313472428354935
"ENSG00000170348",-0.0275569361772482,0.00599400599400599,0.0309698899552726
"ENSG00000170364",-0.0717160065180547,0.021978021978022,0.0464939039133723
"ENSG00000170365",0.0246979977636082,0.236763236763237,0.293493613142917
"ENSG00000170379",-0.0376030284575146,0.02997002997003,0.0561377525217924
"ENSG00000170385",-0.0184262386717347,0.470529470529471,0.529032012051939
"ENSG00000170417",-0.0889727202661816,0.017982017982018,0.0417277258366272
"ENSG00000170430",-0.0308087949270617,0.033966033966034,0.0614579638969883
"ENSG00000170445",-0.0211620652266469,0.022977022977023,0.0478078016166659
"ENSG00000170448",-0.00285062808654579,0.871128871128871,0.89130144502186
"ENSG00000170458",0.108369292193163,0.011988011988012,0.0350284289015142
"ENSG00000170464",-0.0547228320921676,0.012987012987013,0.0360623664690208
"ENSG00000170471",0.0259662779758968,0.00999000999000999,0.0329382551604774
"ENSG00000170473",-0.0276772120042508,0.0919080919080919,0.132329154013592
"ENSG00000170502",-0.0477577744214864,0.015984015984016,0.0392432899072327
"ENSG00000170515",-0.0273002365998926,0.04995004995005,0.0818292939339832
"ENSG00000170522",-0.0582639485455306,0.162837162837163,0.213410798579828
"ENSG00000170525",0.186977127838846,0.00599400599400599,0.0309698899552726
"ENSG00000170540",-0.0161760273390212,0.210789210789211,0.265541376862132
"ENSG00000170542",-0.0154247159333753,0.415584415584416,0.47525868365149
"ENSG00000170545",-0.0199137769230407,0.334665334665335,0.39551656918163
"ENSG00000170571",-0.0137211848372349,0.366633366633367,0.427081496578443
"ENSG00000170581",0.0490389197067636,0.0739260739260739,0.110847605295515
"ENSG00000170584",-0.0920605744843365,0.00599400599400599,0.0309698899552726
"ENSG00000170604",0.00362138584482849,0.758241758241758,0.79177595364927
"ENSG00000170606",-0.00925763080970727,0.440559440559441,0.499636062719954
"ENSG00000170619",0.022672213063461,0.0619380619380619,0.0965087032764979
"ENSG00000170629",-0.0733713212144363,0.00899100899100899,0.031668800133044
"ENSG00000170631",-0.0365750124148439,0.0589410589410589,0.0929842014116102
"ENSG00000170632",-0.0259913710415709,0.0869130869130869,0.126486010961671
"ENSG00000170633",0.0278393926475229,0.00599400599400599,0.0309698899552726
"ENSG00000170634",-0.0592430809626622,0.001998001998002,0.0309698899552726
"ENSG00000170638",0.025603044000734,0.0959040959040959,0.137195027327154
"ENSG00000170653",-0.00775116314803276,0.655344655344655,0.700955150225353
"ENSG00000170677",-0.0357312207953376,0.184815184815185,0.23747555769367
"ENSG00000170734",-0.0402846711568461,0.013986013986014,0.0370555370555371
"ENSG00000170759",0.03206556428146,0.0589410589410589,0.0929842014116102
"ENSG00000170776",0.0715805946815111,0.00599400599400599,0.0309698899552726
"ENSG00000170779",-0.0360784007783244,0.0809190809190809,0.119235595204207
"ENSG00000170791",-0.0485942510546387,0.011988011988012,0.0350284289015142
"ENSG00000170802",0.0245998883482226,0.035964035964036,0.0640509460900688
"ENSG00000170832",0.142827065765132,0.003996003996004,0.0309698899552726
"ENSG00000170836",0.0712594244235275,0.001998001998002,0.0309698899552726
"ENSG00000170837",0.251944644049173,0.00599400599400599,0.0309698899552726
"ENSG00000170846",-0.0544319772550202,0.014985014985015,0.0380820279318905
"ENSG00000170852",0.0753656793720608,0.004995004995005,0.0309698899552726
"ENSG00000170854",-0.0455307252348137,0.02997002997003,0.0561377525217924
"ENSG00000170855",-0.105279446323875,0.015984015984016,0.0392432899072327
"ENSG00000170860",-0.0673871742736678,0.0609390609390609,0.0952980656298809
"ENSG00000170871",0.130123510772253,0.002997002997003,0.0309698899552726
"ENSG00000170873",-0.0732481881039918,0.031968031968032,0.0588078690022667
"ENSG00000170876",0.130435744067389,0.003996003996004,0.0309698899552726
"ENSG00000170881",0.00442586872871281,0.691308691308691,0.73289942238425
"ENSG00000170889",-0.0320826427040365,0.154845154845155,0.204565139158961
"ENSG00000170892",0.174148518131094,0.004995004995005,0.0309698899552726
"ENSG00000170903",-0.0581125211839665,0.012987012987013,0.0360623664690208
"ENSG00000170906",-0.00277109409096048,0.717282717282717,0.755636719521713
"ENSG00000170909",0.112700947829024,0.013986013986014,0.0370555370555371
"ENSG00000170915",-0.0638806710582171,0.012987012987013,0.0360623664690208
"ENSG00000170917",-0.067992754877693,0.027972027972028,0.0538126832348059
"ENSG00000170919",-0.0195725535512925,0.202797202797203,0.256954853264816
"ENSG00000170921",0.0619134858291551,0.00899100899100899,0.031668800133044
"ENSG00000170946",-0.0719913033162453,0.018981018981019,0.0430078970802953
"ENSG00000170949",-0.00556257007264928,0.301698301698302,0.361712908001815
"ENSG00000170962",-0.0496055073870341,0.364635364635365,0.425166179507889
"ENSG00000170989",-0.0679235717249651,0.010989010989011,0.0339239491564177
"ENSG00000171033",-0.084686757122517,0.036963036963037,0.0654036775944903
"ENSG00000171044",-0.0720984239242901,0.00799200799200799,0.0313472428354935
"ENSG00000171045",-0.0483607212374504,0.032967032967033,0.0601301870083172
"ENSG00000171055",0.0371077997408125,0.01998001998002,0.044196554411905
"ENSG00000171067",-0.0464594875307998,0.0599400599400599,0.0941400470935233
"ENSG00000171097",-0.0125261954320591,0.344655344655345,0.40525075159651
"ENSG00000171100",0.0263752351121921,0.034965034965035,0.0627459743481843
"ENSG00000171103",-0.0913562256288747,0.00599400599400599,0.0309698899552726
"ENSG00000171105",0.0153292742313283,0.495504495504495,0.552870952276764
"ENSG00000171109",0.00236247094645731,0.777222777222777,0.809416233679665
"ENSG00000171115",-0.0168928526358424,0.46953046953047,0.528205296528801
"ENSG00000171130",-0.0900187013759405,0.00599400599400599,0.0309698899552726
"ENSG00000171132",-0.026560602422677,0.0999000999000999,0.142133230803765
"ENSG00000171135",-0.021313962409621,0.00999000999000999,0.0329382551604774
"ENSG00000171148",0.0545705975361672,0.00899100899100899,0.031668800133044
"ENSG00000171150",-0.03759336085304,0.051948051948052,0.084286713691331
"ENSG00000171155",0.0081847391416268,0.755244755244755,0.789469554538703
"ENSG00000171159",0.0115627608157898,0.148851148851149,0.198281213355476
"ENSG00000171161",0.0325365172879063,0.031968031968032,0.0588078690022667
"ENSG00000171163",0.00993021578076776,0.246753246753247,0.304620495067336
"ENSG00000171169",0.0633638556790629,0.004995004995005,0.0309698899552726
"ENSG00000171174",-0.0208195903252743,0.11988011988012,0.165390802516276
"ENSG00000171202",-0.0957583896638952,0.023976023976024,0.0489374755679103
"ENSG00000171204",-0.0885126720055606,0.024975024975025,0.0503016340120413
"ENSG00000171206",0.0902987636014954,0.004995004995005,0.0309698899552726
"ENSG00000171208",-0.0156852673309552,0.53946053946054,0.594247182698145
"ENSG00000171222",0.0239375216237267,0.017982017982018,0.0417277258366272
"ENSG00000171223",0.159894429902506,0.004995004995005,0.0309698899552726
"ENSG00000171236",0.292738161000936,0.002997002997003,0.0309698899552726
"ENSG00000171262",-0.0729692992444768,0.00799200799200799,0.0313472428354935
"ENSG00000171291",-0.0582853020419449,0.027972027972028,0.0538126832348059
"ENSG00000171295",-0.0221194000391714,0.02997002997003,0.0561377525217924
"ENSG00000171298",0.0988549012050826,0.00999000999000999,0.0329382551604774
"ENSG00000171302",0.148954859217532,0.003996003996004,0.0309698899552726
"ENSG00000171307",-0.0424622606547229,0.000999000999000999,0.0309698899552726
"ENSG00000171310",0.146769996126543,0.002997002997003,0.0309698899552726
"ENSG00000171311",-0.0458004245095363,0.011988011988012,0.0350284289015142
"ENSG00000171314",0.0532609610818295,0.000999000999000999,0.0309698899552726
"ENSG00000171316",0.0429254566113758,0.041958041958042,0.0717489681633108
"ENSG00000171365",-0.00442586864246608,0.823176823176823,0.849981876530549
"ENSG00000171421",-0.0693594579867759,0.018981018981019,0.0430078970802953
"ENSG00000171425",0.0126979534563106,0.265734265734266,0.324585263298547
"ENSG00000171428",0.0105960589723538,0.65034965034965,0.696356209720429
"ENSG00000171443",0.00650450165301295,0.275724275724276,0.334983253705453
"ENSG00000171444",-0.0272943568196319,0.238761238761239,0.29563492349398
"ENSG00000171448",-0.0350715049310906,0.0549450549450549,0.0880322184148341
"ENSG00000171451",-0.100242231389679,0.010989010989011,0.0339239491564177
"ENSG00000171453",-0.0671023338206797,0.001998001998002,0.0309698899552726
"ENSG00000171456",-0.0274234967530821,0.040959040959041,0.0705122123257061
"ENSG00000171466",-0.0468371611772623,0.003996003996004,0.0309698899552726
"ENSG00000171467",-0.0382358043164786,0.111888111888112,0.156211817921855
"ENSG00000171469",-0.0438129989779089,0.011988011988012,0.0350284289015142
"ENSG00000171471",0.100645932753371,0.002997002997003,0.0309698899552726
"ENSG00000171475",0.0816933907516735,0.017982017982018,0.0417277258366272
"ENSG00000171476",-0.0783625042276813,0.126873126873127,0.172953861021012
"ENSG00000171488",-0.0638525213346349,0.00699300699300699,0.0311612747652792
"ENSG00000171490",-0.0795176432634015,0.00699300699300699,0.0311612747652792
"ENSG00000171492",-0.0233645250450347,0.143856143856144,0.19243801612457
"ENSG00000171497",0.0319450471581825,0.003996003996004,0.0309698899552726
"ENSG00000171503",-0.0256602549829319,0.022977022977023,0.0478078016166659
"ENSG00000171522",0.0337034883860668,0.004995004995005,0.0309698899552726
"ENSG00000171530",-0.0926253583931425,0.013986013986014,0.0370555370555371
"ENSG00000171552",0.0498801734488177,0.112887112887113,0.157241228868489
"ENSG00000171566",-0.0682979355938818,0.00599400599400599,0.0309698899552726
"ENSG00000171574",-0.0615834622141766,0.001998001998002,0.0309698899552726
"ENSG00000171596",-0.0803281040664963,0.225774225774226,0.281702101884826
"ENSG00000171603",-0.0485942354108266,0.033966033966034,0.0614579638969883
"ENSG00000171604",-0.0443190384802332,0.0699300699300699,0.105979770544714
"ENSG00000171606",0.0318113914232227,0.020979020979021,0.0454117208439975
"ENSG00000171608",0.127478698599309,0.003996003996004,0.0309698899552726
"ENSG00000171611",0.068755018736906,0.027972027972028,0.0538126832348059
"ENSG00000171617",0.0681065034559488,0.028971028971029,0.0550211482575579
"ENSG00000171634",-0.010707415549529,0.111888111888112,0.156211817921855
"ENSG00000171643",0.00602021138571024,0.792207792207792,0.822882735242286
"ENSG00000171649",-0.0685192736120886,0.021978021978022,0.0464939039133723
"ENSG00000171659",0.0068874816042265,0.755244755244755,0.789469554538703
"ENSG00000171681",0.0222286661140646,0.014985014985015,0.0380820279318905
"ENSG00000171700",0.112373660762336,0.004995004995005,0.0309698899552726
"ENSG00000171703",-0.0340795197350035,0.0659340659340659,0.101381218576715
"ENSG00000171720",0.012693896933648,0.153846153846154,0.20355863447353
"ENSG00000171723",-0.0821257223916914,0.00899100899100899,0.031668800133044
"ENSG00000171735",-0.0453730025423221,0.013986013986014,0.0370555370555371
"ENSG00000171763",0.0127998150066593,0.230769230769231,0.286802959191791
"ENSG00000171766",-0.03781927977787,0.137862137862138,0.185597308482936
"ENSG00000171777",0.169140160174708,0.00899100899100899,0.031668800133044
"ENSG00000171791",-0.0867504912568618,0.013986013986014,0.0370555370555371
"ENSG00000171792",-0.0467843786809174,0.022977022977023,0.0478078016166659
"ENSG00000171793",-0.0496565217085211,0.014985014985015,0.0380820279318905
"ENSG00000171806",-0.0937654718916179,0.024975024975025,0.0503016340120413
"ENSG00000171813",-0.0184766224718469,0.324675324675325,0.38556798932293
"ENSG00000171817",-0.11371060447514,0.011988011988012,0.0350284289015142
"ENSG00000171823",-0.0248314072609742,0.024975024975025,0.0503016340120413
"ENSG00000171824",-0.0385777659189531,0.016983016983017,0.0404964083535512
"ENSG00000171827",-0.0662371303604437,0.00899100899100899,0.031668800133044
"ENSG00000171840",0.0715665163534795,0.021978021978022,0.0464939039133723
"ENSG00000171843",-0.0805826426562771,0.017982017982018,0.0417277258366272
"ENSG00000171853",0.0265321195485043,0.035964035964036,0.0640509460900688
"ENSG00000171858",-0.162935700697169,0.012987012987013,0.0360623664690208
"ENSG00000171861",-0.0467091426915151,0.012987012987013,0.0360623664690208
"ENSG00000171862",0.115979399911168,0.002997002997003,0.0309698899552726
"ENSG00000171863",-0.107641964726105,0.017982017982018,0.0417277258366272
"ENSG00000171865",-0.0304889965302008,0.042957042957043,0.0729589799685899
"ENSG00000171867",-0.025074436933164,0.150849150849151,0.20038743173484
"ENSG00000171914",0.0134990737273896,0.353646353646354,0.414363057241092
"ENSG00000171928",-0.0057430722484189,0.724275724275724,0.761801650126523
"ENSG00000171940",0.0983749720355562,0.002997002997003,0.0309698899552726
"ENSG00000171953",-0.0180723808152445,0.100899100899101,0.143283161361857
"ENSG00000171960",-0.0660616017312573,0.001998001998002,0.0309698899552726
"ENSG00000171970",-0.0531847722452647,0.023976023976024,0.0489374755679103
"ENSG00000171984",-0.0237250422279476,0.044955044955045,0.0755305089151028
"ENSG00000171988",0.121452949378097,0.003996003996004,0.0309698899552726
"ENSG00000172005",-0.0846932001246478,0.047952047952048,0.0794112873484515
"ENSG00000172006",-0.031156467542798,0.0639360639360639,0.0989420057151193
"ENSG00000172007",0.100851088946359,0.00899100899100899,0.031668800133044
"ENSG00000172009",-0.0385363622770157,0.027972027972028,0.0538126832348059
"ENSG00000172046",0.0716571620049721,0.014985014985015,0.0380820279318905
"ENSG00000172053",-0.0263265559553091,0.0629370629370629,0.0977484650268315
"ENSG00000172057",-0.021818309296825,0.0709290709290709,0.107142480445648
"ENSG00000172059",-0.0365151522367356,0.0959040959040959,0.137195027327154
"ENSG00000172071",-0.0478702045043398,0.018981018981019,0.0430078970802953
"ENSG00000172081",0.152688377481133,0.003996003996004,0.0309698899552726
"ENSG00000172086",-0.0256935162608544,0.381618381618382,0.441753969397969
"ENSG00000172113",0.00237329727717708,0.639360639360639,0.685934312072502
"ENSG00000172115",-0.0407089184278991,0.0549450549450549,0.0880322184148341
"ENSG00000172123",-0.00621603464691204,0.704295704295704,0.744696971161867
"ENSG00000172159",0.0831040543664339,0.014985014985015,0.0380820279318905
"ENSG00000172164",-0.0279974157079933,0.0619380619380619,0.0965087032764979
"ENSG00000172167",-0.0654173545773035,0.014985014985015,0.0380820279318905
"ENSG00000172171",-0.0630619896260323,0.012987012987013,0.0360623664690208
"ENSG00000172172",-0.0820015247370095,0.0539460539460539,0.0868019381876659
"ENSG00000172175",-0.0637751452339432,0.00799200799200799,0.0313472428354935
"ENSG00000172183",0.085196087902148,0.00599400599400599,0.0309698899552726
"ENSG00000172197",0.0835181679888315,0.00699300699300699,0.0311612747652792
"ENSG00000172216",0.160869147276153,0.004995004995005,0.0309698899552726
"ENSG00000172239",-0.0651842760535655,0.014985014985015,0.0380820279318905
"ENSG00000172262",-0.043763914283394,0.00899100899100899,0.031668800133044
"ENSG00000172269",-0.0120631479570322,0.356643356643357,0.417305019972725
"ENSG00000172270",0.0647920627716364,0.041958041958042,0.0717489681633108
"ENSG00000172273",-0.0247886252483999,0.00799200799200799,0.0313472428354935
"ENSG00000172292",-0.0327316195073761,0.028971028971029,0.0550211482575579
"ENSG00000172301",-0.0246250451517813,0.157842157842158,0.20804420409597
"ENSG00000172315",-0.0585122469259074,0.00799200799200799,0.0313472428354935
"ENSG00000172322",-0.0110399263934269,0.78021978021978,0.812255831486601
"ENSG00000172331",0.000203326368985758,0.994005994005994,0.995082385336446
"ENSG00000172336",0.00931936490556103,0.373626373626374,0.434007515778248
"ENSG00000172339",-0.0133845051659005,0.455544455544456,0.514542600256886
"ENSG00000172340",-0.0787191562931327,0.000999000999000999,0.0309698899552726
"ENSG00000172345",-0.0114272026955386,0.413586413586414,0.473243979670715
"ENSG00000172349",0.063580588166529,0.00799200799200799,0.0313472428354935
"ENSG00000172354",0.157929088855688,0.004995004995005,0.0309698899552726
"ENSG00000172366",-0.0443313604645236,0.010989010989011,0.0339239491564177
"ENSG00000172375",0.0131816425531045,0.377622377622378,0.437971987479804
"ENSG00000172409",0.0532890475753076,0.00699300699300699,0.0311612747652792
"ENSG00000172428",-0.0685979076814134,0.028971028971029,0.0550211482575579
"ENSG00000172432",0.0280645034742153,0.123876123876124,0.169696028353272
"ENSG00000172456",0.0359400669063213,0.041958041958042,0.0717489681633108
"ENSG00000172465",-0.140107953716581,0.002997002997003,0.0309698899552726
"ENSG00000172466",0.0187488870862256,0.0999000999000999,0.142133230803765
"ENSG00000172493",0.0716791175462887,0.002997002997003,0.0309698899552726
"ENSG00000172500",0.00665039422369001,0.532467532467532,0.58751329463779
"ENSG00000172530",0.0828206313492262,0.00699300699300699,0.0311612747652792
"ENSG00000172531",0.0777723825036234,0.000999000999000999,0.0309698899552726
"ENSG00000172534",-0.0282567187144436,0.333666333666334,0.394529909287879
"ENSG00000172575",-0.0612814423064743,0.015984015984016,0.0392432899072327
"ENSG00000172578",-0.0218614022965731,0.106893106893107,0.150232880205983
"ENSG00000172586",-0.0276445582938653,0.193806193806194,0.2472834522946
"ENSG00000172590",-0.0440967252086443,0.002997002997003,0.0309698899552726
"ENSG00000172594",0.0487185832363125,0.105894105894106,0.149003086832381
"ENSG00000172613",0.0082434851558619,0.599400599400599,0.64885573802886
"ENSG00000172638",0.0329077483399722,0.0589410589410589,0.0929842014116102
"ENSG00000172660",-0.0306850924133957,0.00699300699300699,0.0311612747652792
"ENSG00000172661",0.0577859106836865,0.000999000999000999,0.0309698899552726
"ENSG00000172663",-0.0565942193585136,0.001998001998002,0.0309698899552726
"ENSG00000172667",-0.0467816940297881,0.003996003996004,0.0309698899552726
"ENSG00000172671",-0.0277656134667176,0.010989010989011,0.0339239491564177
"ENSG00000172673",-0.0736928306827809,0.010989010989011,0.0339239491564177
"ENSG00000172687",-0.0357336941294892,0.0739260739260739,0.110847605295515
"ENSG00000172716",-0.0243460798026279,0.131868131868132,0.178628404958432
"ENSG00000172725",0.0462445257599604,0.0599400599400599,0.0941400470935233
"ENSG00000172728",0.0236569385012852,0.0669330669330669,0.102576077327416
"ENSG00000172732",-0.0183016966461453,0.0699300699300699,0.105979770544714
"ENSG00000172748",-0.0764932154165133,0.02997002997003,0.0561377525217924
"ENSG00000172757",0.0940118711533353,0.000999000999000999,0.0309698899552726
"ENSG00000172765",0.150092545068294,0.003996003996004,0.0309698899552726
"ENSG00000172766",-0.0598537064717011,0.003996003996004,0.0309698899552726
"ENSG00000172775",0.0399438056998772,0.00799200799200799,0.0313472428354935
"ENSG00000172780",0.099720355148353,0.011988011988012,0.0350284289015142
"ENSG00000172785",-0.0382523423731048,0.102897102897103,0.145570027382858
"ENSG00000172794",0.0843991939670834,0.002997002997003,0.0309698899552726
"ENSG00000172795",0.0804436542658995,0.003996003996004,0.0309698899552726
"ENSG00000172809",-0.0693609965119435,0.00999000999000999,0.0329382551604774
"ENSG00000172819",-0.0674090747097251,0.000999000999000999,0.0309698899552726
"ENSG00000172824",-0.0289785939516826,0.026973026973027,0.0526151336084788
"ENSG00000172830",0.0919150080388395,0.030969030969031,0.0574804346232918
"ENSG00000172831",-0.00881088628010062,0.414585414585415,0.474251619311585
"ENSG00000172840",-0.0657820822460368,0.015984015984016,0.0392432899072327
"ENSG00000172845",0.0664041736203897,0.00699300699300699,0.0311612747652792
"ENSG00000172869",-0.0379357790393977,0.00799200799200799,0.0313472428354935
"ENSG00000172878",-0.0817990588806253,0.027972027972028,0.0538126832348059
"ENSG00000172888",-0.0453694613684937,0.021978021978022,0.0464939039133723
"ENSG00000172890",0.0333788386869817,0.012987012987013,0.0360623664690208
"ENSG00000172893",7.84360686739392e-05,0.998001998001998,0.99816811018542
"ENSG00000172915",-0.0844393959180839,0.0529470529470529,0.0856186332504955
"ENSG00000172922",-0.0329541970709983,0.014985014985015,0.0380820279318905
"ENSG00000172932",0.0801814161158203,0.017982017982018,0.0417277258366272
"ENSG00000172936",0.129714551631178,0.002997002997003,0.0309698899552726
"ENSG00000172939",0.0466816303221469,0.004995004995005,0.0309698899552726
"ENSG00000172943",0.0160139936489661,0.240759240759241,0.297986051024156
"ENSG00000172954",-0.0195750199601648,0.112887112887113,0.157241228868489
"ENSG00000172965",0.109406126802104,0.003996003996004,0.0309698899552726
"ENSG00000172974",-0.00162110113935832,0.831168831168831,0.856761901791493
"ENSG00000172977",0.021409237483919,0.125874125874126,0.171884472759373
"ENSG00000172985",0.136414015992793,0.00999000999000999,0.0329382551604774
"ENSG00000172992",-0.0435153570554063,0.00999000999000999,0.0329382551604774
"ENSG00000173011",0.0775213972722723,0.003996003996004,0.0309698899552726
"ENSG00000173020",0.0879338414232278,0.004995004995005,0.0309698899552726
"ENSG00000173039",0.0104979877792967,0.527472527472527,0.582911708980675
"ENSG00000173041",-0.0857639226426508,0.01998001998002,0.044196554411905
"ENSG00000173064",-0.00168680267557809,0.915084915084915,0.928293281800499
"ENSG00000173068",-0.112406392611318,0.0819180819180819,0.120368200084547
"ENSG00000173085",0.0204791243487829,0.291708291708292,0.351700466467722
"ENSG00000173113",-0.0352777217269002,0.010989010989011,0.0339239491564177
"ENSG00000173114",-0.159943292343487,0.022977022977023,0.0478078016166659
"ENSG00000173120",0.0741126198596763,0.00599400599400599,0.0309698899552726
"ENSG00000173137",-0.0522042852501575,0.00699300699300699,0.0311612747652792
"ENSG00000173141",-0.0603339959509993,0.030969030969031,0.0574804346232918
"ENSG00000173145",-0.0961315246460109,0.004995004995005,0.0309698899552726
"ENSG00000173153",0.0576813011752074,0.00699300699300699,0.0311612747652792
"ENSG00000173163",-0.055430710042175,0.00899100899100899,0.031668800133044
"ENSG00000173166",-0.0842499522053879,0.00799200799200799,0.0313472428354935
"ENSG00000173171",0.161974608050113,0.00699300699300699,0.0311612747652792
"ENSG00000173193",0.0774499126668007,0.018981018981019,0.0430078970802953
"ENSG00000173198",0.0225450770381292,0.0649350649350649,0.100075610462889
"ENSG00000173200",-0.0781743919024362,0.00899100899100899,0.031668800133044
"ENSG00000173208",-0.101673769557686,0.01998001998002,0.044196554411905
"ENSG00000173209",-0.0209938365894549,0.027972027972028,0.0538126832348059
"ENSG00000173214",-0.0401829840945349,0.012987012987013,0.0360623664690208
"ENSG00000173218",-0.0372997145314298,0.221778221778222,0.27732084791704
"ENSG00000173221",0.0420419420708954,0.0819180819180819,0.120368200084547
"ENSG00000173226",-0.0590456451740148,0.024975024975025,0.0503016340120413
"ENSG00000173230",0.0462129890720121,0.001998001998002,0.0309698899552726
"ENSG00000173258",-0.103240692071816,0.002997002997003,0.0309698899552726
"ENSG00000173264",0.0247763691975442,0.120879120879121,0.166539639427407
"ENSG00000173272",-0.0596123439302223,0.00699300699300699,0.0311612747652792
"ENSG00000173273",-0.0041811549523653,0.497502497502497,0.554739749024403
"ENSG00000173275",-0.034678551848291,0.021978021978022,0.0464939039133723
"ENSG00000173276",-0.0226064459896402,0.0599400599400599,0.0941400470935233
"ENSG00000173281",0.235963471033335,0.003996003996004,0.0309698899552726
"ENSG00000173327",0.109707972016828,0.00799200799200799,0.0313472428354935
"ENSG00000173334",0.156805009581874,0.004995004995005,0.0309698899552726
"ENSG00000173349",-0.0338321569110913,0.0929070929070929,0.133543528591968
"ENSG00000173402",-0.0364189489771036,0.020979020979021,0.0454117208439975
"ENSG00000173409",-0.076209260197807,0.025974025974026,0.0514006000585945
"ENSG00000173418",-0.0656179797260665,0.017982017982018,0.0417277258366272
"ENSG00000173436",-0.0341421870829264,0.047952047952048,0.0794112873484515
"ENSG00000173442",0.106223090793135,0.00699300699300699,0.0311612747652792
"ENSG00000173451",-0.0632956994883217,0.023976023976024,0.0489374755679103
"ENSG00000173456",-0.0293315558976244,0.164835164835165,0.215512294494018
"ENSG00000173457",-0.0474937366922307,0.012987012987013,0.0360623664690208
"ENSG00000173465",-0.0168475169056039,0.205794205794206,0.260203552365572
"ENSG00000173473",-0.0025585612141464,0.572427572427572,0.624211465877377
"ENSG00000173480",0.0211152533964199,0.0599400599400599,0.0941400470935233
"ENSG00000173482",-0.0695658179177698,0.0709290709290709,0.107142480445648
"ENSG00000173486",-0.00399268973594135,0.574425574425574,0.626106163018915
"ENSG00000173517",-0.0257916205117727,0.0899100899100899,0.130013170561841
"ENSG00000173530",-0.0514645618034349,0.010989010989011,0.0339239491564177
"ENSG00000173542",-0.0285666424562232,0.130869130869131,0.17743515509761
"ENSG00000173545",0.0160388633381512,0.034965034965035,0.0627459743481843
"ENSG00000173548",-0.00878505440427903,0.523476523476524,0.579454808799932
"ENSG00000173559",0.154934084734715,0.002997002997003,0.0309698899552726
"ENSG00000173566",0.00320815152678671,0.75024975024975,0.785135971656348
"ENSG00000173575",0.036138099549202,0.011988011988012,0.0350284289015142
"ENSG00000173588",-0.0689946564374725,0.00899100899100899,0.031668800133044
"ENSG00000173597",0.165319352796071,0.00599400599400599,0.0309698899552726
"ENSG00000173598",-0.0158706115488084,0.0969030969030969,0.138393513794583
"ENSG00000173611",-0.0772464328117441,0.013986013986014,0.0370555370555371
"ENSG00000173614",0.08308994619654,0.002997002997003,0.0309698899552726
"ENSG00000173638",0.189758732891756,0.00999000999000999,0.0329382551604774
"ENSG00000173653",-0.00526508059716938,0.661338661338661,0.706172192978057
"ENSG00000173660",-0.101033978565757,0.00799200799200799,0.0313472428354935
"ENSG00000173674",-0.06840608635134,0.038961038961039,0.0678698023240711
"ENSG00000173681",0.0224437362877441,0.050949050949051,0.0830019919080513
"ENSG00000173692",0.00357362477548071,0.648351648351648,0.694402469467081
"ENSG00000173706",-0.0615311039164499,0.0579420579420579,0.0917937849126882
"ENSG00000173726",-0.0490239691048159,0.022977022977023,0.0478078016166659
"ENSG00000173744",0.021886304325096,0.010989010989011,0.0339239491564177
"ENSG00000173757",0.125423565128504,0.004995004995005,0.0309698899552726
"ENSG00000173786",0.0085945805000428,0.578421578421578,0.629434129796317
"ENSG00000173812",-0.0196520270887192,0.0579420579420579,0.0917937849126882
"ENSG00000173818",-0.0220066648521453,0.0679320679320679,0.103657642509852
"ENSG00000173821",0.0504331931564217,0.0869130869130869,0.126486010961671
"ENSG00000173825",0.159557466430608,0.017982017982018,0.0417277258366272
"ENSG00000173846",0.0689618136610334,0.016983016983017,0.0404964083535512
"ENSG00000173848",-0.0625574114303504,0.036963036963037,0.0654036775944903
"ENSG00000173852",-0.0481309289203773,0.014985014985015,0.0380820279318905
"ENSG00000173868",0.14054301747161,0.00999000999000999,0.0329382551604774
"ENSG00000173875",-0.0187699589204109,0.333666333666334,0.394529909287879
"ENSG00000173889",-0.0294003663936729,0.015984015984016,0.0392432899072327
"ENSG00000173890",0.081159365351016,0.025974025974026,0.0514006000585945
"ENSG00000173905",-0.0185151687540711,0.420579420579421,0.48014852061589
"ENSG00000173914",-0.0205514745195568,0.0549450549450549,0.0880322184148341
"ENSG00000173915",-0.0757484081141183,0.04995004995005,0.0818292939339832
"ENSG00000173917",-0.083002137320403,0.00899100899100899,0.031668800133044
"ENSG00000173928",0.019166225386259,0.0539460539460539,0.0868019381876659
"ENSG00000173930",0.127879149258101,0.001998001998002,0.0309698899552726
"ENSG00000173933",-0.0185499505879943,0.0779220779220779,0.115641829151338
"ENSG00000173950",-0.0017494841130114,0.919080919080919,0.931639210991438
"ENSG00000173960",-0.0481410321893477,0.017982017982018,0.0417277258366272
"ENSG00000173992",0.00485456462449621,0.627372627372627,0.675001274464121
"ENSG00000174004",-0.0197415062237679,0.516483516483517,0.572663428461934
"ENSG00000174007",0.174172662646876,0.00799200799200799,0.0313472428354935
"ENSG00000174010",-0.0116615084566727,0.120879120879121,0.166539639427407
"ENSG00000174013",-0.0515769361921765,0.021978021978022,0.0464939039133723
"ENSG00000174021",0.111416302044072,0.000999000999000999,0.0309698899552726
"ENSG00000174028",-0.0672100660723938,0.020979020979021,0.0454117208439975
"ENSG00000174032",-0.0355739940894897,0.002997002997003,0.0309698899552726
"ENSG00000174080",-0.078554764427634,0.00999000999000999,0.0329382551604774
"ENSG00000174083",-0.00154401273677099,0.951048951048951,0.958626712547706
"ENSG00000174093",0.0300482355434633,0.135864135864136,0.183359369434608
"ENSG00000174099",0.076825547293739,0.00999000999000999,0.0329382551604774
"ENSG00000174100",-0.0811626690075911,0.00899100899100899,0.031668800133044
"ENSG00000174106",-0.0047487182932131,0.466533466533467,0.525227091409761
"ENSG00000174109",-0.035021984494521,0.042957042957043,0.0729589799685899
"ENSG00000174111",-0.0347036363097001,0.014985014985015,0.0380820279318905
"ENSG00000174123",0.00600308657437567,0.826173826173826,0.852563716551352
"ENSG00000174125",0.1670604252963,0.002997002997003,0.0309698899552726
"ENSG00000174130",0.160149789548084,0.003996003996004,0.0309698899552726
"ENSG00000174132",0.153000007508045,0.004995004995005,0.0309698899552726
"ENSG00000174136",-0.0764490871819278,0.032967032967033,0.0601301870083172
"ENSG00000174151",0.0351269528273445,0.022977022977023,0.0478078016166659
"ENSG00000174165",-0.0315723275013147,0.0569430569430569,0.0905693036450051
"ENSG00000174173",-0.0792695088050766,0.025974025974026,0.0514006000585945
"ENSG00000174175",0.0767372525868712,0.026973026973027,0.0526151336084788
"ENSG00000174177",-0.0514777145392385,0.020979020979021,0.0454117208439975
"ENSG00000174197",-0.0533252287334704,0.003996003996004,0.0309698899552726
"ENSG00000174206",-0.068885330039013,0.025974025974026,0.0514006000585945
"ENSG00000174227",5.83446847689244e-05,0.995004995004995,0.995584883021399
"ENSG00000174231",0.0116723610365011,0.609390609390609,0.65848375684736
"ENSG00000174238",0.133735704456166,0.001998001998002,0.0309698899552726
"ENSG00000174243",0.0113184044161464,0.412587412587413,0.472325731041677
"ENSG00000174276",-0.0275026186658015,0.0559440559440559,0.08933506036881
"ENSG00000174282",-0.0506758829585261,0.013986013986014,0.0370555370555371
"ENSG00000174306",-0.039111619227102,0.0879120879120879,0.127615348777325
"ENSG00000174365",-0.0539606234220695,0.003996003996004,0.0309698899552726
"ENSG00000174373",-0.0763742756716684,0.004995004995005,0.0309698899552726
"ENSG00000174374",-0.0385688697016558,0.013986013986014,0.0370555370555371
"ENSG00000174405",0.0109740710913871,0.586413586413586,0.636977447714975
"ENSG00000174428",-0.0321922028685345,0.123876123876124,0.169696028353272
"ENSG00000174437",-0.029648557536044,0.03996003996004,0.0691988127146629
"ENSG00000174442",-0.0641341363986118,0.043956043956044,0.0742673606444167
"ENSG00000174444",-0.10392587871064,0.00999000999000999,0.0329382551604774
"ENSG00000174446",-0.0492237343685918,0.00599400599400599,0.0309698899552726
"ENSG00000174456",-0.0117933005953201,0.0999000999000999,0.142133230803765
"ENSG00000174485",-0.0267953642025849,0.014985014985015,0.0380820279318905
"ENSG00000174500",-0.12041092788812,0.003996003996004,0.0309698899552726
"ENSG00000174501",-0.0843218363339617,0.00799200799200799,0.0313472428354935
"ENSG00000174516",-0.0189781164296518,0.236763236763237,0.293493613142917
"ENSG00000174529",0.0697444132928544,0.00599400599400599,0.0309698899552726
"ENSG00000174547",-0.0846037802672947,0.00899100899100899,0.031668800133044
"ENSG00000174574",0.0526275412185059,0.00799200799200799,0.0313472428354935
"ENSG00000174579",0.0475293498410817,0.004995004995005,0.0309698899552726
"ENSG00000174600",-0.0384092738813115,0.455544455544456,0.514542600256886
"ENSG00000174606",-0.0359818853078079,0.013986013986014,0.0370555370555371
"ENSG00000174607",-0.0678742137015084,0.26973026973027,0.328964723119381
"ENSG00000174652",-0.0222073402952195,0.0779220779220779,0.115641829151338
"ENSG00000174684",-0.0583307074634269,0.012987012987013,0.0360623664690208
"ENSG00000174695",0.0102236126121825,0.639360639360639,0.685934312072502
"ENSG00000174718",0.131152708641526,0.002997002997003,0.0309698899552726
"ENSG00000174720",-0.0434882546124236,0.107892107892108,0.151406743653357
"ENSG00000174721",-0.044406129952467,0.0599400599400599,0.0941400470935233
"ENSG00000174738",-0.0740604201984727,0.004995004995005,0.0309698899552726
"ENSG00000174744",0.0419771305411615,0.021978021978022,0.0464939039133723
"ENSG00000174748",-0.0812351676615563,0.014985014985015,0.0380820279318905
"ENSG00000174749",-0.00056995275910012,0.97002997002997,0.975141796722725
"ENSG00000174775",-0.0342728164603265,0.0629370629370629,0.0977484650268315
"ENSG00000174776",-0.0460295781945842,0.223776223776224,0.279470295889292
"ENSG00000174780",-0.0451132095694757,0.0649350649350649,0.100075610462889
"ENSG00000174791",-0.00787676804764868,0.775224775224775,0.807615408170193
"ENSG00000174796",-0.0114197194840687,0.541458541458541,0.595956475066284
"ENSG00000174799",-0.0274346058433111,0.121878121878122,0.167493569894942
"ENSG00000174839",-0.0216916393223534,0.013986013986014,0.0370555370555371
"ENSG00000174840",-0.042021449153346,0.00799200799200799,0.0313472428354935
"ENSG00000174842",-0.0951623239171418,0.00599400599400599,0.0309698899552726
"ENSG00000174851",-0.0252110036135989,0.0799200799200799,0.118024025618029
"ENSG00000174885",0.166606699562202,0.00899100899100899,0.031668800133044
"ENSG00000174886",-0.00146553451995241,0.845154845154845,0.868571141531634
"ENSG00000174891",-0.0273259533800079,0.0649350649350649,0.100075610462889
"ENSG00000174903",0.0883884740405004,0.003996003996004,0.0309698899552726
"ENSG00000174915",-0.0275099583277443,0.031968031968032,0.0588078690022667
"ENSG00000174917",-0.0417485999763889,0.046953046953047,0.078144539299504
"ENSG00000174943",0.0078281081804693,0.562437562437562,0.614935828363776
"ENSG00000174953",-0.0410846256486063,0.010989010989011,0.0339239491564177
"ENSG00000174977",-0.06099739195652,0.044955044955045,0.0755305089151028
"ENSG00000174989",-0.0439106860765186,0.026973026973027,0.0526151336084788
"ENSG00000174996",-0.0762620417618945,0.001998001998002,0.0309698899552726
"ENSG00000175003",0.169701161318689,0.017982017982018,0.0417277258366272
"ENSG00000175029",0.0879445965264181,0.00799200799200799,0.0313472428354935
"ENSG00000175040",0.00353961803146969,0.899100899100899,0.915013515572411
"ENSG00000175048",-0.0509711717402993,0.042957042957043,0.0729589799685899
"ENSG00000175054",-0.059027306002755,0.00599400599400599,0.0309698899552726
"ENSG00000175061",-0.114879189588179,0.013986013986014,0.0370555370555371
"ENSG00000175066",-0.0681379645546568,0.050949050949051,0.0830019919080513
"ENSG00000175073",0.0731193382882265,0.000999000999000999,0.0309698899552726
"ENSG00000175087",-0.0796175443945279,0.016983016983017,0.0404964083535512
"ENSG00000175104",0.0324827915724238,0.001998001998002,0.0309698899552726
"ENSG00000175105",-0.00328308712011828,0.869130869130869,0.889560107751217
"ENSG00000175106",-0.0470653913613618,0.027972027972028,0.0538126832348059
"ENSG00000175110",-0.064886237326764,0.014985014985015,0.0380820279318905
"ENSG00000175115",0.0618146311396202,0.043956043956044,0.0742673606444167
"ENSG00000175130",0.0663697037838866,0.010989010989011,0.0339239491564177
"ENSG00000175137",0.12122431127945,0.00599400599400599,0.0309698899552726
"ENSG00000175155",0.00453039590175562,0.558441558441558,0.611289794093328
"ENSG00000175166",0.0171924850580935,0.33966033966034,0.400435350405921
"ENSG00000175182",0.0642343947229382,0.026973026973027,0.0526151336084788
"ENSG00000175193",-0.0273392154604303,0.165834165834166,0.216724119725425
"ENSG00000175197",0.0816955040474162,0.024975024975025,0.0503016340120413
"ENSG00000175198",-0.069949127852053,0.00699300699300699,0.0311612747652792
"ENSG00000175203",0.0136463177067307,0.194805194805195,0.248426234207219
"ENSG00000175213",0.0393571358828188,0.004995004995005,0.0309698899552726
"ENSG00000175215",0.0872295316814303,0.00599400599400599,0.0309698899552726
"ENSG00000175216",-0.0466573777760014,0.015984015984016,0.0392432899072327
"ENSG00000175220",0.0571174804974156,0.013986013986014,0.0370555370555371
"ENSG00000175221",0.0556055161175806,0.048951048951049,0.0806102639481647
"ENSG00000175224",0.0567916277845981,0.00599400599400599,0.0309698899552726
"ENSG00000175265",-0.104767348336291,0.00899100899100899,0.031668800133044
"ENSG00000175274",0.193714206619176,0.004995004995005,0.0309698899552726
"ENSG00000175283",-0.0177208149386963,0.225774225774226,0.281702101884826
"ENSG00000175294",0.010541286131109,0.528471528471528,0.583854645079135
"ENSG00000175309",0.0099886975973726,0.388611388611389,0.448638969100064
"ENSG00000175322",-0.109020716863524,0.003996003996004,0.0309698899552726
"ENSG00000175324",-0.0552018506809645,0.0739260739260739,0.110847605295515
"ENSG00000175334",-0.000406114033242018,0.98001998001998,0.983292713297723
"ENSG00000175348",-0.0195774962960325,0.107892107892108,0.151406743653357
"ENSG00000175354",-0.024251156123812,0.144855144855145,0.193580466014581
"ENSG00000175376",0.0223866367801388,0.021978021978022,0.0464939039133723
"ENSG00000175387",0.00428787605062679,0.441558441558442,0.500627297231071
"ENSG00000175390",-0.0410075904833025,0.035964035964036,0.0640509460900688
"ENSG00000175395",-0.0624398812454688,0.00699300699300699,0.0311612747652792
"ENSG00000175414",-0.0690425456865351,0.014985014985015,0.0380820279318905
"ENSG00000175416",0.035110798159562,0.044955044955045,0.0755305089151028
"ENSG00000175449",-0.0745517786065709,0.016983016983017,0.0404964083535512
"ENSG00000175455",-0.0687202055967913,0.00699300699300699,0.0311612747652792
"ENSG00000175463",0.0238654520537375,0.100899100899101,0.143283161361857
"ENSG00000175467",0.0570728501408164,0.033966033966034,0.0614579638969883
"ENSG00000175470",0.033036719772851,0.00799200799200799,0.0313472428354935
"ENSG00000175471",0.0962347720959588,0.011988011988012,0.0350284289015142
"ENSG00000175482",0.0394269150247914,0.023976023976024,0.0489374755679103
"ENSG00000175489",0.153186923304168,0.00599400599400599,0.0309698899552726
"ENSG00000175538",0.141287017083547,0.002997002997003,0.0309698899552726
"ENSG00000175548",-0.0752254633360694,0.011988011988012,0.0350284289015142
"ENSG00000175550",0.00981291820780539,0.475524475524476,0.533649560822966
"ENSG00000175556",-0.00880592335368511,0.476523476523477,0.534571001667053
"ENSG00000175564",-0.00365144385387727,0.876123876123876,0.895268832859174
"ENSG00000175567",-0.0276873941171601,0.257742257742258,0.315947210684053
"ENSG00000175573",0.047273772211177,0.017982017982018,0.0417277258366272
"ENSG00000175575",-0.0239158242617684,0.037962037962038,0.0665831541488284
"ENSG00000175581",-0.111513892091169,0.004995004995005,0.0309698899552726
"ENSG00000175582",0.00302391321573978,0.749250749250749,0.784158800356658
"ENSG00000175595",-0.0490225845788819,0.003996003996004,0.0309698899552726
"ENSG00000175602",-0.048411636750094,0.00999000999000999,0.0329382551604774
"ENSG00000175606",-0.00413046226647119,0.746253746253746,0.781771053214568
"ENSG00000175611",-0.0470916338813026,0.0879120879120879,0.127615348777325
"ENSG00000175634",0.0191688767792834,0.038961038961039,0.0678698023240711
"ENSG00000175662",0.0013655348494641,0.915084915084915,0.928293281800499
"ENSG00000175691",-0.0583308879739182,0.00699300699300699,0.0311612747652792
"ENSG00000175701",-0.0563821610013525,0.021978021978022,0.0464939039133723
"ENSG00000175711",0.160795023053949,0.00699300699300699,0.0311612747652792
"ENSG00000175727",0.00681544732512947,0.723276723276723,0.761083938388903
"ENSG00000175730",0.00754477421859432,0.497502497502497,0.554739749024403
"ENSG00000175746",-0.0162674307911807,0.47952047952048,0.537431420579793
"ENSG00000175756",0.0768011237202749,0.004995004995005,0.0309698899552726
"ENSG00000175764",-0.00910548026008748,0.463536463536464,0.522244419122642
"ENSG00000175768",-0.0746406860945863,0.00999000999000999,0.0329382551604774
"ENSG00000175782",0.0482756519843984,0.023976023976024,0.0489374755679103
"ENSG00000175787",-0.0219535753520324,0.038961038961039,0.0678698023240711
"ENSG00000175792",-0.0460042363084986,0.00899100899100899,0.031668800133044
"ENSG00000175806",0.0695484741555332,0.00799200799200799,0.0313472428354935
"ENSG00000175826",0.00482491583437573,0.702297702297702,0.742649695223386
"ENSG00000175854",-0.0294657859875118,0.004995004995005,0.0309698899552726
"ENSG00000175857",0.00774790661943121,0.749250749250749,0.784158800356658
"ENSG00000175873",-0.0226180341733473,0.57042957042957,0.622315048785637
"ENSG00000175886",-0.0546851518992466,0.0829170829170829,0.121538907488414
"ENSG00000175893",-0.0797541715785376,0.016983016983017,0.0404964083535512
"ENSG00000175895",0.0205672348381158,0.300699300699301,0.360695098892524
"ENSG00000175928",0.135595961882848,0.00899100899100899,0.031668800133044
"ENSG00000175931",0.00375412758370717,0.901098901098901,0.916813968287047
"ENSG00000175938",0.079635448196684,0.004995004995005,0.0309698899552726
"ENSG00000175970",0.0282597995360598,0.036963036963037,0.0654036775944903
"ENSG00000175984",-0.0348985163501955,0.038961038961039,0.0678698023240711
"ENSG00000176014",-0.0462271359975394,0.0759240759240759,0.113433061220232
"ENSG00000176018",0.00581616501536873,0.774225774225774,0.806714527019712
"ENSG00000176022",-0.0310863483183572,0.016983016983017,0.0404964083535512
"ENSG00000176024",-0.0321705575328386,0.122877122877123,0.168577313097861
"ENSG00000176049",-0.0678309010115409,0.142857142857143,0.191421244604431
"ENSG00000176055",-0.0779421682558771,0.013986013986014,0.0370555370555371
"ENSG00000176058",-0.0263034923599765,0.023976023976024,0.0489374755679103
"ENSG00000176087",0.0208752696736019,0.161838161838162,0.212240400367856
"ENSG00000176095",0.11455943335025,0.00599400599400599,0.0309698899552726
"ENSG00000176101",0.01561896497708,0.0589410589410589,0.0929842014116102
"ENSG00000176102",-0.0459468355385179,0.018981018981019,0.0430078970802953
"ENSG00000176105",-0.091393690328655,0.016983016983017,0.0404964083535512
"ENSG00000176108",0.0060762059973374,0.61038961038961,0.659444654590286
"ENSG00000176124",-0.0692676100392861,0.037962037962038,0.0665831541488284
"ENSG00000176125",0.000767074602631232,0.939060939060939,0.949010626104471
"ENSG00000176142",-0.0112659930250246,0.0999000999000999,0.142133230803765
"ENSG00000176148",0.00825914468420668,0.334665334665335,0.39551656918163
"ENSG00000176155",-0.00850814367483819,0.483516483516484,0.541102625840497
"ENSG00000176160",-0.0962925845071114,0.011988011988012,0.0350284289015142
"ENSG00000176170",0.0745553525753221,0.022977022977023,0.0478078016166659
"ENSG00000176171",-0.0794248008126906,0.012987012987013,0.0360623664690208
"ENSG00000176208",-0.0602608555223239,0.021978021978022,0.0464939039133723
"ENSG00000176209",-0.0800176981211196,0.00599400599400599,0.0309698899552726
"ENSG00000176225",-0.0669319438541196,0.00599400599400599,0.0309698899552726
"ENSG00000176248",-0.00118842267869169,0.941058941058941,0.950470321341823
"ENSG00000176261",-0.04548189223097,0.03996003996004,0.0691988127146629
"ENSG00000176273",-0.0813107560103516,0.013986013986014,0.0370555370555371
"ENSG00000176274",-0.0175517461374441,0.241758241758242,0.299160888534859
"ENSG00000176340",0.0380558226284083,0.003996003996004,0.0309698899552726
"ENSG00000176371",-0.0134129919012203,0.268731268731269,0.327912720846014
"ENSG00000176386",0.0117673624791236,0.450549450549451,0.509571174167447
"ENSG00000176390",0.0553847842043244,0.011988011988012,0.0350284289015142
"ENSG00000176393",0.0770926527274881,0.016983016983017,0.0404964083535512
"ENSG00000176396",-0.0850530910206392,0.002997002997003,0.0309698899552726
"ENSG00000176401",-0.104021139951741,0.001998001998002,0.0309698899552726
"ENSG00000176407",0.0548257462498467,0.003996003996004,0.0309698899552726
"ENSG00000176410",-0.0434904189110772,0.025974025974026,0.0514006000585945
"ENSG00000176422",-0.0564876790628898,0.003996003996004,0.0309698899552726
"ENSG00000176438",0.00452440812981684,0.63036963036963,0.677922346110266
"ENSG00000176444",-0.00666637399653976,0.353646353646354,0.414363057241092
"ENSG00000176454",-0.00643997510222408,0.561438561438561,0.614067039622191
"ENSG00000176463",0.128684971994241,0.002997002997003,0.0309698899552726
"ENSG00000176473",0.000311462153441435,0.981018981018981,0.983966459179278
"ENSG00000176476",-0.0255825704055688,0.170829170829171,0.222164806300722
"ENSG00000176485",-0.0635488314159522,0.0549450549450549,0.0880322184148341
"ENSG00000176531",-0.0723936975536882,0.00999000999000999,0.0329382551604774
"ENSG00000176542",0.0693257849871562,0.002997002997003,0.0309698899552726
"ENSG00000176593",-0.0279654658865097,0.143856143856144,0.19243801612457
"ENSG00000176595",0.0323045762006997,0.0909090909090909,0.131142174354274
"ENSG00000176597",0.177162896693924,0.003996003996004,0.0309698899552726
"ENSG00000176619",-0.00687283854231525,0.71028971028971,0.749583925031765
"ENSG00000176623",-0.0325418483936637,0.031968031968032,0.0588078690022667
"ENSG00000176624",-0.0523635087786794,0.00999000999000999,0.0329382551604774
"ENSG00000176658",-0.0678844224829264,0.00899100899100899,0.031668800133044
"ENSG00000176659",0.0401820032878187,0.037962037962038,0.0665831541488284
"ENSG00000176700",-0.0433943202557258,0.010989010989011,0.0339239491564177
"ENSG00000176715",-0.0214979820058643,0.0579420579420579,0.0917937849126882
"ENSG00000176731",-0.121140131495407,0.013986013986014,0.0370555370555371
"ENSG00000176749",0.095522731684619,0.024975024975025,0.0503016340120413
"ENSG00000176783",0.0286424006723266,0.0739260739260739,0.110847605295515
"ENSG00000176788",0.285706546862741,0.004995004995005,0.0309698899552726
"ENSG00000176824",0.0126912880844382,0.647352647352647,0.693394306228531
"ENSG00000176834",0.0914034006157215,0.01998001998002,0.044196554411905
"ENSG00000176845",0.105523811219607,0.00999000999000999,0.0329382551604774
"ENSG00000176853",0.0517389652214285,0.00899100899100899,0.031668800133044
"ENSG00000176871",0.0630026780593342,0.004995004995005,0.0309698899552726
"ENSG00000176896",-0.0222442640763672,0.181818181818182,0.234275856019182
"ENSG00000176903",-0.0692657069470651,0.001998001998002,0.0309698899552726
"ENSG00000176915",0.00314733890915743,0.522477522477522,0.578508832240175
"ENSG00000176928",-0.0864671827806957,0.03996003996004,0.0691988127146629
"ENSG00000176946",0.00843427796027157,0.27972027972028,0.339118160161235
"ENSG00000176953",-0.0435517131751992,0.002997002997003,0.0309698899552726
"ENSG00000176973",0.0568595228774467,0.000999000999000999,0.0309698899552726
"ENSG00000176974",-0.0114032908468513,0.407592407592408,0.467453531295501
"ENSG00000176978",-0.0512258303493508,0.00599400599400599,0.0309698899552726
"ENSG00000176986",0.0340973439999018,0.048951048951049,0.0806102639481647
"ENSG00000176994",0.0496250049350485,0.004995004995005,0.0309698899552726
"ENSG00000177000",-0.0261489291252663,0.104895104895105,0.147874412977052
"ENSG00000177030",-0.00116440640215774,0.883116883116883,0.901112132900212
"ENSG00000177034",-0.0808055165869291,0.00999000999000999,0.0329382551604774
"ENSG00000177042",0.00553147125632516,0.400599400599401,0.46026803024891
"ENSG00000177051",-0.0171728617908827,0.236763236763237,0.293493613142917
"ENSG00000177054",-0.0123371256269418,0.0639360639360639,0.0989420057151193
"ENSG00000177058",-0.0430711154164095,0.00999000999000999,0.0329382551604774
"ENSG00000177082",-0.00695664344358596,0.114885114885115,0.159561921956467
"ENSG00000177084",-0.0302422104848154,0.0589410589410589,0.0929842014116102
"ENSG00000177096",0.0021111529183635,0.927072927072927,0.938473924996836
"ENSG00000177105",0.159250324839264,0.003996003996004,0.0309698899552726
"ENSG00000177106",-0.0244463950981439,0.160839160839161,0.211206843855445
"ENSG00000177112",0.148849522149735,0.00999000999000999,0.0329382551604774
"ENSG00000177119",-0.00691963205396289,0.644355644355644,0.690676608443287
"ENSG00000177125",0.149422456395576,0.003996003996004,0.0309698899552726
"ENSG00000177144",0.0086568630074076,0.4995004995005,0.556606119888457
"ENSG00000177150",-0.0636534961912505,0.011988011988012,0.0350284289015142
"ENSG00000177156",0.186287339624286,0.003996003996004,0.0309698899552726
"ENSG00000177169",0.112600455256553,0.014985014985015,0.0380820279318905
"ENSG00000177173",0.102375231285198,0.002997002997003,0.0309698899552726
"ENSG00000177189",0.0200835052197572,0.031968031968032,0.0588078690022667
"ENSG00000177191",0.22004077183154,0.004995004995005,0.0309698899552726
"ENSG00000177192",-0.0476970011035848,0.00799200799200799,0.0313472428354935
"ENSG00000177197",-0.0176088691002617,0.355644355644356,0.416419901221148
"ENSG00000177200",-0.0290564445144029,0.026973026973027,0.0526151336084788
"ENSG00000177225",-0.0198181414303918,0.0709290709290709,0.107142480445648
"ENSG00000177239",-0.020715539630656,0.126873126873127,0.172953861021012
"ENSG00000177302",0.0690918422195088,0.00599400599400599,0.0309698899552726
"ENSG00000177311",-0.0239823120698286,0.102897102897103,0.145570027382858
"ENSG00000177324",0.0547039699616801,0.021978021978022,0.0464939039133723
"ENSG00000177337",0.0406827229901687,0.047952047952048,0.0794112873484515
"ENSG00000177352",0.013802640405698,0.182817182817183,0.23531079609049
"ENSG00000177370",-0.026468114649369,0.035964035964036,0.0640509460900688
"ENSG00000177383",-0.0779602112261936,0.003996003996004,0.0309698899552726
"ENSG00000177406",0.049969567881256,0.037962037962038,0.0665831541488284
"ENSG00000177409",0.0635609284793082,0.033966033966034,0.0614579638969883
"ENSG00000177410",0.0273696774685663,0.261738261738262,0.320127257232895
"ENSG00000177425",-0.0695625392214859,0.154845154845155,0.204565139158961
"ENSG00000177426",-0.0277660469216155,0.038961038961039,0.0678698023240711
"ENSG00000177427",-0.00171454401978847,0.887112887112887,0.904344955239857
"ENSG00000177463",0.0429007751238243,0.023976023976024,0.0489374755679103
"ENSG00000177479",-0.0196619707799084,0.050949050949051,0.0830019919080513
"ENSG00000177483",0.0139582769447086,0.42957042957043,0.489065689899339
"ENSG00000177485",-0.0642011368702747,0.012987012987013,0.0360623664690208
"ENSG00000177542",-0.0254839457296721,0.10989010989011,0.153869199657386
"ENSG00000177548",-0.0324343819489055,0.107892107892108,0.151406743653357
"ENSG00000177556",0.0175383166024907,0.200799200799201,0.254772465709966
"ENSG00000177565",0.00406920607145108,0.641358641358641,0.687770871049179
"ENSG00000177570",-0.0961663441796111,0.021978021978022,0.0464939039133723
"ENSG00000177575",0.0438660920101942,0.258741258741259,0.316977823399842
"ENSG00000177595",-0.0735117020639526,0.001998001998002,0.0309698899552726
"ENSG00000177599",-0.0565949115564959,0.023976023976024,0.0489374755679103
"ENSG00000177600",-0.0726145497163556,0.037962037962038,0.0665831541488284
"ENSG00000177606",0.0226489953322864,0.0859140859140859,0.125168564009636
"ENSG00000177613",-0.0179310698166917,0.0599400599400599,0.0941400470935233
"ENSG00000177628",0.102285834517736,0.001998001998002,0.0309698899552726
"ENSG00000177646",-0.0482320871158819,0.004995004995005,0.0309698899552726
"ENSG00000177663",0.150091278596586,0.00699300699300699,0.0311612747652792
"ENSG00000177666",0.060065445038882,0.030969030969031,0.0574804346232918
"ENSG00000177674",0.119622542411828,0.004995004995005,0.0309698899552726
"ENSG00000177683",0.00235972054609389,0.922077922077922,0.934046903871584
"ENSG00000177688",0.044354216512282,0.024975024975025,0.0503016340120413
"ENSG00000177697",0.0190857814380582,0.503496503496504,0.560124130243542
"ENSG00000177700",0.0052129099732952,0.658341658341658,0.703659734075956
"ENSG00000177707",-0.132560864697349,0.00899100899100899,0.031668800133044
"ENSG00000177721",-0.0915372214041178,0.001998001998002,0.0309698899552726
"ENSG00000177728",-0.0210646244637241,0.204795204795205,0.25926775215725
"ENSG00000177731",0.0842311640532341,0.011988011988012,0.0350284289015142
"ENSG00000177733",-0.00809543342360162,0.437562437562438,0.496799751972166
"ENSG00000177738",-0.0268903189847467,0.0749250749250749,0.112219535200592
"ENSG00000177830",-0.00808879074994639,0.545454545454545,0.599476243920688
"ENSG00000177842",-0.054955810306849,0.013986013986014,0.0370555370555371
"ENSG00000177853",-0.00686041251699888,0.656343656343656,0.701898741941454
"ENSG00000177854",-0.0201407040916515,0.124875124875125,0.170791993939826
"ENSG00000177855",-0.0334153428220419,0.0839160839160839,0.12274872158027
"ENSG00000177868",0.0185733015750482,0.181818181818182,0.234275856019182
"ENSG00000177873",-0.0258560671860907,0.013986013986014,0.0370555370555371
"ENSG00000177879",0.0175553301977283,0.321678321678322,0.3826138232314
"ENSG00000177885",0.124220920006004,0.002997002997003,0.0309698899552726
"ENSG00000177888",-0.0704623488454981,0.024975024975025,0.0503016340120413
"ENSG00000177889",-0.0445379834125528,0.013986013986014,0.0370555370555371
"ENSG00000177917",0.0285249970331346,0.051948051948052,0.084286713691331
"ENSG00000177932",-0.0743691210260679,0.036963036963037,0.0654036775944903
"ENSG00000177946",0.0160558553001075,0.115884115884116,0.160633829837982
"ENSG00000177951",-0.00825569459888341,0.497502497502497,0.554739749024403
"ENSG00000177954",-0.122821263737121,0.018981018981019,0.0430078970802953
"ENSG00000177963",0.038951083927455,0.01998001998002,0.044196554411905
"ENSG00000177971",-0.0473547163059581,0.003996003996004,0.0309698899552726
"ENSG00000177981",0.0420162504425856,0.015984015984016,0.0392432899072327
"ENSG00000177989",0.102979174234502,0.026973026973027,0.0526151336084788
"ENSG00000178028",-0.0289648204418304,0.051948051948052,0.084286713691331
"ENSG00000178035",-0.0499797624521684,0.016983016983017,0.0404964083535512
"ENSG00000178038",-0.0779713415625009,0.032967032967033,0.0601301870083172
"ENSG00000178057",-0.0099206478451978,0.342657342657343,0.403296047797076
"ENSG00000178074",-0.0377333523484122,0.141858141858142,0.190252332200775
"ENSG00000178075",0.140642959494261,0.00799200799200799,0.0313472428354935
"ENSG00000178082",-0.014461234755225,0.587412587412587,0.637774367650599
"ENSG00000178093",0.000321203506463783,0.971028971028971,0.975901168575529
"ENSG00000178096",-0.055182308758409,0.002997002997003,0.0309698899552726
"ENSG00000178104",-0.071482039161024,0.004995004995005,0.0309698899552726
"ENSG00000178105",-0.0481977189150978,0.01998001998002,0.044196554411905
"ENSG00000178127",-0.038910780256211,0.00699300699300699,0.0311612747652792
"ENSG00000178146",0.19635764379915,0.002997002997003,0.0309698899552726
"ENSG00000178149",0.0055069773426596,0.381618381618382,0.441753969397969
"ENSG00000178163",0.0122176789285595,0.343656343656344,0.404313454533719
"ENSG00000178177",-0.029633537194833,0.0929070929070929,0.133543528591968
"ENSG00000178188",-0.0279734993421931,0.017982017982018,0.0417277258366272
"ENSG00000178199",-0.0789329442780384,0.00799200799200799,0.0313472428354935
"ENSG00000178202",-0.0603453495661044,0.014985014985015,0.0380820279318905
"ENSG00000178209",0.0127466910610085,0.505494505494505,0.562034690261168
"ENSG00000178229",-0.036962074937016,0.037962037962038,0.0665831541488284
"ENSG00000178234",-0.0471299996516399,0.003996003996004,0.0309698899552726
"ENSG00000178252",-0.0406310249253324,0.028971028971029,0.0550211482575579
"ENSG00000178295",-0.0628548142096528,0.020979020979021,0.0454117208439975
"ENSG00000178297",0.0878463506661488,0.017982017982018,0.0417277258366272
"ENSG00000178307",0.041481229580903,0.003996003996004,0.0309698899552726
"ENSG00000178338",-0.0856506167979935,0.014985014985015,0.0380820279318905
"ENSG00000178381",-0.0105142276012405,0.201798201798202,0.255958922344147
"ENSG00000178385",0.0532912191853582,0.00899100899100899,0.031668800133044
"ENSG00000178397",-0.020556539137798,0.0609390609390609,0.0952980656298809
"ENSG00000178404",0.119456480016793,0.032967032967033,0.0601301870083172
"ENSG00000178425",-0.0400109459138786,0.045954045954046,0.0767902842430095
"ENSG00000178449",-0.0750150313931272,0.00999000999000999,0.0329382551604774
"ENSG00000178464",-0.0899184942211766,0.003996003996004,0.0309698899552726
"ENSG00000178467",-0.0475678273342562,0.012987012987013,0.0360623664690208
"ENSG00000178502",-0.0416150428156169,0.022977022977023,0.0478078016166659
"ENSG00000178537",-0.00768231088503657,0.508491508491508,0.565053254651036
"ENSG00000178567",-0.0375337051722763,0.0739260739260739,0.110847605295515
"ENSG00000178573",-0.0677084475336788,0.02997002997003,0.0561377525217924
"ENSG00000178585",-0.010554517647854,0.485514485514486,0.542984653537417
"ENSG00000178607",0.0610662367756663,0.020979020979021,0.0454117208439975
"ENSG00000178623",0.0177049834646497,0.576423576423576,0.627885302407191
"ENSG00000178685",0.0456091352120939,0.044955044955045,0.0755305089151028
"ENSG00000178691",-0.0180550016516744,0.348651348651349,0.409108758845139
"ENSG00000178694",0.0119943577146334,0.182817182817183,0.23531079609049
"ENSG00000178695",0.0166162560286914,0.637362637362637,0.684096112871678
"ENSG00000178700",-0.0443010785280225,0.0549450549450549,0.0880322184148341
"ENSG00000178715",-0.0478287761415616,0.211788211788212,0.266576322713734
"ENSG00000178719",0.0910946625733731,0.026973026973027,0.0526151336084788
"ENSG00000178726",0.205981652947414,0.00899100899100899,0.031668800133044
"ENSG00000178741",-0.0407767209228201,0.0729270729270729,0.10954100267936
"ENSG00000178761",-0.0175557041618951,0.024975024975025,0.0503016340120413
"ENSG00000178764",0.0174062273467977,0.24975024975025,0.307719756151169
"ENSG00000178789",0.100338407414666,0.00599400599400599,0.0309698899552726
"ENSG00000178802",-0.0606786293434853,0.00599400599400599,0.0309698899552726
"ENSG00000178814",0.210437628719262,0.00899100899100899,0.031668800133044
"ENSG00000178852",-0.118475221337209,0.024975024975025,0.0503016340120413
"ENSG00000178878",0.00514819199054011,0.726273726273726,0.763435462464589
"ENSG00000178896",0.0197740292972887,0.222777222777223,0.278425193774611
"ENSG00000178904",0.0880051995671876,0.002997002997003,0.0309698899552726
"ENSG00000178913",0.0158543982466205,0.569430569430569,0.621337986509586
"ENSG00000178917",-0.0198644810061872,0.147852147852148,0.197103395772281
"ENSG00000178921",-0.0419996870733554,0.050949050949051,0.0830019919080513
"ENSG00000178922",-0.0373046361313242,0.00799200799200799,0.0313472428354935
"ENSG00000178927",0.105628897259769,0.00599400599400599,0.0309698899552726
"ENSG00000178935",0.104210908774825,0.003996003996004,0.0309698899552726
"ENSG00000178950",0.050530344575802,0.0679320679320679,0.103657642509852
"ENSG00000178951",0.0177853857230106,0.371628371628372,0.432062471725817
"ENSG00000178952",-0.00028204743634872,0.971028971028971,0.975901168575529
"ENSG00000178966",0.0559523692595027,0.028971028971029,0.0550211482575579
"ENSG00000178971",-0.0197170486140531,0.347652347652348,0.408175646159234
"ENSG00000178974",0.0151380775990788,0.00799200799200799,0.0313472428354935
"ENSG00000178977",0.010234853153832,0.364635364635365,0.425166179507889
"ENSG00000178980",-0.0524428057365591,0.00999000999000999,0.0329382551604774
"ENSG00000178982",-0.0210898703400351,0.0699300699300699,0.105979770544714
"ENSG00000178988",-0.0392140723171107,0.041958041958042,0.0717489681633108
"ENSG00000178996",0.100428583167902,0.000999000999000999,0.0309698899552726
"ENSG00000179010",0.0487158078705553,0.000999000999000999,0.0309698899552726
"ENSG00000179021",-0.033028919474948,0.0779220779220779,0.115641829151338
"ENSG00000179029",-0.00310329534151212,0.773226773226773,0.80588321573492
"ENSG00000179041",-0.0253714579971479,0.161838161838162,0.212240400367856
"ENSG00000179051",-0.00780930990689648,0.714285714285714,0.753205730831422
"ENSG00000179082",0.0371911344667617,0.0959040959040959,0.137195027327154
"ENSG00000179085",-0.0258894868862014,0.112887112887113,0.157241228868489
"ENSG00000179088",-0.0890785057017661,0.024975024975025,0.0503016340120413
"ENSG00000179091",-0.00704719065948373,0.636363636363636,0.683267951560634
"ENSG00000179094",0.00278766138666543,0.912087912087912,0.925800044550044
"ENSG00000179101",0.168634290091291,0.00599400599400599,0.0309698899552726
"ENSG00000179104",-0.0218688955435075,0.228771228771229,0.284791032460392
"ENSG00000179115",-0.0244495322079655,0.0779220779220779,0.115641829151338
"ENSG00000179119",0.0355328612249077,0.00799200799200799,0.0313472428354935
"ENSG00000179134",0.0718778602415392,0.033966033966034,0.0614579638969883
"ENSG00000179144",-0.104601742692321,0.00599400599400599,0.0309698899552726
"ENSG00000179151",-0.00496322534202999,0.702297702297702,0.742649695223386
"ENSG00000179152",-0.0284477682760439,0.125874125874126,0.171884472759373
"ENSG00000179163",-0.00677707341079697,0.687312687312687,0.729370761688642
"ENSG00000179195",-0.0608393554279059,0.002997002997003,0.0309698899552726
"ENSG00000179218",-0.033645519026897,0.124875124875125,0.170791993939826
"ENSG00000179222",-0.040727899712864,0.0889110889110889,0.128801044664111
"ENSG00000179240",-0.0529322940653855,0.0769230769230769,0.114541139692918
"ENSG00000179262",-0.0161166035233209,0.495504495504495,0.552870952276764
"ENSG00000179271",-0.0618117123490552,0.011988011988012,0.0350284289015142
"ENSG00000179295",-0.00806274849963721,0.384615384615385,0.444580907214359
"ENSG00000179299",0.196559479268162,0.00699300699300699,0.0311612747652792
"ENSG00000179331",-0.0065802436719934,0.85014985014985,0.872958039909509
"ENSG00000179335",0.0644958654214967,0.00599400599400599,0.0309698899552726
"ENSG00000179348",0.159368666376899,0.038961038961039,0.0678698023240711
"ENSG00000179361",0.0632148078434917,0.011988011988012,0.0350284289015142
"ENSG00000179364",-0.0507351239670974,0.028971028971029,0.0550211482575579
"ENSG00000179387",0.00352764815681055,0.838161838161838,0.862564563369496
"ENSG00000179409",-0.0350599981957451,0.0719280719280719,0.108379083303858
"ENSG00000179454",0.000375323806965635,0.973026973026973,0.977500473279124
"ENSG00000179456",0.0906470060160944,0.00899100899100899,0.031668800133044
"ENSG00000179476",-0.0381541675765481,0.167832167832168,0.218788045667317
"ENSG00000179523",-0.00183388958996655,0.867132867132867,0.887817583677185
"ENSG00000179526",0.0366750693150659,0.126873126873127,0.172953861021012
"ENSG00000179532",-0.0697481173645291,0.026973026973027,0.0526151336084788
"ENSG00000179542",-0.0132653114846034,0.696303696303696,0.737284389619191
"ENSG00000179562",0.0696483176302917,0.002997002997003,0.0309698899552726
"ENSG00000179583",-0.0117695076789455,0.546453546453546,0.600409464369969
"ENSG00000179588",-0.00535180150637158,0.799200799200799,0.828785503908465
"ENSG00000179598",-0.0315608922653018,0.128871128871129,0.175260068662807
"ENSG00000179604",0.0826642034236994,0.012987012987013,0.0360623664690208
"ENSG00000179611",0.00627169607739633,0.714285714285714,0.753205730831422
"ENSG00000179627",-0.0234079695678343,0.152847152847153,0.20252669050905
"ENSG00000179630",-0.0406241218453308,0.167832167832168,0.218788045667317
"ENSG00000179632",0.0272107201663595,0.187812187812188,0.240811572935759
"ENSG00000179715",-0.0952957188496965,0.011988011988012,0.0350284289015142
"ENSG00000179743",0.0179510762349417,0.14985014985015,0.199368880870043
"ENSG00000179761",0.0667704181291724,0.001998001998002,0.0309698899552726
"ENSG00000179818",0.0985771612385028,0.00599400599400599,0.0309698899552726
"ENSG00000179820",0.176191981906492,0.014985014985015,0.0380820279318905
"ENSG00000179832",-0.0269364978235775,0.208791208791209,0.263355661970272
"ENSG00000179833",0.0335256809504856,0.03996003996004,0.0691988127146629
"ENSG00000179837",-0.00316011511264881,0.673326673326673,0.717188687409373
"ENSG00000179841",-0.0636020358152341,0.200799200799201,0.254772465709966
"ENSG00000179859",-0.0670231871714806,0.003996003996004,0.0309698899552726
"ENSG00000179869",0.074174772895983,0.036963036963037,0.0654036775944903
"ENSG00000179886",-0.00891524686972845,0.440559440559441,0.499636062719954
"ENSG00000179889",-0.0341667379147826,0.041958041958042,0.0717489681633108
"ENSG00000179899",-0.0672866886050363,0.044955044955045,0.0755305089151028
"ENSG00000179909",-0.0380005615488302,0.170829170829171,0.222164806300722
"ENSG00000179912",-0.0036708854899474,0.714285714285714,0.753205730831422
"ENSG00000179918",0.0378058958325443,0.00599400599400599,0.0309698899552726
"ENSG00000179921",0.0400096850323793,0.255744255744256,0.314010468485336
"ENSG00000179922",0.0232887774132361,0.101898101898102,0.144513970806159
"ENSG00000179933",0.0135299266807326,0.011988011988012,0.0350284289015142
"ENSG00000179941",-0.024361009979534,0.12987012987013,0.176359233986353
"ENSG00000179943",0.0013810492346621,0.925074925074925,0.936688048660414
"ENSG00000179950",-0.00143345734908763,0.906093906093906,0.920960467137734
"ENSG00000179958",-0.0409953851981775,0.031968031968032,0.0588078690022667
"ENSG00000179967",0.00319470464334783,0.755244755244755,0.789469554538703
"ENSG00000179978",0.117616763170322,0.003996003996004,0.0309698899552726
"ENSG00000179979",0.00366994623064622,0.807192807192807,0.836063359203926
"ENSG00000179981",-0.0498111417046827,0.015984015984016,0.0392432899072327
"ENSG00000179988",-0.0462522878036274,0.0599400599400599,0.0941400470935233
"ENSG00000180008",-0.0315662290194529,0.175824175824176,0.227699886320576
"ENSG00000180011",-0.0349660321188779,0.01998001998002,0.044196554411905
"ENSG00000180015",0.0340046889458959,0.0589410589410589,0.0929842014116102
"ENSG00000180035",-0.0384001934381581,0.02997002997003,0.0561377525217924
"ENSG00000180089",0.0645076791054553,0.0629370629370629,0.0977484650268315
"ENSG00000180096",-0.0635607170700716,0.02997002997003,0.0561377525217924
"ENSG00000180098",-0.0353296028426721,0.021978021978022,0.0464939039133723
"ENSG00000180104",0.041387616170099,0.047952047952048,0.0794112873484515
"ENSG00000180139",-0.0523495059034214,0.021978021978022,0.0464939039133723
"ENSG00000180172",-0.0817811836666573,0.020979020979021,0.0454117208439975
"ENSG00000180182",-0.00651217900785779,0.435564435564436,0.494858516412686
"ENSG00000180185",-0.0108657248261394,0.443556443556444,0.502702879919025
"ENSG00000180198",-0.0238769915588375,0.107892107892108,0.151406743653357
"ENSG00000180211",-0.234321142329358,0.01998001998002,0.044196554411905
"ENSG00000180221",0.141200794045944,0.014985014985015,0.0380820279318905
"ENSG00000180228",-0.0566937604765946,0.00799200799200799,0.0313472428354935
"ENSG00000180233",0.00194924972568517,0.831168831168831,0.856761901791493
"ENSG00000180257",-0.0775357045065941,0.033966033966034,0.0614579638969883
"ENSG00000180263",0.00189734501938143,0.934065934065934,0.944836663210538
"ENSG00000180304",0.143918477199661,0.004995004995005,0.0309698899552726
"ENSG00000180316",0.163294981456563,0.002997002997003,0.0309698899552726
"ENSG00000180329",-0.0458055796626022,0.00899100899100899,0.031668800133044
"ENSG00000180346",-0.0781475321713035,0.021978021978022,0.0464939039133723
"ENSG00000180353",0.130588002987539,0.002997002997003,0.0309698899552726
"ENSG00000180354",0.0649764122287848,0.00599400599400599,0.0309698899552726
"ENSG00000180357",-0.0644829516544241,0.000999000999000999,0.0309698899552726
"ENSG00000180370",0.0896012717005309,0.00799200799200799,0.0313472428354935
"ENSG00000180376",-0.113490242487458,0.00699300699300699,0.0311612747652792
"ENSG00000180385",-0.0147355887828374,0.366633366633367,0.427081496578443
"ENSG00000180389",-0.0323922203876365,0.327672327672328,0.388321273441084
"ENSG00000180398",-0.0160619182137002,0.0929070929070929,0.133543528591968
"ENSG00000180423",0.0231182838683499,0.0689310689310689,0.104835938548923
"ENSG00000180425",-0.0299361535483295,0.022977022977023,0.0478078016166659
"ENSG00000180448",0.0667596863942637,0.012987012987013,0.0360623664690208
"ENSG00000180479",-0.106984933683934,0.00799200799200799,0.0313472428354935
"ENSG00000180488",-0.0658251144810049,0.00699300699300699,0.0311612747652792
"ENSG00000180509",0.122627987262306,0.00999000999000999,0.0329382551604774
"ENSG00000180530",-0.0489953202736086,0.023976023976024,0.0489374755679103
"ENSG00000180539",0.11045106844461,0.00699300699300699,0.0311612747652792
"ENSG00000180543",-0.0511838292964294,0.163836163836164,0.214486167427344
"ENSG00000180549",0.167422705020248,0.004995004995005,0.0309698899552726
"ENSG00000180573",0.0731288085564675,0.00599400599400599,0.0309698899552726
"ENSG00000180574",-0.0178917961681024,0.051948051948052,0.084286713691331
"ENSG00000180581",-0.0531726551282691,0.0859140859140859,0.125168564009636
"ENSG00000180596",0.0265757594059395,0.00999000999000999,0.0329382551604774
"ENSG00000180611",-0.0863832960889857,0.014985014985015,0.0380820279318905
"ENSG00000180626",-0.0771114654529047,0.051948051948052,0.084286713691331
"ENSG00000180628",-0.0257361911063792,0.032967032967033,0.0601301870083172
"ENSG00000180667",0.00329707684150438,0.842157842157842,0.866231850997342
"ENSG00000180673",-0.0362293182716336,0.02997002997003,0.0561377525217924
"ENSG00000180694",-0.0440873086141704,0.01998001998002,0.044196554411905
"ENSG00000180747",-0.0213193960549028,0.175824175824176,0.227699886320576
"ENSG00000180758",0.0901551802385478,0.01998001998002,0.044196554411905
"ENSG00000180764",0.0479065206778819,0.000999000999000999,0.0309698899552726
"ENSG00000180771",-0.0538964000009941,0.014985014985015,0.0380820279318905
"ENSG00000180773",-0.00789692700039685,0.641358641358641,0.687770871049179
"ENSG00000180776",-0.0375926167924194,0.0699300699300699,0.105979770544714
"ENSG00000180787",-0.0738464137384803,0.032967032967033,0.0601301870083172
"ENSG00000180817",-0.0752824170452857,0.038961038961039,0.0678698023240711
"ENSG00000180822",-0.0629006924496897,0.00699300699300699,0.0311612747652792
"ENSG00000180855",-0.0616016562027143,0.032967032967033,0.0601301870083172
"ENSG00000180867",-0.0112185035576449,0.353646353646354,0.414363057241092
"ENSG00000180879",-0.0459727858738882,0.010989010989011,0.0339239491564177
"ENSG00000180881",-0.0922421954854768,0.004995004995005,0.0309698899552726
"ENSG00000180884",-0.0482175722501562,0.00799200799200799,0.0313472428354935
"ENSG00000180891",0.0996192035443209,0.00799200799200799,0.0313472428354935
"ENSG00000180900",-0.037321266265107,0.0959040959040959,0.137195027327154
"ENSG00000180901",0.0683968046249927,0.003996003996004,0.0309698899552726
"ENSG00000180902",-0.0444902473156728,0.044955044955045,0.0755305089151028
"ENSG00000180917",-0.0651441328655529,0.016983016983017,0.0404964083535512
"ENSG00000180938",-0.0781463763597502,0.038961038961039,0.0678698023240711
"ENSG00000180953",0.180791417885582,0.00799200799200799,0.0313472428354935
"ENSG00000180957",-0.0234984142913162,0.111888111888112,0.156211817921855
"ENSG00000180964",-0.098989328653012,0.01998001998002,0.044196554411905
"ENSG00000180979",0.0414867299679157,0.012987012987013,0.0360623664690208
"ENSG00000180992",-0.0730236863020901,0.00599400599400599,0.0309698899552726
"ENSG00000181004",-0.0483300122283747,0.0899100899100899,0.130013170561841
"ENSG00000181007",-0.0666491444751261,0.044955044955045,0.0755305089151028
"ENSG00000181016",0.181406273153199,0.00999000999000999,0.0329382551604774
"ENSG00000181026",-0.054450927874297,0.020979020979021,0.0454117208439975
"ENSG00000181027",0.00459292780884611,0.568431568431568,0.620529620257116
"ENSG00000181035",-0.0407404331996946,0.038961038961039,0.0678698023240711
"ENSG00000181036",-0.0679983300747762,0.383616383616384,0.443682195967828
"ENSG00000181038",-0.0484393309285659,0.025974025974026,0.0514006000585945
"ENSG00000181045",-0.0524567685924514,0.00999000999000999,0.0329382551604774
"ENSG00000181061",-0.0143959153933675,0.615384615384615,0.663826614100378
"ENSG00000181090",0.0111374853651105,0.442557442557443,0.501665284347797
"ENSG00000181104",-0.0182355997860632,0.659340659340659,0.7044142629528
"ENSG00000181135",-0.0210433916688895,0.0819180819180819,0.120368200084547
"ENSG00000181163",-0.100575738047537,0.00599400599400599,0.0309698899552726
"ENSG00000181191",-0.0565568747098357,0.014985014985015,0.0380820279318905
"ENSG00000181192",0.0951757383848556,0.00599400599400599,0.0309698899552726
"ENSG00000181218",-0.0329683951212071,0.0609390609390609,0.0952980656298809
"ENSG00000181220",0.15207245400556,0.00799200799200799,0.0313472428354935
"ENSG00000181222",0.0567037357858542,0.0639360639360639,0.0989420057151193
"ENSG00000181274",0.215532939392697,0.003996003996004,0.0309698899552726
"ENSG00000181284",-0.0231072594039672,0.0969030969030969,0.138393513794583
"ENSG00000181315",0.00682400870129665,0.687312687312687,0.729370761688642
"ENSG00000181350",0.0742578487047282,0.00899100899100899,0.031668800133044
"ENSG00000181381",0.131998051198903,0.003996003996004,0.0309698899552726
"ENSG00000181396",-0.0368978411662036,0.015984015984016,0.0392432899072327
"ENSG00000181409",0.254153578173296,0.003996003996004,0.0309698899552726
"ENSG00000181444",0.189937623251209,0.004995004995005,0.0309698899552726
"ENSG00000181450",-0.0736092692863385,0.01998001998002,0.044196554411905
"ENSG00000181467",-0.0139109514722729,0.277722277722278,0.337035881416372
"ENSG00000181472",0.00857770336887085,0.0909090909090909,0.131142174354274
"ENSG00000181481",0.0658806172364755,0.010989010989011,0.0339239491564177
"ENSG00000181513",-0.0686394685304563,0.018981018981019,0.0430078970802953
"ENSG00000181523",-0.0482238154407973,0.044955044955045,0.0755305089151028
"ENSG00000181524",-0.128767380981533,0.011988011988012,0.0350284289015142
"ENSG00000181544",-0.0215943194219203,0.298701298701299,0.35901512229145
"ENSG00000181555",0.0116089907217912,0.0769230769230769,0.114541139692918
"ENSG00000181588",-0.0717539790553182,0.00799200799200799,0.0313472428354935
"ENSG00000181610",-0.0736955325735243,0.00999000999000999,0.0329382551604774
"ENSG00000181619",-0.0583087664247209,0.002997002997003,0.0309698899552726
"ENSG00000181666",-0.0433219873336021,0.010989010989011,0.0339239491564177
"ENSG00000181690",-0.109742749109588,0.003996003996004,0.0309698899552726
"ENSG00000181704",0.018705091372581,0.0549450549450549,0.0880322184148341
"ENSG00000181722",-0.0517583936143013,0.010989010989011,0.0339239491564177
"ENSG00000181744",-0.0240009370851495,0.0899100899100899,0.130013170561841
"ENSG00000181751",0.0264491488605793,0.018981018981019,0.0430078970802953
"ENSG00000181754",-0.078880419779801,0.041958041958042,0.0717489681633108
"ENSG00000181778",0.227049228973672,0.004995004995005,0.0309698899552726
"ENSG00000181788",0.0397379958503032,0.0809190809190809,0.119235595204207
"ENSG00000181789",0.0629110542035144,0.00899100899100899,0.031668800133044
"ENSG00000181804",-0.0368330560157941,0.02997002997003,0.0561377525217924
"ENSG00000181817",0.0625714286841743,0.000999000999000999,0.0309698899552726
"ENSG00000181826",0.105682073662158,0.00899100899100899,0.031668800133044
"ENSG00000181827",-0.0864374628589618,0.00999000999000999,0.0329382551604774
"ENSG00000181830",-0.0258082131308597,0.044955044955045,0.0755305089151028
"ENSG00000181847",-0.0820552532421667,0.012987012987013,0.0360623664690208
"ENSG00000181852",0.0479260972908916,0.004995004995005,0.0309698899552726
"ENSG00000181873",-0.0193437046084006,0.175824175824176,0.227699886320576
"ENSG00000181894",-0.058996523191135,0.00699300699300699,0.0311612747652792
"ENSG00000181896",-0.0388680761870111,0.036963036963037,0.0654036775944903
"ENSG00000181904",-0.0509420859294161,0.010989010989011,0.0339239491564177
"ENSG00000181915",-0.0578515616059373,0.00899100899100899,0.031668800133044
"ENSG00000181924",-0.0524317333646969,0.015984015984016,0.0392432899072327
"ENSG00000181929",0.00779697684361289,0.412587412587413,0.472325731041677
"ENSG00000181982",0.05780181909178,0.0609390609390609,0.0952980656298809
"ENSG00000181991",-0.0142239463578831,0.190809190809191,0.244159375547791
"ENSG00000182004",-0.0735662628283795,0.021978021978022,0.0464939039133723
"ENSG00000182010",-0.120691110470699,0.012987012987013,0.0360623664690208
"ENSG00000182054",-0.00031783989596223,0.989010989010989,0.990824780421313
"ENSG00000182087",0.013123160187062,0.2997002997003,0.359855949824978
"ENSG00000182093",0.0161454167266373,0.305694305694306,0.365883295073615
"ENSG00000182095",0.102655854436137,0.027972027972028,0.0538126832348059
"ENSG00000182108",-0.0397172734672249,0.00999000999000999,0.0329382551604774
"ENSG00000182117",0.0958403050505475,0.011988011988012,0.0350284289015142
"ENSG00000182118",-0.0423845162348883,0.01998001998002,0.044196554411905
"ENSG00000182134",-0.0585184705343587,0.015984015984016,0.0392432899072327
"ENSG00000182141",-0.0253160987752053,0.228771228771229,0.284791032460392
"ENSG00000182149",0.0651386924069405,0.002997002997003,0.0309698899552726
"ENSG00000182150",-0.0321220708223438,0.034965034965035,0.0627459743481843
"ENSG00000182154",-0.0422156453944339,0.00799200799200799,0.0313472428354935
"ENSG00000182158",-0.0248211622265287,0.138861138861139,0.186733038696785
"ENSG00000182165",-0.0839441876369387,0.002997002997003,0.0309698899552726
"ENSG00000182173",-0.0611479574419508,0.021978021978022,0.0464939039133723
"ENSG00000182179",0.0193647268714876,0.263736263736264,0.322308563919302
"ENSG00000182180",-0.0135769569478177,0.101898101898102,0.144513970806159
"ENSG00000182183",-0.0777291777152712,0.011988011988012,0.0350284289015142
"ENSG00000182185",-0.0516312307157289,0.00699300699300699,0.0311612747652792
"ENSG00000182197",0.062996931529986,0.002997002997003,0.0309698899552726
"ENSG00000182199",-0.0359116757770891,0.047952047952048,0.0794112873484515
"ENSG00000182208",0.0109323031836091,0.222777222777223,0.278425193774611
"ENSG00000182220",0.0438248763413166,0.0759240759240759,0.113433061220232
"ENSG00000182224",-0.0239795365782858,0.0689310689310689,0.104835938548923
"ENSG00000182240",-0.0170008464853613,0.300699300699301,0.360695098892524
"ENSG00000182247",-0.0417638250380444,0.106893106893107,0.150232880205983
"ENSG00000182253",0.00367780784788773,0.935064935064935,0.945608413800942
"ENSG00000182287",-0.025458555501129,0.511488511488511,0.567858561761564
"ENSG00000182307",-0.0400744361989463,0.012987012987013,0.0360623664690208
"ENSG00000182308",0.132225236506705,0.004995004995005,0.0309698899552726
"ENSG00000182310",0.139673985558636,0.00699300699300699,0.0311612747652792
"ENSG00000182318",-0.0120959802365124,0.272727272727273,0.331946157953855
"ENSG00000182319",-0.0616895171503018,0.0819180819180819,0.120368200084547
"ENSG00000182325",-0.0212513835490728,0.242757242757243,0.300242517593552
"ENSG00000182359",-0.0859644098269092,0.01998001998002,0.044196554411905
"ENSG00000182362",-0.0445734713782827,0.041958041958042,0.0717489681633108
"ENSG00000182372",-0.0307166858917841,0.016983016983017,0.0404964083535512
"ENSG00000182389",0.062732062187892,0.0889110889110889,0.128801044664111
"ENSG00000182400",-0.0165249123091812,0.264735264735265,0.323463644935788
"ENSG00000182405",-0.060513848654913,0.0649350649350649,0.100075610462889
"ENSG00000182446",0.0309262607711502,0.026973026973027,0.0526151336084788
"ENSG00000182463",-0.101353046156107,0.031968031968032,0.0588078690022667
"ENSG00000182472",-0.0471594082536587,0.0629370629370629,0.0977484650268315
"ENSG00000182473",0.0207110881842696,0.260739260739261,0.319035271387135
"ENSG00000182487",0.194906490233528,0.001998001998002,0.0309698899552726
"ENSG00000182500",0.0345888719446708,0.022977022977023,0.0478078016166659
"ENSG00000182504",0.0525131266089356,0.00799200799200799,0.0313472428354935
"ENSG00000182512",-0.00964855883001046,0.62037962037962,0.668614678299908
"ENSG00000182518",-0.0270618691114927,0.178821178821179,0.231033425830244
"ENSG00000182534",-0.0170849062692374,0.66033966033966,0.705230786275841
"ENSG00000182541",0.226054617562921,0.004995004995005,0.0309698899552726
"ENSG00000182544",0.0311326221425576,0.033966033966034,0.0614579638969883
"ENSG00000182551",0.00899459701935987,0.228771228771229,0.284791032460392
"ENSG00000182552",-0.00896188256234375,0.58041958041958,0.631208263277759
"ENSG00000182557",-0.0616038820879869,0.002997002997003,0.0309698899552726
"ENSG00000182568",-0.0636548149582506,0.018981018981019,0.0430078970802953
"ENSG00000182572",-0.0590425312604809,0.022977022977023,0.0478078016166659
"ENSG00000182578",0.0410151156398309,0.257742257742258,0.315947210684053
"ENSG00000182584",-0.02102907604043,0.145854145854146,0.194807193251292
"ENSG00000182606",0.00521855463865283,0.500499500499501,0.557305938756879
"ENSG00000182621",-0.019244012719805,0.303696303696304,0.363854269546623
"ENSG00000182628",-0.0578611439539424,0.048951048951049,0.0806102639481647
"ENSG00000182670",-0.0568517406452125,0.010989010989011,0.0339239491564177
"ENSG00000182685",0.0271634754198942,0.0789210789210789,0.116778321407723
"ENSG00000182700",-0.0837572595825455,0.003996003996004,0.0309698899552726
"ENSG00000182718",-0.00970221825372272,0.69030969030969,0.732034047308026
"ENSG00000182732",0.0352991461523436,0.156843156843157,0.206795508386293
"ENSG00000182749",-0.0100262906768058,0.658341658341658,0.703659734075956
"ENSG00000182768",-0.0389608084713231,0.00599400599400599,0.0309698899552726
"ENSG00000182782",0.252476783379467,0.004995004995005,0.0309698899552726
"ENSG00000182796",-0.0802264742491224,0.00999000999000999,0.0329382551604774
"ENSG00000182809",-0.0673812220391392,0.045954045954046,0.0767902842430095
"ENSG00000182810",-0.0400945731240624,0.000999000999000999,0.0309698899552726
"ENSG00000182827",0.00557709618683842,0.609390609390609,0.65848375684736
"ENSG00000182831",0.122760080918912,0.002997002997003,0.0309698899552726
"ENSG00000182841",-0.0576177368324855,0.018981018981019,0.0430078970802953
"ENSG00000182858",0.000204717644746525,0.984015984015984,0.986560782172695
"ENSG00000182871",0.17565378196002,0.00799200799200799,0.0313472428354935
"ENSG00000182872",0.0420813706965636,0.025974025974026,0.0514006000585945
"ENSG00000182890",-0.0248980938384796,0.136863136863137,0.184521110480276
"ENSG00000182899",-0.141493033771781,0.016983016983017,0.0404964083535512
"ENSG00000182903",-0.0604281107101301,0.0599400599400599,0.0941400470935233
"ENSG00000182909",-0.0251059753328421,0.0819180819180819,0.120368200084547
"ENSG00000182919",0.0420369346959012,0.048951048951049,0.0806102639481647
"ENSG00000182923",0.130620467829609,0.00699300699300699,0.0311612747652792
"ENSG00000182934",0.0328502553673625,0.04995004995005,0.0818292939339832
"ENSG00000182944",0.0302310261058382,0.002997002997003,0.0309698899552726
"ENSG00000182952",-0.0257550330995183,0.021978021978022,0.0464939039133723
"ENSG00000182957",0.044107980942771,0.001998001998002,0.0309698899552726
"ENSG00000182973",0.0070939004582798,0.171828171828172,0.223319019036549
"ENSG00000182979",-0.0516657032115703,0.013986013986014,0.0370555370555371
"ENSG00000182986",-0.0580996474434081,0.02997002997003,0.0561377525217924
"ENSG00000183011",-0.0259877820242642,0.185814185814186,0.238606142228324
"ENSG00000183019",0.16822671511661,0.00599400599400599,0.0309698899552726
"ENSG00000183020",-0.0145634258817129,0.275724275724276,0.334983253705453
"ENSG00000183022",0.0459645147321661,0.030969030969031,0.0574804346232918
"ENSG00000183023",0.115044896644826,0.012987012987013,0.0360623664690208
"ENSG00000183044",0.138398376733187,0.001998001998002,0.0309698899552726
"ENSG00000183049",0.0963344037290246,0.015984015984016,0.0392432899072327
"ENSG00000183060",-0.0630043932211311,0.000999000999000999,0.0309698899552726
"ENSG00000183066",-0.0795048904009817,0.021978021978022,0.0464939039133723
"ENSG00000183077",0.0139814547288011,0.396603396603397,0.45646232717675
"ENSG00000183087",-0.0382617760382007,0.25974025974026,0.317974782678867
"ENSG00000183091",-0.00253849482343234,0.836163836163836,0.860876979612523
"ENSG00000183134",-0.00821825450425469,0.727272727272727,0.7643518702548
"ENSG00000183137",-0.0685146047043518,0.040959040959041,0.0705122123257061
"ENSG00000183155",0.0499129565857748,0.000999000999000999,0.0309698899552726
"ENSG00000183161",-0.0757712661725582,0.00799200799200799,0.0313472428354935
"ENSG00000183172",-0.0606101158305926,0.015984015984016,0.0392432899072327
"ENSG00000183199",-0.0703009636823731,0.002997002997003,0.0309698899552726
"ENSG00000183207",-0.0260478633727684,0.152847152847153,0.20252669050905
"ENSG00000183208",-0.0110773933240537,0.472527472527473,0.53073225839581
"ENSG00000183255",0.0948992254260133,0.001998001998002,0.0309698899552726
"ENSG00000183258",0.0162730960652334,0.280719280719281,0.340123431362468
"ENSG00000183283",0.120994823209066,0.001998001998002,0.0309698899552726
"ENSG00000183291",0.00237885128794598,0.863136863136863,0.884253586325021
"ENSG00000183298",-0.0887490767088052,0.043956043956044,0.0742673606444167
"ENSG00000183307",0.179106738008472,0.003996003996004,0.0309698899552726
"ENSG00000183309",-0.0300541248793886,0.013986013986014,0.0370555370555371
"ENSG00000183323",0.119868268624469,0.003996003996004,0.0309698899552726
"ENSG00000183337",-0.0150800769458671,0.235764235764236,0.292436225143419
"ENSG00000183340",-0.0619470312802397,0.042957042957043,0.0729589799685899
"ENSG00000183354",-0.00408738160974055,0.544455544455544,0.598706810620069
"ENSG00000183386",0.0567630039655041,0.113886113886114,0.158449098944584
"ENSG00000183401",0.0379262744358596,0.00699300699300699,0.0311612747652792
"ENSG00000183405",-0.23863882359426,0.016983016983017,0.0404964083535512
"ENSG00000183431",-0.0367351948708091,0.00699300699300699,0.0311612747652792
"ENSG00000183444",-0.0501931176355206,0.031968031968032,0.0588078690022667
"ENSG00000183473",-0.0384149059660487,0.348651348651349,0.409108758845139
"ENSG00000183474",0.0113341010645447,0.42957042957043,0.489065689899339
"ENSG00000183475",0.0540728688158365,0.003996003996004,0.0309698899552726
"ENSG00000183484",0.0253393615113392,0.036963036963037,0.0654036775944903
"ENSG00000183486",0.170420275498473,0.003996003996004,0.0309698899552726
"ENSG00000183495",-0.0439099861520449,0.0579420579420579,0.0917937849126882
"ENSG00000183508",0.0187471169683806,0.591408591408591,0.641243995989575
"ENSG00000183513",-0.0340703203314433,0.01998001998002,0.044196554411905
"ENSG00000183520",-0.0366544993300472,0.01998001998002,0.044196554411905
"ENSG00000183527",-0.0679514772158534,0.00799200799200799,0.0313472428354935
"ENSG00000183530",0.039605582547931,0.002997002997003,0.0309698899552726
"ENSG00000183576",-0.0465845832032915,0.02997002997003,0.0561377525217924
"ENSG00000183597",0.0662159802019331,0.033966033966034,0.0614579638969883
"ENSG00000183598",0.0161953837865176,0.22977022977023,0.285768252238293
"ENSG00000183604",-0.0141736610195417,0.341658341658342,0.402396114273809
"ENSG00000183605",-0.0431064190363291,0.015984015984016,0.0392432899072327
"ENSG00000183617",-0.0188623881056898,0.286713286713287,0.346756594517488
"ENSG00000183621",0.146938766656504,0.001998001998002,0.0309698899552726
"ENSG00000183624",-0.00193010472980072,0.888111888111888,0.905209793175191
"ENSG00000183647",-0.0401760221405108,0.033966033966034,0.0614579638969883
"ENSG00000183648",-0.0278839832208066,0.232767232767233,0.289076842347484
"ENSG00000183655",-0.0239906987705842,0.246753246753247,0.304620495067336
"ENSG00000183665",-0.0333299968883537,0.015984015984016,0.0392432899072327
"ENSG00000183666",-0.0695747677013802,0.003996003996004,0.0309698899552726
"ENSG00000183684",0.00264292811035444,0.862137862137862,0.883380750888637
"ENSG00000183688",0.150924585507009,0.002997002997003,0.0309698899552726
"ENSG00000183690",0.0872534374801562,0.020979020979021,0.0454117208439975
"ENSG00000183691",-0.143683610925485,0.0599400599400599,0.0941400470935233
"ENSG00000183696",0.0208332371932527,0.0669330669330669,0.102576077327416
"ENSG00000183718",-0.0437332137480863,0.024975024975025,0.0503016340120413
"ENSG00000183723",0.0114739759660039,0.440559440559441,0.499636062719954
"ENSG00000183726",0.0756496436234432,0.001998001998002,0.0309698899552726
"ENSG00000183734",0.015757504934264,0.694305694305694,0.735557637003335
"ENSG00000183735",0.0384122666518236,0.0739260739260739,0.110847605295515
"ENSG00000183741",0.00949399926715669,0.486513486513487,0.543899449387821
"ENSG00000183742",-0.0378225469895477,0.306693306693307,0.366932818301658
"ENSG00000183751",-0.0139084176180003,0.36963036963037,0.430155687248744
"ENSG00000183762",0.292883594456389,0.00599400599400599,0.0309698899552726
"ENSG00000183765",-0.0491441086846007,0.01998001998002,0.044196554411905
"ENSG00000183773",-0.00650015145805106,0.808191808191808,0.836953826010267
"ENSG00000183784",0.116556922651823,0.00799200799200799,0.0313472428354935
"ENSG00000183808",-0.0151855364470734,0.346653346653347,0.407241438912993
"ENSG00000183813",-0.0427419148532888,0.118881118881119,0.164276565104437
"ENSG00000183814",-0.077637397855476,0.0669330669330669,0.102576077327416
"ENSG00000183826",-0.00320177007278482,0.749250749250749,0.784158800356658
"ENSG00000183828",-0.0627241875277871,0.00899100899100899,0.031668800133044
"ENSG00000183837",-0.0692341811411729,0.013986013986014,0.0370555370555371
"ENSG00000183864",0.00617176607374814,0.656343656343656,0.701898741941454
"ENSG00000183891",0.00206858195739535,0.91008991008991,0.924318477094612
"ENSG00000183935",0.010584061097972,0.536463536463537,0.591216761230516
"ENSG00000183943",-0.0373864757658542,0.015984015984016,0.0392432899072327
"ENSG00000183955",0.0320397292768929,0.013986013986014,0.0370555370555371
"ENSG00000183960",-0.0554421241282463,0.446553446553447,0.505432220821183
"ENSG00000183978",-0.0528034710578919,0.00599400599400599,0.0309698899552726
"ENSG00000184005",0.0839893866173614,0.00599400599400599,0.0309698899552726
"ENSG00000184007",-0.01166034305886,0.342657342657343,0.403296047797076
"ENSG00000184009",0.0518821242025306,0.00799200799200799,0.0313472428354935
"ENSG00000184014",0.149594132061969,0.003996003996004,0.0309698899552726
"ENSG00000184047",-0.00290145274419031,0.658341658341658,0.703659734075956
"ENSG00000184056",-0.0207239930264037,0.050949050949051,0.0830019919080513
"ENSG00000184060",-0.00461048358245659,0.884115884115884,0.901672156763807
"ENSG00000184076",-0.0325747011823319,0.0639360639360639,0.0989420057151193
"ENSG00000184083",-0.0695142066855981,0.002997002997003,0.0309698899552726
"ENSG00000184100",-0.00968993738554499,0.196803196803197,0.250363164939221
"ENSG00000184113",0.0615525242281227,0.0919080919080919,0.132329154013592
"ENSG00000184117",-0.0245042797752687,0.038961038961039,0.0678698023240711
"ENSG00000184154",0.105784022093789,0.00799200799200799,0.0313472428354935
"ENSG00000184162",-0.0588771527820773,0.002997002997003,0.0309698899552726
"ENSG00000184164",0.00188392100954625,0.838161838161838,0.862564563369496
"ENSG00000184178",-0.0379486597355048,0.032967032967033,0.0601301870083172
"ENSG00000184182",-0.00361826321719681,0.736263736263736,0.772720075313735
"ENSG00000184203",-0.0291028871228682,0.050949050949051,0.0830019919080513
"ENSG00000184205",-0.0647819884142412,0.010989010989011,0.0339239491564177
"ENSG00000184207",0.00978365002516165,0.112887112887113,0.157241228868489
"ENSG00000184208",-0.0301423654699063,0.038961038961039,0.0678698023240711
"ENSG00000184209",0.0430795788365411,0.000999000999000999,0.0309698899552726
"ENSG00000184216",0.0263665886857593,0.112887112887113,0.157241228868489
"ENSG00000184220",-0.0914784888575891,0.004995004995005,0.0309698899552726
"ENSG00000184221",0.00201641793490684,0.86013986013986,0.881709385803552
"ENSG00000184226",-0.0496895044846442,0.529470529470529,0.584850810953752
"ENSG00000184232",0.0212751805257331,0.529470529470529,0.584850810953752
"ENSG00000184260",-0.0185616349548259,0.03996003996004,0.0691988127146629
"ENSG00000184270",0.0154221102829519,0.277722277722278,0.337035881416372
"ENSG00000184271",-0.08935273745186,0.004995004995005,0.0309698899552726
"ENSG00000184277",0.021794435429089,0.030969030969031,0.0574804346232918
"ENSG00000184281",0.0179268285332149,0.048951048951049,0.0806102639481647
"ENSG00000184293",-0.125419156867569,0.014985014985015,0.0380820279318905
"ENSG00000184305",-0.0760449870706409,0.050949050949051,0.0830019919080513
"ENSG00000184307",-0.0647355743354484,0.027972027972028,0.0538126832348059
"ENSG00000184319",-0.0320058104961564,0.344655344655345,0.40525075159651
"ENSG00000184348",-0.0310388082822513,0.0549450549450549,0.0880322184148341
"ENSG00000184357",-0.0277535586508803,0.223776223776224,0.279470295889292
"ENSG00000184381",-0.00644068604352022,0.749250749250749,0.784158800356658
"ENSG00000184384",-0.02468421742136,0.145854145854146,0.194807193251292
"ENSG00000184402",-0.0385265134838821,0.001998001998002,0.0309698899552726
"ENSG00000184428",-0.0390667886377989,0.0709290709290709,0.107142480445648
"ENSG00000184432",0.0381690245212812,0.013986013986014,0.0370555370555371
"ENSG00000184436",-0.0586953355486868,0.002997002997003,0.0309698899552726
"ENSG00000184445",-0.0379712769663134,0.00699300699300699,0.0311612747652792
"ENSG00000184465",-0.0834102013806115,0.002997002997003,0.0309698899552726
"ENSG00000184470",0.0115587035527826,0.524475524475524,0.580400262720705
"ENSG00000184481",0.0873764907467666,0.01998001998002,0.044196554411905
"ENSG00000184489",0.111563924185511,0.00599400599400599,0.0309698899552726
"ENSG00000184500",0.0213602310228145,0.303696303696304,0.363854269546623
"ENSG00000184508",-0.0560100111875433,0.00899100899100899,0.031668800133044
"ENSG00000184517",-0.0795672286003389,0.004995004995005,0.0309698899552726
"ENSG00000184557",0.158105673312076,0.003996003996004,0.0309698899552726
"ENSG00000184574",-0.0347608512197951,0.176823176823177,0.228796397401049
"ENSG00000184575",-0.0552276143379796,0.00999000999000999,0.0329382551604774
"ENSG00000184584",-0.0311389022648308,0.045954045954046,0.0767902842430095
"ENSG00000184588",0.110335629202345,0.002997002997003,0.0309698899552726
"ENSG00000184602",0.129879263796302,0.002997002997003,0.0309698899552726
"ENSG00000184613",-0.115326924634429,0.00699300699300699,0.0311612747652792
"ENSG00000184619",-0.0619066211908942,0.00599400599400599,0.0309698899552726
"ENSG00000184634",0.0676311003510376,0.050949050949051,0.0830019919080513
"ENSG00000184635",0.0177188248416173,0.298701298701299,0.35901512229145
"ENSG00000184640",-0.0291487329391325,0.116883116883117,0.161906558172118
"ENSG00000184675",-0.0572042085092411,0.00699300699300699,0.0311612747652792
"ENSG00000184677",-0.0469410200686641,0.01998001998002,0.044196554411905
"ENSG00000184678",0.0426419063578168,0.00999000999000999,0.0329382551604774
"ENSG00000184708",0.00132287531298002,0.815184815184815,0.843105947408874
"ENSG00000184719",-0.0732469836021738,0.002997002997003,0.0309698899552726
"ENSG00000184730",0.178896947305706,0.00699300699300699,0.0311612747652792
"ENSG00000184743",-0.025083382705344,0.0679320679320679,0.103657642509852
"ENSG00000184752",-0.0339980785049804,0.102897102897103,0.145570027382858
"ENSG00000184787",-0.0491033575974751,0.00699300699300699,0.0311612747652792
"ENSG00000184792",0.0370150179751084,0.345654345654346,0.406186948868087
"ENSG00000184825",-0.0180263999146944,0.484515484515485,0.542069176401703
"ENSG00000184840",0.0011561893004127,0.903096903096903,0.918458033461842
"ENSG00000184857",-0.0264565499937735,0.128871128871129,0.175260068662807
"ENSG00000184860",-0.0928541050322078,0.00999000999000999,0.0329382551604774
"ENSG00000184863",0.0310216125762512,0.030969030969031,0.0574804346232918
"ENSG00000184867",-0.0814015763052095,0.00999000999000999,0.0329382551604774
"ENSG00000184886",-0.0413042251705402,0.025974025974026,0.0514006000585945
"ENSG00000184887",-0.0391496899287744,0.002997002997003,0.0309698899552726
"ENSG00000184897",-0.0482593304033601,0.010989010989011,0.0339239491564177
"ENSG00000184898",-0.0310054822175638,0.012987012987013,0.0360623664690208
"ENSG00000184900",-0.0353476275151135,0.046953046953047,0.078144539299504
"ENSG00000184903",-0.0727222482724896,0.015984015984016,0.0392432899072327
"ENSG00000184922",0.124225520433414,0.014985014985015,0.0380820279318905
"ENSG00000184924",-0.0430961234191417,0.210789210789211,0.265541376862132
"ENSG00000184939",-0.0810869838114113,0.003996003996004,0.0309698899552726
"ENSG00000184967",-0.0158930121260756,0.481518481518482,0.539218143019858
"ENSG00000184983",-0.100143845911843,0.020979020979021,0.0454117208439975
"ENSG00000184988",0.0379886927136957,0.050949050949051,0.0830019919080513
"ENSG00000184990",-0.026293952957817,0.00999000999000999,0.0329382551604774
"ENSG00000184992",0.00370219307900478,0.761238761238761,0.794353341370794
"ENSG00000185000",0.0845704183065469,0.00899100899100899,0.031668800133044
"ENSG00000185009",-0.00401131238455467,0.565434565434565,0.617650664187657
"ENSG00000185010",0.0272864758450613,0.222777222777223,0.278425193774611
"ENSG00000185015",-0.0537570704063707,0.014985014985015,0.0380820279318905
"ENSG00000185019",0.0275821969224118,0.121878121878122,0.167493569894942
"ENSG00000185022",0.0702324172761895,0.014985014985015,0.0380820279318905
"ENSG00000185024",-0.0302818879045493,0.051948051948052,0.084286713691331
"ENSG00000185031",0.153462463112976,0.00999000999000999,0.0329382551604774
"ENSG00000185033",0.124728866190546,0.00599400599400599,0.0309698899552726
"ENSG00000185043",-0.0202451052847802,0.0729270729270729,0.10954100267936
"ENSG00000185049",-0.0205795032934134,0.122877122877123,0.168577313097861
"ENSG00000185052",0.0678074434636834,0.0739260739260739,0.110847605295515
"ENSG00000185085",0.0117165316359715,0.337662337662338,0.398392496959157
"ENSG00000185088",-0.123177733635296,0.013986013986014,0.0370555370555371
"ENSG00000185101",-0.0895904579523635,0.003996003996004,0.0309698899552726
"ENSG00000185104",-0.0494327863477757,0.00799200799200799,0.0313472428354935
"ENSG00000185112",-0.0128576193412721,0.277722277722278,0.337035881416372
"ENSG00000185115",-0.0655650676592714,0.00599400599400599,0.0309698899552726
"ENSG00000185122",-0.00409887711251085,0.722277722277722,0.760165834690749
"ENSG00000185127",-0.0319883281554422,0.0759240759240759,0.113433061220232
"ENSG00000185129",-0.075287001026884,0.00699300699300699,0.0311612747652792
"ENSG00000185130",-0.021757524106495,0.388611388611389,0.448638969100064
"ENSG00000185158",-0.00523606029401943,0.6003996003996,0.649878627182059
"ENSG00000185163",-0.0478263438201103,0.036963036963037,0.0654036775944903
"ENSG00000185164",0.00584635672794359,0.662337662337662,0.707176086173954
"ENSG00000185187",-0.0527858967261978,0.002997002997003,0.0309698899552726
"ENSG00000185189",-0.0458951790670904,0.00899100899100899,0.031668800133044
"ENSG00000185201",0.26058651408331,0.003996003996004,0.0309698899552726
"ENSG00000185215",0.140741397993806,0.00699300699300699,0.0311612747652792
"ENSG00000185219",0.016657918321162,0.154845154845155,0.204565139158961
"ENSG00000185220",-0.0180871487746675,0.0769230769230769,0.114541139692918
"ENSG00000185236",0.0409622569505026,0.0869130869130869,0.126486010961671
"ENSG00000185238",-0.0612648871388553,0.003996003996004,0.0309698899552726
"ENSG00000185246",-0.0723308184060263,0.010989010989011,0.0339239491564177
"ENSG00000185252",-0.0348863938534233,0.038961038961039,0.0678698023240711
"ENSG00000185261",0.170119503530536,0.00599400599400599,0.0309698899552726
"ENSG00000185262",0.0876631547655315,0.001998001998002,0.0309698899552726
"ENSG00000185275",-0.00933924874556741,0.677322677322677,0.720678524662588
"ENSG00000185278",0.0503394088026479,0.010989010989011,0.0339239491564177
"ENSG00000185298",2.05058140568017e-05,1,1
"ENSG00000185305",0.0117091359603534,0.113886113886114,0.158449098944584
"ENSG00000185324",-0.0530221542957021,0.00699300699300699,0.0311612747652792
"ENSG00000185340",0.0556982270464646,0.0829170829170829,0.121538907488414
"ENSG00000185344",-0.0299515994443286,0.004995004995005,0.0309698899552726
"ENSG00000185345",-0.102292001374967,0.016983016983017,0.0404964083535512
"ENSG00000185347",-0.0225888087022525,0.0699300699300699,0.105979770544714
"ENSG00000185359",0.0594641535743954,0.022977022977023,0.0478078016166659
"ENSG00000185361",-0.0366487661237882,0.034965034965035,0.0627459743481843
"ENSG00000185379",-0.0477142608294268,0.004995004995005,0.0309698899552726
"ENSG00000185404",-0.0308758121669486,0.011988011988012,0.0350284289015142
"ENSG00000185418",-0.0737032889381532,0.001998001998002,0.0309698899552726
"ENSG00000185420",-0.0750574958159428,0.001998001998002,0.0309698899552726
"ENSG00000185432",-0.0335113270436206,0.0589410589410589,0.0929842014116102
"ENSG00000185436",-0.024778211977307,0.433566433566434,0.492821469649239
"ENSG00000185475",0.0411501829235531,0.000999000999000999,0.0309698899552726
"ENSG00000185477",-0.063307207245335,0.033966033966034,0.0614579638969883
"ENSG00000185480",-0.0309396825897805,0.276723276723277,0.336061069084513
"ENSG00000185482",0.0236263769549067,0.358641358641359,0.419316261129667
"ENSG00000185485",-0.0243058052152384,0.02997002997003,0.0561377525217924
"ENSG00000185504",-0.0101054634760047,0.462537462537463,0.521461090504242
"ENSG00000185507",0.0944638646101094,0.011988011988012,0.0350284289015142
"ENSG00000185513",-0.063286338549094,0.003996003996004,0.0309698899552726
"ENSG00000185515",-0.0242064304029447,0.028971028971029,0.0550211482575579
"ENSG00000185591",0.0995836978464013,0.004995004995005,0.0309698899552726
"ENSG00000185596",0.0159704469204987,0.125874125874126,0.171884472759373
"ENSG00000185608",-0.0991379264434153,0.021978021978022,0.0464939039133723
"ENSG00000185619",0.00104857109624216,0.911088911088911,0.925098558082674
"ENSG00000185621",-0.0532001597842299,0.015984015984016,0.0392432899072327
"ENSG00000185624",0.0219018124117144,0.254745254745255,0.312911740753114
"ENSG00000185627",0.0351668386612092,0.00899100899100899,0.031668800133044
"ENSG00000185630",-0.00791832158612217,0.589410589410589,0.639481489892251
"ENSG00000185641",-0.133377411584792,0.00699300699300699,0.0311612747652792
"ENSG00000185650",0.0655105451647688,0.010989010989011,0.0339239491564177
"ENSG00000185651",0.0158689361874717,0.100899100899101,0.143283161361857
"ENSG00000185658",-0.0276559485805021,0.042957042957043,0.0729589799685899
"ENSG00000185669",0.0619531194915753,0.031968031968032,0.0588078690022667
"ENSG00000185670",-0.0426299461899464,0.000999000999000999,0.0309698899552726
"ENSG00000185684",-0.0556913583337685,0.011988011988012,0.0350284289015142
"ENSG00000185697",-0.0813959619698926,0.0709290709290709,0.107142480445648
"ENSG00000185716",-0.0583909579429665,0.016983016983017,0.0404964083535512
"ENSG00000185721",-0.0323461985087898,0.00899100899100899,0.031668800133044
"ENSG00000185722",0.0319794339509694,0.0889110889110889,0.128801044664111
"ENSG00000185728",0.0517433167874792,0.002997002997003,0.0309698899552726
"ENSG00000185730",-0.0421806507373917,0.024975024975025,0.0503016340120413
"ENSG00000185745",0.153631189876659,0.032967032967033,0.0601301870083172
"ENSG00000185753",0.0485827787685809,0.016983016983017,0.0404964083535512
"ENSG00000185760",-0.0638063888060515,0.0699300699300699,0.105979770544714
"ENSG00000185787",0.00336497642141548,0.754245754245754,0.788699684549332
"ENSG00000185798",-0.0185977390134963,0.221778221778222,0.27732084791704
"ENSG00000185800",-0.0344008143355843,0.0829170829170829,0.121538907488414
"ENSG00000185803",-0.014726195045294,0.437562437562438,0.496799751972166
"ENSG00000185808",-0.0592435471947045,0.026973026973027,0.0526151336084788
"ENSG00000185811",0.00676333873059071,0.53946053946054,0.594247182698145
"ENSG00000185813",-0.0342370518011036,0.047952047952048,0.0794112873484515
"ENSG00000185825",0.0450455196529792,0.021978021978022,0.0464939039133723
"ENSG00000185834",-0.0750078567759242,0.037962037962038,0.0665831541488284
"ENSG00000185838",-0.0243088765582825,0.126873126873127,0.172953861021012
"ENSG00000185839",-0.0030566227249025,0.725274725274725,0.762652169774403
"ENSG00000185862",0.124504604772682,0.001998001998002,0.0309698899552726
"ENSG00000185869",-0.0875350750571311,0.024975024975025,0.0503016340120413
"ENSG00000185875",-0.103797682111926,0.016983016983017,0.0404964083535512
"ENSG00000185880",0.0468217085938441,0.018981018981019,0.0430078970802953
"ENSG00000185885",0.0831353690083101,0.004995004995005,0.0309698899552726
"ENSG00000185896",0.0763688848922593,0.013986013986014,0.0370555370555371
"ENSG00000185900",-0.013889460641619,0.0729270729270729,0.10954100267936
"ENSG00000185905",0.117428714290101,0.00899100899100899,0.031668800133044
"ENSG00000185909",0.105892518425435,0.01998001998002,0.044196554411905
"ENSG00000185917",-0.0426294584884558,0.001998001998002,0.0309698899552726
"ENSG00000185920",-0.0578072037094608,0.152847152847153,0.20252669050905
"ENSG00000185946",0.0138349817789961,0.272727272727273,0.331946157953855
"ENSG00000185947",0.0883462955771222,0.018981018981019,0.0430078970802953
"ENSG00000185950",0.116994307911061,0.004995004995005,0.0309698899552726
"ENSG00000185963",0.0977938040544145,0.004995004995005,0.0309698899552726
"ENSG00000185973",0.0461787625758428,0.00699300699300699,0.0311612747652792
"ENSG00000185986",-0.088479820771456,0.003996003996004,0.0309698899552726
"ENSG00000186001",-0.0403610832234315,0.001998001998002,0.0309698899552726
"ENSG00000186017",-0.0982978337904687,0.00599400599400599,0.0309698899552726
"ENSG00000186020",-0.0745111237248417,0.00899100899100899,0.031668800133044
"ENSG00000186026",-0.0419729171530984,0.035964035964036,0.0640509460900688
"ENSG00000186056",-0.0702537377636135,0.015984015984016,0.0392432899072327
"ENSG00000186063",-0.0311944023943983,0.044955044955045,0.0755305089151028
"ENSG00000186073",-0.0586812048669786,0.014985014985015,0.0380820279318905
"ENSG00000186074",0.0937569155523188,0.00999000999000999,0.0329382551604774
"ENSG00000186088",-0.0512615758003164,0.042957042957043,0.0729589799685899
"ENSG00000186104",-0.0710731869620871,0.004995004995005,0.0309698899552726
"ENSG00000186106",-0.0723477910109435,0.011988011988012,0.0350284289015142
"ENSG00000186111",0.0120576996960597,0.576423576423576,0.627885302407191
"ENSG00000186130",-0.016292769173013,0.343656343656344,0.404313454533719
"ENSG00000186132",-0.0196538353895273,0.352647352647353,0.413394058146302
"ENSG00000186141",-0.0440769223477201,0.010989010989011,0.0339239491564177
"ENSG00000186153",-0.0570321868743688,0.00599400599400599,0.0309698899552726
"ENSG00000186162",0.0357267143281685,0.016983016983017,0.0404964083535512
"ENSG00000186166",-0.0264241669210464,0.035964035964036,0.0640509460900688
"ENSG00000186174",-0.0540996321647764,0.0579420579420579,0.0917937849126882
"ENSG00000186184",-0.0263090203775885,0.046953046953047,0.078144539299504
"ENSG00000186187",0.0167926267113045,0.220779220779221,0.276301642749628
"ENSG00000186204",0.0944073132633858,0.01998001998002,0.044196554411905
"ENSG00000186205",0.200417321326564,0.004995004995005,0.0309698899552726
"ENSG00000186222",-0.0220891771222925,0.0629370629370629,0.0977484650268315
"ENSG00000186230",-0.0762386951598869,0.013986013986014,0.0370555370555371
"ENSG00000186260",-0.0812228539737947,0.00699300699300699,0.0311612747652792
"ENSG00000186265",-0.0788008058514162,0.0919080919080919,0.132329154013592
"ENSG00000186272",-0.0608040345615456,0.014985014985015,0.0380820279318905
"ENSG00000186275",-0.0221203490722116,0.0929070929070929,0.133543528591968
"ENSG00000186283",-9.82886117611732e-05,0.994005994005994,0.995082385336446
"ENSG00000186298",-0.0204386710239635,0.0819180819180819,0.120368200084547
"ENSG00000186300",-0.0489791507726214,0.044955044955045,0.0755305089151028
"ENSG00000186312",-0.0189376129919052,0.045954045954046,0.0767902842430095
"ENSG00000186350",0.153250790113665,0.002997002997003,0.0309698899552726
"ENSG00000186352",0.0310534968796184,0.0799200799200799,0.118024025618029
"ENSG00000186354",0.0661626170482701,0.024975024975025,0.0503016340120413
"ENSG00000186376",-0.0232313087808529,0.00599400599400599,0.0309698899552726
"ENSG00000186395",-0.0138959231101294,0.378621378621379,0.438876517001517
"ENSG00000186407",0.00346150003233007,0.933066933066933,0.943985049381126
"ENSG00000186409",0.0506212838857763,0.003996003996004,0.0309698899552726
"ENSG00000186416",-0.0694525387260332,0.00999000999000999,0.0329382551604774
"ENSG00000186431",0.226949186921956,0.004995004995005,0.0309698899552726
"ENSG00000186432",0.0456222571361681,0.003996003996004,0.0309698899552726
"ENSG00000186446",-0.0526130473275778,0.112887112887113,0.157241228868489
"ENSG00000186448",-0.0482554947881885,0.027972027972028,0.0538126832348059
"ENSG00000186462",-0.116741635201572,0.00699300699300699,0.0311612747652792
"ENSG00000186468",-0.108892139254652,0.014985014985015,0.0380820279318905
"ENSG00000186469",0.0221393779737784,0.100899100899101,0.143283161361857
"ENSG00000186470",-0.0415587864566706,0.128871128871129,0.175260068662807
"ENSG00000186480",-0.0144341721958001,0.100899100899101,0.143283161361857
"ENSG00000186481",-0.0778550328189617,0.02997002997003,0.0561377525217924
"ENSG00000186496",0.087827045157281,0.018981018981019,0.0430078970802953
"ENSG00000186501",0.0447201561137493,0.012987012987013,0.0360623664690208
"ENSG00000186517",0.0951847964975016,0.00699300699300699,0.0311612747652792
"ENSG00000186529",0.266624891849415,0.003996003996004,0.0309698899552726
"ENSG00000186532",-0.0552194793038634,0.002997002997003,0.0309698899552726
"ENSG00000186566",-0.0246697124523539,0.045954045954046,0.0767902842430095
"ENSG00000186575",-0.0219350945159534,0.15984015984016,0.210101612267203
"ENSG00000186577",0.0451797408404831,0.003996003996004,0.0309698899552726
"ENSG00000186591",0.051550371518574,0.032967032967033,0.0601301870083172
"ENSG00000186594",0.0656853592091629,0.012987012987013,0.0360623664690208
"ENSG00000186625",-0.0320194275373041,0.016983016983017,0.0404964083535512
"ENSG00000186635",0.117506355170482,0.016983016983017,0.0404964083535512
"ENSG00000186654",0.01120032313865,0.7002997002997,0.740993290914052
"ENSG00000186660",0.0188600599394897,0.018981018981019,0.0430078970802953
"ENSG00000186666",-0.0582292738878985,0.00899100899100899,0.031668800133044
"ENSG00000186687",-0.0633537476018298,0.025974025974026,0.0514006000585945
"ENSG00000186716",0.0130276697238547,0.35964035964036,0.420320708174447
"ENSG00000186767",-0.0748283907784027,0.015984015984016,0.0392432899072327
"ENSG00000186812",0.0106660868452762,0.248751248751249,0.306677524363203
"ENSG00000186814",-0.0529521570935767,0.023976023976024,0.0489374755679103
"ENSG00000186815",-0.0344150817791006,0.18981018981019,0.243088113932104
"ENSG00000186818",0.0315392053989252,0.433566433566434,0.492821469649239
"ENSG00000186834",0.0401733541140701,0.001998001998002,0.0309698899552726
"ENSG00000186854",-0.0975018210531664,0.03996003996004,0.0691988127146629
"ENSG00000186866",0.0144115994701567,0.313686313686314,0.37429330002801
"ENSG00000186891",-0.0676833553617325,0.0579420579420579,0.0917937849126882
"ENSG00000186908",0.0430246634348229,0.046953046953047,0.078144539299504
"ENSG00000186918",-0.067645422561671,0.00699300699300699,0.0311612747652792
"ENSG00000186951",-0.018462805948231,0.187812187812188,0.240811572935759
"ENSG00000187024",-0.0379305347420896,0.0759240759240759,0.113433061220232
"ENSG00000187037",0.0846419845637701,0.027972027972028,0.0538126832348059
"ENSG00000187049",0.0579472513395863,0.020979020979021,0.0454117208439975
"ENSG00000187051",-0.00581063122706554,0.47952047952048,0.537431420579793
"ENSG00000187091",0.00289356318064803,0.729270729270729,0.766183724484275
"ENSG00000187097",-0.0364892020618261,0.103896103896104,0.146724251072077
"ENSG00000187098",0.0121158658226574,0.611388611388611,0.660227184083775
"ENSG00000187109",-0.0791117479025234,0.00699300699300699,0.0311612747652792
"ENSG00000187116",0.156351860960563,0.00799200799200799,0.0313472428354935
"ENSG00000187118",-0.0829027941259392,0.016983016983017,0.0404964083535512
"ENSG00000187145",-0.108273764039892,0.004995004995005,0.0309698899552726
"ENSG00000187147",-0.0119863268321521,0.17982017982018,0.232074626404523
"ENSG00000187164",-0.0296095633520653,0.487512487512487,0.544965591565908
"ENSG00000187187",-0.0919626029726418,0.00699300699300699,0.0311612747652792
"ENSG00000187189",-0.0377025852341093,0.018981018981019,0.0430078970802953
"ENSG00000187210",-0.0160879543020388,0.168831168831169,0.219899532568873
"ENSG00000187231",0.00730637824884053,0.579420579420579,0.630292951074993
"ENSG00000187239",0.0243088823428505,0.050949050949051,0.0830019919080513
"ENSG00000187240",-0.0728901277597129,0.00599400599400599,0.0309698899552726
"ENSG00000187257",0.0599435830156056,0.00999000999000999,0.0329382551604774
"ENSG00000187266",0.0661278144964785,0.0599400599400599,0.0941400470935233
"ENSG00000187325",-0.103532955408917,0.00699300699300699,0.0311612747652792
"ENSG00000187446",0.076445223369883,0.010989010989011,0.0339239491564177
"ENSG00000187514",-0.0740870713565549,0.001998001998002,0.0309698899552726
"ENSG00000187522",-0.0310244183061548,0.021978021978022,0.0464939039133723
"ENSG00000187531",0.0804231365701283,0.004995004995005,0.0309698899552726
"ENSG00000187535",-0.0378199875981874,0.0619380619380619,0.0965087032764979
"ENSG00000187554",0.146233556370174,0.003996003996004,0.0309698899552726
"ENSG00000187555",0.0104984662748103,0.185814185814186,0.238606142228324
"ENSG00000187601",-0.0965258495900975,0.001998001998002,0.0309698899552726
"ENSG00000187605",0.0938496348175922,0.004995004995005,0.0309698899552726
"ENSG00000187608",0.0833664919056731,0.04995004995005,0.0818292939339832
"ENSG00000187609",-0.0541046497821705,0.021978021978022,0.0464939039133723
"ENSG00000187621",0.0289546640690813,0.705294705294705,0.745687672053468
"ENSG00000187626",-0.0110191098325861,0.0789210789210789,0.116778321407723
"ENSG00000187630",-0.0215629383460452,0.174825174825175,0.226625925040336
"ENSG00000187650",-0.0177079665273086,0.218781218781219,0.274115167568045
"ENSG00000187653",0.0270988745496447,0.0619380619380619,0.0965087032764979
"ENSG00000187667",-0.0340030814407512,0.031968031968032,0.0588078690022667
"ENSG00000187676",-0.0571317558916764,0.00599400599400599,0.0309698899552726
"ENSG00000187688",-0.0208907931146544,0.181818181818182,0.234275856019182
"ENSG00000187699",0.02222377902579,0.175824175824176,0.227699886320576
"ENSG00000187713",-0.0280124348362308,0.02997002997003,0.0561377525217924
"ENSG00000187735",-0.0509800806174104,0.016983016983017,0.0404964083535512
"ENSG00000187741",0.0640656920807536,0.0569430569430569,0.0905693036450051
"ENSG00000187742",-0.00132344128896002,0.854145854145854,0.87653700581717
"ENSG00000187764",0.0643686771557215,0.037962037962038,0.0665831541488284
"ENSG00000187778",0.0066410733310883,0.376623376623377,0.437024209738316
"ENSG00000187790",-0.0736878655929159,0.013986013986014,0.0370555370555371
"ENSG00000187792",-0.0584073990308124,0.025974025974026,0.0514006000585945
"ENSG00000187796",0.024641745964379,0.432567432567433,0.49196511825451
"ENSG00000187801",-0.0391874127454036,0.031968031968032,0.0588078690022667
"ENSG00000187808",0.107442202247185,0.004995004995005,0.0309698899552726
"ENSG00000187815",-0.0903111908942751,0.003996003996004,0.0309698899552726
"ENSG00000187837",-0.0412267423686666,0.00799200799200799,0.0313472428354935
"ENSG00000187840",0.0109138689655506,0.579420579420579,0.630292951074993
"ENSG00000187866",0.000190796056737427,0.959040959040959,0.965548650896728
"ENSG00000187912",-0.0299764526419221,0.593406593406593,0.643062257850355
"ENSG00000187951",-0.0228439056221795,0.218781218781219,0.274115167568045
"ENSG00000187953",-0.0204659967326155,0.015984015984016,0.0392432899072327
"ENSG00000187954",0.0582799795461886,0.00999000999000999,0.0329382551604774
"ENSG00000187961",-0.0547427639149867,0.001998001998002,0.0309698899552726
"ENSG00000187994",0.0244320584037294,0.01998001998002,0.044196554411905
"ENSG00000188001",-0.0405788452121175,0.24975024975025,0.307719756151169
"ENSG00000188002",-0.0416387683631528,0.012987012987013,0.0360623664690208
"ENSG00000188021",0.00116271197246858,0.825174825174825,0.851679066381918
"ENSG00000188026",0.114908091486559,0.018981018981019,0.0430078970802953
"ENSG00000188033",-0.0158922222483423,0.14985014985015,0.199368880870043
"ENSG00000188042",-0.0559679153276693,0.033966033966034,0.0614579638969883
"ENSG00000188070",-0.0489863703360155,0.023976023976024,0.0489374755679103
"ENSG00000188158",0.147578113231007,0.001998001998002,0.0309698899552726
"ENSG00000188167",0.0869292284654149,0.003996003996004,0.0309698899552726
"ENSG00000188171",-0.0491617989706753,0.045954045954046,0.0767902842430095
"ENSG00000188177",-0.0511042996148704,0.004995004995005,0.0309698899552726
"ENSG00000188186",0.115310635549016,0.001998001998002,0.0309698899552726
"ENSG00000188191",-0.0204310554544076,0.32967032967033,0.390342662263845
"ENSG00000188206",-0.0211439453283497,0.137862137862138,0.185597308482936
"ENSG00000188211",-0.0559122554567055,0.03996003996004,0.0691988127146629
"ENSG00000188215",0.0482677763568545,0.00599400599400599,0.0309698899552726
"ENSG00000188227",-0.0936283881469695,0.012987012987013,0.0360623664690208
"ENSG00000188229",0.066814915478927,0.00599400599400599,0.0309698899552726
"ENSG00000188242",-0.0639875475730563,0.011988011988012,0.0350284289015142
"ENSG00000188243",-0.207551124057043,0.01998001998002,0.044196554411905
"ENSG00000188283",-0.0472513227691471,0.02997002997003,0.0561377525217924
"ENSG00000188295",0.000304491723634295,0.985014985014985,0.987397621979322
"ENSG00000188305",0.189484126013389,0.004995004995005,0.0309698899552726
"ENSG00000188312",-0.0662447244288046,0.020979020979021,0.0454117208439975
"ENSG00000188313",0.125568680532008,0.00899100899100899,0.031668800133044
"ENSG00000188315",0.152067998142558,0.00799200799200799,0.0313472428354935
"ENSG00000188321",-0.0752333683586823,0.001998001998002,0.0309698899552726
"ENSG00000188322",-0.0732226272043618,0.013986013986014,0.0370555370555371
"ENSG00000188342",-0.0244509939919157,0.182817182817183,0.23531079609049
"ENSG00000188352",-0.0206969788325318,0.0749250749250749,0.112219535200592
"ENSG00000188375",0.155928981104168,0.002997002997003,0.0309698899552726
"ENSG00000188419",-0.0523200715966669,0.020979020979021,0.0454117208439975
"ENSG00000188428",-0.069401543984991,0.002997002997003,0.0309698899552726
"ENSG00000188459",0.0379409172979803,0.134865134865135,0.1822157606306
"ENSG00000188460",0.109109408100222,0.013986013986014,0.0370555370555371
"ENSG00000188483",0.0275401519480205,0.168831168831169,0.219899532568873
"ENSG00000188486",0.0317619940482177,0.0879120879120879,0.127615348777325
"ENSG00000188511",-0.0377312522689591,0.10989010989011,0.153869199657386
"ENSG00000188522",-0.0537620870611179,0.00699300699300699,0.0311612747652792
"ENSG00000188536",0.0834969494048343,0.0599400599400599,0.0941400470935233
"ENSG00000188542",-0.00987684584189907,0.441558441558442,0.500627297231071
"ENSG00000188554",0.0853753110918711,0.003996003996004,0.0309698899552726
"ENSG00000188559",0.121557227247108,0.003996003996004,0.0309698899552726
"ENSG00000188566",0.0421685887421951,0.034965034965035,0.0627459743481843
"ENSG00000188596",0.150023874839868,0.025974025974026,0.0514006000585945
"ENSG00000188603",0.0469585146801722,0.016983016983017,0.0404964083535512
"ENSG00000188612",-0.00761633600689698,0.482517482517482,0.540135535105729
"ENSG00000188636",-0.0287591695535597,0.262737262737263,0.321251035057119
"ENSG00000188641",0.0562956508759585,0.00799200799200799,0.0313472428354935
"ENSG00000188647",0.014376915649842,0.353646353646354,0.414363057241092
"ENSG00000188677",-0.00263034060742048,0.884115884115884,0.901672156763807
"ENSG00000188690",-0.0512433521508247,0.003996003996004,0.0309698899552726
"ENSG00000188707",0.0147908084076373,0.211788211788212,0.266576322713734
"ENSG00000188725",-0.0460165102996951,0.0599400599400599,0.0941400470935233
"ENSG00000188732",-0.0387990551838912,0.0529470529470529,0.0856186332504955
"ENSG00000188735",-0.0215287167686868,0.246753246753247,0.304620495067336
"ENSG00000188747",-0.0687946887070157,0.00899100899100899,0.031668800133044
"ENSG00000188785",-0.085605232349516,0.00699300699300699,0.0311612747652792
"ENSG00000188786",0.0980058828818269,0.002997002997003,0.0309698899552726
"ENSG00000188811",-0.0526292696088727,0.003996003996004,0.0309698899552726
"ENSG00000188820",-0.012670030393986,0.707292707292707,0.747339876582008
"ENSG00000188822",-0.0147080493400374,0.603396603396603,0.652828626181165
"ENSG00000188825",0.0509473179581419,0.00599400599400599,0.0309698899552726
"ENSG00000188827",0.0197154926971502,0.344655344655345,0.40525075159651
"ENSG00000188846",-0.084444866112943,0.00799200799200799,0.0313472428354935
"ENSG00000188848",-0.0662499964202419,0.183816183816184,0.236394103488807
"ENSG00000188868",-0.115857447469005,0.003996003996004,0.0309698899552726
"ENSG00000188873",-0.0965427052255416,0.010989010989011,0.0339239491564177
"ENSG00000188878",-0.0541690162991447,0.002997002997003,0.0309698899552726
"ENSG00000188895",0.170310717899618,0.00699300699300699,0.0311612747652792
"ENSG00000188897",0.191179879264085,0.016983016983017,0.0404964083535512
"ENSG00000188906",0.206256038728936,0.002997002997003,0.0309698899552726
"ENSG00000188917",-0.0553696000618616,0.000999000999000999,0.0309698899552726
"ENSG00000188921",0.0547184194383662,0.026973026973027,0.0526151336084788
"ENSG00000188938",0.0440719650622167,0.001998001998002,0.0309698899552726
"ENSG00000188971",-0.055350701034088,0.015984015984016,0.0392432899072327
"ENSG00000188976",-0.0312406551663758,0.044955044955045,0.0755305089151028
"ENSG00000188986",0.00120877440966733,0.945054945054945,0.953304543366655
"ENSG00000188987",-0.0729110648781721,0.01998001998002,0.044196554411905
"ENSG00000188994",0.0209203501352236,0.202797202797203,0.256954853264816
"ENSG00000188997",0.0889536884815188,0.002997002997003,0.0309698899552726
"ENSG00000189007",-0.0813495965240518,0.011988011988012,0.0350284289015142
"ENSG00000189042",-0.0866824011691504,0.010989010989011,0.0339239491564177
"ENSG00000189043",-0.103001838530714,0.020979020979021,0.0454117208439975
"ENSG00000189046",-0.0763814858494747,0.011988011988012,0.0350284289015142
"ENSG00000189050",-0.0127396194387204,0.298701298701299,0.35901512229145
"ENSG00000189060",0.0233777783363766,0.411588411588412,0.471316772793667
"ENSG00000189067",0.228325088383839,0.002997002997003,0.0309698899552726
"ENSG00000189068",0.0346330939809037,0.330669330669331,0.391371283827459
"ENSG00000189077",0.161715173912244,0.003996003996004,0.0309698899552726
"ENSG00000189079",-0.00728305590646404,0.323676323676324,0.384647686931876
"ENSG00000189091",-0.0412185229076594,0.030969030969031,0.0574804346232918
"ENSG00000189114",0.0257324013988158,0.193806193806194,0.2472834522946
"ENSG00000189144",-0.0772925176533562,0.00599400599400599,0.0309698899552726
"ENSG00000189159",0.152105197253301,0.002997002997003,0.0309698899552726
"ENSG00000189164",-0.0882463605693323,0.012987012987013,0.0360623664690208
"ENSG00000189180",0.069109697699958,0.00899100899100899,0.031668800133044
"ENSG00000189190",-0.0846736284176442,0.031968031968032,0.0588078690022667
"ENSG00000189195",-0.0375605051137044,0.030969030969031,0.0574804346232918
"ENSG00000189223",0.0225748122606729,0.634365634365634,0.681305289884378
"ENSG00000189227",-0.062649886113941,0.00799200799200799,0.0313472428354935
"ENSG00000189233",-0.0264437949603003,0.491508491508492,0.549126062187325
"ENSG00000189241",-0.0050065556875378,0.546453546453546,0.600409464369969
"ENSG00000189283",-0.138430074235491,0.026973026973027,0.0526151336084788
"ENSG00000189298",-0.0576594674576694,0.002997002997003,0.0309698899552726
"ENSG00000189306",-0.0339788135231606,0.018981018981019,0.0430078970802953
"ENSG00000189308",0.0373215310059512,0.001998001998002,0.0309698899552726
"ENSG00000189319",0.0641515460878991,0.011988011988012,0.0350284289015142
"ENSG00000189337",0.270719596741385,0.00699300699300699,0.0311612747652792
"ENSG00000189339",-0.0158081035915436,0.25974025974026,0.317974782678867
"ENSG00000189343",-0.0608969425518991,0.014985014985015,0.0380820279318905
"ENSG00000189350",-0.00869394877649256,0.854145854145854,0.87653700581717
"ENSG00000189362",-0.0882668346679173,0.004995004995005,0.0309698899552726
"ENSG00000189369",-0.070725413413319,0.013986013986014,0.0370555370555371
"ENSG00000189376",-0.0272620795352493,0.0789210789210789,0.116778321407723
"ENSG00000189403",-0.0521478831580774,0.041958041958042,0.0717489681633108
"ENSG00000189430",-0.0425905926885504,0.420579420579421,0.48014852061589
"ENSG00000196072",-0.0183233582036013,0.61038961038961,0.659444654590286
"ENSG00000196074",-0.0151324424602558,0.542457542457542,0.596837383983772
"ENSG00000196081",-0.065505582806093,0.047952047952048,0.0794112873484515
"ENSG00000196083",0.195906322384793,0.004995004995005,0.0309698899552726
"ENSG00000196092",-0.0538897600555757,0.334665334665335,0.39551656918163
"ENSG00000196110",-0.0303392668668437,0.018981018981019,0.0430078970802953
"ENSG00000196116",0.0665096100087412,0.00899100899100899,0.031668800133044
"ENSG00000196118",0.0834709451738722,0.035964035964036,0.0640509460900688
"ENSG00000196138",-0.0115529217000054,0.573426573426573,0.625187386323193
"ENSG00000196139",-0.101860720784163,0.042957042957043,0.0729589799685899
"ENSG00000196141",0.0253503506802626,0.354645354645355,0.415331112076386
"ENSG00000196150",-0.0506630549720629,0.004995004995005,0.0309698899552726
"ENSG00000196151",-0.0452531651405079,0.020979020979021,0.0454117208439975
"ENSG00000196152",-0.0116718163720933,0.171828171828172,0.223319019036549
"ENSG00000196154",0.0625856108153939,0.00899100899100899,0.031668800133044
"ENSG00000196155",-0.0593899542618103,0.0589410589410589,0.0929842014116102
"ENSG00000196159",-0.0694066188566471,0.171828171828172,0.223319019036549
"ENSG00000196172",-0.100456029315074,0.030969030969031,0.0574804346232918
"ENSG00000196176",-0.0240257794408864,0.302697302697303,0.362765873934601
"ENSG00000196177",-0.0754108868701864,0.001998001998002,0.0309698899552726
"ENSG00000196182",0.144825281179571,0.00799200799200799,0.0313472428354935
"ENSG00000196183",-0.0715265646145507,0.032967032967033,0.0601301870083172
"ENSG00000196187",-0.0370233294598319,0.105894105894106,0.149003086832381
"ENSG00000196189",0.193038079319109,0.004995004995005,0.0309698899552726
"ENSG00000196199",-0.00842960408111159,0.222777222777223,0.278425193774611
"ENSG00000196204",-0.0470147871618925,0.00999000999000999,0.0329382551604774
"ENSG00000196205",-0.0982310888153356,0.011988011988012,0.0350284289015142
"ENSG00000196209",0.125389247743191,0.00799200799200799,0.0313472428354935
"ENSG00000196214",-0.0606704390081057,0.00899100899100899,0.031668800133044
"ENSG00000196220",0.00428447462800265,0.776223776223776,0.808515977002716
"ENSG00000196226",-0.0199417455215966,0.434565434565435,0.493910288689937
"ENSG00000196227",0.0370616708683981,0.003996003996004,0.0309698899552726
"ENSG00000196233",0.0371351397927739,0.013986013986014,0.0370555370555371
"ENSG00000196235",0.00550704270479991,0.734265734265734,0.770959775852315
"ENSG00000196236",-0.0133939672160021,0.046953046953047,0.078144539299504
"ENSG00000196247",-0.0221856865706207,0.367632367632368,0.428162205078573
"ENSG00000196262",-0.0765072968878903,0.003996003996004,0.0309698899552726
"ENSG00000196267",-0.0297401190121623,0.190809190809191,0.244159375547791
"ENSG00000196268",0.00365722157813416,0.785214785214785,0.816465762996304
"ENSG00000196284",-0.129153390624225,0.002997002997003,0.0309698899552726
"ENSG00000196290",-0.0677345922510267,0.003996003996004,0.0309698899552726
"ENSG00000196295",0.0151161630676723,0.151848151848152,0.201580811765281
"ENSG00000196305",-0.0618398538086019,0.003996003996004,0.0309698899552726
"ENSG00000196312",-0.012039259580002,0.171828171828172,0.223319019036549
"ENSG00000196313",-0.0528926774661444,0.010989010989011,0.0339239491564177
"ENSG00000196323",-0.0223130188244429,0.0729270729270729,0.10954100267936
"ENSG00000196329",-0.0744408579813839,0.012987012987013,0.0360623664690208
"ENSG00000196331",0.0278937966151917,0.252747252747253,0.310648034722488
"ENSG00000196345",0.0115400177823053,0.340659340659341,0.401455575215136
"ENSG00000196352",0.140228885062881,0.003996003996004,0.0309698899552726
"ENSG00000196357",-0.0500729392191483,0.021978021978022,0.0464939039133723
"ENSG00000196358",0.180498083578393,0.00599400599400599,0.0309698899552726
"ENSG00000196363",-0.0281811971993956,0.042957042957043,0.0729589799685899
"ENSG00000196365",-0.0409101570183772,0.024975024975025,0.0503016340120413
"ENSG00000196367",-0.0218740290503268,0.204795204795205,0.25926775215725
"ENSG00000196369",0.0478946349116177,0.032967032967033,0.0601301870083172
"ENSG00000196371",-0.00456603434539673,0.674325674325674,0.717934616765233
"ENSG00000196372",-0.0187039572176054,0.341658341658342,0.402396114273809
"ENSG00000196374",-0.0157536597766245,0.548451548451548,0.602274370366476
"ENSG00000196378",-0.0622010584834393,0.000999000999000999,0.0309698899552726
"ENSG00000196387",-0.038496470950177,0.128871128871129,0.175260068662807
"ENSG00000196396",0.00812411353273407,0.445554445554446,0.504539086655359
"ENSG00000196405",-0.0711517860483722,0.00799200799200799,0.0313472428354935
"ENSG00000196411",0.220120160743606,0.00799200799200799,0.0313472428354935
"ENSG00000196417",-0.0657978511801102,0.0689310689310689,0.104835938548923
"ENSG00000196418",-0.101559828542767,0.018981018981019,0.0430078970802953
"ENSG00000196419",-0.0143448817794609,0.423576423576424,0.483065236149313
"ENSG00000196422",0.00804647299897009,0.688311688311688,0.730301921967853
"ENSG00000196428",-0.00623150158189132,0.431568431568432,0.490968327393924
"ENSG00000196437",-0.0871064179327443,0.010989010989011,0.0339239491564177
"ENSG00000196440",-0.0391852466848125,0.047952047952048,0.0794112873484515
"ENSG00000196449",-0.00534982734066675,0.313686313686314,0.37429330002801
"ENSG00000196455",0.0032890345022287,0.651348651348651,0.697177421794451
"ENSG00000196456",-0.0302002089684051,0.028971028971029,0.0550211482575579
"ENSG00000196458",-0.0445507754452831,0.0679320679320679,0.103657642509852
"ENSG00000196459",-0.00758268840941158,0.310689310689311,0.371196355091374
"ENSG00000196466",-0.0455438273148291,0.031968031968032,0.0588078690022667
"ENSG00000196470",0.0507786576011136,0.00899100899100899,0.031668800133044
"ENSG00000196498",-0.022983578162128,0.271728271728272,0.330964869730452
"ENSG00000196502",0.0949335741528448,0.003996003996004,0.0309698899552726
"ENSG00000196504",-0.00752540492520354,0.532467532467532,0.58751329463779
"ENSG00000196505",0.0229529030884737,0.027972027972028,0.0538126832348059
"ENSG00000196507",-0.0663794869671965,0.004995004995005,0.0309698899552726
"ENSG00000196510",-0.00597925184987422,0.136863136863137,0.184521110480276
"ENSG00000196511",0.00444283045365572,0.402597402597403,0.462298450641657
"ENSG00000196517",0.0551823597227344,0.0679320679320679,0.103657642509852
"ENSG00000196526",-0.0508222698336273,0.038961038961039,0.0678698023240711
"ENSG00000196531",-0.0488348473498727,0.00899100899100899,0.031668800133044
"ENSG00000196532",0.00286742977295714,0.913086913086913,0.926657534325158
"ENSG00000196533",0.0287036876952339,0.134865134865135,0.1822157606306
"ENSG00000196535",-0.0103951558241199,0.543456543456543,0.597827069955217
"ENSG00000196544",0.0124921439645105,0.207792207792208,0.262343392504124
"ENSG00000196547",0.107324471375296,0.003996003996004,0.0309698899552726
"ENSG00000196549",0.290228253394266,0.004995004995005,0.0309698899552726
"ENSG00000196559",-0.0206717017028064,0.205794205794206,0.260203552365572
"ENSG00000196562",0.122509797257809,0.004995004995005,0.0309698899552726
"ENSG00000196569",-0.06486862946767,0.0559440559440559,0.08933506036881
"ENSG00000196576",0.000122684571014452,0.997002997002997,0.997251936577779
"ENSG00000196586",-0.0955523100001567,0.043956043956044,0.0742673606444167
"ENSG00000196588",0.0472351961959789,0.0639360639360639,0.0989420057151193
"ENSG00000196591",-0.0370585424867211,0.0579420579420579,0.0917937849126882
"ENSG00000196597",-0.0504945191407237,0.028971028971029,0.0550211482575579
"ENSG00000196605",-0.0752486840079443,0.003996003996004,0.0309698899552726
"ENSG00000196628",-0.0181699518850071,0.445554445554446,0.504539086655359
"ENSG00000196636",-0.0366662865019057,0.118881118881119,0.164276565104437
"ENSG00000196642",-0.0159082857427148,0.320679320679321,0.381690014452221
"ENSG00000196646",-0.013712106588724,0.274725274725275,0.334107301320416
"ENSG00000196652",0.0109186065614857,0.036963036963037,0.0654036775944903
"ENSG00000196653",-0.0562551351094484,0.0579420579420579,0.0917937849126882
"ENSG00000196655",-0.0178313129682306,0.011988011988012,0.0350284289015142
"ENSG00000196659",-0.00934503944704942,0.471528471528472,0.529907347188065
"ENSG00000196663",0.222174854947082,0.00599400599400599,0.0309698899552726
"ENSG00000196668",0.13883939504234,0.020979020979021,0.0454117208439975
"ENSG00000196670",-0.0694912186067303,0.013986013986014,0.0370555370555371
"ENSG00000196678",-0.028874457933565,0.153846153846154,0.20355863447353
"ENSG00000196683",-0.188646041973241,0.010989010989011,0.0339239491564177
"ENSG00000196684",0.152066264323706,0.004995004995005,0.0309698899552726
"ENSG00000196693",-0.0699266441855298,0.013986013986014,0.0370555370555371
"ENSG00000196700",-0.0659621777338541,0.023976023976024,0.0489374755679103
"ENSG00000196704",-0.0128347404245278,0.0919080919080919,0.132329154013592
"ENSG00000196705",-0.0536194699555109,0.015984015984016,0.0392432899072327
"ENSG00000196712",0.0354909061863715,0.012987012987013,0.0360623664690208
"ENSG00000196715",-0.0198629458531506,0.038961038961039,0.0678698023240711
"ENSG00000196724",-0.000685872076610766,0.981018981018981,0.983966459179278
"ENSG00000196730",0.0792679755281979,0.027972027972028,0.0538126832348059
"ENSG00000196743",0.0385799702824582,0.177822177822178,0.229866293757872
"ENSG00000196747",-0.0401262197862139,0.0769230769230769,0.114541139692918
"ENSG00000196756",-0.0223896607490141,0.205794205794206,0.260203552365572
"ENSG00000196757",-0.015879108448202,0.117882117882118,0.16304606890405
"ENSG00000196776",-0.0286593412077813,0.01998001998002,0.044196554411905
"ENSG00000196781",-0.0245111903600365,0.402597402597403,0.462298450641657
"ENSG00000196782",0.106001476941208,0.00599400599400599,0.0309698899552726
"ENSG00000196787",-0.0552964468101622,0.012987012987013,0.0360623664690208
"ENSG00000196792",-0.0190474295778296,0.123876123876124,0.169696028353272
"ENSG00000196793",-0.102404365180961,0.030969030969031,0.0574804346232918
"ENSG00000196810",-0.0528023283047643,0.017982017982018,0.0417277258366272
"ENSG00000196812",0.0222272150179651,0.123876123876124,0.169696028353272
"ENSG00000196814",-0.011038135243843,0.678321678321678,0.721422117705304
"ENSG00000196821",0.0117940940962305,0.298701298701299,0.35901512229145
"ENSG00000196839",-0.0517709312437902,0.036963036963037,0.0654036775944903
"ENSG00000196843",0.0767496865660676,0.00999000999000999,0.0329382551604774
"ENSG00000196850",0.0889966366330028,0.00599400599400599,0.0309698899552726
"ENSG00000196865",-0.0427425804578406,0.021978021978022,0.0464939039133723
"ENSG00000196867",-0.0818250219957762,0.003996003996004,0.0309698899552726
"ENSG00000196872",0.195684583009404,0.003996003996004,0.0309698899552726
"ENSG00000196890",-0.0100262407273587,0.716283716283716,0.755113833534886
"ENSG00000196911",-0.111252730683978,0.00899100899100899,0.031668800133044
"ENSG00000196912",-0.0687225926682151,0.026973026973027,0.0526151336084788
"ENSG00000196914",-0.01166581920817,0.667332667332667,0.711687283344041
"ENSG00000196922",-0.029181821353141,0.0779220779220779,0.115641829151338
"ENSG00000196923",0.211380286986117,0.00999000999000999,0.0329382551604774
"ENSG00000196924",0.0268457552455242,0.493506493506494,0.550948540544453
"ENSG00000196937",-0.0718170893007317,0.0539460539460539,0.0868019381876659
"ENSG00000196943",-0.0286387638842884,0.101898101898102,0.144513970806159
"ENSG00000196950",-0.0686899406269797,0.012987012987013,0.0360623664690208
"ENSG00000196954",0.129049943056021,0.004995004995005,0.0309698899552726
"ENSG00000196961",0.0718808787071282,0.047952047952048,0.0794112873484515
"ENSG00000196967",-0.00855914610968495,0.438561438561439,0.497745903166623
"ENSG00000196968",-0.0262047843917205,0.304695304695305,0.364796590140284
"ENSG00000196975",-0.00620785065203302,0.7002997002997,0.740993290914052
"ENSG00000196976",-0.0378962807493093,0.023976023976024,0.0489374755679103
"ENSG00000196981",-0.0496870251744752,0.0589410589410589,0.0929842014116102
"ENSG00000196998",0.0539561620705205,0.020979020979021,0.0454117208439975
"ENSG00000197006",0.0418660760305172,0.028971028971029,0.0550211482575579
"ENSG00000197008",-0.0675596766821791,0.0609390609390609,0.0952980656298809
"ENSG00000197013",0.0692350406493276,0.028971028971029,0.0550211482575579
"ENSG00000197016",-0.0718665783147846,0.012987012987013,0.0360623664690208
"ENSG00000197019",0.050962642695743,0.002997002997003,0.0309698899552726
"ENSG00000197020",0.0146030922679793,0.483516483516484,0.541102625840497
"ENSG00000197021",-0.00949247727519417,0.272727272727273,0.331946157953855
"ENSG00000197024",0.0173233771844883,0.208791208791209,0.263355661970272
"ENSG00000197037",-0.0188279437175554,0.0529470529470529,0.0856186332504955
"ENSG00000197043",-0.0450023210757361,0.0649350649350649,0.100075610462889
"ENSG00000197044",-0.0813023786245794,0.027972027972028,0.0538126832348059
"ENSG00000197045",-0.000208475907709945,0.987012987012987,0.989235433068308
"ENSG00000197050",-0.0652177361848659,0.0549450549450549,0.0880322184148341
"ENSG00000197054",-0.00336312007118786,0.8001998001998,0.829535167670249
"ENSG00000197056",-0.0780507167251561,0.00899100899100899,0.031668800133044
"ENSG00000197057",-0.0743429228431601,0.152847152847153,0.20252669050905
"ENSG00000197061",-0.103079936415672,0.00799200799200799,0.0313472428354935
"ENSG00000197062",-0.0482714458024717,0.004995004995005,0.0309698899552726
"ENSG00000197063",0.052011752728559,0.025974025974026,0.0514006000585945
"ENSG00000197070",0.0562792583842975,0.021978021978022,0.0464939039133723
"ENSG00000197081",0.203555006780816,0.004995004995005,0.0309698899552726
"ENSG00000197102",-0.0234156227341345,0.207792207792208,0.262343392504124
"ENSG00000197111",0.019247939455785,0.047952047952048,0.0794112873484515
"ENSG00000197114",0.0131962925051998,0.374625374625375,0.435041815851556
"ENSG00000197119",0.0131631650068022,0.526473526473527,0.582075330373399
"ENSG00000197121",-0.0813053515558235,0.013986013986014,0.0370555370555371
"ENSG00000197122",0.0284181821244134,0.395604395604396,0.455530672259617
"ENSG00000197124",-0.103055035134296,0.002997002997003,0.0309698899552726
"ENSG00000197128",-0.040023861618459,0.0579420579420579,0.0917937849126882
"ENSG00000197134",-0.106014916393473,0.004995004995005,0.0309698899552726
"ENSG00000197136",0.0334841242657238,0.138861138861139,0.186733038696785
"ENSG00000197142",-0.0248078472315403,0.0819180819180819,0.120368200084547
"ENSG00000197146",0.113718722111818,0.012987012987013,0.0360623664690208
"ENSG00000197147",0.00453108054514492,0.651348651348651,0.697177421794451
"ENSG00000197150",-0.0376356264295922,0.0579420579420579,0.0917937849126882
"ENSG00000197153",-0.026564302447433,0.327672327672328,0.388321273441084
"ENSG00000197157",-0.0220866405081428,0.164835164835165,0.215512294494018
"ENSG00000197162",-0.0702106433985215,0.001998001998002,0.0309698899552726
"ENSG00000197170",-0.0225443888236815,0.0559440559440559,0.08933506036881
"ENSG00000197182",0.0290133269518876,0.196803196803197,0.250363164939221
"ENSG00000197183",-0.00595526025816479,0.752247752247752,0.78695277563662
"ENSG00000197208",0.206404902057672,0.004995004995005,0.0309698899552726
"ENSG00000197217",0.013285340844562,0.0699300699300699,0.105979770544714
"ENSG00000197223",-0.0462897392087368,0.02997002997003,0.0561377525217924
"ENSG00000197226",-0.0204563544004904,0.292707292707293,0.352834126755892
"ENSG00000197249",0.171670853685045,0.004995004995005,0.0309698899552726
"ENSG00000197256",0.0251502218159177,0.43956043956044,0.49883261214706
"ENSG00000197258",-0.0636823257007165,0.001998001998002,0.0309698899552726
"ENSG00000197265",-0.0156916284924857,0.142857142857143,0.191421244604431
"ENSG00000197296",-0.0779200219762097,0.000999000999000999,0.0309698899552726
"ENSG00000197299",-0.0518147494928236,0.011988011988012,0.0350284289015142
"ENSG00000197302",-0.0570598023632199,0.01998001998002,0.044196554411905
"ENSG00000197312",-0.0361122101011078,0.00899100899100899,0.031668800133044
"ENSG00000197321",0.133953306895283,0.00699300699300699,0.0311612747652792
"ENSG00000197323",0.036593861017074,0.003996003996004,0.0309698899552726
"ENSG00000197324",0.159898595765734,0.00599400599400599,0.0309698899552726
"ENSG00000197329",0.169710454394782,0.003996003996004,0.0309698899552726
"ENSG00000197343",-0.0234918685031681,0.021978021978022,0.0464939039133723
"ENSG00000197345",-0.0658658057236004,0.017982017982018,0.0417277258366272
"ENSG00000197355",-0.0208848992427787,0.227772227772228,0.283664936100169
"ENSG00000197362",-0.047356312255397,0.003996003996004,0.0309698899552726
"ENSG00000197363",-0.0504019230507663,0.004995004995005,0.0309698899552726
"ENSG00000197372",-0.0852635337526174,0.013986013986014,0.0370555370555371
"ENSG00000197375",-0.0300365104665022,0.126873126873127,0.172953861021012
"ENSG00000197381",-0.0619385515906527,0.020979020979021,0.0454117208439975
"ENSG00000197385",-0.0769750498980347,0.277722277722278,0.337035881416372
"ENSG00000197386",-0.029325398481822,0.118881118881119,0.164276565104437
"ENSG00000197409",-0.027233088917619,0.0559440559440559,0.08933506036881
"ENSG00000197429",-0.0168908386440809,0.212787212787213,0.267637542990761
"ENSG00000197442",0.106260484205774,0.003996003996004,0.0309698899552726
"ENSG00000197448",-0.0111429415163171,0.161838161838162,0.212240400367856
"ENSG00000197451",-0.0189493878290657,0.258741258741259,0.316977823399842
"ENSG00000197457",-0.0740432454797706,0.00999000999000999,0.0329382551604774
"ENSG00000197459",-0.0314133448036832,0.0579420579420579,0.0917937849126882
"ENSG00000197461",0.0599083388901507,0.0559440559440559,0.08933506036881
"ENSG00000197471",-0.0405392009870429,0.0719280719280719,0.108379083303858
"ENSG00000197497",-0.0699363611839931,0.015984015984016,0.0392432899072327
"ENSG00000197498",-0.0789129259513631,0.011988011988012,0.0350284289015142
"ENSG00000197530",0.019065852474913,0.191808191808192,0.24520272834282
"ENSG00000197535",0.0597645758188759,0.002997002997003,0.0309698899552726
"ENSG00000197536",0.0337760589236157,0.182817182817183,0.23531079609049
"ENSG00000197548",0.0675371889168547,0.00599400599400599,0.0309698899552726
"ENSG00000197555",0.137568802037091,0.003996003996004,0.0309698899552726
"ENSG00000197557",-0.037676749855834,0.0649350649350649,0.100075610462889
"ENSG00000197562",0.064661028273238,0.025974025974026,0.0514006000585945
"ENSG00000197563",-0.0397651873950232,0.004995004995005,0.0309698899552726
"ENSG00000197566",-0.0654645430103069,0.015984015984016,0.0392432899072327
"ENSG00000197579",0.132960890092458,0.001998001998002,0.0309698899552726
"ENSG00000197582",0.0487745323589167,0.0549450549450549,0.0880322184148341
"ENSG00000197586",-0.0478261022212024,0.011988011988012,0.0350284289015142
"ENSG00000197601",0.0624326733860577,0.014985014985015,0.0380820279318905
"ENSG00000197603",-0.0746080223681163,0.002997002997003,0.0309698899552726
"ENSG00000197608",-0.0304358376265429,0.046953046953047,0.078144539299504
"ENSG00000197619",-0.0480399125991205,0.02997002997003,0.0561377525217924
"ENSG00000197620",-0.00532809914018138,0.283716283716284,0.34337384669711
"ENSG00000197622",0.101512895223032,0.002997002997003,0.0309698899552726
"ENSG00000197629",0.0290108007165072,0.310689310689311,0.371196355091374
"ENSG00000197694",-0.0435963372408557,0.050949050949051,0.0830019919080513
"ENSG00000197697",-0.0238690623156223,0.248751248751249,0.306677524363203
"ENSG00000197701",-0.0423417804095761,0.150849150849151,0.20038743173484
"ENSG00000197705",-0.0368174120375911,0.535464535464535,0.590386494239705
"ENSG00000197712",0.062610662102204,0.028971028971029,0.0550211482575579
"ENSG00000197713",-0.0559445754182225,0.00999000999000999,0.0329382551604774
"ENSG00000197714",-0.0214729061338065,0.0579420579420579,0.0917937849126882
"ENSG00000197721",0.0113968362575634,0.425574425574426,0.484975672914228
"ENSG00000197724",0.0457409810096375,0.042957042957043,0.0729589799685899
"ENSG00000197728",-0.0314159501368653,0.040959040959041,0.0705122123257061
"ENSG00000197744",-0.0628932649209969,0.00599400599400599,0.0309698899552726
"ENSG00000197746",0.107386658847802,0.017982017982018,0.0417277258366272
"ENSG00000197747",-0.0171816755854049,0.373626373626374,0.434007515778248
"ENSG00000197756",-0.0811115322954364,0.004995004995005,0.0309698899552726
"ENSG00000197766",0.11437552103609,0.035964035964036,0.0640509460900688
"ENSG00000197771",0.0622843602303641,0.001998001998002,0.0309698899552726
"ENSG00000197774",0.00445165038607645,0.842157842157842,0.866231850997342
"ENSG00000197776",-0.130117038748333,0.002997002997003,0.0309698899552726
"ENSG00000197779",0.00924051378356332,0.167832167832168,0.218788045667317
"ENSG00000197780",-0.0177276605919406,0.452547452547453,0.511590187631952
"ENSG00000197782",-0.0228757982965018,0.0709290709290709,0.107142480445648
"ENSG00000197785",-0.0505238823980957,0.025974025974026,0.0514006000585945
"ENSG00000197798",-0.0186139177969633,0.146853146853147,0.196032557911931
"ENSG00000197808",-0.0712554660189911,0.00899100899100899,0.031668800133044
"ENSG00000197818",0.121787187704019,0.00799200799200799,0.0313472428354935
"ENSG00000197837",-0.0246764760714627,0.045954045954046,0.0767902842430095
"ENSG00000197841",-0.0965575421176357,0.01998001998002,0.044196554411905
"ENSG00000197846",0.00784553113756014,0.362637362637363,0.423206042355392
"ENSG00000197857",-0.0336280412467733,0.020979020979021,0.0454117208439975
"ENSG00000197858",-0.0112770948271479,0.531468531468531,0.586572578858372
"ENSG00000197860",7.78860672226329e-05,0.995004995004995,0.995584883021399
"ENSG00000197863",-0.0704068331938496,0.030969030969031,0.0574804346232918
"ENSG00000197872",0.119442650085986,0.003996003996004,0.0309698899552726
"ENSG00000197879",-0.0265811031979839,0.0769230769230769,0.114541139692918
"ENSG00000197885",-0.0223542589227527,0.135864135864136,0.183359369434608
"ENSG00000197892",-0.0172996841300428,0.261738261738262,0.320127257232895
"ENSG00000197894",-0.069564750459243,0.00599400599400599,0.0309698899552726
"ENSG00000197903",0.0239075691106434,0.0669330669330669,0.102576077327416
"ENSG00000197912",-0.00752559857602691,0.508491508491508,0.565053254651036
"ENSG00000197914",-0.0375357878917336,0.210789210789211,0.265541376862132
"ENSG00000197928",-0.0544574909771934,0.04995004995005,0.0818292939339832
"ENSG00000197930",0.056653940330283,0.00799200799200799,0.0313472428354935
"ENSG00000197933",-0.0695821250000948,0.02997002997003,0.0561377525217924
"ENSG00000197937",-0.0779171236266138,0.017982017982018,0.0417277258366272
"ENSG00000197943",0.138320861448786,0.003996003996004,0.0309698899552726
"ENSG00000197948",0.0157794535252887,0.416583416583417,0.476129291535854
"ENSG00000197951",-0.0469708905212009,0.010989010989011,0.0339239491564177
"ENSG00000197956",0.0879603822348597,0.001998001998002,0.0309698899552726
"ENSG00000197958",-0.0736557656557922,0.00699300699300699,0.0311612747652792
"ENSG00000197959",-0.03014165414248,0.0849150849150849,0.123968597000667
"ENSG00000197961",-0.0762575396112143,0.00899100899100899,0.031668800133044
"ENSG00000197965",0.194451533845684,0.003996003996004,0.0309698899552726
"ENSG00000197969",-0.0759786112414316,0.004995004995005,0.0309698899552726
"ENSG00000197971",0.124524622378469,0.003996003996004,0.0309698899552726
"ENSG00000197982",0.00423261060641264,0.577422577422577,0.628631627453985
"ENSG00000197989",-0.0522558536165852,0.0699300699300699,0.105979770544714
"ENSG00000197993",0.0527875646259612,0.106893106893107,0.150232880205983
"ENSG00000198000",-0.0502937804093232,0.011988011988012,0.0350284289015142
"ENSG00000198001",0.024592649985086,0.023976023976024,0.0489374755679103
"ENSG00000198015",-0.0791948454787237,0.010989010989011,0.0339239491564177
"ENSG00000198018",0.010553981493062,0.217782217782218,0.273091265996107
"ENSG00000198019",0.173716136171284,0.010989010989011,0.0339239491564177
"ENSG00000198026",0.00801630409663776,0.545454545454545,0.599476243920688
"ENSG00000198034",-0.0714044939346937,0.01998001998002,0.044196554411905
"ENSG00000198039",-0.0503949794339884,0.0809190809190809,0.119235595204207
"ENSG00000198042",-0.0572727649881506,0.016983016983017,0.0404964083535512
"ENSG00000198053",0.175122846718516,0.003996003996004,0.0309698899552726
"ENSG00000198055",0.0667776802593443,0.011988011988012,0.0350284289015142
"ENSG00000198056",-0.0862768543283099,0.004995004995005,0.0309698899552726
"ENSG00000198060",0.0499069965470915,0.011988011988012,0.0350284289015142
"ENSG00000198081",-0.056026815516974,0.00799200799200799,0.0313472428354935
"ENSG00000198087",-0.0616685796609917,0.016983016983017,0.0404964083535512
"ENSG00000198089",-0.0346694163439644,0.042957042957043,0.0729589799685899
"ENSG00000198093",-0.0609266467585294,0.00999000999000999,0.0329382551604774
"ENSG00000198105",-0.0860076044953959,0.00799200799200799,0.0313472428354935
"ENSG00000198106",-0.00095429441320952,0.97002997002997,0.975141796722725
"ENSG00000198113",0.0541711032448048,0.034965034965035,0.0627459743481843
"ENSG00000198121",0.0327463666751079,0.297702297702298,0.358029241847915
"ENSG00000198130",-0.0457069104614259,0.015984015984016,0.0392432899072327
"ENSG00000198131",-0.0526121803390599,0.020979020979021,0.0454117208439975
"ENSG00000198133",-0.0424033879889927,0.026973026973027,0.0526151336084788
"ENSG00000198142",0.00961539217297884,0.757242757242757,0.791007688530505
"ENSG00000198146",-0.0115124312210224,0.365634365634366,0.426165629540666
"ENSG00000198160",0.0472545898988381,0.034965034965035,0.0627459743481843
"ENSG00000198162",-0.0629851826025315,0.00599400599400599,0.0309698899552726
"ENSG00000198168",-0.097032909731052,0.015984015984016,0.0392432899072327
"ENSG00000198169",-0.0574707656672648,0.00599400599400599,0.0309698899552726
"ENSG00000198171",-0.0103321693661217,0.235764235764236,0.292436225143419
"ENSG00000198176",0.0503917534530781,0.003996003996004,0.0309698899552726
"ENSG00000198178",0.0478421121179773,0.196803196803197,0.250363164939221
"ENSG00000198182",-0.0860139702112229,0.010989010989011,0.0339239491564177
"ENSG00000198189",0.126130249658223,0.002997002997003,0.0309698899552726
"ENSG00000198198",0.00591203400797037,0.683316683316683,0.725642829380569
"ENSG00000198205",-0.0737863942965531,0.004995004995005,0.0309698899552726
"ENSG00000198216",0.228239934497107,0.00799200799200799,0.0313472428354935
"ENSG00000198218",-0.00831085448457891,0.455544455544456,0.514542600256886
"ENSG00000198225",0.0850751446775585,0.00599400599400599,0.0309698899552726
"ENSG00000198231",0.0063378033335277,0.380619380619381,0.440894816027346
"ENSG00000198242",-0.0795769243785427,0.010989010989011,0.0339239491564177
"ENSG00000198246",-0.00603873112629014,0.649350649350649,0.695348490055788
"ENSG00000198252",-0.0638424709410238,0.00999000999000999,0.0329382551604774
"ENSG00000198258",0.0165192828325931,0.486513486513487,0.543899449387821
"ENSG00000198265",-0.0048421601072116,0.509490509490509,0.566058698627803
"ENSG00000198270",-0.100043691639055,0.000999000999000999,0.0309698899552726
"ENSG00000198276",-0.0420644319621733,0.023976023976024,0.0489374755679103
"ENSG00000198286",-0.0658696187324659,0.012987012987013,0.0360623664690208
"ENSG00000198298",-0.0822077050958814,0.013986013986014,0.0370555370555371
"ENSG00000198301",-0.0645297286149694,0.004995004995005,0.0309698899552726
"ENSG00000198315",-0.0541787942742933,0.00599400599400599,0.0309698899552726
"ENSG00000198324",-0.0328679477943232,0.133866133866134,0.181008460486408
"ENSG00000198327",-0.115164355306199,0.017982017982018,0.0417277258366272
"ENSG00000198331",-0.0529190552929794,0.011988011988012,0.0350284289015142
"ENSG00000198336",0.0380474702479312,0.158841158841159,0.209108669838213
"ENSG00000198339",-0.0336707670995906,0.0899100899100899,0.130013170561841
"ENSG00000198346",-0.0927573753994645,0.010989010989011,0.0339239491564177
"ENSG00000198355",0.134431834842335,0.002997002997003,0.0309698899552726
"ENSG00000198356",0.0332305183452767,0.036963036963037,0.0654036775944903
"ENSG00000198363",0.0953337468126135,0.003996003996004,0.0309698899552726
"ENSG00000198366",-0.023415349185934,0.14985014985015,0.199368880870043
"ENSG00000198373",0.120332720605013,0.00599400599400599,0.0309698899552726
"ENSG00000198374",0.00398755194118712,0.847152847152847,0.870252407648766
"ENSG00000198380",-0.0357788696951919,0.015984015984016,0.0392432899072327
"ENSG00000198382",0.0102102358204178,0.025974025974026,0.0514006000585945
"ENSG00000198399",0.0418451139764452,0.00599400599400599,0.0309698899552726
"ENSG00000198406",0.0083647599984447,0.304695304695305,0.364796590140284
"ENSG00000198408",0.0599576857590398,0.00899100899100899,0.031668800133044
"ENSG00000198420",-0.0602553010960449,0.010989010989011,0.0339239491564177
"ENSG00000198429",-0.0815641276713202,0.00699300699300699,0.0311612747652792
"ENSG00000198431",0.106784060624397,0.001998001998002,0.0309698899552726
"ENSG00000198440",-0.0768616053760545,0.034965034965035,0.0627459743481843
"ENSG00000198453",-0.0784267684158779,0.00899100899100899,0.031668800133044
"ENSG00000198455",-0.0713941188503325,0.001998001998002,0.0309698899552726
"ENSG00000198464",-0.0899693932687376,0.015984015984016,0.0392432899072327
"ENSG00000198466",0.0369378199210215,0.026973026973027,0.0526151336084788
"ENSG00000198467",-0.0354946343766342,0.0779220779220779,0.115641829151338
"ENSG00000198468",0.120171124954166,0.00799200799200799,0.0313472428354935
"ENSG00000198478",0.041414013929946,0.0729270729270729,0.10954100267936
"ENSG00000198482",-0.0383474031906612,0.0539460539460539,0.0868019381876659
"ENSG00000198492",-0.0107123962759798,0.334665334665335,0.39551656918163
"ENSG00000198496",0.0291077744590988,0.0619380619380619,0.0965087032764979
"ENSG00000198498",-0.0676917831312686,0.00699300699300699,0.0311612747652792
"ENSG00000198513",-0.0290538886568938,0.018981018981019,0.0430078970802953
"ENSG00000198517",0.0315629386800259,0.124875124875125,0.170791993939826
"ENSG00000198518",-0.0951272735925673,0.002997002997003,0.0309698899552726
"ENSG00000198520",-0.0538018955521536,0.012987012987013,0.0360623664690208
"ENSG00000198521",-0.0797575524345805,0.00599400599400599,0.0309698899552726
"ENSG00000198522",-0.0484857322688608,0.012987012987013,0.0360623664690208
"ENSG00000198538",-0.0317121853758456,0.16983016983017,0.221009093775742
"ENSG00000198546",-0.0269548871574852,0.00899100899100899,0.031668800133044
"ENSG00000198551",-0.0372630519834076,0.026973026973027,0.0526151336084788
"ENSG00000198554",-0.059381685511022,0.035964035964036,0.0640509460900688
"ENSG00000198556",-0.0600596531100913,0.010989010989011,0.0339239491564177
"ENSG00000198558",-0.140772996219662,0.00999000999000999,0.0329382551604774
"ENSG00000198561",-0.0260751906594434,0.364635364635365,0.425166179507889
"ENSG00000198574",-0.0965826167518574,0.116883116883117,0.161906558172118
"ENSG00000198585",0.0598005326879098,0.00999000999000999,0.0329382551604774
"ENSG00000198586",-0.0401379452194564,0.030969030969031,0.0574804346232918
"ENSG00000198589",-0.0622689901759445,0.010989010989011,0.0339239491564177
"ENSG00000198590",-0.0184800064751416,0.263736263736264,0.322308563919302
"ENSG00000198604",0.122689371972238,0.004995004995005,0.0309698899552726
"ENSG00000198612",-0.0673279023159906,0.010989010989011,0.0339239491564177
"ENSG00000198618",-0.0844672801318256,0.00699300699300699,0.0311612747652792
"ENSG00000198624",0.0306324895007678,0.020979020979021,0.0454117208439975
"ENSG00000198625",0.0101598855110868,0.307692307692308,0.36798150600519
"ENSG00000198642",-0.0302003206101512,0.114885114885115,0.159561921956467
"ENSG00000198646",0.0335241415342163,0.026973026973027,0.0526151336084788
"ENSG00000198648",-0.0735944760775219,0.015984015984016,0.0392432899072327
"ENSG00000198663",0.0510279302601805,0.00799200799200799,0.0313472428354935
"ENSG00000198668",-0.0119742342306197,0.0729270729270729,0.10954100267936
"ENSG00000198673",0.0551109483795443,0.025974025974026,0.0514006000585945
"ENSG00000198677",-0.0818753972213884,0.002997002997003,0.0309698899552726
"ENSG00000198682",0.0231263588659548,0.317682317682318,0.378385143102685
"ENSG00000198689",-0.0277088633510561,0.016983016983017,0.0404964083535512
"ENSG00000198690",-0.0591068485417154,0.01998001998002,0.044196554411905
"ENSG00000198700",-0.0545166351345826,0.002997002997003,0.0309698899552726
"ENSG00000198707",-0.0988321721150265,0.00899100899100899,0.031668800133044
"ENSG00000198712",-0.0150452439069792,0.383616383616384,0.443682195967828
"ENSG00000198715",0.0219062062501464,0.192807192807193,0.246322615409466
"ENSG00000198718",-0.0493110130244296,0.00599400599400599,0.0309698899552726
"ENSG00000198721",-0.0702072406717846,0.002997002997003,0.0309698899552726
"ENSG00000198727",0.00285676575951358,0.883116883116883,0.901112132900212
"ENSG00000198728",0.0264995775331348,0.043956043956044,0.0742673606444167
"ENSG00000198730",0.00251557265454991,0.834165834165834,0.859335247300274
"ENSG00000198734",0.160623620271912,0.010989010989011,0.0339239491564177
"ENSG00000198736",0.224362384410879,0.003996003996004,0.0309698899552726
"ENSG00000198740",0.0616241104850968,0.00799200799200799,0.0313472428354935
"ENSG00000198742",0.0418306049021638,0.014985014985015,0.0380820279318905
"ENSG00000198744",0.0180926656531346,0.277722277722278,0.337035881416372
"ENSG00000198746",0.0136845541227573,0.0899100899100899,0.130013170561841
"ENSG00000198752",-0.0136147867150254,0.452547452547453,0.511590187631952
"ENSG00000198755",-0.102926608449844,0.00799200799200799,0.0313472428354935
"ENSG00000198763",0.0293428646425991,0.195804195804196,0.249435533726397
"ENSG00000198771",0.0557269146479738,0.00799200799200799,0.0313472428354935
"ENSG00000198780",-0.116505147249495,0.002997002997003,0.0309698899552726
"ENSG00000198783",-0.0190153360574287,0.116883116883117,0.161906558172118
"ENSG00000198786",0.043429683488486,0.174825174825175,0.226625925040336
"ENSG00000198791",-0.0161005287868843,0.227772227772228,0.283664936100169
"ENSG00000198792",0.121805386878209,0.00899100899100899,0.031668800133044
"ENSG00000198793",-0.00979548016803456,0.500499500499501,0.557305938756879
"ENSG00000198799",-0.0545514277515967,0.002997002997003,0.0309698899552726
"ENSG00000198804",-0.0131651206157596,0.347652347652348,0.408175646159234
"ENSG00000198805",-0.0342561382581556,0.032967032967033,0.0601301870083172
"ENSG00000198814",0.181053481407595,0.002997002997003,0.0309698899552726
"ENSG00000198815",-0.0110647484931251,0.158841158841159,0.209108669838213
"ENSG00000198818",0.0515540996664034,0.011988011988012,0.0350284289015142
"ENSG00000198824",-0.0451287585734261,0.0659340659340659,0.101381218576715
"ENSG00000198825",-0.0532394764124028,0.00699300699300699,0.0311612747652792
"ENSG00000198826",0.0111380048946872,0.74025974025974,0.776303800911131
"ENSG00000198830",0.000328956962385718,0.953046953046953,0.960318460779599
"ENSG00000198832",-0.090913371958794,0.003996003996004,0.0309698899552726
"ENSG00000198833",0.062232663621168,0.003996003996004,0.0309698899552726
"ENSG00000198836",-0.0346075041430274,0.037962037962038,0.0665831541488284
"ENSG00000198837",0.0158198178649017,0.364635364635365,0.425166179507889
"ENSG00000198839",-0.0559251206037141,0.050949050949051,0.0830019919080513
"ENSG00000198840",-0.00605757347475033,0.713286713286713,0.752416371480709
"ENSG00000198841",-0.00726088936956216,0.356643356643357,0.417305019972725
"ENSG00000198843",0.00562955292355883,0.784215784215784,0.815497559462256
"ENSG00000198846",-0.0755648779855808,0.0709290709290709,0.107142480445648
"ENSG00000198848",0.0227295053109951,0.74025974025974,0.776303800911131
"ENSG00000198853",0.011357183117778,0.677322677322677,0.720678524662588
"ENSG00000198855",0.00360650943073654,0.712287712287712,0.751494489182137
"ENSG00000198856",-0.0708365143795001,0.032967032967033,0.0601301870083172
"ENSG00000198858",0.110411299734268,0.00999000999000999,0.0329382551604774
"ENSG00000198860",-0.0644735748692583,0.012987012987013,0.0360623664690208
"ENSG00000198862",-0.00125458614538817,0.874125874125874,0.893607073430143
"ENSG00000198863",0.0718489794529266,0.00599400599400599,0.0309698899552726
"ENSG00000198865",-0.113262228558922,0.021978021978022,0.0464939039133723
"ENSG00000198873",0.0254401352263855,0.0619380619380619,0.0965087032764979
"ENSG00000198874",-0.0460730149045031,0.00799200799200799,0.0313472428354935
"ENSG00000198876",0.0267256724817569,0.405594405594406,0.465339719945925
"ENSG00000198879",-0.0598606843974297,0.00799200799200799,0.0313472428354935
"ENSG00000198885",-0.0387158388857225,0.256743256743257,0.315011787599843
"ENSG00000198886",0.0175322512026925,0.323676323676324,0.384647686931876
"ENSG00000198887",-0.0515986789300717,0.014985014985015,0.0380820279318905
"ENSG00000198888",0.0499109854010562,0.017982017982018,0.0417277258366272
"ENSG00000198890",-0.0527949779211163,0.048951048951049,0.0806102639481647
"ENSG00000198892",0.0470049483363235,0.345654345654346,0.406186948868087
"ENSG00000198894",0.0179279451609489,0.001998001998002,0.0309698899552726
"ENSG00000198898",0.0481419427563335,0.204795204795205,0.25926775215725
"ENSG00000198899",-0.00930059493144184,0.572427572427572,0.624211465877377
"ENSG00000198900",0.0269089352639454,0.0659340659340659,0.101381218576715
"ENSG00000198901",-0.0172022486369202,0.462537462537463,0.521461090504242
"ENSG00000198908",-0.0915444206254002,0.001998001998002,0.0309698899552726
"ENSG00000198909",0.0983487583728742,0.00999000999000999,0.0329382551604774
"ENSG00000198911",-0.0431465287009777,0.104895104895105,0.147874412977052
"ENSG00000198912",-0.0158212043898743,0.0909090909090909,0.131142174354274
"ENSG00000198915",0.0391042039092958,0.136863136863137,0.184521110480276
"ENSG00000198917",-0.024428596096031,0.102897102897103,0.145570027382858
"ENSG00000198918",-0.206749719978422,0.01998001998002,0.044196554411905
"ENSG00000198919",-0.089346814055337,0.012987012987013,0.0360623664690208
"ENSG00000198920",0.0260806023067166,0.0689310689310689,0.104835938548923
"ENSG00000198924",-0.0530223806635422,0.04995004995005,0.0818292939339832
"ENSG00000198925",0.0434925054951389,0.0589410589410589,0.0929842014116102
"ENSG00000198931",-0.0424448312943077,0.010989010989011,0.0339239491564177
"ENSG00000198932",-0.090452269113516,0.020979020979021,0.0454117208439975
"ENSG00000198933",0.123119058691146,0.00599400599400599,0.0309698899552726
"ENSG00000198937",-0.0983516536584104,0.00799200799200799,0.0313472428354935
"ENSG00000198938",-0.0251900374016125,0.247752247752248,0.305634008775048
"ENSG00000198945",-0.0314553483480064,0.015984015984016,0.0392432899072327
"ENSG00000198948",0.0285665146998127,0.15984015984016,0.210101612267203
"ENSG00000198951",0.00382088539363395,0.907092907092907,0.921664064714454
"ENSG00000198952",0.0497395910737761,0.01998001998002,0.044196554411905
"ENSG00000198954",-0.039787799343047,0.004995004995005,0.0309698899552726
"ENSG00000198959",0.0891147374835418,0.026973026973027,0.0526151336084788
"ENSG00000198960",-0.054606251468937,0.001998001998002,0.0309698899552726
"ENSG00000198961",0.087520869211467,0.001998001998002,0.0309698899552726
"ENSG00000198964",0.0301657509470222,0.00699300699300699,0.0311612747652792
"ENSG00000199135",0.121257049566062,0.00899100899100899,0.031668800133044
"ENSG00000199568",0.0641684137687103,0.0649350649350649,0.100075610462889
"ENSG00000200087",0.0202765861517209,0.493506493506494,0.550948540544453
"ENSG00000200156",0.0582465006143261,0.0539460539460539,0.0868019381876659
"ENSG00000200312",0.0240076693840999,0.301698301698302,0.361712908001815
"ENSG00000200488",0.0134928280253344,0.510489510489511,0.566854193575066
"ENSG00000200795",0.0127619865609516,0.54045954045954,0.595129444497229
"ENSG00000200959",0.00101848339611739,0.973026973026973,0.977500473279124
"ENSG00000201098",0.0580815029877597,0.047952047952048,0.0794112873484515
"ENSG00000201217",-0.0289985562780776,0.0899100899100899,0.130013170561841
"ENSG00000201772",-0.00166112389486344,0.909090909090909,0.923459939603968
"ENSG00000201793",-0.0152145551494311,0.2997002997003,0.359855949824978
"ENSG00000201998",-0.0257692999121065,0.378621378621379,0.438876517001517
"ENSG00000202198",0.0211766587143823,0.30969030969031,0.370149989244967
"ENSG00000202538",-0.0476182819808844,0.0719280719280719,0.108379083303858
"ENSG00000203276",0.0457269979247235,0.0599400599400599,0.0941400470935233
"ENSG00000203306",0.0213972507543576,0.520479520479521,0.576668468435777
"ENSG00000203326",-0.10123424665642,0.020979020979021,0.0454117208439975
"ENSG00000203485",-0.06326390590859,0.048951048951049,0.0806102639481647
"ENSG00000203497",0.131690469456305,0.000999000999000999,0.0309698899552726
"ENSG00000203632",-0.0441695133022561,0.015984015984016,0.0392432899072327
"ENSG00000203644",0.153521825870058,0.002997002997003,0.0309698899552726
"ENSG00000203666",0.0295374527507557,0.191808191808192,0.24520272834282
"ENSG00000203667",-0.0615529340729029,0.00899100899100899,0.031668800133044
"ENSG00000203668",-0.0527586266643341,0.107892107892108,0.151406743653357
"ENSG00000203705",0.0567172825915872,0.016983016983017,0.0404964083535512
"ENSG00000203709",0.0800880066665664,0.034965034965035,0.0627459743481843
"ENSG00000203710",0.200241020748817,0.003996003996004,0.0309698899552726
"ENSG00000203737",-0.0377539602461007,0.101898101898102,0.144513970806159
"ENSG00000203739",0.0134042806799909,0.235764235764236,0.292436225143419
"ENSG00000203747",0.13211602400323,0.002997002997003,0.0309698899552726
"ENSG00000203791",-0.0631112673830627,0.018981018981019,0.0430078970802953
"ENSG00000203804",0.151358281691058,0.025974025974026,0.0514006000585945
"ENSG00000203813",-0.0183422050760607,0.328671328671329,0.389351604531496
"ENSG00000203814",0.0676022392436419,0.002997002997003,0.0309698899552726
"ENSG00000203832",-0.0131530395105579,0.168831168831169,0.219899532568873
"ENSG00000203865",-0.027492917692669,0.137862137862138,0.185597308482936
"ENSG00000203872",-0.00825953300381724,0.386613386613387,0.446632671375534
"ENSG00000203875",-0.0999118818368675,0.00999000999000999,0.0329382551604774
"ENSG00000203879",0.0601691449404602,0.014985014985015,0.0380820279318905
"ENSG00000203880",-0.0302919924948376,0.010989010989011,0.0339239491564177
"ENSG00000203965",-0.072950150475047,0.012987012987013,0.0360623664690208
"ENSG00000203993",-0.0391298379594727,0.026973026973027,0.0526151336084788
"ENSG00000203999",0.235181653876398,0.004995004995005,0.0309698899552726
"ENSG00000204010",0.0109332161439413,0.633366633366633,0.680353968519861
"ENSG00000204020",0.108437237120361,0.046953046953047,0.078144539299504
"ENSG00000204054",0.14036825010738,0.004995004995005,0.0309698899552726
"ENSG00000204070",0.0126040732998223,0.0639360639360639,0.0989420057151193
"ENSG00000204084",-0.0157655948454165,0.221778221778222,0.27732084791704
"ENSG00000204103",0.00578787919755148,0.876123876123876,0.895268832859174
"ENSG00000204104",-0.0268863932902916,0.0709290709290709,0.107142480445648
"ENSG00000204116",-0.0886417930385764,0.00899100899100899,0.031668800133044
"ENSG00000204120",0.0107564058977482,0.161838161838162,0.212240400367856
"ENSG00000204130",-0.0645027194887428,0.004995004995005,0.0309698899552726
"ENSG00000204131",0.162890442011834,0.00799200799200799,0.0313472428354935
"ENSG00000204136",0.00195801710025741,0.945054945054945,0.953304543366655
"ENSG00000204138",-0.0463062308015883,0.00599400599400599,0.0309698899552726
"ENSG00000204149",-0.0360511011357624,0.02997002997003,0.0561377525217924
"ENSG00000204160",0.224313528404501,0.004995004995005,0.0309698899552726
"ENSG00000204161",0.0252061133648606,0.0659340659340659,0.101381218576715
"ENSG00000204178",-0.028930943929251,0.003996003996004,0.0309698899552726
"ENSG00000204186",-0.104630143077572,0.021978021978022,0.0464939039133723
"ENSG00000204217",-0.0658457979947132,0.00699300699300699,0.0311612747652792
"ENSG00000204219",-0.130009336990427,0.010989010989011,0.0339239491564177
"ENSG00000204237",-0.0410408470284049,0.001998001998002,0.0309698899552726
"ENSG00000204253",0.0328000671162253,0.031968031968032,0.0588078690022667
"ENSG00000204271",-0.091717486749984,0.000999000999000999,0.0309698899552726
"ENSG00000204272",-0.0480759457331791,0.043956043956044,0.0742673606444167
"ENSG00000204282",-0.0398363585969268,0.038961038961039,0.0678698023240711
"ENSG00000204323",0.0296977263012371,0.246753246753247,0.304620495067336
"ENSG00000204370",0.0292823446037171,0.035964035964036,0.0640509460900688
"ENSG00000204397",0.0701776171257347,0.034965034965035,0.0627459743481843
"ENSG00000204406",-0.009404546716224,0.165834165834166,0.216724119725425
"ENSG00000204514",-0.0234264945862523,0.12987012987013,0.176359233986353
"ENSG00000204519",-0.0525473525007806,0.025974025974026,0.0514006000585945
"ENSG00000204524",-0.0201933191889446,0.035964035964036,0.0640509460900688
"ENSG00000204577",0.18192085592881,0.00799200799200799,0.0313472428354935
"ENSG00000204604",-0.0398478947176521,0.0679320679320679,0.103657642509852
"ENSG00000204611",-0.0410754806576537,0.031968031968032,0.0588078690022667
"ENSG00000204628",-0.0588432522405554,0.003996003996004,0.0309698899552726
"ENSG00000204634",0.0390095630830444,0.295704295704296,0.355946937677707
"ENSG00000204673",0.0326002564535789,0.0729270729270729,0.10954100267936
"ENSG00000204685",-0.025077362722271,0.048951048951049,0.0806102639481647
"ENSG00000204790",0.036673670511552,0.0769230769230769,0.114541139692918
"ENSG00000204822",-0.0325045999821131,0.037962037962038,0.0665831541488284
"ENSG00000204842",-0.0224263881623469,0.0679320679320679,0.103657642509852
"ENSG00000204843",0.0315670824745872,0.104895104895105,0.147874412977052
"ENSG00000204852",0.0484140094303606,0.033966033966034,0.0614579638969883
"ENSG00000204856",-0.055761298371809,0.030969030969031,0.0574804346232918
"ENSG00000204859",0.051215545490958,0.00699300699300699,0.0311612747652792
"ENSG00000204899",-0.0500457997828218,0.103896103896104,0.146724251072077
"ENSG00000204920",-0.0418983921450943,0.048951048951049,0.0806102639481647
"ENSG00000204922",-0.049522859956204,0.015984015984016,0.0392432899072327
"ENSG00000204923",-0.0273629518488853,0.0989010989010989,0.140945500603985
"ENSG00000204934",-0.0933396620301248,0.035964035964036,0.0640509460900688
"ENSG00000204946",-0.0437060646364543,0.014985014985015,0.0380820279318905
"ENSG00000204947",-0.00229144517262713,0.877122877122877,0.896061096333113
"ENSG00000204954",-0.0703969226183835,0.011988011988012,0.0350284289015142
"ENSG00000204977",-0.0446764880211452,0.021978021978022,0.0464939039133723
"ENSG00000205038",0.0273366723652955,0.183816183816184,0.236394103488807
"ENSG00000205045",-0.0744065605896766,0.020979020979021,0.0454117208439975
"ENSG00000205056",-0.0348226165706037,0.635364635364635,0.682317235976426
"ENSG00000205060",-0.0545334944681516,0.00599400599400599,0.0309698899552726
"ENSG00000205089",-0.0817454977060112,0.00899100899100899,0.031668800133044
"ENSG00000205133",0.0537057176876952,0.0599400599400599,0.0941400470935233
"ENSG00000205138",-0.0292947988179259,0.020979020979021,0.0454117208439975
"ENSG00000205155",0.10108186770587,0.003996003996004,0.0309698899552726
"ENSG00000205181",0.0738536257464872,0.016983016983017,0.0404964083535512
"ENSG00000205208",0.00551223014117649,0.718281718281718,0.756622814471881
"ENSG00000205220",0.0567447931140768,0.00899100899100899,0.031668800133044
"ENSG00000205246",-0.114177473246956,0.00899100899100899,0.031668800133044
"ENSG00000205250",0.0348852255103452,0.040959040959041,0.0705122123257061
"ENSG00000205268",-0.0433816240280544,0.050949050949051,0.0830019919080513
"ENSG00000205269",0.0575497043850187,0.0769230769230769,0.114541139692918
"ENSG00000205302",-0.0283257765286105,0.218781218781219,0.274115167568045
"ENSG00000205309",0.0884910839946732,0.02997002997003,0.0561377525217924
"ENSG00000205323",-0.00475104858205162,0.618381618381618,0.666700483512182
"ENSG00000205336",-0.0490330737743089,0.512487512487512,0.568704979231295
"ENSG00000205339",-0.0592347719550988,0.00599400599400599,0.0309698899552726
"ENSG00000205352",0.0817336054278968,0.010989010989011,0.0339239491564177
"ENSG00000205356",0.0243294100095619,0.188811188811189,0.241886032100295
"ENSG00000205413",0.0312837238598629,0.337662337662338,0.398392496959157
"ENSG00000205423",0.0853727977834679,0.00699300699300699,0.0311612747652792
"ENSG00000205485",-0.0445388226003233,0.015984015984016,0.0392432899072327
"ENSG00000205531",-0.0561807694931651,0.000999000999000999,0.0309698899552726
"ENSG00000205534",-0.0123000231041482,0.158841158841159,0.209108669838213
"ENSG00000205542",0.0382945164964485,0.026973026973027,0.0526151336084788
"ENSG00000205581",-0.0703285375796425,0.000999000999000999,0.0309698899552726
"ENSG00000205629",-0.0332557650477186,0.010989010989011,0.0339239491564177
"ENSG00000205639",0.0654349550807931,0.0529470529470529,0.0856186332504955
"ENSG00000205643",-0.0476947610983901,0.021978021978022,0.0464939039133723
"ENSG00000205659",-0.0580185220093502,0.004995004995005,0.0309698899552726
"ENSG00000205664",-0.0588512773446805,0.00999000999000999,0.0329382551604774
"ENSG00000205670",-0.0823635031552667,0.002997002997003,0.0309698899552726
"ENSG00000205707",-0.0250904439106855,0.364635364635365,0.425166179507889
"ENSG00000205726",0.0219446295215041,0.26973026973027,0.328964723119381
"ENSG00000205730",0.0097401470927494,0.72027972027972,0.75839510060642
"ENSG00000205744",0.0107871087081275,0.559440559440559,0.612327563147235
"ENSG00000205758",-0.0491824049325413,0.004995004995005,0.0309698899552726
"ENSG00000205765",-0.00943227823942275,0.238761238761239,0.29563492349398
"ENSG00000205784",-0.0429363678563375,0.025974025974026,0.0514006000585945
"ENSG00000205808",-0.0618014572233062,0.00699300699300699,0.0311612747652792
"ENSG00000205885",0.0516143064011139,0.025974025974026,0.0514006000585945
"ENSG00000205903",0.0383770138241437,0.11988011988012,0.165390802516276
"ENSG00000205930",-0.05824478053773,0.043956043956044,0.0742673606444167
"ENSG00000205937",-0.0195343497180516,0.0559440559440559,0.08933506036881
"ENSG00000205981",-0.0760445035086589,0.011988011988012,0.0350284289015142
"ENSG00000206053",-0.0345455097348356,0.034965034965035,0.0627459743481843
"ENSG00000206149",-0.033320748622295,0.04995004995005,0.0818292939339832
"ENSG00000206172",0.078488541398275,0.0589410589410589,0.0929842014116102
"ENSG00000206177",0.0877902173761384,0.011988011988012,0.0350284289015142
"ENSG00000206190",-0.0765611859108723,0.00899100899100899,0.031668800133044
"ENSG00000206199",0.149509503720044,0.00599400599400599,0.0309698899552726
"ENSG00000206418",-0.0336738103446885,0.0879120879120879,0.127615348777325
"ENSG00000206527",-0.050378842283131,0.011988011988012,0.0350284289015142
"ENSG00000206530",-0.0788393030362223,0.003996003996004,0.0309698899552726
"ENSG00000206560",0.00687154585544255,0.482517482517482,0.540135535105729
"ENSG00000206562",-0.0508801679414981,0.00599400599400599,0.0309698899552726
"ENSG00000206573",-0.0259471721262399,0.130869130869131,0.17743515509761
"ENSG00000206838",-0.00621333734279161,0.8001998001998,0.829535167670249
"ENSG00000206965",0.076383912882556,0.016983016983017,0.0404964083535512
"ENSG00000207008",-0.0347228403037516,0.342657342657343,0.403296047797076
"ENSG00000207034",0.103359454684411,0.022977022977023,0.0478078016166659
"ENSG00000207088",-0.00368369055187015,0.847152847152847,0.870252407648766
"ENSG00000207445",-0.134836965704939,0.102897102897103,0.145570027382858
"ENSG00000207939",0.151550451043368,0.002997002997003,0.0309698899552726
"ENSG00000208772",-0.0431104093588453,0.138861138861139,0.186733038696785
"ENSG00000208892",-0.0826858276670159,0.0779220779220779,0.115641829151338
"ENSG00000209042",0.104321320777618,0.022977022977023,0.0478078016166659
"ENSG00000210082",-0.0489746917650665,0.198801198801199,0.25261078528154
"ENSG00000211450",-0.0827463202456866,0.003996003996004,0.0309698899552726
"ENSG00000211455",0.0893310266698924,0.00799200799200799,0.0313472428354935
"ENSG00000211456",-0.021105851123143,0.033966033966034,0.0614579638969883
"ENSG00000211459",0.0375969002910318,0.17982017982018,0.232074626404523
"ENSG00000211460",-0.0357883983637229,0.027972027972028,0.0538126832348059
"ENSG00000211584",0.0385152226361561,0.246753246753247,0.304620495067336
"ENSG00000211598",0.00754406839163357,0.842157842157842,0.866231850997342
"ENSG00000211666",-0.0412517697971528,0.258741258741259,0.316977823399842
"ENSG00000211673",0.0179150527804631,0.739260739260739,0.775391478830124
"ENSG00000211679",-0.0397707966656766,0.336663336663337,0.397486981041358
"ENSG00000211689",-0.0416769439938513,0.235764235764236,0.292436225143419
"ENSG00000211694",-0.0389373922795509,0.301698301698302,0.361712908001815
"ENSG00000211695",-0.0185199227246926,0.67032967032967,0.7145664340981
"ENSG00000211714",-0.0554835154169667,0.050949050949051,0.0830019919080513
"ENSG00000211716",-0.0484599421772224,0.123876123876124,0.169696028353272
"ENSG00000211721",-0.0474862247641035,0.0909090909090909,0.131142174354274
"ENSG00000211734",-0.0952507641244123,0.00799200799200799,0.0313472428354935
"ENSG00000211746",-0.0860786440282986,0.026973026973027,0.0526151336084788
"ENSG00000211747",-0.0889134987029481,0.014985014985015,0.0380820279318905
"ENSG00000211752",-0.0836769198390137,0.027972027972028,0.0538126832348059
"ENSG00000211753",-0.0710921370080604,0.0929070929070929,0.133543528591968
"ENSG00000211772",-0.0812046552593335,0.010989010989011,0.0339239491564177
"ENSG00000211785",-0.0810752175069277,0.022977022977023,0.0478078016166659
"ENSG00000211787",-0.087824082516177,0.002997002997003,0.0309698899552726
"ENSG00000211794",-0.0817806663822142,0.028971028971029,0.0550211482575579
"ENSG00000211797",-0.0920728890743601,0.002997002997003,0.0309698899552726
"ENSG00000211799",-0.068579242184909,0.027972027972028,0.0538126832348059
"ENSG00000211850",-0.0778712049943785,0.01998001998002,0.044196554411905
"ENSG00000211851",-0.0835475258685845,0.00799200799200799,0.0313472428354935
"ENSG00000211856",-0.0763098850328194,0.012987012987013,0.0360623664690208
"ENSG00000211857",-0.0813603050317365,0.00599400599400599,0.0309698899552726
"ENSG00000211858",-0.0785894806222186,0.035964035964036,0.0640509460900688
"ENSG00000211859",-0.0677926014971492,0.020979020979021,0.0454117208439975
"ENSG00000211860",-0.058854535668008,0.02997002997003,0.0561377525217924
"ENSG00000211861",-0.0799257427482358,0.012987012987013,0.0360623664690208
"ENSG00000211862",-0.0923536981449126,0.011988011988012,0.0350284289015142
"ENSG00000211863",-0.0712861045888532,0.00899100899100899,0.031668800133044
"ENSG00000211865",-0.0771995230740963,0.010989010989011,0.0339239491564177
"ENSG00000211866",-0.0874542262095754,0.018981018981019,0.0430078970802953
"ENSG00000211867",-0.0780325203893687,0.017982017982018,0.0417277258366272
"ENSG00000211868",-0.0756421851971778,0.035964035964036,0.0640509460900688
"ENSG00000211869",-0.0600806307657197,0.020979020979021,0.0454117208439975
"ENSG00000211870",-0.0964611776284116,0.003996003996004,0.0309698899552726
"ENSG00000211871",-0.0622186935142802,0.015984015984016,0.0392432899072327
"ENSG00000211872",-0.0877706451070185,0.00799200799200799,0.0313472428354935
"ENSG00000211873",-0.0527791408813273,0.0789210789210789,0.116778321407723
"ENSG00000211875",-0.0732435642096551,0.011988011988012,0.0350284289015142
"ENSG00000211876",-0.0696731271097952,0.038961038961039,0.0678698023240711
"ENSG00000211877",-0.0796651478625951,0.011988011988012,0.0350284289015142
"ENSG00000211878",-0.0681908949896627,0.013986013986014,0.0370555370555371
"ENSG00000211879",-0.0682536764068344,0.01998001998002,0.044196554411905
"ENSG00000211882",-0.0608072591523658,0.032967032967033,0.0601301870083172
"ENSG00000211883",-0.0553318356336409,0.0589410589410589,0.0929842014116102
"ENSG00000211884",-0.0685313529393252,0.035964035964036,0.0640509460900688
"ENSG00000211895",-0.016777627144823,0.701298701298701,0.741789103345167
"ENSG00000211949",-0.018439880669944,0.724275724275724,0.761801650126523
"ENSG00000212124",-0.060153195159878,0.00799200799200799,0.0313472428354935
"ENSG00000212125",-0.0731759049233096,0.00799200799200799,0.0313472428354935
"ENSG00000212127",-0.0407715159054884,0.050949050949051,0.0830019919080513
"ENSG00000212128",-0.0747189752803822,0.00599400599400599,0.0309698899552726
"ENSG00000212232",-0.0137416112569299,0.607392607392607,0.65673813366121
"ENSG00000212283",-0.0096175255386351,0.796203796203796,0.826247925289459
"ENSG00000212304",0.122057055389328,0.00899100899100899,0.031668800133044
"ENSG00000212402",0.00272796421362935,0.907092907092907,0.921664064714454
"ENSG00000212443",-0.00331619152574832,0.936063936063936,0.946300166858713
"ENSG00000212464",-0.0741924476409546,0.045954045954046,0.0767902842430095
"ENSG00000212670",0.0425349243574574,0.041958041958042,0.0717489681633108
"ENSG00000212694",-0.0174106768536462,0.291708291708292,0.351700466467722
"ENSG00000212719",-0.0259758757585135,0.155844155844156,0.205658840994297
"ENSG00000212743",0.212414711881348,0.00699300699300699,0.0311612747652792
"ENSG00000212802",-0.0916117978043938,0.010989010989011,0.0339239491564177
"ENSG00000212907",-0.0170194241652821,0.202797202797203,0.256954853264816
"ENSG00000212916",-0.0573354463978991,0.045954045954046,0.0767902842430095
"ENSG00000212978",-0.0121314687218434,0.445554445554446,0.504539086655359
"ENSG00000213015",0.0159536043686434,0.258741258741259,0.316977823399842
"ENSG00000213020",0.00282432086778385,0.819180819180819,0.846655924055305
"ENSG00000213024",0.00359475024000886,0.858141858141858,0.880111695779899
"ENSG00000213047",-0.0412314398610259,0.016983016983017,0.0404964083535512
"ENSG00000213064",-0.0209151312335191,0.18981018981019,0.243088113932104
"ENSG00000213066",0.0435157361549877,0.045954045954046,0.0767902842430095
"ENSG00000213071",-0.0680485676356743,0.045954045954046,0.0767902842430095
"ENSG00000213073",0.162898144061204,0.00899100899100899,0.031668800133044
"ENSG00000213079",0.00547528548275153,0.475524475524476,0.533649560822966
"ENSG00000213080",0.048073292059191,0.002997002997003,0.0309698899552726
"ENSG00000213085",0.186178330807327,0.023976023976024,0.0489374755679103
"ENSG00000213087",-0.0765932935421432,0.00599400599400599,0.0309698899552726
"ENSG00000213090",-0.0285159201349592,0.044955044955045,0.0755305089151028
"ENSG00000213096",-0.0162122875769115,0.484515484515485,0.542069176401703
"ENSG00000213131",0.0496113452627593,0.000999000999000999,0.0309698899552726
"ENSG00000213139",-0.0489821887893258,0.02997002997003,0.0561377525217924
"ENSG00000213145",-0.0602986436784242,0.004995004995005,0.0309698899552726
"ENSG00000213178",-0.119339903523053,0.004995004995005,0.0309698899552726
"ENSG00000213186",-0.0620631540456778,0.03996003996004,0.0691988127146629
"ENSG00000213189",-0.0707975863088585,0.0539460539460539,0.0868019381876659
"ENSG00000213190",-0.0313074770878374,0.18981018981019,0.243088113932104
"ENSG00000213203",-0.0646496678365143,0.00599400599400599,0.0309698899552726
"ENSG00000213235",-0.101408735154882,0.0599400599400599,0.0941400470935233
"ENSG00000213236",0.0559308861410903,0.001998001998002,0.0309698899552726
"ENSG00000213240",0.0319520244995236,0.0539460539460539,0.0868019381876659
"ENSG00000213246",0.0819104411005071,0.00599400599400599,0.0309698899552726
"ENSG00000213252",-0.0310819767250392,0.147852147852148,0.197103395772281
"ENSG00000213281",-0.028390920433252,0.117882117882118,0.16304606890405
"ENSG00000213290",0.0612137037753218,0.021978021978022,0.0464939039133723
"ENSG00000213300",-0.0495623572771176,0.017982017982018,0.0417277258366272
"ENSG00000213315",-0.161013685648864,0.021978021978022,0.0464939039133723
"ENSG00000213326",-0.245387008995646,0.014985014985015,0.0380820279318905
"ENSG00000213337",-0.0340495283046777,0.108891108891109,0.152666046039821
"ENSG00000213339",-0.0549961846032769,0.00999000999000999,0.0329382551604774
"ENSG00000213341",0.0582152703505465,0.00699300699300699,0.0311612747652792
"ENSG00000213347",0.181151359768839,0.00599400599400599,0.0309698899552726
"ENSG00000213366",-0.0890210027367595,0.020979020979021,0.0454117208439975
"ENSG00000213380",-0.0140116291665876,0.238761238761239,0.29563492349398
"ENSG00000213390",0.108256788248079,0.00699300699300699,0.0311612747652792
"ENSG00000213420",0.0132293283710123,0.563436563436563,0.615859992667633
"ENSG00000213442",-0.078761887584635,0.004995004995005,0.0309698899552726
"ENSG00000213443",-0.101722921938305,0.002997002997003,0.0309698899552726
"ENSG00000213445",0.122296281063391,0.003996003996004,0.0309698899552726
"ENSG00000213462",0.128941082450702,0.00799200799200799,0.0313472428354935
"ENSG00000213463",-0.0844381971242262,0.002997002997003,0.0309698899552726
"ENSG00000213465",-0.0381528492359546,0.025974025974026,0.0514006000585945
"ENSG00000213492",0.056084710139582,0.013986013986014,0.0370555370555371
"ENSG00000213500",0.0339400304967484,0.371628371628372,0.432062471725817
"ENSG00000213516",0.0255040476651175,0.013986013986014,0.0370555370555371
"ENSG00000213523",0.0856960577154697,0.001998001998002,0.0309698899552726
"ENSG00000213539",0.0131425549056924,0.403596403596404,0.463357047995948
"ENSG00000213551",-0.0534463578801816,0.003996003996004,0.0309698899552726
"ENSG00000213553",-0.0938308259650656,0.00699300699300699,0.0311612747652792
"ENSG00000213563",-0.0245717716810455,0.046953046953047,0.078144539299504
"ENSG00000213585",-0.0172010058399259,0.231768231768232,0.287984967885712
"ENSG00000213593",-0.0330808018145728,0.010989010989011,0.0339239491564177
"ENSG00000213600",0.0942516777899838,0.013986013986014,0.0370555370555371
"ENSG00000213613",0.0791105661169452,0.00899100899100899,0.031668800133044
"ENSG00000213614",-0.0248405049236372,0.0609390609390609,0.0952980656298809
"ENSG00000213619",-0.0553961601058868,0.022977022977023,0.0478078016166659
"ENSG00000213625",0.0160368685457668,0.191808191808192,0.24520272834282
"ENSG00000213626",-0.047529283244312,0.04995004995005,0.0818292939339832
"ENSG00000213639",0.0134694064536216,0.454545454545455,0.513655596871394
"ENSG00000213672",-0.0705717551285233,0.001998001998002,0.0309698899552726
"ENSG00000213684",-0.098789708904664,0.00999000999000999,0.0329382551604774
"ENSG00000213689",0.0488995189214679,0.023976023976024,0.0489374755679103
"ENSG00000213693",-0.0269089274924115,0.0609390609390609,0.0952980656298809
"ENSG00000213694",0.0514409327205704,0.112887112887113,0.157241228868489
"ENSG00000213699",0.0125156083732151,0.424575424575425,0.484020816974716
"ENSG00000213740",-0.00498543634774066,0.678321678321678,0.721422117705304
"ENSG00000213741",-0.213259096159793,0.00899100899100899,0.031668800133044
"ENSG00000213742",-0.0639426621069285,0.01998001998002,0.044196554411905
"ENSG00000213753",0.0647723806296518,0.013986013986014,0.0370555370555371
"ENSG00000213762",-0.0234164338237178,0.0889110889110889,0.128801044664111
"ENSG00000213782",-0.054584881660912,0.00999000999000999,0.0329382551604774
"ENSG00000213799",-0.060175463747542,0.100899100899101,0.143283161361857
"ENSG00000213839",-0.0291674178522342,0.045954045954046,0.0767902842430095
"ENSG00000213846",0.0598961907243729,0.003996003996004,0.0309698899552726
"ENSG00000213859",-0.0085313179842565,0.553446553446553,0.606927701370625
"ENSG00000213862",-0.069895961029969,0.004995004995005,0.0309698899552726
"ENSG00000213865",-0.025368546309373,0.04995004995005,0.0818292939339832
"ENSG00000213866",0.0282824815405082,0.0939060939060939,0.134753843171754
"ENSG00000213876",0.00993220220410116,0.771228771228771,0.804010008034991
"ENSG00000213881",-0.0983598573308082,0.00799200799200799,0.0313472428354935
"ENSG00000213889",-0.0638958171520896,0.020979020979021,0.0454117208439975
"ENSG00000213903",0.165435805996009,0.002997002997003,0.0309698899552726
"ENSG00000213918",0.0166009027834193,0.211788211788212,0.266576322713734
"ENSG00000213923",-0.0430944009767631,0.013986013986014,0.0370555370555371
"ENSG00000213928",0.0854540959115106,0.004995004995005,0.0309698899552726
"ENSG00000213930",-0.0702079174017665,0.002997002997003,0.0309698899552726
"ENSG00000213939",-0.0927675041670576,0.00999000999000999,0.0329382551604774
"ENSG00000213949",0.0518430980414121,0.0579420579420579,0.0917937849126882
"ENSG00000213963",-0.0523850318140523,0.012987012987013,0.0360623664690208
"ENSG00000213965",-0.0271967487472215,0.0919080919080919,0.132329154013592
"ENSG00000213967",-0.0530288551689473,0.122877122877123,0.168577313097861
"ENSG00000213971",-0.0679811604225694,0.012987012987013,0.0360623664690208
"ENSG00000213983",-0.0177173444593407,0.154845154845155,0.204565139158961
"ENSG00000213985",0.100092884493405,0.001998001998002,0.0309698899552726
"ENSG00000213988",-0.0210359301252639,0.288711288711289,0.348646731082422
"ENSG00000213995",-0.0412567170040007,0.00599400599400599,0.0309698899552726
"ENSG00000214013",-0.036733261514112,0.004995004995005,0.0309698899552726
"ENSG00000214019",0.022239009748124,0.14985014985015,0.199368880870043
"ENSG00000214021",0.0677067734508957,0.026973026973027,0.0526151336084788
"ENSG00000214022",-0.00500686728862119,0.494505494505495,0.551961273610758
"ENSG00000214026",-0.0303429560261535,0.047952047952048,0.0794112873484515
"ENSG00000214029",-0.0820469372456485,0.017982017982018,0.0417277258366272
"ENSG00000214046",-0.0259000606705426,0.00699300699300699,0.0311612747652792
"ENSG00000214063",0.00889656409867544,0.783216783216783,0.814740699445971
"ENSG00000214077",0.116964023867843,0.00899100899100899,0.031668800133044
"ENSG00000214078",0.0412110559259228,0.031968031968032,0.0588078690022667
"ENSG00000214087",-0.0337264690952793,0.0659340659340659,0.101381218576715
"ENSG00000214106",-0.0338879769608932,0.023976023976024,0.0489374755679103
"ENSG00000214110",-0.0121884430118746,0.426573426573427,0.486021941653341
"ENSG00000214113",-0.0852584601741325,0.00599400599400599,0.0309698899552726
"ENSG00000214114",0.0429938437179566,0.028971028971029,0.0550211482575579
"ENSG00000214135",-0.0419104848637882,0.00799200799200799,0.0313472428354935
"ENSG00000214160",-0.0207671884874772,0.147852147852148,0.197103395772281
"ENSG00000214174",-0.0514210206528294,0.027972027972028,0.0538126832348059
"ENSG00000214176",0.0941885051016682,0.00699300699300699,0.0311612747652792
"ENSG00000214181",0.039433654324997,0.010989010989011,0.0339239491564177
"ENSG00000214182",-0.0720290346942295,0.003996003996004,0.0309698899552726
"ENSG00000214185",-0.0284056046665504,0.100899100899101,0.143283161361857
"ENSG00000214193",0.129583304745425,0.004995004995005,0.0309698899552726
"ENSG00000214194",-0.10502126383908,0.02997002997003,0.0561377525217924
"ENSG00000214199",-0.117235647131088,0.00999000999000999,0.0329382551604774
"ENSG00000214203",-0.056806834021161,0.013986013986014,0.0370555370555371
"ENSG00000214212",0.111960359974641,0.00699300699300699,0.0311612747652792
"ENSG00000214226",-0.0620844979632043,0.00599400599400599,0.0309698899552726
"ENSG00000214253",0.0213414638556136,0.04995004995005,0.0818292939339832
"ENSG00000214279",-0.0499076084462071,0.0539460539460539,0.0868019381876659
"ENSG00000214293",0.102748315412029,0.00599400599400599,0.0309698899552726
"ENSG00000214331",-0.0298439205612937,0.013986013986014,0.0370555370555371
"ENSG00000214367",-0.050844641237245,0.021978021978022,0.0464939039133723
"ENSG00000214389",-0.238962705009038,0.021978021978022,0.0464939039133723
"ENSG00000214391",0.0524605845597967,0.012987012987013,0.0360623664690208
"ENSG00000214413",0.013555912279877,0.371628371628372,0.432062471725817
"ENSG00000214425",-0.123060946307946,0.01998001998002,0.044196554411905
"ENSG00000214439",0.0536190026736391,0.044955044955045,0.0755305089151028
"ENSG00000214456",0.227571273582194,0.00799200799200799,0.0313472428354935
"ENSG00000214485",-0.201609686055961,0.023976023976024,0.0489374755679103
"ENSG00000214517",-0.00917971211861674,0.0649350649350649,0.100075610462889
"ENSG00000214530",0.144953916702285,0.003996003996004,0.0309698899552726
"ENSG00000214535",-0.195859496466094,0.018981018981019,0.0430078970802953
"ENSG00000214552",-0.0876986553054255,0.003996003996004,0.0309698899552726
"ENSG00000214558",0.0598525434254394,0.00599400599400599,0.0309698899552726
"ENSG00000214595",-0.0280362282193548,0.335664335664336,0.396580218837395
"ENSG00000214612",-0.0808892206595504,0.001998001998002,0.0309698899552726
"ENSG00000214654",-0.0284520320831287,0.111888111888112,0.156211817921855
"ENSG00000214655",0.104864002958762,0.00699300699300699,0.0311612747652792
"ENSG00000214688",0.088981334755401,0.046953046953047,0.078144539299504
"ENSG00000214706",-0.0131541300468226,0.426573426573427,0.486021941653341
"ENSG00000214753",0.0117606479241676,0.215784215784216,0.270896762278774
"ENSG00000214756",-0.0563125561359038,0.028971028971029,0.0550211482575579
"ENSG00000214765",-0.072131291099734,0.012987012987013,0.0360623664690208
"ENSG00000214787",-0.0189403492977921,0.428571428571429,0.488113289288422
"ENSG00000214812",0.150104088274483,0.00599400599400599,0.0309698899552726
"ENSG00000214881",-0.0498007560719273,0.015984015984016,0.0392432899072327
"ENSG00000214900",-0.0676298362837879,0.00599400599400599,0.0309698899552726
"ENSG00000214941",-0.059497650155508,0.011988011988012,0.0350284289015142
"ENSG00000214954",-0.0559089409321025,0.017982017982018,0.0417277258366272
"ENSG00000214975",-0.00422681311989508,0.847152847152847,0.870252407648766
"ENSG00000214982",-0.0670496721738568,0.000999000999000999,0.0309698899552726
"ENSG00000215012",-0.0395377019432708,0.024975024975025,0.0503016340120413
"ENSG00000215021",-0.042972217987544,0.00799200799200799,0.0313472428354935
"ENSG00000215022",0.0968758308544637,0.00799200799200799,0.0313472428354935
"ENSG00000215030",-0.0801370092918428,0.010989010989011,0.0339239491564177
"ENSG00000215039",0.0277590637567909,0.045954045954046,0.0767902842430095
"ENSG00000215041",-0.0129091047588489,0.418581418581419,0.478049176899315
"ENSG00000215067",0.0264544585866295,0.10989010989011,0.153869199657386
"ENSG00000215068",-0.0245487025261701,0.046953046953047,0.078144539299504
"ENSG00000215105",-0.0708391345019534,0.004995004995005,0.0309698899552726
"ENSG00000215114",0.147097841041119,0.003996003996004,0.0309698899552726
"ENSG00000215158",-0.0603503372798407,0.017982017982018,0.0417277258366272
"ENSG00000215190",-0.0489639486488755,0.015984015984016,0.0392432899072327
"ENSG00000215193",-0.0282365093802245,0.010989010989011,0.0339239491564177
"ENSG00000215244",0.166700347045026,0.012987012987013,0.0360623664690208
"ENSG00000215251",0.0177128190568482,0.00599400599400599,0.0309698899552726
"ENSG00000215252",-0.0887703958484593,0.000999000999000999,0.0309698899552726
"ENSG00000215256",-0.0579265844905492,0.003996003996004,0.0309698899552726
"ENSG00000215271",-0.0288569553859419,0.020979020979021,0.0454117208439975
"ENSG00000215301",0.0862847800232183,0.001998001998002,0.0309698899552726
"ENSG00000215305",0.00951994326890221,0.494505494505495,0.551961273610758
"ENSG00000215346",-0.080416564472636,0.011988011988012,0.0350284289015142
"ENSG00000215375",-0.0217629235729746,0.033966033966034,0.0614579638969883
"ENSG00000215388",-0.0292554153716709,0.042957042957043,0.0729589799685899
"ENSG00000215417",-0.0892387050463444,0.02997002997003,0.0561377525217924
"ENSG00000215421",0.0267130333609437,0.00599400599400599,0.0309698899552726
"ENSG00000215424",-0.0933200286530236,0.012987012987013,0.0360623664690208
"ENSG00000215440",0.0545044933105405,0.032967032967033,0.0601301870083172
"ENSG00000215447",-0.0234100816690963,0.0699300699300699,0.105979770544714
"ENSG00000215458",0.0263658004994943,0.410589410589411,0.470307237558477
"ENSG00000215492",-0.0562319729232119,0.024975024975025,0.0503016340120413
"ENSG00000215571",0.0509973642505025,0.020979020979021,0.0454117208439975
"ENSG00000215712",-0.0573375692087871,0.015984015984016,0.0392432899072327
"ENSG00000215717",0.074404319501466,0.00799200799200799,0.0313472428354935
"ENSG00000215769",0.0771537321397543,0.013986013986014,0.0370555370555371
"ENSG00000215788",-0.0877568809856292,0.004995004995005,0.0309698899552726
"ENSG00000215790",-0.0186917144935148,0.290709290709291,0.350671911647521
"ENSG00000215817",0.0592102864582055,0.002997002997003,0.0309698899552726
"ENSG00000215835",0.038499538699586,0.018981018981019,0.0430078970802953
"ENSG00000215845",-0.0140810214453345,0.22977022977023,0.285768252238293
"ENSG00000215908",-0.0373501851881175,0.018981018981019,0.0430078970802953
"ENSG00000216316",0.109741626255141,0.018981018981019,0.0430078970802953
"ENSG00000216490",0.0373427947211652,0.0659340659340659,0.101381218576715
"ENSG00000216657",-0.0474709839619335,0.121878121878122,0.167493569894942
"ENSG00000216809",-0.0511576706393975,0.027972027972028,0.0538126832348059
"ENSG00000216866",-0.0698587068738286,0.017982017982018,0.0417277258366272
"ENSG00000216895",-0.0474633707645878,0.0529470529470529,0.0856186332504955
"ENSG00000216937",-0.107492500987656,0.004995004995005,0.0309698899552726
"ENSG00000217027",-0.152645894316071,0.01998001998002,0.044196554411905
"ENSG00000217060",0.0656757856431947,0.010989010989011,0.0339239491564177
"ENSG00000217128",0.132469113680445,0.003996003996004,0.0309698899552726
"ENSG00000217130",-0.164054128995858,0.013986013986014,0.0370555370555371
"ENSG00000217241",-0.0461570707432706,0.0959040959040959,0.137195027327154
"ENSG00000217416",0.00507807897857986,0.803196803196803,0.832211326909146
"ENSG00000217512",0.0193818626883676,0.271728271728272,0.330964869730452
"ENSG00000217527",0.0733747649943216,0.014985014985015,0.0380820279318905
"ENSG00000217555",0.105366241251665,0.00999000999000999,0.0329382551604774
"ENSG00000217624",0.0284734731346007,0.0629370629370629,0.0977484650268315
"ENSG00000218175",-0.0475920904592082,0.107892107892108,0.151406743653357
"ENSG00000218208",-0.127405609735845,0.021978021978022,0.0464939039133723
"ENSG00000218227",-0.0784211274805269,0.003996003996004,0.0309698899552726
"ENSG00000218283",0.0274706108164136,0.037962037962038,0.0665831541488284
"ENSG00000218350",0.0256083972720072,0.0639360639360639,0.0989420057151193
"ENSG00000218426",-0.0983796979594544,0.017982017982018,0.0417277258366272
"ENSG00000218510",-0.0151281809059097,0.251748251748252,0.309610160613026
"ENSG00000218739",-0.055032081025975,0.013986013986014,0.0370555370555371
"ENSG00000218809",0.197783020923035,0.012987012987013,0.0360623664690208
"ENSG00000219085",0.0757791093534851,0.001998001998002,0.0309698899552726
"ENSG00000219201",-0.014172313305295,0.357642357642358,0.418433202311707
"ENSG00000219481",-0.0325779897202402,0.105894105894106,0.149003086832381
"ENSG00000219507",0.144072697754851,0.000999000999000999,0.0309698899552726
"ENSG00000219545",0.00898219916885402,0.256743256743257,0.315011787599843
"ENSG00000219626",-0.00622331828844838,0.510489510489511,0.566854193575066
"ENSG00000219665",-0.0639320908197834,0.000999000999000999,0.0309698899552726
"ENSG00000219682",0.109366555568749,0.004995004995005,0.0309698899552726
"ENSG00000219747",-0.105568645238263,0.002997002997003,0.0309698899552726
"ENSG00000219928",-0.150240198433106,0.003996003996004,0.0309698899552726
"ENSG00000220205",-0.00254744004787874,0.846153846153846,0.869449121330106
"ENSG00000220472",-0.0822792108730133,0.020979020979021,0.0454117208439975
"ENSG00000220517",-0.0658635051907932,0.023976023976024,0.0489374755679103
"ENSG00000220583",-0.144217069849172,0.015984015984016,0.0392432899072327
"ENSG00000220804",0.00684711513809043,0.528471528471528,0.583854645079135
"ENSG00000220842",-0.179716901630836,0.012987012987013,0.0360623664690208
"ENSG00000220848",-0.0728591369029274,0.014985014985015,0.0380820279318905
"ENSG00000221491",0.0240919821344654,0.383616383616384,0.443682195967828
"ENSG00000221817",-0.0576979504514513,0.002997002997003,0.0309698899552726
"ENSG00000221823",0.0498826269729191,0.016983016983017,0.0404964083535512
"ENSG00000221829",-0.0274741860190232,0.130869130869131,0.17743515509761
"ENSG00000221838",-0.0165147780764381,0.105894105894106,0.149003086832381
"ENSG00000221866",-0.0282767247655991,0.150849150849151,0.20038743173484
"ENSG00000221869",0.160890116601484,0.003996003996004,0.0309698899552726
"ENSG00000221883",-0.00783808879176015,0.68031968031968,0.723099134879448
"ENSG00000221909",-0.0340813895715797,0.0819180819180819,0.120368200084547
"ENSG00000221914",0.0194598735062428,0.0909090909090909,0.131142174354274
"ENSG00000221923",-0.0823975013454487,0.004995004995005,0.0309698899552726
"ENSG00000221926",-0.0385487792860991,0.0629370629370629,0.0977484650268315
"ENSG00000221930",0.0973495748533179,0.00599400599400599,0.0309698899552726
"ENSG00000221944",-0.0213830013123088,0.401598401598402,0.461327622864614
"ENSG00000221968",-0.020741451957192,0.24975024975025,0.307719756151169
"ENSG00000221978",-0.0167201000025156,0.051948051948052,0.084286713691331
"ENSG00000221983",0.0159727764371783,0.140859140859141,0.189123578912429
"ENSG00000221994",-0.0111857218761284,0.572427572427572,0.624211465877377
"ENSG00000221995",-0.0558945732706649,0.027972027972028,0.0538126832348059
"ENSG00000222011",-0.0513986635185464,0.00599400599400599,0.0309698899552726
"ENSG00000222041",0.0444396547140572,0.0679320679320679,0.103657642509852
"ENSG00000222057",0.0850813719414101,0.011988011988012,0.0350284289015142
"ENSG00000222112",0.203680198749545,0.00699300699300699,0.0311612747652792
"ENSG00000222365",0.128771338504709,0.013986013986014,0.0370555370555371
"ENSG00000222414",0.0984267668706298,0.00699300699300699,0.0311612747652792
"ENSG00000222489",-0.0249091332940398,0.425574425574426,0.484975672914228
"ENSG00000223336",0.07116293095826,0.026973026973027,0.0526151336084788
"ENSG00000223380",0.0371813751936542,0.001998001998002,0.0309698899552726
"ENSG00000223473",0.0187941126752511,0.0719280719280719,0.108379083303858
"ENSG00000223482",0.00572354383159487,0.655344655344655,0.700955150225353
"ENSG00000223496",-0.0526117883047827,0.004995004995005,0.0309698899552726
"ENSG00000223509",-0.0662807242826284,0.0629370629370629,0.0977484650268315
"ENSG00000223546",-0.0876245048307134,0.00599400599400599,0.0309698899552726
"ENSG00000223547",0.0108245573583267,0.506493506493506,0.563041250674217
"ENSG00000223559",-0.0616498542877092,0.014985014985015,0.0380820279318905
"ENSG00000223599",-0.0148330561454831,0.346653346653347,0.407241438912993
"ENSG00000223612",0.0380760546897289,0.017982017982018,0.0417277258366272
"ENSG00000223704",-0.0586422623982022,0.034965034965035,0.0627459743481843
"ENSG00000223705",-0.0672521940354784,0.014985014985015,0.0380820279318905
"ENSG00000223745",-0.0685115923949633,0.000999000999000999,0.0309698899552726
"ENSG00000223768",-0.0488111430941234,0.023976023976024,0.0489374755679103
"ENSG00000223803",-0.147141720921504,0.00999000999000999,0.0329382551604774
"ENSG00000223804",-0.0483627337190939,0.00899100899100899,0.031668800133044
"ENSG00000223825",0.0679790453430554,0.041958041958042,0.0717489681633108
"ENSG00000223891",0.0550863466749206,0.022977022977023,0.0478078016166659
"ENSG00000223959",-0.0319708202257956,0.00799200799200799,0.0313472428354935
"ENSG00000223960",-0.0667864769698776,0.000999000999000999,0.0309698899552726
"ENSG00000224003",-0.0460327346853773,0.0769230769230769,0.114541139692918
"ENSG00000224032",-0.0913142396429759,0.004995004995005,0.0309698899552726
"ENSG00000224051",0.0460792118129141,0.013986013986014,0.0370555370555371
"ENSG00000224078",-0.0944208330284632,0.00599400599400599,0.0309698899552726
"ENSG00000224086",0.0881474132205428,0.004995004995005,0.0309698899552726
"ENSG00000224113",-0.0415395276619344,0.032967032967033,0.0601301870083172
"ENSG00000224152",0.168326731347354,0.010989010989011,0.0339239491564177
"ENSG00000224177",-0.00607913096046869,0.823176823176823,0.849981876530549
"ENSG00000224307",0.139653792298135,0.00999000999000999,0.0329382551604774
"ENSG00000224358",-0.0801815906063975,0.015984015984016,0.0392432899072327
"ENSG00000224397",0.173979748441628,0.002997002997003,0.0309698899552726
"ENSG00000224411",-0.0603198240932787,0.110889110889111,0.155051231491022
"ENSG00000224415",-0.090422234833199,0.001998001998002,0.0309698899552726
"ENSG00000224442",0.0339972318470108,0.162837162837163,0.213410798579828
"ENSG00000224451",0.0211887066678066,0.284715284715285,0.344444160630994
"ENSG00000224470",0.0403166932064684,0.011988011988012,0.0350284289015142
"ENSG00000224505",0.0340330801565437,0.0619380619380619,0.0965087032764979
"ENSG00000224531",-0.0457573813274144,0.047952047952048,0.0794112873484515
"ENSG00000224546",-0.0571045616508525,0.011988011988012,0.0350284289015142
"ENSG00000224578",-0.0608703167741254,0.02997002997003,0.0561377525217924
"ENSG00000224597",-0.0535358365270548,0.001998001998002,0.0309698899552726
"ENSG00000224628",0.0085698807011866,0.412587412587413,0.472325731041677
"ENSG00000224631",-0.144841177277321,0.00899100899100899,0.031668800133044
"ENSG00000224660",-0.0136733446836473,0.312687312687313,0.373360767399516
"ENSG00000224699",-0.050163094290464,0.018981018981019,0.0430078970802953
"ENSG00000224745",0.0924610069513006,0.00999000999000999,0.0329382551604774
"ENSG00000224781",-0.0587651059197632,0.00799200799200799,0.0313472428354935
"ENSG00000224831",0.0174293432600122,0.033966033966034,0.0614579638969883
"ENSG00000224861",0.0234559299407156,0.174825174825175,0.226625925040336
"ENSG00000224870",-0.00226975151870261,0.612387612387612,0.661246570141449
"ENSG00000224877",-0.093953508179566,0.00899100899100899,0.031668800133044
"ENSG00000224892",-0.00837194031978746,0.515484515484515,0.571766765767689
"ENSG00000224934",-0.0607690736831642,0.021978021978022,0.0464939039133723
"ENSG00000224950",0.0855835940115685,0.013986013986014,0.0370555370555371
"ENSG00000225014",0.0446215080053125,0.016983016983017,0.0404964083535512
"ENSG00000225022",0.068888966248972,0.002997002997003,0.0309698899552726
"ENSG00000225031",-0.0584276721887492,0.002997002997003,0.0309698899552726
"ENSG00000225032",-0.0659602762752484,0.018981018981019,0.0430078970802953
"ENSG00000225067",-0.0714668207138882,0.00699300699300699,0.0311612747652792
"ENSG00000225091",0.0603529189986819,0.022977022977023,0.0478078016166659
"ENSG00000225092",-0.021712527323351,0.164835164835165,0.215512294494018
"ENSG00000225099",0.0495403810274067,0.00899100899100899,0.031668800133044
"ENSG00000225101",0.148975701983353,0.003996003996004,0.0309698899552726
"ENSG00000225113",0.0665392697706298,0.025974025974026,0.0514006000585945
"ENSG00000225135",0.0928683154774146,0.017982017982018,0.0417277258366272
"ENSG00000225137",-0.0458537899723554,0.025974025974026,0.0514006000585945
"ENSG00000225138",0.0165521159505539,0.536463536463537,0.591216761230516
"ENSG00000225159",-0.119414417500006,0.002997002997003,0.0309698899552726
"ENSG00000225190",0.0529995500184922,0.124875124875125,0.170791993939826
"ENSG00000225193",0.00626263339802265,0.588411588411588,0.638628237111033
"ENSG00000225200",-0.112342656397094,0.021978021978022,0.0464939039133723
"ENSG00000225205",0.0363957818552936,0.011988011988012,0.0350284289015142
"ENSG00000225215",-0.0267841777896156,0.155844155844156,0.205658840994297
"ENSG00000225217",0.0388421579809453,0.252747252747253,0.310648034722488
"ENSG00000225224",-0.0483152433874609,0.0809190809190809,0.119235595204207
"ENSG00000225241",-0.0951967168409901,0.003996003996004,0.0309698899552726
"ENSG00000225259",-0.0120902454958004,0.397602397602398,0.457393090302059
"ENSG00000225342",0.163007451558186,0.000999000999000999,0.0309698899552726
"ENSG00000225355",0.00260055739800018,0.896103896103896,0.912349764772672
"ENSG00000225422",0.0598851164825361,0.002997002997003,0.0309698899552726
"ENSG00000225423",-0.0240562126450393,0.100899100899101,0.143283161361857
"ENSG00000225434",-0.0511694413691107,0.04995004995005,0.0818292939339832
"ENSG00000225470",0.0239451984338664,0.163836163836164,0.214486167427344
"ENSG00000225471",0.035489855078608,0.0939060939060939,0.134753843171754
"ENSG00000225484",0.0391762034770485,0.018981018981019,0.0430078970802953
"ENSG00000225528",-0.0194013678450088,0.163836163836164,0.214486167427344
"ENSG00000225544",0.135665556469816,0.003996003996004,0.0309698899552726
"ENSG00000225568",-0.0393698417576485,0.048951048951049,0.0806102639481647
"ENSG00000225573",-0.151473803110153,0.018981018981019,0.0430078970802953
"ENSG00000225611",0.158581658812661,0.013986013986014,0.0370555370555371
"ENSG00000225648",-0.100071697881844,0.00999000999000999,0.0329382551604774
"ENSG00000225674",-0.0411574566673471,0.034965034965035,0.0627459743481843
"ENSG00000225697",-0.0117513856219227,0.393606393606394,0.45349071406017
"ENSG00000225733",0.0196614987726056,0.0789210789210789,0.116778321407723
"ENSG00000225783",-0.028022390014961,0.321678321678322,0.3826138232314
"ENSG00000225793",-0.0510842780328921,0.0929070929070929,0.133543528591968
"ENSG00000225808",0.0947104283538519,0.00599400599400599,0.0309698899552726
"ENSG00000225828",-0.00960777860510746,0.549450549450549,0.603261164196666
"ENSG00000225830",-0.0126718049531702,0.141858141858142,0.190252332200775
"ENSG00000225855",0.0224662423409105,0.130869130869131,0.17743515509761
"ENSG00000225873",0.291685205427348,0.003996003996004,0.0309698899552726
"ENSG00000225889",0.136815766030299,0.00899100899100899,0.031668800133044
"ENSG00000225891",-0.0150929379907723,0.213786213786214,0.268725312967547
"ENSG00000225921",-0.0283886152392876,0.031968031968032,0.0588078690022667
"ENSG00000225948",-0.111332525673916,0.012987012987013,0.0360623664690208
"ENSG00000225973",0.00772467097347994,0.645354645354645,0.691500724667629
"ENSG00000225975",-0.0480223971434484,0.00899100899100899,0.031668800133044
"ENSG00000226015",-0.0211274852041037,0.177822177822178,0.229866293757872
"ENSG00000226029",0.00988689033868231,0.343656343656344,0.404313454533719
"ENSG00000226049",0.0257280379770408,0.025974025974026,0.0514006000585945
"ENSG00000226054",-0.0117933008213565,0.404595404595405,0.464370888399157
"ENSG00000226085",-0.0166548055648466,0.317682317682318,0.378385143102685
"ENSG00000226091",0.068679065329223,0.0659340659340659,0.101381218576715
"ENSG00000226121",0.103054026063723,0.004995004995005,0.0309698899552726
"ENSG00000226137",0.0438626393941341,0.111888111888112,0.156211817921855
"ENSG00000226200",-0.0113527998138531,0.188811188811189,0.241886032100295
"ENSG00000226210",-0.0223067926734352,0.40959040959041,0.469341870943702
"ENSG00000226221",-0.260884013766163,0.016983016983017,0.0404964083535512
"ENSG00000226243",-0.0883236455489897,0.00599400599400599,0.0309698899552726
"ENSG00000226266",0.0830306416960323,0.013986013986014,0.0370555370555371
"ENSG00000226284",0.0568958729383639,0.027972027972028,0.0538126832348059
"ENSG00000226318",0.00277963107169794,0.822177822177822,0.849315202590087
"ENSG00000226328",0.0664380997899395,0.016983016983017,0.0404964083535512
"ENSG00000226360",-0.116375286213031,0.002997002997003,0.0309698899552726
"ENSG00000226380",0.106219295556001,0.00699300699300699,0.0311612747652792
"ENSG00000226396",-0.118516913457595,0.004995004995005,0.0309698899552726
"ENSG00000226415",0.0260936089344902,0.0899100899100899,0.130013170561841
"ENSG00000226419",-0.0583192757788232,0.0529470529470529,0.0856186332504955
"ENSG00000226432",0.036758184568809,0.026973026973027,0.0526151336084788
"ENSG00000226471",-0.0601106577560222,0.02997002997003,0.0561377525217924
"ENSG00000226479",0.0834751115329897,0.002997002997003,0.0309698899552726
"ENSG00000226501",0.141554127914206,0.001998001998002,0.0309698899552726
"ENSG00000226524",-0.0132411355846876,0.252747252747253,0.310648034722488
"ENSG00000226564",0.0976303030287319,0.014985014985015,0.0380820279318905
"ENSG00000226608",0.0806871804079276,0.003996003996004,0.0309698899552726
"ENSG00000226660",-0.0784369579757618,0.020979020979021,0.0454117208439975
"ENSG00000226666",-0.0292521634701076,0.0939060939060939,0.134753843171754
"ENSG00000226688",-0.0365336586452976,0.00799200799200799,0.0313472428354935
"ENSG00000226696",-0.0531494399671794,0.00599400599400599,0.0309698899552726
"ENSG00000226711",-0.0773938199627729,0.018981018981019,0.0430078970802953
"ENSG00000226721",-0.0496703919164456,0.0759240759240759,0.113433061220232
"ENSG00000226723",-0.0785738209624266,0.014985014985015,0.0380820279318905
"ENSG00000226742",-0.0707972229838036,0.000999000999000999,0.0309698899552726
"ENSG00000226752",-0.00459181200973438,0.862137862137862,0.883380750888637
"ENSG00000226761",-0.0705490868434103,0.003996003996004,0.0309698899552726
"ENSG00000226777",-0.0459562628040015,0.336663336663337,0.397486981041358
"ENSG00000226891",0.0817886384360966,0.0819180819180819,0.120368200084547
"ENSG00000226950",-0.068981116077539,0.013986013986014,0.0370555370555371
"ENSG00000226976",-0.00316627756668276,0.864135864135864,0.885201569654348
"ENSG00000226982",-0.0319072518154385,0.0859140859140859,0.125168564009636
"ENSG00000226986",0.041282064302192,0.038961038961039,0.0678698023240711
"ENSG00000227008",-0.221745519164404,0.021978021978022,0.0464939039133723
"ENSG00000227018",-0.0717582719978377,0.020979020979021,0.0454117208439975
"ENSG00000227032",0.0923746076524761,0.003996003996004,0.0309698899552726
"ENSG00000227039",0.038128235117959,0.028971028971029,0.0550211482575579
"ENSG00000227051",-0.155680323740887,0.00799200799200799,0.0313472428354935
"ENSG00000227081",-0.215024178068849,0.011988011988012,0.0350284289015142
"ENSG00000227097",-0.0724170149850284,0.00699300699300699,0.0311612747652792
"ENSG00000227184",-0.0628950486038168,0.213786213786214,0.268725312967547
"ENSG00000227191",-0.0259523365677385,0.574425574425574,0.626106163018915
"ENSG00000227268",0.0987808816357458,0.00599400599400599,0.0309698899552726
"ENSG00000227344",-0.0426212471217752,0.042957042957043,0.0729589799685899
"ENSG00000227345",-0.0303829612313362,0.014985014985015,0.0380820279318905
"ENSG00000227347",0.082315525967978,0.003996003996004,0.0309698899552726
"ENSG00000227354",-0.0782639199986274,0.022977022977023,0.0478078016166659
"ENSG00000227372",-0.0595284449050232,0.001998001998002,0.0309698899552726
"ENSG00000227403",-0.114234924029246,0.00999000999000999,0.0329382551604774
"ENSG00000227508",-0.0508954055741823,0.030969030969031,0.0574804346232918
"ENSG00000227598",0.124566356457865,0.017982017982018,0.0417277258366272
"ENSG00000227615",-0.0880110951882716,0.002997002997003,0.0309698899552726
"ENSG00000227671",-0.0404023436101173,0.0689310689310689,0.104835938548923
"ENSG00000227678",-0.0497345898510478,0.308691308691309,0.369029359181552
"ENSG00000227825",0.0222871117082103,0.484515484515485,0.542069176401703
"ENSG00000227986",-0.0576551649467594,0.025974025974026,0.0514006000585945
"ENSG00000228002",-0.0201174379025033,0.167832167832168,0.218788045667317
"ENSG00000228106",-0.0938135230756906,0.004995004995005,0.0309698899552726
"ENSG00000228107",0.0505981336187426,0.041958041958042,0.0717489681633108
"ENSG00000228140",-0.00397980588623045,0.93006993006993,0.941190671908085
"ENSG00000228196",-0.0402686641661116,0.0659340659340659,0.101381218576715
"ENSG00000228205",-0.0892366178999967,0.014985014985015,0.0380820279318905
"ENSG00000228217",-0.0135926420807562,0.214785214785215,0.26983992382278
"ENSG00000228223",-0.0380301353799016,0.0539460539460539,0.0868019381876659
"ENSG00000228232",0.0410648735892402,0.046953046953047,0.078144539299504
"ENSG00000228242",0.165491762777866,0.014985014985015,0.0380820279318905
"ENSG00000228283",0.139037475634199,0.002997002997003,0.0309698899552726
"ENSG00000228300",-0.000637830055016224,0.882117882117882,0.900245644301351
"ENSG00000228305",0.0424407370947254,0.022977022977023,0.0478078016166659
"ENSG00000228340",0.0783762492564619,0.021978021978022,0.0464939039133723
"ENSG00000228382",0.0915146857787794,0.015984015984016,0.0392432899072327
"ENSG00000228393",0.0354677474350697,0.022977022977023,0.0478078016166659
"ENSG00000228409",-0.0288077648576723,0.0619380619380619,0.0965087032764979
"ENSG00000228427",-0.0530814080110105,0.027972027972028,0.0538126832348059
"ENSG00000228446",0.064895186537706,0.003996003996004,0.0309698899552726
"ENSG00000228451",-0.0444060866219951,0.014985014985015,0.0380820279318905
"ENSG00000228474",0.00100630749244416,0.829170829170829,0.855142454730544
"ENSG00000228486",-0.0735540639882002,0.011988011988012,0.0350284289015142
"ENSG00000228502",-0.120631659644652,0.00899100899100899,0.031668800133044
"ENSG00000228506",-0.0625700375396244,0.016983016983017,0.0404964083535512
"ENSG00000228519",-0.0326058936929274,0.150849150849151,0.20038743173484
"ENSG00000228589",0.0252317754116743,0.01998001998002,0.044196554411905
"ENSG00000228612",0.133351169322543,0.00899100899100899,0.031668800133044
"ENSG00000228638",-0.0427320780653072,0.017982017982018,0.0417277258366272
"ENSG00000228649",-0.0838275673233982,0.010989010989011,0.0339239491564177
"ENSG00000228716",-0.029014045977926,0.03996003996004,0.0691988127146629
"ENSG00000228753",-0.0299456012051199,0.215784215784216,0.270896762278774
"ENSG00000228782",-0.0680531475034209,0.023976023976024,0.0489374755679103
"ENSG00000228784",-0.0344860960125273,0.0879120879120879,0.127615348777325
"ENSG00000228794",-0.0437279100385105,0.041958041958042,0.0717489681633108
"ENSG00000228817",0.0575810231170534,0.0859140859140859,0.125168564009636
"ENSG00000228818",0.0316922094396678,0.196803196803197,0.250363164939221
"ENSG00000228878",-0.0642799202631409,0.00699300699300699,0.0311612747652792
"ENSG00000228887",-0.0707059108000465,0.016983016983017,0.0404964083535512
"ENSG00000228906",0.0390274001944825,0.027972027972028,0.0538126832348059
"ENSG00000228929",-0.102734761407083,0.00799200799200799,0.0313472428354935
"ENSG00000228956",-0.0994402402795934,0.018981018981019,0.0430078970802953
"ENSG00000228998",-0.0258886881685554,0.112887112887113,0.157241228868489
"ENSG00000229036",-0.0595514423261289,0.047952047952048,0.0794112873484515
"ENSG00000229097",0.0312795927388754,0.188811188811189,0.241886032100295
"ENSG00000229106",-0.040915296590168,0.172827172827173,0.22439898044911
"ENSG00000229117",-0.0737453993330955,0.015984015984016,0.0392432899072327
"ENSG00000229119",-0.103186001557,0.011988011988012,0.0350284289015142
"ENSG00000229124",0.0675607101794994,0.023976023976024,0.0489374755679103
"ENSG00000229127",-0.0714141462135464,0.00899100899100899,0.031668800133044
"ENSG00000229132",0.00196599679899532,0.912087912087912,0.925800044550044
"ENSG00000229152",-0.0142918084763661,0.256743256743257,0.315011787599843
"ENSG00000229153",-0.028641881622113,0.325674325674326,0.386448859197674
"ENSG00000229161",0.00378118380064535,0.67032967032967,0.7145664340981
"ENSG00000229180",-0.016758615936251,0.248751248751249,0.306677524363203
"ENSG00000229186",-0.0539139137353679,0.00699300699300699,0.0311612747652792
"ENSG00000229222",0.0560814003984857,0.014985014985015,0.0380820279318905
"ENSG00000229241",-0.0527228103285973,0.0709290709290709,0.107142480445648
"ENSG00000229320",0.0244101457602607,0.0709290709290709,0.107142480445648
"ENSG00000229325",0.0611797287390114,0.014985014985015,0.0380820279318905
"ENSG00000229358",-0.033177056850458,0.221778221778222,0.27732084791704
"ENSG00000229419",-0.0703968629583101,0.003996003996004,0.0309698899552726
"ENSG00000229473",0.0347835029019836,0.045954045954046,0.0767902842430095
"ENSG00000229474",0.0041532185734264,0.813186813186813,0.841401560127346
"ENSG00000229585",0.0705695193782643,0.018981018981019,0.0430078970802953
"ENSG00000229591",0.0645275038916971,0.024975024975025,0.0503016340120413
"ENSG00000229619",0.0331118333592272,0.024975024975025,0.0503016340120413
"ENSG00000229638",-0.103064022972055,0.00699300699300699,0.0311612747652792
"ENSG00000229644",0.254690514329635,0.003996003996004,0.0309698899552726
"ENSG00000229645",-0.00211541013068665,0.775224775224775,0.807615408170193
"ENSG00000229677",-0.0088785091003965,0.569430569430569,0.621337986509586
"ENSG00000229689",-0.057640396695554,0.122877122877123,0.168577313097861
"ENSG00000229692",-0.0349494262017705,0.042957042957043,0.0729589799685899
"ENSG00000229715",-0.0563005498519416,0.017982017982018,0.0417277258366272
"ENSG00000229729",0.00612839380000893,0.674325674325674,0.717934616765233
"ENSG00000229754",0.0613961877371597,0.010989010989011,0.0339239491564177
"ENSG00000229808",0.0937379061912541,0.00699300699300699,0.0311612747652792
"ENSG00000229809",-0.0252987980420535,0.013986013986014,0.0370555370555371
"ENSG00000229816",-0.056621136010714,0.022977022977023,0.0478078016166659
"ENSG00000229852",-0.0654492141764755,0.026973026973027,0.0526151336084788
"ENSG00000229894",0.198622077146282,0.003996003996004,0.0309698899552726
"ENSG00000229899",0.17961574128152,0.00599400599400599,0.0309698899552726
"ENSG00000229932",0.0660721574517844,0.001998001998002,0.0309698899552726
"ENSG00000229944",-0.0463147443025814,0.048951048951049,0.0806102639481647
"ENSG00000229980",-0.0229785167447472,0.227772227772228,0.283664936100169
"ENSG00000229989",-0.0283023429309065,0.0759240759240759,0.113433061220232
"ENSG00000229994",-0.101805125428248,0.021978021978022,0.0464939039133723
"ENSG00000230002",-0.0638160459075494,0.00999000999000999,0.0329382551604774
"ENSG00000230006",-0.078605428028684,0.156843156843157,0.206795508386293
"ENSG00000230043",0.0403734835411583,0.025974025974026,0.0514006000585945
"ENSG00000230055",-0.0242623425199099,0.214785214785215,0.26983992382278
"ENSG00000230063",0.0874799629588219,0.004995004995005,0.0309698899552726
"ENSG00000230068",0.0418902271949453,0.0589410589410589,0.0929842014116102
"ENSG00000230069",0.0818276116287485,0.001998001998002,0.0309698899552726
"ENSG00000230071",0.0406427797039502,0.01998001998002,0.044196554411905
"ENSG00000230124",-0.0349897613302508,0.046953046953047,0.078144539299504
"ENSG00000230155",-0.0389961838814522,0.02997002997003,0.0561377525217924
"ENSG00000230177",-0.0642876705193796,0.001998001998002,0.0309698899552726
"ENSG00000230183",-0.00065264762191916,0.939060939060939,0.949010626104471
"ENSG00000230189",0.0336916588182454,0.023976023976024,0.0489374755679103
"ENSG00000230202",-0.0707350723245953,0.016983016983017,0.0404964083535512
"ENSG00000230207",-0.0895313307833029,0.022977022977023,0.0478078016166659
"ENSG00000230257",0.296714285666035,0.002997002997003,0.0309698899552726
"ENSG00000230311",-0.0678370518455998,0.042957042957043,0.0729589799685899
"ENSG00000230330",0.0265824267742852,0.024975024975025,0.0503016340120413
"ENSG00000230364",-0.0980595376579681,0.01998001998002,0.044196554411905
"ENSG00000230409",-0.0383873479291455,0.027972027972028,0.0538126832348059
"ENSG00000230438",-0.010907116133686,0.66033966033966,0.705230786275841
"ENSG00000230454",0.0883072690454141,0.036963036963037,0.0654036775944903
"ENSG00000230457",-0.0319458355725159,0.0839160839160839,0.12274872158027
"ENSG00000230487",-0.0347778953888772,0.0559440559440559,0.08933506036881
"ENSG00000230539",0.0713138309892557,0.050949050949051,0.0830019919080513
"ENSG00000230551",0.013465098441149,0.324675324675325,0.38556798932293
"ENSG00000230562",-0.0389835421947184,0.0809190809190809,0.119235595204207
"ENSG00000230590",0.00939204351290052,0.518481518481518,0.574825727777757
"ENSG00000230626",0.0630472954333965,0.013986013986014,0.0370555370555371
"ENSG00000230629",-0.119526456345951,0.00599400599400599,0.0309698899552726
"ENSG00000230633",0.127601748026858,0.00799200799200799,0.0313472428354935
"ENSG00000230673",0.0264498719961235,0.032967032967033,0.0601301870083172
"ENSG00000230701",-0.01212477577937,0.440559440559441,0.499636062719954
"ENSG00000230732",0.00364366786947072,0.814185814185814,0.842145203105699
"ENSG00000230735",-0.0860593268678303,0.031968031968032,0.0588078690022667
"ENSG00000230789",0.134377775719296,0.018981018981019,0.0430078970802953
"ENSG00000230844",-0.00386855765714763,0.748251748251748,0.783522654917619
"ENSG00000230897",-0.148101155515979,0.01998001998002,0.044196554411905
"ENSG00000230989",0.0207418565292666,0.360639360639361,0.421037870231575
"ENSG00000231025",0.0603690929469132,0.001998001998002,0.0309698899552726
"ENSG00000231027",-0.0101989049030275,0.794205794205794,0.824388083845676
"ENSG00000231043",0.0485798194238505,0.00699300699300699,0.0311612747652792
"ENSG00000231047",0.193661234486078,0.003996003996004,0.0309698899552726
"ENSG00000231113",0.0636850981336319,0.02997002997003,0.0561377525217924
"ENSG00000231160",-0.0785057003424239,0.017982017982018,0.0417277258366272
"ENSG00000231167",0.0385531049494563,0.024975024975025,0.0503016340120413
"ENSG00000231177",-0.0163304967075333,0.360639360639361,0.421037870231575
"ENSG00000231234",-0.0129027868817939,0.287712287712288,0.347719858580679
"ENSG00000231259",0.0310786342473612,0.037962037962038,0.0665831541488284
"ENSG00000231313",0.0979986094475047,0.001998001998002,0.0309698899552726
"ENSG00000231365",-0.0672409355730924,0.010989010989011,0.0339239491564177
"ENSG00000231486",-0.0528746742565771,0.254745254745255,0.312911740753114
"ENSG00000231607",0.0343835429583594,0.0799200799200799,0.118024025618029
"ENSG00000231615",0.0131915798662449,0.283716283716284,0.34337384669711
"ENSG00000231672",-0.111552141623755,0.000999000999000999,0.0309698899552726
"ENSG00000231711",0.0233715964584564,0.0779220779220779,0.115641829151338
"ENSG00000231721",0.0533110210430259,0.01998001998002,0.044196554411905
"ENSG00000231767",-0.155793295071788,0.00799200799200799,0.0313472428354935
"ENSG00000231770",0.00351159124825022,0.758241758241758,0.79177595364927
"ENSG00000231822",-0.0330792345517227,0.1998001998002,0.253692424849319
"ENSG00000231841",0.0511216056833836,0.00999000999000999,0.0329382551604774
"ENSG00000231856",0.100817719328993,0.002997002997003,0.0309698899552726
"ENSG00000231865",0.0312063441827365,0.128871128871129,0.175260068662807
"ENSG00000231889",-0.004704986593827,0.524475524475524,0.580400262720705
"ENSG00000231890",0.00807063128687261,0.47952047952048,0.537431420579793
"ENSG00000231989",0.000758186436650297,0.952047952047952,0.959472728529332
"ENSG00000231991",-0.00204444667088711,0.958041958041958,0.964866190542885
"ENSG00000231999",-0.0435282267872384,0.0889110889110889,0.128801044664111
"ENSG00000232004",0.107517600688852,0.003996003996004,0.0309698899552726
"ENSG00000232021",-0.13867302716059,0.032967032967033,0.0601301870083172
"ENSG00000232024",-0.00283378226422921,0.71028971028971,0.749583925031765
"ENSG00000232104",-0.0774152446725086,0.001998001998002,0.0309698899552726
"ENSG00000232112",-0.0525668592040981,0.193806193806194,0.2472834522946
"ENSG00000232119",-0.0397381557831924,0.041958041958042,0.0717489681633108
"ENSG00000232229",-0.036717108909875,0.115884115884116,0.160633829837982
"ENSG00000232303",0.0724157484634764,0.021978021978022,0.0464939039133723
"ENSG00000232334",0.175247760269943,0.014985014985015,0.0380820279318905
"ENSG00000232346",-0.194166216079134,0.018981018981019,0.0430078970802953
"ENSG00000232368",0.0724668671149955,0.00899100899100899,0.031668800133044
"ENSG00000232380",-0.0224451772471335,0.300699300699301,0.360695098892524
"ENSG00000232388",-0.0219834045542257,0.321678321678322,0.3826138232314
"ENSG00000232442",-0.0524851242796558,0.004995004995005,0.0309698899552726
"ENSG00000232472",-0.200120712551248,0.015984015984016,0.0392432899072327
"ENSG00000232528",0.217861465493328,0.004995004995005,0.0309698899552726
"ENSG00000232533",0.0673375116239709,0.004995004995005,0.0309698899552726
"ENSG00000232553",-0.0157553346203536,0.0719280719280719,0.108379083303858
"ENSG00000232559",-0.0208646907342914,0.016983016983017,0.0404964083535512
"ENSG00000232573",-0.103464145646268,0.00699300699300699,0.0311612747652792
"ENSG00000232587",0.0382196213609292,0.02997002997003,0.0561377525217924
"ENSG00000232593",-0.0496386823203156,0.0539460539460539,0.0868019381876659
"ENSG00000232626",0.054401762759405,0.033966033966034,0.0614579638969883
"ENSG00000232702",0.0552560457459139,0.00699300699300699,0.0311612747652792
"ENSG00000232742",0.0761529621030315,0.012987012987013,0.0360623664690208
"ENSG00000232801",0.197747191534891,0.002997002997003,0.0309698899552726
"ENSG00000232842",0.025464304120687,0.133866133866134,0.181008460486408
"ENSG00000232855",-0.0706044311614156,0.047952047952048,0.0794112873484515
"ENSG00000232859",-0.0210673498848753,0.0579420579420579,0.0917937849126882
"ENSG00000232869",-0.108997780169119,0.012987012987013,0.0360623664690208
"ENSG00000232888",-0.0742683421032445,0.015984015984016,0.0392432899072327
"ENSG00000232912",0.13059048224171,0.00699300699300699,0.0311612747652792
"ENSG00000232931",-0.0751212784812423,0.00899100899100899,0.031668800133044
"ENSG00000232952",-0.0609435244263051,0.030969030969031,0.0574804346232918
"ENSG00000232956",-0.068858942791569,0.004995004995005,0.0309698899552726
"ENSG00000232973",0.028275810545092,0.297702297702298,0.358029241847915
"ENSG00000232995",-0.0580435076119734,0.035964035964036,0.0640509460900688
"ENSG00000233013",0.225406251889192,0.004995004995005,0.0309698899552726
"ENSG00000233016",-0.0373893705236851,0.048951048951049,0.0806102639481647
"ENSG00000233038",0.0833149288143471,0.030969030969031,0.0574804346232918
"ENSG00000233111",0.0756634137858398,0.010989010989011,0.0339239491564177
"ENSG00000233137",-0.0238208569772054,0.156843156843157,0.206795508386293
"ENSG00000233184",-0.0983252847315446,0.003996003996004,0.0309698899552726
"ENSG00000233225",0.0169310026313792,0.384615384615385,0.444580907214359
"ENSG00000233264",-0.0349976741419371,0.0679320679320679,0.103657642509852
"ENSG00000233276",0.0422247060452111,0.0569430569430569,0.0905693036450051
"ENSG00000233280",-0.0269134556071164,0.187812187812188,0.240811572935759
"ENSG00000233287",-0.172647699770187,0.010989010989011,0.0339239491564177
"ENSG00000233328",0.090498500803036,0.000999000999000999,0.0309698899552726
"ENSG00000233355",-0.130273657962626,0.022977022977023,0.0478078016166659
"ENSG00000233369",0.1449302565802,0.00699300699300699,0.0311612747652792
"ENSG00000233382",-0.0657128900735582,0.00899100899100899,0.031668800133044
"ENSG00000233426",-0.0484486677329325,0.00999000999000999,0.0329382551604774
"ENSG00000233429",0.0805986919648891,0.025974025974026,0.0514006000585945
"ENSG00000233452",0.0399742702065528,0.0539460539460539,0.0868019381876659
"ENSG00000233461",0.199432643542024,0.004995004995005,0.0309698899552726
"ENSG00000233476",-0.0958651498803333,0.016983016983017,0.0404964083535512
"ENSG00000233527",-0.018775618852288,0.290709290709291,0.350671911647521
"ENSG00000233558",-0.0768385531231963,0.045954045954046,0.0767902842430095
"ENSG00000233621",-0.0280707513311188,0.110889110889111,0.155051231491022
"ENSG00000233757",-0.054355415739043,0.026973026973027,0.0526151336084788
"ENSG00000233762",-0.0625166852736688,0.00899100899100899,0.031668800133044
"ENSG00000233822",0.000820011042237237,0.969030969030969,0.974545120151815
"ENSG00000233830",0.0322504753170507,0.031968031968032,0.0588078690022667
"ENSG00000233846",0.0212196368446024,0.272727272727273,0.331946157953855
"ENSG00000233859",-0.0831376083780447,0.00699300699300699,0.0311612747652792
"ENSG00000233913",-0.086309431926995,0.003996003996004,0.0309698899552726
"ENSG00000233927",-0.00786428329099499,0.678321678321678,0.721422117705304
"ENSG00000233954",-0.083909550286278,0.048951048951049,0.0806102639481647
"ENSG00000233994",0.0117548015883977,0.392607392607393,0.452513248715416
"ENSG00000234009",-0.113381872097487,0.013986013986014,0.0370555370555371
"ENSG00000234073",0.0933472423702337,0.00799200799200799,0.0313472428354935
"ENSG00000234130",0.0362550082185802,0.014985014985015,0.0380820279318905
"ENSG00000234176",-0.0573277610134126,0.023976023976024,0.0489374755679103
"ENSG00000234188",-0.0257578651484871,0.110889110889111,0.155051231491022
"ENSG00000234219",0.10508647599599,0.003996003996004,0.0309698899552726
"ENSG00000234241",-0.0422193945360394,0.016983016983017,0.0404964083535512
"ENSG00000234284",-0.0757624231242312,0.020979020979021,0.0454117208439975
"ENSG00000234287",-0.210180178083425,0.018981018981019,0.0430078970802953
"ENSG00000234290",0.183116383205877,0.00899100899100899,0.031668800133044
"ENSG00000234292",0.155389685425518,0.01998001998002,0.044196554411905
"ENSG00000234297",-0.0173649604779137,0.132867132867133,0.179819504819505
"ENSG00000234329",0.0358705569641668,0.002997002997003,0.0309698899552726
"ENSG00000234335",-0.0749744442329955,0.01998001998002,0.044196554411905
"ENSG00000234337",0.0719751747321093,0.004995004995005,0.0309698899552726
"ENSG00000234383",0.186754797461219,0.014985014985015,0.0380820279318905
"ENSG00000234389",0.158952883780713,0.011988011988012,0.0350284289015142
"ENSG00000234420",-0.0540718126147979,0.016983016983017,0.0404964083535512
"ENSG00000234444",-0.0544722899289306,0.00799200799200799,0.0313472428354935
"ENSG00000234506",0.156955519733608,0.00999000999000999,0.0329382551604774
"ENSG00000234518",0.0126365919502174,0.498501498501498,0.555699008347186
"ENSG00000234545",-0.0615608525132174,0.024975024975025,0.0503016340120413
"ENSG00000234558",-0.0296577161244285,0.045954045954046,0.0767902842430095
"ENSG00000234568",0.0839181375807084,0.013986013986014,0.0370555370555371
"ENSG00000234585",0.0111944789601648,0.448551448551449,0.507645852593588
"ENSG00000234608",-0.0655565482436077,0.017982017982018,0.0417277258366272
"ENSG00000234616",-0.0175970026044509,0.17982017982018,0.232074626404523
"ENSG00000234629",0.0286362880546754,0.0779220779220779,0.115641829151338
"ENSG00000234648",-0.112562987761176,0.00599400599400599,0.0309698899552726
"ENSG00000234663",-0.112274573223699,0.00599400599400599,0.0309698899552726
"ENSG00000234664",0.0419023217029885,0.000999000999000999,0.0309698899552726
"ENSG00000234684",-0.0119863456231803,0.44955044955045,0.508584891527563
"ENSG00000234709",0.0764234374543447,0.002997002997003,0.0309698899552726
"ENSG00000234741",-0.1315694645995,0.010989010989011,0.0339239491564177
"ENSG00000234745",-0.107740835981105,0.213786213786214,0.268725312967547
"ENSG00000234782",-0.139156682898779,0.028971028971029,0.0550211482575579
"ENSG00000234797",-0.235579150165943,0.020979020979021,0.0454117208439975
"ENSG00000234825",-0.0116362255937313,0.554445554445554,0.607579709430717
"ENSG00000234851",-0.0771086425193254,0.00799200799200799,0.0313472428354935
"ENSG00000234882",-0.104570006423883,0.001998001998002,0.0309698899552726
"ENSG00000234912",-0.0480100814855503,0.0809190809190809,0.119235595204207
"ENSG00000234975",0.121753337802536,0.004995004995005,0.0309698899552726
"ENSG00000235001",-0.00510454186855683,0.761238761238761,0.794353341370794
"ENSG00000235082",0.00504594421584862,0.787212787212787,0.818118581522248
"ENSG00000235084",-0.00789143213120585,0.685314685314685,0.727507454121711
"ENSG00000235095",0.0660537430188357,0.013986013986014,0.0370555370555371
"ENSG00000235105",0.04501018536264,0.121878121878122,0.167493569894942
"ENSG00000235106",-0.0299673045925187,0.0569430569430569,0.0905693036450051
"ENSG00000235111",-0.042370422212815,0.150849150849151,0.20038743173484
"ENSG00000235117",0.0973320285855833,0.01998001998002,0.044196554411905
"ENSG00000235162",-0.0631959059445382,0.0739260739260739,0.110847605295515
"ENSG00000235174",-0.244931260308395,0.014985014985015,0.0380820279318905
"ENSG00000235192",0.0495355249907247,0.10989010989011,0.153869199657386
"ENSG00000235194",-0.0363069544475364,0.0759240759240759,0.113433061220232
"ENSG00000235217",-0.0168320103562339,0.187812187812188,0.240811572935759
"ENSG00000235272",0.0546329862389511,0.011988011988012,0.0350284289015142
"ENSG00000235297",-0.0556399956784381,0.0719280719280719,0.108379083303858
"ENSG00000235314",0.0621359099294592,0.002997002997003,0.0309698899552726
"ENSG00000235381",-0.0357207128895962,0.0619380619380619,0.0965087032764979
"ENSG00000235400",-0.000783214440912888,0.942057942057942,0.951159568818982
"ENSG00000235437",-0.0687170253168941,0.00899100899100899,0.031668800133044
"ENSG00000235453",0.0860372589514365,0.00799200799200799,0.0313472428354935
"ENSG00000235477",0.00644760247159821,0.521478521478521,0.577562332607951
"ENSG00000235499",0.0813133027798542,0.022977022977023,0.0478078016166659
"ENSG00000235505",-0.0935558913746887,0.02997002997003,0.0561377525217924
"ENSG00000235530",-0.00277405497465543,0.866133866133866,0.88694587620968
"ENSG00000235532",-0.0935390910465702,0.042957042957043,0.0729589799685899
"ENSG00000235546",0.16621745160355,0.000999000999000999,0.0309698899552726
"ENSG00000235552",-0.131824423859956,0.012987012987013,0.0360623664690208
"ENSG00000235554",-0.0257566101096082,0.0619380619380619,0.0965087032764979
"ENSG00000235568",0.190299907192215,0.003996003996004,0.0309698899552726
"ENSG00000235576",-0.0890947741637207,0.122877122877123,0.168577313097861
"ENSG00000235587",0.0460629789634382,0.011988011988012,0.0350284289015142
"ENSG00000235605",-0.053499569228573,0.011988011988012,0.0350284289015142
"ENSG00000235609",-0.00670272156033678,0.672327672327672,0.716251570431164
"ENSG00000235651",-0.0295123586978063,0.045954045954046,0.0767902842430095
"ENSG00000235655",0.150467393858975,0.003996003996004,0.0309698899552726
"ENSG00000235683",0.0454804391364731,0.036963036963037,0.0654036775944903
"ENSG00000235703",-0.0246288772363383,0.286713286713287,0.346756594517488
"ENSG00000235720",0.00528272861270823,0.58041958041958,0.631208263277759
"ENSG00000235750",0.136760367893627,0.002997002997003,0.0309698899552726
"ENSG00000235776",-0.0749867989914763,0.00699300699300699,0.0311612747652792
"ENSG00000235859",-0.00419387436732509,0.526473526473527,0.582075330373399
"ENSG00000235919",-0.024938927546493,0.114885114885115,0.159561921956467
"ENSG00000235944",-0.0717980073111664,0.00899100899100899,0.031668800133044
"ENSG00000235954",-0.0685953422651872,0.001998001998002,0.0309698899552726
"ENSG00000235999",-0.012531310538996,0.552447552447552,0.606108698677623
"ENSG00000236018",0.158013891506185,0.000999000999000999,0.0309698899552726
"ENSG00000236088",-0.0678065167268777,0.017982017982018,0.0417277258366272
"ENSG00000236144",-0.0750503550680832,0.002997002997003,0.0309698899552726
"ENSG00000236194",0.066464856221944,0.021978021978022,0.0464939039133723
"ENSG00000236213",-0.0295073386541478,0.216783216783217,0.272008843109282
"ENSG00000236255",-0.0173045238817164,0.217782217782218,0.273091265996107
"ENSG00000236287",-0.0504456990278857,0.0779220779220779,0.115641829151338
"ENSG00000236304",0.0451858546545643,0.233766233766234,0.290197561967007
"ENSG00000236320",0.0265465037723063,0.375624375624376,0.436033395755215
"ENSG00000236345",0.195485448429367,0.001998001998002,0.0309698899552726
"ENSG00000236349",-0.0814655906957775,0.004995004995005,0.0309698899552726
"ENSG00000236375",-0.00290799939556097,0.836163836163836,0.860876979612523
"ENSG00000236438",0.220937936539892,0.00799200799200799,0.0313472428354935
"ENSG00000236525",0.126557824162128,0.018981018981019,0.0430078970802953
"ENSG00000236535",0.092587391535393,0.011988011988012,0.0350284289015142
"ENSG00000236537",-0.0957257324503137,0.00599400599400599,0.0309698899552726
"ENSG00000236552",-0.107273140292069,0.00599400599400599,0.0309698899552726
"ENSG00000236567",0.0486325442987553,0.0769230769230769,0.114541139692918
"ENSG00000236570",0.0224433901132157,0.0879120879120879,0.127615348777325
"ENSG00000236609",-0.0557568498773627,0.032967032967033,0.0601301870083172
"ENSG00000236698",-0.0415531283503048,0.0689310689310689,0.104835938548923
"ENSG00000236778",0.00704670428202726,0.697302697302697,0.738147081492453
"ENSG00000236790",-0.085972205812517,0.0959040959040959,0.137195027327154
"ENSG00000236801",-0.12161747334769,0.013986013986014,0.0370555370555371
"ENSG00000236810",-0.0342640883332693,0.0559440559440559,0.08933506036881
"ENSG00000236814",-0.0649365750480293,0.202797202797203,0.256954853264816
"ENSG00000236830",-0.0437547091248334,0.0849150849150849,0.123968597000667
"ENSG00000236859",-0.0295542600299004,0.126873126873127,0.172953861021012
"ENSG00000236901",-0.060766858064163,0.184815184815185,0.23747555769367
"ENSG00000236943",-0.0283838623505409,0.105894105894106,0.149003086832381
"ENSG00000236977",0.0321942161338935,0.111888111888112,0.156211817921855
"ENSG00000237036",0.0552564982513996,0.011988011988012,0.0350284289015142
"ENSG00000237037",-0.0558363572559121,0.00599400599400599,0.0309698899552726
"ENSG00000237135",0.115627371767502,0.014985014985015,0.0380820279318905
"ENSG00000237161",0.0613872546424686,0.003996003996004,0.0309698899552726
"ENSG00000237172",0.034082683165344,0.0539460539460539,0.0868019381876659
"ENSG00000237188",-0.0152477283003451,0.414585414585415,0.474251619311585
"ENSG00000237190",-0.0514398535402621,0.00899100899100899,0.031668800133044
"ENSG00000237214",-0.0192332495386013,0.40959040959041,0.469341870943702
"ENSG00000237248",-0.0285139612717979,0.444555444555445,0.503692592878979
"ENSG00000237272",0.141330656351869,0.018981018981019,0.0430078970802953
"ENSG00000237296",-0.0503969898500536,0.014985014985015,0.0380820279318905
"ENSG00000237298",0.0601663809013918,0.010989010989011,0.0339239491564177
"ENSG00000237350",0.062664064321541,0.003996003996004,0.0309698899552726
"ENSG00000237440",-0.0153688190152892,0.457542457542458,0.516411087034678
"ENSG00000237484",-0.0911051210004717,0.00699300699300699,0.0311612747652792
"ENSG00000237491",-0.0518363977599772,0.0849150849150849,0.123968597000667
"ENSG00000237499",-0.00422221870632716,0.838161838161838,0.862564563369496
"ENSG00000237513",0.0298478575515285,0.225774225774226,0.281702101884826
"ENSG00000237522",-0.00292183685067366,0.83016983016983,0.856099280846149
"ENSG00000237682",-0.0648241892786221,0.002997002997003,0.0309698899552726
"ENSG00000237711",0.074444165295391,0.002997002997003,0.0309698899552726
"ENSG00000237753",-0.0487182682443034,0.028971028971029,0.0550211482575579
"ENSG00000237757",-0.0630909459738684,0.016983016983017,0.0404964083535512
"ENSG00000237765",0.0490510018575612,0.0659340659340659,0.101381218576715
"ENSG00000237781",0.156717155215681,0.024975024975025,0.0503016340120413
"ENSG00000237788",0.0954892831287796,0.00999000999000999,0.0329382551604774
"ENSG00000237803",0.235968533004809,0.002997002997003,0.0309698899552726
"ENSG00000237842",0.0025512626554991,0.794205794205794,0.824388083845676
"ENSG00000237854",-0.0393152687060625,0.011988011988012,0.0350284289015142
"ENSG00000237892",0.122372475980871,0.00799200799200799,0.0313472428354935
"ENSG00000237940",-0.0772689338404431,0.030969030969031,0.0574804346232918
"ENSG00000237943",-0.112172224520969,0.00699300699300699,0.0311612747652792
"ENSG00000237945",-0.0864339972798676,0.011988011988012,0.0350284289015142
"ENSG00000237984",0.126250711032417,0.002997002997003,0.0309698899552726
"ENSG00000238005",0.195643577287622,0.00799200799200799,0.0313472428354935
"ENSG00000238072",0.00588499030259813,0.726273726273726,0.763435462464589
"ENSG00000238105",-0.0796629918750679,0.016983016983017,0.0404964083535512
"ENSG00000238113",0.0868139454355265,0.012987012987013,0.0360623664690208
"ENSG00000238121",-0.041060474423293,0.01998001998002,0.044196554411905
"ENSG00000238132",0.0252957597840551,0.158841158841159,0.209108669838213
"ENSG00000238160",0.188817203600411,0.010989010989011,0.0339239491564177
"ENSG00000238164",0.0308681115961603,0.0999000999000999,0.142133230803765
"ENSG00000238197",-0.042575499551866,0.010989010989011,0.0339239491564177
"ENSG00000238227",0.0351728272604253,0.01998001998002,0.044196554411905
"ENSG00000238243",0.0378114784001903,0.307692307692308,0.36798150600519
"ENSG00000238741",-0.122227304543255,0.0619380619380619,0.0965087032764979
"ENSG00000238829",0.0904182103859309,0.025974025974026,0.0514006000585945
"ENSG00000238975",0.0588372181382173,0.034965034965035,0.0627459743481843
"ENSG00000239002",-0.0044759458878341,0.889110889110889,0.906074337771107
"ENSG00000239039",-0.0282669446682728,0.260739260739261,0.319035271387135
"ENSG00000239183",0.0317131139370539,0.316683316683317,0.377457115927809
"ENSG00000239280",0.0212775797558736,0.375624375624376,0.436033395755215
"ENSG00000239305",0.026507223116396,0.051948051948052,0.084286713691331
"ENSG00000239306",-0.0255727430975428,0.0529470529470529,0.0856186332504955
"ENSG00000239382",0.0133121355056963,0.457542457542458,0.516411087034678
"ENSG00000239521",0.0373824254351047,0.14985014985015,0.199368880870043
"ENSG00000239557",0.0173426914234872,0.0759240759240759,0.113433061220232
"ENSG00000239559",-0.110335621882769,0.004995004995005,0.0309698899552726
"ENSG00000239569",0.0383510655407752,0.035964035964036,0.0640509460900688
"ENSG00000239636",-0.0478231993400141,0.110889110889111,0.155051231491022
"ENSG00000239653",0.0775497618270192,0.002997002997003,0.0309698899552726
"ENSG00000239665",0.0248266806397825,0.0979020979020979,0.139704038540419
"ENSG00000239672",-0.0669142326342428,0.0699300699300699,0.105979770544714
"ENSG00000239763",-0.0373846472847959,0.041958041958042,0.0717489681633108
"ENSG00000239779",-0.0277276285413021,0.048951048951049,0.0806102639481647
"ENSG00000239789",-0.038912703567021,0.126873126873127,0.172953861021012
"ENSG00000239899",0.0607116016285986,0.021978021978022,0.0464939039133723
"ENSG00000239900",-0.0586200730934282,0.001998001998002,0.0309698899552726
"ENSG00000239951",-0.00526902975536985,0.901098901098901,0.916813968287047
"ENSG00000240038",-0.0213264322650451,0.135864135864136,0.183359369434608
"ENSG00000240225",-0.0225312325236491,0.0689310689310689,0.104835938548923
"ENSG00000240230",0.000265231734003841,0.959040959040959,0.965548650896728
"ENSG00000240288",-0.024255147841532,0.230769230769231,0.286802959191791
"ENSG00000240291",-0.0528240867515945,0.022977022977023,0.0478078016166659
"ENSG00000240303",-0.0744094163429466,0.000999000999000999,0.0309698899552726
"ENSG00000240342",-0.0698076889650024,0.003996003996004,0.0309698899552726
"ENSG00000240344",-0.102665494031159,0.016983016983017,0.0404964083535512
"ENSG00000240356",-0.0368237586643587,0.193806193806194,0.2472834522946
"ENSG00000240371",-0.0481188837908142,0.050949050949051,0.0830019919080513
"ENSG00000240376",-0.114460691516429,0.00699300699300699,0.0311612747652792
"ENSG00000240395",-0.117612622533652,0.014985014985015,0.0380820279318905
"ENSG00000240429",0.0754676770907386,0.00799200799200799,0.0313472428354935
"ENSG00000240445",0.0545686776297094,0.025974025974026,0.0514006000585945
"ENSG00000240463",-0.0313694240046997,0.035964035964036,0.0640509460900688
"ENSG00000240489",-0.0187086214473979,0.194805194805195,0.248426234207219
"ENSG00000240531",0.120837943083136,0.034965034965035,0.0627459743481843
"ENSG00000240616",-0.168183064510348,0.003996003996004,0.0309698899552726
"ENSG00000240652",-0.0801782986036952,0.0629370629370629,0.0977484650268315
"ENSG00000240682",0.033160845164992,0.022977022977023,0.0478078016166659
"ENSG00000240695",-5.06285762512217e-05,0.994005994005994,0.995082385336446
"ENSG00000240767",0.143350877249336,0.00699300699300699,0.0311612747652792
"ENSG00000240809",0.107893196639813,0.002997002997003,0.0309698899552726
"ENSG00000240849",-0.00164150477078607,0.922077922077922,0.934046903871584
"ENSG00000240857",-0.0764491081456357,0.012987012987013,0.0360623664690208
"ENSG00000240859",-0.0408619554618663,0.0679320679320679,0.103657642509852
"ENSG00000240869",0.0607344315557415,0.027972027972028,0.0538126832348059
"ENSG00000240891",-0.033794884960949,0.138861138861139,0.186733038696785
"ENSG00000240972",-0.0478559453538665,0.042957042957043,0.0729589799685899
"ENSG00000241007",0.0260797998933482,0.02997002997003,0.0561377525217924
"ENSG00000241014",-0.0367326512194557,0.042957042957043,0.0729589799685899
"ENSG00000241015",-0.0361853611192406,0.017982017982018,0.0417277258366272
"ENSG00000241058",-0.0648018373014914,0.00899100899100899,0.031668800133044
"ENSG00000241061",-0.103964059827894,0.022977022977023,0.0478078016166659
"ENSG00000241112",0.0231700642943709,0.147852147852148,0.197103395772281
"ENSG00000241120",0.0394606176765761,0.026973026973027,0.0526151336084788
"ENSG00000241127",-0.106719894577461,0.00599400599400599,0.0309698899552726
"ENSG00000241157",0.111421819260985,0.012987012987013,0.0360623664690208
"ENSG00000241163",0.140192837956562,0.013986013986014,0.0370555370555371
"ENSG00000241170",0.0536898144050507,0.011988011988012,0.0350284289015142
"ENSG00000241258",0.0194590716977363,0.015984015984016,0.0392432899072327
"ENSG00000241343",-0.0615147731990922,0.016983016983017,0.0404964083535512
"ENSG00000241351",-0.030930108124079,0.456543456543457,0.515525628181834
"ENSG00000241399",0.0846153285080576,0.00699300699300699,0.0311612747652792
"ENSG00000241431",-0.121790006743684,0.00799200799200799,0.0313472428354935
"ENSG00000241468",-0.0225412118028397,0.151848151848152,0.201580811765281
"ENSG00000241490",-0.0748587961683089,0.013986013986014,0.0370555370555371
"ENSG00000241506",0.0507446552723221,0.002997002997003,0.0309698899552726
"ENSG00000241547",0.0282521466703075,0.014985014985015,0.0380820279318905
"ENSG00000241553",0.0817344887294311,0.001998001998002,0.0309698899552726
"ENSG00000241685",0.0567118914896151,0.002997002997003,0.0309698899552726
"ENSG00000241741",-0.0598073334234179,0.020979020979021,0.0454117208439975
"ENSG00000241764",0.0842803810036548,0.02997002997003,0.0561377525217924
"ENSG00000241769",0.00241426400193074,0.894105894105894,0.910701299717318
"ENSG00000241772",0.153597923601431,0.00799200799200799,0.0313472428354935
"ENSG00000241837",-0.0642189686696697,0.030969030969031,0.0574804346232918
"ENSG00000241839",0.150082105260335,0.004995004995005,0.0309698899552726
"ENSG00000241852",-0.019864337480332,0.0539460539460539,0.0868019381876659
"ENSG00000241878",0.158473431102768,0.003996003996004,0.0309698899552726
"ENSG00000241886",0.179397334854451,0.003996003996004,0.0309698899552726
"ENSG00000241939",0.0701143744971949,0.00799200799200799,0.0313472428354935
"ENSG00000241945",-0.0234650953349555,0.208791208791209,0.263355661970272
"ENSG00000241973",0.0264494600003537,0.0939060939060939,0.134753843171754
"ENSG00000241975",0.101751875266017,0.00799200799200799,0.0313472428354935
"ENSG00000241990",0.0127410094719791,0.226773226773227,0.282655117129293
"ENSG00000242013",-0.0265789018927581,0.0609390609390609,0.0952980656298809
"ENSG00000242028",-0.0113074966931814,0.226773226773227,0.282655117129293
"ENSG00000242068",0.105346171487878,0.015984015984016,0.0392432899072327
"ENSG00000242071",-0.0673944330119894,0.012987012987013,0.0360623664690208
"ENSG00000242086",-0.0399325378825758,0.032967032967033,0.0601301870083172
"ENSG00000242094",0.0314449057189355,0.0669330669330669,0.102576077327416
"ENSG00000242125",0.0590856430879393,0.028971028971029,0.0550211482575579
"ENSG00000242247",0.0541271947265567,0.002997002997003,0.0309698899552726
"ENSG00000242259",-0.00754882823167924,0.337662337662338,0.398392496959157
"ENSG00000242262",-0.10679124963437,0.004995004995005,0.0309698899552726
"ENSG00000242294",-0.0302218554722648,0.0859140859140859,0.125168564009636
"ENSG00000242299",-0.136896146899277,0.012987012987013,0.0360623664690208
"ENSG00000242324",0.144811992577703,0.004995004995005,0.0309698899552726
"ENSG00000242372",0.0233168569483699,0.0879120879120879,0.127615348777325
"ENSG00000242445",-0.0690214433409593,0.00799200799200799,0.0313472428354935
"ENSG00000242477",-0.101632498334651,0.018981018981019,0.0430078970802953
"ENSG00000242485",-0.0501166646868923,0.003996003996004,0.0309698899552726
"ENSG00000242498",0.0463063586392495,0.191808191808192,0.24520272834282
"ENSG00000242539",0.00736805392442397,0.566433566433566,0.618517045375123
"ENSG00000242588",0.0198693527653223,0.20979020979021,0.264476947577755
"ENSG00000242622",0.0302697870820384,0.197802197802198,0.251527543454324
"ENSG00000242687",-0.00298811177120628,0.837162837162837,0.861757856704323
"ENSG00000242689",-6.5614829340508e-05,0.995004995004995,0.995584883021399
"ENSG00000242802",0.0472022459800226,0.042957042957043,0.0729589799685899
"ENSG00000242999",0.126998598527566,0.004995004995005,0.0309698899552726
"ENSG00000243064",-0.0110634324165567,0.562437562437562,0.614935828363776
"ENSG00000243147",-0.0268141270001906,0.138861138861139,0.186733038696785
"ENSG00000243175",0.118378022677057,0.00899100899100899,0.031668800133044
"ENSG00000243199",-0.139411198772483,0.012987012987013,0.0360623664690208
"ENSG00000243317",0.00681401435845615,0.649350649350649,0.695348490055788
"ENSG00000243335",-0.0484582342206105,0.014985014985015,0.0380820279318905
"ENSG00000243364",0.0223419605950261,0.110889110889111,0.155051231491022
"ENSG00000243406",-0.0654918044117388,0.014985014985015,0.0380820279318905
"ENSG00000243449",0.0213918228950294,0.101898101898102,0.144513970806159
"ENSG00000243452",-0.0686124372565021,0.030969030969031,0.0574804346232918
"ENSG00000243466",-0.0174084636599122,0.672327672327672,0.716251570431164
"ENSG00000243498",0.00842254671670062,0.58041958041958,0.631208263277759
"ENSG00000243536",-0.0841110771752017,0.012987012987013,0.0360623664690208
"ENSG00000243544",0.0902185002952979,0.018981018981019,0.0430078970802953
"ENSG00000243547",0.0750606877762232,0.00799200799200799,0.0313472428354935
"ENSG00000243554",-0.0724679284079705,0.00899100899100899,0.031668800133044
"ENSG00000243609",0.152660708028837,0.002997002997003,0.0309698899552726
"ENSG00000243646",0.123224052844727,0.002997002997003,0.0309698899552726
"ENSG00000243650",0.0518468098155759,0.012987012987013,0.0360623664690208
"ENSG00000243660",0.112057367623107,0.00899100899100899,0.031668800133044
"ENSG00000243667",-0.0740645672321953,0.00899100899100899,0.031668800133044
"ENSG00000243680",-0.11173454817332,0.00999000999000999,0.0329382551604774
"ENSG00000243746",-0.00854420686139735,0.471528471528472,0.529907347188065
"ENSG00000243759",0.00836720615015437,0.493506493506494,0.550948540544453
"ENSG00000243811",-0.0527800530701822,0.014985014985015,0.0380820279318905
"ENSG00000243829",-0.0432359367727863,0.115884115884116,0.160633829837982
"ENSG00000243836",-0.133357041689471,0.00799200799200799,0.0313472428354935
"ENSG00000243927",-0.0381738440818337,0.015984015984016,0.0392432899072327
"ENSG00000243943",-0.0380524182761573,0.018981018981019,0.0430078970802953
"ENSG00000243964",-0.0826490207504985,0.004995004995005,0.0309698899552726
"ENSG00000244005",-0.0178803049517212,0.042957042957043,0.0729589799685899
"ENSG00000244026",-0.0544744006920663,0.017982017982018,0.0417277258366272
"ENSG00000244038",-0.0154052920629939,0.315684315684316,0.376490434245719
"ENSG00000244041",-0.00790992369764387,0.405594405594406,0.465339719945925
"ENSG00000244045",0.0244078430749121,0.003996003996004,0.0309698899552726
"ENSG00000244073",-0.062803564964192,0.037962037962038,0.0665831541488284
"ENSG00000244153",-0.0563325526865797,0.035964035964036,0.0640509460900688
"ENSG00000244165",-0.0604869285587569,0.014985014985015,0.0380820279318905
"ENSG00000244171",0.137281432782689,0.00599400599400599,0.0309698899552726
"ENSG00000244187",-0.0275864113596912,0.047952047952048,0.0794112873484515
"ENSG00000244313",-0.134851729835019,0.013986013986014,0.0370555370555371
"ENSG00000244398",-0.238385044910155,0.024975024975025,0.0503016340120413
"ENSG00000244462",-0.0197957813431358,0.0949050949050949,0.136008756328337
"ENSG00000244482",0.178105589046482,0.003996003996004,0.0309698899552726
"ENSG00000244509",0.00106199628378226,0.95004995004995,0.957941127586232
"ENSG00000244567",0.0957312991540465,0.000999000999000999,0.0309698899552726
"ENSG00000244617",0.221401304145242,0.00699300699300699,0.0311612747652792
"ENSG00000244625",-0.0274265305649466,0.036963036963037,0.0654036775944903
"ENSG00000244627",0.0606170394069341,0.014985014985015,0.0380820279318905
"ENSG00000244642",0.0276931214827354,0.188811188811189,0.241886032100295
"ENSG00000244682",0.0704971610007553,0.020979020979021,0.0454117208439975
"ENSG00000244687",-0.0407972305912329,0.024975024975025,0.0503016340120413
"ENSG00000244701",-0.0632557606072436,0.036963036963037,0.0654036775944903
"ENSG00000244720",-0.0907252836425075,0.025974025974026,0.0514006000585945
"ENSG00000244734",0.0502679403882102,0.210789210789211,0.265541376862132
"ENSG00000244754",-0.0120316410633572,0.410589410589411,0.470307237558477
"ENSG00000244879",-0.0695947684815083,0.017982017982018,0.0417277258366272
"ENSG00000245025",-0.0434768612282678,0.020979020979021,0.0454117208439975
"ENSG00000245060",-0.0388454440622058,0.002997002997003,0.0309698899552726
"ENSG00000245105",-0.0217763915956262,0.503496503496504,0.560124130243542
"ENSG00000245149",-0.0417218726083151,0.045954045954046,0.0767902842430095
"ENSG00000245164",-0.110608911667929,0.001998001998002,0.0309698899552726
"ENSG00000245275",0.0329020139391032,0.010989010989011,0.0339239491564177
"ENSG00000245498",-0.0601260773537111,0.026973026973027,0.0526151336084788
"ENSG00000245532",0.0953017086802555,0.016983016983017,0.0404964083535512
"ENSG00000245534",-0.0652121956704041,0.050949050949051,0.0830019919080513
"ENSG00000245552",-0.0312182229632054,0.102897102897103,0.145570027382858
"ENSG00000245556",-0.0703133283317143,0.002997002997003,0.0309698899552726
"ENSG00000245571",-0.0548416311168428,0.024975024975025,0.0503016340120413
"ENSG00000245680",-0.0580570994527883,0.00899100899100899,0.031668800133044
"ENSG00000245849",-0.041865232674954,0.037962037962038,0.0665831541488284
"ENSG00000245904",-0.0736368816913105,0.026973026973027,0.0526151336084788
"ENSG00000245910",-0.100362154086656,0.00899100899100899,0.031668800133044
"ENSG00000245937",-0.080947770280983,0.010989010989011,0.0339239491564177
"ENSG00000245954",-0.138249135154949,0.00899100899100899,0.031668800133044
"ENSG00000245958",-0.00387775157350152,0.768231768231768,0.80102458707352
"ENSG00000246067",-0.0457131257833725,0.028971028971029,0.0550211482575579
"ENSG00000246082",0.0797938651511448,0.022977022977023,0.0478078016166659
"ENSG00000246084",-0.074535141197643,0.027972027972028,0.0538126832348059
"ENSG00000246089",-0.0500700221419098,0.012987012987013,0.0360623664690208
"ENSG00000246090",-0.0703790004640605,0.017982017982018,0.0417277258366272
"ENSG00000246223",-0.0835543981596261,0.044955044955045,0.0755305089151028
"ENSG00000246263",0.137580312970598,0.00699300699300699,0.0311612747652792
"ENSG00000246273",-0.0403567403353155,0.043956043956044,0.0742673606444167
"ENSG00000246430",0.0670968017849758,0.045954045954046,0.0767902842430095
"ENSG00000246526",-0.0387781758465928,0.298701298701299,0.35901512229145
"ENSG00000246582",-0.0339356180705555,0.175824175824176,0.227699886320576
"ENSG00000246596",-0.0560279304460101,0.012987012987013,0.0360623664690208
"ENSG00000246627",-0.0767409548978254,0.014985014985015,0.0380820279318905
"ENSG00000246705",-0.0056027605812381,0.659340659340659,0.7044142629528
"ENSG00000246731",-0.00857359288743227,0.68031968031968,0.723099134879448
"ENSG00000246790",-0.0518995219210522,0.111888111888112,0.156211817921855
"ENSG00000246898",-0.158747179393055,0.002997002997003,0.0309698899552726
"ENSG00000246922",-0.0567684981077462,0.014985014985015,0.0380820279318905
"ENSG00000247077",-0.0382248310927622,0.018981018981019,0.0430078970802953
"ENSG00000247092",-0.0587937078809492,0.012987012987013,0.0360623664690208
"ENSG00000247137",-0.0325802220233121,0.047952047952048,0.0794112873484515
"ENSG00000247240",-0.0337005551821244,0.010989010989011,0.0339239491564177
"ENSG00000247271",-0.0338307801699015,0.027972027972028,0.0538126832348059
"ENSG00000247287",-0.0777597895777099,0.017982017982018,0.0417277258366272
"ENSG00000247400",0.118196243460117,0.033966033966034,0.0614579638969883
"ENSG00000247556",-0.0369182284336342,0.004995004995005,0.0309698899552726
"ENSG00000247570",0.195354364593467,0.003996003996004,0.0309698899552726
"ENSG00000247572",-0.0577063554777048,0.00699300699300699,0.0311612747652792
"ENSG00000247596",0.0911123881755356,0.003996003996004,0.0309698899552726
"ENSG00000247624",0.0694617960913481,0.042957042957043,0.0729589799685899
"ENSG00000247626",-0.0576008740691007,0.025974025974026,0.0514006000585945
"ENSG00000247708",-0.0653326676887137,0.013986013986014,0.0370555370555371
"ENSG00000247774",-0.0877287039373641,0.00899100899100899,0.031668800133044
"ENSG00000247828",-0.0642743287381971,0.00999000999000999,0.0329382551604774
"ENSG00000247982",-0.0646650540134567,0.257742257742258,0.315947210684053
"ENSG00000248019",0.0672743467987165,0.018981018981019,0.0430078970802953
"ENSG00000248049",-0.070201165374077,0.00899100899100899,0.031668800133044
"ENSG00000248092",-0.0972281714054365,0.004995004995005,0.0309698899552726
"ENSG00000248124",-0.0859522794022342,0.024975024975025,0.0503016340120413
"ENSG00000248166",0.154954086497623,0.012987012987013,0.0360623664690208
"ENSG00000248175",-0.0104665870118277,0.361638361638362,0.422122166877412
"ENSG00000248180",0.0660434532044371,0.010989010989011,0.0339239491564177
"ENSG00000248208",0.053770229185625,0.041958041958042,0.0717489681633108
"ENSG00000248275",-0.0129428703633572,0.183816183816184,0.236394103488807
"ENSG00000248309",0.0486199817189603,0.040959040959041,0.0705122123257061
"ENSG00000248323",0.218333558039614,0.00699300699300699,0.0311612747652792
"ENSG00000248333",0.0457516679919211,0.014985014985015,0.0380820279318905
"ENSG00000248334",-0.0690952433383079,0.00599400599400599,0.0309698899552726
"ENSG00000248429",0.00364104851314661,0.899100899100899,0.915013515572411
"ENSG00000248445",-0.0554740743899565,0.022977022977023,0.0478078016166659
"ENSG00000248476",0.0659091127971094,0.035964035964036,0.0640509460900688
"ENSG00000248483",-0.00384072314138245,0.817182817182817,0.844808868550804
"ENSG00000248487",-0.0404094094175061,0.048951048951049,0.0806102639481647
"ENSG00000248489",0.0060424332982235,0.72027972027972,0.75839510060642
"ENSG00000248508",-0.0486605405879862,0.013986013986014,0.0370555370555371
"ENSG00000248697",0.110709872225751,0.003996003996004,0.0309698899552726
"ENSG00000248712",0.197025535366387,0.00599400599400599,0.0309698899552726
"ENSG00000248734",0.00166283857532259,0.905094905094905,0.920178544068232
"ENSG00000248774",0.0550256302633634,0.0789210789210789,0.116778321407723
"ENSG00000248791",0.0239426103513662,0.122877122877123,0.168577313097861
"ENSG00000248810",0.00781505340203939,0.797202797202797,0.827141778190729
"ENSG00000248863",0.0474164798111154,0.0599400599400599,0.0941400470935233
"ENSG00000248905",-0.109958240457946,0.00699300699300699,0.0311612747652792
"ENSG00000248932",-0.0441446840967037,0.024975024975025,0.0503016340120413
"ENSG00000248966",0.0258566275349207,0.015984015984016,0.0392432899072327
"ENSG00000248971",0.0743811853978434,0.00799200799200799,0.0313472428354935
"ENSG00000249087",-0.0611335549591379,0.023976023976024,0.0489374755679103
"ENSG00000249096",0.166361749759143,0.00899100899100899,0.031668800133044
"ENSG00000249115",-0.0472305695656017,0.026973026973027,0.0526151336084788
"ENSG00000249129",0.0273398863720899,0.016983016983017,0.0404964083535512
"ENSG00000249138",0.251191457072043,0.004995004995005,0.0309698899552726
"ENSG00000249212",-0.0226208352387562,0.194805194805195,0.248426234207219
"ENSG00000249245",0.101510709995109,0.00899100899100899,0.031668800133044
"ENSG00000249264",-0.105126446653221,0.020979020979021,0.0454117208439975
"ENSG00000249286",0.0515274094767041,0.002997002997003,0.0309698899552726
"ENSG00000249353",-0.0944831997001692,0.00799200799200799,0.0313472428354935
"ENSG00000249437",0.148879967631841,0.003996003996004,0.0309698899552726
"ENSG00000249471",-0.0362635281417873,0.017982017982018,0.0417277258366272
"ENSG00000249476",0.0524087105167659,0.0719280719280719,0.108379083303858
"ENSG00000249485",-0.0540155177057369,0.00899100899100899,0.031668800133044
"ENSG00000249565",-0.0181597938443245,0.21978021978022,0.275166025765047
"ENSG00000249592",-0.0289080161312667,0.0619380619380619,0.0965087032764979
"ENSG00000249662",0.196361872974215,0.004995004995005,0.0309698899552726
"ENSG00000249673",-0.0176630545556662,0.186813186813187,0.239684090863764
"ENSG00000249709",0.0529160060419878,0.025974025974026,0.0514006000585945
"ENSG00000249790",0.0803736906186884,0.11988011988012,0.165390802516276
"ENSG00000249806",-0.109741213153504,0.022977022977023,0.0478078016166659
"ENSG00000249825",-0.0619575567004458,0.021978021978022,0.0464939039133723
"ENSG00000249850",0.0624546229823178,0.014985014985015,0.0380820279318905
"ENSG00000249855",-0.0985418242025071,0.012987012987013,0.0360623664690208
"ENSG00000249859",-0.0894566890006189,0.003996003996004,0.0309698899552726
"ENSG00000249863",0.100052297028724,0.022977022977023,0.0478078016166659
"ENSG00000249915",0.00506058601651759,0.455544455544456,0.514542600256886
"ENSG00000249936",0.135100024200324,0.001998001998002,0.0309698899552726
"ENSG00000250130",0.0526913894914319,0.015984015984016,0.0392432899072327
"ENSG00000250182",-0.0986121392792897,0.010989010989011,0.0339239491564177
"ENSG00000250303",-0.0110996665831556,0.36963036963037,0.430155687248744
"ENSG00000250312",-0.0491796979018454,0.027972027972028,0.0538126832348059
"ENSG00000250317",-0.0756050197762582,0.04995004995005,0.0818292939339832
"ENSG00000250321",-0.201744365977542,0.02997002997003,0.0561377525217924
"ENSG00000250334",0.0308876733863196,0.174825174825175,0.226625925040336
"ENSG00000250361",0.0175548310001517,0.445554445554446,0.504539086655359
"ENSG00000250461",0.022988613351901,0.144855144855145,0.193580466014581
"ENSG00000250479",-0.0206703890630735,0.122877122877123,0.168577313097861
"ENSG00000250492",0.0629567270075512,0.002997002997003,0.0309698899552726
"ENSG00000250510",0.0927083536263104,0.021978021978022,0.0464939039133723
"ENSG00000250539",-0.0169564106233228,0.238761238761239,0.29563492349398
"ENSG00000250565",-0.00667315064010059,0.538461538461538,0.593364273723709
"ENSG00000250568",-0.0335233624560951,0.0699300699300699,0.105979770544714
"ENSG00000250569",-0.0381783707017951,0.021978021978022,0.0464939039133723
"ENSG00000250571",-0.0273019751276283,0.032967032967033,0.0601301870083172
"ENSG00000250608",0.0730714345655302,0.020979020979021,0.0454117208439975
"ENSG00000250616",0.230536530559069,0.00599400599400599,0.0309698899552726
"ENSG00000250696",-0.049208392536926,0.0709290709290709,0.107142480445648
"ENSG00000250859",0.0819528609291103,0.00599400599400599,0.0309698899552726
"ENSG00000250878",-0.0614076476142256,0.017982017982018,0.0417277258366272
"ENSG00000250889",-0.075069425201464,0.0579420579420579,0.0917937849126882
"ENSG00000250896",-0.00986313919661863,0.38961038961039,0.449662696853708
"ENSG00000250903",-0.035114047111097,0.00799200799200799,0.0313472428354935
"ENSG00000251002",0.0493205071990689,0.218781218781219,0.274115167568045
"ENSG00000251022",-0.0533107938724234,0.02997002997003,0.0561377525217924
"ENSG00000251023",0.0268848864902432,0.043956043956044,0.0742673606444167
"ENSG00000251034",-0.0706213228902201,0.011988011988012,0.0350284289015142
"ENSG00000251136",-0.0523648470847252,0.001998001998002,0.0309698899552726
"ENSG00000251192",0.0772542852171453,0.004995004995005,0.0309698899552726
"ENSG00000251194",0.0051927945799127,0.639360639360639,0.685934312072502
"ENSG00000251215",0.0425284402405,0.041958041958042,0.0717489681633108
"ENSG00000251247",-0.082724005979478,0.003996003996004,0.0309698899552726
"ENSG00000251301",-0.0491264932323845,0.416583416583417,0.476129291535854
"ENSG00000251333",0.181843844859029,0.002997002997003,0.0309698899552726
"ENSG00000251364",0.00098852736831741,0.972027972027972,0.976741820052857
"ENSG00000251369",-0.0848597926414958,0.00599400599400599,0.0309698899552726
"ENSG00000251432",-0.0420825928133287,0.0649350649350649,0.100075610462889
"ENSG00000251441",0.18612424597688,0.00799200799200799,0.0313472428354935
"ENSG00000251442",0.116900490993688,0.00599400599400599,0.0309698899552726
"ENSG00000251474",0.0121819024824969,0.243756243756244,0.301385034718368
"ENSG00000251562",0.0175821158240125,0.305694305694306,0.365883295073615
"ENSG00000251571",0.116475773951252,0.00599400599400599,0.0309698899552726
"ENSG00000251593",0.10621610592356,0.012987012987013,0.0360623664690208
"ENSG00000251606",-0.0245922221916863,0.736263736263736,0.772720075313735
"ENSG00000251661",0.0759157938582502,0.017982017982018,0.0417277258366272
"ENSG00000251667",-0.0316096040486997,0.051948051948052,0.084286713691331
"ENSG00000251682",0.051444116931199,0.012987012987013,0.0360623664690208
"ENSG00000251791",-0.0824227912481731,0.027972027972028,0.0538126832348059
"ENSG00000251992",-0.060075517172019,0.038961038961039,0.0678698023240711
"ENSG00000252010",-0.0954022305125135,0.025974025974026,0.0514006000585945
"ENSG00000252139",-0.0542416546039684,0.0619380619380619,0.0965087032764979
"ENSG00000252391",0.0193086271366069,0.21978021978022,0.275166025765047
"ENSG00000252481",-0.00207305664919484,0.941058941058941,0.950470321341823
"ENSG00000252498",-0.0246242111303254,0.108891108891109,0.152666046039821
"ENSG00000252690",-0.0378794804124577,0.101898101898102,0.144513970806159
"ENSG00000252759",0.0529113537961064,0.00599400599400599,0.0309698899552726
"ENSG00000252835",-0.0672467609002318,0.038961038961039,0.0678698023240711
"ENSG00000252906",0.0830854286239053,0.01998001998002,0.044196554411905
"ENSG00000253106",-0.00437125325157648,0.754245754245754,0.788699684549332
"ENSG00000253144",-0.00969814789907495,0.297702297702298,0.358029241847915
"ENSG00000253200",0.0865163931100394,0.00699300699300699,0.0311612747652792
"ENSG00000253210",0.107514314070052,0.004995004995005,0.0309698899552726
"ENSG00000253251",-0.0438875406028658,0.211788211788212,0.266576322713734
"ENSG00000253276",0.0818346231404342,0.016983016983017,0.0404964083535512
"ENSG00000253307",0.158518874607702,0.020979020979021,0.0454117208439975
"ENSG00000253341",0.0243531794338287,0.143856143856144,0.19243801612457
"ENSG00000253352",0.0173113671145882,0.184815184815185,0.23747555769367
"ENSG00000253372",0.0148858538005822,0.36963036963037,0.430155687248744
"ENSG00000253522",-0.0524818892871401,0.0809190809190809,0.119235595204207
"ENSG00000253558",0.0142776926755564,0.311688311688312,0.372315886081913
"ENSG00000253570",0.00971737241122848,0.519480519480519,0.575773944767766
"ENSG00000253616",0.193715611484698,0.00599400599400599,0.0309698899552726
"ENSG00000253626",0.0147606689735119,0.195804195804196,0.249435533726397
"ENSG00000253636",-0.0310504433581708,0.117882117882118,0.16304606890405
"ENSG00000253676",0.156623601863108,0.00799200799200799,0.0313472428354935
"ENSG00000253683",-0.120356131819367,0.0769230769230769,0.114541139692918
"ENSG00000253710",-0.0337297987963648,0.028971028971029,0.0550211482575579
"ENSG00000253719",-0.0398302793439674,0.00899100899100899,0.031668800133044
"ENSG00000253729",0.0353434614992022,0.028971028971029,0.0550211482575579
"ENSG00000253738",-0.0950260861984578,0.024975024975025,0.0503016340120413
"ENSG00000253797",-0.0380978049411972,0.018981018981019,0.0430078970802953
"ENSG00000253919",-0.0561724844338351,0.042957042957043,0.0729589799685899
"ENSG00000253954",-0.0619657839491869,0.002997002997003,0.0309698899552726
"ENSG00000253981",0.236114848043248,0.00599400599400599,0.0309698899552726
"ENSG00000253982",-0.0134397008494861,0.533466533466533,0.588453492354364
"ENSG00000254004",-0.0948685867036212,0.031968031968032,0.0588078690022667
"ENSG00000254017",0.0671231346333294,0.024975024975025,0.0503016340120413
"ENSG00000254087",0.177816156974082,0.003996003996004,0.0309698899552726
"ENSG00000254093",-0.0398154011452648,0.0609390609390609,0.0952980656298809
"ENSG00000254184",-0.0423097028605651,0.00899100899100899,0.031668800133044
"ENSG00000254325",0.130696618825226,0.017982017982018,0.0417277258366272
"ENSG00000254332",0.0422108713138596,0.028971028971029,0.0550211482575579
"ENSG00000254463",-0.0450100487556293,0.023976023976024,0.0489374755679103
"ENSG00000254469",-0.0482762327242888,0.028971028971029,0.0550211482575579
"ENSG00000254470",0.185891164394383,0.00599400599400599,0.0309698899552726
"ENSG00000254505",-0.0573129663929833,0.00599400599400599,0.0309698899552726
"ENSG00000254556",-0.0583446648093686,0.0579420579420579,0.0917937849126882
"ENSG00000254598",0.000215091298110714,0.98001998001998,0.983292713297723
"ENSG00000254612",0.0838153743074837,0.001998001998002,0.0309698899552726
"ENSG00000254614",0.00781289822742435,0.722277722277722,0.760165834690749
"ENSG00000254635",0.015165736097397,0.230769230769231,0.286802959191791
"ENSG00000254676",-0.0223593186710258,0.0609390609390609,0.0952980656298809
"ENSG00000254685",-0.0208240900589078,0.28971028971029,0.349642323934351
"ENSG00000254719",0.149624468245263,0.011988011988012,0.0350284289015142
"ENSG00000254750",-0.0932039287353326,0.020979020979021,0.0454117208439975
"ENSG00000254783",-0.0128074383164721,0.348651348651349,0.409108758845139
"ENSG00000254826",0.211238074472371,0.00599400599400599,0.0309698899552726
"ENSG00000254838",-0.0377698623906201,0.035964035964036,0.0640509460900688
"ENSG00000254858",-0.0243752848242037,0.250749250749251,0.308634217073381
"ENSG00000254860",-0.0552859773926799,0.021978021978022,0.0464939039133723
"ENSG00000254876",-0.0692769207173863,0.015984015984016,0.0392432899072327
"ENSG00000254887",-0.0587151654550533,0.00899100899100899,0.031668800133044
"ENSG00000254893",-0.00894976860194431,0.54045954045954,0.595129444497229
"ENSG00000254901",0.0776434625361784,0.00999000999000999,0.0329382551604774
"ENSG00000254911",-0.0476556714288692,0.130869130869131,0.17743515509761
"ENSG00000254986",-0.00273840083806651,0.879120879120879,0.897720683598838
"ENSG00000254995",0.0671573282563565,0.050949050949051,0.0830019919080513
"ENSG00000254996",0.00681579316830277,0.563436563436563,0.615859992667633
"ENSG00000254999",-0.00385130371518754,0.782217782217782,0.813983315152248
"ENSG00000255026",0.00528612736647135,0.885114885114885,0.902614398753559
"ENSG00000255031",0.0953458813938517,0.018981018981019,0.0430078970802953
"ENSG00000255112",0.0942203571926654,0.003996003996004,0.0309698899552726
"ENSG00000255121",-0.0838798950454216,0.004995004995005,0.0309698899552726
"ENSG00000255150",-0.00725029738563873,0.566433566433566,0.618517045375123
"ENSG00000255163",0.154725508737181,0.003996003996004,0.0309698899552726
"ENSG00000255197",0.125086155069719,0.003996003996004,0.0309698899552726
"ENSG00000255198",0.0115488923202669,0.416583416583417,0.476129291535854
"ENSG00000255284",-0.0477800628449828,0.001998001998002,0.0309698899552726
"ENSG00000255302",-0.0724143276175074,0.041958041958042,0.0717489681633108
"ENSG00000255310",-0.0857264146715755,0.00599400599400599,0.0309698899552726
"ENSG00000255389",-0.0311111559187599,0.0869130869130869,0.126486010961671
"ENSG00000255398",0.261442790885775,0.002997002997003,0.0309698899552726
"ENSG00000255423",0.0351850374922313,0.102897102897103,0.145570027382858
"ENSG00000255455",0.00108360122485406,0.92007992007992,0.932494558907107
"ENSG00000255529",-0.0711564114961899,0.012987012987013,0.0360623664690208
"ENSG00000255559",-0.0655845047234105,0.017982017982018,0.0417277258366272
"ENSG00000255587",0.0144204657973527,0.55044955044955,0.604137232630383
"ENSG00000255624",-0.102967300483924,0.021978021978022,0.0464939039133723
"ENSG00000255642",-0.0178779372882072,0.27972027972028,0.339118160161235
"ENSG00000255717",-0.0830562184435653,0.001998001998002,0.0309698899552726
"ENSG00000255725",-0.0215882041225909,0.0719280719280719,0.108379083303858
"ENSG00000255733",-0.0778306658522673,0.04995004995005,0.0818292939339832
"ENSG00000255776",-0.0321809263508595,0.421578421578422,0.481151896536512
"ENSG00000255801",0.246354694768533,0.00899100899100899,0.031668800133044
"ENSG00000255819",-0.0682086366516337,0.173826173826174,0.225598591473321
"ENSG00000255837",-0.0362079144760275,0.0909090909090909,0.131142174354274
"ENSG00000255883",-0.0172557153964896,0.503496503496504,0.560124130243542
"ENSG00000255893",-0.0343507978193906,0.0689310689310689,0.104835938548923
"ENSG00000255967",0.0140036903834274,0.417582417582418,0.477044248527138
"ENSG00000255987",-0.0721007402850304,0.020979020979021,0.0454117208439975
"ENSG00000255989",0.0823107249183426,0.00899100899100899,0.031668800133044
"ENSG00000256018",-0.0234190529039686,0.470529470529471,0.529032012051939
"ENSG00000256039",-0.0430913195036691,0.245754245754246,0.30369917999738
"ENSG00000256043",-0.0555224837944227,0.010989010989011,0.0339239491564177
"ENSG00000256053",-0.0329733521968431,0.012987012987013,0.0360623664690208
"ENSG00000256060",-0.00366837819506072,0.865134865134865,0.886073871586058
"ENSG00000256087",-0.0648888666778,0.01998001998002,0.044196554411905
"ENSG00000256128",-0.067350689159377,0.0839160839160839,0.12274872158027
"ENSG00000256188",-0.0666841136597405,0.00899100899100899,0.031668800133044
"ENSG00000256210",0.0102724706174186,0.732267732267732,0.76906349789335
"ENSG00000256211",0.0213834256811476,0.172827172827173,0.22439898044911
"ENSG00000256223",-0.0860348744265373,0.013986013986014,0.0370555370555371
"ENSG00000256229",0.114269293057709,0.003996003996004,0.0309698899552726
"ENSG00000256238",-0.010853429813932,0.348651348651349,0.409108758845139
"ENSG00000256269",0.0238345027024383,0.105894105894106,0.149003086832381
"ENSG00000256274",-0.0936870710914999,0.002997002997003,0.0309698899552726
"ENSG00000256294",-0.0393823453717684,0.037962037962038,0.0665831541488284
"ENSG00000256304",0.0593747562774859,0.000999000999000999,0.0309698899552726
"ENSG00000256316",-0.0307345223509446,0.26973026973027,0.328964723119381
"ENSG00000256356",-0.00772280025059895,0.692307692307692,0.73382905681371
"ENSG00000256436",-0.0462745801840101,0.003996003996004,0.0309698899552726
"ENSG00000256448",0.119334876094972,0.00999000999000999,0.0329382551604774
"ENSG00000256464",0.0418412825038274,0.023976023976024,0.0489374755679103
"ENSG00000256525",-0.0541764033372613,0.00999000999000999,0.0329382551604774
"ENSG00000256576",-0.0718680831410926,0.001998001998002,0.0309698899552726
"ENSG00000256594",-0.0634388208253116,0.011988011988012,0.0350284289015142
"ENSG00000256628",-0.0345916388756075,0.013986013986014,0.0370555370555371
"ENSG00000256660",-0.00959685844121124,0.786213786213786,0.817292386706797
"ENSG00000256667",-0.0723502287107193,0.028971028971029,0.0550211482575579
"ENSG00000256683",0.0428081984337043,0.014985014985015,0.0380820279318905
"ENSG00000256712",-0.0659194670345819,0.002997002997003,0.0309698899552726
"ENSG00000256720",-0.0131625964690997,0.681318681318681,0.72396886932696
"ENSG00000256745",0.0675827676557603,0.026973026973027,0.0526151336084788
"ENSG00000256751",0.154118792556834,0.011988011988012,0.0350284289015142
"ENSG00000256771",-0.0853966084172376,0.026973026973027,0.0526151336084788
"ENSG00000256804",-0.0770488215528131,0.00799200799200799,0.0313472428354935
"ENSG00000256812",0.154347242099964,0.001998001998002,0.0309698899552726
"ENSG00000256937",-0.00789677392858392,0.816183816183816,0.843921285631687
"ENSG00000256981",-0.0648973249977364,0.00899100899100899,0.031668800133044
"ENSG00000257017",0.124333914055188,0.010989010989011,0.0339239491564177
"ENSG00000257027",-0.0448090926457699,0.0779220779220779,0.115641829151338
"ENSG00000257043",-0.0348341825317423,0.0619380619380619,0.0965087032764979
"ENSG00000257093",-0.062721752734382,0.014985014985015,0.0380820279318905
"ENSG00000257103",0.0122250099636085,0.042957042957043,0.0729589799685899
"ENSG00000257122",0.000926854140673994,0.898101898101898,0.91422908786961
"ENSG00000257151",-0.086590140310647,0.014985014985015,0.0380820279318905
"ENSG00000257167",-0.0581964910858409,0.00699300699300699,0.0311612747652792
"ENSG00000257176",-0.0119040457086193,0.602397602397602,0.651923852824348
"ENSG00000257218",-0.0365473728471505,0.021978021978022,0.0464939039133723
"ENSG00000257221",0.00960270963375392,0.786213786213786,0.817292386706797
"ENSG00000257242",-0.0353378615629455,0.030969030969031,0.0574804346232918
"ENSG00000257261",-0.0415090223111454,0.00799200799200799,0.0313472428354935
"ENSG00000257267",-0.0414503402582921,0.0649350649350649,0.100075610462889
"ENSG00000257315",0.041829669762385,0.02997002997003,0.0561377525217924
"ENSG00000257365",0.0153136576029426,0.227772227772228,0.283664936100169
"ENSG00000257433",0.0851853022230944,0.010989010989011,0.0339239491564177
"ENSG00000257499",0.0656162844746085,0.01998001998002,0.044196554411905
"ENSG00000257511",-0.0802880224544667,0.011988011988012,0.0350284289015142
"ENSG00000257621",0.0283917420257441,0.0669330669330669,0.102576077327416
"ENSG00000257704",0.0875786494215557,0.020979020979021,0.0454117208439975
"ENSG00000257727",-0.0611868793473473,0.011988011988012,0.0350284289015142
"ENSG00000257742",-0.0538080395224731,0.02997002997003,0.0561377525217924
"ENSG00000257743",0.252592814430411,0.00899100899100899,0.031668800133044
"ENSG00000257790",-0.0216872799712013,0.0549450549450549,0.0880322184148341
"ENSG00000257815",-0.000641557329632548,0.978021978021978,0.981861843778141
"ENSG00000257878",0.235593589137463,0.00699300699300699,0.0311612747652792
"ENSG00000257923",0.0743114837153346,0.004995004995005,0.0309698899552726
"ENSG00000258033",-0.040036097992648,0.0709290709290709,0.107142480445648
"ENSG00000258056",-0.0370183908697612,0.028971028971029,0.0550211482575579
"ENSG00000258082",0.165713596047221,0.004995004995005,0.0309698899552726
"ENSG00000258111",0.0728075933331256,0.107892107892108,0.151406743653357
"ENSG00000258128",0.042194831486757,0.196803196803197,0.250363164939221
"ENSG00000258215",0.197864015352525,0.00799200799200799,0.0313472428354935
"ENSG00000258227",0.109018396297227,0.010989010989011,0.0339239491564177
"ENSG00000258289",-0.00989464940248799,0.624375624375624,0.672378696572245
"ENSG00000258297",-0.0532000407222028,0.004995004995005,0.0309698899552726
"ENSG00000258301",-0.0450238466222555,0.0529470529470529,0.0856186332504955
"ENSG00000258427",0.00684470893534308,0.503496503496504,0.560124130243542
"ENSG00000258441",0.0315163966258077,0.037962037962038,0.0665831541488284
"ENSG00000258469",0.00799171865967369,0.554445554445554,0.607579709430717
"ENSG00000258476",0.218640103666156,0.002997002997003,0.0309698899552726
"ENSG00000258486",0.0512364736033997,0.026973026973027,0.0526151336084788
"ENSG00000258501",-0.0191733180411918,0.131868131868132,0.178628404958432
"ENSG00000258565",0.12259523017356,0.017982017982018,0.0417277258366272
"ENSG00000258629",0.096273967786672,0.01998001998002,0.044196554411905
"ENSG00000258634",0.035475197063121,0.0889110889110889,0.128801044664111
"ENSG00000258704",-0.0258912240784892,0.136863136863137,0.184521110480276
"ENSG00000258727",-0.0411900470845452,0.020979020979021,0.0454117208439975
"ENSG00000258733",-0.0920152645465909,0.00799200799200799,0.0313472428354935
"ENSG00000258738",0.112370033917678,0.00699300699300699,0.0311612747652792
"ENSG00000258741",0.0402770344215459,0.001998001998002,0.0309698899552726
"ENSG00000258819",0.20184428623369,0.00799200799200799,0.0313472428354935
"ENSG00000258839",-0.029635237290849,0.146853146853147,0.196032557911931
"ENSG00000258867",-0.0133375191069325,0.702297702297702,0.742649695223386
"ENSG00000258875",0.0119382539091682,0.578421578421578,0.629434129796317
"ENSG00000258890",-0.0673383314964868,0.000999000999000999,0.0309698899552726
"ENSG00000258900",-0.00888254688764286,0.624375624375624,0.672378696572245
"ENSG00000258929",-0.0626149386239055,0.00699300699300699,0.0311612747652792
"ENSG00000258944",0.132410613748502,0.00699300699300699,0.0311612747652792
"ENSG00000259000",0.0464997701242165,0.00699300699300699,0.0311612747652792
"ENSG00000259001",0.0515034355882378,0.025974025974026,0.0514006000585945
"ENSG00000259049",-0.0657787825551681,0.00799200799200799,0.0313472428354935
"ENSG00000259051",0.0495248458203883,0.00899100899100899,0.031668800133044
"ENSG00000259144",0.163295453552969,0.00899100899100899,0.031668800133044
"ENSG00000259207",0.0621729757264779,0.148851148851149,0.198281213355476
"ENSG00000259330",0.0365722238975412,0.034965034965035,0.0627459743481843
"ENSG00000259377",0.0184032596017378,0.2997002997003,0.359855949824978
"ENSG00000259379",0.228527333077025,0.004995004995005,0.0309698899552726
"ENSG00000259431",-0.0335719945803407,0.047952047952048,0.0794112873484515
"ENSG00000259448",0.0906859001903567,0.013986013986014,0.0370555370555371
"ENSG00000259453",0.0320090417315965,0.0699300699300699,0.105979770544714
"ENSG00000259494",-0.0607857904315913,0.014985014985015,0.0380820279318905
"ENSG00000259531",0.0447249210754939,0.031968031968032,0.0588078690022667
"ENSG00000259581",-0.042365477783707,0.0939060939060939,0.134753843171754
"ENSG00000259600",0.231368253764456,0.004995004995005,0.0309698899552726
"ENSG00000259623",-0.0568275631198141,0.023976023976024,0.0489374755679103
"ENSG00000259626",0.259543027555912,0.004995004995005,0.0309698899552726
"ENSG00000259651",0.245742349363188,0.004995004995005,0.0309698899552726
"ENSG00000259660",-0.0912242464074624,0.003996003996004,0.0309698899552726
"ENSG00000259671",0.253572809910107,0.003996003996004,0.0309698899552726
"ENSG00000259673",-0.0617053172291133,0.021978021978022,0.0464939039133723
"ENSG00000259706",-0.0396389401622206,0.0589410589410589,0.0929842014116102
"ENSG00000259758",0.0709909843532601,0.010989010989011,0.0339239491564177
"ENSG00000259781",-0.0445682947162309,0.135864135864136,0.183359369434608
"ENSG00000259820",-0.068080128678893,0.00899100899100899,0.031668800133044
"ENSG00000259834",-0.0765130213922202,0.01998001998002,0.044196554411905
"ENSG00000259856",0.117256092745594,0.00599400599400599,0.0309698899552726
"ENSG00000259865",-0.0710002285139244,0.0569430569430569,0.0905693036450051
"ENSG00000259877",-0.0489120353981291,0.0989010989010989,0.140945500603985
"ENSG00000259891",0.0169596728841061,0.188811188811189,0.241886032100295
"ENSG00000259917",0.00622896908157649,0.694305694305694,0.735557637003335
"ENSG00000259924",-0.0477484690450398,0.0779220779220779,0.115641829151338
"ENSG00000259926",0.012002641328544,0.551448551448551,0.605178403005085
"ENSG00000259935",0.018556627026708,0.375624375624376,0.436033395755215
"ENSG00000259943",-0.0457030331954623,0.16983016983017,0.221009093775742
"ENSG00000259948",0.0873783438818918,0.001998001998002,0.0309698899552726
"ENSG00000259953",0.0051732936776782,0.792207792207792,0.822882735242286
"ENSG00000259959",0.00209624430664176,0.921078921078921,0.933428322246941
"ENSG00000259962",0.174471789370556,0.010989010989011,0.0339239491564177
"ENSG00000259972",-0.0409835547951626,0.023976023976024,0.0489374755679103
"ENSG00000259976",-0.0709550207794905,0.010989010989011,0.0339239491564177
"ENSG00000260006",-0.0159216769717402,0.201798201798202,0.255958922344147
"ENSG00000260032",-0.0192638540006397,0.104895104895105,0.147874412977052
"ENSG00000260054",0.0419624874219377,0.0759240759240759,0.113433061220232
"ENSG00000260065",-0.0036311790737205,0.866133866133866,0.88694587620968
"ENSG00000260078",0.145984842877704,0.00899100899100899,0.031668800133044
"ENSG00000260083",-0.0845606252501867,0.002997002997003,0.0309698899552726
"ENSG00000260093",-0.0419635257217403,0.035964035964036,0.0640509460900688
"ENSG00000260114",0.0213086638251471,0.118881118881119,0.164276565104437
"ENSG00000260231",0.0381595748081751,0.153846153846154,0.20355863447353
"ENSG00000260236",-0.0213612677781031,0.355644355644356,0.416419901221148
"ENSG00000260257",0.0475241068553103,0.00999000999000999,0.0329382551604774
"ENSG00000260267",-0.0470278692615948,0.010989010989011,0.0339239491564177
"ENSG00000260290",-0.0130544736596257,0.326673326673327,0.387404779944744
"ENSG00000260336",0.039667912180668,0.00799200799200799,0.0313472428354935
"ENSG00000260359",0.161517294695439,0.002997002997003,0.0309698899552726
"ENSG00000260368",0.0392562009844604,0.0539460539460539,0.0868019381876659
"ENSG00000260401",0.0246376145331406,0.472527472527473,0.53073225839581
"ENSG00000260452",0.165757127610717,0.00599400599400599,0.0309698899552726
"ENSG00000260461",0.00464373019436587,0.76023976023976,0.793655441153704
"ENSG00000260482",-0.0113607309851185,0.350649350649351,0.411252453996672
"ENSG00000260490",0.0164159465285047,0.468531468531469,0.527278882742878
"ENSG00000260495",-0.0517799214457405,0.028971028971029,0.0550211482575579
"ENSG00000260517",-0.0207346333260161,0.291708291708292,0.351700466467722
"ENSG00000260521",-0.0725313694341592,0.013986013986014,0.0370555370555371
"ENSG00000260528",0.19721018853274,0.00699300699300699,0.0311612747652792
"ENSG00000260534",-0.00394973089731735,0.754245754245754,0.788699684549332
"ENSG00000260539",-0.0253127239621624,0.220779220779221,0.276301642749628
"ENSG00000260563",0.0787223946116464,0.010989010989011,0.0339239491564177
"ENSG00000260565",-0.0373802376983678,0.022977022977023,0.0478078016166659
"ENSG00000260592",0.0371628335115257,0.0829170829170829,0.121538907488414
"ENSG00000260630",0.065200576885488,0.021978021978022,0.0464939039133723
"ENSG00000260682",0.109414900487643,0.002997002997003,0.0309698899552726
"ENSG00000260686",-0.0360920485606256,0.125874125874126,0.171884472759373
"ENSG00000260711",-0.104472383528481,0.004995004995005,0.0309698899552726
"ENSG00000260719",-0.0561464826362262,0.043956043956044,0.0742673606444167
"ENSG00000260747",-0.0308512170414413,0.233766233766234,0.290197561967007
"ENSG00000260766",-0.0472870361866483,0.025974025974026,0.0514006000585945
"ENSG00000260804",0.0192863537199971,0.164835164835165,0.215512294494018
"ENSG00000260822",0.0813417583144291,0.00899100899100899,0.031668800133044
"ENSG00000260837",0.0650476782736761,0.010989010989011,0.0339239491564177
"ENSG00000260841",0.0445968424202918,0.027972027972028,0.0538126832348059
"ENSG00000260916",0.130121782550506,0.004995004995005,0.0309698899552726
"ENSG00000260917",-0.00536570721323811,0.663336663336663,0.708116896427431
"ENSG00000260936",-0.0647059056319477,0.012987012987013,0.0360623664690208
"ENSG00000260940",-0.103776558880852,0.027972027972028,0.0538126832348059
"ENSG00000260942",-0.0176140413266866,0.102897102897103,0.145570027382858
"ENSG00000260966",-0.0314714883159897,0.168831168831169,0.219899532568873
"ENSG00000261005",-0.054938978076048,0.020979020979021,0.0454117208439975
"ENSG00000261069",-0.112106564170705,0.015984015984016,0.0392432899072327
"ENSG00000261072",-0.0483364666223703,0.0559440559440559,0.08933506036881
"ENSG00000261087",-0.0500887315381772,0.011988011988012,0.0350284289015142
"ENSG00000261094",-0.0116870772162408,0.472527472527473,0.53073225839581
"ENSG00000261098",-0.0507045958475517,0.03996003996004,0.0691988127146629
"ENSG00000261136",-0.0430256506570414,0.0569430569430569,0.0905693036450051
"ENSG00000261167",-0.0766551339043487,0.00899100899100899,0.031668800133044
"ENSG00000261208",-0.0613476026184583,0.235764235764236,0.292436225143419
"ENSG00000261222",0.0366185536679936,0.183816183816184,0.236394103488807
"ENSG00000261226",0.0860050087235945,0.0629370629370629,0.0977484650268315
"ENSG00000261229",0.150815673563319,0.002997002997003,0.0309698899552726
"ENSG00000261254",-0.0787834936360891,0.003996003996004,0.0309698899552726
"ENSG00000261324",-0.000183489231439318,0.995004995004995,0.995584883021399
"ENSG00000261326",-0.0777163674900103,0.00699300699300699,0.0311612747652792
"ENSG00000261338",0.0605991213893491,0.013986013986014,0.0370555370555371
"ENSG00000261355",-0.0571600480407417,0.00599400599400599,0.0309698899552726
"ENSG00000261360",-0.102391166933238,0.023976023976024,0.0489374755679103
"ENSG00000261366",-0.0632720747835025,0.038961038961039,0.0678698023240711
"ENSG00000261423",-0.0344318832610998,0.10989010989011,0.153869199657386
"ENSG00000261428",-0.0505094907448005,0.0569430569430569,0.0905693036450051
"ENSG00000261438",0.0885356619485479,0.011988011988012,0.0350284289015142
"ENSG00000261451",0.0629819805542045,0.032967032967033,0.0601301870083172
"ENSG00000261455",-0.00968973020090061,0.411588411588412,0.471316772793667
"ENSG00000261461",0.074306521794177,0.00599400599400599,0.0309698899552726
"ENSG00000261468",0.0826351932212973,0.00899100899100899,0.031668800133044
"ENSG00000261471",0.169451578367028,0.011988011988012,0.0350284289015142
"ENSG00000261485",-0.0187917764993941,0.214785214785215,0.26983992382278
"ENSG00000261490",0.0550739655732972,0.018981018981019,0.0430078970802953
"ENSG00000261526",-0.0559891557633918,0.003996003996004,0.0309698899552726
"ENSG00000261529",-0.0676919247997876,0.002997002997003,0.0309698899552726
"ENSG00000261542",0.032883144800844,0.178821178821179,0.231033425830244
"ENSG00000261549",0.0357307637139781,0.365634365634366,0.426165629540666
"ENSG00000261556",-0.0788173593154125,0.001998001998002,0.0309698899552726
"ENSG00000261589",-0.0889667850649721,0.01998001998002,0.044196554411905
"ENSG00000261596",0.0871116118997937,0.01998001998002,0.044196554411905
"ENSG00000261609",-0.0369406541163004,0.02997002997003,0.0561377525217924
"ENSG00000261614",0.0751671353506791,0.026973026973027,0.0526151336084788
"ENSG00000261662",0.0469649669387391,0.042957042957043,0.0729589799685899
"ENSG00000261716",0.0895600745896367,0.00599400599400599,0.0309698899552726
"ENSG00000261770",-0.0410350398928659,0.0759240759240759,0.113433061220232
"ENSG00000261799",-0.00417881379624783,0.587412587412587,0.637774367650599
"ENSG00000261801",-0.0493119174590795,0.00899100899100899,0.031668800133044
"ENSG00000261804",0.17832024355013,0.00899100899100899,0.031668800133044
"ENSG00000261819",0.0481972098795341,0.0699300699300699,0.105979770544714
"ENSG00000261824",-0.0473284709555587,0.050949050949051,0.0830019919080513
"ENSG00000261884",0.0872664838976051,0.00899100899100899,0.031668800133044
"ENSG00000261971",-0.0119809966616997,0.631368631368631,0.678753753626283
"ENSG00000261997",0.121914736469314,0.00899100899100899,0.031668800133044
"ENSG00000262001",0.0912083569227512,0.00999000999000999,0.0329382551604774
"ENSG00000262049",-0.0177681845872231,0.158841158841159,0.209108669838213
"ENSG00000262246",0.0590081000909615,0.013986013986014,0.0370555370555371
"ENSG00000262251",-0.0377855500479101,0.0729270729270729,0.10954100267936
"ENSG00000262370",0.125299814690524,0.001998001998002,0.0309698899552726
"ENSG00000262514",-0.0468530213810409,0.024975024975025,0.0503016340120413
"ENSG00000262580",-0.0269477987861992,0.0899100899100899,0.130013170561841
"ENSG00000262714",0.165261556673437,0.00999000999000999,0.0329382551604774
"ENSG00000262758",0.0122211202873981,0.416583416583417,0.476129291535854
"ENSG00000262766",0.0712997405610469,0.025974025974026,0.0514006000585945
"ENSG00000262879",-0.0507053924840187,0.004995004995005,0.0309698899552726
"ENSG00000262944",0.113962504715633,0.002997002997003,0.0309698899552726
"ENSG00000263002",-0.044800684045579,0.018981018981019,0.0430078970802953
"ENSG00000263013",-0.049177007434777,0.00699300699300699,0.0311612747652792
"ENSG00000263072",-0.04670909160009,0.00799200799200799,0.0313472428354935
"ENSG00000263244",0.104054034469666,0.003996003996004,0.0309698899552726
"ENSG00000263264",-0.0173886159804739,0.302697302697303,0.362765873934601
"ENSG00000263276",-0.0275057166793297,0.111888111888112,0.156211817921855
"ENSG00000263320",0.0549257872445354,0.00799200799200799,0.0313472428354935
"ENSG00000263327",-0.0536625031514714,0.023976023976024,0.0489374755679103
"ENSG00000263335",0.0392827677163474,0.308691308691309,0.369029359181552
"ENSG00000263391",0.107114606675494,0.00799200799200799,0.0313472428354935
"ENSG00000263606",0.0205632042286464,0.125874125874126,0.171884472759373
"ENSG00000263648",0.09205755235605,0.00999000999000999,0.0329382551604774
"ENSG00000263731",-0.0155943337428831,0.33966033966034,0.400435350405921
"ENSG00000263740",0.0476991352446916,0.016983016983017,0.0404964083535512
"ENSG00000263753",-0.0721241177153722,0.011988011988012,0.0350284289015142
"ENSG00000263766",0.100033238350874,0.021978021978022,0.0464939039133723
"ENSG00000263843",-0.0641079069593706,0.01998001998002,0.044196554411905
"ENSG00000263874",0.0260121227436171,0.2997002997003,0.359855949824978
"ENSG00000263883",0.0956539484974141,0.010989010989011,0.0339239491564177
"ENSG00000263934",-0.0398238844524949,0.470529470529471,0.529032012051939
"ENSG00000264063",-0.0641579742404095,0.00799200799200799,0.0313472428354935
"ENSG00000264112",0.0427240371583147,0.044955044955045,0.0755305089151028
"ENSG00000264198",-0.0527080361316575,0.025974025974026,0.0514006000585945
"ENSG00000264247",-0.0218481255677703,0.346653346653347,0.407241438912993
"ENSG00000264364",-0.010426732520449,0.176823176823177,0.228796397401049
"ENSG00000264456",0.0493152137891716,0.045954045954046,0.0767902842430095
"ENSG00000264462",-0.0551488047346523,0.050949050949051,0.0830019919080513
"ENSG00000264469",0.0602958628260225,0.00599400599400599,0.0309698899552726
"ENSG00000264508",0.140747633489758,0.026973026973027,0.0526151336084788
"ENSG00000264538",-0.0300006329064339,0.0559440559440559,0.08933506036881
"ENSG00000264584",0.155140373332782,0.00999000999000999,0.0329382551604774
"ENSG00000264663",-0.0748632420872812,0.02997002997003,0.0561377525217924
"ENSG00000264853",0.0639542758710154,0.0529470529470529,0.0856186332504955
"ENSG00000264868",0.247373391541153,0.004995004995005,0.0309698899552726
"ENSG00000264895",-0.0196697729308739,0.40959040959041,0.469341870943702
"ENSG00000265148",-0.0296973206794642,0.047952047952048,0.0794112873484515
"ENSG00000265150",0.0440223355170248,0.022977022977023,0.0478078016166659
"ENSG00000265206",0.0405660895019237,0.025974025974026,0.0514006000585945
"ENSG00000265273",0.158894071220694,0.002997002997003,0.0309698899552726
"ENSG00000265401",0.0881122169814766,0.011988011988012,0.0350284289015142
"ENSG00000265574",0.0143457186596181,0.211788211788212,0.266576322713734
"ENSG00000265625",0.137134432217637,0.014985014985015,0.0380820279318905
"ENSG00000265666",0.168651420780091,0.011988011988012,0.0350284289015142
"ENSG00000265681",-0.0747786870119624,0.014985014985015,0.0380820279318905
"ENSG00000265727",-0.00338440063855236,0.886113886113886,0.903403179785942
"ENSG00000265735",0.0524380347838709,0.004995004995005,0.0309698899552726
"ENSG00000265996",0.108147213494895,0.00799200799200799,0.0313472428354935
"ENSG00000266017",0.0928722278764556,0.017982017982018,0.0417277258366272
"ENSG00000266019",-0.1655495388013,0.018981018981019,0.0430078970802953
"ENSG00000266037",0.0455100751315389,0.012987012987013,0.0360623664690208
"ENSG00000266053",-0.0215091576008204,0.27972027972028,0.339118160161235
"ENSG00000266066",-0.0583362225347253,0.015984015984016,0.0392432899072327
"ENSG00000266127",0.11511759650174,0.026973026973027,0.0526151336084788
"ENSG00000266173",0.0247038334257606,0.12987012987013,0.176359233986353
"ENSG00000266282",0.0150808773025484,0.569430569430569,0.621337986509586
"ENSG00000266402",-0.00228673463543112,0.894105894105894,0.910701299717318
"ENSG00000266405",0.0653991715243085,0.013986013986014,0.0370555370555371
"ENSG00000266613",0.0833844959681571,0.016983016983017,0.0404964083535512
"ENSG00000266709",-0.0456985539283835,0.037962037962038,0.0665831541488284
"ENSG00000266714",0.0205810286962061,0.344655344655345,0.40525075159651
"ENSG00000266753",0.070168070504216,0.027972027972028,0.0538126832348059
"ENSG00000266900",0.00937627675603998,0.370629370629371,0.431193008346929
"ENSG00000266947",-0.0867150451109613,0.013986013986014,0.0370555370555371
"ENSG00000266962",0.0174954882834266,0.278721278721279,0.338077546192201
"ENSG00000266998",-0.0858766380785392,0.00599400599400599,0.0309698899552726
"ENSG00000267002",0.0237238300556821,0.0929070929070929,0.133543528591968
"ENSG00000267009",0.0640695352480103,0.014985014985015,0.0380820279318905
"ENSG00000267010",-0.049859277079877,0.030969030969031,0.0574804346232918
"ENSG00000267040",-0.0573222242717221,0.014985014985015,0.0380820279318905
"ENSG00000267041",-0.0614402642541082,0.034965034965035,0.0627459743481843
"ENSG00000267074",-0.0837749980656323,0.025974025974026,0.0514006000585945
"ENSG00000267080",-0.00972625421149296,0.512487512487512,0.568704979231295
"ENSG00000267083",0.0144200390494149,0.531468531468531,0.586572578858372
"ENSG00000267100",-0.072644784548522,0.002997002997003,0.0309698899552726
"ENSG00000267102",0.00218972849888232,0.884115884115884,0.901672156763807
"ENSG00000267106",-0.0416568629528022,0.038961038961039,0.0678698023240711
"ENSG00000267121",0.0534216113839567,0.028971028971029,0.0550211482575579
"ENSG00000267152",-0.0916448599443281,0.00699300699300699,0.0311612747652792
"ENSG00000267169",0.0446001339751403,0.010989010989011,0.0339239491564177
"ENSG00000267174",0.225758322629976,0.004995004995005,0.0309698899552726
"ENSG00000267185",-0.000658136881268844,0.971028971028971,0.975901168575529
"ENSG00000267194",0.0438815399994203,0.040959040959041,0.0705122123257061
"ENSG00000267216",-0.00709725766989276,0.463536463536464,0.522244419122642
"ENSG00000267274",0.00902932111882533,0.493506493506494,0.550948540544453
"ENSG00000267278",-0.115693228671918,0.00799200799200799,0.0313472428354935
"ENSG00000267283",0.0515915812549567,0.0689310689310689,0.104835938548923
"ENSG00000267312",-0.0506741435332781,0.0759240759240759,0.113433061220232
"ENSG00000267321",0.00326680926355594,0.786213786213786,0.817292386706797
"ENSG00000267322",-0.044505207835172,0.155844155844156,0.205658840994297
"ENSG00000267350",0.0581130023829181,0.004995004995005,0.0309698899552726
"ENSG00000267364",-0.131772905341836,0.002997002997003,0.0309698899552726
"ENSG00000267365",0.200736316916331,0.00599400599400599,0.0309698899552726
"ENSG00000267419",-0.074259505365093,0.002997002997003,0.0309698899552726
"ENSG00000267422",0.0637210260875999,0.00999000999000999,0.0329382551604774
"ENSG00000267427",0.106821580444791,0.00599400599400599,0.0309698899552726
"ENSG00000267430",0.083442187161404,0.001998001998002,0.0309698899552726
"ENSG00000267481",-0.0377636913595069,0.028971028971029,0.0550211482575579
"ENSG00000267519",0.134788070357942,0.040959040959041,0.0705122123257061
"ENSG00000267533",-0.021208345530918,0.398601398601399,0.458279116846035
"ENSG00000267554",-0.0584238307153771,0.0609390609390609,0.0952980656298809
"ENSG00000267575",-0.0326452100555566,0.017982017982018,0.0417277258366272
"ENSG00000267680",-0.0218940628039163,0.035964035964036,0.0640509460900688
"ENSG00000267701",-0.103539846648143,0.013986013986014,0.0370555370555371
"ENSG00000267702",-0.0298292170705986,0.153846153846154,0.20355863447353
"ENSG00000267731",-0.0754325905718626,0.0539460539460539,0.0868019381876659
"ENSG00000267742",-0.0677407982310889,0.00999000999000999,0.0329382551604774
"ENSG00000267796",0.0304468421685638,0.0749250749250749,0.112219535200592
"ENSG00000267809",-0.0232435198344551,0.226773226773227,0.282655117129293
"ENSG00000267858",-0.031360050758492,0.034965034965035,0.0627459743481843
"ENSG00000267940",0.0857743775024514,0.002997002997003,0.0309698899552726
"ENSG00000268001",0.0482096222029695,0.0839160839160839,0.12274872158027
"ENSG00000268006",0.0195059560696413,0.413586413586414,0.473243979670715
"ENSG00000268027",-0.116845793173451,0.00899100899100899,0.031668800133044
"ENSG00000268032",-0.00908113758965782,0.513486513486514,0.569708356635979
"ENSG00000268034",0.075509514163032,0.003996003996004,0.0309698899552726
"ENSG00000268172",-0.03156994763794,0.143856143856144,0.19243801612457
"ENSG00000268205",-0.0429221265844136,0.011988011988012,0.0350284289015142
"ENSG00000268362",-0.0381094055557328,0.037962037962038,0.0665831541488284
"ENSG00000268412",-0.0307968181184653,0.012987012987013,0.0360623664690208
"ENSG00000268471",-0.0367175578478077,0.02997002997003,0.0561377525217924
"ENSG00000268516",-0.069711474164339,0.00799200799200799,0.0313472428354935
"ENSG00000268521",0.00139561683536124,0.916083916083916,0.929149844163769
"ENSG00000268555",0.0480835118224317,0.257742257742258,0.315947210684053
"ENSG00000268573",-0.0617182452929655,0.001998001998002,0.0309698899552726
"ENSG00000268575",-0.00443918584500355,0.754245754245754,0.788699684549332
"ENSG00000268670",0.0354652615951559,0.040959040959041,0.0705122123257061
"ENSG00000268713",-0.0312227626505668,0.016983016983017,0.0404964083535512
"ENSG00000268734",0.238039185838779,0.004995004995005,0.0309698899552726
"ENSG00000268758",-0.0417303698231008,0.100899100899101,0.143283161361857
"ENSG00000268802",-0.0303897120232501,0.031968031968032,0.0588078690022667
"ENSG00000268895",-0.0500086350087048,0.004995004995005,0.0309698899552726
"ENSG00000268912",-0.0839542996227544,0.012987012987013,0.0360623664690208
"ENSG00000268913",0.0121965996263408,0.392607392607393,0.452513248715416
"ENSG00000268995",-0.0412722734991568,0.0539460539460539,0.0868019381876659
"ENSG00000269001",0.0658143293443477,0.036963036963037,0.0654036775944903
"ENSG00000269044",-0.0127594800319043,0.238761238761239,0.29563492349398
"ENSG00000269051",0.0701161798462099,0.011988011988012,0.0350284289015142
"ENSG00000269069",-0.0611361835412389,0.026973026973027,0.0526151336084788
"ENSG00000269089",0.104147077988823,0.017982017982018,0.0417277258366272
"ENSG00000269220",0.0957090216432318,0.004995004995005,0.0309698899552726
"ENSG00000269293",-0.070458195989882,0.004995004995005,0.0309698899552726
"ENSG00000269343",-0.00572554747073749,0.416583416583417,0.476129291535854
"ENSG00000269374",0.0497410946666489,0.015984015984016,0.0392432899072327
"ENSG00000269378",-0.040270893311901,0.037962037962038,0.0665831541488284
"ENSG00000269501",-0.0171278320563096,0.381618381618382,0.441753969397969
"ENSG00000269514",-0.0473475026213,0.047952047952048,0.0794112873484515
"ENSG00000269609",-0.0689311763625311,0.00699300699300699,0.0311612747652792
"ENSG00000269619",0.213048862748092,0.004995004995005,0.0309698899552726
"ENSG00000269640",0.00112119786624801,0.93006993006993,0.941190671908085
"ENSG00000269657",0.14592478346158,0.00799200799200799,0.0313472428354935
"ENSG00000269688",-0.000543432632293817,0.983016983016983,0.985641423485575
"ENSG00000269728",0.0687344807378391,0.026973026973027,0.0526151336084788
"ENSG00000269800",-0.0053575794389309,0.717282717282717,0.755636719521713
"ENSG00000269821",0.0312398391614834,0.123876123876124,0.169696028353272
"ENSG00000269825",-0.0613933208563396,0.033966033966034,0.0614579638969883
"ENSG00000269837",-0.0700312763779119,0.021978021978022,0.0464939039133723
"ENSG00000269858",0.063413197356608,0.015984015984016,0.0392432899072327
"ENSG00000269893",-0.142171039257111,0.018981018981019,0.0430078970802953
"ENSG00000269900",-0.0592532990517037,0.011988011988012,0.0350284289015142
"ENSG00000269904",0.0581728092093601,0.02997002997003,0.0561377525217924
"ENSG00000269918",-0.08825972129275,0.010989010989011,0.0339239491564177
"ENSG00000269919",0.00242768340711315,0.913086913086913,0.926657534325158
"ENSG00000269928",-0.0224657892508601,0.153846153846154,0.20355863447353
"ENSG00000269929",-0.0347064895352237,0.036963036963037,0.0654036775944903
"ENSG00000269938",-0.0728802325452734,0.023976023976024,0.0489374755679103
"ENSG00000269939",-0.0281155189173996,0.0649350649350649,0.100075610462889
"ENSG00000269940",0.00882142639809937,0.510489510489511,0.566854193575066
"ENSG00000269958",0.0108387086043754,0.555444555444555,0.60834162647705
"ENSG00000269965",0.0312828662085863,0.115884115884116,0.160633829837982
"ENSG00000269973",-0.0459248587593794,0.033966033966034,0.0614579638969883
"ENSG00000269996",0.0269810417913753,0.123876123876124,0.169696028353272
"ENSG00000269997",-0.0467566837706936,0.025974025974026,0.0514006000585945
"ENSG00000270012",-0.0366884524989596,0.051948051948052,0.084286713691331
"ENSG00000270015",-0.0637609034889756,0.020979020979021,0.0454117208439975
"ENSG00000270022",0.0219093394808959,0.40959040959041,0.469341870943702
"ENSG00000270049",0.0178319504403047,0.163836163836164,0.214486167427344
"ENSG00000270055",-0.0397484680039553,0.018981018981019,0.0430078970802953
"ENSG00000270061",-0.0500984241054901,0.035964035964036,0.0640509460900688
"ENSG00000270062",0.0529013083460692,0.016983016983017,0.0404964083535512
"ENSG00000270066",-0.0496494475870847,0.037962037962038,0.0665831541488284
"ENSG00000270081",-0.0279354155753565,0.0809190809190809,0.119235595204207
"ENSG00000270101",0.0315678194143892,0.048951048951049,0.0806102639481647
"ENSG00000270108",0.0170613586188801,0.325674325674326,0.386448859197674
"ENSG00000270116",-0.0534515070174255,0.028971028971029,0.0550211482575579
"ENSG00000270120",0.0853096585334071,0.041958041958042,0.0717489681633108
"ENSG00000270127",-0.0449256023056667,0.017982017982018,0.0417277258366272
"ENSG00000270141",-0.0262102893595356,0.195804195804196,0.249435533726397
"ENSG00000270157",-0.0679747635354249,0.012987012987013,0.0360623664690208
"ENSG00000270170",-0.0567787782264034,0.00799200799200799,0.0313472428354935
"ENSG00000270189",-0.0717282533071117,0.023976023976024,0.0489374755679103
"ENSG00000270277",0.107770074921525,0.003996003996004,0.0309698899552726
"ENSG00000270344",0.00220511343237395,0.844155844155844,0.867915556083919
"ENSG00000270346",0.122480429880272,0.028971028971029,0.0550211482575579
"ENSG00000270426",0.116840187886662,0.00799200799200799,0.0313472428354935
"ENSG00000270562",0.0333922919667596,0.0689310689310689,0.104835938548923
"ENSG00000270574",0.0743491818710378,0.00699300699300699,0.0311612747652792
"ENSG00000270589",0.0226584215612945,0.253746253746254,0.311780234896481
"ENSG00000270640",0.17515355319582,0.004995004995005,0.0309698899552726
"ENSG00000270696",-0.0697222598291345,0.002997002997003,0.0309698899552726
"ENSG00000270704",-0.111819647487481,0.000999000999000999,0.0309698899552726
"ENSG00000270804",0.0801149408378217,0.00699300699300699,0.0311612747652792
"ENSG00000270820",0.0230199328681684,0.0669330669330669,0.102576077327416
"ENSG00000270878",-0.103213633726111,0.004995004995005,0.0309698899552726
"ENSG00000270949",0.173369245364548,0.00599400599400599,0.0309698899552726
"ENSG00000270956",0.0785759221155914,0.014985014985015,0.0380820279318905
"ENSG00000270959",0.115399395578943,0.001998001998002,0.0309698899552726
"ENSG00000271011",0.0739017398344414,0.00999000999000999,0.0329382551604774
"ENSG00000271109",-0.0874084026471344,0.00599400599400599,0.0309698899552726
"ENSG00000271122",-0.0468406601902678,0.0679320679320679,0.103657642509852
"ENSG00000271141",0.0100077938728743,0.306693306693307,0.366932818301658
"ENSG00000271147",-0.0997234434540062,0.000999000999000999,0.0309698899552726
"ENSG00000271204",0.0288860856651089,0.186813186813187,0.239684090863764
"ENSG00000271270",0.0144826883404986,0.345654345654346,0.406186948868087
"ENSG00000271327",0.127533063932774,0.004995004995005,0.0309698899552726
"ENSG00000271335",-0.0525880926971052,0.036963036963037,0.0654036775944903
"ENSG00000271361",0.101798546053109,0.018981018981019,0.0430078970802953
"ENSG00000271430",-0.00478273231736506,0.624375624375624,0.672378696572245
"ENSG00000271461",0.170071928837125,0.004995004995005,0.0309698899552726
"ENSG00000271533",-0.0147630640492147,0.317682317682318,0.378385143102685
"ENSG00000271605",0.0656241096577659,0.0699300699300699,0.105979770544714
"ENSG00000271614",0.0120750092031605,0.460539460539461,0.519500960837548
"ENSG00000271646",0.0939374845544216,0.011988011988012,0.0350284289015142
"ENSG00000271721",-0.0203465390439726,0.404595404595405,0.464370888399157
"ENSG00000271722",0.140218530997016,0.00899100899100899,0.031668800133044
"ENSG00000271780",-0.0427015676559173,0.032967032967033,0.0601301870083172
"ENSG00000271840",0.0574672467298487,0.013986013986014,0.0370555370555371
"ENSG00000271856",-0.0784234015104407,0.040959040959041,0.0705122123257061
"ENSG00000271862",0.0115770415233935,0.275724275724276,0.334983253705453
"ENSG00000271870",-0.0429197318288632,0.0799200799200799,0.118024025618029
"ENSG00000271895",-0.027528581985631,0.0859140859140859,0.125168564009636
"ENSG00000271912",-0.0334453775160337,0.0559440559440559,0.08933506036881
"ENSG00000271927",-0.0452959923876298,0.01998001998002,0.044196554411905
"ENSG00000271964",-0.0958462577455066,0.026973026973027,0.0526151336084788
"ENSG00000271975",0.00281324780302331,0.827172827172827,0.853448062926085
"ENSG00000271976",-0.00919921500022865,0.478521478521479,0.536461859036486
"ENSG00000271997",-0.04772330959181,0.044955044955045,0.0755305089151028
"ENSG00000272005",-0.0616232668985509,0.012987012987013,0.0360623664690208
"ENSG00000272016",0.0677546248189035,0.023976023976024,0.0489374755679103
"ENSG00000272033",0.0374419116954827,0.0769230769230769,0.114541139692918
"ENSG00000272037",0.132835030961643,0.00599400599400599,0.0309698899552726
"ENSG00000272047",-0.0705143490479913,0.015984015984016,0.0392432899072327
"ENSG00000272053",-0.0199638703672925,0.17982017982018,0.232074626404523
"ENSG00000272054",-0.0623892353430367,0.102897102897103,0.145570027382858
"ENSG00000272091",0.00213032160303463,0.881118881118881,0.899455254674825
"ENSG00000272106",-0.0446033826294927,0.017982017982018,0.0417277258366272
"ENSG00000272144",-0.0214951212968457,0.154845154845155,0.204565139158961
"ENSG00000272145",-0.040021560829747,0.121878121878122,0.167493569894942
"ENSG00000272155",-0.0653191504794276,0.02997002997003,0.0561377525217924
"ENSG00000272198",-0.003642433715847,0.833166833166833,0.858526879962188
"ENSG00000272201",-0.0451271891474249,0.018981018981019,0.0430078970802953
"ENSG00000272316",-0.0859892167930812,0.00699300699300699,0.0311612747652792
"ENSG00000272325",0.0230132229127606,0.021978021978022,0.0464939039133723
"ENSG00000272335",-0.047718853017898,0.036963036963037,0.0654036775944903
"ENSG00000272341",-0.0479002001455113,0.180819180819181,0.233188637738482
"ENSG00000272345",0.0412183875700874,0.025974025974026,0.0514006000585945
"ENSG00000272356",-0.047433234408557,0.020979020979021,0.0454117208439975
"ENSG00000272367",0.00754878829960945,0.553446553446553,0.606927701370625
"ENSG00000272373",-0.0734639033584812,0.000999000999000999,0.0309698899552726
"ENSG00000272449",0.0284197579489906,0.030969030969031,0.0574804346232918
"ENSG00000272452",-0.0719990981161787,0.045954045954046,0.0767902842430095
"ENSG00000272455",-0.0426961440498858,0.0619380619380619,0.0965087032764979
"ENSG00000272462",0.0381446416405718,0.0669330669330669,0.102576077327416
"ENSG00000272477",-0.0710107697142717,0.0539460539460539,0.0868019381876659
"ENSG00000272498",-0.089385475424708,0.027972027972028,0.0538126832348059
"ENSG00000272505",0.0731640292886889,0.017982017982018,0.0417277258366272
"ENSG00000272520",-0.0132596174511163,0.356643356643357,0.417305019972725
"ENSG00000272529",-0.0754357213860984,0.0619380619380619,0.0965087032764979
"ENSG00000272533",-0.0301302531414272,0.333666333666334,0.394529909287879
"ENSG00000272562",0.0769093540144628,0.023976023976024,0.0489374755679103
"ENSG00000272565",-0.0519576033593874,0.141858141858142,0.190252332200775
"ENSG00000272578",0.00305341362178686,0.804195804195804,0.83303095800941
"ENSG00000272599",-0.0263251866153408,0.03996003996004,0.0691988127146629
"ENSG00000272606",-0.0699711772202547,0.026973026973027,0.0526151336084788
"ENSG00000272625",0.0447847329025655,0.0529470529470529,0.0856186332504955
"ENSG00000272630",0.00228774402680986,0.845154845154845,0.868571141531634
"ENSG00000272650",0.0769623475153799,0.00699300699300699,0.0311612747652792
"ENSG00000272655",-0.017270657274853,0.0559440559440559,0.08933506036881
"ENSG00000272688",-0.0228306921224418,0.0939060939060939,0.134753843171754
"ENSG00000272750",-0.0339124822625299,0.0689310689310689,0.104835938548923
"ENSG00000272758",-0.0291477924269957,0.0819180819180819,0.120368200084547
"ENSG00000272760",-0.0487126883965398,0.031968031968032,0.0588078690022667
"ENSG00000272807",-0.063789138466816,0.011988011988012,0.0350284289015142
"ENSG00000272825",0.037210008364953,0.050949050949051,0.0830019919080513
"ENSG00000272831",0.0208652355613301,0.10989010989011,0.153869199657386
"ENSG00000272888",0.0086190656494347,0.587412587412587,0.637774367650599
"ENSG00000272906",-0.00321944022015266,0.845154845154845,0.868571141531634
"ENSG00000272908",-0.0832362108765958,0.0669330669330669,0.102576077327416
"ENSG00000272918",0.109625738160413,0.00999000999000999,0.0329382551604774
"ENSG00000272941",0.168176785805783,0.004995004995005,0.0309698899552726
"ENSG00000272977",-0.00356141278054961,0.888111888111888,0.905209793175191
"ENSG00000272993",0.0851225654206093,0.004995004995005,0.0309698899552726
"ENSG00000272994",-0.0573601688220266,0.0539460539460539,0.0868019381876659
"ENSG00000273015",-0.0474854181880554,0.0729270729270729,0.10954100267936
"ENSG00000273033",0.0885319973998485,0.011988011988012,0.0350284289015142
"ENSG00000273038",-0.0383893913762447,0.207792207792208,0.262343392504124
"ENSG00000273066",-0.0604195802793204,0.00799200799200799,0.0313472428354935
"ENSG00000273112",0.216392846887767,0.00699300699300699,0.0311612747652792
"ENSG00000273131",0.0190131958940644,0.288711288711289,0.348646731082422
"ENSG00000273148",-0.0227737083663863,0.160839160839161,0.211206843855445
"ENSG00000273151",0.0511736404973081,0.038961038961039,0.0678698023240711
"ENSG00000273221",-0.068628454355241,0.013986013986014,0.0370555370555371
"ENSG00000273243",0.0801876132560094,0.00899100899100899,0.031668800133044
"ENSG00000273247",0.0565582505154336,0.017982017982018,0.0417277258366272
"ENSG00000273253",0.11587498169067,0.003996003996004,0.0309698899552726
"ENSG00000273270",0.00755202676035938,0.553446553446553,0.606927701370625
"ENSG00000273272",0.180333442165347,0.00699300699300699,0.0311612747652792
"ENSG00000273284",0.0175012776435232,0.390609390609391,0.450685834902425
"ENSG00000273290",-0.0286147672601083,0.0709290709290709,0.107142480445648
"ENSG00000273311",0.0872472289043947,0.00999000999000999,0.0329382551604774
"ENSG00000273329",-0.0211460323544727,0.111888111888112,0.156211817921855
"ENSG00000273344",-0.0701563634439648,0.014985014985015,0.0380820279318905
"ENSG00000273363",-0.0216791001458988,0.162837162837163,0.213410798579828
"ENSG00000273373",-0.0197964055036503,0.101898101898102,0.144513970806159
"ENSG00000273382",0.0698076511305861,0.011988011988012,0.0350284289015142
