"gene","E_TE","E_NIE","E_TE_limit"
"ENSG00000000419",1.12526695422264,1.14379832134251,1
"ENSG00000000457",1.08459429004996,1.22478996138943,1
"ENSG00000000460",1.13048592166437,1.20567595786024,1
"ENSG00000000938",1.47170437544452,1.37759196633167,1.04314505391161
"ENSG00000000971",1.25939449700866,1.25865733782539,1
"ENSG00000001036",1.20584755074711,1.22559065306284,1
"ENSG00000001084",1.3091615871498,1.22827815624544,1
"ENSG00000001167",1.37690884954595,1.40423352143837,1
"ENSG00000001460",1.14456406360459,1.08109837462679,1
"ENSG00000001461",1.29874470441161,1.21042869678387,1
"ENSG00000001497",1.39971256921684,1.24174165830295,1.09295438811536
"ENSG00000001561",1.42749889171428,1.30339524721334,1.12909722502064
"ENSG00000001629",1.40169534650012,1.32501026856716,1.11772601510126
"ENSG00000001631",1.42788060855673,1.30579646703544,1.14833428214954
"ENSG00000002016",1.30591742267088,1.13825836986302,1
"ENSG00000002330",1.26204379499584,1.20010212761199,1
"ENSG00000002549",1.03532485471388,1.09125397660334,1
"ENSG00000002822",1.07878720316956,1.15138969466717,1
"ENSG00000002834",1.70656319051878,1.43163230220508,1.41295835400145
"ENSG00000002919",1.6689565985815,1.50182742124486,1.33026609115425
"ENSG00000003056",1.3651980610585,1.23155999594988,1.08961950186283
"ENSG00000003393",1.25543413650304,1.08335072358991,1
"ENSG00000003400",1.28130951101805,1.16249231161232,1
"ENSG00000003402",2.12543139224072,1.62724963987636,1.72526213579277
"ENSG00000003436",1.72188255226112,1.2300330893086,1.35868353202248
"ENSG00000003509",1.19691954731798,1.16683627378355,1
"ENSG00000003756",1.56095275317708,1.35480756167016,1.32595993842404
"ENSG00000004059",1.43997236788503,1.34161475460169,1.06829132802128
"ENSG00000004139",1.14798224531366,1.18405180710636,1
"ENSG00000004142",1.16839013577674,1.13289841265377,1
"ENSG00000004399",1.11824808469724,1.17976839797121,1
"ENSG00000004455",1.59340479231544,1.23605531637335,1.3683281920032
"ENSG00000004478",1.42509573985343,1.22136940577209,1.14990735251658
"ENSG00000004487",1.47944587588283,1.26129563069372,1.24916546246483
"ENSG00000004534",1.19077193598189,1.14048258989221,1
"ENSG00000004660",1.44544910907188,1.40071208202304,1
"ENSG00000004700",1.26037507392281,1.23924555253347,1
"ENSG00000004766",1.40167663975079,1.30360942660091,1.11440199284501
"ENSG00000004779",1.1894291501204,1.28601110116774,1
"ENSG00000004799",1.130233968849,1.13885091161453,1
"ENSG00000004809",1.24091144209556,1.03730144084549,1
"ENSG00000004864",1.01999341917243,1.15418651957063,1
"ENSG00000004866",1.0544706295821,1.17298866830697,1
"ENSG00000004897",1.09993239952071,1.11693746196328,1
"ENSG00000004939",1.04141440000201,1.08849886001745,1
"ENSG00000004961",1.52904942725498,1.11937042099228,1.27384375558736
"ENSG00000004975",1.28890377281386,1.12985235105471,1
"ENSG00000005007",1.36685512382906,1.34383568766392,1
"ENSG00000005020",1.3072938895483,1.26931119931104,1
"ENSG00000005022",1.24351492190021,1.2326637578443,1
"ENSG00000005059",1.16497597150411,1.32033771023122,1
"ENSG00000005075",1.16689980715648,1.30258811147717,1
"ENSG00000005100",1.11758608268576,1.31179238429683,1
"ENSG00000005156",1.27288381382664,1.23842421620188,1
"ENSG00000005175",1.22788986852599,1.06900006671278,1
"ENSG00000005187",1.22344250210334,1.21095397872509,1
"ENSG00000005194",1.5086426671876,1.22164811485359,1.24403633408107
"ENSG00000005206",1.15821977016172,1.09475110294057,1
"ENSG00000005238",1.65969410030304,1.27780425836084,1.4338407469627
"ENSG00000005249",1.34608129465402,1.08807803033092,1.09870319631339
"ENSG00000005302",1.32717202998897,1.19818060398047,1
"ENSG00000005339",1.59801574717256,1.29335716613839,1.38339168855103
"ENSG00000005379",1.26462018875539,1.27617091047515,1
"ENSG00000005381",1.42242331852002,1.27724846848703,1
"ENSG00000005436",1.37286917780758,1.37794680565004,1
"ENSG00000005448",1.59279711187237,1.24890131839401,1.23259839172377
"ENSG00000005469",1.40947711414354,1.38001759336525,1
"ENSG00000005483",1.43820406353781,1.22299429591778,1.23030537364785
"ENSG00000005486",1.44451762627568,1.31633946489881,1
"ENSG00000005700",1.42475367997699,1.34641734821755,1.14908313450722
"ENSG00000005801",1.14401116926294,1.34998365237036,1
"ENSG00000005810",1.20889953513159,1.13626324993691,1
"ENSG00000005812",1.28031909650623,1.27768759250414,1
"ENSG00000005844",1.32957387563856,1.04956034858975,1
"ENSG00000005882",1.53388868890407,1.17242248419845,1.2018613351499
"ENSG00000005889",1.24459733575965,1.22493479935152,1
"ENSG00000005893",1.40977379601242,1.48242334632282,1
"ENSG00000005955",1.2990843134538,1.1856448578805,1
"ENSG00000005961",1.38705085953195,1.12928782934148,1.03891406662159
"ENSG00000006007",1.48120934268853,1.32366042191409,1.21369214600265
"ENSG00000006015",1.04293221987897,1.17365974298807,1
"ENSG00000006025",1.14816889957702,1.25465792600684,1
"ENSG00000006062",1.35017939946513,1.09250330563047,1
"ENSG00000006114",1.06680656932271,1.09328644681727,1
"ENSG00000006125",1.03969243141426,1.06070221953541,1
"ENSG00000006194",1.04382543905559,1.08638655465798,1
"ENSG00000006282",1.5013346219567,1.18638659762679,1.21191331905303
"ENSG00000006327",1.45797450295098,1.47409338624313,1
"ENSG00000006432",1.15514275664899,1.20822017658215,1
"ENSG00000006451",1.26307772199607,1.31884538672052,1
"ENSG00000006459",1.36005385746715,1.43335504567067,1
"ENSG00000006530",1.48076109655064,1.37248922371278,1.14183304326244
"ENSG00000006534",1.27226828078896,1.21490580616873,1
"ENSG00000006555",1.09449937075875,1.09352812845539,1
"ENSG00000006576",1.21584038288981,1.26154521729045,1
"ENSG00000006607",1.21754084026299,1.14361318445093,1
"ENSG00000006625",1.32098243610982,1.36709909157902,1
"ENSG00000006634",1.38245656107634,1.35262691760835,1
"ENSG00000006652",1.53672131662729,1.51537157991104,1.15323637234443
"ENSG00000006695",1.3725992130364,1.38005371390908,1
"ENSG00000006712",1.31170519806904,1.21971392243263,1
"ENSG00000006715",1.35555978939329,1.24772736266428,1.07382232971406
"ENSG00000006744",1.41474931812053,1.26089117834985,1.17927974859464
"ENSG00000006756",1.17638665916491,1.09553514265951,1
"ENSG00000006757",1.2816306369634,1.22425536409067,1
"ENSG00000006831",1.29943044852868,1.01579313806024,1
"ENSG00000007047",1.24834028521822,1.08848145173617,1
"ENSG00000007080",1.12047392738092,1.14713718219575,1
"ENSG00000007129",1.48734821227349,1.09861258759503,1.24306442159671
"ENSG00000007168",1.38082589818948,1.16258959818534,1.1566059717858
"ENSG00000007202",1.15173669064819,1.03353639289212,1
"ENSG00000007237",1.78593983843874,1.26845348102584,1.56434255211799
"ENSG00000007255",1.68029306847448,1.2436510264702,1.42736353301471
"ENSG00000007264",1.39157356021696,1.27273690684343,1.03796692328759
"ENSG00000007341",1.04215694370517,1.29288792953607,1
"ENSG00000007350",1.30071643080581,1.18913349981492,1
"ENSG00000007376",1.29580076830572,1.09049655624238,1
"ENSG00000007392",1.35276857060248,1.27572175412233,1
"ENSG00000007516",1.80580520251629,1.31277600909513,1.5099554054547
"ENSG00000007520",1.07194107616698,1.13940281294039,1
"ENSG00000007541",1.33470443426345,1.10552611256206,1
"ENSG00000007545",1.29569139058772,1.19719592213104,1
"ENSG00000007923",1.24455413097834,1.24773297032971,1
"ENSG00000007944",1.50867939317674,1.42297073653859,1.23001838168635
"ENSG00000007968",1.25136049215132,1.04491008305908,1
"ENSG00000008018",1.07497625807671,1.15863231452466,1
"ENSG00000008083",1.36590706229621,1.38686146908861,1
"ENSG00000008086",1.61288540423317,1.52494210348301,1.21658675674551
"ENSG00000008128",1.82118324754111,1.22083029394188,1.42963489513075
"ENSG00000008130",1.65912624079124,1.54700081289543,1.27392271644352
"ENSG00000008226",1.17515912894342,1.09084647471079,1
"ENSG00000008256",1.12550565460977,1.03947012242631,1
"ENSG00000008277",1.71857907317801,1.30857101022686,1.39848143334665
"ENSG00000008282",1.38251950319318,1.25140763290927,1
"ENSG00000008283",1.19683711990967,1.11889751205416,1
"ENSG00000008294",1.76616545680823,1.55282009107913,1.44286553284823
"ENSG00000008300",1.58071933197143,1.15867845544593,1.15524059722844
"ENSG00000008311",1.40504357588613,1.25243339265168,1
"ENSG00000008324",1.21886548552929,1.30165865859484,1
"ENSG00000008382",1.33056792656124,1.03949301887264,1
"ENSG00000008394",1.47829108974761,1.15776386763385,1.12228728690292
"ENSG00000008405",1.63112341923844,1.3252436436373,1.3608516469656
"ENSG00000008441",1.29965440934656,1.10712505316249,1
"ENSG00000008513",1.35147271724654,1.11788525662598,1.09378874187362
"ENSG00000008517",1.2694963564078,1.21170549845779,1
"ENSG00000008710",1.09415508542185,1.19278322294382,1
"ENSG00000008838",1.31245642901357,1.20874627126564,1
"ENSG00000008853",1.26319885711241,1.15045383790377,1
"ENSG00000008869",1.10440410655957,1.1708843419679,1
"ENSG00000008952",1.41730187546673,1.15266955238784,1.20737572763056
"ENSG00000008988",1.29474907084628,1.29824944838202,1
"ENSG00000009307",1.23245942849473,1.05455550335311,1
"ENSG00000009335",1.24085857531816,1.21795507729261,1
"ENSG00000009413",1.11312051700955,1.12512545991405,1
"ENSG00000009694",1.16743629068753,1.11953992628163,1
"ENSG00000009780",1.30823222111554,1.23469144518535,1
"ENSG00000009790",1.18377071047129,1.31919777249876,1
"ENSG00000009830",1.27822433954621,1.12608471750337,1
"ENSG00000009844",1.0473008043483,1.10523656507162,1
"ENSG00000009954",1.25648734967031,1.19329705711611,1
"ENSG00000010017",1.11115068689691,1.16378595560563,1
"ENSG00000010030",1.42527305361253,1.20981781676575,1
"ENSG00000010072",1.33586826990004,1.25184036351375,1
"ENSG00000010165",1.40606125427227,1.21588314272964,1.13525489645903
"ENSG00000010219",1.54980502919017,1.33770753764815,1.20125240320082
"ENSG00000010244",1.15078369068614,1.08947776105417,1
"ENSG00000010256",1.20471661749599,1.02555834988555,1
"ENSG00000010270",1.1080854262579,1.0131732853261,1
"ENSG00000010278",1.21802229284593,1.08090448945838,1
"ENSG00000010292",1.24277385638841,1.04129037204241,1
"ENSG00000010295",1.10886243193495,1.09534027068298,1
"ENSG00000010318",1.41173111210783,1.20467664254445,1
"ENSG00000010322",1.17526088375239,1.12848309499914,1
"ENSG00000010327",1.19349657275035,1.0958599663764,1
"ENSG00000010361",1.94779044954269,1.36437124988155,1.65638428110846
"ENSG00000010404",1.86142891709151,1.34401835963659,1.64076392618661
"ENSG00000010539",1.43255276464079,1.41661256960994,1.07524706151339
"ENSG00000010626",1.420705645127,1.12697557357191,1
"ENSG00000010671",1.35538037491852,1.14620782267479,1
"ENSG00000010704",1.29768335582252,1.17888751872568,1
"ENSG00000010803",1.21758147220994,1.22943800477267,1
"ENSG00000010810",1.45156605024482,1.29701558342431,1.18768004531732
"ENSG00000010818",1.39700488212758,1.18553688804509,1.16343202320464
"ENSG00000011007",1.27741713382519,1.20259063133615,1
"ENSG00000011009",1.33123078238712,1.25486999810789,1
"ENSG00000011021",1.16019930429245,1.19482026068131,1
"ENSG00000011028",1.40363635238292,1.13189253994125,1.15462751696569
"ENSG00000011114",1.2316053999691,1.0303951322245,1
"ENSG00000011132",1.36604710272151,1.1702631518792,1.02616432133957
"ENSG00000011143",1.59951258992708,1.30222345376347,1.27070096793313
"ENSG00000011198",1.68158391932054,1.59466166580166,1.2970938835288
"ENSG00000011243",1.25109451462137,1.22698071911612,1
"ENSG00000011258",1.26999539825545,1.09104079251297,1
"ENSG00000011260",1.39391511330571,1.30778367278292,1.04507616025206
"ENSG00000011275",1.15753684959638,1.04049980794295,1
"ENSG00000011295",1.35527884950413,1.38387484765148,1
"ENSG00000011304",1.13113285576526,1.10378370233743,1
"ENSG00000011376",1.23034922040219,1.24365905750265,1
"ENSG00000011405",1.29209193410673,1.15686176234001,1
"ENSG00000011422",1.6468659508868,1.53299721615104,1.2625118276725
"ENSG00000011451",1.44278860840128,1.18546878044282,1
"ENSG00000011454",1.19861946981607,1.06482779788455,1
"ENSG00000011485",1.36283884171418,1.19834994969806,1
"ENSG00000011523",1.51017107356826,1.2642267045043,1.22110278089984
"ENSG00000011566",1.40138714499847,1.37284434524747,1
"ENSG00000011600",1.4156441077928,1.4726003154851,1
"ENSG00000011638",1.32810950839345,1.14748042312939,1
"ENSG00000012048",1.51430141429275,1.32092797290348,1.22575343173034
"ENSG00000012061",1.29808059189088,1.10729004954888,1
"ENSG00000012174",1.56343000506057,1.34768220216618,1.22806766640082
"ENSG00000012211",1.26785762229545,1.21048245029746,1
"ENSG00000012223",1.21035046621632,1.03189654265945,1
"ENSG00000012232",1.65262836557603,1.56085788057394,1.30174989682309
"ENSG00000012660",1.68177340321207,1.60042004527454,1.30759146122074
"ENSG00000012822",1.26733824633349,1.33342952875668,1
"ENSG00000012963",1.29708468769776,1.10524537295964,1
"ENSG00000012983",1.24643694632484,1.30586702303424,1
"ENSG00000013016",1.29341982879959,1.05251415320642,1
"ENSG00000013275",1.20247980187279,1.05889456458018,1
"ENSG00000013288",1.25180177461769,1.23925154176967,1
"ENSG00000013306",1.2113082922394,1.12892556136021,1
"ENSG00000013364",1.51915749613051,1.40753539031163,1.20356502034342
"ENSG00000013374",1.14257055687685,1.18727600400014,1
"ENSG00000013375",1.3478148043567,1.31065581809563,1
"ENSG00000013392",1.2730267846243,1.27851014202808,1
"ENSG00000013441",1.27427256419681,1.12561910955177,1
"ENSG00000013503",1.44349830482359,1.11627762960779,1.16328609480939
"ENSG00000013523",1.37026879326282,1.28028508936632,1
"ENSG00000013561",1.25728811528409,1.1688012205793,1
"ENSG00000013563",1.06292161104553,1.21328322253165,1
"ENSG00000013573",1.05887756603947,1.04892638934691,1
"ENSG00000013583",1.25366106066932,1.06150319620935,1
"ENSG00000013810",1.26099587906683,1.37947053159046,1
"ENSG00000014123",1.51560135526279,1.24943216581811,1.28789467203676
"ENSG00000014138",1.11758789821035,1.17328057996595,1
"ENSG00000014164",1.45021208316236,1.23706122102354,1.02208697379018
"ENSG00000014216",1.308337514574,1.19761781552921,1
"ENSG00000014257",1.28761097326048,1.27434417165453,1
"ENSG00000014641",1.43907247509838,1.3614367601787,1.14472049224167
"ENSG00000014824",1.40061183653673,1.19466298029927,1.1567798240099
"ENSG00000014914",1.56165709014796,1.24505551218318,1.26148943571012
"ENSG00000014919",1.11314060017836,1.13295170207097,1
"ENSG00000015133",1.04301765305135,1.22278782813341,1
"ENSG00000015153",1.18335149210985,1.06337892109149,1
"ENSG00000015171",1.31496134643463,1.30470957772415,1
"ENSG00000015285",1.73275097788607,1.39986140756794,1.44681877566524
"ENSG00000015475",1.4423967932455,1.45574061353392,1
"ENSG00000015479",1.38545148902463,1.28981967434608,1.07499770563135
"ENSG00000015532",1.16540244614574,1.20517628385644,1
"ENSG00000015676",1.23870245957043,1.17722889596344,1
"ENSG00000016864",1.52488778185215,1.1828323039746,1.30748489889928
"ENSG00000017260",1.26323134493925,1.22963150945761,1
"ENSG00000017483",1.48726138545409,1.14755674367206,1.16858272870594
"ENSG00000017797",1.40438750204193,1.34060797113207,1.06136260417959
"ENSG00000018189",1.2062371168819,1.31057574443459,1
"ENSG00000018280",1.36645039530501,1.48289325019227,1
"ENSG00000018510",1.41035992328935,1.29690168549393,1.1588195964773
"ENSG00000018610",1.44512773033863,1.20070683007092,1.12632327083323
"ENSG00000018699",1.48159252970402,1.32907259220327,1.13300507710582
"ENSG00000018869",1.1729584692786,1.30642139207349,1
"ENSG00000019485",1.25558113051905,1.15145822939298,1
"ENSG00000019582",1.20265209094717,1.15024476239946,1
"ENSG00000019991",1.40104842247053,1.09854604388243,1.09003114375797
"ENSG00000019995",1.11247630981525,1.23062549407102,1
"ENSG00000020129",1.109200836939,1.21151790884219,1
"ENSG00000020256",1.36696534919536,1.26967474507647,1
"ENSG00000020426",1.52902235441309,1.39793390400232,1.14959268328602
"ENSG00000020577",1.2262977609326,1.25971980052235,1
"ENSG00000020633",1.21733765693655,1.23079793107464,1
"ENSG00000020922",1.1060757699838,1.24156176141053,1
"ENSG00000021300",1.52900743844473,1.13261542808386,1.1449275699692
"ENSG00000021355",1.14440362900071,1.32475235493372,1
"ENSG00000021574",1.26407235726437,1.25831780101779,1
"ENSG00000021762",1.14655154366454,1.21891131073904,1
"ENSG00000021776",1.26280202806368,1.12412753142076,1
"ENSG00000022267",1.28953482839316,1.02461469704447,1
"ENSG00000022277",1.53389484192625,1.53190272315283,1.15353945446633
"ENSG00000022567",1.34731427668303,1.4378081391184,1
"ENSG00000022840",1.24770399845619,1.1060969215558,1
"ENSG00000022976",1.1877044816493,1.27047502072592,1
"ENSG00000023041",1.14506643052948,1.14426803629997,1
"ENSG00000023171",1.25530253492331,1.10158281596521,1
"ENSG00000023191",1.27841697161855,1.16272697937559,1
"ENSG00000023228",1.25841521123727,1.07080006864262,1
"ENSG00000023287",1.14055834009185,1.25609346407003,1
"ENSG00000023318",1.18879649299455,1.2000708250124,1
"ENSG00000023330",1.55625472600457,1.37615698109927,1.2723016753283
"ENSG00000023516",1.41762115861796,1.33024923523,1.12144508633746
"ENSG00000023572",1.51507395222805,1.25169662748606,1.15154180364135
"ENSG00000023608",1.15285872066478,1.28308063770507,1
"ENSG00000023697",1.29884146448367,1.15348519866387,1
"ENSG00000023734",1.29147827986919,1.30203887490925,1
"ENSG00000023839",1.35940021396459,1.38649097511776,1
"ENSG00000023892",1.23295105659306,1.29791796851467,1
"ENSG00000023902",1.67073284307609,1.28692719211893,1.42544470012087
"ENSG00000023909",1.08377673975355,1.13019586579413,1
"ENSG00000024048",1.65138568600701,1.47833591818839,1.35894319521099
"ENSG00000024862",1.39615336066516,1.29213111996189,1.08127574702037
"ENSG00000025039",1.50175635859598,1.52216709862817,1.09719947380056
"ENSG00000025156",1.50256491411769,1.32450415146514,1.11928251687936
"ENSG00000025293",1.07340386146723,1.25077503433169,1
"ENSG00000025434",1.1641546737852,1.08445145843249,1
"ENSG00000025708",1.26038892644934,1.28272042091968,1
"ENSG00000025770",1.03144258374002,1.05596476394294,1
"ENSG00000025772",1.44469166547141,1.15803650654167,1.09597594604126
"ENSG00000025796",1.31131586376339,1.25890061058702,1
"ENSG00000025800",1.19817590533329,1.01296219958107,1
"ENSG00000026025",1.52052945311288,1.25014732525624,1.28613811478574
"ENSG00000026103",1.47060877239252,1.31101863390899,1.2196647839855
"ENSG00000026297",1.28727804321114,1.34142234204889,1
"ENSG00000026508",1.13742368322532,1.13415471325195,1
"ENSG00000026652",1.2626165222667,1.07922680678386,1
"ENSG00000026751",1.02059230518518,1.24173353286337,1
"ENSG00000026950",1.22827004203944,1.11373921711046,1
"ENSG00000027001",1.49897311567059,1.29711012904619,1.08372302945534
"ENSG00000027075",1.4562112373845,1.32756075742582,1.1823135355391
"ENSG00000027697",1.22741691454941,1.29890580439335,1
"ENSG00000027847",1.05618594232448,1.24583931938772,1
"ENSG00000027869",1.14261145693217,1.26776138171963,1
"ENSG00000028116",1.07980073215338,1.24898465095434,1
"ENSG00000028137",1.31542214571309,1.3637420085516,1
"ENSG00000028203",1.44249085613286,1.43506939208608,1.07086035064672
"ENSG00000028277",1.27067862103668,1.13112331034459,1
"ENSG00000028310",1.07537392687268,1.22993779051812,1
"ENSG00000028528",1.17484331311747,1.22885335130847,1
"ENSG00000028839",1.13865910637857,1.13411657437404,1
"ENSG00000029363",1.10973162667934,1.12088538452787,1
"ENSG00000029364",1.18051795233984,1.15283758052194,1
"ENSG00000029534",1.21282024826484,1.06719701623432,1
"ENSG00000029639",1.2942031829026,1.23831349421619,1
"ENSG00000029725",1.19842770607275,1.23511495205359,1
"ENSG00000030066",1.23156745016237,1.23526386421355,1
"ENSG00000030110",1.22179942746535,1.09298536240333,1
"ENSG00000030419",1.11061057782308,1.21581509924032,1
"ENSG00000030582",1.24198457749118,1.25732264790089,1
"ENSG00000031003",1.08186820098213,1.10173002245356,1
"ENSG00000031081",1.10141495159273,1.20365737838076,1
"ENSG00000031698",1.22173359308463,1.11990900243024,1
"ENSG00000031823",1.21037638318866,1.17343232429359,1
"ENSG00000032219",1.21948025162402,1.33154098015056,1
"ENSG00000032389",1.08495828897804,1.18931686738518,1
"ENSG00000032444",1.57624257881912,1.10324405081017,1.35137029107067
"ENSG00000032742",1.23853115344943,1.01530931947363,1
"ENSG00000033011",1.59011483110984,1.27407938534149,1.31734069673081
"ENSG00000033030",1.3154209181211,1.17819360403159,1
"ENSG00000033050",1.36051060552859,1.31104427885208,1
"ENSG00000033100",1.31608090359365,1.26990190293201,1
"ENSG00000033170",1.14565195631966,1.30690536580568,1
"ENSG00000033178",1.28601610768057,1.14766032019999,1
"ENSG00000033327",1.6269281292062,1.58020877406048,1.21742524196069
"ENSG00000033627",1.49900225121081,1.28644107095088,1.25194825375158
"ENSG00000033800",1.41209433093123,1.43746011889195,1.0180306742606
"ENSG00000033867",1.41661517314083,1.33756667472003,1.10111132069862
"ENSG00000034053",1.41124459841159,1.22589827287241,1.13735956310797
"ENSG00000034152",1.38874395069849,1.19088023191746,1.12018521566147
"ENSG00000034510",1.26968224970936,1.26115661756438,1
"ENSG00000034533",1.10159666095671,1.17421556900081,1
"ENSG00000034677",1.33571429599108,1.16903836590389,1.0598593356479
"ENSG00000034693",1.48954827244733,1.37724560549894,1.10368555830682
"ENSG00000034713",1.07381275882099,1.12685346483219,1
"ENSG00000035115",1.45868768206822,1.23921506948519,1.19477370630839
"ENSG00000035141",1.32421472263749,1.34623118552208,1
"ENSG00000035403",1.2731233737251,1.15555709263966,1
"ENSG00000035681",1.2221382173595,1.19833493188797,1
"ENSG00000035687",1.48916619402761,1.08921663948889,1.29004710587709
"ENSG00000035862",1.63108347372646,1.44940184440464,1.2851306922774
"ENSG00000035928",1.49714606651118,1.25298341231489,1.27726285723232
"ENSG00000036054",1.17015128742285,1.13423390938218,1
"ENSG00000036257",1.30018472538086,1.30207893370317,1
"ENSG00000036448",1.45080972215366,1.12504563111006,1.02027471472709
"ENSG00000036549",1.46862929657756,1.38509206036301,1.11226663042289
"ENSG00000037474",1.29245026454431,1.22667429557294,1
"ENSG00000037637",1.28270113749647,1.1781573763725,1
"ENSG00000037749",1.19185136419902,1.24032488964777,1
"ENSG00000037757",1.27680089602605,1.12413795882643,1
"ENSG00000038002",1.39434534204706,1.26002289421133,1.08875559367522
"ENSG00000038210",1.26997914355836,1.29747819875737,1
"ENSG00000038219",1.50071107358901,1.51089058182273,1.14237073935843
"ENSG00000038274",1.28220995411241,1.12340709100771,1
"ENSG00000038358",1.14317478186894,1.10249042014349,1
"ENSG00000038382",1.12760202648516,1.19053872939099,1
"ENSG00000038427",1.3423288277171,1.07509965599119,1
"ENSG00000038532",1.4743272285495,1.05032417564302,1.26888303731465
"ENSG00000038945",1.52395493742149,1.09186456068072,1.15876023527429
"ENSG00000039068",1.36333870009027,1.05791481851473,1
"ENSG00000039123",1.43230534549327,1.27926707558864,1.17336460217761
"ENSG00000039319",1.46779430104449,1.45513187002962,1.10436865457629
"ENSG00000039523",1.47580222055406,1.16650052092364,1.2006400815514
"ENSG00000039650",1.40950962898297,1.14436570339571,1.1335628918949
"ENSG00000040199",1.29662707564192,1.15705481988145,1
"ENSG00000040275",1.43920055921556,1.37123257615401,1
"ENSG00000040341",1.41298838656822,1.05556759395048,1.19660646524976
"ENSG00000040487",1.23946295900092,1.25281663541323,1
"ENSG00000040531",1.16513048365882,1.09568264237544,1
"ENSG00000040633",1.35588262780452,1.33485614032316,1
"ENSG00000040933",1.43668529272471,1.10709312542515,1.21753218718625
"ENSG00000041357",1.05000538191141,1.23950462711151,1
"ENSG00000041802",1.2649169378682,1.25974960524481,1
"ENSG00000041988",1.24897185347571,1.09196177065163,1
"ENSG00000042088",1.319822656283,1.289914614704,1
"ENSG00000042286",1.16882086052956,1.19543061432319,1
"ENSG00000042317",1.43816268215648,1.30033802694754,1
"ENSG00000042429",1.29482282464519,1.13714449674703,1
"ENSG00000042445",1.07814423125292,1.07511866548017,1
"ENSG00000042493",1.20750757071057,1.03258549645076,1
"ENSG00000042753",1.22105309366473,1.08564843789252,1
"ENSG00000042832",1.52748559501564,1.44626929987572,1.0396281183903
"ENSG00000043093",1.16238921030183,1.10793630645007,1
"ENSG00000043143",1.10198607717529,1.17561427938792,1
"ENSG00000043462",1.40153496454808,1.32155357438883,1.13497785019302
"ENSG00000043514",1.4804038335081,1.29515986621096,1.21270302480933
"ENSG00000044090",1.24287394380491,1.06122107164388,1
"ENSG00000044115",1.24394616941611,1.1918454480219,1
"ENSG00000044446",1.45853058162032,1.29960909497496,1.21506043650597
"ENSG00000044459",1.22958940068718,1.1933406752812,1
"ENSG00000044574",1.05289726251187,1.17168469429292,1
"ENSG00000046647",1.57532711662173,1.32497980188259,1.23357475895848
"ENSG00000046651",1.21561873923251,1.25636724219829,1
"ENSG00000047056",1.13210833118699,1.13109522618949,1
"ENSG00000047188",1.30601519445005,1.26135742505746,1
"ENSG00000047230",1.48834263453143,1.24408787058393,1.16450336290676
"ENSG00000047249",1.22440182519252,1.10341906326158,1
"ENSG00000047315",1.3292187977062,1.08379544006536,1.05186144067315
"ENSG00000047346",1.13599979573946,1.16003099690247,1
"ENSG00000047365",1.36386588153374,1.24798543586096,1.10338971681991
"ENSG00000047410",1.05752802661697,1.20767011942304,1
"ENSG00000047578",1.86899706739356,1.34102967681087,1.61740322401407
"ENSG00000047579",1.09507226138887,1.21194228777399,1
"ENSG00000047597",1.18860450997732,1.04272491294317,1
"ENSG00000047621",1.31986760605321,1.31355580011218,1
"ENSG00000047634",1.3744348050364,1.25820529860689,1
"ENSG00000047644",1.51439152506936,1.34653919749841,1.24596412995517
"ENSG00000047648",1.36921881614131,1.07974217011375,1
"ENSG00000047849",1.15036887956043,1.23320952809273,1
"ENSG00000047932",1.40663791035583,1.27527632046897,1.13363006591931
"ENSG00000048028",1.23096832822848,1.25897769092475,1
"ENSG00000048052",1.12874829132045,1.22337605464618,1
"ENSG00000048140",1.12375410090171,1.21982112600779,1
"ENSG00000048162",1.45125863444152,1.3231264397751,1
"ENSG00000048392",1.40572472583208,1.4361983764472,1
"ENSG00000048405",1.3158514750864,1.22466146765725,1
"ENSG00000048471",1.06784703722427,1.08370268744061,1
"ENSG00000048544",1.37478105441867,1.1841648442627,1.02418561894821
"ENSG00000048649",1.25708688333196,1.03979943986861,1
"ENSG00000048707",1.18506338815693,1.02139083076095,1
"ENSG00000048740",1.50008227097571,1.37520909645926,1.24154327694624
"ENSG00000048828",1.41542050167117,1.36605349366429,1.09814035676852
"ENSG00000048991",1.18972785459028,1.35198244849945,1
"ENSG00000049089",1.50319182396531,1.14746016893197,1
"ENSG00000049167",1.39076646411653,1.34807667521221,1
"ENSG00000049192",1.4475937957663,1.30994071473875,1
"ENSG00000049239",1.37365580696377,1.1723540925181,1.05131105496322
"ENSG00000049245",1.35121310804526,1.33235769460994,1
"ENSG00000049246",1.27039374955404,1.32376388217123,1
"ENSG00000049249",1.30485657971467,1.44918404537559,1
"ENSG00000049323",1.35153540157504,1.10631472672948,1
"ENSG00000049449",1.29749577881015,1.27759121109126,1
"ENSG00000049541",1.1422636389983,1.25775585500324,1
"ENSG00000049618",1.15352746320167,1.08883121100188,1
"ENSG00000049656",1.17090114995485,1.11945893731158,1
"ENSG00000049759",1.09020628970767,1.12544766189248,1
"ENSG00000049769",1.33643087522743,1.22666032361154,1
"ENSG00000049860",1.15085046534581,1.18369135008275,1
"ENSG00000049883",1.41603603623702,1.33306904659293,1
"ENSG00000050130",1.28158831083305,1.22301960860158,1
"ENSG00000050344",1.42331962172865,1.25948994040128,1.02690221514663
"ENSG00000050393",1.14873652069262,1.22225620785252,1
"ENSG00000050405",1.41278246188927,1.33767837883117,1
"ENSG00000050426",1.27692828746695,1.28501243599814,1
"ENSG00000050438",1.36561894784212,1.20888128140831,1
"ENSG00000050748",1.13167539110211,1.2667603144701,1
"ENSG00000051009",1.51253259414134,1.29351096773447,1.24678432256098
"ENSG00000051108",1.15460430951627,1.32254668344139,1
"ENSG00000051128",1.1192503981705,1.28663979990376,1
"ENSG00000051341",1.37637200595203,1.23028600711294,1
"ENSG00000051382",1.55156420768958,1.26074667258867,1.34809334724496
"ENSG00000051523",1.47707895182726,1.35560980747898,1.16924772130882
"ENSG00000051596",1.44038820048739,1.26014834528552,1
"ENSG00000051620",1.65749387831167,1.37675707333886,1.42152639524418
"ENSG00000051825",1.37422254573519,1.35762748936873,1
"ENSG00000052126",1.46879766585192,1.25648992635932,1.03844595152472
"ENSG00000052723",1.28863147543547,1.22647847333209,1
"ENSG00000052795",1.52002069876099,1.25762223485113,1.27900694451157
"ENSG00000052802",1.54972209170766,1.37155317784979,1.2393363488494
"ENSG00000052841",1.25472626851431,1.24443494401859,1
"ENSG00000053254",1.46522927463909,1.27267098339151,1.24790977359654
"ENSG00000053371",1.31420843973866,1.18024811867941,1
"ENSG00000053372",1.38028940280413,1.2823113740182,1
"ENSG00000053501",1.37771425314752,1.25552266630518,1
"ENSG00000053524",1.34563796323422,1.17586062623322,1
"ENSG00000053770",1.14114937876864,1.12038471399879,1
"ENSG00000053900",1.32978777596024,1.29704993598643,1
"ENSG00000053918",1.20020513594239,1.30352164450161,1
"ENSG00000054116",1.18564941993141,1.17322126406507,1
"ENSG00000054118",1.17002299396497,1.21468593046989,1
"ENSG00000054148",1.38907527781636,1.30762064843727,1
"ENSG00000054219",1.44105902192358,1.23459775564143,1.21817546927119
"ENSG00000054267",1.26642481568856,1.28009708437442,1
"ENSG00000054277",1.3232691739522,1.24464001442187,1
"ENSG00000054282",1.23259612088336,1.20405345267006,1
"ENSG00000054392",1.35996506954737,1.21689755782163,1
"ENSG00000054523",1.40917397182101,1.36613641684278,1.04585146499888
"ENSG00000054611",1.25884234234306,1.24031474467935,1
"ENSG00000054654",1.32434802769867,1.19732934468479,1
"ENSG00000054793",1.20171112055876,1.18410838882804,1
"ENSG00000054965",1.23676955961618,1.1985141013361,1
"ENSG00000054967",1.59244567848518,1.34787069086581,1.32911231822826
"ENSG00000054983",1.21353706918192,1.12397097748364,1
"ENSG00000055044",1.33005787988006,1.39833264871903,1
"ENSG00000055070",1.16836042778749,1.17790858506997,1
"ENSG00000055118",1.34116539301816,1.15278714354054,1
"ENSG00000055130",1.51084538571348,1.31609473872965,1.27603293789863
"ENSG00000055147",1.35153671678521,1.23030858643491,1
"ENSG00000055163",1.20222723817067,1.13967777006897,1
"ENSG00000055208",1.41473977848318,1.30792464966887,1.15500894916793
"ENSG00000055211",1.08375204505523,1.22999972781305,1
"ENSG00000055332",1.22531721771073,1.23890296760256,1
"ENSG00000055483",1.06110758657125,1.18901765930653,1
"ENSG00000055609",1.41354670503317,1.2672657922362,1.175324285817
"ENSG00000055917",1.2266825193315,1.19935727048974,1
"ENSG00000055950",1.38536190568392,1.2884419448408,1.05926968369444
"ENSG00000056050",1.37880995953788,1.34960017345169,1
"ENSG00000056097",1.2879188908756,1.11766346232815,1
"ENSG00000056277",1.53128450651994,1.36532881727108,1.16860842676275
"ENSG00000056558",1.22910725327444,1.26381808378641,1
"ENSG00000056586",1.03887982797165,1.07463823186346,1
"ENSG00000056972",1.20456392058705,1.04790432487489,1
"ENSG00000057019",1.34673711724524,1.18288699866206,1
"ENSG00000057252",1.29117321820979,1.25083035564892,1
"ENSG00000057608",1.1381560887518,1.07683491279285,1
"ENSG00000057657",1.19645533389972,1.16902607525683,1
"ENSG00000057663",1.24182797652171,1.2389989418933,1
"ENSG00000057704",1.3057118900765,1.62540467041164,1
"ENSG00000057757",1.34876461919973,1.11625893189127,1.09750056347908
"ENSG00000057935",1.50723001477801,1.36510925853145,1.13313075504642
"ENSG00000058056",1.22653801669391,1.29017085122023,1
"ENSG00000058063",1.32216750309578,1.28877953978112,1
"ENSG00000058091",1.32975898607972,1.40636099328247,1
"ENSG00000058262",1.10679559364233,1.09732321509393,1
"ENSG00000058272",1.44127754092943,1.33898652221736,1.17113697702193
"ENSG00000058453",1.0510006004612,1.21350893561949,1
"ENSG00000058600",1.32320853480892,1.2964669461586,1
"ENSG00000058668",1.43317585780237,1.11438111676259,1.21166968040365
"ENSG00000058673",1.34915137338412,1.30526360494894,1
"ENSG00000058729",1.30984152003507,1.28034081725952,1
"ENSG00000058799",1.40977345361842,1.47278401623001,1
"ENSG00000058804",1.21300163336274,1.31993547464527,1
"ENSG00000058866",1.28121570189785,1.30134494439001,1
"ENSG00000059122",1.31637432050258,1.21731709115758,1
"ENSG00000059145",1.41672883684418,1.32147842480811,1.10266079134671
"ENSG00000059377",1.51566435041354,1.51594733026759,1.08166361295498
"ENSG00000059378",1.04398770235331,1.08406660394416,1
"ENSG00000059573",1.39947549259385,1.22793265275633,1.06475344392173
"ENSG00000059588",1.60514318236384,1.32048270723114,1.3517872553261
"ENSG00000059691",1.19985263528228,1.27802384200006,1
"ENSG00000059758",1.2781312948115,1.15925978675451,1
"ENSG00000059769",1.17451189052732,1.08956452940351,1
"ENSG00000059804",1.44560355478553,1.49557429375726,1
"ENSG00000060069",1.28862401807451,1.30802727782514,1
"ENSG00000060138",1.26760657602218,1.12594647978128,1
"ENSG00000060237",1.21961195057689,1.11674687448969,1
"ENSG00000060339",1.42089852622199,1.34235106004238,1.10232281117583
"ENSG00000060491",1.28786224508807,1.31624005685939,1
"ENSG00000060558",1.32127902855839,1.15686034418549,1
"ENSG00000060642",1.21963394450908,1.09495257972225,1
"ENSG00000060688",1.34742484199564,1.30439096875147,1
"ENSG00000060749",1.2862130249343,1.223137769512,1
"ENSG00000060762",1.28992304962408,1.10923256280659,1
"ENSG00000060971",1.21047711852455,1.34802241101146,1
"ENSG00000060982",1.28920020983952,1.04449580679454,1
"ENSG00000061273",1.44528943500945,1.21639494212859,1.2135881308532
"ENSG00000061676",1.26978542033639,1.25135480820399,1
"ENSG00000061794",1.41388867120266,1.31579541473982,1.06409702087655
"ENSG00000061918",1.18811289926916,1.04041894002562,1
"ENSG00000061936",1.18441427426838,1.03817710099612,1
"ENSG00000061938",1.35079588811834,1.16943727134818,1
"ENSG00000061987",1.14875646539031,1.06358415106281,1
"ENSG00000062194",1.14985220730376,1.12893723527719,1
"ENSG00000062282",1.25266892930137,1.68685578868703,1
"ENSG00000062485",1.37707460009565,1.16866972942394,1
"ENSG00000062524",1.20454945962084,1.20401849631941,1
"ENSG00000062598",1.18251876941446,1.17064995951849,1
"ENSG00000062650",1.11725628606479,1.17180824275119,1
"ENSG00000062716",1.73478260927892,1.51936798898839,1.39669963283398
"ENSG00000062725",1.2146840870372,1.05984635010627,1
"ENSG00000062822",1.44448934916927,1.21854108209038,1.14658609237693
"ENSG00000063046",1.43601936006692,1.26062868700249,1.18258442154226
"ENSG00000063127",1.24223372304539,1.20885630056699,1
"ENSG00000063176",1.16187446543805,1.12448686375063,1
"ENSG00000063177",1.40758613325756,1.26745285574172,1.11976530320789
"ENSG00000063241",1.21061351992478,1.27185920769102,1
"ENSG00000063244",1.22431797701319,1.15966419663411,1
"ENSG00000063245",1.58866343159558,1.24757327598158,1.29533039416884
"ENSG00000063322",1.21010069094003,1.18072321940467,1
"ENSG00000063587",1.30276857004481,1.23829079229195,1
"ENSG00000063601",1.27159090235965,1.14646008004373,1
"ENSG00000063761",1.43690684577263,1.17606553624232,1
"ENSG00000063854",1.1938966325345,1.05703565470181,1
"ENSG00000063978",1.12308121718288,1.19826002169702,1
"ENSG00000064012",1.80313990100994,1.43360121676737,1.54965153646621
"ENSG00000064102",1.3307600151124,1.34103627901981,1
"ENSG00000064115",1.15813109522329,1.25724663092662,1
"ENSG00000064201",1.16964323042786,1.17570397199793,1
"ENSG00000064313",1.25921989465944,1.21887130238882,1
"ENSG00000064393",1.22079613898239,1.08801003926503,1
"ENSG00000064419",1.2561891513941,1.25342714807029,1
"ENSG00000064490",1.13455177109344,1.19039104852392,1
"ENSG00000064545",1.65424746746148,1.25739885507401,1.28883733142854
"ENSG00000064547",1.72067402467498,1.41288516818077,1.43941798783893
"ENSG00000064601",1.30955619566753,1.21246536209369,1
"ENSG00000064607",1.02740208462667,1.23517470047452,1
"ENSG00000064651",1.43351417962115,1.3034412354259,1.10280639687716
"ENSG00000064652",1.40227361847503,1.20369295317665,1
"ENSG00000064666",1.58926380700627,1.35596311524932,1.33729582906491
"ENSG00000064687",1.58364553671224,1.29144376766061,1.37242910471558
"ENSG00000064703",1.35282225738748,1.18474423216807,1
"ENSG00000064726",1.28225551413573,1.23746882615252,1
"ENSG00000064763",2.13576042449527,1.37271511559961,1.8902768013388
"ENSG00000064932",1.65851974387717,1.46797688828877,1.34974922021039
"ENSG00000064933",1.42123405503028,1.34745160367783,1.0573779961313
"ENSG00000064961",1.19554730539656,1.02060111401315,1
"ENSG00000064989",1.54022553545054,1.25494638465324,1.14033134422031
"ENSG00000064995",1.21340052830199,1.26950066280456,1
"ENSG00000064999",1.43339903350301,1.32921453129436,1.06807711395734
"ENSG00000065000",1.12061968832714,1.14217971275831,1
"ENSG00000065029",1.28970329119727,1.29423172503512,1
"ENSG00000065057",1.34638616257972,1.27323632388333,1
"ENSG00000065060",1.14733533156093,1.17175398061468,1
"ENSG00000065135",1.43340525330485,1.31723233191556,1.15697477282043
"ENSG00000065150",1.48866336562595,1.36896230924941,1.19340185166438
"ENSG00000065154",1.26771547893297,1.12108396800545,1
"ENSG00000065183",1.54349434474849,1.21787768744476,1.31681471607322
"ENSG00000065243",1.57159384466958,1.34465552712194,1.34247088339043
"ENSG00000065268",1.18419031866548,1.21169631660386,1
"ENSG00000065308",1.16223766263184,1.16246414205818,1
"ENSG00000065413",1.48910577744629,1.38854609088531,1.23625465716627
"ENSG00000065427",1.31399027375211,1.22344848260668,1
"ENSG00000065457",1.3089133729461,1.08026520757068,1
"ENSG00000065485",1.19286082856826,1.1641408309171,1
"ENSG00000065491",1.32788167717108,1.04085817544231,1
"ENSG00000065518",1.43399529614597,1.20908062796669,1.17953744467328
"ENSG00000065526",1.68040415610632,1.33578117788719,1.47291579555698
"ENSG00000065534",1.31973877630685,1.17186826856875,1
"ENSG00000065548",1.25716399938029,1.26293319694655,1
"ENSG00000065559",1.42470496659175,1.53115879201054,1
"ENSG00000065600",1.26296878625956,1.32370883680944,1
"ENSG00000065613",1.50210496448832,1.22555276399022,1.30024711787716
"ENSG00000065615",1.68679888892444,1.50699935209616,1.36865052559137
"ENSG00000065665",1.77901392149622,1.3501629884083,1.5014758407261
"ENSG00000065675",1.41625780596443,1.3064925996078,1.12189828383325
"ENSG00000065802",1.14813421271766,1.25925122239399,1
"ENSG00000065809",1.54402092947479,1.21373522451212,1.35699839572407
"ENSG00000065882",1.71157540972883,1.44208509179342,1.43027441599311
"ENSG00000065883",1.16282387628589,1.13662264146626,1
"ENSG00000065911",1.03763859049145,1.27435187841334,1
"ENSG00000065923",1.17929618933231,1.17492256617215,1
"ENSG00000065970",1.40277662247917,1.18240269577204,1.05359841491194
"ENSG00000065978",1.33129322974365,1.09158142533725,1.07175659077108
"ENSG00000066027",1.39684971391223,1.27350918103089,1.12165501397349
"ENSG00000066044",1.28363099646515,1.18611601666304,1
"ENSG00000066084",1.60235249927081,1.52069179606321,1.28075911318872
"ENSG00000066117",1.15297742914531,1.16926829857944,1
"ENSG00000066135",1.19394965475288,1.17709091534529,1
"ENSG00000066136",1.45436748301497,1.38639027021279,1.14240745868737
"ENSG00000066279",1.28915849674126,1.20610542281168,1
"ENSG00000066294",1.19241283827401,1.2674935821905,1
"ENSG00000066322",1.28755950765939,1.25737451088172,1
"ENSG00000066336",1.78759918016592,1.50323885628425,1.45117255655148
"ENSG00000066422",1.21117685867151,1.16659046957936,1
"ENSG00000066427",1.15281662376473,1.19641699482714,1
"ENSG00000066455",1.08133257186349,1.13012116029677,1
"ENSG00000066557",1.4289487781564,1.33161632087805,1.07626415642734
"ENSG00000066583",1.13202658408888,1.09567377848349,1
"ENSG00000066651",1.51260014789475,1.39127513181871,1.15228367603163
"ENSG00000066654",1.29762900799904,1.22824729742496,1
"ENSG00000066697",1.29810963137518,1.31343627977795,1
"ENSG00000066739",1.30408477336377,1.09627252405882,1
"ENSG00000066777",1.20095925900275,1.16062425213142,1
"ENSG00000066827",1.40910236775239,1.21612479279749,1.14588100808261
"ENSG00000066855",1.23933418058655,1.30930517493512,1
"ENSG00000066926",1.08878239464212,1.08278693542733,1
"ENSG00000066933",1.50913152702873,1.3507353928426,1.22853524967368
"ENSG00000067057",1.3948394676202,1.24799018286329,1.13948606703057
"ENSG00000067064",1.23108109369757,1.08225303095172,1
"ENSG00000067066",1.21030961711791,1.29005986837428,1
"ENSG00000067082",2.0512483543808,1.48150161013799,1.75871257432984
"ENSG00000067113",1.44495422351256,1.34770668108604,1
"ENSG00000067141",1.20614089746207,1.17394259613249,1
"ENSG00000067167",1.30381021294503,1.21892191619098,1
"ENSG00000067182",1.66535710240787,1.52589405172273,1.32927031501338
"ENSG00000067191",1.14025366335899,1.26631008545003,1
"ENSG00000067208",1.3716831525031,1.24830919107571,1.01561876580065
"ENSG00000067221",1.36157289215661,1.19512332226575,1
"ENSG00000067225",1.28751985860396,1.09165901049684,1
"ENSG00000067248",1.44270812972045,1.25177295795789,1.21054087586775
"ENSG00000067334",1.24682670827283,1.19828008963504,1
"ENSG00000067365",1.39837245979105,1.17390608938781,1.08509005086444
"ENSG00000067369",1.17396448271238,1.12888879337815,1
"ENSG00000067533",1.56708180251478,1.36692723930767,1.23992816755233
"ENSG00000067560",1.51585099711762,1.34813893302686,1.23782670458576
"ENSG00000067596",1.26315788715617,1.28700302632749,1
"ENSG00000067606",1.13726761505361,1.34775513064924,1
"ENSG00000067704",1.32240298040408,1.2088589742279,1
"ENSG00000067829",1.23270452262605,1.10767814738592,1
"ENSG00000067836",1.31755165719134,1.13961195858857,1
"ENSG00000067840",1.30249708547344,1.20646881278947,1
"ENSG00000067900",1.37379319160509,1.26003932777758,1.11015207785324
"ENSG00000067955",1.38859922006787,1.21672771552451,1.15584081111218
"ENSG00000067992",1.46316893146677,1.50750916635824,1.035685246288
"ENSG00000068001",1.36083405940514,1.28726257019841,1
"ENSG00000068024",1.45289391692065,1.28626486044057,1.18941346711008
"ENSG00000068028",1.10073280748437,1.1533554695382,1
"ENSG00000068079",1.0560511919129,1.16293776314312,1
"ENSG00000068097",1.29302616167886,1.20935858387882,1
"ENSG00000068120",1.49836633464373,1.15373548153111,1.09508816755782
"ENSG00000068305",1.16656602838527,1.06865641644301,1
"ENSG00000068308",1.37946084043709,1.32618473714617,1
"ENSG00000068323",1.7018268098625,1.53234239486017,1.35337128904411
"ENSG00000068354",1.55500209243064,1.17683967841486,1.25945208062987
"ENSG00000068366",1.17339566473134,1.30592684578894,1
"ENSG00000068383",1.52643733236455,1.42354200435622,1.21338162545996
"ENSG00000068394",1.13073544760204,1.17526089679709,1
"ENSG00000068400",1.32175468056645,1.21870829964226,1
"ENSG00000068438",1.25336718711914,1.26078008293867,1
"ENSG00000068489",1.43131763814183,1.15937875027001,1
"ENSG00000068650",1.48911870288836,1.3460572852106,1.20803208802197
"ENSG00000068654",1.19927471173843,1.23610015931936,1
"ENSG00000068697",1.23939202258818,1.18286066075934,1
"ENSG00000068724",1.27639813681008,1.14540465047831,1
"ENSG00000068745",1.19467524855154,1.22752922382652,1
"ENSG00000068784",1.18807461192001,1.14642216176728,1
"ENSG00000068793",1.05019738848152,1.12327540286103,1
"ENSG00000068796",1.11646500254581,1.29086818008134,1
"ENSG00000068878",1.05558425701638,1.10749435350313,1
"ENSG00000068885",1.14142198566864,1.3395368637186,1
"ENSG00000068903",1.35437984770326,1.14331078753025,1
"ENSG00000068912",1.2513499018127,1.22888927206167,1
"ENSG00000068971",1.36567425365744,1.12491465374934,1.06184562377891
"ENSG00000068976",1.56069264509178,1.49554154612363,1
"ENSG00000069020",1.42027158231059,1.21408494859994,1.11550418210979
"ENSG00000069248",1.3838610655666,1.21708258275179,1.13867567244889
"ENSG00000069275",1.50504601402253,1.31236987971946,1.26096418293311
"ENSG00000069329",1.22712167026574,1.12784133645407,1
"ENSG00000069345",1.419573868416,1.07389719980335,1.19907854753213
"ENSG00000069399",1.81883248128833,1.4624772837416,1.45197392059928
"ENSG00000069424",1.02307813223414,1.13477530048355,1
"ENSG00000069509",1.5081782266447,1.18459733229337,1.1500099198045
"ENSG00000069667",1.40543304638177,1.36875364179783,1
"ENSG00000069702",1.2791902528154,1.3007288302039,1
"ENSG00000069712",1.62038262973576,1.18352442663446,1.31922177260088
"ENSG00000069849",1.46603336814599,1.23266407989249,1.21334267041261
"ENSG00000069869",1.32657942067393,1.14913321724406,1
"ENSG00000069943",2.34308874050205,1.40758752589215,2.08859055933895
"ENSG00000069956",1.30845401310231,1.30337089223538,1
"ENSG00000069966",1.13942683925964,1.23070745684585,1
"ENSG00000069974",1.47326529191045,1.4065077066873,1.15934151124249
"ENSG00000069998",1.46332248814959,1.22556483978746,1.22413958175453
"ENSG00000070010",1.53147455589983,1.20024750065584,1.30907458259582
"ENSG00000070018",1.51571251300177,1.17582054126405,1.12968585900763
"ENSG00000070047",1.21462934224512,1.03988933519892,1
"ENSG00000070061",1.30275634208627,1.21381729956969,1
"ENSG00000070081",1.31715040383653,1.3050972562122,1
"ENSG00000070087",1.64159544244898,1.25972202496472,1.24402330403169
"ENSG00000070182",1.17935821006003,1.08665028021291,1
"ENSG00000070190",1.55248797756439,1.30924575087023,1.31450360582089
"ENSG00000070214",1.32210701910196,1.05876936769894,1
"ENSG00000070269",1.11905906937703,1.26015389646279,1
"ENSG00000070366",1.13555956810162,1.1876504599328,1
"ENSG00000070367",1.29502777082667,1.16380231268431,1
"ENSG00000070371",1.2099568733133,1.24556020563862,1
"ENSG00000070413",1.63006507133467,1.40385224876793,1.36837458527187
"ENSG00000070423",1.23422399535963,1.20290592806703,1
"ENSG00000070444",1.42969308306551,1.31443067485283,1.02569150631264
"ENSG00000070476",1.36318189614357,1.25834740525722,1.06903028417742
"ENSG00000070495",1.48732017596921,1.24697932447385,1.25751852881934
"ENSG00000070501",1.36906948771118,1.2330504145666,1.04318456208236
"ENSG00000070540",1.3961537141807,1.30004940143631,1.02812613185985
"ENSG00000070610",1.55455322051491,1.29507625004555,1.30180218380107
"ENSG00000070614",1.50382489375935,1.36141782443785,1.19282765329492
"ENSG00000070669",1.48397206050895,1.27326494295719,1.19210673990122
"ENSG00000070718",1.62827929777292,1.29990257910537,1.37373991378447
"ENSG00000070731",1.69544069122097,1.64520393361506,1.2979861813939
"ENSG00000070756",1.27107414938028,1.21529332633531,1
"ENSG00000070759",1.17965274005609,1.35733064946364,1
"ENSG00000070761",1.20404253427784,1.15434216893817,1
"ENSG00000070770",1.28012042174231,1.25987899257244,1
"ENSG00000070785",1.39492540005583,1.37437961166427,1
"ENSG00000070814",1.09183263512625,1.18789246401393,1
"ENSG00000070831",1.33663050052848,1.28516004383086,1
"ENSG00000070882",1.32296776120622,1.33213539557793,1
"ENSG00000070950",1.49909176658877,1.28270739011777,1.18496725262106
"ENSG00000070961",1.43957313903317,1.29055438628096,1.2020329661332
"ENSG00000071051",1.20467153170417,1.20885286779515,1
"ENSG00000071054",1.44207040671374,1.46646368004446,1.06204378009685
"ENSG00000071073",1.34027028761196,1.24262431938972,1
"ENSG00000071082",1.02448001032719,1.29405696417499,1
"ENSG00000071127",1.60386695914686,1.33391458459899,1.36043955281436
"ENSG00000071189",1.31153771763018,1.33694967192201,1
"ENSG00000071205",1.15046156822401,1.28566367862084,1
"ENSG00000071242",1.26053681775369,1.09953882359091,1
"ENSG00000071243",1.26913122177987,1.15086522440653,1
"ENSG00000071246",1.3255916435629,1.17079013603646,1
"ENSG00000071462",1.43826871717483,1.23476766299953,1.17216222053451
"ENSG00000071537",1.12043266869567,1.31073217570048,1
"ENSG00000071553",1.18725236789305,1.3124556310239,1
"ENSG00000071564",1.31961705166576,1.14127035793105,1
"ENSG00000071626",1.11333097760783,1.25397783927543,1
"ENSG00000071655",1.17253076042691,1.21251998115449,1
"ENSG00000071794",1.37190890853064,1.27644792208647,1
"ENSG00000071859",1.25063095913333,1.1309827914576,1
"ENSG00000071889",1.16930023017942,1.20356869188758,1
"ENSG00000071894",1.35272201911084,1.14102175125679,1
"ENSG00000071967",1.24326568676032,1.18482280832865,1
"ENSG00000071994",1.29858874190111,1.27370499382625,1
"ENSG00000072042",1.29700972470608,1.19291142350599,1
"ENSG00000072062",1.60980154613656,1.38566861656782,1.28645789499696
"ENSG00000072110",1.57688737382814,1.47342400853938,1.26575771610191
"ENSG00000072121",1.22235852555228,1.12227744806313,1
"ENSG00000072135",1.32904661134967,1.03289365506453,1
"ENSG00000072210",1.35865365250517,1.27296844388619,1.03945580009425
"ENSG00000072274",1.19796796972777,1.1679832492297,1
"ENSG00000072310",1.27867790170197,1.18100774784811,1
"ENSG00000072364",1.16570781659043,1.17109463273068,1
"ENSG00000072401",1.70058688437883,1.33674962824895,1.47306739698049
"ENSG00000072415",1.34066139018213,1.31730277632169,1
"ENSG00000072422",1.56439458547607,1.20269507897709,1.24572338691087
"ENSG00000072501",1.08871386304909,1.13603769504656,1
"ENSG00000072506",1.39687034019882,1.20095293508425,1.10850497319815
"ENSG00000072518",1.68431083631982,1.35873372227499,1.41835177170213
"ENSG00000072609",1.5141942315416,1.34196521769041,1.22034019199353
"ENSG00000072736",1.23780299818654,1.17123884867472,1
"ENSG00000072756",1.34385826530408,1.24046519791496,1
"ENSG00000072778",1.06378150303204,1.0466788112627,1
"ENSG00000072786",1.38217461306283,1.2824550174403,1.09388441953094
"ENSG00000072803",1.03861603302773,1.12855123592118,1
"ENSG00000072849",1.38880979431954,1.14991659762984,1.15156111963949
"ENSG00000072858",1.08465757214304,1.22277783564438,1
"ENSG00000072864",1.6262371049376,1.37919114945438,1.37016782381137
"ENSG00000072952",1.63556095406213,1.55312504424766,1.25957684730716
"ENSG00000072954",1.24297337143826,1.24434019782716,1
"ENSG00000072958",1.2763889335951,1.19281729253211,1
"ENSG00000073008",1.52963662486065,1.20029547328621,1.22370516523265
"ENSG00000073009",1.57420128965943,1.41226431427821,1.18568604157995
"ENSG00000073050",1.2225953041826,1.15380862025844,1
"ENSG00000073060",1.22896056093979,1.16434536696359,1
"ENSG00000073111",1.22664050796062,1.18936696074307,1
"ENSG00000073150",2.01168730680529,1.71390001045494,1.46551777002019
"ENSG00000073169",1.2265227974448,1.21251356326729,1
"ENSG00000073331",1.63834672517031,1.5909642245631,1.23419569404176
"ENSG00000073350",1.17890504272482,1.26681725942227,1
"ENSG00000073417",1.40583306154024,1.27837772203955,1.12200039788968
"ENSG00000073464",1.26724450185567,1.30753750578714,1
"ENSG00000073536",1.35877819729289,1.23983369798537,1
"ENSG00000073578",1.31069460082399,1.18633043073947,1
"ENSG00000073584",1.30202621924579,1.26462727255834,1
"ENSG00000073605",1.19474458479608,1.19637215243099,1
"ENSG00000073614",1.23287304841778,1.31769153839668,1
"ENSG00000073737",1.68922507408259,1.35223336988173,1.44558029009929
"ENSG00000073756",1.04934729519206,1.41907412284772,1
"ENSG00000073792",1.30654868626023,1.0535723599923,1
"ENSG00000073849",1.08301668848302,1.20509725037633,1
"ENSG00000073905",1.18385734366765,1.24865472299174,1
"ENSG00000073910",1.59269004396812,1.51637605464636,1.25944332979437
"ENSG00000073921",1.49486056353029,1.50297281227785,1.0964070078126
"ENSG00000073969",1.29313265771645,1.01879807133299,1
"ENSG00000074054",1.24102271848926,1.19989251487641,1
"ENSG00000074071",1.41555133041643,1.21290550524021,1.15927318543849
"ENSG00000074201",1.40624380073562,1.38461460259963,1.07840793302755
"ENSG00000074266",1.20076030722463,1.27764608913155,1
"ENSG00000074276",1.14729586038132,1.18014251621486,1
"ENSG00000074319",1.23094065887241,1.3984993010055,1
"ENSG00000074356",1.04132192238054,1.21002598078005,1
"ENSG00000074370",1.43726512125077,1.20276902309773,1.21220189009455
"ENSG00000074416",1.26581635830834,1.05816750402069,1
"ENSG00000074582",1.46514531626702,1.31481947345543,1.05124014155283
"ENSG00000074603",1.1905274786523,1.22792778591211,1
"ENSG00000074621",1.49407269221481,1.28180694198012,1
"ENSG00000074657",1.34879482161754,1.24424611106209,1
"ENSG00000074660",1.42983820408143,1.26947007317759,1.11895833691846
"ENSG00000074695",1.18069071596983,1.2649528292922,1
"ENSG00000074696",1.46653590872047,1.32205985019202,1.14975860216869
"ENSG00000074706",1.0452661323185,1.20446304352481,1
"ENSG00000074755",1.40363657858851,1.25294163602577,1.15435052953452
"ENSG00000074800",1.27542506977594,1.07156860102594,1
"ENSG00000074842",1.06286472477353,1.2229241188341,1
"ENSG00000074855",1.23731604776293,1.24857376283555,1
"ENSG00000074935",1.65708756885951,1.36465640111077,1.35559737382293
"ENSG00000074964",1.2184596128247,1.13121460260638,1
"ENSG00000075089",1.07690761484795,1.30006357614989,1
"ENSG00000075131",1.17802943400532,1.36670053322594,1
"ENSG00000075142",1.26992958464688,1.13339664363179,1
"ENSG00000075151",1.25888246919354,1.17661445578182,1
"ENSG00000075188",1.26810266243773,1.31040604034272,1
"ENSG00000075223",1.11787104492595,1.2665186030162,1
"ENSG00000075239",1.20633335753027,1.33881849442892,1
"ENSG00000075240",1.19028017583524,1.10237262290988,1
"ENSG00000075275",1.29019657172279,1.1938784865035,1
"ENSG00000075292",1.23012482633155,1.016470929261,1
"ENSG00000075303",1.10710244310101,1.04634347427279,1
"ENSG00000075336",1.43194404269562,1.32915894751468,1
"ENSG00000075340",1.25085343995912,1.14121932054746,1
"ENSG00000075399",1.36240398724168,1.2715337531189,1
"ENSG00000075407",1.29417265070439,1.29753961619214,1
"ENSG00000075413",1.34434932177273,1.14913556764881,1.06554663527825
"ENSG00000075415",1.06760595986747,1.04821206106224,1
"ENSG00000075420",1.23658655787421,1.43979244163198,1
"ENSG00000075426",1.52808487354498,1.49328198437117,1.16360145386661
"ENSG00000075539",1.08325358104281,1.05357869230538,1
"ENSG00000075568",1.15025721434606,1.0940745873516,1
"ENSG00000075624",1.40240918126805,1.30611326705832,1.07820503950353
"ENSG00000075651",1.13398408964338,1.31378257319666,1
"ENSG00000075711",1.42280662291563,1.37381594454747,1
"ENSG00000075785",1.55544957662156,1.40235643133669,1.27095127231183
"ENSG00000075790",1.35133097997122,1.28922589918434,1
"ENSG00000075856",1.30732453160432,1.13175411381624,1
"ENSG00000075884",1.07351961001257,1.30624153767055,1
"ENSG00000075914",1.38220903351671,1.29364474064103,1
"ENSG00000075945",1.26865699064118,1.34905122452498,1
"ENSG00000075975",1.10451728374543,1.16099463648448,1
"ENSG00000076003",1.38136219679908,1.23864728665441,1.06272641857008
"ENSG00000076043",1.3938533823878,1.34433600120183,1
"ENSG00000076053",1.1982812133269,1.05459058647918,1
"ENSG00000076108",1.43622124153581,1.21644936599731,1.19874058302571
"ENSG00000076201",1.61289374432258,1.16109617555762,1.29589864050205
"ENSG00000076242",1.30154468601744,1.26163895713547,1
"ENSG00000076248",1.45609829688515,1.23680169235198,1.12397959295502
"ENSG00000076258",1.55131795716364,1.35520228397339,1.14409325514292
"ENSG00000076321",1.4083037599086,1.31416483380677,1.09165826649857
"ENSG00000076351",1.1631857112989,1.19006519635758,1
"ENSG00000076356",1.54607826119513,1.41340622797932,1.19838555583929
"ENSG00000076382",1.14053003248376,1.21415390879825,1
"ENSG00000076513",2.09961827938547,1.55952421893488,1.75099444999198
"ENSG00000076554",1.35800995886561,1.22564281814966,1
"ENSG00000076555",1.15345716992345,1.15862701344386,1
"ENSG00000076641",1.25480659285335,1.0752586395952,1
"ENSG00000076650",1.17038810757906,1.11379712141674,1
"ENSG00000076662",1.61750980446062,1.5329038750313,1.27362324153103
"ENSG00000076685",1.71803946406447,1.59252777671533,1.35960319659625
"ENSG00000076770",1.19144854051421,1.09471084438936,1
"ENSG00000076924",1.22544433457042,1.12780318906803,1
"ENSG00000076928",1.26601277545679,1.16275875805544,1
"ENSG00000076944",1.72692355929408,1.36625291894468,1.43094153004103
"ENSG00000076984",1.35536790157609,1.21020835749599,1.02318432075814
"ENSG00000077044",1.36224498106991,1.12093698261758,1.11892228932428
"ENSG00000077097",1.38945609797499,1.16928193994793,1.16044436673307
"ENSG00000077147",1.31280934503677,1.14019205131904,1
"ENSG00000077150",1.76546884921178,1.29568537571477,1.54174520328005
"ENSG00000077157",1.51021332485305,1.43132631231942,1.22742000965606
"ENSG00000077232",1.3181628189249,1.29819032181446,1
"ENSG00000077235",1.10992134167333,1.02254814341091,1
"ENSG00000077254",1.2688015969652,1.10945012341754,1
"ENSG00000077312",1.04034617794304,1.15488797790005,1
"ENSG00000077348",1.45482502752132,1.23582253405636,1.04353694852431
"ENSG00000077380",1.34437274340685,1.3472488332383,1
"ENSG00000077420",1.63104528733969,1.48440215147006,1.33309173477375
"ENSG00000077454",1.31241712913415,1.36134646595041,1
"ENSG00000077458",1.20473942224813,1.08881682320787,1
"ENSG00000077463",1.34490279419648,1.24441490090745,1
"ENSG00000077514",1.82497779917812,1.33120823438497,1.57382571287035
"ENSG00000077549",1.31852413880188,1.32409096054392,1
"ENSG00000077585",1.24002834188892,1.28965201296068,1
"ENSG00000077684",1.3667979831116,1.21617926971187,1.09608449214868
"ENSG00000077713",1.30968920728303,1.30227606081449,1
"ENSG00000077721",1.34140413777862,1.18309966223893,1
"ENSG00000077782",1.32030614240933,1.06059196359196,1
"ENSG00000077809",1.13017513582441,1.13869223288291,1
"ENSG00000078043",1.17669353618297,1.21335754546772,1
"ENSG00000078061",1.24238701480595,1.20516164817025,1
"ENSG00000078070",1.4841315038675,1.33014639371269,1.19089123273608
"ENSG00000078124",1.23295512449634,1.17645315490807,1
"ENSG00000078140",1.23326681797394,1.17163872868342,1
"ENSG00000078142",1.23645941742117,1.2278235073007,1
"ENSG00000078177",1.47042791049899,1.3144184358484,1.20655164082458
"ENSG00000078237",1.28548516676338,1.16846996668838,1
"ENSG00000078246",1.1768448346763,1.24575437571197,1
"ENSG00000078269",1.07043391442021,1.06615472544599,1
"ENSG00000078304",1.2153045570717,1.05399088475408,1
"ENSG00000078319",1.57260160223192,1.35890622481928,1.06096786073571
"ENSG00000078369",1.51937576846524,1.36124064639259,1.24741496995905
"ENSG00000078403",1.01666187088289,1.24357600354529,1
"ENSG00000078487",1.10049838530217,1.12951340056362,1
"ENSG00000078596",1.3034494674854,1.26139608801266,1
"ENSG00000078618",1.6794492190132,1.4808314930005,1.3620316282896
"ENSG00000078668",1.17431528079003,1.20655426321402,1
"ENSG00000078674",1.32667856279571,1.17947459842143,1
"ENSG00000078687",1.16445138276608,1.14517815426666,1
"ENSG00000078699",1.29231642336536,1.1753300298513,1
"ENSG00000078747",1.37349562478131,1.31555391320722,1.07549963443898
"ENSG00000078804",1.61734052513672,1.51747987709894,1.05030246453083
"ENSG00000078808",1.2925995548652,1.13375553879033,1
"ENSG00000078902",1.39705694903568,1.28895946864849,1.08092891443012
"ENSG00000078967",1.28464209058254,1.28695596677882,1
"ENSG00000079134",1.5826073264099,1.38022211009886,1.2930101990804
"ENSG00000079246",1.06407908369516,1.20725729742015,1
"ENSG00000079257",1.65889565160536,1.33949035201985,1.37416574352866
"ENSG00000079277",1.64568637041652,1.41864430074918,1.34830041534399
"ENSG00000079308",1.27590758780952,1.10475659236458,1
"ENSG00000079313",1.34993654744387,1.11461938867999,1
"ENSG00000079332",1.25851973341776,1.15534494106054,1
"ENSG00000079335",1.32520697721255,1.23025380989306,1
"ENSG00000079385",1.24477509864522,1.28718654921746,1
"ENSG00000079387",1.29932603487027,1.22241026748662,1
"ENSG00000079432",1.461185637611,1.20051249634092,1.13661044834593
"ENSG00000079435",1.0624470110777,1.0683456877173,1
"ENSG00000079459",1.22570956621994,1.1028984713581,1
"ENSG00000079462",1.21214519666386,1.17513051974369,1
"ENSG00000079482",1.34395060858299,1.1653521147965,1
"ENSG00000079616",1.34055180597871,1.26942040252737,1
"ENSG00000079691",1.3920013759248,1.18877127052799,1
"ENSG00000079739",1.25296845930353,1.28533206085205,1
"ENSG00000079785",1.53345561600231,1.39317248296739,1.25332926564649
"ENSG00000079805",1.49929824659076,1.35395191471113,1.21794722309908
"ENSG00000079819",1.26138822378289,1.21683729830128,1
"ENSG00000079950",1.5444280500608,1.37516506559265,1.27695274498616
"ENSG00000079999",1.29491433097711,1.1050120190913,1
"ENSG00000080189",1.24858911403653,1.06769898473715,1
"ENSG00000080200",1.44276396489114,1.21213242385989,1.18748651367951
"ENSG00000080298",1.27574733206936,1.04408053232637,1
"ENSG00000080345",1.1959445189789,1.17856706154337,1
"ENSG00000080371",1.20078755531214,1.27087244263376,1
"ENSG00000080493",1.63117059927171,1.28597922956733,1.27532399836495
"ENSG00000080503",1.23237953014342,1.13263018824515,1
"ENSG00000080546",1.243133935449,1.24268996023524,1
"ENSG00000080561",1.53782606562734,1.25197484775547,1.09628337730413
"ENSG00000080603",1.37520074670144,1.10000717680495,1.0911749940681
"ENSG00000080608",1.50525522125452,1.4220411917699,1.15018239719658
"ENSG00000080802",1.35164175383456,1.19620095574498,1.05798044065348
"ENSG00000080815",1.60538130305582,1.47460054540387,1.27408537269493
"ENSG00000080819",1.35259014338359,1.29766408179397,1
"ENSG00000080822",1.5253352070457,1.25073619635114,1.3045131874985
"ENSG00000080824",1.29576834297571,1.23143570925952,1
"ENSG00000080839",1.33181141865643,1.3927528177684,1
"ENSG00000080845",1.43511832130577,1.11614412011492,1
"ENSG00000080947",1.09801111635072,1.31263438660162,1
"ENSG00000080986",1.5192812471316,1.14162324268516,1.13242359539481
"ENSG00000081014",1.11551886046177,1.18117496327318,1
"ENSG00000081019",1.27922238406845,1.09036541546537,1
"ENSG00000081026",1.51087521123796,1.26244133512942,1.09681414323666
"ENSG00000081052",1.31724288047931,1.17720799554863,1
"ENSG00000081087",1.33801792187223,1.23128490886648,1
"ENSG00000081148",1.22156611710633,1.04199824054527,1
"ENSG00000081154",1.13483569601888,1.18669866042444,1
"ENSG00000081177",1.6659368720423,1.2756613315955,1.36108087997698
"ENSG00000081189",1.57285536757983,1.11310960041027,1.3639160263266
"ENSG00000081237",1.22209533328933,1.29140940174144,1
"ENSG00000081307",1.46240830271125,1.34167155376731,1.16107875086218
"ENSG00000081320",1.14414923062146,1.27986076803908,1
"ENSG00000081377",1.16642157461949,1.18268691263422,1
"ENSG00000081386",1.32261831828776,1.30450076093715,1
"ENSG00000081665",1.05710745281901,1.21675960689523,1
"ENSG00000081692",1.16382517304492,1.21923426807232,1
"ENSG00000081721",1.30070159141117,1.32041236063638,1
"ENSG00000081760",1.20845741217882,1.1114509427809,1
"ENSG00000081791",1.13957705469794,1.1007263451386,1
"ENSG00000081870",1.22392067747745,1.29601803272008,1
"ENSG00000081913",1.12902280377897,1.44222433058455,1
"ENSG00000082014",1.43493717447669,1.10403314106295,1.11441101775987
"ENSG00000082068",1.3543348388876,1.37425245426518,1
"ENSG00000082074",1.31457106667104,1.33065471467728,1
"ENSG00000082146",1.23163527667658,1.06347395417466,1
"ENSG00000082153",1.26199912445226,1.0627989940326,1
"ENSG00000082196",1.16505820343896,1.24686715599209,1
"ENSG00000082212",1.13163052694854,1.22822588177809,1
"ENSG00000082213",1.31159910181566,1.21748555558097,1
"ENSG00000082258",1.02071631756494,1.03960128809631,1
"ENSG00000082269",1.51768376709567,1.29777812139368,1.26203715213244
"ENSG00000082293",1.19284391435294,1.16067184639154,1
"ENSG00000082397",1.38751809203415,1.11088051513419,1.05853020455583
"ENSG00000082438",1.08955893785831,1.14280784198803,1
"ENSG00000082458",1.55260689886156,1.31030167276489,1.22758926452445
"ENSG00000082512",1.30830843417485,1.28277537174012,1
"ENSG00000082515",1.13735613586204,1.30704804023574,1
"ENSG00000082516",1.38179112661096,1.18907544058268,1.09776348539698
"ENSG00000082641",1.1254729071031,1.17413817822441,1
"ENSG00000082701",1.40662141091856,1.33704373516614,1.11158913609784
"ENSG00000082781",1.41793412420912,1.15298887797598,1.08608386675593
"ENSG00000082805",1.18190648651823,1.15689235831519,1
"ENSG00000082898",1.10136898287674,1.21928370771469,1
"ENSG00000082996",1.38179227720586,1.37306104731434,1
"ENSG00000083093",1.45154671342131,1.37783613786109,1.06314878165297
"ENSG00000083097",1.38495867208655,1.2222373239747,1.11663163959264
"ENSG00000083099",1.325184582591,1.25304137148423,1
"ENSG00000083123",1.54669994965592,1.39706298199123,1.15161226762836
"ENSG00000083168",1.31232343095607,1.38492288245005,1
"ENSG00000083223",1.87811348586153,1.53928985349311,1.55874412967732
"ENSG00000083290",1.45585882587087,1.327449905576,1.19054936667002
"ENSG00000083312",1.11084072223747,1.15426349640942,1
"ENSG00000083444",1.21083817560793,1.29962465064592,1
"ENSG00000083457",1.08469966883632,1.26862453018132,1
"ENSG00000083520",1.34283282964269,1.17563273350193,1.01465792049549
"ENSG00000083535",1.39288051334911,1.281447365407,1.05963930669977
"ENSG00000083544",1.48574067942749,1.3846436643779,1.13978513011345
"ENSG00000083642",1.2470103196231,1.07267442009482,1
"ENSG00000083720",1.51859968584852,1.34046202915677,1.17895639345507
"ENSG00000083750",1.25155071051131,1.23529004191909,1
"ENSG00000083799",1.2787406303546,1.15399449306228,1
"ENSG00000083807",1.46567712925224,1.20013221326898,1
"ENSG00000083814",1.13719763104112,1.17152220529761,1
"ENSG00000083817",1.41386065555323,1.29207077923787,1
"ENSG00000083828",1.43480099918576,1.37680399230989,1.16746542260893
"ENSG00000083838",1.24181913076185,1.1652163108413,1
"ENSG00000083844",1.11650443983269,1.09012729903194,1
"ENSG00000083845",1.29555394501422,1.26308181336487,1
"ENSG00000083937",1.21364334008266,1.21597767892034,1
"ENSG00000084070",1.45575064009988,1.41073735992293,1.13068691048054
"ENSG00000084072",1.35410688035659,1.25391331459723,1
"ENSG00000084073",1.24977832674096,1.24442105272867,1
"ENSG00000084090",1.32895738921111,1.27390316110943,1
"ENSG00000084092",1.42143082766364,1.27034299318423,1.14821766630153
"ENSG00000084093",1.39241666898139,1.15342962048169,1.16047009245896
"ENSG00000084112",1.45074725471641,1.3367604160516,1.13177919579552
"ENSG00000084207",1.27821004000133,1.16755120264704,1
"ENSG00000084234",1.2188973149779,1.26405141649851,1
"ENSG00000084444",1.46316834281548,1.26231304316205,1.06776622817165
"ENSG00000084463",1.04326622834977,1.39706239332081,1
"ENSG00000084623",1.3463328565318,1.30285687372494,1
"ENSG00000084652",1.18188357748144,1.20745965274574,1
"ENSG00000084676",1.52528610013463,1.46372789018909,1.21097871835807
"ENSG00000084693",1.29536166565479,1.18562236868993,1
"ENSG00000084731",2.12280631501517,1.53835750360339,1.72692368795827
"ENSG00000084733",1.28906526692163,1.21820072232501,1
"ENSG00000084754",1.32573852187598,1.07761730937195,1
"ENSG00000084774",1.2274533344057,1.21736135085739,1
"ENSG00000085063",1.17834427437663,1.31403195195153,1
"ENSG00000085117",1.41647752493967,1.42465457098265,1
"ENSG00000085185",1.65792653841385,1.32915946865168,1.26052073894222
"ENSG00000085224",1.20288997482295,1.03536594287458,1
"ENSG00000085231",1.27817596110527,1.35279014431169,1
"ENSG00000085274",1.05496956648545,1.14709330258462,1
"ENSG00000085365",1.39988414751879,1.09707970217585,1.17746709013795
"ENSG00000085377",1.25163851973306,1.36532505975855,1
"ENSG00000085382",1.48918979567817,1.35518529360407,1.16060901098646
"ENSG00000085415",1.43386370620959,1.31125420665736,1.11101128881898
"ENSG00000085433",1.24588319283347,1.23175869129893,1
"ENSG00000085449",1.19112746077023,1.06967781086333,1
"ENSG00000085465",1.52197972799539,1.18933413543532,1
"ENSG00000085491",1.30614906023274,1.16436106590384,1
"ENSG00000085511",1.36083671504618,1.31183351041072,1
"ENSG00000085514",1.82922351191335,1.51099772780587,1.46115017484667
"ENSG00000085563",1.37684511073685,1.27154647529156,1
"ENSG00000085644",1.17506757139051,1.33910042724046,1
"ENSG00000085662",1.59521618372623,1.28187246549551,1.36526738859436
"ENSG00000085719",1.31420523064009,1.04085138499935,1
"ENSG00000085721",1.43883424878265,1.24940769508787,1.17793894414548
"ENSG00000085733",1.34138517880359,1.148654695815,1
"ENSG00000085760",1.51118089793133,1.2896451884383,1.25270222496324
"ENSG00000085788",1.57774890589706,1.38004320973414,1.28614345176975
"ENSG00000085832",1.06544206621389,1.03472549267824,1
"ENSG00000085871",1.28286239108843,1.06992833366168,1
"ENSG00000085872",1.46057861731758,1.08585881353105,1.0435326889251
"ENSG00000085978",1.19755121408019,1.21235816206919,1
"ENSG00000085982",1.44132384517056,1.269918291531,1.13529933062675
"ENSG00000085998",1.3749148892078,1.37837706799673,1
"ENSG00000086015",1.27091315618471,1.18512137646481,1
"ENSG00000086061",1.21277911343896,1.03985390330638,1
"ENSG00000086062",1.38704510371739,1.24761543824456,1.10025579054823
"ENSG00000086065",1.30303010055436,1.05973253534694,1
"ENSG00000086102",1.1068087100959,1.24040865901701,1
"ENSG00000086189",1.43703053953636,1.31797320170367,1
"ENSG00000086200",1.10320347697597,1.29302656090169,1
"ENSG00000086232",1.27375114050793,1.05168713129434,1
"ENSG00000086300",1.58116598071121,1.39108107945303,1.29872766112684
"ENSG00000086475",1.60706808695863,1.3835763515816,1.30490252835737
"ENSG00000086504",1.19768758911032,1.25025113550598,1
"ENSG00000086506",1.20307002819351,1.04889412708702,1
"ENSG00000086544",1.04516762067862,1.24594954032537,1
"ENSG00000086589",1.10441280046047,1.27764191101985,1
"ENSG00000086598",1.18056723245941,1.04036209730626,1
"ENSG00000086619",1.08436405796367,1.05960124407753,1
"ENSG00000086666",1.34897405409335,1.15305200464824,1.09158228684078
"ENSG00000086712",1.63916130689031,1.28642226347739,1.38753993016306
"ENSG00000086730",1.28319731904871,1.46489734254241,1
"ENSG00000086758",1.17088073464263,1.12116785869587,1
"ENSG00000086827",1.42847726393641,1.25450316148004,1.15129748261516
"ENSG00000086848",1.34276869715192,1.28764218647055,1
"ENSG00000087008",1.14564933872291,1.13332608840722,1
"ENSG00000087053",1.45422531833675,1.3225916194768,1.10146530760086
"ENSG00000087074",1.95960950969565,1.43830664079534,1.66942549590374
"ENSG00000087077",1.37726201291252,1.17849202450432,1
"ENSG00000087086",1.39374615648368,1.3184027346161,1.07572777570589
"ENSG00000087087",1.25863603019296,1.07300115542252,1
"ENSG00000087088",1.10391658261383,1.1628551595284,1
"ENSG00000087095",1.16321094288062,1.18778242780961,1
"ENSG00000087111",1.10362845224319,1.1121321043433,1
"ENSG00000087152",1.5035100408223,1.32317001688813,1.24308100948314
"ENSG00000087157",1.35316132287808,1.36976171915966,1
"ENSG00000087191",1.33218602377933,1.16483387712631,1
"ENSG00000087206",1.61558184103786,1.37528687547037,1.36311051236304
"ENSG00000087253",1.57533766364189,1.4429948162057,1.2247011820558
"ENSG00000087263",1.36536175748086,1.255469205825,1
"ENSG00000087266",1.45576020917101,1.2283459592564,1.21652267155676
"ENSG00000087269",1.35227916188992,1.23223448704158,1
"ENSG00000087274",1.40839453410714,1.13373617919802,1.18754279941019
"ENSG00000087299",1.48073783223564,1.24887525286003,1
"ENSG00000087301",1.09165975824361,1.21831795090015,1
"ENSG00000087302",1.32499916651815,1.33390415476509,1
"ENSG00000087338",1.2667516659785,1.27761374912162,1
"ENSG00000087365",1.16131959262067,1.1836487435938,1
"ENSG00000087448",1.38151704743532,1.33372768404653,1
"ENSG00000087460",1.48532281042628,1.20164710094453,1.28045499956346
"ENSG00000087470",1.38237435253174,1.33141911706218,1.05295069917172
"ENSG00000087502",1.18277697216964,1.08150601616226,1
"ENSG00000087586",1.31261227834537,1.17003152422501,1
"ENSG00000087589",1.33659034631654,1.5289353965525,1
"ENSG00000087903",2.48102969322437,1.43374856511892,2.15282521540413
"ENSG00000087995",1.52478058187586,1.33131031215554,1.16197521199308
"ENSG00000088035",1.4684925031368,1.21125232345453,1.23778828084408
"ENSG00000088038",1.75102934712217,1.19689495123321,1.39854810817342
"ENSG00000088179",1.49898045264089,1.36752906667266,1.21090157084402
"ENSG00000088205",1.51616332749304,1.23470642721088,1.29368059763647
"ENSG00000088247",1.29634162765228,1.05086435071269,1
"ENSG00000088298",1.45922439005897,1.31618138500006,1.14578910386688
"ENSG00000088325",1.47258846824954,1.21427780840513,1
"ENSG00000088356",1.47652255543163,1.15568314503828,1.17100551484477
"ENSG00000088387",1.41718536296237,1.24168633478891,1.10384704170126
"ENSG00000088448",1.24098339203278,1.0937268406316,1
"ENSG00000088451",1.3413131194166,1.30355103000103,1
"ENSG00000088538",1.61814386411066,1.2288922210852,1.2037483869469
"ENSG00000088543",1.60603460829974,1.27681849325081,1.3035159922395
"ENSG00000088682",1.12574567605379,1.14968280445769,1
"ENSG00000088726",1.6064573600058,1.17509099494022,1.17432231809281
"ENSG00000088766",1.25468338407691,1.34916680778308,1
"ENSG00000088808",1.09377419094884,1.29872691174848,1
"ENSG00000088812",1.36331880189718,1.26022409921802,1.02592870829537
"ENSG00000088826",1.52212870823558,1.11680573962506,1.2490380245493
"ENSG00000088832",1.49257831451369,1.35440843332685,1.2200229390055
"ENSG00000088833",1.57202666148165,1.37817291282409,1.30371887330047
"ENSG00000088854",1.14427915262289,1.26878244940656,1
"ENSG00000088876",1.35021628014556,1.26951485064703,1
"ENSG00000088888",1.22615614120151,1.10946501700125,1
"ENSG00000088930",1.07510722226982,1.27235379895061,1
"ENSG00000088970",1.32587246685855,1.05612734905581,1
"ENSG00000088986",1.21160985313659,1.22039852301985,1
"ENSG00000088992",1.29274335549308,1.03800527773177,1
"ENSG00000089006",1.27069073661511,1.35908345918874,1
"ENSG00000089009",1.27181529267686,1.29130298338334,1
"ENSG00000089022",1.38364666787116,1.31053802147984,1.06051091741941
"ENSG00000089041",1.26128912631823,1.25777149266457,1
"ENSG00000089048",1.46847466667483,1.32333481427867,1.10349131955973
"ENSG00000089050",1.50472266031817,1.31912289824659,1.18703076407214
"ENSG00000089053",1.11372734029663,1.27589446314283,1
"ENSG00000089057",1.19572073413981,1.15977102066848,1
"ENSG00000089060",1.27691882227331,1.20968906339204,1
"ENSG00000089063",1.20327743685193,1.19136625693807,1
"ENSG00000089091",1.52635653265899,1.34804667098411,1
"ENSG00000089094",1.28475831428214,1.27060674987589,1
"ENSG00000089123",1.51366729588683,1.3588700898482,1.1826761587741
"ENSG00000089127",1.04838279964455,1.06894945201662,1
"ENSG00000089154",1.2288334502608,1.19530518569867,1
"ENSG00000089157",1.33414892960768,1.27339474219602,1
"ENSG00000089159",1.64261519845855,1.33158751820894,1.38128330452254
"ENSG00000089177",1.3895685448954,1.19124689643968,1.10344802439883
"ENSG00000089195",1.42846584856005,1.30968845354409,1.09791681946499
"ENSG00000089220",1.4017229479165,1.18474803386806,1.14647138726403
"ENSG00000089234",1.25602231919531,1.2764802703924,1
"ENSG00000089248",1.16847822639482,1.24072045043444,1
"ENSG00000089280",1.20426738508164,1.0467214151438,1
"ENSG00000089289",1.20831745736634,1.16558445825779,1
"ENSG00000089327",1.23469647070733,1.11029925391402,1
"ENSG00000089335",1.40539761021052,1.30271787254021,1.10232886975567
"ENSG00000089351",1.48229831432352,1.37054122859087,1.20445901474907
"ENSG00000089486",1.306946310517,1.05325018260432,1
"ENSG00000089505",1.53122734586991,1.50415297615383,1
"ENSG00000089597",1.21988726287297,1.06726655957321,1
"ENSG00000089639",1.65522272307014,1.3971704363782,1.38918679574975
"ENSG00000089682",1.27564505494306,1.34474098190922,1
"ENSG00000089693",1.44218386045797,1.41130606883782,1.00531476076105
"ENSG00000089737",1.29081949643892,1.16778353845801,1
"ENSG00000089775",1.41312310879157,1.28280455766518,1.04327714690042
"ENSG00000089818",1.2205944359397,1.2786711571502,1
"ENSG00000089820",1.04981837898136,1.15062110541174,1
"ENSG00000089876",1.52364626245259,1.26933566698481,1.2483025983777
"ENSG00000089902",1.46410915776079,1.39878181994445,1.12593429546624
"ENSG00000089916",1.12945276532644,1.10492931963311,1
"ENSG00000090006",1.3949922611368,1.26792086816629,1
"ENSG00000090013",1.04647174162817,1.01689992757731,1
"ENSG00000090020",1.60444553485724,1.27700016524083,1.1888690869388
"ENSG00000090054",1.19540362205336,1.27579305964489,1
"ENSG00000090060",1.22643979999295,1.23663303144788,1
"ENSG00000090061",1.4056566489648,1.03978317483909,1.15537951375363
"ENSG00000090097",1.67450399799353,1.3315360844021,1.29456673187833
"ENSG00000090238",1.41475944483623,1.30504845870405,1.1450331763974
"ENSG00000090263",1.13522761326003,1.37965502598385,1
"ENSG00000090266",1.15721049194394,1.34847036403364,1
"ENSG00000090273",1.31934871780925,1.09397541485011,1
"ENSG00000090316",1.51420797187717,1.49079736157065,1.14768599011007
"ENSG00000090339",1.49692633608855,1.36945439325888,1.17753512670566
"ENSG00000090372",1.65498856371934,1.30028167958741,1.40619405735096
"ENSG00000090376",1.14291854497724,1.27610705157511,1
"ENSG00000090382",1.11182744420414,1.14831513069479,1
"ENSG00000090432",1.02801972650993,1.24037517352521,1
"ENSG00000090447",1.50347470723595,1.24497253747103,1.14186071786571
"ENSG00000090470",1.37712564587288,1.32774598548125,1
"ENSG00000090487",1.32475711023106,1.4057488622888,1
"ENSG00000090520",1.12620939598368,1.18563930151911,1
"ENSG00000090565",1.12718314826323,1.21066279003382,1
"ENSG00000090581",1.13269920748002,1.08596990477482,1
"ENSG00000090612",1.27418851557972,1.256031192069,1
"ENSG00000090615",1.12137399203079,1.08725369286947,1
"ENSG00000090621",1.35862332717448,1.23953967343143,1.06277678568704
"ENSG00000090661",1.09779339919048,1.1467371146924,1
"ENSG00000090674",1.10924820804971,1.13444877966703,1
"ENSG00000090686",1.31910581597767,1.16793588561211,1
"ENSG00000090776",1.09932495636014,1.19721089481952,1
"ENSG00000090857",1.19502355626663,1.15827905057066,1
"ENSG00000090861",1.35490038621545,1.15678663389201,1.05153012661188
"ENSG00000090863",1.23380713526668,1.06920803024718,1
"ENSG00000090905",1.26611310887429,1.23326643352581,1
"ENSG00000090920",1.18184791748772,1.18629036681286,1
"ENSG00000090924",1.09368075990499,1.30392249249987,1
"ENSG00000090975",1.07336118230281,1.19159855053942,1
"ENSG00000090989",1.08291366940463,1.21866115030378,1
"ENSG00000091009",1.3148307509775,1.0607700642984,1
"ENSG00000091039",1.24371195748932,1.28143400857848,1
"ENSG00000091073",1.60341987764441,1.33497807092986,1.18054437503786
"ENSG00000091106",1.04674161655845,1.29507127125835,1
"ENSG00000091127",1.15747073889567,1.31761747485342,1
"ENSG00000091140",1.0965669511033,1.00910865931898,1
"ENSG00000091157",1.40732921590825,1.24080369751079,1.154713147713
"ENSG00000091164",1.19156341133552,1.1339682191288,1
"ENSG00000091317",1.73982038642617,1.46931456967769,1.42267716556765
"ENSG00000091409",1.40206615866791,1.17781486980457,1.13558182485299
"ENSG00000091436",1.24560639515787,1.11084560626863,1
"ENSG00000091483",1.46848374080831,1.24618875736043,1.20632172706467
"ENSG00000091490",1.09341007977766,1.23192208678757,1
"ENSG00000091527",1.08881412912749,1.1401352106818,1
"ENSG00000091542",1.1560051016652,1.08536598585042,1
"ENSG00000091592",1.33060692721066,1.27301084640709,1
"ENSG00000091640",1.05486227188383,1.25806493021137,1
"ENSG00000091732",1.06346001141269,1.29899855906687,1
"ENSG00000091947",1.31522834929127,1.20098446774987,1
"ENSG00000091972",1.13063004241728,1.17910406159023,1
"ENSG00000092010",1.21874831434966,1.22318187662223,1
"ENSG00000092020",1.4396206834761,1.17216369701769,1.21920341830664
"ENSG00000092036",1.45061158660272,1.34507523967451,1.09765545846464
"ENSG00000092067",1.51227283326191,1.12398217093362,1.14936911367831
"ENSG00000092094",1.32225395070393,1.19232635649787,1
"ENSG00000092098",1.2898041638408,1.25526778805195,1
"ENSG00000092108",1.16296270986309,1.18532215796985,1
"ENSG00000092140",1.23233608750987,1.26754617081675,1
"ENSG00000092148",1.2458264065481,1.16783158798744,1
"ENSG00000092199",1.14564451832039,1.21742063341673,1
"ENSG00000092200",1.25733388835556,1.4612356605305,1
"ENSG00000092201",1.36636575063799,1.15879395381086,1.12027640476076
"ENSG00000092203",1.05560487626321,1.35791114072528,1
"ENSG00000092208",1.42714171941259,1.45388774752511,1
"ENSG00000092330",1.25884916709579,1.26158773907967,1
"ENSG00000092439",1.3441123389649,1.33798613134284,1
"ENSG00000092470",1.35908495156056,1.41817211362145,1
"ENSG00000092529",1.31751446383055,1.13642143027535,1
"ENSG00000092531",1.6247452058692,1.45417084891881,1.31883548009243
"ENSG00000092758",1.26080904206529,1.34856642576211,1
"ENSG00000092820",1.20399740506711,1.15812970279937,1
"ENSG00000092841",1.24740458561414,1.02303981576587,1
"ENSG00000092847",1.29788474578591,1.23170384726436,1
"ENSG00000092871",1.41534343894451,1.35762068534251,1.106741265398
"ENSG00000092929",1.54084517274495,1.350592438797,1.29146960236433
"ENSG00000092931",1.45765626398603,1.07145298784799,1.23071518205499
"ENSG00000092964",1.29185049913794,1.18499099481384,1
"ENSG00000092978",1.50392468934521,1.32401500832663,1.23428042858969
"ENSG00000093000",1.7260132319376,1.4281418543884,1.46917802903447
"ENSG00000093010",1.34179920281953,1.12973811589002,1
"ENSG00000093072",1.05771347460439,1.14268976278177,1
"ENSG00000093144",1.32201325313474,1.22053505317797,1
"ENSG00000093167",1.52494248428454,1.23312273671635,1.29510176136265
"ENSG00000093183",1.40064903281019,1.29980678989618,1.09106798912754
"ENSG00000094631",1.14023215807,1.09450088851518,1
"ENSG00000094841",1.38564170095739,1.32817592500203,1
"ENSG00000094880",1.56096719377994,1.25844507642877,1.33871194553127
"ENSG00000094914",1.17807414600094,1.26473122851646,1
"ENSG00000094916",1.12560178887689,1.23042156779185,1
"ENSG00000094975",1.15675615644469,1.17878063349785,1
"ENSG00000095002",1.38884094315239,1.31522300808554,1
"ENSG00000095015",1.13405680310812,1.198132199721,1
"ENSG00000095059",1.12646113510376,1.18320633839848,1
"ENSG00000095066",1.07543360906408,1.09684753020119,1
"ENSG00000095139",1.14408557825669,1.18911082582103,1
"ENSG00000095209",1.2577475773593,1.3421681420983,1
"ENSG00000095261",1.48441239234844,1.22926987708946,1.25345781927657
"ENSG00000095303",1.34599750929435,1.13101774120577,1.05497271829331
"ENSG00000095319",1.11235286311492,1.20777811880255,1
"ENSG00000095321",1.5463613670538,1.14534245779082,1.17079672260074
"ENSG00000095370",1.62868349498608,1.35029153294952,1.38607333315459
"ENSG00000095380",1.32013148389773,1.13939834706022,1
"ENSG00000095383",1.21692644663853,1.23321517490686,1
"ENSG00000095485",1.16199593228003,1.03922758771617,1
"ENSG00000095564",1.39062525549145,1.22605802911834,1.14395449279147
"ENSG00000095574",1.181661983599,1.14212197080595,1
"ENSG00000095585",1.16920566765636,1.19035675144453,1
"ENSG00000095787",1.5452815453386,1.40348613901509,1.26635623027202
"ENSG00000095794",1.40641804989204,1.09647677254589,1.05994560505639
"ENSG00000095906",1.34024953673835,1.16540239215683,1
"ENSG00000095951",1.70610728990451,1.35203823303523,1.49775509501578
"ENSG00000096060",1.20963873443059,1.15425756073187,1
"ENSG00000096063",1.33693089466226,1.41974742101597,1
"ENSG00000096070",1.40878571483376,1.26605603685517,1.12432100014056
"ENSG00000096080",1.17514004706264,1.21709821834533,1
"ENSG00000096092",1.60852918694661,1.44315095305197,1.11775597606045
"ENSG00000096093",1.94641120054233,1.20902636625241,1.71125379191888
"ENSG00000096384",1.30699192240504,1.21178493550177,1
"ENSG00000096401",1.04016685712697,1.17205355327753,1
"ENSG00000096433",1.14049206551529,1.20720184844538,1
"ENSG00000096654",1.35327646657568,1.29812847706268,1
"ENSG00000096717",1.41236973334506,1.10856342733641,1.19540684497616
"ENSG00000096746",1.12976359488317,1.13017646497139,1
"ENSG00000096872",1.44357704862179,1.37166853642436,1
"ENSG00000096968",1.22982267499439,1.15398712337438,1
"ENSG00000096996",1.21605202642954,1.11585736995848,1
"ENSG00000097007",1.09313734440732,1.20071113755225,1
"ENSG00000097033",1.44641799110398,1.40138710000453,1.10990979391783
"ENSG00000097046",1.32043304917492,1.25291383443964,1
"ENSG00000097096",1.58551359319573,1.29100765517167,1.16085805655304
"ENSG00000099139",1.3284632811427,1.03436287615019,1
"ENSG00000099203",1.05882577432478,1.05364094644964,1
"ENSG00000099204",1.39489393539332,1.20240179658775,1.10644868296305
"ENSG00000099219",1.03253991450465,1.18005683709626,1
"ENSG00000099246",1.20036091119288,1.2073538814271,1
"ENSG00000099251",1.18357619600525,1.15575379455244,1
"ENSG00000099290",1.42712538108686,1.11883553862267,1
"ENSG00000099308",1.63191353985152,1.3688793189182,1.37363853802751
"ENSG00000099326",1.28749314882754,1.12101443151646,1
"ENSG00000099331",1.54743691585344,1.35275954389712,1.29740584441586
"ENSG00000099337",1.06884836978979,1.1751177995748,1
"ENSG00000099338",1.18072204721841,1.0806200145748,1
"ENSG00000099341",1.21381410147105,1.1586319719349,1
"ENSG00000099364",1.29312947488355,1.08678475838027,1
"ENSG00000099381",1.41475658831409,1.22201431443461,1
"ENSG00000099385",1.26971393038275,1.32876928127926,1
"ENSG00000099622",1.32238812259447,1.13895713287872,1.02537840120628
"ENSG00000099624",1.38781975678995,1.18856421301481,1
"ENSG00000099783",1.24866548735097,1.12848049502134,1
"ENSG00000099785",1.24052265493934,1.13738243928619,1
"ENSG00000099795",1.3249111679398,1.29055802375637,1
"ENSG00000099797",1.10927869378199,1.25958611745933,1
"ENSG00000099800",1.24067032444234,1.25479988899694,1
"ENSG00000099804",1.12136063589938,1.10459197526389,1
"ENSG00000099810",1.47188313174138,1.31644841559999,1.16213372647801
"ENSG00000099817",1.06977062472699,1.18397810784606,1
"ENSG00000099821",1.27477898240963,1.18151012291068,1
"ENSG00000099849",1.03987143318691,1.1956088102113,1
"ENSG00000099860",1.3747457941418,1.23400341672624,1
"ENSG00000099875",1.61308189345965,1.42374809309025,1.35085916197965
"ENSG00000099889",1.21197016837886,1.2521010671906,1
"ENSG00000099899",1.35328462191277,1.2436966642308,1
"ENSG00000099901",1.50768084372724,1.29295655037657,1.2023274844243
"ENSG00000099904",1.22497357374306,1.19362528959627,1
"ENSG00000099910",1.07518149163204,1.11800411825715,1
"ENSG00000099917",1.43992313050504,1.04749220598316,1.20480172212578
"ENSG00000099940",1.09379537865512,1.20348872528098,1
"ENSG00000099942",1.21502729511147,1.25757632083574,1
"ENSG00000099949",1.04107064387755,1.24901794438709,1
"ENSG00000099956",1.09416171346694,1.1578398909069,1
"ENSG00000099968",1.30455732497914,1.06142120778944,1
"ENSG00000099977",1.07365592054405,1.19889127365591,1
"ENSG00000099991",1.4087145806267,1.08957174568685,1.1748720919069
"ENSG00000099992",1.27586556024823,1.14647928663574,1
"ENSG00000099995",1.35623935346811,1.22943802922714,1.04879802017001
"ENSG00000099999",1.25514630632761,1.05155424189216,1
"ENSG00000100014",1.06155008696195,1.07141281808751,1
"ENSG00000100023",1.04320676233387,1.16243373107818,1
"ENSG00000100027",1.30227681819095,1.25933097904197,1
"ENSG00000100028",1.3271500324475,1.25006744651249,1
"ENSG00000100029",1.30665527534878,1.20876494155988,1
"ENSG00000100030",1.92525329192257,1.56460935635016,1.57710936532906
"ENSG00000100031",1.24894659978791,1.25791243187347,1
"ENSG00000100034",1.42206250228258,1.37630468209264,1.08185296413052
"ENSG00000100038",1.06266863537415,1.15041876255811,1
"ENSG00000100055",1.61058407686816,1.49254249939295,1.27261934963119
"ENSG00000100056",1.39819812178648,1.32825385151214,1.00630687646441
"ENSG00000100058",1.17094420189342,1.17644292980331,1
"ENSG00000100060",1.26156096529249,1.02057170936625,1
"ENSG00000100068",1.37319256169626,1.04094013905335,1
"ENSG00000100075",1.33710178071225,1.09467502385843,1
"ENSG00000100077",1.17932042816904,1.16311100886746,1
"ENSG00000100079",1.28489051369006,1.18186639967559,1
"ENSG00000100083",1.12305525227766,1.08091516440868,1
"ENSG00000100084",1.29853372680429,1.27792662634722,1
"ENSG00000100092",1.402319008586,1.094244123654,1.11148835089204
"ENSG00000100097",1.31668031473132,1.20682773704896,1
"ENSG00000100099",1.32972343091866,1.23824946002629,1
"ENSG00000100101",1.28195698946288,1.1908866235028,1
"ENSG00000100104",1.2568466001491,1.08066767121733,1
"ENSG00000100105",1.29301514291164,1.18498278490615,1
"ENSG00000100106",1.67887590908856,1.38305151512234,1.36504542498183
"ENSG00000100109",1.08102294921453,1.19552670199104,1
"ENSG00000100124",1.40406410741,1.25957821718213,1
"ENSG00000100129",1.44130152803837,1.24495712967798,1.20228092987696
"ENSG00000100138",1.5265054367105,1.22921053230281,1.31667720554188
"ENSG00000100139",1.23959843002242,1.07170283393177,1
"ENSG00000100142",1.2359820648333,1.08382683880449,1
"ENSG00000100147",1.41966855449087,1.35747530428338,1
"ENSG00000100151",1.09265038679794,1.08960088893061,1
"ENSG00000100154",1.46281778990127,1.22668761894205,1
"ENSG00000100181",1.20524008789992,1.11546012962637,1
"ENSG00000100201",1.46702079468177,1.28815581569638,1.22699469776603
"ENSG00000100207",1.32175411337709,1.27489878639215,1
"ENSG00000100209",1.4430935289895,1.359087474519,1
"ENSG00000100211",1.39467837088833,1.12800593067301,1
"ENSG00000100216",1.34557925162094,1.27708586942508,1
"ENSG00000100219",1.33102500303216,1.18385087455844,1.03392927971808
"ENSG00000100220",1.44575674149973,1.26744497807742,1.19054242894101
"ENSG00000100221",1.29859062733273,1.03695737628808,1
"ENSG00000100225",1.21465053663198,1.01314473676645,1
"ENSG00000100226",1.5457705522621,1.36319563089536,1.27247205759261
"ENSG00000100227",1.0900068841364,1.1688626373007,1
"ENSG00000100239",1.23528186748558,1.12862928078916,1
"ENSG00000100241",1.22039116899664,1.03155912622274,1
"ENSG00000100242",1.10602079414108,1.06020885278408,1
"ENSG00000100243",1.362410472556,1.13807464599912,1
"ENSG00000100246",1.18349020659674,1.23449277385237,1
"ENSG00000100258",1.24771761726359,1.14984605114522,1
"ENSG00000100263",1.33073298227368,1.16312083662002,1
"ENSG00000100266",1.50383771870782,1.52471135703771,1.10167436488738
"ENSG00000100271",1.66601111167483,1.32317615278201,1.29545009588199
"ENSG00000100280",1.13957835135739,1.09937562343321,1
"ENSG00000100281",1.17376398296736,1.17249377305303,1
"ENSG00000100284",1.38886321778523,1.34873760857532,1
"ENSG00000100292",1.31471972101739,1.07607354845062,1
"ENSG00000100294",1.27755565193023,1.08599653902275,1
"ENSG00000100296",1.74269020523128,1.53248530709032,1.40539137704641
"ENSG00000100297",1.39525655188363,1.10941527362152,1.14196615459144
"ENSG00000100299",1.52118518675146,1.30207483532463,1.18147771603562
"ENSG00000100300",1.28004291211913,1.28123030345212,1
"ENSG00000100304",1.17804099477544,1.11401591805765,1
"ENSG00000100307",1.10837091836777,1.29832753136481,1
"ENSG00000100316",1.29218163285405,1.31197788404303,1
"ENSG00000100319",1.21248655985121,1.26273513886793,1
"ENSG00000100324",1.14549755137837,1.25832298333313,1
"ENSG00000100325",1.17719747092942,1.10415886555158,1
"ENSG00000100330",1.68252399098213,1.48449446717535,1.35869309297317
"ENSG00000100335",1.41015130628848,1.23113539567435,1.13152777267241
"ENSG00000100342",1.45646478757256,1.24235893420384,1.17004691270217
"ENSG00000100345",1.38202293931544,1.24597072881335,1.10430840848429
"ENSG00000100346",1.21368769906118,1.13396991735781,1
"ENSG00000100347",1.40521875141666,1.26044010101133,1.11799757171562
"ENSG00000100348",1.38416969935991,1.08508550006033,1
"ENSG00000100353",1.39169925703251,1.23059376106945,1.14901595225929
"ENSG00000100354",1.34684608020724,1.23980676040624,1.07316293888145
"ENSG00000100359",1.14844051391105,1.15570746409602,1
"ENSG00000100360",1.18344425544564,1.24750338222377,1
"ENSG00000100364",1.27362118629702,1.07225385286395,1
"ENSG00000100365",1.61382349964743,1.62576864079071,1.1339514355445
"ENSG00000100368",1.62707030755874,1.56694119870128,1.21017582895533
"ENSG00000100372",1.30757424203405,1.29227180076465,1
"ENSG00000100376",1.23932651504055,1.10483261014003,1
"ENSG00000100379",1.59409702565831,1.2836493689116,1.25485179903993
"ENSG00000100380",1.19935552103925,1.19678396633716,1
"ENSG00000100387",1.04887962611759,1.29651457956095,1
"ENSG00000100393",1.55720813542108,1.23529421692995,1.35316165512123
"ENSG00000100395",1.16370437152653,1.18595798512918,1
"ENSG00000100401",1.17652497363272,1.13364421091834,1
"ENSG00000100403",1.03800374167102,1.24402539112857,1
"ENSG00000100410",1.13217270201093,1.17471745694047,1
"ENSG00000100412",1.18045329113814,1.09356506927197,1
"ENSG00000100413",1.37759661765816,1.22384758351237,1
"ENSG00000100416",1.14629457819622,1.23680892577693,1
"ENSG00000100417",1.28999154396826,1.07207907063517,1
"ENSG00000100418",1.07369381377612,1.09393263395168,1
"ENSG00000100422",1.04955597083736,1.14142043307747,1
"ENSG00000100425",1.24547303154919,1.10748066877235,1
"ENSG00000100426",1.00195969836175,1.13640897002998,1
"ENSG00000100427",1.56861016577131,1.26555111668091,1.21164879017857
"ENSG00000100439",1.52751957038646,1.47201951726667,1.17009557125759
"ENSG00000100441",1.22424375676631,1.24304571734545,1
"ENSG00000100442",1.25763570849533,1.34595917871294,1
"ENSG00000100445",1.37101826478818,1.30211748691557,1
"ENSG00000100461",1.58088264143252,1.48745270604702,1.25526805599369
"ENSG00000100462",1.31835030391507,1.28203111160486,1
"ENSG00000100478",1.31471557987747,1.28508790796605,1
"ENSG00000100479",1.29149836021225,1.25875702205387,1
"ENSG00000100483",1.60032371698592,1.34426188038437,1.33214442525813
"ENSG00000100485",1.57004995047502,1.48180141107377,1.23595487303784
"ENSG00000100490",1.33285766427557,1.14929077344724,1
"ENSG00000100503",1.53259250125371,1.44021946186959,1.22088078677051
"ENSG00000100504",1.76855051057512,1.62451483899939,1.34277173181964
"ENSG00000100519",1.25394375901855,1.18636593148565,1
"ENSG00000100522",1.40739037302294,1.34914136418098,1
"ENSG00000100523",1.2746257510075,1.32832906077992,1
"ENSG00000100528",1.20478949847297,1.24159902090133,1
"ENSG00000100532",1.09644877663329,1.23927017848614,1
"ENSG00000100554",1.28850196693575,1.16365181580807,1
"ENSG00000100558",1.34149948438931,1.09127802426458,1
"ENSG00000100564",1.30554204393664,1.27172998168218,1
"ENSG00000100567",1.23634350698429,1.27562831543225,1
"ENSG00000100568",1.37306920589991,1.14118028722091,1.13545765696099
"ENSG00000100577",1.0443912176983,1.18057599342563,1
"ENSG00000100578",1.45149819730726,1.21710469310783,1.19392040211062
"ENSG00000100580",1.05755529148704,1.18330152943363,1
"ENSG00000100591",1.22240642766177,1.11974618898439,1
"ENSG00000100592",1.0566707682993,1.28481218497107,1
"ENSG00000100596",1.32710401510509,1.23989484952061,1
"ENSG00000100599",1.51880819457592,1.19774769615885,1.27192909632084
"ENSG00000100601",1.31722838102367,1.21643848515396,1
"ENSG00000100603",1.19480383288723,1.12735564791456,1
"ENSG00000100605",1.65624769780375,1.45502106066218,1.35258628232474
"ENSG00000100612",1.37143636451126,1.42527510767256,1
"ENSG00000100614",1.19071778626759,1.15292632643949,1
"ENSG00000100628",1.39244490508573,1.1226926276153,1
"ENSG00000100629",1.25316830699801,1.32673974609578,1
"ENSG00000100632",1.26741525500238,1.28739345076752,1
"ENSG00000100644",1.09555668954895,1.33763237957851,1
"ENSG00000100647",1.57358530400981,1.39294685535704,1.28551122033902
"ENSG00000100650",1.24500230658657,1.0860087963021,1
"ENSG00000100664",1.05421588407154,1.06037038939758,1
"ENSG00000100697",1.17136309710668,1.36343310945236,1
"ENSG00000100711",1.19858192106661,1.05963541115748,1
"ENSG00000100714",1.37769166936078,1.21259474830559,1
"ENSG00000100722",1.38949725976544,1.3427772981691,1
"ENSG00000100726",1.34127212415648,1.20072498540976,1
"ENSG00000100731",1.47505085309294,1.44370699868257,1.15486040705126
"ENSG00000100744",1.12279085480607,1.14680189330084,1
"ENSG00000100749",1.19714731584351,1.26688539708381,1
"ENSG00000100764",1.3129456974203,1.1637339858892,1
"ENSG00000100784",1.52253290379232,1.43391624962065,1.25020151551555
"ENSG00000100796",1.34099887611471,1.17256971767826,1.07857558628859
"ENSG00000100802",1.13934456188375,1.23239915215141,1
"ENSG00000100804",1.1615358785761,1.20265139408815,1
"ENSG00000100811",1.21315128538498,1.17961125369314,1
"ENSG00000100813",1.43126746537985,1.26107168660682,1.19341704701753
"ENSG00000100814",1.28027629595423,1.34709820842901,1
"ENSG00000100815",1.33812948740988,1.18614919415351,1.01647384124177
"ENSG00000100823",1.4874992490624,1.20234938312831,1.26244687810219
"ENSG00000100836",1.3539960696772,1.13198542429421,1.07101264881706
"ENSG00000100852",1.51454854263649,1.30154881505602,1.24872174617172
"ENSG00000100865",1.16038658134066,1.27420718614059,1
"ENSG00000100883",1.27545542242644,1.10424832577047,1
"ENSG00000100888",1.09971165394823,1.18466773464164,1
"ENSG00000100889",1.29427700841698,1.1890698967328,1
"ENSG00000100897",1.15992208966195,1.18489542790206,1
"ENSG00000100902",1.04524863679029,1.24622749199744,1
"ENSG00000100906",1.66560492539457,1.4053462033909,1.41418266586657
"ENSG00000100908",1.19600988555092,1.11580604638566,1
"ENSG00000100911",1.20736633713583,1.15600098440976,1
"ENSG00000100916",1.30277097785262,1.32523070384742,1
"ENSG00000100918",1.70695222932317,1.20557509346188,1.36040176375446
"ENSG00000100934",1.14144004973488,1.11357198647537,1
"ENSG00000100938",1.54145240703094,1.41337839964837,1.22040287289626
"ENSG00000100941",1.33596225185712,1.11663967065216,1.04665173572608
"ENSG00000100949",1.18486921704192,1.19994151462102,1
"ENSG00000100982",1.2463472483197,1.25490262139652,1
"ENSG00000100983",1.16846653484015,1.20969757671963,1
"ENSG00000100991",1.47605588145746,1.40844747616186,1.14046593285601
"ENSG00000100994",1.20455635056596,1.03756336845994,1
"ENSG00000100997",1.10213056342096,1.18325277859685,1
"ENSG00000101019",1.2145459594085,1.30869804395363,1
"ENSG00000101040",1.141170718334,1.11068546319087,1
"ENSG00000101052",1.41828203747921,1.28785162840523,1.12447603401686
"ENSG00000101057",1.49713118264812,1.12585927162465,1
"ENSG00000101079",1.10942007559688,1.16466718175366,1
"ENSG00000101082",1.17038061019632,1.01711675913651,1
"ENSG00000101084",1.51617471283288,1.38957281433648,1.1692754586686
"ENSG00000101096",1.11913239688813,1.29891872179785,1
"ENSG00000101104",1.55070540702529,1.21329366980963,1.20662384710835
"ENSG00000101109",1.41431460007356,1.46233394903679,1
"ENSG00000101126",1.0355464883903,1.0720993931173,1
"ENSG00000101138",1.28614984914905,1.10221504024052,1
"ENSG00000101146",1.31189909327895,1.12637478227854,1
"ENSG00000101150",1.43191453866437,1.52066934862325,1
"ENSG00000101152",1.50483841162055,1.40640109752893,1.19679949183335
"ENSG00000101158",1.23456630929477,1.22580196821415,1
"ENSG00000101160",1.46548133547566,1.30920805344499,1.11876705371736
"ENSG00000101161",1.2619300809312,1.07894968268355,1
"ENSG00000101162",1.28549266294287,1.12049160602541,1
"ENSG00000101166",1.10726871117216,1.11869324147655,1
"ENSG00000101181",1.19121541157353,1.25137198099406,1
"ENSG00000101182",1.09107287616689,1.14288102923853,1
"ENSG00000101189",1.27272363786928,1.17074586133822,1
"ENSG00000101190",1.38898052550094,1.12048852505276,1.01059569267639
"ENSG00000101191",1.26108340963852,1.06057033962927,1
"ENSG00000101193",1.01248084059815,1.1680867670299,1
"ENSG00000101194",1.11346171656436,1.25556137507503,1
"ENSG00000101199",1.12248072774938,1.10811329091667,1
"ENSG00000101216",1.40966226437024,1.26274018411597,1.1273737274989
"ENSG00000101220",1.24768601680221,1.06137750710351,1
"ENSG00000101224",1.07626071309961,1.22669664015164,1
"ENSG00000101236",1.69431180765879,1.48135912885017,1.38429575098021
"ENSG00000101246",1.14801930355873,1.13736179434527,1
"ENSG00000101247",1.26058155123665,1.29433993682891,1
"ENSG00000101255",1.35182123985415,1.13380999100021,1
"ENSG00000101265",1.8295991437919,1.64346678865172,1.41344269171053
"ENSG00000101266",1.3789678819236,1.11812394981326,1.14444220275446
"ENSG00000101290",1.41680030926422,1.38985636821076,1.08261247815333
"ENSG00000101294",1.37155471842258,1.16837108991993,1.07105530492869
"ENSG00000101298",1.25132291719868,1.12904856160983,1
"ENSG00000101307",1.72113528263623,1.43118437899478,1.44148157893435
"ENSG00000101310",1.2578976158761,1.1774063607531,1
"ENSG00000101337",1.37374460033004,1.12849088657936,1.00549102911748
"ENSG00000101343",1.12121203370501,1.29001010806018,1
"ENSG00000101346",1.51238884778856,1.2256248478852,1.26406361873517
"ENSG00000101347",1.25708610180783,1.12652453503446,1
"ENSG00000101350",1.4051133034416,1.10708988443034,1.17968384509665
"ENSG00000101361",1.34510778208068,1.23651476078774,1.0221882774473
"ENSG00000101363",1.3370264438119,1.24197340474464,1
"ENSG00000101365",1.36640818376617,1.10503247209143,1.10755532654471
"ENSG00000101367",1.2848207731254,1.25834290207245,1
"ENSG00000101384",1.36418673518321,1.39332913548022,1
"ENSG00000101391",1.46173279436647,1.28983882700596,1.20257722889182
"ENSG00000101407",1.15762395076468,1.09814409819756,1
"ENSG00000101412",1.47944769543754,1.10690790249671,1
"ENSG00000101413",1.29114154783935,1.07601724855538,1
"ENSG00000101417",1.45399157336506,1.23936590199235,1.03731304862315
"ENSG00000101421",1.1773409889393,1.23740123703575,1
"ENSG00000101439",1.29960719465148,1.11595454738419,1
"ENSG00000101442",1.50604907846934,1.33619523012273,1.21888895029197
"ENSG00000101444",1.57092256162262,1.32161805188917,1.26126220167398
"ENSG00000101445",1.15947823230853,1.19473875138721,1
"ENSG00000101452",1.06752164384306,1.29315023389928,1
"ENSG00000101457",1.14083652755596,1.45591049253474,1
"ENSG00000101460",1.45931485924022,1.55790012610788,1
"ENSG00000101464",1.37721994155676,1.35133742731563,1
"ENSG00000101473",1.14218053611619,1.13843126199451,1
"ENSG00000101474",1.51604874548644,1.48110028852342,1.14901756574866
"ENSG00000101493",1.4648834280931,1.50375272050869,1
"ENSG00000101544",1.5178695235665,1.13237171834002,1.29397793959755
"ENSG00000101546",1.51743812872205,1.31254299504621,1.06946216157056
"ENSG00000101557",1.20513765761412,1.39178978126392,1
"ENSG00000101558",1.11346266792893,1.32251602717128,1
"ENSG00000101574",1.18617873122493,1.04185524038071,1
"ENSG00000101577",1.28753969240392,1.2846240549469,1
"ENSG00000101596",1.52558056722662,1.4764106852377,1.17934948887539
"ENSG00000101605",1.2269144173192,1.10928004353263,1
"ENSG00000101608",1.20431693722481,1.17701838909814,1
"ENSG00000101624",1.37429709637603,1.27340573323946,1
"ENSG00000101639",1.08496830890914,1.18971023298547,1
"ENSG00000101654",1.55103877179725,1.34269942678139,1.29864901622002
"ENSG00000101665",1.53251850510641,1.23514887278511,1.11148192335165
"ENSG00000101695",1.28277998221033,1.29148529325562,1
"ENSG00000101745",1.20178644882686,1.03568993680018,1
"ENSG00000101751",1.19643239816604,1.07753770864562,1
"ENSG00000101752",1.20617480182717,1.13418501917231,1
"ENSG00000101773",1.17845622159291,1.21880409793675,1
"ENSG00000101782",1.24008595200338,1.07834986766539,1
"ENSG00000101811",1.15328145081058,1.25024000556376,1
"ENSG00000101842",1.54791241242972,1.2300225802837,1.17589713152241
"ENSG00000101843",1.33599036238946,1.26038585258402,1
"ENSG00000101844",1.20695631794042,1.25228802781513,1
"ENSG00000101846",1.15918691214497,1.22438322571904,1
"ENSG00000101849",1.5745017729815,1.47382352896724,1.26220876274387
"ENSG00000101856",1.303085226644,1.109736078044,1
"ENSG00000101868",1.21888414584752,1.29654388501968,1
"ENSG00000101882",1.20650887788162,1.19717026123923,1
"ENSG00000101888",1.20464932181957,1.22156006172185,1
"ENSG00000101901",1.18265349917641,1.29430803227129,1
"ENSG00000101911",1.39901132241441,1.32212063965186,1.02692815475068
"ENSG00000101928",1.45928610624836,1.13525226890248,1.18033933565052
"ENSG00000101935",1.3751913622259,1.34308358982045,1
"ENSG00000101940",1.57735103352885,1.21388609231664,1.35460873235122
"ENSG00000101945",1.3166843206037,1.18861338004907,1
"ENSG00000101966",1.16339737248153,1.23409493853495,1
"ENSG00000101972",1.17720317450221,1.24307965633055,1
"ENSG00000101974",1.21561751141741,1.17406879159952,1
"ENSG00000101986",1.44681224306531,1.25065213747364,1
"ENSG00000101997",1.36244875574383,1.1834318809913,1
"ENSG00000102007",1.15664924510388,1.20110370217207,1
"ENSG00000102010",1.54358864782888,1.62962158328315,1
"ENSG00000102030",1.28203632712355,1.04923540261192,1
"ENSG00000102034",1.587056898169,1.27571711843995,1.32355463765911
"ENSG00000102043",1.48998000134352,1.29204392927125,1.06470271598888
"ENSG00000102054",1.48053875076714,1.23308714133851,1.25877887702449
"ENSG00000102078",1.40637751713775,1.21742374235853,1
"ENSG00000102081",1.03520956260196,1.19472465169749,1
"ENSG00000102096",1.2270657102441,1.23786846798353,1
"ENSG00000102100",1.44156789976204,1.36888209022721,1
"ENSG00000102103",1.451386706018,1.01801319490975,1.21309857783692
"ENSG00000102119",1.20314256195296,1.06719401142087,1
"ENSG00000102125",1.03071618647998,1.0798727637844,1
"ENSG00000102144",1.14137178595322,1.25713987462291,1
"ENSG00000102145",1.2084979992267,1.12332637598849,1
"ENSG00000102158",1.24794401516217,1.15131057437177,1
"ENSG00000102172",1.09571981287585,1.22345517352298,1
"ENSG00000102178",1.09032356979841,1.06718853035747,1
"ENSG00000102181",1.33307026797706,1.1453451346761,1
"ENSG00000102189",1.45935555908559,1.28578362131524,1.19550276981799
"ENSG00000102218",1.72165900698244,1.44851125723432,1.41013639984618
"ENSG00000102221",1.17656548090426,1.16163281903268,1
"ENSG00000102225",1.35505407912913,1.02829794005694,1
"ENSG00000102226",1.30767152736201,1.20700281874763,1
"ENSG00000102241",1.48524347138598,1.19792985082031,1.25448515091793
"ENSG00000102265",1.22155073617065,1.25024147157639,1
"ENSG00000102309",1.10863372603011,1.24199255746443,1
"ENSG00000102316",1.3116194456426,1.18084779786142,1
"ENSG00000102317",1.29071876612351,1.25282245083366,1
"ENSG00000102349",1.2579253895464,1.25885356502618,1
"ENSG00000102384",1.41203162355288,1.22653338763926,1
"ENSG00000102390",1.1831303847507,1.33843778378956,1
"ENSG00000102393",1.31885656985336,1.24781196704728,1
"ENSG00000102401",1.21846768079412,1.18471288309352,1
"ENSG00000102409",1.70561436618107,1.26477643350103,1.45522483630806
"ENSG00000102471",1.25970421691147,1.28952618232671,1
"ENSG00000102524",1.28930908208015,1.29904549338196,1
"ENSG00000102531",1.36856183678395,1.04647416627166,1.14336893885968
"ENSG00000102543",1.45780452279938,1.15916496029436,1.17338985370186
"ENSG00000102547",1.08887152244524,1.09875741697283,1
"ENSG00000102554",1.40307090826055,1.45192745546073,1
"ENSG00000102572",1.18812073558073,1.24892350298313,1
"ENSG00000102580",1.92824642693918,1.42439532207091,1.66560063329566
"ENSG00000102595",1.34033076772817,1.31942311959736,1
"ENSG00000102606",1.05616784935102,1.13429952774786,1
"ENSG00000102699",1.1453714850231,1.26458693213248,1
"ENSG00000102710",1.28410667478501,1.274449167145,1
"ENSG00000102738",1.36257474424101,1.29182122025594,1
"ENSG00000102743",1.4696320075723,1.28712239939498,1
"ENSG00000102753",1.383298090007,1.26293633039713,1.10103334833424
"ENSG00000102760",1.29357592170218,1.22290493281407,1
"ENSG00000102763",1.33803005849181,1.25383352538621,1
"ENSG00000102780",1.26211896437788,1.25273627614947,1
"ENSG00000102781",1.45679282876445,1.32515602097662,1.14743099398882
"ENSG00000102786",1.42963796284504,1.29166250260555,1.18294677366481
"ENSG00000102796",1.47584464087868,1.40210779034362,1.18733186015891
"ENSG00000102804",1.22738322936484,1.05977184056628,1
"ENSG00000102805",1.36759948306022,1.19946988885184,1
"ENSG00000102858",1.5464975885219,1.3165154762156,1.24561586035132
"ENSG00000102870",1.33411208912852,1.08735005237467,1
"ENSG00000102871",1.18841808916939,1.09563150356022,1
"ENSG00000102879",1.49104211385198,1.35147097147114,1.21832741484821
"ENSG00000102882",1.52479553852406,1.47265038989213,1.19169609142657
"ENSG00000102886",1.69787497788987,1.28340303212691,1.310750055176
"ENSG00000102893",1.17408602279376,1.14735671613235,1
"ENSG00000102897",1.24168781389678,1.27802134684985,1
"ENSG00000102898",1.30682256377656,1.099053365432,1
"ENSG00000102900",1.15417022658864,1.12249856569047,1
"ENSG00000102901",1.30055469835639,1.15451402231636,1
"ENSG00000102908",1.40109781301473,1.2019358443469,1.18106527920306
"ENSG00000102910",1.44679038556908,1.21360482246829,1.23526334314392
"ENSG00000102921",1.86050769583319,1.59013722731091,1.49105354372222
"ENSG00000102931",1.32067743706266,1.26056208820019,1
"ENSG00000102967",1.39425361160302,1.25320337363381,1
"ENSG00000102974",1.21255498082889,1.10455582945197,1
"ENSG00000102977",1.33281008641078,1.1465276753869,1
"ENSG00000102978",1.23215748107357,1.32154678866639,1
"ENSG00000102984",1.42780688736894,1.06730530167617,1
"ENSG00000103005",1.60294971711898,1.34713117977694,1.31438737922173
"ENSG00000103018",1.42293427733721,1.30588890088757,1.16318293184149
"ENSG00000103024",1.37540108190286,1.28042817350767,1
"ENSG00000103035",1.26014230009378,1.10495114712718,1
"ENSG00000103037",1.4228116172575,1.38715488762431,1
"ENSG00000103042",1.26130580751661,1.23283239188712,1
"ENSG00000103043",1.31040237743392,1.1187894360577,1
"ENSG00000103047",1.39037752471226,1.35204863962576,1
"ENSG00000103051",1.15301979840229,1.14818831727336,1
"ENSG00000103061",1.05940406472914,1.13072268688463,1
"ENSG00000103064",1.1678774146868,1.17726805316124,1
"ENSG00000103066",1.26986320165551,1.15346958717355,1
"ENSG00000103091",1.17622402901046,1.23417311283526,1
"ENSG00000103111",1.15400982235512,1.24738673217945,1
"ENSG00000103121",1.05742293421348,1.35325066984981,1
"ENSG00000103126",1.43237199970406,1.12018503548896,1.17820697974362
"ENSG00000103148",1.23596583444978,1.16017425963921,1
"ENSG00000103150",1.28352172684614,1.12167440581711,1
"ENSG00000103152",1.38335907711321,1.2251559522466,1.08062159252854
"ENSG00000103160",1.36467779489143,1.1629113875752,1.01373372566828
"ENSG00000103168",1.14152925053247,1.29292422702084,1
"ENSG00000103174",1.41814230483071,1.20113645981029,1.11818051128605
"ENSG00000103187",1.53960678128629,1.38930613838149,1.22257893867159
"ENSG00000103194",1.26116575542297,1.42343239771273,1
"ENSG00000103196",1.29455148199273,1.43899286488047,1
"ENSG00000103197",1.29562944473283,1.15331217964064,1
"ENSG00000103199",1.19150210340628,1.21903985492804,1
"ENSG00000103202",1.13035449159499,1.07833500774401,1
"ENSG00000103222",1.25428741515045,1.12482566483728,1
"ENSG00000103227",1.18635790951839,1.20804660089553,1
"ENSG00000103245",1.39419330465158,1.18563040297414,1
"ENSG00000103248",1.25746680149378,1.06377873128696,1
"ENSG00000103249",1.150374595456,1.12508526260232,1
"ENSG00000103254",1.55003516714655,1.29798839786921,1.24113080842248
"ENSG00000103257",1.21937390179764,1.10138577696667,1
"ENSG00000103264",1.28420198765202,1.23528963774216,1
"ENSG00000103266",1.26626837868709,1.13884022975895,1
"ENSG00000103274",1.26887513315485,1.20105784276295,1
"ENSG00000103275",1.28005083236142,1.1217608977712,1
"ENSG00000103319",1.45049810724065,1.19227379733822,1.12361837656493
"ENSG00000103326",1.06894625984303,1.20035750942974,1
"ENSG00000103335",1.2281464414315,1.1768033181591,1
"ENSG00000103342",1.07391666580184,1.09269275796181,1
"ENSG00000103343",1.34903560413754,1.04138465939815,1
"ENSG00000103351",1.52197456702081,1.27740516820463,1.18667369195036
"ENSG00000103353",1.47130590984719,1.22697879176666,1.21860196977771
"ENSG00000103356",1.37675725353786,1.29961739370892,1
"ENSG00000103363",1.08093339034842,1.10061531411221,1
"ENSG00000103365",1.28463687837079,1.20242492941475,1
"ENSG00000103381",2.00596801190493,1.48576389125404,1.70364071883567
"ENSG00000103404",1.33754459820471,1.27083687605577,1
"ENSG00000103415",1.41374314974959,1.24760169001565,1.18265917758882
"ENSG00000103423",1.34738503946021,1.26629368216309,1
"ENSG00000103429",1.0864884171348,1.17208792676226,1
"ENSG00000103472",1.15708558684801,1.27102375285811,1
"ENSG00000103479",1.19476717937372,1.19685010502913,1
"ENSG00000103489",1.27724636578849,1.14657694655025,1
"ENSG00000103490",1.44569956920776,1.39593444412539,1.08802551685373
"ENSG00000103494",1.70611468196854,1.36171485996587,1.33318623558043
"ENSG00000103495",1.40731781660891,1.01961610885953,1.14597210674398
"ENSG00000103496",1.26037567621863,1.28342973917883,1
"ENSG00000103502",1.08969158714302,1.28661260042082,1
"ENSG00000103507",1.31182088525335,1.38598521696355,1
"ENSG00000103510",1.27577374672285,1.33896412955523,1
"ENSG00000103512",1.25078614659416,1.18856045854039,1
"ENSG00000103522",1.31927440944141,1.23819910078679,1
"ENSG00000103540",1.17210629407644,1.12428180770693,1
"ENSG00000103544",1.2713157572617,1.25035910487571,1
"ENSG00000103549",1.18342229833397,1.27160741071193,1
"ENSG00000103550",1.37567682088486,1.28567824423307,1
"ENSG00000103591",1.27851848848833,1.18025542213898,1
"ENSG00000103642",1.36070873985164,1.15194404610365,1
"ENSG00000103653",1.55380547797017,1.20898162330634,1.34230371236061
"ENSG00000103657",1.2812435203606,1.07187474095755,1
"ENSG00000103671",1.1977667978324,1.10272720948808,1
"ENSG00000103707",1.07858187462183,1.37988179837122,1
"ENSG00000103769",1.36138260993449,1.22077198231099,1.09115016569223
"ENSG00000103811",1.0674221776138,1.21679788394116,1
"ENSG00000103876",1.25542037938209,1.17610851844827,1
"ENSG00000103932",1.14788680209318,1.20797608453126,1
"ENSG00000103942",1.31109246235956,1.20897034935498,1
"ENSG00000103966",1.15642554549298,1.02878069777017,1
"ENSG00000103978",1.21222161834806,1.13159101978957,1
"ENSG00000103994",1.32623723748552,1.4266297703813,1
"ENSG00000103995",1.24251975772864,1.1802837676859,1
"ENSG00000104047",1.33660967308696,1.34270577144771,1
"ENSG00000104064",1.29937042566649,1.08285981933299,1
"ENSG00000104081",1.30427443759322,1.13089564014604,1
"ENSG00000104093",1.96850365006996,1.32392816896643,1.73000201578173
"ENSG00000104129",1.38524822359096,1.27440337002283,1
"ENSG00000104131",1.42158645545412,1.30767994464244,1.11553480023207
"ENSG00000104133",1.31266505734439,1.2245202894265,1
"ENSG00000104142",1.1013660333701,1.30543080215194,1
"ENSG00000104154",1.36596095632608,1.35527303944721,1
"ENSG00000104164",1.16335735316228,1.18335470146142,1
"ENSG00000104177",1.25115766401381,1.15898913533605,1
"ENSG00000104205",1.41658405214318,1.23734175911683,1.08183587982542
"ENSG00000104218",1.20713297272106,1.34538345528621,1
"ENSG00000104219",1.08409312128451,1.13228359075495,1
"ENSG00000104221",1.15943876616023,1.05535812889416,1
"ENSG00000104228",1.32642584077083,1.25810861132482,1
"ENSG00000104231",1.36392681038496,1.29225709428948,1
"ENSG00000104267",1.31289453107255,1.0819658112431,1
"ENSG00000104299",1.16926907670632,1.15800856391669,1
"ENSG00000104312",1.51129013280759,1.185583528909,1.26866363533068
"ENSG00000104320",1.37571764954111,1.26828705434836,1.04375326778953
"ENSG00000104324",1.42932436198028,1.59251187204498,1
"ENSG00000104325",1.43937082893631,1.32475090428061,1.17325435141478
"ENSG00000104331",1.52706066151215,1.32393037958747,1.29720356399681
"ENSG00000104341",1.45316832978734,1.04665743069132,1
"ENSG00000104343",1.34413256865482,1.29413468498707,1
"ENSG00000104356",1.52020458348164,1.31109736075818,1.19628677863515
"ENSG00000104361",1.46247697176868,1.21714447359673,1.20688144388682
"ENSG00000104365",1.29666649714838,1.08551415657905,1
"ENSG00000104375",1.29170437741158,1.25874454820141,1
"ENSG00000104381",1.50545438245896,1.30775573090244,1.17536843164897
"ENSG00000104388",1.41734530345135,1.31705520263656,1.14465975623147
"ENSG00000104408",1.37451423545368,1.30329291096239,1.02887821436922
"ENSG00000104412",1.21339646979205,1.173681815183,1
"ENSG00000104419",1.23291042367503,1.25010307376281,1
"ENSG00000104427",1.53128869071234,1.2034901611112,1.22161704598409
"ENSG00000104442",1.52980360793113,1.36858344446942,1.24121882574235
"ENSG00000104447",1.30726397511789,1.13432888313955,1
"ENSG00000104450",2.02021484042776,1.39069352403691,1.73764611604191
"ENSG00000104472",1.11361818493921,1.11301468095951,1
"ENSG00000104490",1.47779335704542,1.29722328479278,1.1586879176335
"ENSG00000104497",1.21787117845164,1.05232246368737,1
"ENSG00000104517",1.32131078023761,1.18872192411804,1.0330916039595
"ENSG00000104518",1.29863106484365,1.15053518134485,1
"ENSG00000104522",1.31389619802765,1.09412020240427,1
"ENSG00000104524",1.27024051318459,1.20295130923707,1
"ENSG00000104529",1.13538927728794,1.20333592504395,1
"ENSG00000104549",1.4152072487199,1.38061625087056,1
"ENSG00000104613",1.35193529567464,1.31184418142931,1
"ENSG00000104626",1.21920709162477,1.13573999271472,1
"ENSG00000104635",1.54225505068936,1.29881700311979,1.18522981856983
"ENSG00000104643",1.22945451027719,1.2539789918591,1
"ENSG00000104660",1.54837611430736,1.10290712726199,1.33762786003025
"ENSG00000104671",1.41669495379431,1.29803506977768,1
"ENSG00000104679",1.39900084350681,1.1956116605583,1.11152141452467
"ENSG00000104687",1.22010371097369,1.23922148366436,1
"ENSG00000104689",1.30380649762386,1.23924836277663,1
"ENSG00000104691",1.21905597386109,1.30558006076051,1
"ENSG00000104695",1.18872096914721,1.14311453319188,1
"ENSG00000104714",1.25236226672118,1.15003512011413,1
"ENSG00000104728",1.30858235848558,1.17251589521215,1
"ENSG00000104731",1.09622842064811,1.28185338378533,1
"ENSG00000104738",1.14732739709876,1.21291938825891,1
"ENSG00000104756",1.11741916805207,1.22999732329966,1
"ENSG00000104763",1.35214237942539,1.32284268897045,1
"ENSG00000104765",1.07694544760726,1.05901993696999,1
"ENSG00000104774",1.21717722895612,1.08897510458941,1
"ENSG00000104783",1.41597963673953,1.21080368881803,1.04989240588716
"ENSG00000104805",1.12909601262945,1.17254959582566,1
"ENSG00000104812",1.17106400196083,1.03169774673769,1
"ENSG00000104823",1.40135626886916,1.11996875416266,1.12329852781858
"ENSG00000104824",1.04850801685009,1.08322839612347,1
"ENSG00000104825",1.47490149041151,1.26505935868273,1.10022421379873
"ENSG00000104852",1.12566341175579,1.09902946022842,1
"ENSG00000104853",1.44932629530701,1.21772304588392,1.13488234996023
"ENSG00000104856",1.66583702637902,1.3295879087343,1.39152914127819
"ENSG00000104859",1.32957381125651,1.25017688086577,1
"ENSG00000104866",1.05577815214771,1.20945053539686,1
"ENSG00000104870",1.52633207334942,1.49814227379026,1.14001353392137
"ENSG00000104872",1.23451264604062,1.26497971845556,1
"ENSG00000104880",1.15347447733322,1.1239684207634,1
"ENSG00000104884",1.37314346137582,1.19499514958157,1
"ENSG00000104885",1.38508675653186,1.19089165477619,1
"ENSG00000104886",1.10336239991616,1.06745511013851,1
"ENSG00000104889",1.44483746947477,1.15800942758408,1
"ENSG00000104892",1.09559809179873,1.16839467916927,1
"ENSG00000104897",1.2890197738288,1.10521372044915,1
"ENSG00000104903",1.46503669570358,1.14360189496444,1.26460694217816
"ENSG00000104904",1.28759555502266,1.19584029645184,1
"ENSG00000104907",1.08086437987624,1.26431225446535,1
"ENSG00000104915",1.5375279522913,1.41122649169301,1.22720310095855
"ENSG00000104918",1.44101825305055,1.11152992519262,1
"ENSG00000104946",1.16813826908878,1.14869491103563,1
"ENSG00000104957",1.15793750885702,1.16781297090451,1
"ENSG00000104960",1.56687395746492,1.26557708956758,1.34191986709763
"ENSG00000104964",1.21742486584186,1.2734704438059,1
"ENSG00000104969",1.41834017368941,1.09109261683668,1
"ENSG00000104972",1.01486717016385,1.25750123293755,1
"ENSG00000104973",1.95423486145862,1.39182244048753,1.70010972702015
"ENSG00000104974",1.56156536964401,1.37084911670638,1.28016903638534
"ENSG00000104976",1.45704768519127,1.13840467030346,1
"ENSG00000104979",1.36311621271463,1.20425294503962,1
"ENSG00000104980",1.38325556368225,1.30140248402246,1
"ENSG00000104983",1.47631109159172,1.06687263565184,1
"ENSG00000104998",1.09813207449785,1.23021510785499,1
"ENSG00000105011",1.04145927599439,1.46187484051898,1
"ENSG00000105053",1.53085886143266,1.39905418439202,1.24635235323296
"ENSG00000105058",1.19691710493811,1.12351139726706,1
"ENSG00000105063",1.41271770235716,1.18995747569063,1.1736486297979
"ENSG00000105085",1.28135234828585,1.17842141034979,1
"ENSG00000105122",1.18401899121413,1.11232881336006,1
"ENSG00000105127",1.24296666051788,1.04175752984672,1
"ENSG00000105135",1.30480796176808,1.2442050593513,1
"ENSG00000105136",1.43467527315869,1.2452593519725,1.01987182269441
"ENSG00000105171",1.30705921196748,1.19148599217425,1
"ENSG00000105176",1.49879028298974,1.41068898215466,1.13623166530651
"ENSG00000105185",1.30840275169519,1.36051436181745,1
"ENSG00000105186",1.18226776081955,1.12660140903874,1
"ENSG00000105193",1.32030556435847,1.11058806102722,1
"ENSG00000105197",1.50354993884338,1.25893040292669,1.23378415317377
"ENSG00000105202",1.41984490796043,1.32798469528136,1.11427046678336
"ENSG00000105204",1.87239256023099,1.28247714629848,1.57136642015459
"ENSG00000105220",1.04550527486282,1.14393343925213,1
"ENSG00000105221",1.18913066773222,1.17453417479493,1
"ENSG00000105223",1.11289607360315,1.09646166034182,1
"ENSG00000105227",1.35606042567665,1.19167906593076,1
"ENSG00000105229",1.22810413822262,1.19632730167186,1
"ENSG00000105248",1.24267994537979,1.17159559134539,1
"ENSG00000105254",1.26416995868816,1.15907105639604,1
"ENSG00000105258",1.39949913141839,1.2516757023646,1
"ENSG00000105281",1.11689716412336,1.03560355351157,1
"ENSG00000105287",1.66940166929594,1.29485128903513,1.43933057064712
"ENSG00000105289",1.38750836886544,1.16334142106622,1
"ENSG00000105298",1.18746373509056,1.18746376997052,1
"ENSG00000105321",1.2916525434091,1.2512570067776,1
"ENSG00000105323",1.29434167234988,1.09331640776008,1
"ENSG00000105325",1.20125590977901,1.19486549843462,1
"ENSG00000105327",1.08818711550427,1.34238533913649,1
"ENSG00000105329",1.40764875441091,1.23763322429194,1.11502818815816
"ENSG00000105339",1.63034577230412,1.54063388783226,1.26744720957407
"ENSG00000105341",1.04092690728437,1.1985250229453,1
"ENSG00000105352",1.05076858003805,1.4749163307649,1
"ENSG00000105355",1.40737062663925,1.43559265897788,1
"ENSG00000105364",1.27498594931723,1.19979454264331,1
"ENSG00000105371",1.14047865783291,1.05251845746135,1
"ENSG00000105372",1.33262574347044,1.28337577725964,1
"ENSG00000105373",1.45429873060043,1.25969692712527,1.19425916307132
"ENSG00000105379",1.19999278436708,1.15860258235655,1
"ENSG00000105393",1.18267383381876,1.13952488043429,1
"ENSG00000105397",1.66354829929806,1.41847074022349,1.38276966571389
"ENSG00000105401",1.21691947982337,1.0363407685072,1
"ENSG00000105402",1.28429209632762,1.18674880219189,1
"ENSG00000105404",1.21167637370521,1.25137092614022,1
"ENSG00000105426",1.44603883617665,1.02324678913595,1
"ENSG00000105429",1.31134407890437,1.21410211332568,1
"ENSG00000105438",1.23111534467983,1.16755190836454,1
"ENSG00000105443",1.35619576599931,1.29823991163154,1
"ENSG00000105447",1.41885311649389,1.18642502103044,1.11969030134254
"ENSG00000105483",1.39900611340415,1.33424257705427,1.07755245096408
"ENSG00000105486",1.30233877330238,1.28005613698022,1
"ENSG00000105497",1.38457756790436,1.30857040137278,1
"ENSG00000105501",1.85412445163811,1.6049266109465,1.41606145707133
"ENSG00000105514",1.72497233956859,1.57089931674646,1.34970891638273
"ENSG00000105516",1.39770584018581,1.19644925480199,1.03572045818413
"ENSG00000105518",1.27739655174365,1.10099708335168,1
"ENSG00000105519",1.34530605201608,1.21214828577113,1
"ENSG00000105520",1.68515895226541,1.48785947479208,1.29725076772123
"ENSG00000105552",1.43475729449171,1.25179293485905,1
"ENSG00000105556",1.09564631566543,1.29282785954695,1
"ENSG00000105568",1.1354538019323,1.12986795317897,1
"ENSG00000105576",1.07928320572777,1.10368824295851,1
"ENSG00000105583",1.1957989037389,1.2055031764257,1
"ENSG00000105607",1.33184803992196,1.17845454042843,1
"ENSG00000105610",1.31722448212217,1.0741154938543,1
"ENSG00000105612",1.27781588725488,1.07979549929205,1
"ENSG00000105617",1.30627258126919,1.20451399213066,1
"ENSG00000105618",1.16131645833964,1.16814770715157,1
"ENSG00000105619",1.16074748929489,1.11064107951678,1
"ENSG00000105639",1.23308196648679,1.25742026207141,1
"ENSG00000105640",1.4587235522759,1.27094799910899,1.17239976716776
"ENSG00000105643",1.10379798207496,1.14352249473564,1
"ENSG00000105656",1.83668499476076,1.48754762641881,1.51573621730577
"ENSG00000105662",1.23793937883374,1.1688198150198,1
"ENSG00000105669",1.37417136720746,1.28783262860481,1
"ENSG00000105671",1.12002773385457,1.05693643463918,1
"ENSG00000105676",1.29946398664883,1.11744840689796,1
"ENSG00000105677",1.39577058653307,1.26757706890215,1.07729926721648
"ENSG00000105698",1.11774101051023,1.17757819143555,1
"ENSG00000105699",1.51533744071469,1.22599983731913,1
"ENSG00000105700",1.23590624461163,1.23709953409839,1
"ENSG00000105701",1.29373493903017,1.15247269092215,1
"ENSG00000105705",1.1370022045765,1.17802431101838,1
"ENSG00000105708",1.31355964926331,1.23076007000428,1
"ENSG00000105717",1.12994815905578,1.22024983365991,1
"ENSG00000105722",1.49600207191846,1.53288474832052,1
"ENSG00000105723",1.6877916858006,1.2418822115716,1.38746320229444
"ENSG00000105726",1.10622199635716,1.19190259833182,1
"ENSG00000105732",1.16318475533453,1.16618046998998,1
"ENSG00000105738",1.27927551756342,1.18890758688066,1
"ENSG00000105750",1.33560782658721,1.27646047569773,1
"ENSG00000105755",1.3915834734952,1.23783835943808,1
"ENSG00000105771",1.23207660768222,1.24245691152983,1
"ENSG00000105778",1.49152792270759,1.39068407135014,1.19302681370748
"ENSG00000105793",1.45460797427968,1.23561577902045,1.18127161260514
"ENSG00000105819",1.31795478088902,1.23750786169872,1
"ENSG00000105821",1.42660029853076,1.35922149391963,1.07713644093068
"ENSG00000105829",1.09481954282696,1.27756699131826,1
"ENSG00000105835",1.49558877897074,1.60518657548062,1
"ENSG00000105849",1.60527762850895,1.301165108327,1.32325113297546
"ENSG00000105851",1.21489389255116,1.44369480661762,1
"ENSG00000105854",1.46655472069515,1.36037209039364,1.07904364539727
"ENSG00000105856",1.20276055634609,1.38588462629924,1
"ENSG00000105865",1.44314301980462,1.39961653742128,1
"ENSG00000105866",1.37676156229606,1.26847304135294,1.03162796674631
"ENSG00000105875",1.1551199525791,1.17356107113609,1
"ENSG00000105879",1.26311151386222,1.11397887263002,1
"ENSG00000105887",1.3657613939865,1.24267820181214,1.08203294467885
"ENSG00000105926",1.15092920892865,1.31825923047902,1
"ENSG00000105939",1.3608778718921,1.23614618498606,1.11136866242245
"ENSG00000105948",1.54378207124001,1.39299538393116,1.11627107049593
"ENSG00000105953",1.31931196417848,1.08738636085001,1
"ENSG00000105963",1.38640195580898,1.24317525030043,1
"ENSG00000105967",1.19159030567211,1.1682311170072,1
"ENSG00000105968",1.24632328426998,1.00857513718468,1
"ENSG00000105983",1.31536726855015,1.10012312328733,1
"ENSG00000105993",1.59994599609455,1.33295604882469,1.37579950985279
"ENSG00000106003",1.36221795853757,1.12005149899238,1.12374575839712
"ENSG00000106009",1.22122700223288,1.16280953108766,1
"ENSG00000106012",1.63543957301457,1.3152322556399,1.3798904449225
"ENSG00000106028",1.4678405617921,1.26482931286414,1.21711139177691
"ENSG00000106034",1.2318677794495,1.21117854013029,1
"ENSG00000106049",1.59693762581902,1.36313847976844,1.28112813928189
"ENSG00000106052",1.07542891426716,1.09223743469045,1
"ENSG00000106066",1.15611122242175,1.12158951541014,1
"ENSG00000106069",1.14060030736231,1.15460905059942,1
"ENSG00000106070",1.43229932945721,1.30532240857729,1
"ENSG00000106077",1.25460312104752,1.16862230774114,1
"ENSG00000106080",1.49552968895811,1.40672583881923,1
"ENSG00000106086",1.30996191916471,1.27508118114898,1
"ENSG00000106100",1.17318623309957,1.17120263837727,1
"ENSG00000106105",1.34675350681591,1.27330666783237,1
"ENSG00000106123",1.16481213494992,1.14741248783099,1
"ENSG00000106133",1.18920534316691,1.29794944711642,1
"ENSG00000106144",1.18328391699976,1.09545880398729,1
"ENSG00000106153",1.06662616898936,1.17338207045897,1
"ENSG00000106244",1.13237980577637,1.21947870642411,1
"ENSG00000106245",1.38003153325977,1.23261984716967,1.09429958837278
"ENSG00000106246",1.54455989693576,1.14436043074912,1.11577093035664
"ENSG00000106261",1.0300100407372,1.1000112474382,1
"ENSG00000106263",1.36965756031194,1.15864935560011,1.12954309365537
"ENSG00000106266",1.19807972132601,1.14571764193522,1
"ENSG00000106268",1.17616917862007,1.17680981349958,1
"ENSG00000106290",1.07326689816434,1.19997960388578,1
"ENSG00000106299",1.46116836184642,1.30399538753602,1.14993808986245
"ENSG00000106305",1.24342666029883,1.24611797956816,1
"ENSG00000106327",1.17178921617095,1.14114104845418,1
"ENSG00000106344",1.1667976731188,1.22596258116932,1
"ENSG00000106346",1.48769278034732,1.13424227179613,1.1908086285494
"ENSG00000106348",1.70117926518007,1.55363506356835,1.34107172688456
"ENSG00000106351",1.21426457197907,1.21286991962974,1
"ENSG00000106355",1.3398830004154,1.34216867691959,1
"ENSG00000106367",1.63384443087535,1.29207423046484,1.32199448748105
"ENSG00000106392",1.03374853342971,1.09045997357055,1
"ENSG00000106397",1.40271148963126,1.19517266197606,1
"ENSG00000106399",1.14287510634883,1.30040667210373,1
"ENSG00000106400",1.1400330122459,1.06553142473127,1
"ENSG00000106404",1.63471519831366,1.0876593112312,1.32621784391528
"ENSG00000106415",1.16684487017779,1.09748549859092,1
"ENSG00000106443",1.48142762564762,1.33947156846385,1.20808458851424
"ENSG00000106459",1.06012875783916,1.04314422813004,1
"ENSG00000106460",1.25121717790763,1.23041047679303,1
"ENSG00000106462",1.10994152754416,1.36976879069092,1
"ENSG00000106477",1.3434792498593,1.28924280344953,1
"ENSG00000106479",1.12852711756644,1.14078980668076,1
"ENSG00000106484",1.30975091915512,1.13121903026198,1
"ENSG00000106524",1.04929731309868,1.25638789701621,1
"ENSG00000106526",1.19873246830774,1.13102707483857,1
"ENSG00000106537",1.4821200468518,1.08380589105533,1
"ENSG00000106546",1.31166743009443,1.20179583483179,1
"ENSG00000106554",1.41569115818404,1.30549826209763,1.10079813936064
"ENSG00000106560",1.25563367321681,1.24853975759112,1
"ENSG00000106588",1.25988058633052,1.18439155475435,1
"ENSG00000106591",1.424278363933,1.33247979076193,1.04854944924333
"ENSG00000106603",1.28282294751924,1.19071188986868,1
"ENSG00000106605",1.27487356909226,1.16188500806265,1
"ENSG00000106608",1.35770854769806,1.2491988093884,1
"ENSG00000106609",1.27110878741709,1.0936067101381,1
"ENSG00000106610",1.1847469154211,1.26684252396902,1
"ENSG00000106615",1.28890951947734,1.16350213559325,1
"ENSG00000106617",1.374207041664,1.21789710796046,1.10812117820288
"ENSG00000106628",1.40496317225825,1.24634893327873,1
"ENSG00000106635",1.33651424269874,1.0985909616432,1
"ENSG00000106636",1.26176826583479,1.30256001611499,1
"ENSG00000106638",1.62600204031394,1.18221024717996,1.40591393279255
"ENSG00000106665",1.13900440474777,1.04896227679866,1
"ENSG00000106682",1.2196916355458,1.15598905437762,1
"ENSG00000106683",1.06478998592612,1.09590480633936,1
"ENSG00000106692",1.58936690547962,1.35131759822238,1.30334319629214
"ENSG00000106701",1.31993660513459,1.25765592052227,1
"ENSG00000106714",1.94067218809492,1.39051001390053,1.70206212563962
"ENSG00000106723",1.53335409417289,1.31026003793405,1.28505175013381
"ENSG00000106733",1.18640002031165,1.18117234451975,1
"ENSG00000106771",1.30158293017344,1.35546810957701,1
"ENSG00000106780",1.71708406283665,1.53048983925298,1.35679089791391
"ENSG00000106785",1.11045749269912,1.19446712742798,1
"ENSG00000106789",1.09016019531995,1.0433297608798,1
"ENSG00000106799",1.40161820193475,1.23649562868199,1.1593085374395
"ENSG00000106803",1.26070360560378,1.04947696775692,1
"ENSG00000106804",1.33214093123816,1.16726906588773,1
"ENSG00000106829",1.59624410306029,1.49528760042823,1.26813912186496
"ENSG00000106868",1.22612028187853,1.1623792776695,1
"ENSG00000106948",1.43555977846779,1.19614444246251,1.21073646536902
"ENSG00000106952",1.49589991198146,1.12023970723333,1.29319646222608
"ENSG00000106993",1.40519750951133,1.24036967454505,1.09432364604865
"ENSG00000107020",1.10228364460003,1.14186109357675,1
"ENSG00000107021",1.31575553540091,1.01432643588702,1
"ENSG00000107036",1.07743888011319,1.09921694288148,1
"ENSG00000107077",1.30226684043207,1.25734024357209,1
"ENSG00000107099",1.49172140786214,1.39178688837892,1.20631841990698
"ENSG00000107104",1.04159143129646,1.17565736564023,1
"ENSG00000107140",1.27211082985406,1.21339873621208,1
"ENSG00000107164",1.29958109377326,1.26788825130632,1
"ENSG00000107175",1.03591105736599,1.05442234049972,1
"ENSG00000107185",1.24376842847101,1.15696719590561,1
"ENSG00000107201",1.33209192619179,1.29064395266421,1
"ENSG00000107223",1.371010054019,1.17401138184634,1.1326990368393
"ENSG00000107242",1.43583653969958,1.12557282832497,1.1742265347188
"ENSG00000107262",1.21470865308584,1.04639179666786,1
"ENSG00000107263",1.30722829699591,1.15110110595284,1
"ENSG00000107281",1.45332441429118,1.20407825720461,1
"ENSG00000107290",1.14549810673245,1.29728746893913,1
"ENSG00000107331",1.271449422933,1.13203805773796,1
"ENSG00000107341",1.83492742092581,1.50305241177673,1.51534222313149
"ENSG00000107362",1.22250516796546,1.04639255115644,1
"ENSG00000107371",1.29383798833733,1.1815542515286,1
"ENSG00000107372",1.15697886664847,1.21755651633628,1
"ENSG00000107404",1.21457785740122,1.19680864583389,1
"ENSG00000107438",1.63516296478628,1.12672900540176,1.38430574870328
"ENSG00000107443",1.35368423865757,1.28697107396659,1
"ENSG00000107485",1.28541132348323,1.40651463393609,1
"ENSG00000107521",1.07964410810158,1.08089035263028,1
"ENSG00000107537",1.67499349435566,1.24081933467749,1.32497805228711
"ENSG00000107554",1.03758629244966,1.14751059821454,1
"ENSG00000107560",1.34243277424073,1.07841820789127,1.0571146630368
"ENSG00000107566",1.12860392224506,1.1903143421089,1
"ENSG00000107581",1.23870194824114,1.13224054286142,1
"ENSG00000107611",1.27287621060387,1.11448499013462,1
"ENSG00000107614",1.26336935157198,1.09155473093908,1
"ENSG00000107625",1.39442552329114,1.34730608640897,1
"ENSG00000107643",1.45762853496409,1.11683193443682,1.24171344501917
"ENSG00000107651",1.31748534451476,1.24325568924078,1
"ENSG00000107669",1.29426007962231,1.25478106536054,1
"ENSG00000107672",1.45010652490759,1.38553127226289,1.10644199624313
"ENSG00000107679",1.55618183624095,1.38034240896279,1.20539678303993
"ENSG00000107736",1.12858198300863,1.18553210837849,1
"ENSG00000107738",1.52739474263972,1.53472441811805,1.08652670138845
"ENSG00000107745",1.72896074594597,1.38298162701413,1.47008039297276
"ENSG00000107758",1.16679078914693,1.25551215789516,1
"ENSG00000107771",1.42690980081889,1.25178868083627,1.16506169740425
"ENSG00000107779",1.33394847700398,1.29839032892541,1
"ENSG00000107789",1.27084126397689,1.35117098672819,1
"ENSG00000107798",1.26017066102559,1.1038513609849,1
"ENSG00000107815",1.56110067187015,1.22411020834134,1.23211128735534
"ENSG00000107816",1.26213509089121,1.27163310873996,1
"ENSG00000107819",1.01881647472648,1.10937369442849,1
"ENSG00000107829",1.24845955670486,1.2578790960474,1
"ENSG00000107833",1.29321715268008,1.26271026012438,1
"ENSG00000107854",1.07225309638932,1.1726349757673,1
"ENSG00000107862",1.33187054146886,1.11396566340721,1
"ENSG00000107863",1.14839626917207,1.16225405988245,1
"ENSG00000107864",1.285775519551,1.15407258747485,1
"ENSG00000107872",1.36637175824975,1.18283997546657,1
"ENSG00000107874",1.24135845610314,1.01338345082726,1
"ENSG00000107882",1.43376901298991,1.0872280115248,1
"ENSG00000107890",1.44065313021473,1.32528590817346,1.11246302274566
"ENSG00000107897",1.24712911179799,1.1315614187179,1
"ENSG00000107902",1.30618561222163,1.17058837960639,1
"ENSG00000107929",1.1090939430873,1.15027009249671,1
"ENSG00000107937",1.53394414148619,1.30338622012573,1.28553570010901
"ENSG00000107938",1.11005615672575,1.16506063197299,1
"ENSG00000107949",1.22407262756859,1.30734938184708,1
"ENSG00000107951",1.33677076562067,1.2964209076196,1
"ENSG00000107954",1.21836148017357,1.26788047492643,1
"ENSG00000107957",1.30914745454196,1.18746172612879,1
"ENSG00000107959",1.35214470159671,1.23721596059952,1.03600513093991
"ENSG00000107960",1.4747056029934,1.10683627892098,1.27019608434159
"ENSG00000107968",1.18059231297853,1.31721909838832,1
"ENSG00000108010",1.18406449490623,1.33997685575802,1
"ENSG00000108021",1.33103521685884,1.26069871731474,1
"ENSG00000108039",1.12102234776638,1.24623446181004,1
"ENSG00000108055",1.32990205340262,1.13957921924794,1
"ENSG00000108061",1.50180132719637,1.36101561753004,1.23863157370741
"ENSG00000108064",1.24549899710481,1.12512458021983,1
"ENSG00000108091",1.34417024602308,1.36072280281443,1
"ENSG00000108094",1.14871652636308,1.24170518023201,1
"ENSG00000108100",1.11008442097182,1.33047502995819,1
"ENSG00000108106",1.36280193427723,1.03902694210773,1
"ENSG00000108107",1.33105279257339,1.04508081837528,1.05950151744048
"ENSG00000108175",1.60171008399856,1.26187658555725,1.35501311041058
"ENSG00000108179",1.09983757365119,1.35506392073271,1
"ENSG00000108187",1.28520044155966,1.32474075303897,1
"ENSG00000108219",1.11048586565964,1.12876649062784,1
"ENSG00000108239",1.38943419229734,1.28291575858497,1
"ENSG00000108244",1.5429386572958,1.44192840975705,1.23112584704431
"ENSG00000108256",1.55956869595337,1.33440883199528,1.33217660636568
"ENSG00000108262",1.20888084597179,1.08925808684388,1
"ENSG00000108264",1.28930020274825,1.30186333401982,1
"ENSG00000108270",1.1543937952369,1.23124454101193,1
"ENSG00000108278",1.04636184604853,1.30926965926093,1
"ENSG00000108292",1.10105334572409,1.19871750137561,1
"ENSG00000108294",1.44097726872801,1.3467577570492,1.12216964685987
"ENSG00000108296",1.61962805316519,1.41403344577082,1.35829302216005
"ENSG00000108298",1.43998820204331,1.2858957389539,1.16709375713453
"ENSG00000108306",1.55374267916843,1.42904796012151,1.26883167450114
"ENSG00000108309",1.50057051353087,1.06344306090216,1.28263795013428
"ENSG00000108312",1.04871459038723,1.08231154697855,1
"ENSG00000108344",1.15225513970878,1.10523788622189,1
"ENSG00000108349",1.62496776574055,1.39688272386726,1.35706236827887
"ENSG00000108384",1.42017126921838,1.39068457255123,1
"ENSG00000108389",1.14921005229701,1.24733027602712,1
"ENSG00000108395",1.08569513442851,1.19339329457568,1
"ENSG00000108406",1.13958621068293,1.22422825463433,1
"ENSG00000108423",1.25721745442087,1.30191476899431,1
"ENSG00000108424",1.49192015411364,1.45407045997619,1.12370765959488
"ENSG00000108433",1.18575085253653,1.25468664719544,1
"ENSG00000108439",1.40322641574905,1.22402241877981,1
"ENSG00000108443",1.12016747152669,1.16348450586922,1
"ENSG00000108465",1.21597922948898,1.14811670601569,1
"ENSG00000108468",1.0380550820772,1.30674549948755,1
"ENSG00000108469",1.07665611257633,1.08005260260828,1
"ENSG00000108474",1.29894660436787,1.30465385755242,1
"ENSG00000108479",1.29558047640561,1.29065517399803,1
"ENSG00000108506",1.46951168040344,1.34157860473126,1.15847346415864
"ENSG00000108509",1.63646135606831,1.17634980112974,1.28654093106836
"ENSG00000108510",1.3503687788113,1.25914167459373,1.06966022150782
"ENSG00000108515",1.45641722477389,1.25809816399054,1
"ENSG00000108518",1.20556795132571,1.24836426132953,1
"ENSG00000108523",1.38648427841417,1.25802162512272,1
"ENSG00000108528",1.02912914252535,1.23158285749991,1
"ENSG00000108557",1.10584425181285,1.19193406968118,1
"ENSG00000108559",1.32969186151958,1.35192359050139,1
"ENSG00000108561",1.42638938251292,1.31587753671341,1.1037461402616
"ENSG00000108578",1.35176980581239,1.32196781874045,1
"ENSG00000108582",1.32482793933908,1.45490687247129,1
"ENSG00000108587",1.2218909592046,1.21344542609929,1
"ENSG00000108588",1.10657691094635,1.19453710887067,1
"ENSG00000108590",1.37428464255101,1.24192910433027,1
"ENSG00000108591",1.20958192469244,1.24806043485191,1
"ENSG00000108592",1.2977048749531,1.15598320751559,1
"ENSG00000108599",1.44355717701684,1.30117903456186,1.18997988350901
"ENSG00000108604",1.15439131397881,1.20937636980125,1
"ENSG00000108622",1.40152878369126,1.26067252432983,1.16439771579303
"ENSG00000108639",1.27403090597396,1.17109306323722,1
"ENSG00000108651",1.20037927274993,1.08289829844615,1
"ENSG00000108654",1.22097491802179,1.09281118321496,1
"ENSG00000108666",1.49596716828472,1.36617019698004,1.06488354254068
"ENSG00000108669",1.64589460342773,1.23066811081486,1.45422144004247
"ENSG00000108671",1.24168568826751,1.15896247481545,1
"ENSG00000108679",1.11376531471278,1.08906769604682,1
"ENSG00000108733",1.37000927528635,1.05872331445995,1
"ENSG00000108773",1.253214500868,1.29107479450265,1
"ENSG00000108774",1.27139595923746,1.43773046002065,1
"ENSG00000108784",1.49906628241118,1.22485037341787,1.15769657153028
"ENSG00000108788",1.28304459257301,1.36335451681695,1
"ENSG00000108798",1.1585791540638,1.2772313902105,1
"ENSG00000108799",1.53989662246235,1.35849563231078,1.29898116141676
"ENSG00000108819",1.42662572396456,1.29235282163578,1.14046959990037
"ENSG00000108826",1.29202594057272,1.32642229165635,1
"ENSG00000108828",1.28371663455586,1.12955003366697,1
"ENSG00000108829",1.25417911285789,1.10330555171663,1
"ENSG00000108840",1.2842641574587,1.3185118562278,1
"ENSG00000108846",1.20759641813427,1.12856100783476,1
"ENSG00000108848",1.20919480705013,1.20519938118246,1
"ENSG00000108854",1.17563696686005,1.15040044091922,1
"ENSG00000108861",1.28354276042247,1.11459439556568,1
"ENSG00000108883",1.14961513601667,1.11390040843515,1
"ENSG00000108932",1.43552228018365,1.27264687049151,1.14717713234073
"ENSG00000108946",1.32245893240454,1.38236895773908,1
"ENSG00000108953",1.25899427526365,1.1640318974309,1
"ENSG00000108958",1.26011924867161,1.13698816117122,1
"ENSG00000108960",1.38315000111775,1.14188117581687,1.15303763204821
"ENSG00000108961",1.47048207499354,1.23805194605963,1.13055110231988
"ENSG00000108963",1.30994528449242,1.24092411834556,1
"ENSG00000108984",1.10658858461017,1.28017730793156,1
"ENSG00000109016",1.24225408747117,1.31729613822772,1
"ENSG00000109046",1.36909885123811,1.23489927646635,1.09178110193512
"ENSG00000109062",1.17125624336968,1.22211469999772,1
"ENSG00000109063",1.33225298097129,1.21530319962282,1
"ENSG00000109065",1.3430451832779,1.23556456812557,1
"ENSG00000109066",1.25771497466603,1.09939253839143,1
"ENSG00000109079",1.23676877579038,1.11601631477988,1
"ENSG00000109083",1.31636103991599,1.22342068565931,1
"ENSG00000109084",1.7491570445554,1.33578349370175,1.37553289751872
"ENSG00000109103",1.56185299255731,1.45387092694771,1.22672473138368
"ENSG00000109107",1.538107320488,1.14711465627215,1.20350775855973
"ENSG00000109111",1.12036765134493,1.18781286235357,1
"ENSG00000109113",1.43234148055778,1.2748688933898,1
"ENSG00000109118",1.48195589166027,1.36022059161036,1.19826004290494
"ENSG00000109133",1.2105633326572,1.37039508747506,1
"ENSG00000109171",1.13364752864571,1.12276801255417,1
"ENSG00000109180",1.29843491161302,1.23438881766463,1
"ENSG00000109184",1.41651712218342,1.33521924748677,1.05902866591428
"ENSG00000109189",1.37219729198078,1.25321569013769,1
"ENSG00000109220",1.26976970533611,1.45094021908191,1
"ENSG00000109270",1.28544839131669,1.16287960733701,1
"ENSG00000109320",1.12921864285119,1.20106096205493,1
"ENSG00000109323",1.36985087275738,1.33666710617901,1
"ENSG00000109332",1.51759786274402,1.39928232167246,1.22984330952672
"ENSG00000109381",1.65242971937779,1.41148986128975,1.38684670109168
"ENSG00000109390",1.2816011186026,1.21177356300134,1
"ENSG00000109436",1.05813739477855,1.18634542217001,1
"ENSG00000109445",1.39613791283332,1.20675544657752,1.1428225275023
"ENSG00000109452",1.59248559494561,1.24850606279933,1.31792149836513
"ENSG00000109458",1.17820351383691,1.45625711323684,1
"ENSG00000109466",1.37626365867486,1.4775023426358,1
"ENSG00000109475",1.17851100895571,1.29676195931872,1
"ENSG00000109519",1.40996319250844,1.18483773597339,1.15418625866143
"ENSG00000109534",1.6853157910288,1.1514106455376,1.28093845416932
"ENSG00000109536",1.39004457382572,1.18777701157779,1.06955631513157
"ENSG00000109572",1.19463354627599,1.13218977512995,1
"ENSG00000109586",1.18470646859354,1.35557222605609,1
"ENSG00000109606",1.32717794809473,1.18360093369045,1
"ENSG00000109618",1.417780897814,1.30040847419194,1.14757502377138
"ENSG00000109654",1.18197403845267,1.21635493316204,1
"ENSG00000109667",1.49280008590973,1.28885835862434,1.12805893551743
"ENSG00000109670",1.3681316338261,1.04457877563661,1.14308384175965
"ENSG00000109674",1.34566648923192,1.20806983108443,1
"ENSG00000109680",1.64416198028026,1.41183872480877,1.29418951499313
"ENSG00000109685",1.27440509397571,1.21064946787918,1
"ENSG00000109689",1.29366366152467,1.18618095175551,1
"ENSG00000109736",1.03869652664119,1.03969879773126,1
"ENSG00000109756",1.57576378642194,1.45480966535378,1.28152427669575
"ENSG00000109762",1.20379017274889,1.28492406142407,1
"ENSG00000109775",1.4824498064075,1.29430729870709,1.17168860901321
"ENSG00000109787",1.30616982430959,1.30375750291945,1
"ENSG00000109790",1.16424640983983,1.13248504573696,1
"ENSG00000109814",1.4883782123047,1.25945090362469,1.18819671304881
"ENSG00000109854",1.53429128245281,1.3922894098629,1.23141724627007
"ENSG00000109861",1.16934205964551,1.15105941340507,1
"ENSG00000109906",1.25726050159154,1.15809822091306,1
"ENSG00000109911",1.42190986653337,1.2711647736117,1.07591061375682
"ENSG00000109917",1.35450685540944,1.33365173405981,1
"ENSG00000109919",1.31127658338711,1.30513820423602,1
"ENSG00000109920",1.21679478739381,1.28625878223737,1
"ENSG00000109929",1.15378843834471,1.35046052177042,1
"ENSG00000109944",1.27137446537452,1.41038939835652,1
"ENSG00000109971",1.27576336528364,1.28731896247982,1
"ENSG00000110002",1.58825761775695,1.1491676033328,1.31648832181508
"ENSG00000110011",1.24839152507938,1.06140371008244,1
"ENSG00000110013",1.09667097626686,1.16247249320116,1
"ENSG00000110031",1.34344210842083,1.22947464318941,1.06440299484125
"ENSG00000110042",1.43232267058807,1.29931420741685,1.03973079102901
"ENSG00000110046",1.25580910677746,1.32898514578779,1
"ENSG00000110047",1.34278681403247,1.34169574711462,1
"ENSG00000110048",1.08819399948992,1.03372513327912,1
"ENSG00000110057",1.17278558081576,1.26614703155678,1
"ENSG00000110060",1.48623613061259,1.30357123751808,1.16865991936045
"ENSG00000110063",1.4051894493169,1.19269527638729,1.07833607902556
"ENSG00000110066",1.20672160974288,1.28879054680738,1
"ENSG00000110074",1.13622391262291,1.0597931391105,1
"ENSG00000110075",1.12026862989033,1.13367361006744,1
"ENSG00000110079",1.68059602177736,1.15869949336202,1.33978870421502
"ENSG00000110080",1.4657040394864,1.50674822467561,1
"ENSG00000110090",1.3140898014778,1.14019815429203,1
"ENSG00000110104",1.43842244824404,1.20519671742955,1
"ENSG00000110107",1.29129228108671,1.17649372152008,1
"ENSG00000110108",1.37205373387008,1.19693434337915,1.0271353265384
"ENSG00000110171",1.03128342754203,1.21052808533449,1
"ENSG00000110172",1.27612769049664,1.27123414774504,1
"ENSG00000110200",1.30408164889746,1.16006690430353,1
"ENSG00000110203",1.05926184660284,1.19671900317757,1
"ENSG00000110218",1.13741122840963,1.17671609357951,1
"ENSG00000110274",1.28988669193594,1.05166393822953,1
"ENSG00000110315",1.45736199622216,1.44775282224968,1.08998903897661
"ENSG00000110318",1.43879931244109,1.31123907247823,1
"ENSG00000110321",1.30706748441137,1.07388138527469,1
"ENSG00000110324",1.29523496989217,1.2397887647917,1
"ENSG00000110330",1.105592862815,1.04291175498363,1
"ENSG00000110344",1.23718465191666,1.24787359314285,1
"ENSG00000110367",1.23183345397611,1.23802542681635,1
"ENSG00000110395",1.59290971858671,1.33862850575693,1.35796439735745
"ENSG00000110422",1.84763068208244,1.37134841426195,1.61602196807783
"ENSG00000110429",1.28833164775378,1.19582562736573,1
"ENSG00000110435",1.28378899882378,1.23511761892975,1
"ENSG00000110442",1.12148919646205,1.22055524464685,1
"ENSG00000110455",1.29887239618778,1.0308884975463,1
"ENSG00000110497",1.17727188932257,1.10650792253206,1
"ENSG00000110514",1.0248181717814,1.12646063124621,1
"ENSG00000110536",1.19816114701713,1.24144898663897,1
"ENSG00000110583",1.16551824388311,1.33493158724103,1
"ENSG00000110619",1.73061693243244,1.4108852950267,1.46540938043253
"ENSG00000110628",1.19060196141851,1.3132074742886,1
"ENSG00000110651",1.1364754121728,1.2167568138466,1
"ENSG00000110660",1.21892635849127,1.24091862536939,1
"ENSG00000110665",1.24709108170802,1.03687305932664,1
"ENSG00000110693",1.35060404238134,1.07368312910025,1.06928527447779
"ENSG00000110696",1.38470351456993,1.23553296363028,1.13564864328713
"ENSG00000110697",1.34506673818567,1.19889399761933,1
"ENSG00000110700",1.32089386267368,1.25679601030615,1
"ENSG00000110711",1.29173089815803,1.12708017008253,1
"ENSG00000110713",1.4024558513563,1.4172765235405,1.02358992783199
"ENSG00000110717",1.40652546944644,1.22635584627733,1.09833331578855
"ENSG00000110719",1.52659591504602,1.36580816495949,1.26046418191355
"ENSG00000110721",1.22629946563866,1.20697376874375,1
"ENSG00000110723",1.61237448880708,1.20744955120828,1.21300636102861
"ENSG00000110756",1.19722028551608,1.25950325890893,1
"ENSG00000110768",1.30630565806264,1.20941269683689,1
"ENSG00000110777",1.44797595110193,1.19510936820839,1
"ENSG00000110801",1.48166940501509,1.2361606319144,1.13874213949559
"ENSG00000110844",1.33470384396488,1.21298078635761,1
"ENSG00000110851",1.26324997474702,1.18938957322619,1
"ENSG00000110852",1.15824657981889,1.10747222092541,1
"ENSG00000110871",1.25114966884368,1.34789139137759,1
"ENSG00000110876",1.586309383738,1.4567515191614,1.28861253226864
"ENSG00000110880",1.46277677218818,1.32626799087547,1.16973050831567
"ENSG00000110888",1.19032484603343,1.17806805742863,1
"ENSG00000110906",1.22043537434922,1.10066918643799,1
"ENSG00000110911",1.15835375822763,1.25627130677043,1
"ENSG00000110917",1.20450536126823,1.18307896095884,1
"ENSG00000110921",1.15555084987578,1.24516479214694,1
"ENSG00000110925",1.19501456414222,1.06265209078136,1
"ENSG00000110931",1.93328042132866,1.4433542555763,1.63637534218587
"ENSG00000110934",1.52306956546293,1.46275593935303,1.21532230371382
"ENSG00000110944",1.44307663733741,1.37489609487108,1
"ENSG00000110955",1.30678890004011,1.10895448944249,1
"ENSG00000110958",1.07782266872651,1.25247944515564,1
"ENSG00000111011",1.27330191612335,1.05335036619275,1
"ENSG00000111052",1.38019486031905,1.47908636289248,1
"ENSG00000111110",1.31562393438041,1.33819427673161,1
"ENSG00000111142",1.47872539039164,1.35254400268819,1.1777052574294
"ENSG00000111144",1.27706069465931,1.10103652266642,1
"ENSG00000111145",1.26721202653319,1.31770650208634,1
"ENSG00000111181",1.21737979449569,1.22050755887436,1
"ENSG00000111196",1.56496610928302,1.35006877781288,1.2169909658174
"ENSG00000111203",1.1148555960886,1.27356532103789,1
"ENSG00000111215",1.29983111514978,1.26047545482204,1
"ENSG00000111224",1.078178856478,1.23795596564903,1
"ENSG00000111229",1.36981566951582,1.25153346887488,1.06067650180906
"ENSG00000111231",1.09983446284425,1.15596730610835,1
"ENSG00000111237",1.1306468742799,1.16284750334928,1
"ENSG00000111252",1.460909853365,1.27361101723741,1.20227415296801
"ENSG00000111261",1.36088326661722,1.64917328473142,1
"ENSG00000111266",1.22852433671591,1.09079540536338,1
"ENSG00000111269",1.36680302912742,1.32748475627665,1
"ENSG00000111271",1.03834204614595,1.05503229108209,1
"ENSG00000111275",1.29241819807631,1.09627962809234,1
"ENSG00000111276",1.09685162316138,1.29558695701676,1
"ENSG00000111300",1.43109230503628,1.37461763628939,1.06494674173413
"ENSG00000111321",1.49397086909949,1.35500720897747,1.15424967892987
"ENSG00000111325",1.16989713895834,1.22136108439007,1
"ENSG00000111328",1.82335688166641,1.22126420882994,1.5422414063047
"ENSG00000111331",1.08816876529199,1.07865811342286,1
"ENSG00000111335",1.29161223505811,1.11675119118492,1
"ENSG00000111348",1.69877426329886,1.48444440245937,1.41967245132224
"ENSG00000111358",1.51167492769024,1.3275742803666,1.22148951268182
"ENSG00000111361",1.35581980925998,1.23776567257992,1
"ENSG00000111364",1.2359603009628,1.32051352984677,1
"ENSG00000111371",1.49490869165736,1.35012057623924,1.12201791332292
"ENSG00000111412",1.17149906058482,1.21712036711366,1
"ENSG00000111424",1.52399113930888,1.4423405955981,1
"ENSG00000111445",1.18046773302735,1.16674130528828,1
"ENSG00000111450",1.17561351029377,1.2463077091689,1
"ENSG00000111452",1.4941571822441,1.03332695274008,1
"ENSG00000111481",1.39166190155868,1.16000928048401,1.15325289585257
"ENSG00000111490",1.30506700316061,1.50667406201824,1
"ENSG00000111530",1.3906078562555,1.30268731636619,1.07771753897203
"ENSG00000111540",1.53339139545297,1.30371816087691,1.20834590289486
"ENSG00000111554",1.41768289819926,1.08302169572525,1.19158212150993
"ENSG00000111581",1.2514036986253,1.28797730364479,1
"ENSG00000111596",1.42246783620641,1.16041446322483,1.19940644305314
"ENSG00000111602",1.22634355913647,1.22720132684611,1
"ENSG00000111605",1.40816969916194,1.25003679843924,1.13386333754185
"ENSG00000111615",1.32337233464354,1.3236520877589,1
"ENSG00000111639",1.15314424738411,1.24768250141225,1
"ENSG00000111640",1.07629299984044,1.1907550605285,1
"ENSG00000111641",1.34797986055015,1.18132898325798,1
"ENSG00000111642",1.14910811432665,1.15904162646512,1
"ENSG00000111644",1.26771170890377,1.25315291448885,1
"ENSG00000111647",1.39355008952596,1.44166139709673,1
"ENSG00000111652",1.27974214802619,1.22303388671722,1
"ENSG00000111653",1.16512184905672,1.02050703877667,1
"ENSG00000111666",1.17209774726379,1.12060001106174,1
"ENSG00000111667",1.33564498890856,1.16244333247137,1
"ENSG00000111669",1.26297782782608,1.14341233338724,1
"ENSG00000111670",1.45193059121043,1.28419968235293,1.19958617152147
"ENSG00000111671",1.21724318132719,1.1162979079556,1
"ENSG00000111674",1.39879971796718,1.24184646783956,1
"ENSG00000111678",1.27495630294304,1.31784710444871,1
"ENSG00000111679",1.44885408765249,1.31532304172539,1.17318924505826
"ENSG00000111684",1.37463898039912,1.35407854521692,1
"ENSG00000111696",1.2676917373118,1.11703197423637,1
"ENSG00000111707",1.14751991796012,1.28356134155154,1
"ENSG00000111711",1.27097699100155,1.27147309689537,1
"ENSG00000111716",1.47737181749344,1.28384798603088,1.20066816663367
"ENSG00000111725",1.40030704148606,1.1922655375979,1.14774292919438
"ENSG00000111726",1.24734859274564,1.26159815369787,1
"ENSG00000111727",1.33204279662504,1.35276355347943,1
"ENSG00000111731",1.46216031072016,1.12840673749206,1.26235033130099
"ENSG00000111737",1.51434057969152,1.40890857910319,1.20891852835456
"ENSG00000111752",1.30020654210587,1.27331654833949,1
"ENSG00000111775",1.10038725923835,1.12632590881835,1
"ENSG00000111785",1.28355089773026,1.33950378948354,1
"ENSG00000111786",1.14910812763265,1.18730400089309,1
"ENSG00000111790",1.04872748512682,1.13153570471227,1
"ENSG00000111801",1.12129993269229,1.06193241066359,1
"ENSG00000111802",1.46679161970964,1.41938716756353,1.14896312565215
"ENSG00000111817",1.31570736901847,1.2767819891338,1
"ENSG00000111832",1.26862063518654,1.35458351140058,1
"ENSG00000111843",1.47485965757425,1.25653826383792,1.19654780941432
"ENSG00000111845",1.47504689424608,1.36350552316867,1
"ENSG00000111846",1.22924423661422,1.24408084073241,1
"ENSG00000111850",1.38725518382038,1.08020255071824,1.02005723337554
"ENSG00000111859",1.50706553249483,1.52956043036138,1.08949124130838
"ENSG00000111860",1.35889872314217,1.12978348882699,1.10024565174259
"ENSG00000111863",1.36352440640474,1.20251588205049,1
"ENSG00000111875",1.38784578784318,1.34101876762393,1
"ENSG00000111877",1.07935556121855,1.14925630257027,1
"ENSG00000111879",1.67459423513063,1.28382420926861,1.28956254237248
"ENSG00000111880",1.41398872536662,1.0426246507356,1.18000650452633
"ENSG00000111897",1.1542736368105,1.24467784062577,1
"ENSG00000111906",1.39275597723577,1.32526593274969,1
"ENSG00000111911",1.18244624153789,1.21811004067955,1
"ENSG00000111912",1.47952610889194,1.23183696414996,1.26609518996707
"ENSG00000111961",1.51284977770688,1.29334381315179,1.09703463050152
"ENSG00000111962",1.29841537611694,1.30762265876898,1
"ENSG00000112029",1.24422390820069,1.27668324983547,1
"ENSG00000112031",1.07526739535044,1.03332882171214,1
"ENSG00000112033",1.31212066815318,1.05620875882628,1
"ENSG00000112039",1.14321498647198,1.20034895903562,1
"ENSG00000112053",1.34183363296557,1.50751737167143,1
"ENSG00000112062",1.24981920093266,1.4928799419157,1
"ENSG00000112077",1.40583635186384,1.15958889133625,1
"ENSG00000112078",1.08690632424166,1.21407242505264,1
"ENSG00000112079",1.3940850737698,1.26084973149631,1.15894137207509
"ENSG00000112081",1.15198157322133,1.17946326974874,1
"ENSG00000112096",1.73880192891851,1.6250453246941,1.29876408739632
"ENSG00000112110",1.24765145724778,1.29036723941654,1
"ENSG00000112118",1.28003362240098,1.20410282848916,1
"ENSG00000112130",1.42766659327389,1.34544571810501,1.07080030553673
"ENSG00000112137",1.17844391337621,1.18381499327368,1
"ENSG00000112144",1.37571520998112,1.27913058074762,1
"ENSG00000112146",1.40027806200529,1.10866335493327,1.17846055951368
"ENSG00000112149",1.33339092597621,1.20240553313482,1
"ENSG00000112159",1.27199762492658,1.24348469527723,1
"ENSG00000112167",1.38139733161238,1.26068974571993,1
"ENSG00000112200",1.34338035708325,1.27198117132038,1
"ENSG00000112208",1.39124584264242,1.33726808336903,1
"ENSG00000112234",1.30222039120371,1.15156550710405,1
"ENSG00000112237",1.23272387532983,1.29962436688708,1
"ENSG00000112242",1.67707307981998,1.43202804008677,1.39369039742209
"ENSG00000112245",1.30451481840494,1.20853661436381,1
"ENSG00000112249",1.38214604480057,1.29846574412243,1.06673644439273
"ENSG00000112282",1.15265339873819,1.11246200239343,1
"ENSG00000112294",1.06269600152613,1.08422220396895,1
"ENSG00000112297",1.10753361610287,1.21397085357926,1
"ENSG00000112304",1.16478184078821,1.13226254701302,1
"ENSG00000112305",1.19141896877258,1.02825560034067,1
"ENSG00000112306",1.24463946087683,1.23596888408469,1
"ENSG00000112308",1.42253805058178,1.18495269300434,1.20667692065608
"ENSG00000112312",1.23092332027735,1.29626571445548,1
"ENSG00000112335",1.14851373553483,1.02330525136563,1
"ENSG00000112339",1.3977523151112,1.25701319376903,1.12494577842211
"ENSG00000112343",1.36087831793951,1.22750497807584,1
"ENSG00000112357",1.45437957166429,1.28704394712234,1
"ENSG00000112365",1.29841617894085,1.22491912953733,1
"ENSG00000112367",1.26154487658529,1.18063944471919,1
"ENSG00000112394",1.38550213764002,1.16827744246497,1
"ENSG00000112406",1.43376617763041,1.40881314596201,1.11516839928441
"ENSG00000112419",1.11751584015412,1.18560869697347,1
"ENSG00000112425",1.71031212797473,1.27695255119646,1.39201641104063
"ENSG00000112531",1.2378753611644,1.34681521290174,1
"ENSG00000112561",1.69971151161966,1.44944376585057,1.38637731502774
"ENSG00000112576",1.01408500238593,1.16730042236828,1
"ENSG00000112578",1.25031574208125,1.25145681996594,1
"ENSG00000112584",1.1267202658089,1.20992581075065,1
"ENSG00000112592",1.0376367422864,1.02180401481251,1
"ENSG00000112624",1.45843703458907,1.24066856585206,1.23698293618822
"ENSG00000112640",1.16550108189992,1.04613258905015,1
"ENSG00000112651",1.26137541892042,1.2971214678604,1
"ENSG00000112658",1.53740142098881,1.28508438496242,1.28256066767416
"ENSG00000112659",1.21540943774584,1.08150711389997,1
"ENSG00000112667",1.48000578369619,1.35241720031075,1
"ENSG00000112679",1.38638518743465,1.24773041350151,1.12969067736192
"ENSG00000112685",1.36097360195317,1.25165183595624,1.076561327824
"ENSG00000112695",1.13253363907305,1.2054561434416,1
"ENSG00000112697",1.1396945798346,1.26698323135684,1
"ENSG00000112699",1.03598519429297,1.16622485673116,1
"ENSG00000112701",1.20178540990084,1.13128711627695,1
"ENSG00000112715",1.64177057166806,1.29917830161076,1.35782371675959
"ENSG00000112739",1.34176936739039,1.26588316973117,1
"ENSG00000112759",1.89093526351225,1.03391138059326,1.53376816058356
"ENSG00000112763",1.63870141033194,1.32009327366222,1.41306220397443
"ENSG00000112773",1.11142493833974,1.2034131728832,1
"ENSG00000112782",1.12378546034928,1.16445858440749,1
"ENSG00000112787",1.4187570230519,1.14494366798825,1
"ENSG00000112796",1.39287389647442,1.36102449673711,1
"ENSG00000112851",1.12504419468232,1.22308626030745,1
"ENSG00000112855",1.31554061492796,1.26387516903687,1
"ENSG00000112877",1.30975301102855,1.26417635669839,1
"ENSG00000112893",1.06254560594663,1.16102460404738,1
"ENSG00000112941",1.22546134142291,1.28135161461425,1
"ENSG00000112972",1.24771546196931,1.26850398642077,1
"ENSG00000112977",1.26525398814888,1.18951936975704,1
"ENSG00000112983",1.45224605387807,1.26784200442099,1.18949980755838
"ENSG00000112992",1.38398480827883,1.27712609004747,1.1139367167942
"ENSG00000112996",1.45706615296441,1.35886113536936,1.1111355518889
"ENSG00000113013",1.3786943982255,1.20450098267931,1.13651938416521
"ENSG00000113048",1.2404116283437,1.39017593324985,1
"ENSG00000113068",1.35206779961124,1.3290844122676,1
"ENSG00000113108",1.33647260888003,1.23955931344465,1
"ENSG00000113119",1.13265388980304,1.22512498138644,1
"ENSG00000113140",1.44435201791746,1.15936116516963,1.20330347569855
"ENSG00000113141",1.24348794491149,1.23187782706956,1
"ENSG00000113161",1.68534440294086,1.37987222074383,1.44524631665032
"ENSG00000113163",1.28171000182873,1.34005094495187,1
"ENSG00000113194",1.10272472159939,1.18934633257782,1
"ENSG00000113240",1.21362873885582,1.21067522465521,1
"ENSG00000113269",1.68825385665134,1.51761764241802,1.34349924219115
"ENSG00000113272",1.53874670257131,1.33029945364299,1.23174971710363
"ENSG00000113273",1.4014394961247,1.16077997825763,1.09992704760384
"ENSG00000113282",1.23714021121996,1.13482063941983,1
"ENSG00000113300",1.14712451748823,1.11539157061646,1
"ENSG00000113312",1.18949677896963,1.15940439393125,1
"ENSG00000113318",1.30346582095847,1.20297336411484,1
"ENSG00000113319",1.37770101335528,1.22486055070006,1
"ENSG00000113328",1.4045771136645,1.25124431697504,1.12774963254744
"ENSG00000113360",1.09069210982426,1.25731512411715,1
"ENSG00000113368",1.42662687559567,1.32446600589119,1.09733779209002
"ENSG00000113369",1.32823555844819,1.35302158405978,1
"ENSG00000113384",1.03398363429755,1.2324809515504,1
"ENSG00000113387",1.01484132123075,1.21408025909752,1
"ENSG00000113391",1.29130715947565,1.08966250530742,1
"ENSG00000113407",1.35849649191791,1.26710700899346,1.07247239644753
"ENSG00000113441",1.21955917006548,1.1700472084084,1
"ENSG00000113448",1.38108092771897,1.21183627284758,1.12926959596053
"ENSG00000113456",1.42378228287364,1.40899954165517,1
"ENSG00000113460",1.49194277392244,1.36708973807909,1.1371662686276
"ENSG00000113494",1.5166091812001,1.19794966919518,1.07647628816466
"ENSG00000113504",1.13259977362412,1.11686392778756,1
"ENSG00000113522",1.5061404115679,1.40495132145552,1.21561440617657
"ENSG00000113532",1.15858368681949,1.48080258694778,1
"ENSG00000113552",1.4248635067714,1.14587626182475,1.16138018072928
"ENSG00000113558",1.15278393483888,1.13254130278982,1
"ENSG00000113569",1.43400287361759,1.27353396964578,1.17816384245841
"ENSG00000113575",1.17234212696123,1.18626986376536,1
"ENSG00000113580",1.48746330699423,1.39333637585406,1.21404041804412
"ENSG00000113583",1.22143353726911,1.0985640864097,1
"ENSG00000113593",1.39931932617731,1.2786415091832,1.09313335302542
"ENSG00000113595",1.1616294598425,1.17878271969736,1
"ENSG00000113597",1.27032072257182,1.28334173039663,1
"ENSG00000113615",1.12998520665934,1.23232731331029,1
"ENSG00000113621",1.28384549392686,1.28159032314867,1
"ENSG00000113638",1.17315668375188,1.19102502206999,1
"ENSG00000113643",1.30190542629636,1.31156032322415,1
"ENSG00000113648",1.28765080932609,1.29434335882565,1
"ENSG00000113649",1.53057395500684,1.32562912740571,1.26792264739724
"ENSG00000113658",1.25129684636091,1.24614586819057,1
"ENSG00000113712",1.3099467856972,1.2099808494176,1
"ENSG00000113716",1.26000446164808,1.27221044256726,1
"ENSG00000113719",1.76743769036733,1.60417645149214,1.39253545282303
"ENSG00000113732",1.58944756835671,1.32445933515382,1.35564817931176
"ENSG00000113734",1.23254706008587,1.34099448183335,1
"ENSG00000113742",1.44219139220647,1.46558425777557,1.0592854513284
"ENSG00000113749",1.66025677615994,1.44229887634011,1.37889322104264
"ENSG00000113758",1.37134448418179,1.34817711262042,1
"ENSG00000113761",1.36125237459828,1.09714658890003,1
"ENSG00000113810",1.1343257860426,1.14913398591895,1
"ENSG00000113811",1.25627130419875,1.09472483643719,1
"ENSG00000113812",1.41775403399014,1.17379323651091,1.18545001759856
"ENSG00000113838",1.31796036900126,1.28942648563599,1
"ENSG00000113845",1.30984209850423,1.27306670946545,1
"ENSG00000113851",1.31914111356493,1.25837740653608,1
"ENSG00000113916",1.59339745785296,1.56854993349967,1.1618200386656
"ENSG00000113924",1.42429260631676,1.03594066491906,1
"ENSG00000113966",1.6908985911157,1.39196887614029,1.28171149450624
"ENSG00000113971",1.09659446146774,1.13322000585539,1
"ENSG00000114021",1.44880104087934,1.36685585142088,1.08874283267745
"ENSG00000114023",1.52952614854796,1.33045029860683,1.23146898070509
"ENSG00000114026",1.09876861980004,1.17846952126767,1
"ENSG00000114030",1.45537743187141,1.39036878171891,1.18011211471767
"ENSG00000114054",1.23486200316694,1.31330901992633,1
"ENSG00000114062",1.41233024143425,1.36483872336691,1.08237238296557
"ENSG00000114098",1.24403189068458,1.08042321900646,1
"ENSG00000114107",1.51167315643197,1.4384824368266,1
"ENSG00000114120",1.51337473754427,1.27573118430837,1.26956754112523
"ENSG00000114125",1.17677370948842,1.26839464973524,1
"ENSG00000114126",1.22690357174862,1.25988624623375,1
"ENSG00000114127",1.27117170911221,1.1725770681189,1
"ENSG00000114166",1.20716323418984,1.02787399954211,1
"ENSG00000114209",1.08083839537303,1.14338957249342,1
"ENSG00000114268",1.74071828902252,1.63660721187163,1.28930797568133
"ENSG00000114302",1.25579277211502,1.15862530200074,1
"ENSG00000114316",2.14683706170862,1.58766995861823,1.80565941979941
"ENSG00000114331",1.46357103068786,1.39946480644453,1.14660132513707
"ENSG00000114346",1.90658310657931,1.12938265032308,1.6790506174072
"ENSG00000114353",1.58361967244379,1.42651659069077,1.26775429154269
"ENSG00000114354",1.17072361012914,1.1213735617357,1
"ENSG00000114383",1.28748535195491,1.18075600905382,1
"ENSG00000114388",1.19465713888906,1.1402119795027,1
"ENSG00000114391",1.39057757271059,1.29685133549561,1.03691593060436
"ENSG00000114395",1.25692209002821,1.06661792872473,1
"ENSG00000114416",1.3051663979333,1.18745463855122,1
"ENSG00000114423",1.33671994016577,1.30526920718366,1
"ENSG00000114439",1.24467287611048,1.0762133092251,1
"ENSG00000114446",1.16625387250171,1.27431368559795,1
"ENSG00000114450",1.07829273078714,1.26878424650694,1
"ENSG00000114473",1.08190722838737,1.28565775286929,1
"ENSG00000114480",1.27321385097292,1.35186727550562,1
"ENSG00000114491",1.53303395428763,1.35180512606187,1.25484120342112
"ENSG00000114503",1.38725711321719,1.31675760195098,1.04202033171752
"ENSG00000114520",1.22932856238823,1.30655139475996,1
"ENSG00000114541",1.28170551362843,1.17693168260146,1
"ENSG00000114544",1.3565367972624,1.21965266440387,1
"ENSG00000114554",1.02356976150781,1.23904824838534,1
"ENSG00000114573",1.36560684791287,1.39269906864373,1
"ENSG00000114626",1.48636120327987,1.54682243603944,1.04695408941365
"ENSG00000114648",1.45715311172004,1.32410618053955,1.16056570041781
"ENSG00000114650",1.36407513896591,1.31413173282201,1
"ENSG00000114656",2.06266315464523,1.6298255623622,1.60476875576895
"ENSG00000114670",1.88312976563749,1.17352879676525,1.55308737130145
"ENSG00000114686",1.40919247054197,1.37038840463074,1
"ENSG00000114735",1.1402662190183,1.26941160740191,1
"ENSG00000114737",1.26660645823504,1.16739443940435,1
"ENSG00000114738",1.29225427934375,1.31507004025204,1
"ENSG00000114739",1.43951780491121,1.20595512981171,1.15826529824732
"ENSG00000114742",1.39736280518388,1.10801371384323,1.16763042441991
"ENSG00000114744",1.26473706351214,1.20329454408971,1
"ENSG00000114745",1.35321228907957,1.2270954537624,1
"ENSG00000114770",1.11531181012635,1.31585918247541,1
"ENSG00000114779",1.39657581418905,1.28010571290944,1
"ENSG00000114784",1.2751297649695,1.25283834811235,1
"ENSG00000114796",1.45145402703011,1.11061887723845,1.2512101643966
"ENSG00000114812",1.17533919114666,1.15860166372011,1
"ENSG00000114841",1.20932517595605,1.08081134472392,1
"ENSG00000114850",1.02474832750313,1.22077581405491,1
"ENSG00000114853",1.25071665658501,1.31037431183723,1
"ENSG00000114857",1.2523424058459,1.16903800212333,1
"ENSG00000114861",1.09597186382647,1.08392331721377,1
"ENSG00000114867",1.05978256533917,1.09549271147428,1
"ENSG00000114902",1.40519747621123,1.09446159897579,1.13784457215842
"ENSG00000114904",1.39784240367256,1.2895022132147,1.09439509419945
"ENSG00000114933",1.14875299566685,1.13212810382603,1
"ENSG00000114942",1.03513362610532,1.31031730493255,1
"ENSG00000114948",1.20442990475497,1.21555216582611,1
"ENSG00000114956",1.06902418698567,1.09211150360789,1
"ENSG00000114978",1.43868006366906,1.26582876736297,1.17228045236101
"ENSG00000114982",1.22521927706299,1.17323867582455,1
"ENSG00000114988",1.15893964565346,1.06931850223178,1
"ENSG00000114999",1.18854830249918,1.23229957909697,1
"ENSG00000115020",1.15066095341284,1.13150824234655,1
"ENSG00000115042",1.34781839911884,1.32786561767233,1
"ENSG00000115053",1.38868200384409,1.18326143641942,1.16074936504573
"ENSG00000115073",1.35605125408239,1.24149233639216,1.07211614578818
"ENSG00000115084",1.28549040311508,1.13612006887922,1
"ENSG00000115091",1.51415616644009,1.34833620267726,1.24106217776463
"ENSG00000115109",1.3580592811684,1.13112220560052,1
"ENSG00000115128",1.24895093290179,1.10563658767209,1
"ENSG00000115129",1.41215998667741,1.13457010278298,1
"ENSG00000115137",1.41112236190805,1.29065375696057,1
"ENSG00000115145",1.36271676587667,1.2955195245297,1
"ENSG00000115159",1.10650973962033,1.08813401733359,1
"ENSG00000115165",1.15641526840875,1.39428323932414,1
"ENSG00000115170",1.36044948678258,1.20322456150108,1
"ENSG00000115204",1.28487585651632,1.19615699671848,1
"ENSG00000115207",1.16137659223505,1.0923299449477,1
"ENSG00000115211",1.28373432564687,1.18630574748035,1
"ENSG00000115216",1.47696451996302,1.27023458342837,1.22995605095504
"ENSG00000115221",1.10568809472083,1.25376257322469,1
"ENSG00000115232",1.40740132159179,1.2926462731481,1.15771226776708
"ENSG00000115233",1.25995831954625,1.33631176177795,1
"ENSG00000115234",1.21928809265898,1.14788482541817,1
"ENSG00000115239",1.15925862680994,1.15009133716411,1
"ENSG00000115241",1.19459889157202,1.148984048252,1
"ENSG00000115267",1.2669096904163,1.16592922940405,1
"ENSG00000115268",1.35302634116991,1.21744246764135,1.03760617993263
"ENSG00000115271",1.48239724010662,1.50940782825079,1
"ENSG00000115274",1.34586221863152,1.12117334092157,1
"ENSG00000115275",1.23209245643507,1.18203137157546,1
"ENSG00000115282",1.1272976542641,1.22334633324561,1
"ENSG00000115286",1.21352002790951,1.1865799655454,1
"ENSG00000115289",1.05272949445193,1.26532737979223,1
"ENSG00000115295",1.60624883915464,1.38182202033754,1.36707793488258
"ENSG00000115306",1.28209199602278,1.13733524928523,1
"ENSG00000115307",1.08050406428842,1.11528628228557,1
"ENSG00000115310",1.53975717829,1.21845283236591,1.34061637103084
"ENSG00000115317",1.23576436928721,1.23850877740705,1
"ENSG00000115318",1.11565069984402,1.15080098721795,1
"ENSG00000115325",1.28091596883778,1.34752320732208,1
"ENSG00000115339",1.39947440672774,1.3290597823255,1
"ENSG00000115350",1.23779489504702,1.32367012688485,1
"ENSG00000115355",1.36254581594718,1.23652677002958,1.02454099126497
"ENSG00000115364",1.50842949637081,1.33580619049102,1.20268425538694
"ENSG00000115365",1.58822446449022,1.39748975439557,1.29253497279404
"ENSG00000115368",1.48031504014992,1.36024358896925,1.16648938024704
"ENSG00000115392",1.40171441514881,1.37070965837889,1
"ENSG00000115415",1.31825165085365,1.1700823366979,1
"ENSG00000115419",1.27218860884385,1.25832086481307,1
"ENSG00000115421",1.16573160556136,1.23179063916608,1
"ENSG00000115423",1.1956301348202,1.15323411447887,1
"ENSG00000115425",1.27492543111875,1.06664929818949,1
"ENSG00000115446",1.22128208521517,1.17539207278697,1
"ENSG00000115459",1.28739913975681,1.11972178020756,1
"ENSG00000115464",1.24145430266228,1.14658290851978,1
"ENSG00000115484",1.44579217572847,1.29942636968999,1.17470054757244
"ENSG00000115486",1.28736024608214,1.02273507851466,1
"ENSG00000115504",1.47680282946674,1.30683446475203,1.18381540237784
"ENSG00000115514",1.10301821938819,1.20815368325838,1
"ENSG00000115520",1.40695652864435,1.29881919927281,1.12454327274392
"ENSG00000115524",1.28995709951464,1.25531746710892,1
"ENSG00000115525",1.23982752114913,1.33641965857969,1
"ENSG00000115526",1.68357819725302,1.24501164157067,1.25916582938163
"ENSG00000115539",1.29955461331799,1.22075147919603,1
"ENSG00000115540",1.22591372854591,1.00729086896372,1
"ENSG00000115541",1.29220392476705,1.38584808338726,1
"ENSG00000115548",1.31943837060234,1.29208864176829,1
"ENSG00000115561",1.50724640960539,1.50232641402268,1.18062225387474
"ENSG00000115568",1.2856027334048,1.14200589305143,1
"ENSG00000115590",1.5774922094214,1.59520396796087,1.14974430580867
"ENSG00000115594",1.55918099103594,1.49827432779929,1.14544838128212
"ENSG00000115649",1.09252563260093,1.05598305977308,1
"ENSG00000115652",1.42625402507961,1.27203590784295,1.11251560568498
"ENSG00000115661",1.3291499033929,1.15877280432387,1
"ENSG00000115677",1.2027412672683,1.17746096748233,1
"ENSG00000115685",1.3345205838963,1.11606975799902,1.0072487880472
"ENSG00000115694",1.29390216049325,1.29318726607222,1
"ENSG00000115738",1.40663888882811,1.19159397632121,1.15562319909509
"ENSG00000115750",1.34820055597514,1.29924396974655,1
"ENSG00000115756",1.18334306152956,1.26103984853443,1
"ENSG00000115758",1.26889384664126,1.09183621494849,1
"ENSG00000115760",1.17612325509469,1.02707241839345,1
"ENSG00000115761",1.34492426200756,1.38586351763596,1
"ENSG00000115762",1.10122534873377,1.22290847882638,1
"ENSG00000115806",1.35296771409917,1.29444526596009,1
"ENSG00000115808",1.30296594909132,1.33831192282399,1
"ENSG00000115816",1.3347976747403,1.27098330168527,1
"ENSG00000115825",1.20536821156419,1.22461740545379,1
"ENSG00000115827",1.33551804079638,1.3668245223024,1
"ENSG00000115839",1.14903006590431,1.09350641227141,1
"ENSG00000115840",1.69915155790896,1.40413466803063,1.42953677743979
"ENSG00000115841",1.15985154935939,1.04316486060115,1
"ENSG00000115866",1.48023407270194,1.26233174399581,1.23209096494398
"ENSG00000115875",1.4714141854114,1.3549125036426,1.19816333782907
"ENSG00000115896",1.37522645595176,1.12690352793284,1.08408501433546
"ENSG00000115902",1.23306208093541,1.22647366675205,1
"ENSG00000115904",1.17005454177243,1.1795547901179,1
"ENSG00000115935",1.50084342189545,1.31286660767533,1.26036464509405
"ENSG00000115942",1.09641875250939,1.14840076878274,1
"ENSG00000115944",1.31721281929683,1.23281247509764,1
"ENSG00000115946",1.45525420664005,1.28560529468717,1.08986675055139
"ENSG00000115947",1.36594071498015,1.15321052982161,1.10160336208781
"ENSG00000115956",1.40982453932583,1.2962677527021,1.08847595702196
"ENSG00000115966",1.30149211995149,1.14202656154651,1
"ENSG00000115970",1.17608172378916,1.18806378814719,1
"ENSG00000115977",1.11717042640032,1.15914981675467,1
"ENSG00000115993",1.15384690901479,1.10698190940994,1
"ENSG00000115998",1.10805270125708,1.24938885574093,1
"ENSG00000116001",1.16736079458828,1.22191031951897,1
"ENSG00000116005",1.42416924840983,1.23792323786191,1.17104366254242
"ENSG00000116016",1.73810679556565,1.30478659152274,1.35561125860958
"ENSG00000116017",1.85397679862045,1.50735744575039,1.52167811483296
"ENSG00000116030",1.09560259319084,1.07570254704779,1
"ENSG00000116044",1.44888788037076,1.32934428287838,1.1942058445411
"ENSG00000116062",1.2273770648514,1.16402828109014,1
"ENSG00000116095",1.18266938455326,1.10451415893973,1
"ENSG00000116106",1.32368154453376,1.17437313165388,1
"ENSG00000116120",1.39590348349424,1.32581361758387,1
"ENSG00000116127",1.18900560327151,1.22927236275267,1
"ENSG00000116128",1.27146817141189,1.04123827262262,1
"ENSG00000116133",1.17217509155491,1.26236559909882,1
"ENSG00000116138",1.14150909853763,1.28039273184602,1
"ENSG00000116151",1.16410524690936,1.08297997951525,1
"ENSG00000116157",1.48836096158825,1.30117901811718,1.04861970946662
"ENSG00000116161",1.26662465425319,1.2390379148054,1
"ENSG00000116171",1.39746718913402,1.25941634176734,1.15109196472765
"ENSG00000116198",1.01469121703937,1.21101396619793,1
"ENSG00000116199",1.37959928430043,1.23119438173774,1.13470978707519
"ENSG00000116205",1.15941435323109,1.16812939136384,1
"ENSG00000116209",1.28324551408375,1.23306820835181,1
"ENSG00000116212",1.42072071361999,1.15078295756778,1
"ENSG00000116213",1.13830788822119,1.22551303512931,1
"ENSG00000116221",1.42822057657171,1.25772794740159,1.13400732508572
"ENSG00000116237",1.30255437842098,1.24005235848377,1
"ENSG00000116251",1.47941772984541,1.29867827604223,1.21816389934022
"ENSG00000116260",1.19073039058302,1.29211135715068,1
"ENSG00000116266",1.21431480768689,1.30426483660432,1
"ENSG00000116273",1.48255392692221,1.26733662795034,1.15350119120024
"ENSG00000116288",1.1417581498363,1.16341801285273,1
"ENSG00000116299",1.29036000692848,1.27510830377226,1
"ENSG00000116337",1.45417352761912,1.4067010505042,1.13374142358868
"ENSG00000116350",1.17547107559749,1.23551473886416,1
"ENSG00000116353",1.3521024555515,1.30316776517423,1
"ENSG00000116406",1.08839765828823,1.20499875881846,1
"ENSG00000116455",1.27469357372531,1.31879605375239,1
"ENSG00000116459",1.19699722111446,1.20625960867022,1
"ENSG00000116473",1.40612989062938,1.2380232060773,1.1768379646052
"ENSG00000116478",1.23337454312984,1.08791200955537,1
"ENSG00000116489",1.24811426912161,1.1850097989603,1
"ENSG00000116497",1.0490050928399,1.1750405805295,1
"ENSG00000116514",1.4953602107282,1.45548047985384,1.0769342688367
"ENSG00000116521",1.37006657071982,1.21534228718813,1
"ENSG00000116525",1.46363755182416,1.07517621922628,1
"ENSG00000116539",1.31208799325951,1.17941919417161,1
"ENSG00000116560",1.19850977480332,1.18305632574998,1
"ENSG00000116574",1.19122031857741,1.20705725811338,1
"ENSG00000116580",1.2533767141079,1.07340334466512,1
"ENSG00000116584",1.50613405941849,1.34734469364219,1.24253811942543
"ENSG00000116586",1.15147308653103,1.05805089663234,1
"ENSG00000116604",1.4666834812963,1.19447375418404,1.18769569654892
"ENSG00000116641",1.22993489975157,1.29711744933973,1
"ENSG00000116649",1.36492993212865,1.15046914244422,1
"ENSG00000116663",1.43431707177348,1.16011280881173,1.0394960735337
"ENSG00000116667",1.2595555320757,1.2663768994175,1
"ENSG00000116668",1.24832090213995,1.14830227526749,1
"ENSG00000116670",1.43651782170254,1.10759537973989,1.15559212680947
"ENSG00000116675",1.30420209641142,1.20672621048557,1
"ENSG00000116678",1.09338357678505,1.12842459607798,1
"ENSG00000116679",1.29370793258065,1.27141444679011,1
"ENSG00000116685",1.25583331646771,1.35353274670675,1
"ENSG00000116688",1.07683306223587,1.25692466495553,1
"ENSG00000116691",1.1857911473213,1.19365499878617,1
"ENSG00000116698",1.2926366937249,1.20382262607013,1
"ENSG00000116704",1.05360191194837,1.26808649038729,1
"ENSG00000116711",1.20060074197434,1.16624550673283,1
"ENSG00000116717",1.34179675224799,1.24844425457996,1
"ENSG00000116729",1.61744379188571,1.34936755002019,1.36034406474926
"ENSG00000116731",1.31995929330601,1.09922476383968,1.0374841898425
"ENSG00000116741",1.38749313329872,1.44680707004463,1
"ENSG00000116747",1.29675954357,1.1057952481941,1
"ENSG00000116750",1.40154435664867,1.25084878348412,1.13718485744027
"ENSG00000116752",1.3124998448091,1.18222737502912,1
"ENSG00000116754",1.45336270711391,1.25904131688163,1.21231419242113
"ENSG00000116771",1.30727784203648,1.26090840440904,1
"ENSG00000116786",1.27171883237188,1.23751068122691,1
"ENSG00000116791",1.54098356010734,1.37617221864043,1.22817562851745
"ENSG00000116793",1.67569107260087,1.37042242415045,1.37969885198073
"ENSG00000116809",1.43616166744144,1.22522937656384,1.1779628873146
"ENSG00000116815",1.66165411448993,1.32948099082945,1.42492668267485
"ENSG00000116830",1.32442207105429,1.23373263566886,1
"ENSG00000116852",1.39504234985457,1.26274339760387,1.12314523615642
"ENSG00000116857",1.3675187406155,1.09959858367363,1
"ENSG00000116863",1.09702774418072,1.26085422263248,1
"ENSG00000116871",1.5688508154745,1.29373048560528,1.31441589087082
"ENSG00000116874",1.19140944818155,1.28458887607571,1
"ENSG00000116898",1.18679955693552,1.30315587364339,1
"ENSG00000116903",1.43994767872973,1.34227264274807,1.17402770545968
"ENSG00000116906",1.14954733601497,1.19797993307833,1
"ENSG00000116918",1.3006185347608,1.05697206135898,1
"ENSG00000116922",1.59085106354792,1.31087651463452,1.29774156331325
"ENSG00000116954",1.71007596236371,1.386239561969,1.45421902667944
"ENSG00000116957",1.35174946809738,1.27091151054709,1
"ENSG00000116962",1.26887474388887,1.2765067576024,1
"ENSG00000116977",1.34085117028496,1.05853801836261,1.08456159813066
"ENSG00000116983",1.4638784542563,1.20108943370287,1
"ENSG00000116984",1.3948283210339,1.28025177505364,1.07123893396492
"ENSG00000116990",1.37049579596915,1.11252662882346,1
"ENSG00000116991",1.6121802472649,1.46898052141984,1.26585943787236
"ENSG00000117000",1.06347270705575,1.21231015770178,1
"ENSG00000117009",1.14029765613659,1.26940757175563,1
"ENSG00000117010",1.68389230884839,1.25845412563876,1.3366826584992
"ENSG00000117016",1.38409843778553,1.2840807396276,1
"ENSG00000117020",1.55429070942552,1.36609632721165,1.25912512784215
"ENSG00000117054",1.17096738773095,1.32101442555118,1
"ENSG00000117091",1.19280969209466,1.22663860397963,1
"ENSG00000117115",1.49542453039335,1.37610411375964,1.20703759504956
"ENSG00000117118",1.13833179382141,1.22107506617356,1
"ENSG00000117133",1.34219827895855,1.29341364277216,1
"ENSG00000117139",1.08645997214284,1.36461155037292,1
"ENSG00000117143",1.35552387111829,1.24003177467225,1
"ENSG00000117151",1.64855384003452,1.55556920907581,1.28890586226539
"ENSG00000117153",1.23674623463134,1.23867321261049,1
"ENSG00000117155",1.0359232841593,1.23390186095584,1
"ENSG00000117174",1.53212703133285,1.32796651710412,1.22079218088915
"ENSG00000117222",1.16391388622014,1.29120714291543,1
"ENSG00000117226",1.30493074964842,1.15520891408375,1
"ENSG00000117228",1.36650961264932,1.14749492987288,1.11668285403627
"ENSG00000117242",1.3044768189857,1.10926714747854,1
"ENSG00000117262",1.3840836776944,1.33402551037953,1
"ENSG00000117280",1.20102009375881,1.26724133736109,1
"ENSG00000117289",1.22170532460302,1.29819748760293,1
"ENSG00000117298",1.38354270859449,1.39594022455233,1
"ENSG00000117305",1.41502318022994,1.15180151816397,1.13982231796069
"ENSG00000117308",1.22471406640772,1.13029866571526,1
"ENSG00000117318",1.30365262730793,1.21744612821835,1
"ENSG00000117335",1.68764152985288,1.490414270081,1.37767246266335
"ENSG00000117360",1.18056340787023,1.08106648874513,1
"ENSG00000117362",1.23989332659617,1.18904904252608,1
"ENSG00000117385",1.14981418577452,1.25683712751652,1
"ENSG00000117394",1.0274502303875,1.03603086274951,1
"ENSG00000117395",1.30047875836868,1.31610742079263,1
"ENSG00000117408",1.16973214703104,1.16471559901778,1
"ENSG00000117410",1.42618772781404,1.49286802688016,1
"ENSG00000117419",1.21632821191983,1.29660324125292,1
"ENSG00000117448",1.23022034081641,1.27954326559106,1
"ENSG00000117450",1.45038802135381,1.27014826828707,1.21202769803284
"ENSG00000117461",1.47221137442224,1.23572603099687,1
"ENSG00000117475",1.30209444527847,1.09750805520565,1
"ENSG00000117479",1.33783699004681,1.18849237017298,1
"ENSG00000117480",1.22975409397766,1.15782633598909,1
"ENSG00000117481",1.14527015423175,1.17082210039858,1
"ENSG00000117500",1.23469704948775,1.13085092214566,1
"ENSG00000117505",1.2362161866145,1.16165000926776,1
"ENSG00000117523",1.19058897098283,1.12001135256216,1
"ENSG00000117528",1.44805504830446,1.30334213429888,1.19835031784856
"ENSG00000117533",1.42824829137288,1.28283158102282,1.15647321001011
"ENSG00000117543",1.35451330155446,1.41536056111733,1
"ENSG00000117569",1.30469642724463,1.20455161378939,1
"ENSG00000117586",1.21795313957849,1.11585633276719,1
"ENSG00000117592",1.24261088026413,1.10656666667301,1
"ENSG00000117593",1.33848268090401,1.2565279542546,1
"ENSG00000117597",1.50104091144591,1.29829880797739,1.25127447641145
"ENSG00000117614",1.09376433200354,1.19679105230057,1
"ENSG00000117616",1.48579076652152,1.22473449301507,1.26970660832543
"ENSG00000117620",1.40542571597772,1.32744230552684,1.07761265626107
"ENSG00000117625",1.10482177622623,1.11017214347886,1
"ENSG00000117632",1.44744307339748,1.24358241058797,1.17170080784205
"ENSG00000117640",1.16107824159541,1.1341757818906,1
"ENSG00000117643",1.22728436627627,1.19132732022363,1
"ENSG00000117676",1.61797352890657,1.51703423411384,1.25807287144756
"ENSG00000117682",1.09918320263634,1.1697291547805,1
"ENSG00000117691",1.12842622565716,1.31041333948374,1
"ENSG00000117697",1.4206616263362,1.07736292836103,1.18980525466458
"ENSG00000117713",1.43036204100715,1.14102196080504,1.20870522515873
"ENSG00000117724",1.17781313931459,1.24304749409288,1
"ENSG00000117748",1.06087717058898,1.1014406207129,1
"ENSG00000117751",1.31752301578796,1.20278453642612,1
"ENSG00000117758",1.24640329501091,1.22153388121782,1
"ENSG00000117859",1.32695993099962,1.28470510795653,1
"ENSG00000117862",1.1094418135382,1.26259001258591,1
"ENSG00000117868",1.17768974780541,1.31509030297062,1
"ENSG00000117899",1.28955257422791,1.2372247491878,1
"ENSG00000117906",1.15485011958031,1.30507707982263,1
"ENSG00000117984",1.20638899105988,1.28866969010651,1
"ENSG00000118007",1.05276557939177,1.17271171005286,1
"ENSG00000118046",1.14881304116094,1.06701378704643,1
"ENSG00000118058",1.04007177515669,1.23818465503002,1
"ENSG00000118096",1.54982359490091,1.27628213012052,1.17556327182191
"ENSG00000118162",1.46906499189656,1.18122256145474,1
"ENSG00000118181",1.32879242028542,1.27203967277834,1
"ENSG00000118193",1.42318000121748,1.26769620359488,1
"ENSG00000118197",1.12619406662281,1.19975142003179,1
"ENSG00000118200",1.5187388672898,1.25072643652251,1.17311691249126
"ENSG00000118217",1.1241236377094,1.38137445818718,1
"ENSG00000118242",1.38324462221752,1.20870365874996,1
"ENSG00000118246",1.5493139681627,1.37933169254279,1.25603630576287
"ENSG00000118260",1.69576400688395,1.39164175845234,1.46481267428401
"ENSG00000118263",1.73488980126097,1.47770253099242,1.45667611584446
"ENSG00000118363",1.06756137719179,1.08234153895649,1
"ENSG00000118369",1.33211151141372,1.11737595816387,1
"ENSG00000118412",1.2373176640992,1.22952569324767,1
"ENSG00000118418",1.27276712679404,1.40272649871746,1
"ENSG00000118420",1.42893118647181,1.36902059614476,1
"ENSG00000118454",1.43718412320118,1.39386158201021,1.07522873169858
"ENSG00000118482",1.27467762595363,1.20022188231569,1
"ENSG00000118495",1.74111151970193,1.23310582149088,1.48353887520278
"ENSG00000118496",1.17892276060521,1.13494644534961,1
"ENSG00000118503",1.39610789851077,1.05246629339071,1.14230543291197
"ENSG00000118507",1.08569810343415,1.31683228533613,1
"ENSG00000118508",1.40104373808371,1.29105205404027,1.03262354854112
"ENSG00000118515",1.66942622135275,1.40757989352907,1.41328491618016
"ENSG00000118518",1.12713797137329,1.26859253607632,1
"ENSG00000118520",1.52851722102938,1.27592167340325,1.22392599009795
"ENSG00000118564",1.43296546728998,1.43866967671554,1
"ENSG00000118579",1.24226871262368,1.17402009113698,1
"ENSG00000118596",1.56714177850739,1.3356659087557,1.27337641016292
"ENSG00000118600",1.34048926865802,1.40419852140179,1
"ENSG00000118620",1.06882694616953,1.1410594756198,1
"ENSG00000118640",1.19962944330162,1.23821501888264,1
"ENSG00000118655",1.17487792313896,1.26616420839434,1
"ENSG00000118680",1.27993824593584,1.13962862524021,1
"ENSG00000118689",1.23769726743042,1.19766958296567,1
"ENSG00000118690",2.27199286482657,1.30654076885523,2.01086657271488
"ENSG00000118705",1.20351673615228,1.13059342719137,1
"ENSG00000118707",1.08535888066527,1.14431667792178,1
"ENSG00000118762",1.26831469091444,1.20342512682947,1
"ENSG00000118777",1.24549774388094,1.24843299820735,1
"ENSG00000118816",1.25706166273911,1.08147677942326,1
"ENSG00000118855",1.36982056848559,1.18551591665947,1.03511919566325
"ENSG00000118873",1.27023530237606,1.03946455543211,1
"ENSG00000118894",1.41089919315301,1.24404314470941,1
"ENSG00000118900",1.8147028940315,1.53329577315618,1.49232944358809
"ENSG00000118922",1.61103718635437,1.37030481435923,1.27182165287766
"ENSG00000118939",1.58238438056712,1.36059576498877,1.13518067364759
"ENSG00000118960",1.5557242426299,1.30114961968011,1.26828858102309
"ENSG00000118961",1.45667922851547,1.34554334247986,1.08879546688157
"ENSG00000118965",1.13283227171433,1.11010294298095,1
"ENSG00000118976",1.24923766606607,1.20805707520545,1
"ENSG00000118985",1.20844915740013,1.10525717256802,1
"ENSG00000119004",1.38910716861882,1.34877424826981,1
"ENSG00000119013",1.55454277698367,1.08615368946989,1.26608771389385
"ENSG00000119041",1.45357946769396,1.33556106622308,1.17786126092191
"ENSG00000119048",1.44515211799142,1.39169759845711,1.14306153317096
"ENSG00000119138",1.58255990538378,1.28245781611673,1.35030413905328
"ENSG00000119139",1.05295804966195,1.11160492247921,1
"ENSG00000119185",1.21892847824073,1.2685009661299,1
"ENSG00000119203",1.43578638465575,1.26536760035958,1.1797968405124
"ENSG00000119231",1.07002191183943,1.08409735590437,1
"ENSG00000119242",1.13029394519146,1.24517305992449,1
"ENSG00000119280",1.30320036395869,1.12937331462419,1
"ENSG00000119285",1.41182380242834,1.28590691783912,1.10347661304944
"ENSG00000119314",1.62068017010994,1.43139695245546,1.3408374545607
"ENSG00000119318",1.33179630358721,1.33307254346288,1
"ENSG00000119321",1.79889527615659,1.33994172059504,1.55738260608055
"ENSG00000119326",1.2308146825459,1.11410100597132,1
"ENSG00000119328",1.22680304967076,1.15145286530925,1
"ENSG00000119333",1.15108435683347,1.1224254498983,1
"ENSG00000119335",1.36114998349996,1.20607441275931,1.10513189259442
"ENSG00000119383",1.18036312617966,1.09916882362668,1
"ENSG00000119392",1.16614139263689,1.18599110158758,1
"ENSG00000119396",1.20303280670695,1.07482818738577,1
"ENSG00000119397",1.23525523893426,1.25757099805843,1
"ENSG00000119401",1.45515156061856,1.30984060356058,1
"ENSG00000119402",1.15635858065873,1.28389931530242,1
"ENSG00000119403",1.2290965204277,1.24448561519393,1
"ENSG00000119408",1.63824307598085,1.40249891462563,1.37532560548541
"ENSG00000119414",1.18927740365165,1.17726736092456,1
"ENSG00000119421",1.31295821158561,1.25656757249939,1
"ENSG00000119431",1.16736393733004,1.1992603769895,1
"ENSG00000119446",1.19369144056495,1.12850483329704,1
"ENSG00000119457",1.26941104788082,1.09890131608856,1
"ENSG00000119471",1.34681166427333,1.48419522606818,1
"ENSG00000119487",1.06083132993739,1.12501044630569,1
"ENSG00000119509",1.07000767706494,1.26022603766446,1
"ENSG00000119514",1.79452814901071,1.34084156185606,1.4386281996054
"ENSG00000119522",1.43604973411009,1.14246642392455,1.19386896756559
"ENSG00000119523",1.22062596050662,1.27891364830004,1
"ENSG00000119537",1.54290162402794,1.30973457558483,1.27343526348948
"ENSG00000119541",1.25987575086199,1.3333373598472,1
"ENSG00000119559",1.23456501285613,1.16597555096784,1
"ENSG00000119574",1.12590673077628,1.10488599910324,1
"ENSG00000119596",1.26116753041087,1.16892326058029,1
"ENSG00000119599",1.16808192723003,1.17967971478383,1
"ENSG00000119616",1.24015022581965,1.17065468017452,1
"ENSG00000119632",1.17959329511793,1.30266572263932,1
"ENSG00000119636",1.14469694655635,1.16306449701037,1
"ENSG00000119638",1.33249812913307,1.14805003676977,1.06171218758478
"ENSG00000119640",1.41126264321596,1.42543950953222,1
"ENSG00000119650",1.0730254344424,1.22560612494248,1
"ENSG00000119655",1.23515080004733,1.20415357778729,1
"ENSG00000119661",1.48849777034717,1.36575350191071,1.0825398864969
"ENSG00000119669",1.06281795766607,1.39344704471152,1
"ENSG00000119681",1.34730563866413,1.23327306010215,1
"ENSG00000119682",1.65885055721991,1.55696908792151,1.31687891169682
"ENSG00000119684",1.4423510974287,1.34834970419843,1.10748750169417
"ENSG00000119685",1.39950857888733,1.11713195567065,1.08375424162713
"ENSG00000119688",1.2934661767617,1.2322162869535,1
"ENSG00000119689",1.23813214194543,1.03045755327497,1
"ENSG00000119705",1.08930754953178,1.36418265525847,1
"ENSG00000119707",1.16157187845298,1.13115661113292,1
"ENSG00000119711",1.24541478702956,1.15589081562019,1
"ENSG00000119714",1.33633005907214,1.19312491586725,1
"ENSG00000119718",1.3426451687795,1.24801668690754,1
"ENSG00000119720",1.3891452525429,1.20333242536702,1.14683589816712
"ENSG00000119723",1.24808379837879,1.29646045826467,1
"ENSG00000119725",1.0566331373175,1.09443133890876,1
"ENSG00000119729",1.58099775820471,1.26714725537354,1.3617475039014
"ENSG00000119737",1.41610552882977,1.02455394538058,1
"ENSG00000119760",1.41405676680244,1.32125109315809,1.1091110482877
"ENSG00000119772",1.36013102579878,1.23868398944428,1.05714876184664
"ENSG00000119777",1.19282694578907,1.22059555856353,1
"ENSG00000119778",1.22395836888413,1.10516320506502,1
"ENSG00000119787",1.23002393357716,1.1744628518247,1
"ENSG00000119801",1.40670404673789,1.28328662952732,1.14354315705932
"ENSG00000119812",1.33794795044808,1.27506048112733,1
"ENSG00000119820",1.1312133511834,1.34012175818761,1
"ENSG00000119844",1.33787695452982,1.28749531964168,1
"ENSG00000119862",1.54560870126425,1.29703091364195,1.29639573036469
"ENSG00000119866",1.18111853971428,1.21665882690153,1
"ENSG00000119878",1.26805499400486,1.16615230901871,1
"ENSG00000119899",1.195879159289,1.16203839740748,1
"ENSG00000119900",1.316843915453,1.39515327988388,1
"ENSG00000119906",1.2942361620761,1.26550958772468,1
"ENSG00000119912",1.38425697253854,1.25526968509838,1.09584330729446
"ENSG00000119917",1.1990276794424,1.24924958118343,1
"ENSG00000119922",1.24293572946704,1.3319119413261,1
"ENSG00000119927",1.50286495495033,1.33613328355185,1.19923845921107
"ENSG00000119929",1.2553076583361,1.05722161306258,1
"ENSG00000119943",1.09225560352211,1.20132556563781,1
"ENSG00000119950",1.1417240573026,1.05087094787684,1
"ENSG00000119953",1.36159332082066,1.17950079908585,1.09066600415747
"ENSG00000119965",1.40389130475145,1.37269809172929,1
"ENSG00000119969",1.04137123000647,1.33526059161232,1
"ENSG00000119977",1.45028073167759,1.26569324411865,1.08083966319837
"ENSG00000119979",1.59655868290939,1.41983998441021,1.30512415912318
"ENSG00000120008",1.32223257167888,1.27168357876229,1
"ENSG00000120029",1.27352674708863,1.28523824562225,1
"ENSG00000120051",2.06606030508378,1.64105018069635,1.55371499407257
"ENSG00000120053",1.32012093330104,1.27348606827268,1
"ENSG00000120063",1.50188931394596,1.36060648853651,1.23052880227067
"ENSG00000120071",1.36550501780499,1.05514710483287,1
"ENSG00000120129",1.81906353709605,1.53903421344119,1.46570727702903
"ENSG00000120137",1.35853194803979,1.27662218174409,1.05826951407022
"ENSG00000120158",1.23383125899006,1.20262312134826,1
"ENSG00000120159",1.60835668579901,1.33622583648898,1.33633414468354
"ENSG00000120162",1.17884249591258,1.01939914164922,1
"ENSG00000120217",1.48474680493429,1.17491882890126,1.23925013415128
"ENSG00000120253",1.33195401055531,1.30818896403693,1
"ENSG00000120254",1.34431599876734,1.24431436510002,1
"ENSG00000120262",1.45094699273421,1.26201442720584,1.06962779105567
"ENSG00000120265",1.11198323467129,1.12081729151038,1
"ENSG00000120278",1.17354056590752,1.21727760378696,1
"ENSG00000120280",1.37322114987935,1.19582088919137,1.04707390471651
"ENSG00000120306",1.59144084394665,1.48395629090944,1.22360371542367
"ENSG00000120314",1.01240777215826,1.14142556661376,1
"ENSG00000120318",1.80364892296625,1.37545697690124,1.49331723875845
"ENSG00000120333",1.4293744970703,1.29477442809359,1.11160200818512
"ENSG00000120334",1.2230463545128,1.36988760046079,1
"ENSG00000120370",1.5021897136095,1.30360325125278,1.20037285163334
"ENSG00000120437",1.32320081702084,1.32231508681403,1
"ENSG00000120438",1.12887285275926,1.15258466147481,1
"ENSG00000120451",1.02110704552954,1.15899001686557,1
"ENSG00000120458",1.41545626624916,1.28715052119233,1.031410095631
"ENSG00000120509",1.34466546744008,1.12387871877147,1
"ENSG00000120519",1.37547205062397,1.37404554426291,1
"ENSG00000120526",1.36435859023971,1.3077206588152,1
"ENSG00000120533",1.24348662149177,1.22215352724835,1
"ENSG00000120539",1.22788258446488,1.01920691957414,1
"ENSG00000120594",1.30953231662683,1.39788871789567,1
"ENSG00000120616",1.19822447031909,1.1230330627637,1
"ENSG00000120647",1.24913706786647,1.15526186397628,1
"ENSG00000120656",1.25963120354241,1.33226837095483,1
"ENSG00000120662",1.26032828285932,1.29539014236444,1
"ENSG00000120675",1.33302708651773,1.29029478185622,1
"ENSG00000120685",1.41101549785324,1.33550338565618,1.10185826595211
"ENSG00000120686",1.15532879093424,1.25655268053451,1
"ENSG00000120688",1.15529208329082,1.03312848752985,1
"ENSG00000120690",1.25106537969557,1.28385945388259,1
"ENSG00000120694",1.24404925134933,1.25338018736156,1
"ENSG00000120696",2.03506267009363,1.41833942076644,1.78316271261976
"ENSG00000120697",1.31807476509357,1.32539332816867,1
"ENSG00000120699",1.31215228761782,1.37445623447956,1
"ENSG00000120705",1.02916064650999,1.17985181335145,1
"ENSG00000120708",1.17770009928252,1.07665383411567,1
"ENSG00000120709",1.66172435489822,1.52452716381551,1.31780274660179
"ENSG00000120725",1.26958254362526,1.21562537702919,1
"ENSG00000120727",1.16298408619302,1.18589431742164,1
"ENSG00000120733",1.24414891797166,1.32220170090794,1
"ENSG00000120742",1.08572042528483,1.01441036630676,1
"ENSG00000120784",1.30465717399134,1.29234344208075,1
"ENSG00000120798",1.46110026486785,1.35000130888497,1.03372497045174
"ENSG00000120800",1.32937539950625,1.2596330928354,1
"ENSG00000120802",1.49884144481095,1.31242502384659,1.25548717759758
"ENSG00000120805",1.47501596743451,1.36586605831062,1.1574720322089
"ENSG00000120832",1.22949333490718,1.1962121101042,1
"ENSG00000120833",1.60972245741441,1.27729367468458,1.34494191457087
"ENSG00000120837",1.12956301936641,1.25621006096495,1
"ENSG00000120860",1.09304877250817,1.21790156085989,1
"ENSG00000120868",1.70237994584786,1.5314117185076,1.37413817878786
"ENSG00000120885",1.46274734709278,1.14463363924525,1.15044603909937
"ENSG00000120889",1.25809446552134,1.24540844373014,1
"ENSG00000120896",1.07789704850835,1.25437806619768,1
"ENSG00000120899",1.53177421932979,1.26541770921432,1.30500873490503
"ENSG00000120910",1.30129427715959,1.42135629110544,1
"ENSG00000120913",1.51049465124412,1.34096323229314,1.20710529766777
"ENSG00000120915",1.34925479053103,1.1854970312264,1
"ENSG00000120925",1.29860783968555,1.29873961925652,1
"ENSG00000120942",1.3056520620292,1.21534968485859,1
"ENSG00000120948",1.32269564686728,1.12811119570893,1
"ENSG00000120949",1.33031600425055,1.25816672424681,1
"ENSG00000120963",1.25241293142817,1.29753167731936,1
"ENSG00000120992",1.14481196116619,1.09737460976967,1
"ENSG00000121022",1.11594598469617,1.16578348866412,1
"ENSG00000121039",1.29401743575118,1.22329130960726,1
"ENSG00000121057",1.55383607414099,1.26019185102843,1.29090135488924
"ENSG00000121058",1.48892771386832,1.2499583296425,1.19662882327432
"ENSG00000121060",1.63254728914306,1.4869898322286,1.30370579383799
"ENSG00000121064",1.14273388786814,1.14446360090061,1
"ENSG00000121067",1.43482066747251,1.30211372805009,1.17574697163584
"ENSG00000121073",1.02535434804691,1.11093496377239,1
"ENSG00000121089",1.40950009509866,1.25601926880155,1
"ENSG00000121104",1.03788364909672,1.12985528881944,1
"ENSG00000121210",1.17310740146365,1.1323425649706,1
"ENSG00000121274",1.30056836590621,1.0418341036004,1
"ENSG00000121281",1.14533816087093,1.04328445278805,1
"ENSG00000121289",1.27458762092183,1.1772017504461,1
"ENSG00000121297",1.4393930409498,1.42767331803302,1
"ENSG00000121310",1.17299046590901,1.26740211795292,1
"ENSG00000121316",1.57616277903332,1.40398855854834,1.24011484125504
"ENSG00000121350",1.39629763008166,1.29030507221353,1.02840764872743
"ENSG00000121390",1.27268301701991,1.09089951997235,1
"ENSG00000121406",1.37588446387079,1.24483232452747,1
"ENSG00000121413",1.40940130280922,1.16689746092351,1.16902119364074
"ENSG00000121417",1.17417795362496,1.15500915904038,1
"ENSG00000121481",1.41331902554764,1.15206177235862,1.16280588305908
"ENSG00000121486",1.06073277369184,1.0425041244939,1
"ENSG00000121542",1.21850167828464,1.29840680536121,1
"ENSG00000121552",1.2242367061984,1.07741957379558,1
"ENSG00000121578",1.41690135431105,1.16173605318493,1.15821163869776
"ENSG00000121579",1.17493524227562,1.18628767130484,1
"ENSG00000121621",1.24475800411529,1.24739682605311,1
"ENSG00000121644",1.20596540637583,1.22247127971851,1
"ENSG00000121671",1.13052310229962,1.1058061174112,1
"ENSG00000121680",1.08119597459929,1.1734280077854,1
"ENSG00000121691",1.2911176670234,1.18342265251578,1
"ENSG00000121716",1.20923114784667,1.04642877071061,1
"ENSG00000121741",1.2623335933677,1.06541540608539,1
"ENSG00000121749",1.51964978921352,1.06375111022775,1.3234219396471
"ENSG00000121766",1.23002926344883,1.29838999802798,1
"ENSG00000121774",1.12521792519721,1.18463297756575,1
"ENSG00000121775",1.30264900208273,1.03689846653734,1
"ENSG00000121797",1.35440507172101,1.11100595238236,1
"ENSG00000121848",1.2539995435524,1.33031722140874,1
"ENSG00000121851",1.25368396342826,1.278095642061,1
"ENSG00000121858",1.37549030084618,1.30784444934336,1
"ENSG00000121864",1.55020993823786,1.37347780543282,1.24507460602725
"ENSG00000121879",1.12339763167615,1.21276836448416,1
"ENSG00000121892",1.43077255239412,1.29934956819463,1.17348843743508
"ENSG00000121897",1.34219753979288,1.25883908058644,1
"ENSG00000121903",1.47313447255024,1.31598186864288,1
"ENSG00000121931",1.14446036501552,1.23243581981301,1
"ENSG00000121933",1.69935274757943,1.0785446989917,1.38791010422084
"ENSG00000121940",1.21133109615509,1.31831735594398,1
"ENSG00000121957",1.56248444982281,1.35057682563657,1.28303435995287
"ENSG00000121964",1.28257544282381,1.26669181242871,1
"ENSG00000121966",1.31166154397775,1.32528233700621,1
"ENSG00000121988",1.34467597290509,1.3538634300051,1
"ENSG00000121989",1.60857100207135,1.28861209502368,1.34193215797876
"ENSG00000122008",1.16805540687713,1.23387498041483,1
"ENSG00000122025",1.52848247269906,1.04612051427078,1.17545624480917
"ENSG00000122026",1.23971240185135,1.38432261961294,1
"ENSG00000122033",1.06194520523647,1.20435281739025,1
"ENSG00000122034",1.26298599732257,1.30883967232489,1
"ENSG00000122042",1.11040222673161,1.18080292669197,1
"ENSG00000122068",1.36352774899359,1.22279546822817,1.08327811927568
"ENSG00000122085",1.26434881564032,1.24426835162135,1
"ENSG00000122122",1.17037042056745,1.23130150400179,1
"ENSG00000122126",1.52717362428125,1.24620029301228,1.21222555986342
"ENSG00000122140",1.49002247761661,1.19938970353587,1.19850446175901
"ENSG00000122188",1.23844329199328,1.30149997376887,1
"ENSG00000122203",1.35099483185488,1.18266736227654,1.05316185036982
"ENSG00000122218",1.19731795683994,1.1337244660153,1
"ENSG00000122257",1.16447784824797,1.08900367251937,1
"ENSG00000122299",1.31497434250522,1.05820775501925,1
"ENSG00000122335",1.43076495091436,1.17351774412339,1.12945448151242
"ENSG00000122359",1.5270936602724,1.4286205203836,1.23900161492887
"ENSG00000122376",1.39869060921919,1.32936842870011,1
"ENSG00000122378",1.52520396697033,1.29631067132477,1
"ENSG00000122390",1.48290581060986,1.20620139279434,1.12693630396276
"ENSG00000122406",1.32223618471799,1.26878823248639,1
"ENSG00000122417",1.1465636145762,1.29726222357803,1
"ENSG00000122435",1.40291907112388,1.32596016390929,1
"ENSG00000122481",1.24975610814213,1.30787039254274,1
"ENSG00000122482",1.39433024215873,1.26095643062656,1.12515275122219
"ENSG00000122483",1.10127032083613,1.24580741242771,1
"ENSG00000122484",1.32916078595894,1.32541718598843,1
"ENSG00000122490",1.22445676378086,1.17109756888513,1
"ENSG00000122497",1.18761377419243,1.06755940717936,1
"ENSG00000122507",1.52555688941587,1.27211366535009,1.26837187885219
"ENSG00000122512",1.47223868947324,1.23715563400921,1.17478856319621
"ENSG00000122515",1.48068302007098,1.15626599255956,1.20377777670894
"ENSG00000122545",1.15649597663828,1.12473621434307,1
"ENSG00000122547",1.53524386632075,1.41622889876801,1.22460316581876
"ENSG00000122550",1.1645748391735,1.19160809102039,1
"ENSG00000122557",1.27995681850231,1.29298642405392,1
"ENSG00000122565",1.13984633297123,1.18840491887751,1
"ENSG00000122566",1.12430279517581,1.07175632432264,1
"ENSG00000122591",1.27043281798125,1.28078129867045,1
"ENSG00000122643",1.38648364349396,1.19542851237058,1.12876506507006
"ENSG00000122644",1.26221508246788,1.1797957570809,1
"ENSG00000122674",1.21137298245367,1.13110310040786,1
"ENSG00000122678",1.23214406984157,1.0781305453946,1
"ENSG00000122687",1.44801740078928,1.23479665004012,1.1605255686812
"ENSG00000122692",1.27462942084866,1.05823776687944,1
"ENSG00000122694",1.5475390040462,1.48150260302395,1.16288516256393
"ENSG00000122696",1.29969177479252,1.13446064967392,1
"ENSG00000122705",1.19537704274741,1.09640703638777,1
"ENSG00000122707",1.33392595910131,1.27453579773197,1
"ENSG00000122729",1.38763153164296,1.17852169448469,1
"ENSG00000122741",1.23594351688822,1.04296255260942,1
"ENSG00000122779",1.28897571354567,1.19281511340508,1
"ENSG00000122783",1.29154380780788,1.18989860186007,1
"ENSG00000122862",1.50049326390793,1.35912209787537,1.20162240182164
"ENSG00000122873",1.38679982604092,1.25416037400505,1
"ENSG00000122882",1.35750013597615,1.11665350335175,1.08174336423827
"ENSG00000122884",1.11067794680208,1.05837844374083,1
"ENSG00000122912",1.25679342728607,1.18879361421985,1
"ENSG00000122958",1.18060342337631,1.14293832161217,1
"ENSG00000122965",1.14118092571189,1.26520423159807,1
"ENSG00000122966",1.34761188351054,1.12661095692374,1
"ENSG00000122971",1.30044529190419,1.14022961235336,1
"ENSG00000122986",1.20381639316819,1.26190848540915,1
"ENSG00000123009",1.09196321593389,1.33677294844147,1
"ENSG00000123064",1.25578500914836,1.18573786753596,1
"ENSG00000123066",1.68485753832345,1.44756329418572,1.41002888245978
"ENSG00000123080",1.38972072620059,1.31600345555401,1
"ENSG00000123091",1.21083817583696,1.04704617905992,1
"ENSG00000123104",1.02374214688828,1.2136902056243,1
"ENSG00000123106",1.38682781452826,1.3664515473055,1
"ENSG00000123124",1.20555359665124,1.31159925746734,1
"ENSG00000123130",1.39846623265422,1.24632663211884,1.12682843533028
"ENSG00000123131",1.34030404534583,1.35586097552713,1
"ENSG00000123136",1.18373187909553,1.23690483290365,1
"ENSG00000123143",1.21374524333704,1.05873577062888,1
"ENSG00000123144",1.20896672765554,1.08021232026912,1
"ENSG00000123146",1.88139639884047,1.40992869904158,1.62321890100038
"ENSG00000123154",1.40494535504585,1.12277342340265,1
"ENSG00000123159",1.12748676385117,1.24064577623552,1
"ENSG00000123178",1.63872219506174,1.3096542664579,1.23605020602765
"ENSG00000123179",1.0760270886054,1.13644121780416,1
"ENSG00000123191",1.494447834885,1.44498259710851,1
"ENSG00000123200",1.2760645267329,1.11889521770465,1
"ENSG00000123213",1.16854549743452,1.26619284792467,1
"ENSG00000123219",1.28200861768273,1.24617819204199,1
"ENSG00000123240",1.20210147764518,1.13913265233822,1
"ENSG00000123268",1.36677402042125,1.13364385888974,1.0872927238187
"ENSG00000123297",1.43289229761085,1.19954212407134,1.04034363152443
"ENSG00000123329",1.9684471432987,1.48280128410836,1.66901230340499
"ENSG00000123338",1.06526145036665,1.0724410046558,1
"ENSG00000123349",1.04579578267169,1.24107381951773,1
"ENSG00000123352",1.07734425336497,1.31552601176097,1
"ENSG00000123353",1.39305668625755,1.16594320751785,1.13225571478331
"ENSG00000123360",1.22718626958355,1.23810647320179,1
"ENSG00000123374",1.21404047632103,1.2552681193373,1
"ENSG00000123384",1.20508211409233,1.11577278128156,1
"ENSG00000123395",1.15623128460886,1.20781494491824,1
"ENSG00000123415",1.32318488104286,1.12579646530141,1
"ENSG00000123416",1.40849098320029,1.21956404338318,1.18366419916091
"ENSG00000123444",1.07004785419024,1.24847260731629,1
"ENSG00000123472",1.39430986889108,1.28010219512895,1
"ENSG00000123473",1.27383238866382,1.07099424207335,1
"ENSG00000123505",1.56417093119878,1.39852452400654,1.30146585680763
"ENSG00000123545",1.38360539252464,1.35370247330902,1
"ENSG00000123552",1.27521685327238,1.35350726384186,1
"ENSG00000123562",1.20873534147911,1.18456491397657,1
"ENSG00000123575",1.11303604746038,1.12130423284197,1
"ENSG00000123595",1.24451721855326,1.03551949652314,1
"ENSG00000123600",1.1264961764773,1.25173866427795,1
"ENSG00000123607",1.31603940703564,1.28070828814231,1
"ENSG00000123609",1.46734255116866,1.264387091852,1.20435810338778
"ENSG00000123612",1.41511660185225,1.29507014392478,1
"ENSG00000123636",1.60061500878858,1.48549282948268,1.27814319693129
"ENSG00000123643",1.59716342193583,1.29298756664476,1.35740092457457
"ENSG00000123684",1.7455262443614,1.47737610700251,1.43679416163117
"ENSG00000123700",1.38188189468955,1.47352949211808,1
"ENSG00000123728",1.30206753172746,1.16213123801158,1
"ENSG00000123737",1.39054949831388,1.32641647162567,1
"ENSG00000123739",1.22740748298102,1.19898147026285,1
"ENSG00000123810",1.68551034647683,1.56680713658535,1.26450800331567
"ENSG00000123815",1.26616404227827,1.3144903893185,1
"ENSG00000123836",1.0988957544538,1.36248374045888,1
"ENSG00000123870",1.36949853262109,1.14327162953127,1
"ENSG00000123908",1.49972453609337,1.24901363797351,1.2799460829543
"ENSG00000123933",1.10592655141646,1.05207113813266,1
"ENSG00000123983",1.2229556944033,1.23317033998635,1
"ENSG00000123992",1.21538401980012,1.27502709739057,1
"ENSG00000124067",1.29819723152378,1.23250501180158,1
"ENSG00000124074",1.34723443958293,1.36152902142167,1
"ENSG00000124098",1.05874984534048,1.05054119970803,1
"ENSG00000124102",1.1683842999331,1.26690085607874,1
"ENSG00000124104",1.32796727976734,1.10656183501808,1
"ENSG00000124107",1.10775716475433,1.26980921515031,1
"ENSG00000124120",1.43587310210176,1.19595444587909,1.20218821550038
"ENSG00000124126",1.52309531145978,1.48876282497354,1.12864415944575
"ENSG00000124151",1.12477527859552,1.12862904038165,1
"ENSG00000124155",1.17849960978827,1.01658976064314,1
"ENSG00000124160",1.13305445489841,1.16404137104596,1
"ENSG00000124164",1.24351501910358,1.05336398349887,1
"ENSG00000124171",1.63202321379098,1.20357987645388,1.30001821244316
"ENSG00000124172",1.21437996979053,1.14102076465297,1
"ENSG00000124177",1.38237726894802,1.24036921600206,1.10445054903416
"ENSG00000124181",1.27354450644943,1.23801538775059,1
"ENSG00000124193",1.24521888977545,1.27771781968246,1
"ENSG00000124198",1.31797150366693,1.27379478475579,1
"ENSG00000124201",1.62056628086739,1.41564907083066,1.349701293346
"ENSG00000124203",1.10647204967825,1.28403391759956,1
"ENSG00000124207",1.34744410136941,1.27636345226934,1
"ENSG00000124209",1.28812288716656,1.24168812173307,1
"ENSG00000124214",1.31519004856619,1.17625165112083,1
"ENSG00000124215",1.14038942403335,1.37638947292685,1
"ENSG00000124217",1.49373607988376,1.21543775029353,1.21388591158224
"ENSG00000124222",1.2968768202697,1.19174671125924,1
"ENSG00000124224",1.51437778642758,1.36429994552931,1.2317794538788
"ENSG00000124225",1.42872085248007,1.11275313456871,1
"ENSG00000124226",1.42487665830682,1.2480426962716,1.17497951007587
"ENSG00000124228",1.31179023817783,1.13279469523084,1
"ENSG00000124243",1.29447147877049,1.15422125188792,1
"ENSG00000124275",1.52978664750905,1.31093090098963,1.26358838534437
"ENSG00000124279",1.64346623069225,1.3117322064885,1.34917457767584
"ENSG00000124299",1.37309590809913,1.1893837262381,1.0872073826025
"ENSG00000124313",1.38070599431686,1.1695315404838,1
"ENSG00000124356",1.37272699630606,1.25187641191957,1.08010215351254
"ENSG00000124357",1.12362272504574,1.2446356987435,1
"ENSG00000124370",1.04459798954692,1.34758274548057,1
"ENSG00000124374",1.64745304848093,1.23382918861936,1.35108254037123
"ENSG00000124380",1.20607557150257,1.29046319260443,1
"ENSG00000124383",1.57138627468258,1.24635355311462,1.3123949895045
"ENSG00000124406",1.45045698049611,1.1157305422135,1.2392019639277
"ENSG00000124422",1.36614785356674,1.19727887409494,1.09877856924058
"ENSG00000124444",1.16241055649313,1.19563169813286,1
"ENSG00000124459",1.38823028168479,1.28621568035569,1.07143511488607
"ENSG00000124486",1.22947111704351,1.26802369488939,1
"ENSG00000124491",1.20449472850161,1.06855603329505,1
"ENSG00000124496",1.51386068157207,1.14228491476896,1.30671977527397
"ENSG00000124508",1.19924971510554,1.13795926633133,1
"ENSG00000124523",1.19246387045336,1.29168155309001,1
"ENSG00000124529",1.10497631030489,1.24502965848318,1
"ENSG00000124532",1.35148216649856,1.35937068479822,1
"ENSG00000124535",1.37954750626903,1.22364182211792,1.12702433353264
"ENSG00000124541",1.27650080020082,1.11253859760777,1
"ENSG00000124549",1.53322706445122,1.17360797050652,1.07552362944466
"ENSG00000124562",1.30597771491387,1.28051352412654,1
"ENSG00000124570",1.40138818251124,1.15956110785624,1.12053227580066
"ENSG00000124571",1.01569819344396,1.28350680568351,1
"ENSG00000124574",1.21860423675467,1.18947544450393,1
"ENSG00000124575",1.52574751135309,1.32496899337987,1.29334685381837
"ENSG00000124587",1.17810119493167,1.11496302894332,1
"ENSG00000124588",1.516969817337,1.34521118324368,1.25037440127373
"ENSG00000124596",1.31046569720556,1.20146420993684,1
"ENSG00000124602",1.15537149231931,1.08562637237404,1
"ENSG00000124608",1.18916735237058,1.25718024827042,1
"ENSG00000124614",1.14492198881552,1.25683346456122,1
"ENSG00000124635",1.19892327533855,1.18971296667307,1
"ENSG00000124641",1.10044040577179,1.07133194418129,1
"ENSG00000124659",1.14680015376424,1.20876470972089,1
"ENSG00000124688",1.06784206271607,1.15643631776979,1
"ENSG00000124693",1.2470182105972,1.14638692674917,1
"ENSG00000124702",1.31434319974595,1.04787496526257,1
"ENSG00000124733",1.25799675608527,1.11468650937928,1
"ENSG00000124762",1.27595082481604,1.03568043977264,1
"ENSG00000124766",1.53863389089574,1.15302561121556,1.19922747794073
"ENSG00000124767",1.46155679671125,1.28117598852925,1.21127384881659
"ENSG00000124782",1.2238712578929,1.05212706989675,1
"ENSG00000124783",1.11015414612769,1.04875861257301,1
"ENSG00000124784",1.30024268755233,1.27339453036403,1
"ENSG00000124786",1.21484151639823,1.08742754266391,1
"ENSG00000124787",1.27940736293536,1.35585720980086,1
"ENSG00000124788",1.61545776305475,1.34511921868904,1.38419193830304
"ENSG00000124789",1.09012399869257,1.25976727491357,1
"ENSG00000124795",1.12249329541185,1.19043116462781,1
"ENSG00000124802",1.29758363227688,1.38125849498274,1
"ENSG00000124813",1.08830511144358,1.28483098039745,1
"ENSG00000124831",1.96414238928648,1.42139823277255,1.70689857213086
"ENSG00000124942",1.36656734609788,1.23344155597396,1
"ENSG00000125037",1.14726701135465,1.07950499421487,1
"ENSG00000125089",1.20121075999602,1.13592079138249,1
"ENSG00000125107",1.14233259495818,1.13244551507682,1
"ENSG00000125124",1.44508314661434,1.24575064621817,1.18486296458895
"ENSG00000125148",1.33632620867905,1.1367595576038,1
"ENSG00000125149",1.23458302794358,1.05166625876143,1
"ENSG00000125166",1.43404969676125,1.18915912245162,1.16761031522843
"ENSG00000125170",1.39775275519269,1.54940298184564,1
"ENSG00000125246",1.63982915524522,1.20502538609653,1.29700151232297
"ENSG00000125247",1.48047043234713,1.21949273870988,1.197289535069
"ENSG00000125249",1.30707630239626,1.26893228820273,1
"ENSG00000125257",1.02586839874073,1.15752532737441,1
"ENSG00000125304",1.40245694927798,1.29506831255448,1.09363372211142
"ENSG00000125347",1.78012220778765,1.43583425862252,1.46697270384406
"ENSG00000125351",1.23046631086557,1.29103417055065,1
"ENSG00000125352",1.48608122373994,1.18293596332314,1.243646103853
"ENSG00000125354",1.08299973153692,1.24556342858211,1
"ENSG00000125356",1.19189805408757,1.15829976999291,1
"ENSG00000125375",1.13902917682568,1.28919948900389,1
"ENSG00000125386",1.54374355742462,1.15188033611742,1.3145754180689
"ENSG00000125430",1.43218182476971,1.24112575749934,1.05574401933308
"ENSG00000125445",1.29650099009985,1.28611321339219,1
"ENSG00000125447",1.37268163601978,1.13895360314379,1
"ENSG00000125449",1.37741057163394,1.36262311558369,1
"ENSG00000125450",1.05795050899631,1.17031306537516,1
"ENSG00000125454",1.30888087501562,1.22262329791297,1
"ENSG00000125457",1.38786542943207,1.15913003767304,1
"ENSG00000125458",1.12252170762403,1.21189510091002,1
"ENSG00000125459",1.13900807146192,1.28835541210658,1
"ENSG00000125482",1.0251800780503,1.17457529897136,1
"ENSG00000125484",1.53760859587528,1.28129594388364,1.27703872160069
"ENSG00000125485",1.3103513547248,1.2525577344298,1
"ENSG00000125503",1.39604832753491,1.17573952983189,1.13130649577413
"ENSG00000125505",1.72157410463431,1.52326810568582,1.36521889759852
"ENSG00000125510",1.68706323046399,1.4122657776971,1.30119799711098
"ENSG00000125520",1.23862672843974,1.24536196323467,1
"ENSG00000125534",1.27834106743201,1.1070203230947,1
"ENSG00000125629",1.18743582650254,1.18419225724678,1
"ENSG00000125630",1.51569263490623,1.2891875905832,1.27782885093994
"ENSG00000125633",1.29042336652201,1.19259892874219,1
"ENSG00000125637",1.42640414941964,1.33674606316017,1.16150984018038
"ENSG00000125650",1.26920196541055,1.23413019748828,1
"ENSG00000125651",1.26328968863566,1.10711027098465,1
"ENSG00000125652",1.20286956085437,1.14906825906878,1
"ENSG00000125656",1.13916599780818,1.07552520754855,1
"ENSG00000125676",1.40820471615354,1.22497965842869,1.17362734025297
"ENSG00000125686",1.15727035275271,1.05007541526143,1
"ENSG00000125691",1.14511447061304,1.28586057512761,1
"ENSG00000125703",1.31914090245874,1.26415048771022,1
"ENSG00000125731",1.1657511626697,1.17148503547083,1
"ENSG00000125734",1.33951681280803,1.3421519790261,1
"ENSG00000125741",1.15844912097714,1.1917333446458,1
"ENSG00000125743",1.29488271621716,1.3363597735082,1
"ENSG00000125744",2.22397606240951,1.49130130547648,1.75549706991136
"ENSG00000125746",1.4539038832798,1.1815703576468,1.20188948716482
"ENSG00000125753",1.73890604779567,1.54854890223625,1.36686590256919
"ENSG00000125755",1.09715844580303,1.14645036442923,1
"ENSG00000125772",1.19666883496562,1.26186562385844,1
"ENSG00000125779",1.52507319422498,1.34284890380153,1.22803691279369
"ENSG00000125780",1.96033395562174,1.65442939269959,1.51465334293387
"ENSG00000125810",1.25139398844931,1.33005437355838,1
"ENSG00000125812",1.44639322076029,1.07036631736328,1.21075014617875
"ENSG00000125814",1.17671957004452,1.25370463108157,1
"ENSG00000125817",1.30283747355804,1.19409649284596,1
"ENSG00000125818",1.2176830551524,1.09193896117474,1
"ENSG00000125821",1.27654063392854,1.09675312003068,1
"ENSG00000125826",1.5452910425158,1.30413719464592,1.28063105572146
"ENSG00000125827",1.6709749410705,1.49913338477178,1.36097603903568
"ENSG00000125834",1.55452934865351,1.29278379142659,1.2991723994385
"ENSG00000125835",1.07230704406599,1.09092254555922,1
"ENSG00000125843",1.22013922666711,1.19100023744225,1
"ENSG00000125844",1.22597054241326,1.18443008368164,1
"ENSG00000125846",1.43947564062296,1.30971986806453,1.12945390522061
"ENSG00000125863",1.16427918603579,1.21708161182767,1
"ENSG00000125868",1.4782003926519,1.21536744154366,1.23020487646308
"ENSG00000125870",1.26563230960612,1.23741537853469,1
"ENSG00000125871",1.10270531845923,1.10581673086021,1
"ENSG00000125875",1.33574304431706,1.18679692858089,1
"ENSG00000125877",1.47494621487527,1.23836532149785,1.2111492264465
"ENSG00000125885",1.35263044531461,1.33387767868836,1
"ENSG00000125898",1.58864080562623,1.12960767771912,1.27126974664357
"ENSG00000125900",1.86303730636256,1.43049297366889,1.46771690562701
"ENSG00000125901",1.2895058018678,1.29509533240071,1
"ENSG00000125910",1.43820031025653,1.38356374226233,1.13590042040867
"ENSG00000125912",1.34588730942414,1.24678092913746,1
"ENSG00000125944",1.42152572632054,1.26993560285561,1.15172969203961
"ENSG00000125945",1.30811448766259,1.2226751987617,1
"ENSG00000125952",1.44058988751468,1.31989035821463,1.18583928179351
"ENSG00000125962",1.68464233025556,1.26693798629601,1.40620660859228
"ENSG00000125967",1.26279571318018,1.1728844533285,1
"ENSG00000125970",1.44943357989798,1.28505569908014,1.18707100953831
"ENSG00000125971",1.23040605042075,1.18027235247709,1
"ENSG00000125977",1.22674778210138,1.20856108503806,1
"ENSG00000125991",1.148193373293,1.23669258909444,1
"ENSG00000125995",1.30376826987778,1.2528994318053,1
"ENSG00000126001",1.25377425163946,1.22199286153191,1
"ENSG00000126003",1.08243755335541,1.04910918763008,1
"ENSG00000126005",1.49080026081661,1.23626597826074,1.11480917780963
"ENSG00000126012",1.35260782476498,1.22981672079842,1.05830749849786
"ENSG00000126016",1.38831189738581,1.26905724897923,1
"ENSG00000126062",1.28711096641802,1.29067705661464,1
"ENSG00000126067",1.31028835776955,1.14344697260816,1
"ENSG00000126070",1.07036913063687,1.08969812846136,1
"ENSG00000126088",1.08890790733334,1.17454973694793,1
"ENSG00000126091",1.15735793193375,1.17073097125342,1
"ENSG00000126107",1.09411958851668,1.10809176922286,1
"ENSG00000126214",1.39333503001525,1.15394706287092,1.15330134012721
"ENSG00000126215",1.12422083078879,1.21350378128155,1
"ENSG00000126216",1.16195798121592,1.23488651777109,1
"ENSG00000126217",1.39632815142036,1.14691859445411,1
"ENSG00000126226",1.25381827786685,1.40826323201777,1
"ENSG00000126246",1.41086715858455,1.08286070204464,1
"ENSG00000126247",1.16806492225608,1.09518383111463,1
"ENSG00000126254",1.17264245934702,1.20787279089906,1
"ENSG00000126261",1.4065814746496,1.31703320033075,1.07533370823182
"ENSG00000126264",1.36343199242558,1.07766231420587,1.0918321803173
"ENSG00000126267",1.16770248223816,1.15402304462596,1
"ENSG00000126351",1.42141501284164,1.11911215432961,1.09198514610614
"ENSG00000126432",1.23332419365416,1.16225327450447,1
"ENSG00000126456",1.30263097108418,1.12818569890947,1
"ENSG00000126457",1.24073128537804,1.2779027200911,1
"ENSG00000126458",1.34351515304713,1.26381521293648,1
"ENSG00000126461",1.44536947807833,1.24113070439449,1
"ENSG00000126464",1.69419114303603,1.17050257148759,1.29460093317079
"ENSG00000126522",1.18492228531434,1.07822284294828,1
"ENSG00000126524",1.43931033812081,1.29884484771878,1.11105699486041
"ENSG00000126561",1.15033223881134,1.2455047920367,1
"ENSG00000126581",1.29005806881589,1.33167855460251,1
"ENSG00000126602",1.45701358426692,1.23279236000938,1.20685585922923
"ENSG00000126653",1.33069677289886,1.20336837286506,1
"ENSG00000126698",1.4036264642321,1.21030299144646,1.13733006657569
"ENSG00000126709",1.12548523937626,1.15234248659069,1
"ENSG00000126746",1.37755780902693,1.1995266661055,1.04289287107544
"ENSG00000126749",1.33583942853424,1.37558324926755,1
"ENSG00000126756",1.2314362667817,1.22642233634165,1
"ENSG00000126767",1.28179901617023,1.05812759782139,1
"ENSG00000126768",1.11911046336725,1.15468876942554,1
"ENSG00000126773",1.43088598031645,1.23310025809578,1.21540030981917
"ENSG00000126775",1.49311755136934,1.29003603467673,1.23276881250784
"ENSG00000126777",1.43431584422448,1.32313195458201,1.16269553154099
"ENSG00000126790",1.42429865316759,1.3465512470624,1
"ENSG00000126804",1.20255911748024,1.22740506436953,1
"ENSG00000126814",1.74818289770551,1.34631453860182,1.43998048157045
"ENSG00000126821",1.20011914919885,1.19093342835051,1
"ENSG00000126858",1.21121529501051,1.21112921820496,1
"ENSG00000126860",1.13948719407611,1.05099091456584,1
"ENSG00000126870",1.17926713067714,1.31937824429215,1
"ENSG00000126882",1.27334556470251,1.15620902979084,1
"ENSG00000126883",1.61015062213613,1.41562950268019,1.33058099983585
"ENSG00000126903",1.21739401083738,1.22101340883124,1
"ENSG00000126934",1.54268094008003,1.25447590942824,1.30250880356891
"ENSG00000126945",1.28417559008146,1.28393844870667,1
"ENSG00000126953",1.31199300046678,1.29881943980846,1
"ENSG00000126970",1.34904151774361,1.289999998266,1
"ENSG00000127022",1.220269590276,1.14242893620138,1
"ENSG00000127054",1.06785676943821,1.07819402864117,1
"ENSG00000127080",1.15197272067453,1.1678449206825,1
"ENSG00000127081",1.27301834477222,1.24777166899194,1
"ENSG00000127084",1.49973691742406,1.35361172085432,1.2302204115479
"ENSG00000127124",1.21636319316731,1.27979123588467,1
"ENSG00000127125",1.12579201189663,1.1090045851356,1
"ENSG00000127184",1.03453572228544,1.30092994814685,1
"ENSG00000127191",1.05947992601265,1.11404004924092,1
"ENSG00000127220",1.35167962519171,1.10942611846952,1
"ENSG00000127311",1.10238785216695,1.2149255660271,1
"ENSG00000127314",1.28930289098003,1.21579378455387,1
"ENSG00000127328",1.2644031965286,1.16283401016505,1
"ENSG00000127334",1.48142489883471,1.33457171304606,1.11222469911803
"ENSG00000127337",1.23079840568024,1.32268381425948,1
"ENSG00000127362",1.06872466088717,1.21782564739542,1
"ENSG00000127399",1.62633198221812,1.02141305000801,1.19362347704289
"ENSG00000127415",1.38084482071816,1.26324849570988,1
"ENSG00000127418",1.50648906997781,1.3112479596455,1.08461857265447
"ENSG00000127419",1.45379472055845,1.19551014127958,1.12214079215878
"ENSG00000127445",1.25089640982677,1.22656616599608,1
"ENSG00000127452",1.25281142553588,1.01656551365886,1
"ENSG00000127463",1.18997403147295,1.34946620171306,1
"ENSG00000127481",1.26087751961646,1.13273758840456,1
"ENSG00000127483",1.32188457322526,1.13627429380547,1
"ENSG00000127511",1.15347419415103,1.11699597558212,1
"ENSG00000127526",1.15473471327254,1.12453135932646,1
"ENSG00000127527",1.5125235033923,1.30020935154122,1.23495376574179
"ENSG00000127528",1.46608031152849,1.27265375202743,1.25217763349605
"ENSG00000127540",1.19189081755267,1.12126439639831,1
"ENSG00000127554",1.52041330263754,1.31232335501193,1.1737899008575
"ENSG00000127580",1.05893449587392,1.10649614810164,1
"ENSG00000127586",1.0882680924683,1.21599564682045,1
"ENSG00000127589",1.21649933686264,1.11083730342144,1
"ENSG00000127603",1.28013520058702,1.21502660014494,1
"ENSG00000127616",1.09617845671607,1.15458820004834,1
"ENSG00000127663",1.68095552772877,1.46254030688608,1.37685981899145
"ENSG00000127720",1.00965851063539,1.12315986485056,1
"ENSG00000127774",1.19597583886539,1.16081148135512,1
"ENSG00000127804",1.3568287383342,1.28261685982849,1
"ENSG00000127824",1.23066817423863,1.35274430757368,1
"ENSG00000127837",1.25276508709607,1.16868125270854,1
"ENSG00000127838",1.02649554586143,1.18874772518175,1
"ENSG00000127870",1.17740214586828,1.12641419931963,1
"ENSG00000127884",1.38393395870169,1.21267274523613,1.1003341042865
"ENSG00000127903",1.42324334860252,1.21462845200231,1
"ENSG00000127914",1.36244885759616,1.1955399512078,1.11253738680444
"ENSG00000127920",1.38780917354763,1.0705931276747,1.11619970233082
"ENSG00000127922",1.28348646978618,1.30447272476772,1
"ENSG00000127946",1.25964935227714,1.25479333553204,1
"ENSG00000127947",1.46510719868475,1.27535437099398,1.21895774762836
"ENSG00000127948",1.11801884027574,1.31940066639051,1
"ENSG00000127951",1.22656985654353,1.2225434046152,1
"ENSG00000127952",1.24465027363079,1.23886885211662,1
"ENSG00000127957",1.2502956882236,1.25419627064248,1
"ENSG00000127980",1.52088398520105,1.2820660405537,1.29008641722932
"ENSG00000127989",1.2518254531561,1.23906087708594,1
"ENSG00000127993",1.15907962670002,1.17015602913563,1
"ENSG00000127995",1.4263777637922,1.3562836218691,1.03152509133637
"ENSG00000128000",1.3213641549525,1.2334835581892,1
"ENSG00000128011",1.95001430047703,1.51159201078433,1.47575854873735
"ENSG00000128016",1.64946622016174,1.3934959315064,1.3991100684785
"ENSG00000128039",1.34678231832719,1.14600811628637,1
"ENSG00000128050",1.53920365644503,1.31072896061541,1.22248540023094
"ENSG00000128059",1.4516941683651,1.30132635916155,1
"ENSG00000128159",1.11294389276421,1.15031055675327,1
"ENSG00000128185",1.06439083333604,1.18139225173232,1
"ENSG00000128191",1.08192797786864,1.20449290240417,1
"ENSG00000128203",1.26219030359878,1.09537484562307,1
"ENSG00000128228",1.16298171263176,1.18504598302971,1
"ENSG00000128245",1.47709991770787,1.05417941385987,1.23485619762956
"ENSG00000128266",1.31355768592384,1.13189994032735,1
"ENSG00000128268",1.5010530254293,1.10996304851798,1
"ENSG00000128271",1.29965681648915,1.13032914700751,1
"ENSG00000128272",1.26323291010932,1.04205333316617,1
"ENSG00000128294",1.25123511551961,1.14179462479229,1
"ENSG00000128309",1.21909960859633,1.15918416098827,1
"ENSG00000128311",1.18098462458101,1.42646646226034,1
"ENSG00000128335",1.61003678455666,1.35075728923915,1.36159692597872
"ENSG00000128340",1.47887746055267,1.36551207413458,1.20801403868088
"ENSG00000128463",1.17214775957973,1.10844086419363,1
"ENSG00000128487",1.31507513648274,1.0732501123389,1
"ENSG00000128512",1.20545137779184,1.38052758511995,1
"ENSG00000128513",1.47032255209583,1.28181608382233,1.19735960531566
"ENSG00000128524",1.13080401471175,1.19668293207684,1
"ENSG00000128534",1.10954823964841,1.24711939858095,1
"ENSG00000128536",1.21178995870611,1.24525990385212,1
"ENSG00000128563",1.23415683155306,1.10022888914833,1
"ENSG00000128585",1.39646433873025,1.34734836775356,1.11388122265747
"ENSG00000128590",1.05411439114374,1.24233207997592,1
"ENSG00000128594",1.73505511647356,1.71817442631068,1.2564131826824
"ENSG00000128595",1.38548844310101,1.21704743210293,1.11138512817901
"ENSG00000128596",1.38577810981662,1.27015778842823,1
"ENSG00000128604",1.11172453455983,1.13684265836489,1
"ENSG00000128607",1.22260002932612,1.11601862558388,1
"ENSG00000128609",1.26410725594299,1.30609479389803,1
"ENSG00000128626",1.18895379160334,1.2693813943374,1
"ENSG00000128654",1.656685808582,1.4363760692893,1.29008665513463
"ENSG00000128692",1.38883535496857,1.15496265040196,1.04829689284099
"ENSG00000128694",1.57395818378174,1.41063548000799,1.21225865077636
"ENSG00000128699",1.45193552684263,1.27881384959931,1.21037934783676
"ENSG00000128708",1.22721158467583,1.15978382602966,1
"ENSG00000128731",1.27462469311115,1.20704291673434,1
"ENSG00000128739",1.26546230073572,1.21782306569936,1
"ENSG00000128789",1.34716393217267,1.24702480332398,1
"ENSG00000128791",1.22319767512107,1.204284191737,1
"ENSG00000128815",1.22522511388313,1.28696182950774,1
"ENSG00000128829",1.36305657888546,1.27810220784158,1.05722992703472
"ENSG00000128872",1.10307651607084,1.18825855733927,1
"ENSG00000128881",1.32177875947971,1.26626569322999,1
"ENSG00000128891",1.30902332146762,1.14616544222198,1
"ENSG00000128908",1.31310779837748,1.21251971291652,1
"ENSG00000128915",1.54506372418925,1.35940786612444,1.24629546166444
"ENSG00000128918",1.41348079402431,1.51986987037322,1
"ENSG00000128923",1.19407802213286,1.10292743485504,1
"ENSG00000128928",1.33625876358204,1.21322144587578,1
"ENSG00000128944",1.02161584107316,1.12001831645343,1
"ENSG00000128951",1.12430026407297,1.20359705734066,1
"ENSG00000128973",1.51607098768888,1.17860969509627,1.24074003304475
"ENSG00000128989",1.12995242766085,1.16743692347188,1
"ENSG00000129003",1.32263431717632,1.28175038039016,1
"ENSG00000129007",1.28123112116085,1.22049979525927,1
"ENSG00000129055",1.3746396056499,1.25582580500747,1.06424919734426
"ENSG00000129071",1.44453443075809,1.37206910040982,1.15651569061724
"ENSG00000129083",1.05213271453725,1.0883209395132,1
"ENSG00000129084",1.22705116400431,1.10174496149452,1
"ENSG00000129103",1.47233904380601,1.23162760061827,1.25068811787766
"ENSG00000129116",1.21731080801357,1.13931608315659,1
"ENSG00000129128",1.16723262183385,1.07090637982073,1
"ENSG00000129187",1.46192045621334,1.32705926970745,1.17792792200928
"ENSG00000129197",1.28081199731655,1.30685897019685,1
"ENSG00000129219",1.39076728142622,1.14545362866583,1
"ENSG00000129235",1.33222343352622,1.15615019245236,1
"ENSG00000129245",1.17102666473137,1.24967512609956,1
"ENSG00000129250",1.54195343049931,1.25149162041443,1.2690328493379
"ENSG00000129255",1.19375879675512,1.15325950326033,1
"ENSG00000129282",1.41498850725564,1.27137219407919,1
"ENSG00000129292",1.37615985520334,1.35506775074766,1.02416763359336
"ENSG00000129295",1.26020312366768,1.29023383706763,1
"ENSG00000129315",1.16179024072951,1.14275349342703,1
"ENSG00000129317",1.24336477106852,1.28217749632187,1
"ENSG00000129347",1.60523868477211,1.21066483680391,1.37860850939637
"ENSG00000129351",1.3506712711906,1.29559950377422,1
"ENSG00000129353",1.46833412857454,1.40688439678447,1.17245233518408
"ENSG00000129355",1.57699988535591,1.43413264567496,1.25485846901766
"ENSG00000129422",1.30559249727565,1.17484535597163,1
"ENSG00000129450",1.63471841524408,1.49863465343299,1.27592164609913
"ENSG00000129460",1.1679708948031,1.36895189800326,1
"ENSG00000129465",1.31182089092491,1.28983019719263,1
"ENSG00000129472",1.26724868594213,1.04850002313805,1
"ENSG00000129473",1.35502772141587,1.17426752572776,1
"ENSG00000129480",1.55527060456006,1.32058803296974,1.22381760616863
"ENSG00000129484",1.33776201497554,1.3092520253959,1
"ENSG00000129493",1.26403490576946,1.30311046005812,1
"ENSG00000129515",1.25647715547492,1.20579715728931,1
"ENSG00000129518",1.2325354077509,1.15147576184289,1
"ENSG00000129521",1.13253175232905,1.1006263312167,1
"ENSG00000129534",1.12411753153989,1.09022268244491,1
"ENSG00000129559",1.15213369599152,1.1386496664191,1
"ENSG00000129562",1.27779570395038,1.15829160123388,1
"ENSG00000129595",1.39276164315612,1.30718066892896,1
"ENSG00000129625",1.01405405075887,1.12215606498395,1
"ENSG00000129636",1.32552048113972,1.07553795512654,1.02952097682307
"ENSG00000129646",1.28098026016701,1.08448679167899,1
"ENSG00000129657",1.57084846619839,1.43077526216498,1.27976479647565
"ENSG00000129667",1.41144476948552,1.08459877709912,1.13899557248844
"ENSG00000129675",1.30265548429066,1.05120031659379,1
"ENSG00000129680",1.53029283804809,1.30211799119054,1.22802525014734
"ENSG00000129691",1.18433294355537,1.09279034865322,1
"ENSG00000129696",1.30735553813625,1.13479236928436,1
"ENSG00000129749",1.78953252892134,1.4200780974876,1.34230535063808
"ENSG00000129757",1.32721506117744,1.18484150822707,1
"ENSG00000129911",1.25944687577201,1.28634932841009,1
"ENSG00000129925",1.4093676197612,1.3350346780112,1.09536291826621
"ENSG00000129932",1.32941885968503,1.23852980323996,1
"ENSG00000129933",1.39542676671128,1.30395668681806,1.09578966245292
"ENSG00000129968",1.16760740780818,1.16753485685109,1
"ENSG00000129993",1.48918151793484,1.22168063754738,1
"ENSG00000130021",1.30421503662928,1.20331997837912,1
"ENSG00000130023",1.48639932242076,1.36779895268734,1.19917331908568
"ENSG00000130024",1.46492659506859,1.32949660329344,1.114163923323
"ENSG00000130038",1.14119450549235,1.06486405027521,1
"ENSG00000130052",1.48618204050263,1.11261148752998,1
"ENSG00000130066",1.38737545738337,1.30956403115978,1
"ENSG00000130119",1.24067199069344,1.15164932605395,1
"ENSG00000130150",1.32160676822802,1.44334087751604,1
"ENSG00000130159",1.21707190749462,1.14875939264113,1
"ENSG00000130164",1.69778789438899,1.16196082245842,1.40603086156012
"ENSG00000130165",1.01478541740527,1.10689859351684,1
"ENSG00000130175",1.19032008404154,1.17311435860075,1
"ENSG00000130177",1.21774897184951,1.25225713196541,1
"ENSG00000130193",1.45736790147992,1.22663166009855,1.10957213828899
"ENSG00000130204",1.17502059432411,1.27039835221874,1
"ENSG00000130227",1.26603724805636,1.0933695152154,1
"ENSG00000130244",1.17358035362433,1.15131898016037,1
"ENSG00000130254",1.29063299652176,1.17226264014744,1
"ENSG00000130255",1.39971701105673,1.2620756077491,1.12498565295295
"ENSG00000130299",1.34663417661462,1.25857405190977,1
"ENSG00000130300",1.82977532055233,1.10881385765361,1.48424069808671
"ENSG00000130303",1.28096549055078,1.049699051367,1
"ENSG00000130304",1.38441955995888,1.13407538322512,1
"ENSG00000130305",1.11564287292271,1.12060826684316,1
"ENSG00000130309",1.2122916650737,1.17020501635727,1
"ENSG00000130311",1.0598985453751,1.02378018165312,1
"ENSG00000130312",1.38104397692806,1.24260897843865,1
"ENSG00000130313",1.22279076226681,1.29478399378336,1
"ENSG00000130332",1.29291955222049,1.28973092700427,1
"ENSG00000130338",1.06579008528134,1.36028120983005,1
"ENSG00000130340",1.29007814510436,1.22146462293111,1
"ENSG00000130347",1.20487408353202,1.26357510408452,1
"ENSG00000130348",1.21651925071395,1.27837215110861,1
"ENSG00000130349",1.26011292860405,1.31357296295877,1
"ENSG00000130363",1.59180855501548,1.3959359634914,1.32167101138488
"ENSG00000130382",1.20499272579768,1.36092885125577,1
"ENSG00000130396",1.20129983098991,1.15648124613782,1
"ENSG00000130402",1.3605047652116,1.2760155963551,1
"ENSG00000130414",1.20721237702864,1.27932811904278,1
"ENSG00000130429",1.54716544067811,1.35156336539884,1.25861390554099
"ENSG00000130449",1.33177743622517,1.39017126225405,1
"ENSG00000130475",1.40428656326161,1.31810351808283,1.06690884653496
"ENSG00000130479",1.60492718666209,1.2792809849173,1.23520427514516
"ENSG00000130489",1.2527522833823,1.11694348793543,1
"ENSG00000130511",1.15771348962276,1.36619226539756,1
"ENSG00000130517",1.33736628572142,1.12086427895353,1
"ENSG00000130518",1.43783077530867,1.27529261793476,1
"ENSG00000130520",1.42550747669995,1.25460730913265,1.17017727193308
"ENSG00000130522",1.36043995310112,1.21500967038577,1.0960126921429
"ENSG00000130544",1.2610881774994,1.19769242492103,1
"ENSG00000130559",1.27666910727429,1.26094280317836,1
"ENSG00000130560",1.15740076866753,1.07687064148485,1
"ENSG00000130589",1.4353044811715,1.30838060633448,1.15612978516037
"ENSG00000130592",1.48490116469921,1.39335012000308,1.17186554028852
"ENSG00000130598",1.61382767813175,1.48496615653721,1
"ENSG00000130638",1.24003486241625,1.35820090831337,1
"ENSG00000130640",1.19355563829458,1.08626001345985,1
"ENSG00000130684",1.45459548994551,1.27048293866273,1.17234578692663
"ENSG00000130695",1.22493053668061,1.27150668743933,1
"ENSG00000130699",1.38478579523316,1.12730325838938,1
"ENSG00000130703",1.67434157642412,1.62889351330116,1.24762640796645
"ENSG00000130706",1.34241380348454,1.13191126551166,1
"ENSG00000130713",1.35313347476609,1.34702352007493,1
"ENSG00000130714",1.21714158490419,1.29521808865949,1
"ENSG00000130717",1.05905374016206,1.13380857806506,1
"ENSG00000130723",1.16356205117033,1.14318907264611,1
"ENSG00000130724",1.23745245986612,1.44074400905764,1
"ENSG00000130725",1.19130839619384,1.26485000620288,1
"ENSG00000130726",1.14051973064187,1.15373967808992,1
"ENSG00000130731",1.3553374463576,1.30490363095848,1
"ENSG00000130733",1.09797313529117,1.18318339508265,1
"ENSG00000130734",1.31151215251811,1.19056832113723,1
"ENSG00000130741",1.37358185739334,1.03057384715457,1.13501436050553
"ENSG00000130748",1.03285104607136,1.23258568601593,1
"ENSG00000130749",1.31771382324995,1.24623992698655,1
"ENSG00000130755",1.26973654366326,1.17895358005507,1
"ENSG00000130758",1.09091813971518,1.24074768273354,1
"ENSG00000130764",1.0640623551075,1.13373733552234,1
"ENSG00000130766",1.39018954657252,1.38116518423684,1
"ENSG00000130770",1.20028163645727,1.20846816952246,1
"ENSG00000130772",1.09958669529246,1.27350692989786,1
"ENSG00000130775",1.68432440591825,1.49840804351448,1.33123753250817
"ENSG00000130779",1.55164759894219,1.36229689459685,1.31168785645499
"ENSG00000130787",1.18713096992338,1.20916066327396,1
"ENSG00000130803",1.0315008223469,1.11308792488714,1
"ENSG00000130811",1.51332795244116,1.25839804842167,1.30338096706121
"ENSG00000130813",1.1680380144223,1.16603436624112,1
"ENSG00000130816",1.08325795851911,1.26309724569932,1
"ENSG00000130818",1.1840742280507,1.25846646509913,1
"ENSG00000130821",1.3282679099637,1.11516907155763,1
"ENSG00000130826",1.44814568147489,1.20102849371047,1.20235621833448
"ENSG00000130827",1.22122529530766,1.21877472426863,1
"ENSG00000130830",1.19892738200936,1.15113272159083,1
"ENSG00000130844",1.47370112247144,1.34284814718283,1.1070357110775
"ENSG00000130856",1.11327854294385,1.23367336740919,1
"ENSG00000130881",1.29670381907256,1.1867136996485,1
"ENSG00000130921",1.27405630421492,1.2479235169719,1
"ENSG00000130935",1.51945584812351,1.35555725469467,1.22311860301479
"ENSG00000130939",1.56871635103943,1.31040823573784,1.33785316543163
"ENSG00000130940",2.00872214943423,1.13305941068181,1.64069243627926
"ENSG00000130956",1.38220217810703,1.31780865159257,1
"ENSG00000130958",1.12048519069496,1.25759586878933,1
"ENSG00000130985",1.3080922266727,1.2447415896311,1
"ENSG00000131013",1.18035565548795,1.20272175443263,1
"ENSG00000131018",1.25164053152221,1.10722077130154,1
"ENSG00000131023",1.10990624173722,1.23413794832557,1
"ENSG00000131043",1.24441845814598,1.20307102903891,1
"ENSG00000131051",1.17211713280475,1.16519167292676,1
"ENSG00000131061",1.76297667258369,1.2811344201593,1.37303504690977
"ENSG00000131067",1.24843671173024,1.2388511371745,1
"ENSG00000131069",1.09003943544016,1.33483004202076,1
"ENSG00000131089",1.62602865277302,1.29606955762281,1.33926575822294
"ENSG00000131100",1.16826846175174,1.21629007020945,1
"ENSG00000131115",1.33600252817644,1.2613852325591,1
"ENSG00000131116",1.27293805429303,1.22534329134223,1
"ENSG00000131127",1.30682091704187,1.2626365030142,1
"ENSG00000131143",1.2783482444873,1.20858245957516,1
"ENSG00000131148",1.09550500872531,1.16184622275421,1
"ENSG00000131149",1.39623732904352,1.11429025476068,1.16776392094667
"ENSG00000131165",1.42452296394997,1.31089536126674,1.11703399718706
"ENSG00000131171",1.25199694053879,1.03776714495292,1
"ENSG00000131174",1.25561732003978,1.27843870987762,1
"ENSG00000131188",1.60158287227282,1.24598205427711,1.1882970511004
"ENSG00000131196",1.03163997171491,1.17939931441659,1
"ENSG00000131236",1.47436920338563,1.38206550139514,1.1671877605992
"ENSG00000131238",1.07552440484707,1.24968868019395,1
"ENSG00000131242",1.43007622882587,1.35876307885415,1.1341449957729
"ENSG00000131263",1.3445349087725,1.30084486945387,1
"ENSG00000131269",1.38362362021563,1.32862738034333,1
"ENSG00000131323",1.37011655562419,1.10782677249031,1.13303653872986
"ENSG00000131351",1.33524704926452,1.06406373164204,1
"ENSG00000131368",1.2304195286155,1.282019566967,1
"ENSG00000131370",1.30217510204385,1.16635657204051,1
"ENSG00000131373",1.41806072220928,1.31576592518938,1.09371621273007
"ENSG00000131374",1.15131962300489,1.0901370964471,1
"ENSG00000131375",1.32864474193093,1.17422539451851,1
"ENSG00000131378",1.41330080129964,1.32735892470535,1.12834220552579
"ENSG00000131381",1.24073708234204,1.15858405410385,1
"ENSG00000131389",1.83265409095821,1.59514203747541,1.44872875330488
"ENSG00000131401",1.27944826024617,1.07953655164825,1
"ENSG00000131408",1.46679956058967,1.26056717315075,1.19163830421596
"ENSG00000131437",1.60385640739339,1.33511057808844,1.30836736754854
"ENSG00000131446",1.10692705058081,1.25743142388842,1
"ENSG00000131467",1.40053946329749,1.33212960598972,1.04446388641666
"ENSG00000131469",1.08468379109459,1.28165057458909,1
"ENSG00000131473",1.12793418703123,1.05831605218555,1
"ENSG00000131475",1.07365874559185,1.09923214777172,1
"ENSG00000131480",1.6174920216059,1.53480432209272,1.14688036384159
"ENSG00000131495",1.08604948028364,1.04440846733939,1
"ENSG00000131503",1.31089755919076,1.16580423488802,1
"ENSG00000131504",1.43050094958526,1.12238367136065,1.20141453373555
"ENSG00000131507",1.26446065538176,1.18224418438308,1
"ENSG00000131508",1.11551429783479,1.08505652518216,1
"ENSG00000131558",1.32057290496781,1.20465473132269,1
"ENSG00000131584",1.24608196760042,1.02944898265061,1
"ENSG00000131591",1.20189970801622,1.22024583178501,1
"ENSG00000131626",1.3792091240975,1.31340756584886,1.04198804217427
"ENSG00000131634",1.24434791340754,1.2341814699285,1
"ENSG00000131652",1.2831810023707,1.20167202770333,1
"ENSG00000131653",1.13956681017557,1.15831105655219,1
"ENSG00000131669",1.45717330330476,1.48512223941799,1
"ENSG00000131697",1.6482707656955,1.18129055022,1.30939369486051
"ENSG00000131724",1.29320049572874,1.41533521690148,1
"ENSG00000131725",1.12306869943156,1.23539299072824,1
"ENSG00000131732",1.2564598876181,1.14153018084552,1
"ENSG00000131747",1.30586595169315,1.23663566495021,1
"ENSG00000131748",1.21520323342086,1.30223519879752,1
"ENSG00000131759",1.88524579923003,1.50449544640197,1.55561548557609
"ENSG00000131778",1.1487117082288,1.32177164874501,1
"ENSG00000131779",1.38958968578392,1.26469943695828,1.08398500308189
"ENSG00000131781",1.32772873012561,1.03603161225653,1
"ENSG00000131788",1.34663215085189,1.24897778420359,1
"ENSG00000131791",1.35814815353813,1.26815130637959,1
"ENSG00000131795",1.52544757336949,1.09026845978963,1.32538496765506
"ENSG00000131797",1.15883213703462,1.19867387235647,1
"ENSG00000131828",1.41439442968611,1.26986554471976,1.13471713540242
"ENSG00000131844",1.48826536875857,1.33281415317201,1.20217322255434
"ENSG00000131845",1.37472391242727,1.18918616769251,1
"ENSG00000131848",1.01377312483518,1.27874783761414,1
"ENSG00000131849",1.20781335147,1.27670289592069,1
"ENSG00000131871",1.23624946010614,1.22639772949864,1
"ENSG00000131873",1.21897566079676,1.41451183348663,1
"ENSG00000131876",1.23588623337311,1.30974586557081,1
"ENSG00000131899",1.20012542128644,1.10392739700941,1
"ENSG00000131931",1.18086491717409,1.07127711261916,1
"ENSG00000131943",1.09720046985592,1.29510045278519,1
"ENSG00000131944",1.18186995100455,1.32601944461436,1
"ENSG00000131966",1.09559506156133,1.10427315979054,1
"ENSG00000131979",1.09645342810261,1.22985358144951,1
"ENSG00000131981",1.20207805979638,1.12820000302636,1
"ENSG00000132002",1.16804668114614,1.10094208809542,1
"ENSG00000132005",1.78361510600856,1.203763910745,1.38141383676734
"ENSG00000132017",1.53140254906275,1.26144427659973,1.26735188342553
"ENSG00000132024",1.64561114472756,1.13254432362682,1.18423258792607
"ENSG00000132109",1.50949240069963,1.40583264353088,1.19767879012548
"ENSG00000132122",1.22971603485826,1.18121877858485,1
"ENSG00000132128",1.06560012329228,1.20890274836035,1
"ENSG00000132142",1.27142251044637,1.27782464421924,1
"ENSG00000132153",1.35893762571054,1.21210303412453,1.06932257759766
"ENSG00000132155",2.41335377315186,1.74430594469758,1.93066160069368
"ENSG00000132182",1.199706737847,1.20918198267063,1
"ENSG00000132185",1.0921074203408,1.1637296160895,1
"ENSG00000132196",1.29986444582387,1.19896578762453,1
"ENSG00000132199",1.30546711639694,1.22326609037713,1
"ENSG00000132205",1.09379516618369,1.15971019008815,1
"ENSG00000132254",1.31820462617804,1.20967427694622,1
"ENSG00000132256",1.23435682868332,1.20475415825833,1
"ENSG00000132274",1.13636550674776,1.04722797262605,1
"ENSG00000132275",1.1885348793459,1.22110457666991,1
"ENSG00000132286",1.3540724725957,1.32644208522651,1
"ENSG00000132294",1.30556873210374,1.12438863047608,1
"ENSG00000132300",1.32066200364409,1.39472075221313,1
"ENSG00000132305",1.37694802136078,1.20377042816978,1.11782414642923
"ENSG00000132313",1.47843597322896,1.35783611763235,1.18017981485505
"ENSG00000132323",1.1257571827088,1.30922361811824,1
"ENSG00000132326",1.72642679398517,1.08455638545159,1.41013730991098
"ENSG00000132330",1.15214442770587,1.26130980792038,1
"ENSG00000132334",1.4563218861121,1.55861217515424,1
"ENSG00000132341",1.3221245401081,1.31583927001354,1
"ENSG00000132356",1.09848145552095,1.19689518107515,1
"ENSG00000132357",1.37474579416301,1.24990195486221,1
"ENSG00000132359",1.48649397625119,1.23435875449088,1.24424663219634
"ENSG00000132361",1.22108129384152,1.21553116225052,1
"ENSG00000132376",1.10009382433178,1.21578859074162,1
"ENSG00000132382",1.40784119330277,1.24088432134081,1
"ENSG00000132383",1.2844022392058,1.12973086875824,1
"ENSG00000132386",1.18800932067395,1.1335934994418,1
"ENSG00000132388",1.26957550356711,1.18043947852585,1
"ENSG00000132394",1.28320909684071,1.23484058555397,1
"ENSG00000132405",1.35753486992205,1.47335067122341,1
"ENSG00000132406",1.35597128147469,1.30094966207284,1
"ENSG00000132424",1.06536916144231,1.08785312060657,1
"ENSG00000132432",1.19515400566041,1.23730849482888,1
"ENSG00000132434",1.04958918693465,1.17559365973961,1
"ENSG00000132436",1.32063332904545,1.34293763390589,1
"ENSG00000132463",1.32399457966171,1.33531946547246,1
"ENSG00000132465",1.11981370760741,1.1629271827628,1
"ENSG00000132466",1.00958774234673,1.02768287213531,1
"ENSG00000132467",1.34342490029716,1.22459738254421,1
"ENSG00000132471",1.26633814151613,1.26641658935456,1
"ENSG00000132475",1.38451940830828,1.48349602637549,1
"ENSG00000132478",1.06637214317864,1.24088822379959,1
"ENSG00000132485",1.31020868760645,1.20610131105346,1
"ENSG00000132507",1.33159695974072,1.13168892377393,1.02875806533436
"ENSG00000132510",1.69640544858616,1.38216175359679,1.42725911271045
"ENSG00000132530",1.08506413058106,1.03661879549981,1
"ENSG00000132535",1.06979321357067,1.05462311504988,1
"ENSG00000132549",1.40108565414507,1.31769580705794,1.15057348011116
"ENSG00000132570",1.20599379118408,1.27938468951163,1
"ENSG00000132581",1.38944459744561,1.32744170975453,1.06103370797497
"ENSG00000132589",1.65828373164612,1.43114233186363,1.35678464950789
"ENSG00000132591",1.30714593754701,1.14247548534506,1
"ENSG00000132600",1.38307206871467,1.2973937126598,1
"ENSG00000132603",1.1687994370742,1.24161983697039,1
"ENSG00000132604",1.24786528931546,1.2322735896825,1
"ENSG00000132612",1.13914087730032,1.03263049334853,1
"ENSG00000132623",1.54928613257906,1.28806786744326,1.18608397237995
"ENSG00000132635",1.17117025060249,1.30444126797965,1
"ENSG00000132640",1.1766007081615,1.13448955007903,1
"ENSG00000132646",1.21553495101186,1.25755201325647,1
"ENSG00000132661",1.49472953783841,1.3045469113688,1.08975934310047
"ENSG00000132664",1.29671799950059,1.34575886878919,1
"ENSG00000132669",1.53472917253159,1.19870094959546,1.17916319741454
"ENSG00000132670",1.09425465730473,1.22967753063683,1
"ENSG00000132676",1.32183696533155,1.21452777078349,1
"ENSG00000132680",1.21996814535637,1.17932593034566,1
"ENSG00000132694",1.7397996797797,1.39392001139561,1.46290419956573
"ENSG00000132716",1.0345747823986,1.13968607760851,1
"ENSG00000132718",1.35661748573903,1.18833608199119,1
"ENSG00000132740",1.37930208421144,1.12421516053452,1
"ENSG00000132749",1.22019165894413,1.43037398613565,1
"ENSG00000132768",1.30984157444927,1.29358009517492,1
"ENSG00000132773",1.15699165373148,1.22972170395773,1
"ENSG00000132780",1.25706364104425,1.1736829386922,1
"ENSG00000132781",1.5953072820285,1.31574297595116,1.29686260272859
"ENSG00000132792",1.21649260667358,1.17272405672023,1
"ENSG00000132801",1.14686844318672,1.06053394793264,1
"ENSG00000132819",1.18659421214994,1.06818751696103,1
"ENSG00000132823",1.28890736185084,1.39204088592814,1
"ENSG00000132824",1.0464674067107,1.31860635845959,1
"ENSG00000132825",1.1133066792021,1.4753798061718,1
"ENSG00000132842",1.11594705247734,1.24160038289196,1
"ENSG00000132849",1.36654452185445,1.23424239513384,1
"ENSG00000132879",1.37150501615785,1.27318969754427,1
"ENSG00000132906",1.42866485652704,1.42272332579234,1
"ENSG00000132912",1.46456981443156,1.31196261325969,1.19969819057759
"ENSG00000132950",1.15466831818376,1.15163734459744,1
"ENSG00000132952",1.51972160351967,1.27636961128894,1.27963429938799
"ENSG00000132953",1.42641215178072,1.35669151291053,1.07246368404396
"ENSG00000132963",1.13820028775653,1.06906330501684,1
"ENSG00000132964",1.25292434198463,1.29791147858795,1
"ENSG00000132965",1.26399801455541,1.50748033382679,1
"ENSG00000132967",1.1475781117689,1.19571182842467,1
"ENSG00000133027",1.4791786872052,1.3236799873863,1
"ENSG00000133028",1.35787716584186,1.32195105331537,1
"ENSG00000133030",1.09685810693325,1.18090746933893,1
"ENSG00000133056",1.32806032949233,1.22638907385873,1
"ENSG00000133059",1.24735906540692,1.21053754579282,1
"ENSG00000133063",1.45055714486578,1.38890263809255,1
"ENSG00000133065",1.2812427914477,1.24100496342037,1
"ENSG00000133069",1.37481870686437,1.07020344091547,1.07563591263062
"ENSG00000133103",1.43203039957737,1.29079025942721,1.15654944091231
"ENSG00000133104",1.16628080891621,1.18053145546667,1
"ENSG00000133106",1.07458291457235,1.04728309112939,1
"ENSG00000133111",1.45999700442492,1.29700586764901,1
"ENSG00000133112",1.07920512058401,1.25650232608302,1
"ENSG00000133114",1.52370495404171,1.38502064859524,1.19823650424936
"ENSG00000133119",1.36241054316207,1.24041494565482,1
"ENSG00000133131",1.39844478462794,1.2788148949354,1
"ENSG00000133134",1.45980478800274,1.39701463556756,1
"ENSG00000133136",1.1978845314289,1.43569754356355,1
"ENSG00000133142",1.63337679051089,1.22735942216124,1.27235039339002
"ENSG00000133193",1.05742158226109,1.02210845384692,1
"ENSG00000133195",1.37626062642697,1.19347821886765,1
"ENSG00000133226",1.02508006333448,1.16797056488234,1
"ENSG00000133243",1.42307595042123,1.2268645464321,1.05631579844333
"ENSG00000133246",1.60129204916019,1.37123524921653,1.2502865136794
"ENSG00000133256",1.73807897909604,1.28895197236103,1.37389333622295
"ENSG00000133265",1.57575449691676,1.19947333574734,1.16754724083438
"ENSG00000133275",1.39034771493626,1.35276892697209,1.04188788352048
"ENSG00000133302",1.21264827047142,1.07376796549285,1
"ENSG00000133313",1.32339329942174,1.13653648511425,1
"ENSG00000133316",1.41488891067446,1.32393528519167,1.07829118777854
"ENSG00000133317",1.65203790326985,1.1445405027406,1.35850113725376
"ENSG00000133318",1.78055758743046,1.55488997844559,1.3951893583885
"ENSG00000133321",1.01247368992285,1.25695565491776,1
"ENSG00000133393",1.18936497976513,1.29128351672771,1
"ENSG00000133398",1.20870177224031,1.21735476947189,1
"ENSG00000133422",1.26523139250498,1.22011761724339,1
"ENSG00000133424",1.02889719217693,1.21999653067358,1
"ENSG00000133460",1.05968304693253,1.14069865035434,1
"ENSG00000133466",1.25295481156601,1.05703615941873,1
"ENSG00000133561",1.48887280990592,1.21076759715923,1.27079348128088
"ENSG00000133574",1.3252707914565,1.11419605980804,1.02610328209262
"ENSG00000133597",1.35724685379019,1.24352220014007,1
"ENSG00000133606",1.14164574588025,1.02404579100024,1
"ENSG00000133612",1.16595903205682,1.21891051840049,1
"ENSG00000133619",1.22051430734025,1.15490921438844,1
"ENSG00000133624",1.20822699059441,1.12330003945483,1
"ENSG00000133627",1.29081266846686,1.07606572728278,1
"ENSG00000133639",1.2760709899114,1.19463113689299,1
"ENSG00000133641",1.27376834085575,1.31929802834262,1
"ENSG00000133657",1.43317792037675,1.15755833445348,1.23168578277337
"ENSG00000133678",1.45036758805205,1.24063064908757,1
"ENSG00000133687",1.3082142954966,1.16948854464353,1
"ENSG00000133703",1.6203781542351,1.28569383303737,1.41631911699644
"ENSG00000133704",1.16640189620088,1.08458711580655,1
"ENSG00000133706",1.32022171182821,1.25441530255122,1
"ENSG00000133731",1.12397012473285,1.12123338495961,1
"ENSG00000133739",1.53808649589133,1.43940647284689,1.05159401363758
"ENSG00000133740",1.12859836922501,1.30027433864851,1
"ENSG00000133742",1.17785771552382,1.06740219344911,1
"ENSG00000133773",1.24323835731871,1.17982934288885,1
"ENSG00000133789",1.03441126418617,1.15070570157206,1
"ENSG00000133794",1.45583764282594,1.31002512532245,1.20258981876859
"ENSG00000133805",1.21125747132456,1.24026942986079,1
"ENSG00000133808",1.45667073130572,1.34613389584907,1
"ENSG00000133812",1.47737508851137,1.45835818133126,1.10854112576649
"ENSG00000133816",1.43113272654712,1.24291192180311,1.18733315146408
"ENSG00000133818",1.34776088807244,1.36937159368181,1
"ENSG00000133835",1.10322751723966,1.11498700659374,1
"ENSG00000133858",1.07714031494458,1.15626723684328,1
"ENSG00000133872",1.24109208387425,1.209952269103,1
"ENSG00000133874",1.66949662608169,1.3846771306234,1.30553748269986
"ENSG00000133884",1.48667069127622,1.3834538700041,1.19517769632328
"ENSG00000133895",1.39020761828197,1.24333842389959,1
"ENSG00000133935",1.42131756347182,1.26311290594299,1
"ENSG00000133943",1.65567818810598,1.40665528822113,1.3972707723686
"ENSG00000133961",1.6468180585891,1.5763611147337,1.25869428996731
"ENSG00000133962",1.46674095066629,1.39695184289359,1
"ENSG00000133983",1.44765545316492,1.42383026413108,1
"ENSG00000133985",1.2154702626667,1.10527660114102,1
"ENSG00000133997",1.38874879935391,1.06014130503103,1.1338056851201
"ENSG00000134001",1.3530073631499,1.33209065380319,1
"ENSG00000134013",1.36733635416191,1.05733773523737,1
"ENSG00000134014",1.43539677493422,1.25284569951173,1.18802722338156
"ENSG00000134030",1.2238576817978,1.13005783699085,1
"ENSG00000134046",1.1607513677399,1.16811006326528,1
"ENSG00000134049",1.30079675944564,1.35937724369157,1
"ENSG00000134056",1.0580894435465,1.0359967162097,1
"ENSG00000134057",1.46585090109495,1.28277578025886,1
"ENSG00000134058",1.19010163128437,1.21259553391137,1
"ENSG00000134070",1.30122679703056,1.15166277998456,1
"ENSG00000134072",1.56588415913673,1.13070322015923,1.32105463585492
"ENSG00000134077",1.60441140087931,1.32838860827342,1.3477498473033
"ENSG00000134086",1.12809441569667,1.13764315799382,1
"ENSG00000134107",1.40894680086246,1.21997468201525,1.13879075951971
"ENSG00000134108",1.13200834539153,1.10742535719601,1
"ENSG00000134109",1.13499310853211,1.15691432775493,1
"ENSG00000134146",1.70289851644731,1.33883265042876,1.39975358187736
"ENSG00000134152",1.81599981867944,1.36348954537533,1.59156042292196
"ENSG00000134153",1.32304365342706,1.21225388094111,1
"ENSG00000134186",1.08292157461381,1.12586263224944,1
"ENSG00000134198",2.40703568604678,1.39437727028431,2.14604189436242
"ENSG00000134215",1.21149546728417,1.35900373767046,1
"ENSG00000134222",1.25285267137963,1.3079996879676,1
"ENSG00000134242",1.08758183919236,1.21830166890883,1
"ENSG00000134243",1.19480147531853,1.20122238960447,1
"ENSG00000134248",1.15146057935385,1.24965217853396,1
"ENSG00000134250",1.47368576428465,1.27959200431293,1.2240753733196
"ENSG00000134255",1.27419501860891,1.24626409030092,1
"ENSG00000134256",1.29754875787656,1.10002611379103,1
"ENSG00000134262",1.12697460738943,1.24735434250796,1
"ENSG00000134265",1.20233598344757,1.13347377455715,1
"ENSG00000134278",1.49547464269896,1.22454274165316,1
"ENSG00000134283",1.29902212634271,1.28053511245442,1
"ENSG00000134285",1.39703023607428,1.10197788780944,1
"ENSG00000134287",1.4586795392589,1.29134150360922,1.1701432270673
"ENSG00000134291",1.24659115715963,1.29972254054436,1
"ENSG00000134294",1.13187715822711,1.13183650818183,1
"ENSG00000134297",1.23789651156933,1.21724572433465,1
"ENSG00000134308",1.27621105467666,1.25862197765149,1
"ENSG00000134313",1.30366812176628,1.33431201390533,1
"ENSG00000134317",1.30324271135338,1.11400420391168,1
"ENSG00000134318",1.01482310847228,1.11004425701149,1
"ENSG00000134324",1.26313474222359,1.30154226154731,1
"ENSG00000134326",1.10203852887956,1.11494993067363,1
"ENSG00000134330",1.15793779447205,1.32817959960798,1
"ENSG00000134333",1.49564153637694,1.14572875142305,1.29904923771574
"ENSG00000134352",1.3338566329266,1.17983499822773,1
"ENSG00000134369",1.1354755957688,1.2078308806579,1
"ENSG00000134371",1.16930280436633,1.14702428269586,1
"ENSG00000134375",1.08177981236211,1.3265216842162,1
"ENSG00000134419",1.23425570910334,1.28663210961471,1
"ENSG00000134440",1.38393256190564,1.13518043496951,1.13044388188602
"ENSG00000134444",1.18339133913914,1.13288753311224,1
"ENSG00000134452",1.14626999648559,1.13980264233512,1
"ENSG00000134453",1.37242631166746,1.24169073025902,1.02652503696479
"ENSG00000134461",1.28135740900577,1.23158771796395,1
"ENSG00000134463",1.39172636895615,1.39650041629692,1
"ENSG00000134470",1.08491401110102,1.05362224010403,1
"ENSG00000134480",1.0876863138127,1.14442556982313,1
"ENSG00000134489",1.65629638428133,1.14882651719661,1.39890014671374
"ENSG00000134490",1.02210790489544,1.21493961094692,1
"ENSG00000134504",1.56545775388805,1.21217732635757,1.04200796844063
"ENSG00000134516",1.51112732598722,1.34629084782963,1.25321823413557
"ENSG00000134545",1.3611188499279,1.18479963635241,1
"ENSG00000134571",1.46872508869026,1.46503064546851,1
"ENSG00000134574",1.36918307464042,1.34046682270296,1
"ENSG00000134575",1.4044363190949,1.24400156462965,1
"ENSG00000134594",1.60672553942371,1.32876534447833,1.18610506638523
"ENSG00000134597",1.4767055143886,1.29857790466666,1.19112397210691
"ENSG00000134602",1.35590698487843,1.04757949781933,1.11971087841922
"ENSG00000134627",1.33691707412374,1.16273412442921,1
"ENSG00000134644",1.13909858441662,1.10494755310924,1
"ENSG00000134684",1.37114092740757,1.20240596456738,1.10537831887009
"ENSG00000134686",1.64065954379698,1.60499786319143,1.20317542796841
"ENSG00000134697",1.38591070649119,1.33348975902604,1
"ENSG00000134698",1.81892477788715,1.6692019198862,1.39446777080753
"ENSG00000134709",1.44514773580223,1.25037533035857,1
"ENSG00000134717",1.49784602287219,1.22807945731641,1.25732990496978
"ENSG00000134744",1.06663140985186,1.19596695637699,1
"ENSG00000134748",1.27516074236023,1.10821424415721,1
"ENSG00000134755",1.59218439774545,1.27904537333574,1.38017434171362
"ENSG00000134758",1.05977365223808,1.14308156076965,1
"ENSG00000134759",1.50715783080187,1.36640148655217,1.21153890185735
"ENSG00000134779",1.25527875440862,1.07108229108916,1
"ENSG00000134802",1.1476937479538,1.22143236956688,1
"ENSG00000134809",1.1584382621665,1.31694089841137,1
"ENSG00000134815",1.86214838703046,1.54139461440869,1.53986136492391
"ENSG00000134824",1.26454232226062,1.19484826538029,1
"ENSG00000134825",1.19823198588136,1.20207010741307,1
"ENSG00000134827",1.27497279989019,1.29579221411891,1
"ENSG00000134851",1.18566465857878,1.14210694821341,1
"ENSG00000134852",1.30857877636113,1.30401224239091,1
"ENSG00000134864",1.51486640520992,1.2792410981553,1
"ENSG00000134882",1.20003573272794,1.16870621206327,1
"ENSG00000134884",1.23967823216789,1.1427326429311,1
"ENSG00000134897",1.34917621713314,1.37628109348612,1
"ENSG00000134899",1.39734704681801,1.18496330490567,1.14121679668931
"ENSG00000134900",1.55243526897795,1.28111336911814,1.32026855175114
"ENSG00000134905",1.55845464768769,1.3244777103575,1.31949730156535
"ENSG00000134909",1.41202617133578,1.24130651353062,1
"ENSG00000134910",1.0794097256029,1.13346076094489,1
"ENSG00000134955",1.25335467097775,1.08367866419468,1
"ENSG00000134970",1.26473413264937,1.09528228281769,1
"ENSG00000134982",1.58669691945113,1.36008129874557,1.34764772944078
"ENSG00000134986",1.42612224378006,1.14523958163534,1
"ENSG00000134987",1.44016919314643,1.24599550419348,1.19239804582839
"ENSG00000134996",1.53514028385782,1.47830521895511,1.18263536234889
"ENSG00000135002",1.2085303806081,1.30110122564563,1
"ENSG00000135018",1.24519573029331,1.19620000453637,1
"ENSG00000135040",1.39917646553977,1.29343513665851,1.08330512230129
"ENSG00000135045",1.12000490515,1.22021834092992,1
"ENSG00000135046",1.27651610571105,1.21133154307786,1
"ENSG00000135047",1.37191303399175,1.30881210112062,1
"ENSG00000135048",1.34770527451712,1.29691652901771,1
"ENSG00000135049",1.5077016434228,1.34347968548128,1.25391753942499
"ENSG00000135052",1.37592255116829,1.0913658724837,1
"ENSG00000135070",1.06868051452005,1.12316236869865,1
"ENSG00000135074",1.54154577064382,1.37198651052676,1.28814112477792
"ENSG00000135077",1.56628294228769,1.25189959851034,1.29907078759338
"ENSG00000135083",1.33189305683487,1.51785674100221,1
"ENSG00000135090",1.25729035790573,1.25260043640777,1
"ENSG00000135093",1.49613672513825,1.12812290264214,1.21322143316649
"ENSG00000135108",1.24577185348724,1.24532733488413,1
"ENSG00000135114",1.33288110017429,1.28165124325326,1
"ENSG00000135124",1.38845251953658,1.2057347306636,1.10290898876786
"ENSG00000135127",1.02666735897058,1.2519218610669,1
"ENSG00000135144",1.2623749309955,1.10160994855903,1
"ENSG00000135148",1.48373606488865,1.39016760633457,1.15526693097148
"ENSG00000135164",1.17686730133926,1.16869625430254,1
"ENSG00000135185",1.40547182144097,1.31757480499842,1.0344049599902
"ENSG00000135205",1.15168383146459,1.15964216277362,1
"ENSG00000135211",1.18619773847614,1.05318903068688,1
"ENSG00000135213",1.19805047277957,1.05046427637231,1
"ENSG00000135218",1.28995682627525,1.18199827429528,1
"ENSG00000135241",1.13875317630701,1.05880962908113,1
"ENSG00000135249",1.49696947252569,1.29046773159444,1.21488251979849
"ENSG00000135250",1.66005802220215,1.45752050823878,1.38841842366044
"ENSG00000135269",1.20650909519194,1.17971289477309,1
"ENSG00000135272",1.64688477625888,1.32297381113934,1.37877086234967
"ENSG00000135297",1.46394759300295,1.31942515688375,1.1969733981284
"ENSG00000135299",1.34660483444495,1.29079126996127,1
"ENSG00000135315",1.12718274414951,1.1442716742898,1
"ENSG00000135316",1.46267144738719,1.32456579140154,1.17401475202901
"ENSG00000135317",1.26440840183317,1.22727210148411,1
"ENSG00000135318",1.28711789709681,1.13997827165725,1
"ENSG00000135334",1.47809032157315,1.35890495150899,1.16865064097164
"ENSG00000135336",1.33146307315192,1.26052181706454,1
"ENSG00000135341",1.19997291410539,1.0504743715077,1
"ENSG00000135363",1.17568333573772,1.26205285160006,1
"ENSG00000135365",1.60861845987433,1.3841341269659,1.34518462760903
"ENSG00000135372",1.37229273754997,1.24762810967542,1.06995134610999
"ENSG00000135378",2.09049206097574,1.44254296299385,1.80957079580777
"ENSG00000135387",1.32113943716392,1.10648245150654,1.02382269298579
"ENSG00000135390",1.28915601161992,1.17999223751583,1
"ENSG00000135392",1.28105550439918,1.2318218838251,1
"ENSG00000135404",1.49975929151314,1.35775542264391,1.19275242274876
"ENSG00000135407",1.52263798779221,1.40206820212253,1.19974740320991
"ENSG00000135414",1.36787203922913,1.26663277460058,1
"ENSG00000135426",1.15486385847432,1.22738314875717,1
"ENSG00000135439",1.41171963240901,1.253793617794,1.09376167495369
"ENSG00000135441",1.36315446469942,1.0823513123016,1
"ENSG00000135446",1.36176936815099,1.2599079101575,1
"ENSG00000135451",1.20981333317936,1.176818109486,1
"ENSG00000135452",1.4205744462748,1.23976717033707,1.17015971644812
"ENSG00000135457",1.30722879487483,1.09478171614837,1
"ENSG00000135469",1.42637668109254,1.31440745653821,1
"ENSG00000135473",1.23182350742374,1.23101566995939,1
"ENSG00000135482",1.11639907020893,1.1324167179767,1
"ENSG00000135486",1.4384207186882,1.3166165578263,1.13080704841425
"ENSG00000135503",1.30614003931626,1.28277075373362,1
"ENSG00000135506",1.43414920624235,1.34729366374432,1.12276292236952
"ENSG00000135519",1.44853908827866,1.13107257831819,1
"ENSG00000135521",1.47849236137232,1.33294567352417,1.11497787012868
"ENSG00000135525",1.33748750221962,1.41899136448954,1
"ENSG00000135535",1.02116310531253,1.01723395948325,1
"ENSG00000135537",1.08302455266839,1.36717388721738,1
"ENSG00000135541",1.33447038061624,1.1523766377691,1
"ENSG00000135587",1.40019532718314,1.07170221886839,1.06373138074549
"ENSG00000135596",1.54916055065207,1.24724271813405,1.31804259701719
"ENSG00000135597",1.47474164843135,1.3190863173243,1.20007612945109
"ENSG00000135604",1.986405152215,1.44331150589073,1.67907826503527
"ENSG00000135617",1.45418539519642,1.23587354194104,1
"ENSG00000135622",1.4140197838396,1.25693567971251,1
"ENSG00000135624",1.38251595089776,1.21769832878714,1.13277813076991
"ENSG00000135631",1.52096865667784,1.30927108905335,1
"ENSG00000135632",1.13315703016538,1.2519209869154,1
"ENSG00000135636",1.74415395718867,1.50070942742396,1.41897305074395
"ENSG00000135637",1.13187920258115,1.11028975889197,1
"ENSG00000135655",1.27323550541123,1.32332962251677,1
"ENSG00000135677",1.23754317420242,1.26045050523959,1
"ENSG00000135678",1.18635599009142,1.12852842139653,1
"ENSG00000135679",1.40688596000887,1.30006110044267,1.13375533540541
"ENSG00000135686",1.15586674314705,1.07464804584543,1
"ENSG00000135698",1.31317135386689,1.24373294751652,1
"ENSG00000135709",1.55979264494725,1.39243886837116,1.2685643544893
"ENSG00000135720",1.39043365776612,1.26480990973332,1.15143784576395
"ENSG00000135723",1.29703010207645,1.1358308402798,1
"ENSG00000135736",1.27923771508873,1.21970759595423,1
"ENSG00000135749",1.28290254655828,1.27371066871912,1
"ENSG00000135763",1.36076065125167,1.2737356025837,1
"ENSG00000135766",1.71636279867018,1.55050078873356,1.36889898388523
"ENSG00000135775",1.4546859968638,1.3336941328505,1.16683595542942
"ENSG00000135776",1.26304642792498,1.18855205877453,1
"ENSG00000135778",1.29900547734998,1.17093218726209,1
"ENSG00000135801",1.0931792664142,1.22331544647579,1
"ENSG00000135821",1.47686114273788,1.41871719403248,1.12582211271279
"ENSG00000135823",1.25483335405711,1.32020858470973,1
"ENSG00000135828",1.36116092891489,1.46601155746391,1
"ENSG00000135829",1.27640357323156,1.12302051985758,1
"ENSG00000135837",1.04294191975416,1.15701590449817,1
"ENSG00000135842",1.5288382850107,1.54268438591019,1.11134989422612
"ENSG00000135845",1.02183721894469,1.01705956722953,1
"ENSG00000135847",1.45060196750588,1.279304195413,1.17449103734346
"ENSG00000135862",1.10995102354876,1.15370668514971,1
"ENSG00000135870",1.88947887553625,1.4733195434714,1.62251537225714
"ENSG00000135898",1.43431186129237,1.22633505267835,1
"ENSG00000135899",1.57651782923225,1.33254315177894,1.3438658066358
"ENSG00000135900",1.24434806817341,1.19032950561846,1
"ENSG00000135905",1.42824440801633,1.27952126148513,1.13358468999553
"ENSG00000135912",1.32028954166325,1.2879866140486,1
"ENSG00000135913",1.28864109782475,1.28041816954471,1
"ENSG00000135916",1.0741654159275,1.1578820625402,1
"ENSG00000135924",1.26492852662484,1.08877442710577,1
"ENSG00000135926",1.19534447328247,1.33145266251311,1
"ENSG00000135930",1.25918585705797,1.13801317062948,1
"ENSG00000135932",1.40095499342794,1.39409245037082,1
"ENSG00000135940",1.06363129048596,1.08904304552169,1
"ENSG00000135945",1.30820449550662,1.14343280200369,1
"ENSG00000135951",1.32952908806892,1.22706675881171,1
"ENSG00000135953",1.17303961113835,1.15438349689682,1
"ENSG00000135956",1.55923006820482,1.40589200088,1.26049937468425
"ENSG00000135960",1.3917645228276,1.12416286293137,1
"ENSG00000135966",1.31497313403014,1.26741843186099,1
"ENSG00000135968",1.31250859179373,1.18099833736628,1
"ENSG00000135972",1.36523159671849,1.28327261809402,1
"ENSG00000135974",1.22941303271979,1.20293066597358,1
"ENSG00000135976",1.47125175192725,1.2736572514368,1.20387456359654
"ENSG00000135999",1.26448596777873,1.10111843201477,1
"ENSG00000136003",1.06211956849469,1.15800621035867,1
"ENSG00000136014",1.50718965624274,1.17788695688918,1
"ENSG00000136021",1.17483167210672,1.19799646858525,1
"ENSG00000136026",2.03025171487685,1.46831478791576,1.71944163157731
"ENSG00000136040",1.67968075059042,1.62079163381469,1.21998215569879
"ENSG00000136044",1.25038486902425,1.2945918210119,1
"ENSG00000136045",1.43312891918745,1.31613254452279,1.12798476481787
"ENSG00000136048",1.18497910372319,1.23728133749956,1
"ENSG00000136051",1.23361432466541,1.24002269438431,1
"ENSG00000136052",1.36271803124056,1.16534372966763,1
"ENSG00000136068",1.02156133279478,1.08504424286347,1
"ENSG00000136098",1.56264928376938,1.34696623175738,1.19081263052285
"ENSG00000136100",1.39654062910459,1.28026948178819,1.13391374316005
"ENSG00000136104",1.06999113258537,1.30708787103289,1
"ENSG00000136108",1.26081398511863,1.21113079099123,1
"ENSG00000136111",1.33269504653438,1.23161094495693,1
"ENSG00000136122",1.24941956642648,1.31566931120478,1
"ENSG00000136141",1.14962418628124,1.19595932421456,1
"ENSG00000136143",1.49520711365287,1.34288620313566,1.17860159929309
"ENSG00000136144",1.22952291479564,1.09807481677604,1
"ENSG00000136146",1.08405885379358,1.05290781602079,1
"ENSG00000136147",1.03383218862554,1.11450018873437,1
"ENSG00000136149",1.26694465771811,1.25023206170365,1
"ENSG00000136152",1.16430432897654,1.17564189155853,1
"ENSG00000136153",1.48187835664907,1.23376837656571,1.14082747203441
"ENSG00000136156",1.61158120869953,1.58255929153909,1.21314793083194
"ENSG00000136159",1.3586259668864,1.31929945588351,1
"ENSG00000136161",1.11419698909914,1.33560965856487,1
"ENSG00000136167",1.31078269238074,1.40345679400321,1
"ENSG00000136169",1.39205057450971,1.39365641793308,1
"ENSG00000136193",1.33540208830394,1.17753290077431,1
"ENSG00000136197",1.35027526878361,1.22937915678483,1
"ENSG00000136205",1.16656806899133,1.06329538983785,1
"ENSG00000136213",1.21445552928855,1.23100974716143,1
"ENSG00000136231",1.31618037063983,1.09779695752689,1
"ENSG00000136238",1.74022425168558,1.4956800268665,1.46052177603729
"ENSG00000136240",1.07023637357619,1.09945903096793,1
"ENSG00000136243",1.1397943368056,1.33094599629525,1
"ENSG00000136247",1.08927250749777,1.26347843619405,1
"ENSG00000136250",1.21315041706728,1.19893329221122,1
"ENSG00000136261",1.51271238767249,1.294334702206,1.22338332140488
"ENSG00000136270",1.26730622445308,1.19757451037944,1
"ENSG00000136271",1.17566957955004,1.23611228366034,1
"ENSG00000136273",1.33775660684879,1.27346775836627,1
"ENSG00000136279",1.39968521483974,1.39674657335879,1
"ENSG00000136280",1.33369609657163,1.37986641790477,1
"ENSG00000136286",1.05469455049139,1.21032413896434,1
"ENSG00000136295",1.53756374429251,1.16167404872139,1.15078900507776
"ENSG00000136305",1.30701619707157,1.25706596191226,1
"ENSG00000136319",1.30191912848492,1.29141224059181,1
"ENSG00000136371",1.48778135163949,1.48543433777009,1
"ENSG00000136381",1.04456489423681,1.10579225243608,1
"ENSG00000136404",1.78978209113031,1.50589953816584,1.45722119348089
"ENSG00000136436",1.2017313059422,1.18514879438671,1
"ENSG00000136444",1.39201535754758,1.31659966206305,1
"ENSG00000136448",1.19958981621072,1.15215581304442,1
"ENSG00000136450",1.32001104565173,1.14912549115181,1
"ENSG00000136451",1.29385170287223,1.22599923098813,1
"ENSG00000136463",1.29387163223417,1.22854602315206,1
"ENSG00000136478",1.37091227705553,1.15338100648099,1.09013422415616
"ENSG00000136485",1.19448208821729,1.07355054671478,1
"ENSG00000136490",1.29118892904772,1.30193004827764,1
"ENSG00000136492",1.09963866351334,1.2670804768841,1
"ENSG00000136504",1.12914358196734,1.19279699419646,1
"ENSG00000136514",1.21259190091458,1.22349410774478,1
"ENSG00000136518",1.62531855382424,1.29148362122267,1.37711759389643
"ENSG00000136521",1.34988038810104,1.24339260187344,1
"ENSG00000136522",1.11803162979691,1.33291462442129,1
"ENSG00000136527",1.36561897238062,1.31970222687204,1
"ENSG00000136536",1.56406296424245,1.36926365475936,1.3125747480889
"ENSG00000136541",1.62299962356559,1.0214672222813,1.38407418623488
"ENSG00000136560",1.49467995726696,1.32373635858519,1.2285071288404
"ENSG00000136603",1.26996475059542,1.12358087670556,1
"ENSG00000136628",1.40984395141041,1.25401495142266,1.15653577850494
"ENSG00000136630",1.67659945032606,1.47990396212202,1.35326260245761
"ENSG00000136631",1.34936471202719,1.34621258908499,1
"ENSG00000136636",1.58978119962505,1.25716001147862,1.28724870345377
"ENSG00000136643",1.29815247200287,1.25916904059479,1
"ENSG00000136653",1.47539596098349,1.46876008259343,1.10006010016203
"ENSG00000136682",1.22935771955549,1.17688470615241,1
"ENSG00000136689",1.24322385688419,1.49243041016307,1
"ENSG00000136699",1.18585044184347,1.23101752826698,1
"ENSG00000136709",1.28742508367175,1.14786348425967,1
"ENSG00000136710",1.57004278305077,1.1783255389728,1.36164247973756
"ENSG00000136715",1.53222299082946,1.25330067225771,1.28819814065637
"ENSG00000136717",1.40676654396398,1.24767956064557,1.12316950972884
"ENSG00000136718",1.51952931443374,1.29867308077096,1.26710714258501
"ENSG00000136720",1.0789418092292,1.10210381305893,1
"ENSG00000136731",1.19989735438798,1.21299471452389,1
"ENSG00000136732",1.34197360735134,1.10379634609401,1.05918560354123
"ENSG00000136738",1.01945826873175,1.03484522797693,1
"ENSG00000136754",1.48861320588376,1.34027983584869,1.23308648626476
"ENSG00000136758",1.08967319157825,1.09076385924514,1
"ENSG00000136770",1.1745396014926,1.26265472651539,1
"ENSG00000136783",1.29457584657143,1.29083449504772,1
"ENSG00000136802",1.04143982653876,1.07680571384832,1
"ENSG00000136807",1.14766206654305,1.14249039133373,1
"ENSG00000136810",1.51927562836527,1.19899499342372,1.28244961561406
"ENSG00000136811",1.24891849583668,1.1852330120898,1
"ENSG00000136813",1.22906167997409,1.17425513821655,1
"ENSG00000136816",1.27372625733603,1.28982939341015,1
"ENSG00000136819",1.3368423286124,1.07213648791102,1.05102653148488
"ENSG00000136824",1.34109238058961,1.28291782001752,1
"ENSG00000136826",1.39118727598338,1.12116477649422,1
"ENSG00000136827",1.21587884737924,1.27346819954846,1
"ENSG00000136828",1.60686647706623,1.18127839761213,1.36811822487241
"ENSG00000136830",1.23460461643039,1.10565787322618,1
"ENSG00000136842",1.1911388568655,1.02498622823965,1
"ENSG00000136856",1.13945449138673,1.24539443947821,1
"ENSG00000136861",1.25527693721534,1.18799999728798,1
"ENSG00000136866",1.12019245335144,1.30330518593671,1
"ENSG00000136867",2.1463039997709,1.42384248550031,1.87592964368316
"ENSG00000136868",1.82889517167121,1.26265983853596,1.60064213324603
"ENSG00000136869",1.54826319925989,1.5084798334489,1.16693867361179
"ENSG00000136870",1.34399034549102,1.1579547620273,1.01708476842087
"ENSG00000136874",1.10410171081648,1.19505970200397,1
"ENSG00000136875",1.15759887226107,1.07381749737837,1
"ENSG00000136877",1.16069054376662,1.25557730647213,1
"ENSG00000136878",1.30167019951551,1.06635293107385,1
"ENSG00000136888",1.16564156460595,1.12565347725548,1
"ENSG00000136891",1.34006767044734,1.33437219369686,1
"ENSG00000136895",1.24869310889881,1.11916497172721,1
"ENSG00000136897",1.36734683849179,1.3072554703458,1
"ENSG00000136908",1.21140941195802,1.07938277831729,1
"ENSG00000136925",1.65088314279211,1.28291582920674,1.40429808884688
"ENSG00000136929",1.14324860056164,1.08153899793818,1
"ENSG00000136930",1.17424748280529,1.21929617695964,1
"ENSG00000136932",1.09045900344606,1.20341753905755,1
"ENSG00000136933",1.57189161187871,1.21260044468852,1.32373237645527
"ENSG00000136935",1.17193222761728,1.08212263200061,1
"ENSG00000136936",1.30837881202014,1.35530750464659,1
"ENSG00000136937",1.51527069229271,1.37042196669826,1.24446180816864
"ENSG00000136938",1.36117731269651,1.16226598255736,1
"ENSG00000136940",1.55832555549481,1.1449841760998,1.3441198198394
"ENSG00000136942",1.25903093588096,1.28877929632707,1
"ENSG00000136950",1.15561675214733,1.2741645561828,1
"ENSG00000136960",1.03780799413648,1.18593211296736,1
"ENSG00000136986",1.25952406729497,1.20143416640238,1
"ENSG00000136997",1.55748604898577,1.17561254164918,1.31968672714603
"ENSG00000136999",1.5070308202545,1.42129708627864,1.1747911730056
"ENSG00000137038",1.39480344769032,1.2958202134699,1
"ENSG00000137040",1.33065877584806,1.23503376490884,1
"ENSG00000137054",1.57955984198264,1.33674049475423,1.26818449125434
"ENSG00000137055",1.44622456154891,1.08986643187492,1.22751851397705
"ENSG00000137070",1.09238259966243,1.23757362013446,1
"ENSG00000137073",1.31768231562296,1.10388677322139,1
"ENSG00000137074",1.28617605922316,1.34958902556346,1
"ENSG00000137075",1.25063818464115,1.11703065681229,1
"ENSG00000137076",1.45081453398206,1.24545133034828,1.21325113907063
"ENSG00000137094",2.21568675666674,1.40020591832577,1.8303217091881
"ENSG00000137100",1.09905687157142,1.17297980583483,1
"ENSG00000137106",1.06838831958199,1.24389958008845,1
"ENSG00000137124",1.65802858209651,1.25017186666055,1.32572707162186
"ENSG00000137133",1.38574802887404,1.30559635780945,1
"ENSG00000137145",1.42769386745224,1.27608349653963,1.16931131551597
"ENSG00000137154",1.21679056970615,1.25082259424573,1
"ENSG00000137161",1.24637606106802,1.37243752551024,1
"ENSG00000137168",1.42008106644162,1.36869868039713,1
"ENSG00000137171",1.44308355575352,1.24722414857722,1.07242030022786
"ENSG00000137177",1.71803562922504,1.60647604539943,1.31735467570173
"ENSG00000137185",1.12979632331901,1.04215070086554,1
"ENSG00000137193",1.29434185941948,1.13219753079865,1
"ENSG00000137198",1.12032438569219,1.06682576887092,1
"ENSG00000137200",1.00720168209491,1.07754576462316,1
"ENSG00000137207",1.4301229283855,1.43668766041548,1
"ENSG00000137210",1.44419624938928,1.22094148554863,1.15818273812403
"ENSG00000137216",1.19880055219864,1.12205331488747,1
"ENSG00000137221",1.14935803423643,1.20179410108382,1
"ENSG00000137259",1.36384499446027,1.21810945538202,1
"ENSG00000137261",1.92886949626305,1.57605809773431,1.5361226590329
"ENSG00000137265",1.07984074474338,1.17458316666427,1
"ENSG00000137266",1.42591245390252,1.0686858901581,1
"ENSG00000137269",1.4080032063967,1.13715524562556,1
"ENSG00000137274",1.58790221762789,1.34642609205799,1.20286757996889
"ENSG00000137275",1.30225341832776,1.23716402747129,1
"ENSG00000137288",1.12012091384255,1.30903471280688,1
"ENSG00000137309",1.14309429527631,1.21232951479569,1
"ENSG00000137364",1.32405555253373,1.24138465247101,1
"ENSG00000137393",1.17740761397042,1.4204495030705,1
"ENSG00000137409",1.63757712579891,1.31518710412721,1.42052038763616
"ENSG00000137413",1.19596715490576,1.12828746510942,1
"ENSG00000137414",1.40487871242025,1.43201491535154,1
"ENSG00000137441",1.29603040759095,1.30473564629588,1
"ENSG00000137449",1.30376943064182,1.38438773057779,1
"ENSG00000137478",1.1330920886912,1.04626331495435,1
"ENSG00000137492",1.2705145588453,1.18259556218284,1
"ENSG00000137494",1.1006689395015,1.17707837076698,1
"ENSG00000137496",1.37616947263946,1.18585855951886,1
"ENSG00000137497",1.14834798125966,1.09586836340455,1
"ENSG00000137500",1.3337963030049,1.29145512411758,1
"ENSG00000137501",1.24568128516876,1.20080933450179,1
"ENSG00000137502",1.2166279673187,1.24759018106435,1
"ENSG00000137504",1.2587717339833,1.28774899352579,1
"ENSG00000137509",1.40613281062204,1.39598397668823,1
"ENSG00000137513",1.46340735270114,1.37683714867142,1.03724574882151
"ENSG00000137522",1.21926089790988,1.23930959976726,1
"ENSG00000137547",1.3620211691534,1.33186511869907,1
"ENSG00000137574",1.34530369757942,1.25468763555813,1
"ENSG00000137575",1.4965777442281,1.57049921402439,1
"ENSG00000137601",1.2238194685056,1.30818471810393,1
"ENSG00000137628",1.26814963582045,1.08889614047322,1
"ENSG00000137642",1.68827408337124,1.57720145679799,1.3200354935882
"ENSG00000137656",1.0365662703266,1.08457969391917,1
"ENSG00000137692",1.3032921118389,1.37025045992155,1
"ENSG00000137700",1.42645473684082,1.21213532545205,1
"ENSG00000137710",1.36417638109822,1.2535513638798,1
"ENSG00000137713",1.25885117388924,1.25621414420455,1
"ENSG00000137714",1.09453717469597,1.33773342856233,1
"ENSG00000137720",1.49436926573614,1.33667986801003,1
"ENSG00000137752",1.24152806598315,1.24046706881087,1
"ENSG00000137760",1.60178362963861,1.34413849869106,1.32128547880223
"ENSG00000137764",1.28400723867803,1.26395418480835,1
"ENSG00000137767",1.50821481320047,1.393158323263,1.18421021014323
"ENSG00000137770",1.48091760042274,1.2572035412379,1.24453271368737
"ENSG00000137776",1.26210924153436,1.16550887739506,1
"ENSG00000137801",1.2924384231113,1.0780552546719,1
"ENSG00000137802",1.33546645368417,1.12214887098525,1
"ENSG00000137804",1.31982436998614,1.21355032453294,1
"ENSG00000137806",1.31895125332607,1.16982618052054,1
"ENSG00000137807",1.40050359936896,1.1271896398826,1
"ENSG00000137812",1.39182388127072,1.22127160815052,1
"ENSG00000137814",1.35467436720125,1.29284675579967,1
"ENSG00000137815",1.09388431020096,1.29243599027383,1
"ENSG00000137817",1.27526504056486,1.17680445931275,1
"ENSG00000137818",1.27287845081228,1.15732107071072,1
"ENSG00000137822",1.32571161707905,1.27621483474731,1
"ENSG00000137824",1.30185350453218,1.25576511978246,1
"ENSG00000137831",1.339194539128,1.22337286658994,1
"ENSG00000137841",1.63776553451551,1.29172435365177,1.42284597241375
"ENSG00000137842",1.28872489500912,1.26993867742396,1
"ENSG00000137845",1.16542709570645,1.21129962049697,1
"ENSG00000137871",1.35783253635797,1.29414106792669,1
"ENSG00000137876",1.14546934086993,1.26863653653884,1
"ENSG00000137880",1.55404740896801,1.25489361278783,1.21442793684906
"ENSG00000137942",1.14285754110592,1.06924436663233,1
"ENSG00000137944",1.05963703445674,1.06536279792558,1
"ENSG00000137947",1.1721621030052,1.09619357794003,1
"ENSG00000137955",1.20558237205657,1.33954174711194,1
"ENSG00000137965",1.28324993927892,1.07493175109872,1
"ENSG00000137970",1.11938128888301,1.27759369477465,1
"ENSG00000137992",1.49091479785756,1.29243176521591,1.22209200313479
"ENSG00000137996",1.10982667788345,1.24382546890675,1
"ENSG00000138002",1.02136792600522,1.28581249345176,1
"ENSG00000138018",1.14605896041432,1.32498563290737,1
"ENSG00000138029",1.13668498057028,1.24359257360739,1
"ENSG00000138031",1.20073805112366,1.19258054942763,1
"ENSG00000138032",1.31924856488911,1.2482945120933,1
"ENSG00000138035",1.4264772802893,1.24613436139657,1.12980206349247
"ENSG00000138036",1.0786135919137,1.41151867598401,1
"ENSG00000138041",1.22788244102635,1.05295678324366,1
"ENSG00000138050",1.5693531747718,1.35264236410852,1.27096300385337
"ENSG00000138061",1.39102469985609,1.10342260246856,1.11940171393425
"ENSG00000138069",1.58624683433588,1.37448444910688,1.32887432615293
"ENSG00000138071",1.27269627859942,1.26957982689112,1
"ENSG00000138073",1.12854751430441,1.11830722059216,1
"ENSG00000138074",1.2764447591474,1.23079907602635,1
"ENSG00000138078",1.50741864261149,1.3221812877074,1.22276127403707
"ENSG00000138081",1.28331371232372,1.17581961799992,1
"ENSG00000138085",1.37565886271894,1.29923446384587,1.08571920127269
"ENSG00000138092",1.29205177517997,1.17534386586057,1
"ENSG00000138095",1.55709790151462,1.3521794368343,1.30777303020299
"ENSG00000138101",1.11117008264062,1.19185552356607,1
"ENSG00000138107",1.32934860096041,1.31601932311938,1
"ENSG00000138111",1.26616002045777,1.1560959185463,1
"ENSG00000138119",1.08927347386167,1.19609710578713,1
"ENSG00000138134",1.28541916547512,1.31480422208476,1
"ENSG00000138138",1.50082482708915,1.27913078554671,1.23490342183214
"ENSG00000138160",1.24058319659512,1.27994326003153,1
"ENSG00000138161",1.34379803255687,1.32275855309805,1
"ENSG00000138166",1.17913117928735,1.22848864758841,1
"ENSG00000138172",1.08956003580882,1.29876218810765,1
"ENSG00000138175",1.42597238577152,1.16258396452276,1
"ENSG00000138182",1.21595688982559,1.33227267930809,1
"ENSG00000138185",1.53943266887668,1.51478337051899,1.15334688489208
"ENSG00000138190",1.27510541846479,1.31079156525088,1
"ENSG00000138231",1.3734035242739,1.18071610676632,1.04326465702027
"ENSG00000138246",1.15196813459377,1.10119502415966,1
"ENSG00000138279",1.23294606928849,1.13279011873064,1
"ENSG00000138286",1.17350748670331,1.22867479039315,1
"ENSG00000138293",1.45696592973219,1.31211576709548,1.17900900637765
"ENSG00000138297",1.43284121472132,1.31641311028614,1.09895828481258
"ENSG00000138303",1.31127523331734,1.16593970574998,1
"ENSG00000138311",1.51594075124115,1.22169186630182,1
"ENSG00000138326",1.0882470954027,1.27186989668841,1
"ENSG00000138336",1.28110379589492,1.31170126934291,1
"ENSG00000138346",1.38164166130011,1.19044828812773,1
"ENSG00000138363",1.48215295765568,1.30068158485027,1.1186484021097
"ENSG00000138375",1.28983230393906,1.24027656462384,1
"ENSG00000138376",1.18088246156197,1.2690688224291,1
"ENSG00000138378",1.60183573820306,1.34593386283758,1.33096813481744
"ENSG00000138380",1.42137204393927,1.3940396303938,1
"ENSG00000138381",1.19557190853498,1.09687719456438,1
"ENSG00000138382",1.27511036537904,1.39323369660173,1
"ENSG00000138385",1.47442291482492,1.34606872799341,1.14538862213403
"ENSG00000138386",1.32212112835933,1.24942014845486,1
"ENSG00000138398",1.1120115954275,1.1213508229694,1
"ENSG00000138399",1.20202760528388,1.3164841517796,1
"ENSG00000138411",1.70345219392549,1.60765969183121,1.30745066285836
"ENSG00000138413",1.21198622029102,1.049440938297,1
"ENSG00000138430",1.36128920591885,1.35778284535524,1
"ENSG00000138433",1.31811784408059,1.4050343956167,1
"ENSG00000138434",1.39342994566859,1.35589562537493,1
"ENSG00000138439",1.20671924919359,1.23955562921873,1
"ENSG00000138442",1.47974586238513,1.3738820980863,1.11631425808689
"ENSG00000138443",1.44833264772868,1.29362083738591,1.1285992193454
"ENSG00000138448",1.29443426768061,1.20237653736511,1
"ENSG00000138449",1.3872242979297,1.43057460323967,1
"ENSG00000138459",1.36955746814059,1.217715745353,1.06707566587919
"ENSG00000138463",1.11400747826054,1.39409266466118,1
"ENSG00000138468",1.13965649916992,1.09826163799623,1
"ENSG00000138495",1.21518636071867,1.27665682196649,1
"ENSG00000138496",1.44613030447173,1.29424858778902,1.17482669088647
"ENSG00000138592",1.2527670078928,1.21658432634023,1
"ENSG00000138593",1.35686235909165,1.11773186187838,1.11547910563785
"ENSG00000138594",1.43464672787107,1.27078989704487,1.19594102043129
"ENSG00000138600",1.54361930563058,1.20834806473683,1.31106347961679
"ENSG00000138604",1.27921157427238,1.2659375595628,1
"ENSG00000138613",1.33425100761732,1.29556849049857,1
"ENSG00000138614",1.40992961477287,1.32046334271384,1.09071710806303
"ENSG00000138617",1.44809806521597,1.29288753705205,1.07679654585555
"ENSG00000138621",1.47629998854146,1.40731688258201,1.13127867398847
"ENSG00000138623",1.6875138783511,1.15704856294123,1.42952988392346
"ENSG00000138629",1.26417331984674,1.19667783860926,1
"ENSG00000138639",1.12691301056488,1.14461527114219,1
"ENSG00000138640",1.36538137245073,1.1223756598812,1.10570108304355
"ENSG00000138641",1.41520949812801,1.43272333109692,1.07348678790819
"ENSG00000138642",1.16869359218421,1.06642265441266,1
"ENSG00000138646",1.22932689299975,1.1748875266076,1
"ENSG00000138658",1.15507042952418,1.28974937825093,1
"ENSG00000138660",1.53775392297948,1.27709378510665,1.26937039243835
"ENSG00000138663",1.40919414123285,1.34153090568597,1.07008005114102
"ENSG00000138668",1.0964445471742,1.05769026421558,1
"ENSG00000138670",1.21008252203663,1.25047020183807,1
"ENSG00000138674",1.06213255369129,1.28797773487929,1
"ENSG00000138678",1.47321299331037,1.47513363183184,1.05324598824352
"ENSG00000138686",1.40179988033854,1.29648923422658,1
"ENSG00000138688",1.16371443317843,1.27620738064129,1
"ENSG00000138698",1.42013447759224,1.3354179834261,1.13942805431652
"ENSG00000138709",1.21185052803347,1.33013333143473,1
"ENSG00000138722",1.12552314581698,1.08942757899627,1
"ENSG00000138735",1.26812382489064,1.10984772699805,1
"ENSG00000138738",1.44959860030643,1.40278578476845,1.09940156006077
"ENSG00000138744",1.10036031106198,1.0115533826287,1
"ENSG00000138750",1.39707521021658,1.37303280766888,1.05747168749246
"ENSG00000138757",1.35879615225784,1.06532698130078,1.12245763145985
"ENSG00000138758",1.39339668477338,1.21937610916609,1.13886077515203
"ENSG00000138760",1.31072242498212,1.17367293501565,1
"ENSG00000138764",1.52751373918021,1.42982281325483,1.21653469304284
"ENSG00000138767",1.48991384852924,1.20405202082865,1.2757423809331
"ENSG00000138768",1.20330048567229,1.14474137775998,1
"ENSG00000138772",1.53113955306807,1.32782229701706,1.26356750554748
"ENSG00000138777",1.33384051895018,1.28984495369945,1
"ENSG00000138778",1.36223079714751,1.234343966589,1
"ENSG00000138780",1.49117393790456,1.34084464673906,1.08336084864301
"ENSG00000138785",1.39551727189425,1.14690444075651,1
"ENSG00000138794",1.22946265776051,1.28452030998632,1
"ENSG00000138796",1.33845500750036,1.28349731869683,1
"ENSG00000138798",1.59723275128809,1.17533063449458,1.25023847719118
"ENSG00000138801",1.07117316663533,1.11656618576879,1
"ENSG00000138802",1.27235018487968,1.11635787124637,1
"ENSG00000138814",1.55384667966497,1.37713718712089,1.29990012352759
"ENSG00000138821",1.52134762778495,1.36281416703881,1.20996428027562
"ENSG00000138829",1.15273352106625,1.0956973225321,1
"ENSG00000138834",1.33284703139372,1.12127105717415,1.03932843135258
"ENSG00000138835",1.36345616780197,1.23442154718972,1
"ENSG00000138867",1.16977080328378,1.121357255178,1
"ENSG00000138942",1.47594679502817,1.34827438789619,1.20906448498784
"ENSG00000138964",1.45692575073465,1.30091126616274,1.19912216530526
"ENSG00000139055",1.51750400600698,1.10453421630164,1.25331966068707
"ENSG00000139083",1.43014895744154,1.30819543911192,1.14042229878603
"ENSG00000139112",1.44126614580118,1.50748740530928,1
"ENSG00000139116",1.51818943922299,1.32191469596055,1.21048790767466
"ENSG00000139117",1.32165972440663,1.26965065637013,1
"ENSG00000139131",1.39417768344724,1.34680488821971,1
"ENSG00000139132",1.25631559446477,1.33128642946759,1
"ENSG00000139133",1.29935428650864,1.31459637303098,1
"ENSG00000139146",1.55054218410405,1.34442963453148,1.26738500751118
"ENSG00000139154",1.3688861519495,1.29172403903133,1
"ENSG00000139160",1.49538658466421,1.09473561308153,1
"ENSG00000139163",1.3778321045492,1.1959617610586,1.12946170668296
"ENSG00000139168",1.41201752076166,1.26208944920406,1
"ENSG00000139173",1.36291234208887,1.3224471433304,1
"ENSG00000139174",1.06887957792822,1.16244111330641,1
"ENSG00000139178",1.56224498439821,1.5029513331288,1.2087753758747
"ENSG00000139180",1.31187513095845,1.32131936810131,1
"ENSG00000139182",1.15875521414982,1.11702432970247,1
"ENSG00000139190",1.39105952228777,1.06172212671016,1.13242409146839
"ENSG00000139192",1.32175541917792,1.16170600896949,1
"ENSG00000139197",1.27322951625262,1.0919220493902,1
"ENSG00000139211",1.37857000676557,1.30564529395251,1
"ENSG00000139218",1.26790790202007,1.25427487331234,1
"ENSG00000139233",1.21373104576328,1.10505120518836,1
"ENSG00000139239",1.37478545449505,1.24041257255068,1.09136405642467
"ENSG00000139266",1.54911493032464,1.35434733134444,1.20917629526555
"ENSG00000139278",1.15384737929675,1.28240816970063,1
"ENSG00000139289",1.19202112322228,1.25029759714385,1
"ENSG00000139291",1.34891243552682,1.34821095928195,1
"ENSG00000139318",1.22512109966441,1.18511828273746,1
"ENSG00000139323",1.2954903546068,1.15711910703036,1
"ENSG00000139324",1.45995431032165,1.26043913798842,1.18004478300619
"ENSG00000139343",1.39519196037196,1.28790117680386,1
"ENSG00000139350",1.39508413355968,1.23289407670216,1.14006389932996
"ENSG00000139370",1.4788415499668,1.45116182558398,1.05966614931511
"ENSG00000139372",1.14988805303238,1.26223878639838,1
"ENSG00000139405",1.44487506840954,1.1822043804978,1.11129907839624
"ENSG00000139428",1.5024718433538,1.34002494073127,1.08426616363857
"ENSG00000139433",1.3152376127148,1.13488588040091,1
"ENSG00000139436",1.7964969942265,1.4524101074582,1.50917941911793
"ENSG00000139437",1.36660047131299,1.04705489522807,1.09446516635214
"ENSG00000139496",1.3450338966802,1.36232338762998,1
"ENSG00000139505",1.17013709550619,1.30804276914193,1
"ENSG00000139508",1.48387454711075,1.03929932520218,1.26222461540184
"ENSG00000139514",1.15467548805615,1.17488007423176,1
"ENSG00000139517",1.28487158318187,1.2959630385364,1
"ENSG00000139531",1.30001412616656,1.22989826671396,1
"ENSG00000139537",1.23802484128532,1.43476643005153,1
"ENSG00000139546",1.23740701326425,1.31435376129132,1
"ENSG00000139579",1.47736080403568,1.29266122254207,1
"ENSG00000139597",1.33527022274898,1.27373529788751,1
"ENSG00000139613",1.34666152789299,1.07377757921627,1
"ENSG00000139618",1.24851866715192,1.25108333518771,1
"ENSG00000139620",1.18020634951246,1.24370773234261,1
"ENSG00000139624",1.11741391617333,1.19096604195217,1
"ENSG00000139625",1.23680280358944,1.27127397655909,1
"ENSG00000139626",1.14797926014934,1.21192831057186,1
"ENSG00000139629",1.27672816613915,1.161911688877,1
"ENSG00000139631",1.45013204339625,1.41302222472346,1.03012203251079
"ENSG00000139636",1.25150862970135,1.17936287599353,1
"ENSG00000139637",1.38015773621054,1.07046162084041,1.07120168883891
"ENSG00000139641",1.1070729639368,1.16375166335773,1
"ENSG00000139644",1.31058436214205,1.33570929430857,1
"ENSG00000139645",1.4155445112868,1.15444488196903,1.06701300985121
"ENSG00000139651",1.25667219945003,1.10717178708626,1
"ENSG00000139668",1.6948480375283,1.25113979804772,1.50276820834968
"ENSG00000139675",1.49163017559397,1.32491070437643,1
"ENSG00000139679",1.32315283868285,1.24539771504447,1
"ENSG00000139684",1.40685165606015,1.2750470837992,1.13241881031664
"ENSG00000139687",1.1301195172343,1.10169509812739,1
"ENSG00000139697",1.17450615125798,1.18728816183501,1
"ENSG00000139718",1.56037856475327,1.25096484162274,1.28038146712145
"ENSG00000139719",1.17281407887296,1.15469534519228,1
"ENSG00000139722",1.57336303171026,1.37523720078847,1.29774502568829
"ENSG00000139725",1.17912460157394,1.16746501549349,1
"ENSG00000139726",1.26922527511585,1.13459774006928,1
"ENSG00000139737",1.49375883227565,1.34013363134677,1.10238425606021
"ENSG00000139746",1.22746521093777,1.24097726869645,1
"ENSG00000139793",1.30924173868044,1.25878244664932,1
"ENSG00000139826",1.12891125052789,1.15283404035259,1
"ENSG00000139832",1.19571088657393,1.26226010197871,1
"ENSG00000139842",1.24770284580962,1.21265062416139,1
"ENSG00000139890",1.66376039289287,1.46915974881546,1.27378329377552
"ENSG00000139921",1.30343424550355,1.20088179239989,1
"ENSG00000139946",1.14912148632264,1.53285967979922,1
"ENSG00000139970",1.41497129379797,1.13198194535691,1.10716437342033
"ENSG00000139974",1.30778844549956,1.31888431565508,1
"ENSG00000139977",1.43227096485033,1.33036934294709,1.11893409275938
"ENSG00000139990",1.24117146295647,1.06448916335811,1
"ENSG00000140006",1.39850691907121,1.34901740369508,1
"ENSG00000140022",1.45789460382157,1.15562630712298,1.19272730703559
"ENSG00000140025",1.45109321765765,1.13218514914939,1
"ENSG00000140044",1.57069845428672,1.49249451019523,1.21823070109371
"ENSG00000140090",1.13521599193175,1.0902000300138,1
"ENSG00000140092",1.62503992543214,1.11202103480454,1.2643337966745
"ENSG00000140105",1.10948544624009,1.06824365926794,1
"ENSG00000140153",1.36610387228177,1.22303406298635,1.11306173876802
"ENSG00000140157",1.20688676538102,1.20385411022366,1
"ENSG00000140181",1.08685553014532,1.06536725403455,1
"ENSG00000140199",1.6471256745276,1.48717297213648,1.33360227901485
"ENSG00000140259",1.05228870552544,1.21120289350378,1
"ENSG00000140262",1.49030487414853,1.38416670711161,1.19735504188021
"ENSG00000140263",1.83187951833623,1.14342784265956,1.53506795963053
"ENSG00000140264",1.12728155773469,1.05967582001719,1
"ENSG00000140265",1.26767228990771,1.11914395873086,1
"ENSG00000140280",1.39977175716143,1.22658218293245,1.09911978956246
"ENSG00000140299",1.2330276798759,1.25961995912588,1
"ENSG00000140307",1.17240492242081,1.1362332460845,1
"ENSG00000140319",1.07532914691473,1.1499066126058,1
"ENSG00000140320",1.06598671432837,1.21312175278322,1
"ENSG00000140326",1.24683494194644,1.17242465714382,1
"ENSG00000140332",1.41935602129801,1.47976965270221,1
"ENSG00000140350",1.38337911561875,1.45644580063855,1
"ENSG00000140365",1.49418747878662,1.22290363250699,1.17592851792172
"ENSG00000140367",1.46443992529404,1.34686996750407,1.16382585117172
"ENSG00000140368",1.55756024878788,1.33579775184935,1.3125777233842
"ENSG00000140374",1.37104221822634,1.23304935679057,1.11609660929679
"ENSG00000140382",1.59878367035502,1.30578276445204,1.36441371639816
"ENSG00000140386",1.24234098663546,1.21536696762245,1
"ENSG00000140391",1.26162386587101,1.21788644559435,1
"ENSG00000140395",1.44412827924399,1.40315195947062,1.1421714461554
"ENSG00000140396",1.65914229953208,1.54522999068621,1.34401676231374
"ENSG00000140398",1.39161782613392,1.1598166743109,1
"ENSG00000140400",1.05911451039808,1.19291507856131,1
"ENSG00000140403",1.19202960298287,1.10973811803068,1
"ENSG00000140406",1.16605141743738,1.14703675771473,1
"ENSG00000140416",1.11043099132277,1.07188609896589,1
"ENSG00000140443",1.39016469383408,1.40628143523948,1
"ENSG00000140450",1.54761865069517,1.15455380420592,1.31824274542412
"ENSG00000140455",1.53326347102364,1.31103545112625,1.30651099560617
"ENSG00000140463",1.38256376959916,1.23145570757356,1
"ENSG00000140464",1.4356446873305,1.07417930604738,1.11569497604221
"ENSG00000140470",1.12054723727996,1.23630842207201,1
"ENSG00000140471",1.02278035742988,1.24679927961736,1
"ENSG00000140474",1.34903478501675,1.24687773723122,1
"ENSG00000140479",1.39266428933461,1.1339083301825,1
"ENSG00000140497",1.14110785558634,1.20521932454727,1
"ENSG00000140511",1.23807563494124,1.23072634443326,1
"ENSG00000140521",1.07035416938426,1.11616233236108,1
"ENSG00000140525",1.2461244954997,1.29738544165075,1
"ENSG00000140526",1.22555250039054,1.40109742420924,1
"ENSG00000140543",1.24904557089975,1.26353996898162,1
"ENSG00000140545",1.52048225454227,1.19702924956017,1
"ENSG00000140548",1.44543465596041,1.33795458279888,1.09585878432241
"ENSG00000140553",1.00485842874697,1.00746840437195,1
"ENSG00000140563",1.58176289306004,1.56175308519336,1.20157035431192
"ENSG00000140564",1.42558740537114,1.2150023050521,1.18850070982809
"ENSG00000140575",1.42560083603175,1.34161784161716,1.12513923827574
"ENSG00000140577",1.3634450207789,1.1653786396654,1.08453899949613
"ENSG00000140598",1.24575079475065,1.34157838767057,1
"ENSG00000140612",1.32749880254881,1.11647863602656,1
"ENSG00000140632",1.41020121437292,1.36050469357174,1.06208357677678
"ENSG00000140650",1.2234282919555,1.20140917647243,1
"ENSG00000140678",1.63106331091887,1.36237670489574,1.37842774291588
"ENSG00000140688",1.22873258856783,1.18930438454636,1
"ENSG00000140691",1.10179615980805,1.11280310168377,1
"ENSG00000140694",1.23938475712506,1.10645192166616,1
"ENSG00000140718",1.53969728672815,1.28461557449664,1.27647932911055
"ENSG00000140740",1.33215799037049,1.21995001012257,1.01116707157623
"ENSG00000140743",1.28260202476005,1.19402413772375,1
"ENSG00000140750",1.2760789761554,1.19577768902209,1
"ENSG00000140829",1.1440035520566,1.08283913454753,1
"ENSG00000140830",1.30035056184063,1.08568808874656,1
"ENSG00000140836",1.16479731520641,1.05999443083412,1
"ENSG00000140848",1.36497736398017,1.40019336281324,1
"ENSG00000140853",1.40532610669838,1.08845817352189,1.18546341976065
"ENSG00000140854",1.52546050751332,1.35192403933787,1.16598947759334
"ENSG00000140859",1.12898354324442,1.15536651938593,1
"ENSG00000140876",1.49393525463892,1.25902656134019,1
"ENSG00000140931",1.27567307191107,1.16022134271579,1
"ENSG00000140932",1.27050062659397,1.44586774286459,1
"ENSG00000140941",1.25758889520375,1.29872289100398,1
"ENSG00000140943",1.40263393974579,1.29708048065963,1.13262824149618
"ENSG00000140948",1.22489927130504,1.23761620749494,1
"ENSG00000140950",1.30646931626989,1.20744541999189,1
"ENSG00000140983",1.18862424810448,1.03094956961835,1
"ENSG00000140987",1.12931209793163,1.16654447574131,1
"ENSG00000140988",1.49914131937279,1.27290696508686,1.25365915528159
"ENSG00000140990",1.39184548990892,1.1270699712683,1.13439949876036
"ENSG00000140992",1.43781215676131,1.31246536208892,1.12898037912897
"ENSG00000140993",1.10879838571492,1.05074603050431,1
"ENSG00000140995",1.6982800344572,1.5298154624471,1.37519297254151
"ENSG00000141002",1.24015513269879,1.12849769267794,1
"ENSG00000141012",1.68773143872709,1.26851713112112,1.40289390899923
"ENSG00000141013",1.25058207363373,1.07117800625941,1
"ENSG00000141026",1.50371383610167,1.30558718688931,1.13473540545866
"ENSG00000141027",1.24940999796331,1.12385547919676,1
"ENSG00000141030",1.27088044144048,1.01198537749272,1
"ENSG00000141034",1.19504549916632,1.12538378885871,1
"ENSG00000141040",1.63889151437726,1.36351512050501,1.25621576778044
"ENSG00000141068",1.49518523228168,1.15659910239311,1.2596972894996
"ENSG00000141076",1.15436325688877,1.26324091132662,1
"ENSG00000141084",1.3027757340328,1.06359217526627,1
"ENSG00000141096",1.24841461236494,1.52395853616923,1
"ENSG00000141098",1.42324128688201,1.22975673894482,1.16328152157734
"ENSG00000141101",1.4066948509752,1.2374843983504,1
"ENSG00000141127",1.3036640764305,1.22160339599077,1
"ENSG00000141140",1.06918010598002,1.28370465513412,1
"ENSG00000141141",1.37300656479638,1.28427730085686,1.08774118234207
"ENSG00000141179",1.30524166546418,1.25989889090678,1
"ENSG00000141219",1.25440227993143,1.2162067894646,1
"ENSG00000141232",1.16412515027724,1.06537101933488,1
"ENSG00000141252",1.18407491183184,1.02655563325157,1
"ENSG00000141258",1.16169037049483,1.11961243511464,1
"ENSG00000141279",1.5851924393646,1.39756886606652,1.32228832342389
"ENSG00000141295",1.41412190757221,1.22041190779149,1.06001345051175
"ENSG00000141298",1.6210296788765,1.49167778200549,1.30283002330274
"ENSG00000141337",1.10141463482192,1.36626920755937,1
"ENSG00000141349",1.48233652760279,1.1089352793762,1
"ENSG00000141367",1.30125626463145,1.20491972949134,1
"ENSG00000141376",1.20061539999301,1.27996416489022,1
"ENSG00000141378",1.17705268025725,1.0918013340875,1
"ENSG00000141380",1.31760006814498,1.34243848611603,1
"ENSG00000141384",1.50586000505423,1.34753273081971,1.15139766382505
"ENSG00000141385",1.43788835446316,1.2780513506386,1.16291076320099
"ENSG00000141401",1.5198970916431,1.4265503507873,1.20447320645579
"ENSG00000141424",1.04306065932349,1.05179062230894,1
"ENSG00000141425",1.20694656916848,1.15475346214945,1
"ENSG00000141428",1.19255977277154,1.19614380910363,1
"ENSG00000141429",1.09166604499868,1.11282264510256,1
"ENSG00000141446",1.14521372932628,1.11330847104735,1
"ENSG00000141447",1.32102223893467,1.3101582887193,1
"ENSG00000141452",1.19439358121846,1.11467347733689,1
"ENSG00000141456",1.18949930853433,1.21862151671054,1
"ENSG00000141458",1.18345646147713,1.20708878324223,1
"ENSG00000141469",1.17370953894022,1.1194849048097,1
"ENSG00000141480",1.53371788311703,1.48209646648711,1.16517914537429
"ENSG00000141499",1.47440053877976,1.2197687913971,1.11934182740259
"ENSG00000141503",1.28907199131176,1.10650826261299,1
"ENSG00000141504",1.38172011192603,1.29525453711937,1
"ENSG00000141506",1.560342992199,1.31615836078766,1.31411044321265
"ENSG00000141510",1.18524439809632,1.23636524305461,1
"ENSG00000141522",1.35596047824108,1.12391067026521,1
"ENSG00000141524",1.07087753874188,1.13664720881828,1
"ENSG00000141526",1.62581884648944,1.52183360062654,1.25768291170384
"ENSG00000141540",1.04836127394647,1.20528908523119,1
"ENSG00000141543",1.00974800780416,1.10700722418332,1
"ENSG00000141551",1.50934288517101,1.34408532551587,1.24625526601281
"ENSG00000141552",1.29832804491155,1.18396711690636,1
"ENSG00000141556",1.27563138920619,1.21011652939122,1
"ENSG00000141560",1.40575394450289,1.18319462686575,1.05206114052705
"ENSG00000141562",1.36715804077957,1.37948121506094,1
"ENSG00000141564",1.16502778694009,1.22475893470358,1
"ENSG00000141568",1.11608125583501,1.13002887364476,1
"ENSG00000141569",1.20778611894077,1.29207017002391,1
"ENSG00000141570",1.22505641408515,1.17859152449671,1
"ENSG00000141574",1.24843748045839,1.37734916825091,1
"ENSG00000141576",1.32023832264784,1.16968559644785,1
"ENSG00000141577",1.35818074554388,1.14317764219076,1
"ENSG00000141580",1.0753532014961,1.13537990815126,1
"ENSG00000141582",1.30317420585487,1.31252782503845,1
"ENSG00000141627",1.35952271597928,1.18025311746502,1.11558785187223
"ENSG00000141642",1.50797285900723,1.31820214902628,1.09947890603384
"ENSG00000141644",1.33939403675767,1.13541835210501,1.07842966718978
"ENSG00000141646",1.20814827610716,1.21102219990569,1
"ENSG00000141664",1.37558852238139,1.26193229967321,1.10093956119802
"ENSG00000141682",1.38789285933272,1.14216621069185,1
"ENSG00000141698",1.60942730423198,1.28294184129994,1.29037617611163
"ENSG00000141699",1.13028902910817,1.05733726875295,1
"ENSG00000141720",1.3518717618397,1.15046518390387,1.10280776138927
"ENSG00000141736",1.50997132506673,1.27722774154484,1.05548967580872
"ENSG00000141741",1.13777426777111,1.3098050260211,1
"ENSG00000141759",1.11663831242084,1.18783920944764,1
"ENSG00000141858",1.44811232274464,1.14613399548543,1
"ENSG00000141867",1.49871616325896,1.16596679161344,1.26226988018151
"ENSG00000141873",1.11223092942469,1.09623580450732,1
"ENSG00000141905",1.79447482106339,1.26904072019837,1.42158898700959
"ENSG00000141933",1.24227619486587,1.11037167542727,1
"ENSG00000141956",1.03882158947413,1.20657289464902,1
"ENSG00000141959",1.17218516376847,1.13906309764015,1
"ENSG00000141965",1.14438601247764,1.10742999874011,1
"ENSG00000141968",1.47003637011886,1.42864138998226,1.11490956075202
"ENSG00000141971",1.13718418187788,1.14012801206699,1
"ENSG00000141985",1.17378766997233,1.19529157224035,1
"ENSG00000141994",1.32899870184181,1.23057992111634,1
"ENSG00000142002",1.09856860672712,1.10032774056811,1
"ENSG00000142039",1.44553533272013,1.11826517369546,1.01217097622811
"ENSG00000142046",1.30375336449707,1.46986679469204,1
"ENSG00000142065",1.39460131909439,1.3263150774263,1
"ENSG00000142082",1.21873393119505,1.08773745776184,1
"ENSG00000142089",1.32829143085329,1.21760220420119,1
"ENSG00000142166",1.52223928717271,1.46663285042917,1.19756279371317
"ENSG00000142168",1.39043689133028,1.29740475363094,1.06705247063309
"ENSG00000142173",1.28939997198048,1.20120017056254,1
"ENSG00000142185",1.17363884833412,1.10440642253749,1
"ENSG00000142186",1.28221909550264,1.31399237937259,1
"ENSG00000142188",1.2436927389032,1.32542726816238,1
"ENSG00000142192",1.23589534279307,1.0802939790587,1
"ENSG00000142197",1.43882288259907,1.16627175298734,1.21819522193565
"ENSG00000142207",1.21197448992529,1.23100025527694,1
"ENSG00000142208",1.61239468081102,1.40128265364908,1.3525894244433
"ENSG00000142227",1.2448764593599,1.0816225504596,1
"ENSG00000142230",1.32715237304379,1.20565536096332,1
"ENSG00000142252",1.13318185785378,1.07452090871652,1
"ENSG00000142303",1.55776876656896,1.29367051271144,1.20532556832169
"ENSG00000142327",1.56489454096257,1.19357181477812,1.34672184827171
"ENSG00000142330",1.07920390410024,1.19025000251686,1
"ENSG00000142347",1.68805759672248,1.54766640523115,1.31739668236121
"ENSG00000142396",1.23271831683095,1.10824606013825,1
"ENSG00000142405",1.60007598823661,1.61031762944251,1.15932673510868
"ENSG00000142409",1.50465613476082,1.4106176640438,1.165060615748
"ENSG00000142444",1.26786538673257,1.10466608758693,1
"ENSG00000142453",1.38286228432314,1.09259188095316,1.09694798962665
"ENSG00000142459",1.34229610954165,1.0490418581057,1
"ENSG00000142507",1.26974308798924,1.18670054689531,1
"ENSG00000142512",1.61108478022412,1.30609577976476,1.38830843146941
"ENSG00000142528",1.1552060532105,1.16809757230174,1
"ENSG00000142534",1.1967220135101,1.25351007084228,1
"ENSG00000142541",1.28237657239045,1.29443600894091,1
"ENSG00000142544",1.21475083421974,1.12715477127828,1
"ENSG00000142546",1.23132972933385,1.12071258982213,1
"ENSG00000142552",1.75944629116772,1.39644798627744,1.33984323110666
"ENSG00000142556",1.43717426184163,1.3119994404099,1.03692264498278
"ENSG00000142583",1.26687587307184,1.01976032224915,1
"ENSG00000142599",1.55496379539996,1.23914195588349,1.33803601204732
"ENSG00000142632",1.22824630786759,1.19199147989265,1
"ENSG00000142634",1.61085295106382,1.42494424472754,1.2761151553866
"ENSG00000142655",1.12637880283663,1.20978096555822,1
"ENSG00000142657",1.41918841320395,1.45022365037449,1
"ENSG00000142669",1.25482016287812,1.27319786203713,1
"ENSG00000142676",1.15294716071974,1.26211133266012,1
"ENSG00000142684",1.60369320113078,1.2550822361643,1.22121140713193
"ENSG00000142686",1.10363858735465,1.3091121434452,1
"ENSG00000142687",1.36923782434369,1.28953309104949,1
"ENSG00000142694",1.28042925848758,1.28871565350676,1
"ENSG00000142731",1.25249269242199,1.25756366574336,1
"ENSG00000142733",1.34877221389358,1.24682094294989,1
"ENSG00000142751",1.16717942299744,1.10314901369846,1
"ENSG00000142765",1.19918742317391,1.12659016116203,1
"ENSG00000142784",1.40099814794442,1.25359445551484,1.13652824872571
"ENSG00000142794",1.47443994392939,1.17608476125737,1.1754797333845
"ENSG00000142856",1.32773714692884,1.32836984724512,1
"ENSG00000142864",1.47910921548101,1.24348351713002,1.25212210235867
"ENSG00000142867",1.34603499840367,1.40626725679512,1
"ENSG00000142875",1.40120258779433,1.33782156320774,1.0774252092711
"ENSG00000142892",1.50187668337184,1.28429306523895,1.24430367951678
"ENSG00000142920",1.44890086896361,1.15004994927905,1
"ENSG00000142937",1.29309296905037,1.26592266183196,1
"ENSG00000142961",1.3624616591554,1.13192438421083,1.09960304555716
"ENSG00000143013",1.37461237329088,1.20513745002569,1.07819703815821
"ENSG00000143033",1.36287157002502,1.22823057142731,1.08705986980682
"ENSG00000143067",1.17403059859563,1.31081730576714,1
"ENSG00000143079",1.29290445998135,1.22572447239431,1
"ENSG00000143093",1.27896791701393,1.16808684748471,1
"ENSG00000143106",1.27283478922747,1.28096759476601,1
"ENSG00000143110",1.27304095779185,1.13345116762872,1
"ENSG00000143119",1.57000120539061,1.4953375081226,1.23452847721634
"ENSG00000143149",1.18417793367983,1.28730212399516,1
"ENSG00000143153",1.552502339336,1.20681957776593,1.12045076702182
"ENSG00000143155",1.16187831332345,1.06652033998395,1
"ENSG00000143156",1.51211922739536,1.20292151686865,1.14185210146718
"ENSG00000143157",1.35003601309042,1.28717047698253,1
"ENSG00000143158",1.31175338609786,1.16915671262339,1
"ENSG00000143162",1.07047754078993,1.0699054320306,1
"ENSG00000143164",1.34221107877394,1.1298391474239,1.06200983921312
"ENSG00000143167",1.56307910108005,1.28477615410949,1.19350245786812
"ENSG00000143178",1.14786240495958,1.03878010198677,1
"ENSG00000143179",1.38259456229971,1.23681313552839,1
"ENSG00000143183",1.2341790515389,1.2369904108708,1
"ENSG00000143190",1.2184471784019,1.25284155932104,1
"ENSG00000143198",1.44052687477531,1.24445596076881,1.19157946150427
"ENSG00000143207",1.69659623056505,1.48107297505991,1.37799803912192
"ENSG00000143222",1.13230404753023,1.26378400609335,1
"ENSG00000143224",1.26688684842034,1.19676879913047,1
"ENSG00000143226",1.72554526785842,1.74152635669035,1.21000986392596
"ENSG00000143252",1.25724330864463,1.17764118033871,1
"ENSG00000143256",1.05788896967464,1.26200246126202,1
"ENSG00000143258",1.1861515677954,1.11821428486543,1
"ENSG00000143294",1.27983672538645,1.10225346714403,1
"ENSG00000143297",1.37439899321215,1.18528400299743,1.03546654843554
"ENSG00000143303",1.15901566780261,1.08897038232119,1
"ENSG00000143314",1.63079025145535,1.4009264556438,1.32187517155796
"ENSG00000143315",1.50832451912594,1.27022348838695,1.22910704130692
"ENSG00000143319",1.38100830405279,1.23534045101542,1.11114390145113
"ENSG00000143321",1.08103102607029,1.08305411443947,1
"ENSG00000143322",1.05868436363822,1.08758513829135,1
"ENSG00000143324",1.21376440660871,1.10429155804281,1
"ENSG00000143337",1.16608621705574,1.36292751397823,1
"ENSG00000143344",1.1093551608076,1.0429940191253,1
"ENSG00000143353",1.38100755236531,1.11293174154567,1.11969823333883
"ENSG00000143363",1.39413110375367,1.22792136510648,1.13523123378188
"ENSG00000143365",1.19972211172044,1.11647987647528,1
"ENSG00000143367",1.3847588973382,1.47748407717844,1
"ENSG00000143368",1.22165610279915,1.18859709964306,1
"ENSG00000143373",1.33803420807659,1.33633713932179,1
"ENSG00000143374",1.47667928144617,1.19954216092737,1.20242265224028
"ENSG00000143376",1.48338328530763,1.39876226989071,1.15952290445216
"ENSG00000143379",1.3680203569772,1.13006354881189,1.06729885952294
"ENSG00000143384",2.10092433754727,1.65112103470206,1.67169967019593
"ENSG00000143387",1.24957062325713,1.12951603257527,1
"ENSG00000143390",1.09822855896314,1.27013258529781,1
"ENSG00000143393",1.43858706129433,1.20539111917038,1.2185429899601
"ENSG00000143398",1.17678336377832,1.1951582186357,1
"ENSG00000143401",1.31686306521809,1.22698049160926,1
"ENSG00000143409",2.26133508559676,1.54745518565594,1.91317575274492
"ENSG00000143416",1.11098706314212,1.07801579290082,1
"ENSG00000143418",1.5417247730601,1.32179645328846,1.31757990160548
"ENSG00000143420",1.60370936147977,1.10796063270065,1.41346720617931
"ENSG00000143436",1.48594101012593,1.30575592528885,1.12441878530649
"ENSG00000143437",1.14809625471655,1.21119590730837,1
"ENSG00000143442",1.29476948754589,1.04440355274553,1
"ENSG00000143452",1.34526082291178,1.28792509669058,1
"ENSG00000143457",1.17682295055157,1.02592940220255,1
"ENSG00000143458",1.34748192405248,1.26284658880191,1
"ENSG00000143466",1.10879406723612,1.19229288803783,1
"ENSG00000143479",1.35439395523396,1.06995717434632,1
"ENSG00000143486",1.33306779548806,1.34045251082724,1
"ENSG00000143493",1.15558807809188,1.31207880945327,1
"ENSG00000143498",1.18044640820793,1.32828885809853,1
"ENSG00000143499",1.13934898653734,1.37086616809084,1
"ENSG00000143502",1.2441930589095,1.08808731246779,1
"ENSG00000143507",1.37985264869644,1.19054283483304,1
"ENSG00000143514",1.0780031735674,1.17211601198329,1
"ENSG00000143515",1.24479061896578,1.2027418515183,1
"ENSG00000143537",1.19705613517616,1.13675381807538,1
"ENSG00000143543",1.37602703386526,1.14985987665382,1.13971200555951
"ENSG00000143546",1.27859154593356,1.09963359763856,1
"ENSG00000143549",1.47657058820712,1.36460373567399,1.18641522648708
"ENSG00000143553",1.33638768260148,1.20668885952465,1
"ENSG00000143554",1.32557666322478,1.09339808031908,1
"ENSG00000143569",1.17952947590368,1.04738279297991,1
"ENSG00000143570",1.3007185671007,1.32008919356542,1
"ENSG00000143575",1.20585602774119,1.23895545562301,1
"ENSG00000143578",1.49926878380182,1.32698845129009,1
"ENSG00000143612",1.16144621848768,1.10304175925487,1
"ENSG00000143614",1.49327799143574,1.16682826080573,1.26353770447386
"ENSG00000143621",1.40288850312419,1.29373865888762,1.12453041415558
"ENSG00000143622",1.57659524752355,1.44540874650565,1.2536828708523
"ENSG00000143624",1.49687728317241,1.17625139803296,1.27874142609797
"ENSG00000143633",1.22310410048134,1.22944076088162,1
"ENSG00000143641",1.17092318640099,1.06208722809425,1
"ENSG00000143643",1.27618686374651,1.26007541287478,1
"ENSG00000143653",1.31417510277689,1.16627868464921,1
"ENSG00000143669",1.26750203379655,1.4624318838713,1
"ENSG00000143674",1.42416938179987,1.08874022072232,1
"ENSG00000143702",1.16029887979789,1.26502927061893,1
"ENSG00000143727",1.17405169093192,1.22513930192438,1
"ENSG00000143740",1.17200370702537,1.25088459787533,1
"ENSG00000143742",1.04559164810715,1.19737994107205,1
"ENSG00000143748",1.34241149039063,1.38516551192388,1
"ENSG00000143751",1.30260285177852,1.3045466470013,1
"ENSG00000143753",1.14687322868447,1.33605221255792,1
"ENSG00000143756",1.27589806257211,1.05597771110162,1
"ENSG00000143761",1.1829746613868,1.30032287293327,1
"ENSG00000143771",1.21347385941616,1.04363374993499,1
"ENSG00000143772",1.23489178103121,1.09280344353301,1
"ENSG00000143774",1.28613881343138,1.09059418073492,1
"ENSG00000143776",1.13940442243388,1.17976285739981,1
"ENSG00000143786",1.21700071487057,1.05699100802827,1
"ENSG00000143793",1.24950497499839,1.30165264962686,1
"ENSG00000143797",1.4779933064153,1.23003664838273,1.26002800131207
"ENSG00000143799",1.31438006930607,1.16059744667529,1
"ENSG00000143801",1.22653201904795,1.22174991708762,1
"ENSG00000143811",1.24387699817234,1.18370423354311,1
"ENSG00000143815",1.38827947191379,1.43422058770898,1
"ENSG00000143851",1.06123822334327,1.129149378546,1
"ENSG00000143862",1.50895952355955,1.3552281885152,1.17704037015945
"ENSG00000143870",1.12800832753177,1.15714923364613,1
"ENSG00000143878",1.66087013798161,1.37384665677584,1.41289068823378
"ENSG00000143889",1.15174823088098,1.11869599499522,1
"ENSG00000143891",1.10900513082143,1.12128810461674,1
"ENSG00000143919",1.24261702866935,1.28383605827225,1
"ENSG00000143924",1.38536039325446,1.14661194280856,1.11637980774401
"ENSG00000143933",1.35814662327155,1.15088748021369,1.08733504102131
"ENSG00000143947",1.25132618077062,1.24097463823963,1
"ENSG00000143951",1.6034688070953,1.31591040892637,1.32939553567281
"ENSG00000143952",1.20484382584531,1.20162196546584,1
"ENSG00000143970",1.3391648767281,1.18500706908431,1.07969521656349
"ENSG00000143971",1.38789179202902,1.31281243121918,1
"ENSG00000143977",1.19517349300028,1.32537610297744,1
"ENSG00000143995",1.20507485608121,1.17771053535153,1
"ENSG00000144021",1.17369024581996,1.07394391486487,1
"ENSG00000144026",1.20974826220765,1.22488063692725,1
"ENSG00000144028",1.07039962011196,1.07282455438165,1
"ENSG00000144029",1.33459995133284,1.31373237563591,1
"ENSG00000144034",1.22697831857762,1.29168937561544,1
"ENSG00000144036",1.55223093905426,1.36069786831589,1.25174523262119
"ENSG00000144040",1.3081401104252,1.34446629637284,1
"ENSG00000144043",1.24435477603579,1.11814489064688,1
"ENSG00000144048",1.22045448187516,1.15991391048321,1
"ENSG00000144118",1.69682474670503,1.52994269569334,1.32607896681965
"ENSG00000144120",1.38400025516906,1.2987228482454,1
"ENSG00000144136",1.06449579656657,1.14735058188001,1
"ENSG00000144152",1.06646263124243,1.18053377746651,1
"ENSG00000144161",1.45798106230149,1.2927475439844,1.08522881794267
"ENSG00000144182",1.31715897673037,1.38457563021386,1
"ENSG00000144218",1.17767389737378,1.14870144910567,1
"ENSG00000144224",1.26227952500299,1.16181896109817,1
"ENSG00000144228",1.66399897251862,1.46931267273991,1.35684293657128
"ENSG00000144231",1.35249412936777,1.25419998388064,1
"ENSG00000144233",1.31743920191311,1.06908589628575,1
"ENSG00000144283",1.25868288277385,1.19894302386803,1
"ENSG00000144290",1.07319775665337,1.16822619646509,1
"ENSG00000144306",1.40600956272773,1.18665586512395,1.1163124130341
"ENSG00000144320",1.12988319196117,1.23484171744835,1
"ENSG00000144357",1.32184389388472,1.11043882706847,1.04531590653338
"ENSG00000144381",1.31498153962046,1.23545530247425,1
"ENSG00000144401",1.09104020394484,1.21070538631188,1
"ENSG00000144426",1.45713060586271,1.308763287717,1.19439216575127
"ENSG00000144445",1.297744869656,1.23875154068978,1
"ENSG00000144451",1.38979703683938,1.38103664489705,1
"ENSG00000144455",1.17597783153939,1.0410042259367,1
"ENSG00000144468",1.22721799967043,1.1731068188645,1
"ENSG00000144476",1.70019351013441,1.21947257330882,1.33555249402209
"ENSG00000144504",1.11455614712807,1.16225132160307,1
"ENSG00000144524",1.06575906962738,1.24750855193189,1
"ENSG00000144535",1.20078442602524,1.30971066785605,1
"ENSG00000144554",1.21603974020514,1.10431663297336,1
"ENSG00000144559",1.15600654937795,1.28107302247724,1
"ENSG00000144560",1.28194511899698,1.28856977261094,1
"ENSG00000144566",1.35602472103249,1.33292109974915,1
"ENSG00000144567",1.169423287077,1.20419244873787,1
"ENSG00000144579",1.29884146208312,1.33877466739979,1
"ENSG00000144580",1.44581453716849,1.31873852803362,1.19354490492007
"ENSG00000144589",1.29069680471612,1.10780173353191,1
"ENSG00000144591",1.12785486460009,1.05788980202156,1
"ENSG00000144597",1.24094090178633,1.24817677544818,1
"ENSG00000144635",1.65310037015598,1.32317409376846,1.42222389521505
"ENSG00000144645",1.22514596347427,1.1528641045871,1
"ENSG00000144647",1.35150341083166,1.14164958150246,1
"ENSG00000144655",1.46030270523748,1.41929129965767,1.09444002969163
"ENSG00000144659",1.09486340353126,1.25965902703222,1
"ENSG00000144674",1.33309235082715,1.19603663843183,1
"ENSG00000144677",1.32438498722884,1.10608711949416,1
"ENSG00000144711",1.62024075140062,1.33213860911121,1.378214186592
"ENSG00000144713",1.3967079578412,1.26012621108865,1.11417600176387
"ENSG00000144736",1.53858683969515,1.36852423249688,1.24339786660815
"ENSG00000144741",1.1864127838586,1.29730563942677,1
"ENSG00000144744",1.13538626666495,1.09062281073624,1
"ENSG00000144746",1.09041406094957,1.08942424905777,1
"ENSG00000144747",1.05822574073667,1.14085287136784,1
"ENSG00000144749",1.25233185572293,1.21395618599328,1
"ENSG00000144791",1.09158922401194,1.29868083283392,1
"ENSG00000144802",1.39680977526346,1.35836974759185,1.09640395328021
"ENSG00000144815",1.04116998411398,1.10629624156592,1
"ENSG00000144824",1.38293906556225,1.27205653532389,1
"ENSG00000144827",1.31358611916165,1.26481959247578,1
"ENSG00000144840",1.32341920359541,1.33989828411514,1
"ENSG00000144843",1.11913316166972,1.18106202849916,1
"ENSG00000144848",1.29402848948378,1.20758789118743,1
"ENSG00000144867",1.36129005578369,1.30723804412328,1
"ENSG00000144893",1.37034297567347,1.11887024942049,1
"ENSG00000144895",1.31624022756958,1.31363342797658,1
"ENSG00000144909",1.5146535139824,1.47140241947281,1.1608546066523
"ENSG00000144935",1.66445772954327,1.31657743537724,1.31182548753705
"ENSG00000144959",1.43767288792234,1.248854668773,1.1070452204261
"ENSG00000145012",1.40792656241975,1.32099106276382,1.14180131329011
"ENSG00000145016",1.4710408130547,1.1090676300428,1.23940104637362
"ENSG00000145020",1.19277660382335,1.25628639584907,1
"ENSG00000145022",1.27919568725795,1.0983594465514,1
"ENSG00000145029",1.15472559417387,1.22887689319187,1
"ENSG00000145041",1.34176429142296,1.22928844633097,1
"ENSG00000145050",1.1761117035133,1.18462088627606,1
"ENSG00000145191",1.41675645818005,1.28489879789983,1.17379107388909
"ENSG00000145214",1.28718679345413,1.07987238996655,1
"ENSG00000145216",1.27271869181624,1.10227054720006,1
"ENSG00000145220",1.37548401220928,1.28079623072723,1
"ENSG00000145241",1.50834041494425,1.23289538897928,1.27054870426008
"ENSG00000145246",1.32320063244443,1.08966633581414,1
"ENSG00000145247",1.05917602079038,1.35322275827058,1
"ENSG00000145287",1.51797787099636,1.3434163569011,1.28772494144947
"ENSG00000145293",1.38404960378881,1.37531744279092,1
"ENSG00000145331",1.34336589307107,1.19496481932586,1
"ENSG00000145332",1.17988819088783,1.27918043790781,1
"ENSG00000145335",1.08630015855418,1.04849433868032,1
"ENSG00000145337",1.36493886736292,1.2723353219907,1
"ENSG00000145348",1.36278336518395,1.3006084086023,1
"ENSG00000145349",1.23887957803768,1.33785259819201,1
"ENSG00000145354",1.05935211648619,1.19889014967358,1
"ENSG00000145365",1.1924167900965,1.06060609742728,1
"ENSG00000145375",1.48555624731792,1.38216859413245,1.11018107963895
"ENSG00000145386",1.3312243006874,1.22951524586828,1
"ENSG00000145388",1.43593741014565,1.25988072690193,1.17279034897618
"ENSG00000145390",1.24372259749504,1.17763644131362,1
"ENSG00000145391",1.17922242225367,1.11603162367477,1
"ENSG00000145414",1.4895944970885,1.35668540308066,1.11219980308724
"ENSG00000145416",1.21408238614309,1.18210646635219,1
"ENSG00000145425",1.09489764776707,1.30066643791372,1
"ENSG00000145431",1.36548108369614,1.07910521154192,1
"ENSG00000145439",1.26668658080664,1.18513987468116,1
"ENSG00000145476",1.23678669165154,1.25148111928106,1
"ENSG00000145491",2.21822581658548,1.68503736245043,1.70414436730221
"ENSG00000145494",1.2465731700186,1.16349009401521,1
"ENSG00000145495",1.10007398298384,1.02500620019597,1
"ENSG00000145545",1.38447821953992,1.2790348876808,1
"ENSG00000145569",1.31026980210302,1.0926914366657,1
"ENSG00000145592",1.25476496058636,1.27016795777846,1
"ENSG00000145604",1.23386628298536,1.23918723770041,1
"ENSG00000145675",1.43722478207099,1.19783237864133,1.20390182433564
"ENSG00000145685",1.49569389482744,1.10311550193895,1.22364899728685
"ENSG00000145687",1.23654413008577,1.02633542745528,1
"ENSG00000145703",1.37971631968294,1.20675347160424,1.14775790560429
"ENSG00000145715",1.31092368924939,1.13289876211637,1
"ENSG00000145723",1.10565450812513,1.25730291526619,1
"ENSG00000145725",1.0607344041627,1.04435790233835,1
"ENSG00000145730",1.21200047982141,1.14642646712253,1
"ENSG00000145734",1.39890963101981,1.28839945950708,1.1085898555439
"ENSG00000145740",1.30327850626412,1.19405898602533,1
"ENSG00000145741",1.38728301531169,1.1921680029159,1.15523618949144
"ENSG00000145743",1.34027221266564,1.27574333775443,1
"ENSG00000145779",1.2972626502756,1.21906235278827,1
"ENSG00000145780",1.27734923172854,1.24911006818561,1
"ENSG00000145781",1.34719435889129,1.35760186648655,1
"ENSG00000145782",1.11118984014834,1.04272128712483,1
"ENSG00000145817",1.13027503603949,1.08709822033299,1
"ENSG00000145819",1.83411540762202,1.5019220529398,1.52067041259917
"ENSG00000145833",1.29246440907024,1.10511594275714,1
"ENSG00000145860",1.37957019067229,1.43537557788453,1
"ENSG00000145868",1.36859855099256,1.44031536684092,1
"ENSG00000145882",1.26244874016304,1.29564348293638,1
"ENSG00000145901",1.49319207954117,1.29712573883087,1.26015043783087
"ENSG00000145907",1.39531126255117,1.27123791941246,1.11508473717727
"ENSG00000145908",1.31427199521098,1.1780464585711,1
"ENSG00000145911",1.19730502106198,1.12672887296325,1
"ENSG00000145912",1.45719589460742,1.29108704905217,1.13307344223049
"ENSG00000145916",1.08649975211804,1.14360268608485,1
"ENSG00000145919",1.25771411733966,1.33254124085932,1
"ENSG00000145945",1.23178541000484,1.22356924564835,1
"ENSG00000145949",1.32417441578533,1.06755485749902,1
"ENSG00000145979",1.14472744058152,1.22968126000599,1
"ENSG00000145982",1.29219556022189,1.31033529773063,1
"ENSG00000145990",1.36045687430974,1.15735280144663,1
"ENSG00000145996",1.3901407817805,1.37521262473612,1
"ENSG00000146007",1.05851007451707,1.10579165423431,1
"ENSG00000146021",1.37892722593702,1.20881895111911,1
"ENSG00000146063",1.12832469356596,1.17409709600676,1
"ENSG00000146066",1.34603465852139,1.1913028852641,1.04416131806495
"ENSG00000146067",1.33645255651045,1.16070630616446,1
"ENSG00000146083",1.46332050899402,1.16696460183272,1.20181009143539
"ENSG00000146085",1.33339004511591,1.0331404328268,1
"ENSG00000146094",1.67902213548346,1.47084612641315,1.35057728963112
"ENSG00000146109",1.27104374210658,1.10027541901044,1
"ENSG00000146143",1.2685914690751,1.34064179095572,1
"ENSG00000146192",1.10873818354506,1.23320526645075,1
"ENSG00000146223",1.40751075411954,1.31799045647137,1.09057294008947
"ENSG00000146232",1.55118492988869,1.14665841544082,1.3132567223976
"ENSG00000146243",1.36284164883313,1.28447012664132,1
"ENSG00000146247",1.13835377800379,1.21604874381171,1
"ENSG00000146263",1.36912585351478,1.32446301742661,1
"ENSG00000146278",1.38371908427218,1.27769786732078,1.12614143961028
"ENSG00000146281",1.44194554934883,1.24463403996355,1.11465222154171
"ENSG00000146282",1.17498317816641,1.22667389049181,1
"ENSG00000146285",1.1659937917335,1.17076563294313,1
"ENSG00000146350",1.54639067066931,1.32386167622142,1.24508692216795
"ENSG00000146373",1.54138116875578,1.18422045921165,1.27612497804614
"ENSG00000146376",1.29921697169737,1.03480198711482,1
"ENSG00000146386",1.22164774885756,1.19378634171213,1
"ENSG00000146409",1.27164537754683,1.18597600904639,1
"ENSG00000146414",1.53099376776406,1.31475051232626,1.26270093862649
"ENSG00000146416",1.40890130296625,1.19957848795328,1.06677324713072
"ENSG00000146425",1.39647345788799,1.24959450231808,1.12599508910121
"ENSG00000146426",1.58242188438041,1.30857844303688,1.32182832449931
"ENSG00000146433",1.25345334957901,1.36793661704505,1
"ENSG00000146457",1.32379577211638,1.28922762897777,1
"ENSG00000146463",1.37953374149815,1.39225624084478,1
"ENSG00000146476",1.14948090808942,1.08030627795723,1
"ENSG00000146535",1.28557483438498,1.12251430339932,1
"ENSG00000146540",1.29885237159465,1.22205250491184,1
"ENSG00000146556",1.50390483486689,1.12355230464872,1
"ENSG00000146574",1.28645594919486,1.17891816294621,1
"ENSG00000146576",1.23073496457365,1.14874963130003,1
"ENSG00000146587",1.26542872057332,1.25439706260889,1
"ENSG00000146674",1.37626104232609,1.25460275545864,1
"ENSG00000146676",1.15814200860866,1.21830893747187,1
"ENSG00000146677",1.33832538034765,1.28884699383605,1
"ENSG00000146701",1.45898717204393,1.12780029746362,1.2271718500569
"ENSG00000146729",1.31678071464671,1.27873126505725,1
"ENSG00000146731",1.3673088842615,1.24300632197755,1.0894534084123
"ENSG00000146757",1.16463459475538,1.25129488559741,1
"ENSG00000146776",1.05532753297468,1.19901232804196,1
"ENSG00000146802",1.39431377712253,1.26597046888986,1.08463718083783
"ENSG00000146826",1.74931228769309,1.41464408012147,1.48938651675473
"ENSG00000146828",1.62342197807795,1.46008383694847,1.3001537749302
"ENSG00000146830",1.1120713476302,1.10154538470245,1
"ENSG00000146833",1.558286060061,1.29032132452583,1.34437872217361
"ENSG00000146834",1.24462954037696,1.12420131447232,1
"ENSG00000146842",1.46875999978926,1.38744577948822,1.07269641198255
"ENSG00000146856",1.61777265218328,1.27390761003993,1.20512162332901
"ENSG00000146859",1.51762519700109,1.50671283043795,1.1086544146666
"ENSG00000146872",1.31607986365386,1.28782085093854,1
"ENSG00000146909",1.39277595040774,1.36365417547915,1
"ENSG00000146918",1.16862012469471,1.14300690135247,1
"ENSG00000146963",1.31925310647733,1.1446248115769,1
"ENSG00000147010",1.41425296355758,1.33551078405892,1.13945713344383
"ENSG00000147036",1.13564649651269,1.11224697417643,1
"ENSG00000147044",1.43204557493946,1.23461663415522,1.12214406357735
"ENSG00000147050",1.42806844654286,1.26567606062092,1.19449750679924
"ENSG00000147065",1.40817279840412,1.2626787972335,1.13700854635312
"ENSG00000147099",1.19420779913052,1.32373971498737,1
"ENSG00000147118",1.15824977939572,1.05505183626542,1
"ENSG00000147121",1.07959415379274,1.32177763505562,1
"ENSG00000147123",1.13624925937797,1.23951402065515,1
"ENSG00000147124",1.20331979466131,1.30773835222821,1
"ENSG00000147130",1.21493398495848,1.28360873986752,1
"ENSG00000147133",1.10287868472179,1.10758105773124,1
"ENSG00000147138",1.13831818541515,1.4120378475402,1
"ENSG00000147140",1.32356112341951,1.20660074033432,1
"ENSG00000147155",1.34723307419383,1.34357015678888,1
"ENSG00000147162",1.26867777480637,1.1407947926062,1
"ENSG00000147164",1.11936447930186,1.04442797032605,1
"ENSG00000147168",1.37790460867647,1.13768746951474,1.14503339369713
"ENSG00000147174",1.38126648943672,1.02331576406613,1
"ENSG00000147180",1.39358122620005,1.29784826344467,1
"ENSG00000147202",1.38680557231536,1.24691282817605,1.12262462044518
"ENSG00000147224",1.50997653815247,1.25632390379278,1.24930762343685
"ENSG00000147251",1.25782464053285,1.2377330280479,1
"ENSG00000147274",1.4590435661945,1.32831483839572,1.15043725116089
"ENSG00000147316",1.34173200900971,1.33808181718689,1
"ENSG00000147324",1.23329550825723,1.20079931721172,1
"ENSG00000147364",1.33085706364398,1.28399995178311,1
"ENSG00000147382",1.29160585981664,1.27990689658049,1
"ENSG00000147383",1.34351572420911,1.23040340293717,1
"ENSG00000147394",1.34438689814071,1.29667580262017,1
"ENSG00000147400",1.10129922745676,1.09721077160132,1
"ENSG00000147403",1.43093754864236,1.28298393944945,1.14598338282058
"ENSG00000147408",1.30086572930735,1.20928863738189,1
"ENSG00000147416",1.62662347797896,1.56451540111364,1.2174958146009
"ENSG00000147419",1.45326064083289,1.33465692035031,1.11867237137149
"ENSG00000147421",1.29823047927543,1.11218980802022,1
"ENSG00000147437",1.32729722616101,1.17535322329098,1
"ENSG00000147439",1.62811917730653,1.41837584845729,1.34497675440767
"ENSG00000147443",1.20154742065442,1.19458506112988,1
"ENSG00000147454",1.20946854079934,1.18348053681131,1
"ENSG00000147457",1.22608068208177,1.19383038451809,1
"ENSG00000147459",1.66165016045728,1.55587530192654,1.29801569128117
"ENSG00000147471",1.32816318491692,1.17440958563225,1
"ENSG00000147475",1.53750718834903,1.14532098940142,1.33004324900259
"ENSG00000147526",1.42505795495782,1.41439423039047,1.06297595962509
"ENSG00000147533",1.14779544161718,1.30102407251452,1
"ENSG00000147535",1.01507076588648,1.16784505445678,1
"ENSG00000147548",1.47518251662467,1.31152455988681,1.26530522043602
"ENSG00000147576",1.28699951541918,1.25755332165446,1
"ENSG00000147586",1.38716689102803,1.37283954478295,1
"ENSG00000147592",1.45949094091352,1.24794134279132,1.12700908854222
"ENSG00000147601",1.0830921627858,1.15848635168167,1
"ENSG00000147604",1.48300106666818,1.33648559109399,1.09604765359998
"ENSG00000147649",1.3560293751173,1.26011060173262,1.07486279989651
"ENSG00000147650",1.36453447846709,1.21132305975284,1
"ENSG00000147654",1.50160323592476,1.32906722574695,1.1552162961226
"ENSG00000147669",1.18546567199399,1.32361255473433,1
"ENSG00000147677",1.3604267178146,1.25392129960151,1.05018153139905
"ENSG00000147679",1.39997598155312,1.23810011193467,1.11933478101359
"ENSG00000147684",1.43527583193269,1.25947884289547,1.19778338064391
"ENSG00000147687",1.24246349384735,1.38512246943967,1
"ENSG00000147789",1.56796937056336,1.27155015835927,1.34118834633473
"ENSG00000147813",1.11938111963558,1.15719709497345,1
"ENSG00000147853",1.37931619771805,1.33118814276458,1
"ENSG00000147854",1.36676193419825,1.3209953943073,1
"ENSG00000147872",1.07451404224849,1.15557660750596,1
"ENSG00000147874",1.39969457691437,1.36999528099738,1
"ENSG00000147883",1.53989517530059,1.0771752241994,1.13837671335519
"ENSG00000147894",1.05260572125076,1.24058758468104,1
"ENSG00000147905",1.17972470971076,1.25926860568693,1
"ENSG00000147955",1.39526432270676,1.13773070642807,1.0545655431366
"ENSG00000147996",1.35762640114316,1.1225706841944,1
"ENSG00000148019",1.32358348152025,1.32164206744046,1
"ENSG00000148057",1.22058356970037,1.27099301759139,1
"ENSG00000148090",1.47285500677684,1.23012930403404,1.22395424736197
"ENSG00000148110",1.16030427393007,1.28402641725036,1
"ENSG00000148120",1.16646406119967,1.11777217605115,1
"ENSG00000148153",1.2695943399102,1.13000274256394,1
"ENSG00000148154",1.29205685269553,1.0436858313126,1
"ENSG00000148158",1.05889607909023,1.07523411107074,1
"ENSG00000148175",1.24806327353442,1.17419516032928,1
"ENSG00000148180",1.40196644488669,1.34714958815723,1
"ENSG00000148187",1.50668919841844,1.33631380220112,1.1844853025442
"ENSG00000148200",1.9353764113995,1.56771769755955,1.4875770559209
"ENSG00000148218",1.2401313058489,1.0773943551445,1
"ENSG00000148219",1.56249636438447,1.24340130121747,1.12436506998856
"ENSG00000148229",1.37994907136497,1.23899545839351,1.12111604412093
"ENSG00000148248",1.04365333344798,1.14514288559269,1
"ENSG00000148288",1.19133384581489,1.20768191118995,1
"ENSG00000148290",1.15276471581827,1.12017913813989,1
"ENSG00000148291",1.63682299077815,1.18859699190815,1.34493930967875
"ENSG00000148296",1.24821727959299,1.04161297878252,1
"ENSG00000148297",1.25411720035707,1.23162858459219,1
"ENSG00000148300",1.42743607953753,1.2601452921708,1.11221364910887
"ENSG00000148303",1.42540459739019,1.23248228012611,1.16670532429804
"ENSG00000148308",1.27987708087385,1.10540799826496,1
"ENSG00000148331",1.17045020320798,1.05550024163617,1
"ENSG00000148334",1.39685055870584,1.27802147352699,1.030197064007
"ENSG00000148335",1.30571135089888,1.24850301507078,1
"ENSG00000148337",1.50836713148099,1.02942245480894,1.19189339030922
"ENSG00000148339",1.29398859108092,1.26888003578676,1
"ENSG00000148341",1.02611760079088,1.06172147835865,1
"ENSG00000148343",1.19371018034944,1.14064280386373,1
"ENSG00000148346",1.41519215547474,1.07135379010255,1
"ENSG00000148356",1.44314596911755,1.24199070859502,1.10741843279874
"ENSG00000148358",1.56526032449028,1.33206482116067,1.29233219153268
"ENSG00000148362",1.33593706087868,1.32220862025142,1
"ENSG00000148384",1.35926359083925,1.2543719902764,1
"ENSG00000148396",1.35037608694605,1.0845919050042,1.04745122809389
"ENSG00000148399",1.37269022017412,1.27317308220492,1
"ENSG00000148400",1.56634156566047,1.35638693670191,1.30733777006809
"ENSG00000148411",1.74748343003899,1.36934525882464,1.49880564030692
"ENSG00000148429",1.34907205909197,1.08839413336509,1
"ENSG00000148444",1.11761341618365,1.28732483060043,1
"ENSG00000148450",1.49334916494233,1.39526253987877,1.17018004769983
"ENSG00000148459",1.19263679413364,1.31657378701615,1
"ENSG00000148481",1.25023668700748,1.17845344411471,1
"ENSG00000148484",1.18967950539884,1.07121907501215,1
"ENSG00000148488",1.58819897937254,1.33034092197098,1.11067031641677
"ENSG00000148498",1.3351305325119,1.16029489481105,1
"ENSG00000148516",1.24344082344766,1.27964125992098,1
"ENSG00000148572",1.56858254291121,1.58341351480325,1.14145015771258
"ENSG00000148606",1.3743083614093,1.21182556284659,1.0437842425782
"ENSG00000148634",1.23658589328316,1.1298249488639,1
"ENSG00000148655",1.17585912149325,1.1248569768026,1
"ENSG00000148660",1.65394196791534,1.48318691568186,1.33973925632307
"ENSG00000148672",1.48344455964468,1.23187215035173,1.26753522767491
"ENSG00000148688",1.49210662306304,1.38360638088479,1.17160652676913
"ENSG00000148690",1.24377155463243,1.29378607783946,1
"ENSG00000148700",1.24838048021775,1.10317034977033,1
"ENSG00000148719",1.3603681402179,1.374239614094,1
"ENSG00000148730",1.20573867142782,1.21841249958321,1
"ENSG00000148737",1.20534240907267,1.09849955087588,1
"ENSG00000148773",1.32912613691517,1.10716519477889,1
"ENSG00000148803",1.32740282653038,1.28522894116533,1
"ENSG00000148814",1.32534555371011,1.20237959545031,1
"ENSG00000148824",1.2887577775289,1.28011262226178,1
"ENSG00000148832",1.04463167794515,1.26311643699733,1
"ENSG00000148834",1.22378587578173,1.14075467374815,1
"ENSG00000148835",1.31855688397962,1.22553194756112,1
"ENSG00000148840",1.17477445019728,1.27401805350142,1
"ENSG00000148841",1.71295052747265,1.58974235818507,1.33715288200618
"ENSG00000148842",1.14777478278639,1.24826898227974,1
"ENSG00000148843",1.33009309147032,1.23201800925053,1
"ENSG00000148908",1.04045562539454,1.15621303310511,1
"ENSG00000148925",1.51765319159555,1.31365338791767,1.2644240893505
"ENSG00000148926",1.67673682817626,1.46227600329255,1.3523024090533
"ENSG00000148943",1.26089399520223,1.22480343833388,1
"ENSG00000148950",1.33222008735997,1.39278191856119,1
"ENSG00000148985",1.50963538367993,1.28867223789075,1.1746355580918
"ENSG00000149016",1.70977616396717,1.19508016165651,1.32477153873188
"ENSG00000149084",1.11077946754539,1.15109177432289,1
"ENSG00000149089",1.30296976424593,1.24922109828537,1
"ENSG00000149091",1.52394329607421,1.12136134450821,1.29520238476058
"ENSG00000149100",1.36529955780882,1.30209613049841,1
"ENSG00000149115",1.45224937719402,1.10725310866476,1
"ENSG00000149136",1.34598008957158,1.23002527892907,1
"ENSG00000149150",1.21384528635518,1.1239684316435,1
"ENSG00000149177",1.54418219793185,1.44845102162001,1.20512723804519
"ENSG00000149179",1.37565688725213,1.24747453600311,1
"ENSG00000149182",1.04160502184062,1.15183925035281,1
"ENSG00000149187",1.65113495755943,1.23580640615587,1.46227055439341
"ENSG00000149196",1.34815989150451,1.31669191118851,1
"ENSG00000149212",1.3259735176285,1.13982472209782,1.00959959460927
"ENSG00000149218",1.18442055801027,1.13110676660375,1
"ENSG00000149231",1.11238600437532,1.18086580547771,1
"ENSG00000149257",1.30287192051155,1.1981355472284,1
"ENSG00000149260",1.09793917067409,1.12469291413049,1
"ENSG00000149262",1.29386215473122,1.1992847080729,1
"ENSG00000149269",1.79563804476564,1.56356514188204,1.41755115215905
"ENSG00000149273",1.35010350288321,1.28941543227825,1
"ENSG00000149289",1.47720750291747,1.12388941926754,1.05568150123598
"ENSG00000149292",1.34077266203614,1.19540447746292,1
"ENSG00000149294",1.33121223457085,1.18805237871035,1
"ENSG00000149308",1.40741573945015,1.19849676328302,1.13342176240681
"ENSG00000149311",1.359782813342,1.20927056515186,1
"ENSG00000149313",1.38215912460687,1.20938602026305,1.11696040390126
"ENSG00000149346",1.36451792002396,1.09387928723135,1
"ENSG00000149357",1.28280874131365,1.27262802691667,1
"ENSG00000149418",1.20888981396045,1.11276062560822,1
"ENSG00000149428",1.17213136336869,1.10414590092925,1
"ENSG00000149474",1.48367094603608,1.31169923668861,1.18698980683655
"ENSG00000149476",1.27621681129928,1.16608347432324,1
"ENSG00000149480",1.15971980845274,1.14578032248065,1
"ENSG00000149483",1.34535428236723,1.21344231716503,1
"ENSG00000149485",1.55310965845826,1.28361040754923,1.28377509697469
"ENSG00000149499",1.06227295791074,1.09839783356232,1
"ENSG00000149503",1.32113870816282,1.02138465519887,1
"ENSG00000149531",1.42865339338845,1.16298058279431,1
"ENSG00000149532",1.72339649561968,1.26945679128697,1.50427028198407
"ENSG00000149541",1.2921528847323,1.11500907587104,1
"ENSG00000149547",1.35929532655988,1.35562115461834,1
"ENSG00000149548",1.15650515055608,1.04135648987431,1
"ENSG00000149564",1.57400008372506,1.2283854235625,1.19784233669381
"ENSG00000149573",1.54877857863576,1.30897058042174,1.25360163836561
"ENSG00000149577",1.31313462882923,1.01384370050551,1
"ENSG00000149582",1.81076462453005,1.24892868850219,1.44124667849244
"ENSG00000149591",1.36200943220802,1.06508154990785,1
"ENSG00000149600",1.7207019100451,1.33996275841462,1.42850606568186
"ENSG00000149636",1.37789325115619,1.16004406129945,1
"ENSG00000149639",1.34039089128751,1.19803524090388,1
"ENSG00000149657",1.20426549765812,1.21967897792097,1
"ENSG00000149658",1.24997820669918,1.08197214671546,1
"ENSG00000149716",1.20824766836279,1.11142245721675,1
"ENSG00000149743",1.0415721699179,1.09654300304716,1
"ENSG00000149761",1.17087285334182,1.05195144216374,1
"ENSG00000149781",1.36385212898979,1.23616291312629,1
"ENSG00000149782",1.35721712818051,1.10980192514498,1
"ENSG00000149792",1.29433297373886,1.14082929806992,1
"ENSG00000149798",1.43803335066186,1.4524992283391,1
"ENSG00000149806",1.16691122342141,1.19385189924837,1
"ENSG00000149809",1.49349284539414,1.19787410452621,1.13685029082672
"ENSG00000149823",1.33524642421025,1.20249369366498,1.05462883131006
"ENSG00000149923",1.55144886669971,1.43371345583972,1.24470503988598
"ENSG00000149925",1.17756963495132,1.21417676716015,1
"ENSG00000149929",1.56455064018108,1.13082047766684,1.21538008384182
"ENSG00000149930",1.27573739156547,1.20962266948381,1
"ENSG00000149932",1.08348060900314,1.06885125721548,1
"ENSG00000149970",1.41661241958871,1.24454409681683,1
"ENSG00000150048",1.17727027892304,1.36286474518327,1
"ENSG00000150054",1.79131634904444,1.23816047277269,1.60569478673244
"ENSG00000150076",1.20419073600376,1.39569930130325,1
"ENSG00000150093",1.25375755097464,1.17379008052284,1
"ENSG00000150316",1.16028469986892,1.20472317721874,1
"ENSG00000150337",1.43447522071,1.16671094704222,1
"ENSG00000150347",1.42839288024735,1.25892080939436,1.15114011936396
"ENSG00000150401",1.12826087933695,1.08341085534153,1
"ENSG00000150403",1.50496900677178,1.44466042406563,1.17697578415329
"ENSG00000150433",1.0997151944575,1.26583346469022,1
"ENSG00000150455",1.21689783928882,1.16878327823633,1
"ENSG00000150457",1.31901066478895,1.33153300011863,1
"ENSG00000150459",1.30229144820029,1.1544264256122,1
"ENSG00000150477",1.355613333917,1.27545469572742,1
"ENSG00000150527",1.20971419867445,1.18504176157526,1
"ENSG00000150593",1.41305969530309,1.08329522881031,1.19722950748269
"ENSG00000150637",1.09824577253,1.26813323758042,1
"ENSG00000150681",1.28622539344488,1.16719768888317,1
"ENSG00000150687",1.35231614876443,1.3120909505701,1
"ENSG00000150712",1.68866612356407,1.2001026666597,1.49720781368698
"ENSG00000150753",1.13467782628149,1.05863632272366,1
"ENSG00000150756",1.23151863770934,1.22110345054085,1
"ENSG00000150764",1.38944413117631,1.15534420051385,1
"ENSG00000150768",1.57585140208224,1.336931233195,1.28854684612522
"ENSG00000150776",1.29592199250894,1.28609269559825,1
"ENSG00000150779",1.03977666533458,1.28914340536425,1
"ENSG00000150782",1.15728994336543,1.05080324978756,1
"ENSG00000150787",1.20387468307962,1.04406880016179,1
"ENSG00000150867",1.13313705241002,1.06614460717781,1
"ENSG00000150907",1.1139713101404,1.09292300198269,1
"ENSG00000150938",1.2029379457664,1.20942981807331,1
"ENSG00000150961",1.70784233885416,1.32554261259552,1.47487379686751
"ENSG00000150977",1.27489275173372,1.38098642774368,1
"ENSG00000150990",1.20284405463241,1.22786552916452,1
"ENSG00000150991",1.28678193106675,1.26810408191429,1
"ENSG00000150995",1.02921314055798,1.11052793357484,1
"ENSG00000151012",1.42617564887394,1.43366518881754,1
"ENSG00000151023",1.33940534816106,1.19226946334821,1
"ENSG00000151062",1.49850515734703,1.17472351715018,1.17999057921332
"ENSG00000151065",1.46470354430845,1.28232757074731,1.08618966779198
"ENSG00000151092",1.07285373547921,1.13058751402206,1
"ENSG00000151093",1.38973793244945,1.45193424166993,1
"ENSG00000151116",1.19029089131313,1.10616075678582,1
"ENSG00000151117",1.21894570974917,1.16985569193598,1
"ENSG00000151131",1.24420082381674,1.37220469985182,1
"ENSG00000151135",1.42066815850863,1.33619273522395,1
"ENSG00000151136",1.24507514187721,1.03330583082265,1
"ENSG00000151148",1.31656257233012,1.16685715605917,1
"ENSG00000151150",1.44118698870109,1.12688291288405,1.18885431081872
"ENSG00000151151",1.6851093243061,1.40141110098719,1.42367070904
"ENSG00000151176",1.08490045206474,1.06355179009925,1
"ENSG00000151208",1.05707200082959,1.1715280045449,1
"ENSG00000151229",1.52370851043087,1.34666350090372,1.24809353368255
"ENSG00000151233",1.20294847345388,1.11794645528484,1
"ENSG00000151239",1.14781859858378,1.04268928779266,1
"ENSG00000151240",1.13107036779781,1.16729921514358,1
"ENSG00000151247",1.26188571913008,1.23101308694753,1
"ENSG00000151287",1.14606540984942,1.29004717733317,1
"ENSG00000151292",1.11606514628584,1.23552463600199,1
"ENSG00000151304",1.39190531013008,1.39016536344745,1
"ENSG00000151320",1.20873255720942,1.09895982544883,1
"ENSG00000151327",1.35840212738895,1.27545037521471,1
"ENSG00000151332",1.4946197951215,1.28058352052329,1.16151438260059
"ENSG00000151348",1.22968038767791,1.20030653515161,1
"ENSG00000151353",1.48710644858605,1.36584812905337,1.18028120929621
"ENSG00000151366",1.36869837698283,1.23104872785151,1
"ENSG00000151413",1.46544083535867,1.39278830260042,1
"ENSG00000151414",1.24193211684377,1.27948420466416,1
"ENSG00000151422",1.62407158421183,1.31126618980914,1.39490794290599
"ENSG00000151445",1.1980378933913,1.25472085056783,1
"ENSG00000151458",1.06318815715272,1.08650183415946,1
"ENSG00000151461",1.13832292629275,1.29266913975349,1
"ENSG00000151465",1.60779034049992,1.38723387852814,1.36005818802209
"ENSG00000151466",1.19310241963058,1.22307471936039,1
"ENSG00000151470",1.05946372753044,1.10114217932064,1
"ENSG00000151490",1.30651534139755,1.25554670860272,1
"ENSG00000151498",1.11620715099817,1.06351875427403,1
"ENSG00000151500",1.49087669232575,1.29356376938132,1.22299149779815
"ENSG00000151502",1.07286777223304,1.11492052001257,1
"ENSG00000151503",1.31955094842211,1.22185940678798,1
"ENSG00000151532",1.37076494121077,1.25908892501079,1.10980947320375
"ENSG00000151552",1.71791346749829,1.24051577689387,1.41060973298508
"ENSG00000151553",1.3905256913544,1.38438743953671,1
"ENSG00000151576",1.12008673832954,1.05492500003672,1
"ENSG00000151611",1.50694639521848,1.37825508458653,1.14161268407733
"ENSG00000151612",1.20853065405185,1.34360550897209,1
"ENSG00000151623",1.49488815588431,1.24995821890275,1.18174673918215
"ENSG00000151650",1.21105456732388,1.11345476948363,1
"ENSG00000151651",1.59973102243021,1.42131993928641,1.30260774399582
"ENSG00000151657",1.28965643845682,1.16039113287329,1
"ENSG00000151665",1.17315785847568,1.23815298215181,1
"ENSG00000151687",1.36272197488708,1.3257892519991,1
"ENSG00000151689",1.4854714817482,1.05001238264534,1.15884825709818
"ENSG00000151690",1.33160935799736,1.30429593880173,1
"ENSG00000151692",1.23169448533114,1.11576176815812,1
"ENSG00000151693",1.27857723937196,1.13270398389076,1
"ENSG00000151694",1.97191771634971,1.33010363890762,1.7563162805934
"ENSG00000151702",1.33481655908009,1.40224157426173,1
"ENSG00000151715",1.39115930510362,1.30915146632491,1
"ENSG00000151718",1.39564005190664,1.29935684021212,1
"ENSG00000151726",1.48566423658514,1.63281662565812,1
"ENSG00000151729",1.36870368773404,1.27033592485225,1
"ENSG00000151743",1.34333465909771,1.30622127754016,1
"ENSG00000151746",1.44525048606016,1.2619818275279,1
"ENSG00000151748",1.14625205607059,1.23297000862598,1
"ENSG00000151779",1.1979057386241,1.27583615635605,1
"ENSG00000151806",1.40567384992898,1.33082870843655,1.06741893254016
"ENSG00000151835",1.24955670380425,1.26635985802128,1
"ENSG00000151846",1.12459616550868,1.21004951837024,1
"ENSG00000151849",1.29417340408578,1.25848356286269,1
"ENSG00000151876",1.23817271333984,1.35743007389061,1
"ENSG00000151881",1.47582108406231,1.35954535987557,1.07626565533362
"ENSG00000151882",1.56724348362736,1.2865534478682,1.17419412375375
"ENSG00000151883",1.2265367410825,1.34404910843587,1
"ENSG00000151893",1.4436998397262,1.57100711855432,1
"ENSG00000151914",1.47092818677255,1.21665115448913,1.25257156612013
"ENSG00000151923",1.22293360883736,1.22820287676035,1
"ENSG00000151929",1.38387313975243,1.25432038493826,1
"ENSG00000151948",1.85269450662412,1.61250223953795,1.45186600133279
"ENSG00000152022",1.26754841387847,1.11887102404635,1
"ENSG00000152056",1.30280698264204,1.07477270787415,1
"ENSG00000152061",1.42792370632608,1.17772135265767,1.22337722410747
"ENSG00000152078",1.11177457825738,1.15799818163809,1
"ENSG00000152082",1.18648045406087,1.28931410443326,1
"ENSG00000152102",1.07101520620517,1.06926226438759,1
"ENSG00000152117",1.32822577000767,1.20894197337749,1
"ENSG00000152127",1.18700044858823,1.05746002107912,1
"ENSG00000152133",1.03744377008614,1.32066482420146,1
"ENSG00000152147",1.31034930785046,1.35472783950584,1
"ENSG00000152193",1.37820078676307,1.3203028038425,1
"ENSG00000152207",1.83807652881984,1.07162888334468,1.62027447405975
"ENSG00000152213",1.50990362340453,1.49132439201941,1.13267565212936
"ENSG00000152217",1.11606018943796,1.2593177466171,1
"ENSG00000152219",1.3032223393032,1.29476714377771,1
"ENSG00000152223",1.32489371744915,1.11246851200794,1
"ENSG00000152229",1.38809081976145,1.16045272777747,1.10273165164815
"ENSG00000152234",1.37678931835289,1.2455985006982,1.12806764824637
"ENSG00000152240",1.2576306932048,1.41164669498829,1
"ENSG00000152242",1.67555866337195,1.35152144913957,1.46627282636153
"ENSG00000152270",1.3358400237132,1.22360258955179,1.03759301073087
"ENSG00000152291",1.34660422997706,1.24371447888134,1
"ENSG00000152332",1.33929211079779,1.2464714430865,1.0275793913096
"ENSG00000152348",1.03738326506267,1.23415700217859,1
"ENSG00000152359",1.31516912865852,1.24656345522261,1
"ENSG00000152380",1.31408209144223,1.25172343536236,1
"ENSG00000152382",1.5354281338272,1.34965219554269,1.20054813453731
"ENSG00000152404",1.40282274012471,1.24179393844591,1.14059300561105
"ENSG00000152409",1.67667774701382,1.37624706330992,1.38166878342213
"ENSG00000152413",1.6819460282358,1.36492671427801,1.23889441365443
"ENSG00000152422",1.21929017788377,1.12008962232937,1
"ENSG00000152433",1.01455520543935,1.1907867605488,1
"ENSG00000152439",1.3583380487743,1.18595149790586,1
"ENSG00000152443",1.35749380575802,1.24792077395976,1.07042988964325
"ENSG00000152454",1.37648704064481,1.29069883069431,1
"ENSG00000152455",1.47890156661587,1.40023217638926,1
"ENSG00000152457",1.03797503912865,1.14208455148503,1
"ENSG00000152464",1.32540977097657,1.27174020104421,1
"ENSG00000152465",1.01126113052174,1.27991659715606,1
"ENSG00000152484",1.3162363750565,1.15695720392328,1
"ENSG00000152492",1.16553839924247,1.18614128694623,1
"ENSG00000152495",1.38213675176529,1.27142964840133,1
"ENSG00000152520",1.35359918901217,1.28690442942745,1.04474487267038
"ENSG00000152556",1.56344414680218,1.27230611757724,1.27823949945049
"ENSG00000152558",1.31567056193863,1.11270648154325,1
"ENSG00000152582",1.50023831942025,1.28763460485607,1.16122675061918
"ENSG00000152601",1.33386644085049,1.1502916252068,1
"ENSG00000152620",1.3627298535946,1.29523002373874,1
"ENSG00000152642",1.25398007240405,1.26279566751776,1
"ENSG00000152683",1.37207696310415,1.23509662767554,1.0980619538478
"ENSG00000152684",1.34305802274948,1.34539151568661,1
"ENSG00000152700",1.28500749600934,1.2794918949317,1
"ENSG00000152749",1.27821760944668,1.29346278713232,1
"ENSG00000152778",1.20589009892125,1.15337855718504,1
"ENSG00000152784",1.23495909200938,1.29923749820822,1
"ENSG00000152795",1.3850850304062,1.28912826269252,1.05395958936837
"ENSG00000152818",1.185714588749,1.10533416127893,1
"ENSG00000152894",1.0918529464193,1.1880302667289,1
"ENSG00000152904",1.05645494346585,1.18863428537773,1
"ENSG00000152926",1.31280306085262,1.26158608947094,1
"ENSG00000152942",1.40870990761447,1.31103571190819,1
"ENSG00000152944",1.12047585694968,1.2070607884284,1
"ENSG00000152969",1.05224949180187,1.18427808959911,1
"ENSG00000152990",1.49637842390605,1.10694636936819,1
"ENSG00000153006",1.37990897036011,1.25474174533672,1.08756786154693
"ENSG00000153015",1.45351788504957,1.29200075674766,1.11617777423465
"ENSG00000153029",1.2419320584326,1.13458969620879,1
"ENSG00000153037",1.09746259620066,1.14738736428851,1
"ENSG00000153044",1.22650120903586,1.39379184354223,1
"ENSG00000153046",1.22149280892695,1.18013486519654,1
"ENSG00000153048",1.29724894041895,1.27354858840662,1
"ENSG00000153066",1.09540557841983,1.14653581814957,1
"ENSG00000153071",1.19217622403398,1.0998713650645,1
"ENSG00000153094",1.09714688541407,1.2255308499912,1
"ENSG00000153107",1.36991011963649,1.28220618032534,1
"ENSG00000153113",1.23967108265417,1.07397906415903,1
"ENSG00000153130",1.22436600929517,1.29823387497887,1
"ENSG00000153140",1.42478995346905,1.39492893494544,1
"ENSG00000153147",1.322032307695,1.1913922945847,1
"ENSG00000153162",1.72832313475124,1.28548405560939,1.39769596672208
"ENSG00000153179",1.48969583842968,1.38824815112301,1.17695575465211
"ENSG00000153187",1.15740867320084,1.15048874186285,1
"ENSG00000153201",1.3374651467999,1.09707945350333,1.08208278087661
"ENSG00000153207",1.07346316284303,1.40109668532894,1
"ENSG00000153208",1.32165551537705,1.12234547619568,1
"ENSG00000153214",1.28582322322689,1.24199088991271,1
"ENSG00000153250",1.19701119511408,1.29889867864576,1
"ENSG00000153253",1.22213948613505,1.06367944813543,1
"ENSG00000153310",1.52275398417076,1.43967116269197,1.18033490535074
"ENSG00000153317",1.53184591326629,1.24142407930333,1.31477201315127
"ENSG00000153339",1.27477197126142,1.28841598464674,1
"ENSG00000153391",1.19989193174699,1.15693824293423,1
"ENSG00000153395",1.05518005212843,1.24346023839418,1
"ENSG00000153406",1.23269688901607,1.10156857386657,1
"ENSG00000153443",1.34494971312223,1.29381678485447,1
"ENSG00000153485",1.35133761994114,1.13256570763559,1
"ENSG00000153487",1.18069767726874,1.22299367546823,1
"ENSG00000153551",1.19256332367504,1.19889486054856,1
"ENSG00000153560",1.24043173681347,1.26864063860294,1
"ENSG00000153561",1.15128751768209,1.30322118001729,1
"ENSG00000153574",1.22456600513628,1.1221997899335,1
"ENSG00000153575",1.46987454679915,1.31598353114669,1.15625751855807
"ENSG00000153767",1.2336461841414,1.1017066975186,1
"ENSG00000153774",1.03830974344098,1.22731063202906,1
"ENSG00000153786",1.35223182121996,1.31602373514671,1
"ENSG00000153790",1.48400581712907,1.32960261114046,1
"ENSG00000153814",1.27198436707393,1.11495870135005,1
"ENSG00000153815",1.517114814677,1.2544885481139,1.23680276082819
"ENSG00000153823",1.50048918134268,1.16541452961832,1.17800353566815
"ENSG00000153827",1.22153111543262,1.17574000372414,1
"ENSG00000153879",1.36892313459311,1.2676409866131,1.03631871473458
"ENSG00000153885",1.16766982252198,1.14666523216006,1
"ENSG00000153896",1.59603708048369,1.35461688280509,1.16030993688432
"ENSG00000153898",1.07745491105894,1.27365761607574,1
"ENSG00000153914",1.28294286384159,1.16999787709161,1
"ENSG00000153922",1.12234256653586,1.16283987584314,1
"ENSG00000153933",1.57276708979817,1.36482061911237,1.26254244879682
"ENSG00000153936",1.46000944805747,1.12835786345752,1.22613604850472
"ENSG00000153944",1.06451208364308,1.2177170290581,1
"ENSG00000153975",1.11345557952891,1.34746778360078,1
"ENSG00000153982",1.19374633730342,1.37862612544645,1
"ENSG00000153989",1.35441931541903,1.30849097694037,1
"ENSG00000154001",1.21237177365343,1.25593634199648,1
"ENSG00000154016",1.14624790133046,1.18952981804182,1
"ENSG00000154027",1.32367867982926,1.20082116995247,1
"ENSG00000154035",1.37341308243415,1.27557710920185,1
"ENSG00000154059",1.28741236062142,1.24470392561466,1
"ENSG00000154079",1.44430066364198,1.3234353076811,1
"ENSG00000154102",1.42515905807852,1.13333975788814,1
"ENSG00000154114",1.10923200348413,1.20671170379322,1
"ENSG00000154122",1.22619132047536,1.01439144467956,1
"ENSG00000154124",1.21944850278809,1.0689481428584,1
"ENSG00000154127",1.50723782588545,1.21289506496867,1.30146723052085
"ENSG00000154144",1.04201178439928,1.14726309391285,1
"ENSG00000154146",1.50394125146201,1.1823281305552,1
"ENSG00000154153",1.64630183178374,1.21615599158618,1.39502338273855
"ENSG00000154165",1.36554212779261,1.22190068587499,1
"ENSG00000154174",1.47812649430813,1.29262837972171,1.22360539992255
"ENSG00000154188",1.22594525936745,1.27894326411271,1
"ENSG00000154217",1.36751944809487,1.11795129309145,1.12061404213609
"ENSG00000154222",1.08502180637145,1.05991053235815,1
"ENSG00000154229",1.25512023498457,1.19669723462712,1
"ENSG00000154237",1.30499619177205,1.28922235708409,1
"ENSG00000154263",1.56826787457193,1.26384045677507,1.11656330296859
"ENSG00000154265",1.37061957967014,1.17063774640823,1.07224305970217
"ENSG00000154305",1.12311313940136,1.14127897207806,1
"ENSG00000154309",1.5711179937455,1.28048568604109,1.20575369596518
"ENSG00000154310",1.07855585424795,1.24511434419139,1
"ENSG00000154328",1.41806048021859,1.15090449477509,1.08379998159296
"ENSG00000154358",1.03553504482619,1.13764470752969,1
"ENSG00000154359",1.22254668188419,1.36618020429187,1
"ENSG00000154370",1.37027441611181,1.12648001312121,1.10603191302843
"ENSG00000154429",1.27359868588264,1.24941056091863,1
"ENSG00000154447",1.60729238191495,1.23835072424913,1.16843863865471
"ENSG00000154451",1.15692631262838,1.08826549526623,1
"ENSG00000154473",1.40530832340772,1.32550407134281,1
"ENSG00000154511",1.50560261413492,1.28009144820576,1.15279728610865
"ENSG00000154518",1.33982739224022,1.28906907801314,1
"ENSG00000154582",1.23449504341259,1.21706999494418,1
"ENSG00000154589",1.43887996225655,1.17316257072373,1.15365670708807
"ENSG00000154640",1.23672218809525,1.27969202782086,1
"ENSG00000154642",1.19001146563884,1.14847452563421,1
"ENSG00000154655",1.49653774234003,1.24440711060726,1.09185792731467
"ENSG00000154719",1.36207273589546,1.41981773169619,1
"ENSG00000154723",1.13959019606448,1.27457019062992,1
"ENSG00000154727",1.31057454727897,1.09548472468305,1
"ENSG00000154734",1.41330265898418,1.17060389316892,1
"ENSG00000154736",1.33526156198417,1.10104413834124,1
"ENSG00000154743",1.52725776296063,1.35050143662926,1.19171723299158
"ENSG00000154760",1.27436969622765,1.27783649204926,1
"ENSG00000154767",1.40059257546613,1.26411323401799,1.15889985181728
"ENSG00000154781",1.30176697775518,1.25478867327234,1
"ENSG00000154803",1.70933404852562,1.27190291894977,1.48831854481494
"ENSG00000154813",1.13341341623521,1.13851541329344,1
"ENSG00000154814",1.34557077011556,1.20087101684295,1
"ENSG00000154822",1.07769899885762,1.17299002737436,1
"ENSG00000154832",1.2185512574879,1.10233014582108,1
"ENSG00000154845",1.90102426726182,1.63167631273886,1.49002295956345
"ENSG00000154874",1.43525668378168,1.10617294445377,1.17706635285417
"ENSG00000154889",1.62942510284291,1.45091468676625,1.3435525157635
"ENSG00000154898",1.23082992922287,1.07366540064215,1
"ENSG00000154928",1.83699842445853,1.50064075779241,1.5303984963068
"ENSG00000154930",1.2256438427448,1.19228413783635,1
"ENSG00000154945",1.22616962658321,1.3404427637338,1
"ENSG00000154957",1.1708950547277,1.35374696131229,1
"ENSG00000154978",1.46541408867421,1.0867783961508,1.25126423676341
"ENSG00000155008",1.48965508527864,1.38888649705862,1
"ENSG00000155016",1.58047771117176,1.32562649275615,1.28219569813528
"ENSG00000155034",1.1602471621986,1.1413986676805,1
"ENSG00000155085",1.17802239905622,1.13923523762752,1
"ENSG00000155090",1.32385247699433,1.27306629887604,1
"ENSG00000155093",1.23164594252735,1.33631902714389,1
"ENSG00000155096",1.08680742432975,1.21135927902002,1
"ENSG00000155097",1.25234741516524,1.20530155038529,1
"ENSG00000155099",1.89170912439867,1.59068205587488,1.53052591447609
"ENSG00000155100",1.2272269951507,1.25474527604125,1
"ENSG00000155111",1.73092068070744,1.52546847997496,1.41801449199721
"ENSG00000155115",1.29114770804057,1.26249478571521,1
"ENSG00000155130",1.499360964303,1.31153061013587,1.23581435473112
"ENSG00000155158",1.46033670502905,1.30867956384157,1.18477690937195
"ENSG00000155189",1.28370021255949,1.29720124753504,1
"ENSG00000155229",1.23758091148517,1.22251054588482,1
"ENSG00000155252",1.30206471832016,1.0861397289738,1
"ENSG00000155256",1.37628007066259,1.30949029875893,1.05923839949662
"ENSG00000155265",1.46895961082163,1.25255122407885,1
"ENSG00000155275",1.38550543691444,1.26577328633769,1
"ENSG00000155287",1.17919386857275,1.08135353727953,1
"ENSG00000155304",1.22378874364617,1.18300732600452,1
"ENSG00000155313",1.27100796578642,1.21926412889051,1
"ENSG00000155324",1.40411842264303,1.29685796073403,1
"ENSG00000155329",1.18800195319613,1.3089134039761,1
"ENSG00000155330",1.46555642566341,1.32935598037978,1.0746283375091
"ENSG00000155363",1.31779676105381,1.12777579998066,1
"ENSG00000155366",1.34378417875594,1.29275955580394,1
"ENSG00000155368",1.2342899300609,1.26665243111131,1
"ENSG00000155380",1.49024404951676,1.21747425848706,1.23259337297339
"ENSG00000155393",1.32077018673102,1.20953001093282,1
"ENSG00000155438",1.62425335097797,1.38360172572199,1.3254969356238
"ENSG00000155463",1.38505076391712,1.12636609834519,1.1491180584637
"ENSG00000155465",1.05051373138208,1.14802026722044,1
"ENSG00000155506",1.12823303941844,1.14932362243058,1
"ENSG00000155508",1.2333232732545,1.18813598401126,1
"ENSG00000155542",1.11621702472886,1.09035291348148,1
"ENSG00000155545",1.36203164893665,1.29963620682533,1
"ENSG00000155561",1.40824360842588,1.32205427835078,1.09369364688038
"ENSG00000155592",1.40001685263928,1.28744575913071,1
"ENSG00000155621",1.37494618129049,1.26916008800849,1
"ENSG00000155629",1.16377488883024,1.3126040880061,1
"ENSG00000155636",1.43875026956316,1.36548332713545,1.06563464761827
"ENSG00000155640",1.592080357477,1.39876570408514,1.35291675046296
"ENSG00000155657",1.07536448209508,1.12778570126048,1
"ENSG00000155660",1.19211005645933,1.1190151609393,1
"ENSG00000155666",1.30235086301037,1.25083305909938,1
"ENSG00000155729",1.32694175354644,1.10744584054468,1
"ENSG00000155744",2.23195414325114,1.51041553062776,1.91591078673709
"ENSG00000155749",1.29355316723579,1.02577190883265,1
"ENSG00000155755",1.99418549508357,1.26142472422389,1.61135164242869
"ENSG00000155827",1.11187933886222,1.16772587181196,1
"ENSG00000155846",1.02332060593411,1.22328651597259,1
"ENSG00000155849",1.38520202636547,1.31134391000124,1.13340772597321
"ENSG00000155850",1.45812222927935,1.32474479459288,1.17380351696721
"ENSG00000155858",1.53993316983368,1.32208736466415,1.24929349720007
"ENSG00000155868",1.09512790652302,1.17435166548273,1
"ENSG00000155876",1.30343751032919,1.12948678771863,1
"ENSG00000155893",1.19044547909877,1.06351762287996,1
"ENSG00000155903",1.2888193821236,1.14313779549681,1
"ENSG00000155906",1.43106929126586,1.30425342888322,1
"ENSG00000155926",1.23448515563693,1.4933511953146,1
"ENSG00000155957",1.29945329637133,1.2367496920257,1
"ENSG00000155959",1.16251226692744,1.15402347353156,1
"ENSG00000155961",1.12813347241559,1.02754658997925,1
"ENSG00000155966",1.35936499360137,1.31971104321973,1
"ENSG00000155970",1.47169921065169,1.19675402477662,1
"ENSG00000155975",1.31084386168839,1.17819996379055,1
"ENSG00000155984",1.45027599711325,1.04021029779057,1
"ENSG00000156011",1.18389727200511,1.1591831328544,1
"ENSG00000156017",1.43285871000977,1.34547925907522,1.10367543724486
"ENSG00000156026",1.54703143637361,1.3646023626607,1.27201554207909
"ENSG00000156030",1.28426342438233,1.17649214761176,1
"ENSG00000156042",1.45762549349616,1.2419963446536,1
"ENSG00000156050",1.40685948489534,1.09089238844625,1
"ENSG00000156052",1.6175257142017,1.44517201020055,1.32377060587649
"ENSG00000156110",1.49466941341161,1.14869715756706,1.25465103955388
"ENSG00000156127",1.26709942106274,1.27863384910545,1
"ENSG00000156136",1.42188791211565,1.27169753589169,1.18582829151482
"ENSG00000156162",1.67043666464418,1.31745575547158,1.41086078996527
"ENSG00000156170",1.15790682482001,1.31753909698291,1
"ENSG00000156171",1.26509198548177,1.24276855078391,1
"ENSG00000156232",1.33434014882616,1.28861814093193,1
"ENSG00000156239",1.40872914955696,1.31319929328237,1
"ENSG00000156256",1.27273662739929,1.2543295594461,1
"ENSG00000156261",1.3278075031839,1.23975023027999,1
"ENSG00000156265",1.32101569747683,1.12954072563969,1
"ENSG00000156273",1.43210104100782,1.49926237041405,1
"ENSG00000156299",1.12947156214111,1.18825757369272,1
"ENSG00000156304",1.0446177452825,1.19314435428209,1
"ENSG00000156313",1.94095079206858,1.4585261077257,1.65806466379961
"ENSG00000156374",1.35276348698428,1.41445947647832,1
"ENSG00000156381",1.3395659365397,1.06434646464676,1
"ENSG00000156384",1.06132023854514,1.27558984526484,1
"ENSG00000156398",1.34499785314223,1.2495219774958,1
"ENSG00000156411",1.10297791013541,1.23661065090459,1
"ENSG00000156414",1.51900385913715,1.22065924370432,1.15404355409973
"ENSG00000156467",1.13974307902504,1.27830554029097,1
"ENSG00000156469",1.43308918424062,1.43910810899576,1
"ENSG00000156471",1.44315057131977,1.20534676191509,1.2245458976269
"ENSG00000156475",1.54452226806817,1.34278411396434,1.17925069973967
"ENSG00000156482",1.27409094213217,1.2763057284905,1
"ENSG00000156500",1.24947898053382,1.15180999884514,1
"ENSG00000156502",1.69787130517064,1.29310425456393,1.45593320355852
"ENSG00000156504",1.20793325579153,1.30444604072537,1
"ENSG00000156508",1.35091801909062,1.26554625985235,1
"ENSG00000156510",1.42576439820992,1.18977406614108,1
"ENSG00000156515",1.15479853464322,1.05483839202311,1
"ENSG00000156521",1.1708674752592,1.21194737453675,1
"ENSG00000156531",1.34379237267167,1.2696825658933,1
"ENSG00000156587",1.26547374664002,1.20701195153838,1
"ENSG00000156599",1.49140505404419,1.34419667923098,1.24128928397856
"ENSG00000156603",1.42369771854618,1.15735739370526,1
"ENSG00000156639",1.50678755230051,1.41172685729722,1.19019833219641
"ENSG00000156642",1.61243063187055,1.41114845539393,1.30576992883116
"ENSG00000156650",1.26167050251156,1.24653688404517,1
"ENSG00000156671",1.44803170091348,1.41960338451855,1.11255755793119
"ENSG00000156675",2.11623633158456,1.51969142496558,1.78669229234828
"ENSG00000156697",1.55118637994951,1.28649356642885,1.24180580378446
"ENSG00000156709",1.46217926307992,1.19121994139011,1.1924724777853
"ENSG00000156711",1.56521515150425,1.38774373992662,1.26350328142835
"ENSG00000156735",1.40025720091027,1.13207938671165,1.14498630628887
"ENSG00000156787",1.09176302532022,1.25149850169287,1
"ENSG00000156795",1.00840624472042,1.31994909630448,1
"ENSG00000156802",1.3448284426101,1.29554751557097,1
"ENSG00000156804",1.58491930284465,1.27936496472361,1.30092873111072
"ENSG00000156831",1.10441861873638,1.28150278426063,1
"ENSG00000156853",1.47355932575839,1.20419558919868,1.20371494882272
"ENSG00000156858",1.67147692136903,1.34744637689596,1.40306166547522
"ENSG00000156860",1.58282578240122,1.34790434330652,1.31383174332012
"ENSG00000156869",1.58087065369416,1.22207977752148,1.25250531865314
"ENSG00000156873",1.29339905465273,1.19743337860405,1
"ENSG00000156875",1.32355619921009,1.32550411503856,1
"ENSG00000156876",1.20368956642088,1.19785612345835,1
"ENSG00000156928",1.3488045826037,1.07263177623683,1
"ENSG00000156931",1.56529966990834,1.42191571627804,1.29608951173613
"ENSG00000156958",1.24919490044175,1.25193918884298,1
"ENSG00000156973",1.25550120989225,1.13888536602871,1
"ENSG00000156976",1.34368493826616,1.26076930379341,1
"ENSG00000156983",1.31374060308762,1.13138735639393,1
"ENSG00000156990",1.08542271812004,1.19108823524145,1
"ENSG00000157014",1.19399827629393,1.05806303797785,1
"ENSG00000157017",1.37003754778176,1.47812625210873,1
"ENSG00000157020",1.18626583919956,1.14956976186744,1
"ENSG00000157036",1.22844082030383,1.35152933652756,1
"ENSG00000157045",1.33289283347354,1.17244061814862,1
"ENSG00000157077",1.58248032205074,1.27226846325172,1.24150981523174
"ENSG00000157106",1.32038563821013,1.11144812830559,1.02445455841013
"ENSG00000157107",1.37360191709689,1.26120844794773,1.09732721102879
"ENSG00000157168",1.20665580191337,1.09465371556546,1
"ENSG00000157181",1.29345714811604,1.21104388476085,1
"ENSG00000157184",1.37602719586113,1.18702815118596,1
"ENSG00000157191",1.18652840658902,1.08632783431312,1
"ENSG00000157193",1.48657220006039,1.34167434391041,1.08160046287815
"ENSG00000157212",1.0746794306188,1.09487623020536,1
"ENSG00000157216",1.21066511595687,1.14144940790156,1
"ENSG00000157240",1.24172155617218,1.22924900918247,1
"ENSG00000157259",1.27112509295361,1.25008594956012,1
"ENSG00000157303",1.32905717393127,1.17306022648308,1
"ENSG00000157326",1.40484935899336,1.2741961877702,1
"ENSG00000157349",1.45462111156435,1.25068702993062,1
"ENSG00000157350",1.67349106486999,1.46746548867303,1.34352658715133
"ENSG00000157353",1.28136462116655,1.26082724745344,1
"ENSG00000157379",1.27504846525469,1.12729185227142,1
"ENSG00000157388",1.58107375705367,1.39911201503589,1.0818359699919
"ENSG00000157404",1.26031806570873,1.33952663562857,1
"ENSG00000157426",1.29387231363079,1.27036335861941,1
"ENSG00000157429",1.4141145939423,1.23506830746061,1
"ENSG00000157445",1.15234865792338,1.10334886347446,1
"ENSG00000157450",1.57999881924596,1.28889217744537,1.36749560578368
"ENSG00000157483",1.06416600991051,1.20853878293429,1
"ENSG00000157500",1.46280698483104,1.28672588618318,1.20897691305463
"ENSG00000157514",1.81237606066658,1.39391699641616,1.55874112311177
"ENSG00000157538",1.34740059353341,1.16669843856199,1.06671970510299
"ENSG00000157540",1.54811599857247,1.41404277438652,1.29032048213104
"ENSG00000157551",1.51735246438567,1.51142695646109,1.1079946140027
"ENSG00000157557",1.55276122294969,1.46047981461044,1.20610220509728
"ENSG00000157570",1.27367608949879,1.09589776967686,1
"ENSG00000157593",1.23070983117527,1.24448833278617,1
"ENSG00000157600",1.43991310492895,1.25588956054702,1.1976399385314
"ENSG00000157601",1.05020660943999,1.20292414932822,1
"ENSG00000157617",1.31512074353775,1.29658198222393,1
"ENSG00000157625",1.27079615004053,1.28476745154362,1
"ENSG00000157637",1.26840849318355,1.15251967735569,1
"ENSG00000157693",1.1309310380683,1.14299216483674,1
"ENSG00000157734",1.22533810560696,1.09892076372035,1
"ENSG00000157741",1.27869204184479,1.10049993080613,1
"ENSG00000157778",1.33049576018417,1.2939071685537,1
"ENSG00000157796",1.30561618498148,1.0628698523863,1
"ENSG00000157800",1.41151722367772,1.33918886197749,1.10572562160219
"ENSG00000157823",1.51303487292886,1.18480704032413,1.21447786920699
"ENSG00000157827",1.3621626131347,1.18792928386203,1
"ENSG00000157837",1.30058125263573,1.02075057912021,1
"ENSG00000157869",1.41198295978862,1.19282804694423,1.1464189012151
"ENSG00000157870",1.22177293428365,1.18212776410442,1
"ENSG00000157873",1.28052559252352,1.16300819005654,1
"ENSG00000157881",1.16932282554862,1.21262763866353,1
"ENSG00000157895",1.4985961784588,1.21743718851961,1.17678444598044
"ENSG00000157911",1.51694776287197,1.19565757468665,1.19219600037188
"ENSG00000157916",1.53315921081382,1.28075564130012,1.28897335377708
"ENSG00000157933",1.42680974776287,1.22428079166932,1.15033322290466
"ENSG00000157954",1.22130213581736,1.28009169127091,1
"ENSG00000157978",1.14563581893105,1.14360994568913,1
"ENSG00000157985",1.1460164790761,1.22076307801478,1
"ENSG00000158006",1.03350409954229,1.18711981240456,1
"ENSG00000158019",1.25961848555722,1.16649963284555,1
"ENSG00000158042",1.4391094800473,1.40037590983748,1
"ENSG00000158062",1.0690421107446,1.19854905128422,1
"ENSG00000158079",1.61841006176981,1.38218807168055,1.27136094907294
"ENSG00000158089",1.43298731436883,1.48260892870985,1
"ENSG00000158092",1.34792599291472,1.16424216152649,1.032660406216
"ENSG00000158106",1.14829224609915,1.16022792033154,1
"ENSG00000158109",1.22016981098747,1.38112143303391,1
"ENSG00000158122",1.2351606833536,1.3035128562107,1
"ENSG00000158156",1.81465131966973,1.45861839155794,1.49449722510313
"ENSG00000158158",1.32901557260266,1.0436165841897,1
"ENSG00000158161",1.38312260504628,1.12746535957685,1.15028028920282
"ENSG00000158169",1.33809398965515,1.28794246361866,1
"ENSG00000158195",1.41307900386821,1.16647203795796,1.17328840241077
"ENSG00000158201",1.65358357582501,1.37963869905351,1.40588680198356
"ENSG00000158234",1.47713715672629,1.3567520193423,1
"ENSG00000158290",1.1840284997559,1.2238662991261,1
"ENSG00000158321",1.13712320272282,1.28456287085858,1
"ENSG00000158373",1.39855889652119,1.16455911691023,1.17622373265608
"ENSG00000158406",1.02571076426833,1.13175429294661,1
"ENSG00000158411",1.2068730179448,1.24044549116491,1
"ENSG00000158417",1.3515226840249,1.32147049287187,1
"ENSG00000158427",1.295419082104,1.35067073604079,1
"ENSG00000158435",1.13233890752333,1.21100321347618,1
"ENSG00000158457",1.18387069519135,1.07627854315851,1
"ENSG00000158467",1.04622447838667,1.17212135210824,1
"ENSG00000158470",2.16556586876039,1.57101868802631,1.80206671660686
"ENSG00000158480",1.631954907497,1.30877673750912,1.26511004108546
"ENSG00000158517",1.30434106290389,1.45716207058916,1
"ENSG00000158526",1.30982175633781,1.18456747028177,1
"ENSG00000158528",1.56320614488223,1.06350286585594,1.08583939259953
"ENSG00000158545",1.34418768359452,1.1634994842925,1
"ENSG00000158552",1.25112457876474,1.27797826862169,1
"ENSG00000158555",1.34412252374057,1.06618824537737,1
"ENSG00000158578",1.14913497317909,1.092011589674,1
"ENSG00000158604",1.24467901205646,1.0951516325975,1
"ENSG00000158615",1.51464722226422,1.42848003011007,1.23094381741168
"ENSG00000158623",1.29954929020797,1.09306159046069,1
"ENSG00000158636",1.25256940674635,1.19895797344611,1
"ENSG00000158669",1.37364099236253,1.14568785518232,1.1349708104172
"ENSG00000158691",1.38171819516825,1.30384280590731,1
"ENSG00000158710",2.09983675632727,1.46848883555391,1.80912355145344
"ENSG00000158711",1.27834126717364,1.32421410308308,1
"ENSG00000158715",1.63412952629219,1.28951415661548,1.22639437477207
"ENSG00000158716",1.28038547937477,1.15939099245268,1
"ENSG00000158717",1.36332699877573,1.26079060114251,1
"ENSG00000158769",1.62531589592734,1.4629080369894,1.28505834054601
"ENSG00000158773",1.46181973862877,1.3812534563402,1.12429008197079
"ENSG00000158792",1.53483153356638,1.34525138675011,1.12614985112022
"ENSG00000158793",1.50281884949691,1.25171448348952,1.24943690707922
"ENSG00000158796",1.31795991515111,1.27677480485042,1
"ENSG00000158805",1.27132977476924,1.13902836618686,1
"ENSG00000158828",1.39640889199745,1.26577610108233,1.12357482599415
"ENSG00000158850",1.27767749143238,1.07863146413531,1
"ENSG00000158856",1.34398381024687,1.14148363573673,1.09293859599768
"ENSG00000158863",1.14740480516745,1.22921817624157,1
"ENSG00000158864",1.1424826959233,1.17131063881427,1
"ENSG00000158869",1.32457804474895,1.24436457885657,1
"ENSG00000158882",1.23528317740076,1.13586773048275,1
"ENSG00000158887",1.10093780244162,1.39585512462316,1
"ENSG00000158941",1.24247100660636,1.17748931492157,1
"ENSG00000158985",1.11191323958893,1.09488418322613,1
"ENSG00000158987",1.23025076918579,1.07506452062128,1
"ENSG00000159063",1.27439770911402,1.31997973177236,1
"ENSG00000159069",1.20962446724785,1.06703457800627,1
"ENSG00000159079",1.20295135539519,1.30686297130836,1
"ENSG00000159082",1.32085352018872,1.29637958133702,1
"ENSG00000159086",1.38637151057882,1.28335837436982,1.00472609982098
"ENSG00000159110",1.5480836464152,1.3716180046935,1.29471715867122
"ENSG00000159111",1.38058605140253,1.12276943820313,1
"ENSG00000159128",1.85641561960674,1.58357090548392,1.4783597322973
"ENSG00000159131",1.3758367584945,1.26387974334797,1.0719448667103
"ENSG00000159140",1.23073018715111,1.17476690552682,1
"ENSG00000159147",1.03077675459374,1.23861347113432,1
"ENSG00000159176",1.21112066043946,1.17999453621412,1
"ENSG00000159199",1.30498490200642,1.1927445991632,1
"ENSG00000159200",1.30284682142417,1.24807991097434,1
"ENSG00000159202",1.2305370196162,1.07012876490649,1
"ENSG00000159210",1.26133063807462,1.19111502375554,1
"ENSG00000159216",1.13719530108343,1.11107796992158,1
"ENSG00000159228",1.35772721262534,1.21251880199823,1
"ENSG00000159256",1.23422923459888,1.05873272106298,1
"ENSG00000159267",1.58608347511567,1.31794526354914,1.30770910787273
"ENSG00000159322",1.51014987439678,1.23188113657706,1.30030376494248
"ENSG00000159335",1.45990267250069,1.07813014158875,1
"ENSG00000159346",1.17334920273438,1.13515533053228,1
"ENSG00000159348",1.18688190863909,1.21647218558567,1
"ENSG00000159352",1.09921792681328,1.22583787766046,1
"ENSG00000159363",1.1286353950235,1.13968182862867,1
"ENSG00000159377",1.19360198755804,1.05222700814814,1
"ENSG00000159388",1.3663310688742,1.34935324857338,1
"ENSG00000159399",1.5181644970031,1.37404707938061,1.19775170211629
"ENSG00000159433",1.20419079577394,1.26957700431631,1
"ENSG00000159445",1.32634935126368,1.26105591927301,1
"ENSG00000159459",1.31434935296959,1.22533691811654,1
"ENSG00000159461",1.05367918156902,1.06549758179726,1
"ENSG00000159479",1.18587656750337,1.22051955971092,1
"ENSG00000159496",1.04747858836725,1.41195467918661,1
"ENSG00000159579",1.07885921357943,1.08804538986571,1
"ENSG00000159588",1.71479627490683,1.30463923657926,1.37434989818603
"ENSG00000159592",1.31967588736469,1.16840213553571,1.019538091742
"ENSG00000159593",1.41578234183449,1.4025564377028,1
"ENSG00000159596",1.59228266364882,1.12335810102249,1.3390209382982
"ENSG00000159618",1.55907621141422,1.17948271078133,1.27957110702843
"ENSG00000159658",1.09019380690252,1.15393746766405,1
"ENSG00000159674",1.19699167972974,1.2839642072443,1
"ENSG00000159685",1.31286325353532,1.3249347948946,1
"ENSG00000159692",1.09793087441845,1.06952819007871,1
"ENSG00000159713",1.9363342383692,1.1452162861624,1.5816716695861
"ENSG00000159720",1.56769238731488,1.46586039249761,1.22736152442979
"ENSG00000159733",1.22634003793076,1.31130593047145,1
"ENSG00000159753",1.07613462108039,1.20362283034889,1
"ENSG00000159761",1.30515906153828,1.11561074292814,1
"ENSG00000159788",1.18795850318803,1.20945546597974,1
"ENSG00000159792",1.055824031616,1.08732132536459,1
"ENSG00000159840",1.65183539956298,1.39085492002129,1.38043191561687
"ENSG00000159842",1.48812097524383,1.25785421117559,1.22244346608088
"ENSG00000159873",1.30101294665602,1.17394208167058,1
"ENSG00000159882",1.19942692426532,1.27361914531236,1
"ENSG00000159884",1.22298628192058,1.29022266304553,1
"ENSG00000159917",1.23499548851178,1.34591627593628,1
"ENSG00000159921",1.41951638875597,1.16701827982671,1.14402907852775
"ENSG00000160007",1.15249377084037,1.18136813990429,1
"ENSG00000160014",1.41700256561697,1.27454246613622,1.1425189747003
"ENSG00000160049",1.39556586237975,1.2214742286467,1.12994746265687
"ENSG00000160050",1.36188091172287,1.34869696525391,1
"ENSG00000160055",1.76380277576346,1.34280824839,1.43800251473441
"ENSG00000160058",1.48956727561799,1.26457944168298,1.27054745289054
"ENSG00000160072",1.15993133070132,1.21294478017382,1
"ENSG00000160075",1.3968512171763,1.32560775484419,1.12125239311545
"ENSG00000160087",1.30945688957774,1.25737062866476,1
"ENSG00000160094",1.41800613296702,1.08072248410509,1
"ENSG00000160111",1.15289251255047,1.03174130330036,1
"ENSG00000160131",1.43715405063873,1.29024619588524,1.15667908962865
"ENSG00000160145",1.44114253219469,1.15024538272315,1
"ENSG00000160179",1.34926168243924,1.39680224887275,1
"ENSG00000160190",1.46350006344682,1.10541969421385,1.22721157042787
"ENSG00000160193",1.1794317145054,1.25798273608238,1
"ENSG00000160194",1.32480689021952,1.19161492733853,1
"ENSG00000160199",1.35124115686125,1.20845248760145,1
"ENSG00000160201",1.40331096241251,1.27638085112111,1.16544792693384
"ENSG00000160208",1.2986533041578,1.27107466800975,1
"ENSG00000160209",1.16382887909301,1.19383231769916,1
"ENSG00000160211",1.50504398922089,1.36413129117261,1.19823399675053
"ENSG00000160213",1.23845522386935,1.16111403171626,1
"ENSG00000160214",1.54920016231054,1.21268660880958,1.26632735946312
"ENSG00000160216",1.21724927667395,1.18705236756534,1
"ENSG00000160218",1.16517556087465,1.12344678325792,1
"ENSG00000160219",1.33011555349053,1.16841746097335,1
"ENSG00000160221",1.46482782063465,1.29510328003301,1.22871847969544
"ENSG00000160223",1.34015148634307,1.23447642585025,1
"ENSG00000160226",1.27729569646763,1.21190348922448,1
"ENSG00000160229",1.63541365520045,1.23152675320705,1.42712868925598
"ENSG00000160255",1.27364178390928,1.27795751659386,1
"ENSG00000160271",1.15455075593331,1.1990171177595,1
"ENSG00000160285",1.35171357318453,1.21412070332895,1
"ENSG00000160293",1.21697112050007,1.25689255931123,1
"ENSG00000160294",1.13225723370268,1.17394075304658,1
"ENSG00000160298",1.51750740384932,1.06696795223819,1
"ENSG00000160299",1.15924491457268,1.26619592215008,1
"ENSG00000160305",1.15730083398097,1.17481887221125,1
"ENSG00000160310",1.07081185046545,1.11604796218757,1
"ENSG00000160318",1.03670907530798,1.27097946371973,1
"ENSG00000160325",1.05652634984389,1.09699982127062,1
"ENSG00000160336",1.32480432264949,1.31146322611378,1
"ENSG00000160352",1.16726804740371,1.22825846874392,1
"ENSG00000160404",1.49507801900417,1.15276002694995,1
"ENSG00000160408",1.14712264013438,1.28746934934856,1
"ENSG00000160410",1.42757419408744,1.3557172443466,1.12967159965165
"ENSG00000160439",1.19029454316168,1.14124822375446,1
"ENSG00000160445",1.16709790168698,1.15285982803649,1
"ENSG00000160446",1.38863308661645,1.31596840564013,1
"ENSG00000160551",1.33133172432418,1.29642140724734,1
"ENSG00000160563",1.17359581522439,1.24930475127833,1
"ENSG00000160570",1.65390765811081,1.45365864333308,1.35385972071257
"ENSG00000160584",1.45240104695692,1.22995792462463,1.23055183085028
"ENSG00000160588",1.92774043988746,1.55953962803799,1.58619526403052
"ENSG00000160593",1.73075791415614,1.66957859148916,1.28322941720355
"ENSG00000160613",1.06516414175598,1.21773748310785,1
"ENSG00000160633",1.34397511319747,1.25334569200413,1.04469001636663
"ENSG00000160679",1.15499860074119,1.21171370033714,1
"ENSG00000160685",1.67350105940472,1.39592967494542,1.40459064195878
"ENSG00000160688",1.28863864567556,1.22619664156857,1
"ENSG00000160691",1.2377974882475,1.17259418185273,1
"ENSG00000160695",1.39442199877883,1.07003553563164,1.16237879901666
"ENSG00000160703",1.59983214423541,1.4587364590463,1.26462968492398
"ENSG00000160710",1.55007986522846,1.44560793813744,1.23924115474801
"ENSG00000160712",1.79957045497194,1.55287695072231,1.45963526703684
"ENSG00000160714",1.08698501792181,1.15296644483458,1
"ENSG00000160741",1.50463317956134,1.22293680715871,1.14268970142152
"ENSG00000160746",1.42415214013222,1.3760922527421,1
"ENSG00000160752",1.09698041432172,1.07348987547908,1
"ENSG00000160753",1.48701742204923,1.20981049001339,1
"ENSG00000160783",1.23569616105683,1.21375572887433,1
"ENSG00000160785",1.72434293346533,1.50537327846045,1.40406494710676
"ENSG00000160789",1.28232724989466,1.09454945522266,1
"ENSG00000160796",1.44550227594526,1.2649400495924,1.19824212968513
"ENSG00000160799",1.34252828011043,1.1814511802033,1
"ENSG00000160803",1.06462529178886,1.36510700814422,1
"ENSG00000160813",1.21569225330578,1.12761729504019,1
"ENSG00000160818",1.34796742255022,1.32266455680395,1
"ENSG00000160828",1.31369557664566,1.27581628317398,1
"ENSG00000160856",1.09933283298485,1.24039639888065,1
"ENSG00000160877",1.76183720634182,1.25784751088973,1.46032291718346
"ENSG00000160888",1.38441788743451,1.35952034557734,1
"ENSG00000160908",1.28219038105877,1.10046423125868,1
"ENSG00000160917",1.41425233061086,1.21732128543751,1.09506751364641
"ENSG00000160932",1.26063719996335,1.12645573782472,1
"ENSG00000160948",1.13213585423829,1.19137477202043,1
"ENSG00000160953",1.12687545071817,1.28114276007216,1
"ENSG00000160959",1.20556831494549,1.12956681770481,1
"ENSG00000160961",1.42097982433221,1.34330910315573,1.12590037285336
"ENSG00000160972",1.24894074612092,1.11907283430024,1
"ENSG00000160991",1.44414017584814,1.36791106416933,1.11132737637247
"ENSG00000160993",1.52350395252092,1.14965573779161,1.20884462005477
"ENSG00000160999",1.54365894808263,1.47646480848957,1
"ENSG00000161010",1.0953102853897,1.22335785361758,1
"ENSG00000161011",1.1556525857878,1.28890389839316,1
"ENSG00000161013",1.34415963727256,1.10064252188877,1
"ENSG00000161016",1.39342446661621,1.24379876734487,1.12087249875953
"ENSG00000161021",1.46004607493025,1.24605028825737,1.22281542435843
"ENSG00000161036",1.30884875795004,1.31131189788482,1
"ENSG00000161040",1.68983670137631,1.43665827695382,1.37973365096046
"ENSG00000161048",1.53634057300147,1.3755415261825,1.20640278073221
"ENSG00000161057",1.3644205790596,1.34607563877945,1
"ENSG00000161091",1.21061773924458,1.15321271403785,1
"ENSG00000161179",1.48638586322396,1.25597112800431,1.18258711341626
"ENSG00000161202",1.38988645811314,1.22666957265516,1
"ENSG00000161203",1.25286655266316,1.13415051844436,1
"ENSG00000161204",1.33901956434434,1.10021699932696,1.04298491804743
"ENSG00000161217",1.57454343211698,1.460396725146,1.26742413379723
"ENSG00000161267",1.36641129582023,1.20634104679648,1
"ENSG00000161298",1.27204860343739,1.29448410498574,1
"ENSG00000161326",1.46452575334583,1.25702926936788,1
"ENSG00000161381",1.39400993664736,1.24718488668038,1
"ENSG00000161395",1.33332103240098,1.23004630123878,1
"ENSG00000161405",1.02960829976849,1.27767524695511,1
"ENSG00000161513",1.29978308524825,1.1787636772635,1
"ENSG00000161526",1.27889222571392,1.30672253838758,1
"ENSG00000161533",1.46709755447616,1.52354869852965,1.0405958847603
"ENSG00000161542",1.11440573836528,1.1942767149135,1
"ENSG00000161547",1.23477978374006,1.29103895835722,1
"ENSG00000161551",1.16297947306538,1.19878537260218,1
"ENSG00000161558",1.26270530039884,1.21121851824462,1
"ENSG00000161618",1.13892578564226,1.16984002876327,1
"ENSG00000161638",1.76051989149737,1.44010366493445,1.47942238195062
"ENSG00000161642",1.25316181453117,1.15286338577803,1
"ENSG00000161671",1.39775385456919,1.1689965112083,1.15047317550095
"ENSG00000161677",1.29125847355169,1.18878352193687,1
"ENSG00000161791",1.2749630632689,1.22251638796867,1
"ENSG00000161800",1.23499077219671,1.16256153014795,1
"ENSG00000161813",1.28045273218314,1.33918795806694,1
"ENSG00000161835",1.53443910535588,1.28589712547458,1.06516158671963
"ENSG00000161847",1.52353957933214,1.18480386567861,1.12448530631036
"ENSG00000161904",1.26881982903704,1.15461875649338,1
"ENSG00000161911",1.58467629070202,1.21071415245634,1.27098473354481
"ENSG00000161912",1.37064644460132,1.25960767965913,1
"ENSG00000161914",1.09194105626443,1.11756522365131,1
"ENSG00000161920",1.33641190861779,1.18339046898175,1
"ENSG00000161921",1.54995279337128,1.38381122981471,1.19265571432432
"ENSG00000161929",1.08702045867492,1.22714400452376,1
"ENSG00000161955",1.1191118533878,1.16019800104023,1
"ENSG00000161956",1.21786001766793,1.20545105303065,1
"ENSG00000161960",1.04780174201329,1.24489861667364,1
"ENSG00000161970",1.08266669408302,1.33041993925394,1
"ENSG00000161980",1.21859900340379,1.20160806064898,1
"ENSG00000161981",1.32313024881838,1.22303153153315,1
"ENSG00000161996",1.10374435366139,1.29460227614214,1
"ENSG00000161999",1.19527162458796,1.14215763437603,1
"ENSG00000162032",1.10876233139219,1.18373101224823,1
"ENSG00000162063",1.14030302585346,1.19729823560429,1
"ENSG00000162065",1.32659496657082,1.26306196113098,1
"ENSG00000162066",1.22078199415527,1.13076702297488,1
"ENSG00000162073",1.14736561012776,1.18805882504113,1
"ENSG00000162076",1.19316770106628,1.15064613755977,1
"ENSG00000162086",1.32656698186958,1.25575128868999,1
"ENSG00000162104",1.4153984880681,1.17669193176097,1.03410429397238
"ENSG00000162129",1.05807836578365,1.17133702480741,1
"ENSG00000162139",1.17970161852651,1.17562610277846,1
"ENSG00000162144",1.21338698114229,1.08269587105274,1
"ENSG00000162174",1.43060164327236,1.02846475531927,1
"ENSG00000162191",1.36732525953934,1.01314094500459,1.13926886138089
"ENSG00000162194",1.31063063444243,1.24598466503057,1
"ENSG00000162222",1.29198892011522,1.18811640659185,1
"ENSG00000162227",1.16705827565225,1.28636864563987,1
"ENSG00000162231",1.28166268843334,1.14169913837226,1
"ENSG00000162236",1.12293745791984,1.33326410019791,1
"ENSG00000162241",1.26341530625678,1.1733055143759,1
"ENSG00000162244",1.3443195365812,1.26621219147767,1
"ENSG00000162290",1.11073531853825,1.09571240417111,1
"ENSG00000162298",1.50862660843498,1.10203309747857,1.18349586116354
"ENSG00000162300",1.38536733590346,1.24784191367338,1
"ENSG00000162302",1.17088211126459,1.13114575347564,1
"ENSG00000162341",1.45786030607062,1.30194985980374,1.1419841963851
"ENSG00000162366",1.35070178238641,1.11116943583122,1.08225068154211
"ENSG00000162367",1.31127947779962,1.11191290038192,1
"ENSG00000162368",1.13899219239001,1.27904963241078,1
"ENSG00000162377",1.58166225576885,1.32039377503283,1.14065500276217
"ENSG00000162378",1.31120933521782,1.31009937042283,1
"ENSG00000162384",1.29925361928665,1.23315927207708,1
"ENSG00000162385",1.25863861628362,1.2105656454158,1
"ENSG00000162402",1.25747536158321,1.19724444659832,1
"ENSG00000162408",1.25415116026951,1.25127822998998,1
"ENSG00000162413",1.64161399168226,1.46326437268433,1.34111402841271
"ENSG00000162415",1.39621115391957,1.28023620515092,1
"ENSG00000162419",1.25324562780059,1.15495732260267,1
"ENSG00000162430",1.15197192174523,1.09612409857493,1
"ENSG00000162434",1.22985384552764,1.27159183017703,1
"ENSG00000162437",1.31502133832099,1.1838886070802,1
"ENSG00000162441",1.39241014567285,1.27295672179754,1.11332039759341
"ENSG00000162444",1.435361558386,1.30083670340766,1.05956847539288
"ENSG00000162490",1.51735176282416,1.11500815552975,1
"ENSG00000162496",1.55098997924034,1.20755026961979,1.28177991591894
"ENSG00000162511",1.46887356918252,1.39469827200607,1.16270827783585
"ENSG00000162517",1.06953447136717,1.24498387834037,1
"ENSG00000162521",1.25197390317424,1.31980837483351,1
"ENSG00000162542",1.11382092108851,1.28514084842598,1
"ENSG00000162543",1.17111472666525,1.12119338287597,1
"ENSG00000162551",1.69144300807492,1.4883556206757,1.36053457474346
"ENSG00000162585",1.16345434202839,1.18241465766433,1
"ENSG00000162591",1.19039284968495,1.24833939344851,1
"ENSG00000162599",1.32556195451745,1.17843686672016,1
"ENSG00000162600",1.2249942833339,1.18698595330032,1
"ENSG00000162601",1.21984608268244,1.07425969156197,1
"ENSG00000162604",1.25146709280785,1.19733295768829,1
"ENSG00000162607",1.06957521473898,1.1497036714507,1
"ENSG00000162613",1.37513748215836,1.23499830223796,1.08492393550089
"ENSG00000162614",1.14125209629733,1.12668356883766,1
"ENSG00000162616",1.10519625373306,1.27668689353018,1
"ENSG00000162623",1.45416670638797,1.32626222863866,1.12630158575534
"ENSG00000162630",1.61702503182722,1.28252995269853,1.25767377861179
"ENSG00000162636",1.34345188724515,1.23313374132205,1.06081891275127
"ENSG00000162639",1.2611370029916,1.25029603802579,1
"ENSG00000162642",1.11406277033732,1.15882647067768,1
"ENSG00000162645",1.26030801482341,1.29724017139356,1
"ENSG00000162654",1.13848395266506,1.1419808762535,1
"ENSG00000162664",1.43487282257055,1.28925948934947,1.16822658569813
"ENSG00000162688",1.21445485970097,1.29706860713951,1
"ENSG00000162694",1.28740992835392,1.35846241802236,1
"ENSG00000162695",1.11739155017156,1.27092361494356,1
"ENSG00000162702",1.54199995568552,1.42679128808099,1.253883251196
"ENSG00000162704",1.56379439099003,1.45735213974143,1.25790536970167
"ENSG00000162714",1.21113110712702,1.16913194212639,1
"ENSG00000162722",1.20873562621087,1.01425792679906,1
"ENSG00000162729",1.04682628622767,1.28683536150017,1
"ENSG00000162734",1.29437736258968,1.26704848123909,1
"ENSG00000162735",1.44833681681026,1.20524460215118,1.21412531971002
"ENSG00000162736",1.39012682752385,1.26214975330623,1.06596072979223
"ENSG00000162739",1.26529622105879,1.3081768208542,1
"ENSG00000162769",1.85966371685305,1.18020900021308,1.66953871104211
"ENSG00000162775",1.14432449340485,1.07805652510206,1
"ENSG00000162777",1.39008043203038,1.28472483012762,1.0737754109787
"ENSG00000162783",1.43605999627958,1.12344946666988,1.21937966780529
"ENSG00000162804",1.17689771516095,1.23216856235814,1
"ENSG00000162813",1.53964380815316,1.37409973561167,1.225832797167
"ENSG00000162819",1.27726659635073,1.31276239111644,1
"ENSG00000162825",1.20499043317533,1.28281753853612,1
"ENSG00000162836",1.23290983478164,1.15209347674545,1
"ENSG00000162851",1.26238969527472,1.35324215900009,1
"ENSG00000162852",1.15014780408488,1.16316636399804,1
"ENSG00000162869",1.45780512572768,1.29972163084942,1.20515641538419
"ENSG00000162885",1.27397915155582,1.18736709241973,1
"ENSG00000162889",1.59311068846297,1.45560160643616,1.27661057209972
"ENSG00000162909",1.33485317399757,1.25629441009925,1
"ENSG00000162910",1.26982385535211,1.19915143678198,1
"ENSG00000162923",1.35233041650228,1.2304425449446,1.05758198032849
"ENSG00000162924",1.27221676939367,1.03448858776842,1
"ENSG00000162927",1.21033327077763,1.0806259275007,1
"ENSG00000162928",1.08150572586487,1.16478482727524,1
"ENSG00000162929",1.56112425558986,1.15103393532809,1.30730655678212
"ENSG00000162946",1.193309843023,1.18741646244844,1
"ENSG00000162959",1.21139665454934,1.03455078278889,1
"ENSG00000162961",1.08546191515077,1.26065566407187,1
"ENSG00000162971",1.4242143327581,1.2875428311691,1.12631196785665
"ENSG00000162972",1.08353043471568,1.31428264764028,1
"ENSG00000162976",1.17443995362491,1.28829344417035,1
"ENSG00000162980",1.11877433793375,1.20336217176098,1
"ENSG00000162994",1.33757992402937,1.22541457330117,1
"ENSG00000162997",1.22753575145256,1.16462039771952,1
"ENSG00000162999",1.6614593916302,1.31676587541244,1.27021897007298
"ENSG00000163001",1.24145876116253,1.31087315300576,1
"ENSG00000163002",1.27314726360772,1.42370052853112,1
"ENSG00000163006",1.3521171695967,1.33129192696079,1
"ENSG00000163013",1.10551048914587,1.28063223139871,1
"ENSG00000163026",1.73623678997943,1.34715489236381,1.44863061474723
"ENSG00000163029",1.1236127848273,1.22557843071783,1
"ENSG00000163041",1.68523135234082,1.56384362799999,1.3216202927963
"ENSG00000163050",1.3562603695161,1.18754797588869,1.08227742800045
"ENSG00000163067",1.50324785755065,1.19311547993294,1.17215619468248
"ENSG00000163069",1.55666837830292,1.35262384483596,1.12428767842804
"ENSG00000163104",1.48471382896306,1.30999480088182,1.20653765108053
"ENSG00000163110",1.33889458523254,1.21251312652948,1.01185110106586
"ENSG00000163113",1.35501677461792,1.24701106689446,1
"ENSG00000163125",1.27185052689796,1.25242410462712,1
"ENSG00000163126",1.13568894781199,1.2399703524979,1
"ENSG00000163131",1.25270969640305,1.30155628045974,1
"ENSG00000163138",1.40658544863474,1.32704631406366,1
"ENSG00000163154",1.33163180461138,1.31104898291309,1
"ENSG00000163156",1.38836131960814,1.15619141991151,1
"ENSG00000163159",1.2147330321535,1.07284704604237,1
"ENSG00000163161",1.4365195936544,1.22328290519498,1.19805365654362
"ENSG00000163162",1.73681871625427,1.6561971302714,1.27149806065515
"ENSG00000163166",1.10648418819579,1.19969451500939,1
"ENSG00000163171",1.05060285777441,1.28809120147691,1
"ENSG00000163191",1.53216713900442,1.50553050195999,1.17473976491076
"ENSG00000163214",1.48467835277499,1.24121000535708,1.23495455853499
"ENSG00000163219",1.33155372522885,1.50451330709579,1
"ENSG00000163220",1.41881041985528,1.28820556693888,1.10739666599776
"ENSG00000163235",1.91655876982124,1.66372647261175,1.50916387448197
"ENSG00000163249",1.40826609703629,1.1007077991569,1.09744852272482
"ENSG00000163251",1.36152565391651,1.08109455102651,1
"ENSG00000163257",1.38929627296641,1.26264690261519,1
"ENSG00000163281",1.53242020531322,1.29224882805351,1.22099234980332
"ENSG00000163291",1.51963810940584,1.28670935462456,1.24992203878419
"ENSG00000163297",1.68703360345103,1.43354709250329,1.41312303966501
"ENSG00000163312",1.33189936657698,1.33696247053695,1
"ENSG00000163319",1.08319214327614,1.22826082894317,1
"ENSG00000163320",1.17257033573004,1.13523683974493,1
"ENSG00000163322",1.37811470134074,1.28478958387323,1
"ENSG00000163328",1.06823179247554,1.26460025558268,1
"ENSG00000163344",1.5073546246991,1.22158497333973,1.20936834801484
"ENSG00000163348",1.2301805832697,1.10753828764109,1
"ENSG00000163349",1.5526050350785,1.2717317950175,1.34316445665944
"ENSG00000163359",1.30786744637751,1.10890262613676,1
"ENSG00000163374",1.37988761431482,1.12841095481297,1.1284422063236
"ENSG00000163376",1.16404568528633,1.27913751357129,1
"ENSG00000163378",1.24830897496168,1.30436889880327,1
"ENSG00000163382",1.35145296496206,1.29077526561351,1
"ENSG00000163386",1.446363058934,1.26114073273209,1.19620032797404
"ENSG00000163389",1.51680726369094,1.3167762655491,1.24066230618706
"ENSG00000163393",1.41537062425976,1.46064254790978,1
"ENSG00000163399",1.37966566394178,1.13987364347966,1.14702293707294
"ENSG00000163406",1.42014354427755,1.19790411212434,1.13755724946765
"ENSG00000163412",1.44930107185459,1.32251503709161,1.15868516569606
"ENSG00000163421",1.52199849819856,1.48442131493489,1.13599306593183
"ENSG00000163428",1.47947645424456,1.30085853465977,1.23076413691885
"ENSG00000163430",1.31465312186456,1.11286080418191,1
"ENSG00000163444",1.10344681895237,1.11640061506903,1
"ENSG00000163449",1.24509066563751,1.22422304539909,1
"ENSG00000163453",1.34399292409476,1.20234395247683,1
"ENSG00000163463",1.16421663822836,1.21840937217237,1
"ENSG00000163466",1.42945576720894,1.30344468008315,1.14385454530665
"ENSG00000163468",1.27070410974359,1.23892700353524,1
"ENSG00000163472",1.17140031556092,1.24809298564448,1
"ENSG00000163479",1.19868915575198,1.03535563460248,1
"ENSG00000163481",1.58875367664947,1.16981475965739,1.335041499008
"ENSG00000163482",1.10760068360709,1.12346976991245,1
"ENSG00000163486",1.38921004138766,1.19777933325399,1
"ENSG00000163492",1.20472297053218,1.16010097950823,1
"ENSG00000163507",1.43368403559114,1.30484447465304,1.0362547480449
"ENSG00000163508",1.31976788637614,1.22892805908515,1
"ENSG00000163510",1.31223355807642,1.06254373164017,1
"ENSG00000163512",1.26984681178837,1.13949918027489,1
"ENSG00000163513",1.75245756144961,1.56885595884801,1.42033000953212
"ENSG00000163516",1.34981390385261,1.06039468250094,1.0870061671502
"ENSG00000163517",1.31356851146817,1.2212633502342,1
"ENSG00000163527",1.33645297225968,1.23029938274867,1
"ENSG00000163528",1.43383437880397,1.19973083857681,1
"ENSG00000163534",1.24230882007377,1.15689495258939,1
"ENSG00000163535",1.15692663958114,1.29867390119934,1
"ENSG00000163536",1.42265751533155,1.21535927261809,1
"ENSG00000163539",1.55493550189423,1.30637167814803,1.33157517886204
"ENSG00000163541",1.3210794451263,1.08460626946115,1
"ENSG00000163545",1.60078841351313,1.46647657158449,1.2999303807455
"ENSG00000163554",1.39032640427187,1.05436746882545,1.07304614803561
"ENSG00000163558",1.47358813670359,1.29639494479338,1.18834331893752
"ENSG00000163564",1.14731948198432,1.30186323608781,1
"ENSG00000163565",1.16260620186627,1.27134267457287,1
"ENSG00000163577",1.65429983257802,1.38285650144048,1.33548081746932
"ENSG00000163584",1.31940342689834,1.38231519732604,1
"ENSG00000163590",1.17941470437032,1.28429765464503,1
"ENSG00000163596",1.5833506621894,1.36376752882139,1.14173604580996
"ENSG00000163597",1.16052823527475,1.22980462836109,1
"ENSG00000163602",1.4372125766922,1.41950996810774,1.08589947132389
"ENSG00000163605",1.15324761130111,1.15523576029161,1
"ENSG00000163606",1.18852289498119,1.19577280787746,1
"ENSG00000163607",1.10271971903301,1.30734818610836,1
"ENSG00000163608",1.48001785656528,1.2691419037509,1.21245113928189
"ENSG00000163611",1.35590728109677,1.24700790151246,1
"ENSG00000163617",1.17573487419424,1.09792438273958,1
"ENSG00000163625",1.65370778522313,1.62513456016218,1.20647722257463
"ENSG00000163626",1.43923503431763,1.29286575832917,1.15088487370493
"ENSG00000163629",1.2226701185151,1.20718507464136,1
"ENSG00000163634",1.14984871487903,1.25956631683286,1
"ENSG00000163635",1.47531895255522,1.30470529505867,1.24955474301477
"ENSG00000163636",1.41587086442283,1.17111108621969,1.19063132727624
"ENSG00000163644",1.42441994495616,1.30067752778302,1.12113888924208
"ENSG00000163655",1.5174461005199,1.34794224482467,1.22937838587668
"ENSG00000163659",1.83179580560114,1.28707870372136,1.63056069507621
"ENSG00000163660",1.25243326232182,1.2729903991983,1
"ENSG00000163681",1.42832711909702,1.31930668281028,1.16359589636096
"ENSG00000163682",1.16785028435698,1.29234900947651,1
"ENSG00000163683",1.39682423580526,1.09102276982074,1.15936231317025
"ENSG00000163684",1.07312576440147,1.11835300551928,1
"ENSG00000163686",1.42893369482766,1.24450697398992,1.07195863299096
"ENSG00000163694",2.23097108345723,1.54206600160131,1.87702877485233
"ENSG00000163703",1.14055165837781,1.29866930767776,1
"ENSG00000163714",1.48619257201011,1.2345652382163,1.25919528017683
"ENSG00000163719",1.21649011888885,1.31645450305094,1
"ENSG00000163728",1.19098149821542,1.2242249830119,1
"ENSG00000163737",1.40411903121803,1.13041275572069,1.18338909072119
"ENSG00000163738",1.34366392614461,1.27238871426513,1
"ENSG00000163739",1.36323548020779,1.58577250018078,1
"ENSG00000163743",1.41793630196364,1.13732186890607,1.19397480227607
"ENSG00000163754",1.09592199809397,1.17214077016768,1
"ENSG00000163755",1.28313821533654,1.14164391179877,1
"ENSG00000163781",1.11979818101234,1.14839080661645,1
"ENSG00000163785",1.37853005294323,1.26582100087127,1.04163387955655
"ENSG00000163788",1.25502179491455,1.41097569901623,1
"ENSG00000163795",1.28241960774988,1.14849253617393,1
"ENSG00000163798",1.29498042454211,1.11832845459018,1
"ENSG00000163803",1.35543932426726,1.32644447275162,1
"ENSG00000163806",1.18288591782466,1.30032250923333,1
"ENSG00000163807",1.39363394118786,1.20164870437823,1.10582654750888
"ENSG00000163808",1.31256863702537,1.2969227749243,1
"ENSG00000163811",1.57794480834052,1.34263750085304,1.30988242970655
"ENSG00000163812",1.26757937297887,1.3069972898144,1
"ENSG00000163818",1.22707941720652,1.06175439511643,1
"ENSG00000163820",1.06584096082565,1.18135664947586,1
"ENSG00000163823",1.20597223197226,1.24212734853305,1
"ENSG00000163832",1.06947212221435,1.3088178832542,1
"ENSG00000163840",1.44731315122435,1.26296020646472,1.19987265002769
"ENSG00000163848",1.07219883450478,1.23529660347017,1
"ENSG00000163864",1.39638197737781,1.2103835351109,1
"ENSG00000163866",1.31786540370564,1.10317117408877,1
"ENSG00000163867",1.2659881343584,1.28460710335789,1
"ENSG00000163870",1.36259761861159,1.04871495365495,1
"ENSG00000163872",1.12898785806662,1.0680689744281,1
"ENSG00000163874",1.31886181413008,1.26717248563629,1
"ENSG00000163875",1.37919853044764,1.23296153940168,1.09650978120816
"ENSG00000163877",1.19398044803652,1.24111723233698,1
"ENSG00000163882",1.07649574288245,1.37625824978653,1
"ENSG00000163900",1.33435266241082,1.26398173785091,1
"ENSG00000163902",1.37705911315817,1.2676900701173,1.089337210974
"ENSG00000163904",1.26418050130003,1.32391229723583,1
"ENSG00000163913",1.37969121814788,1.09908925946477,1
"ENSG00000163918",1.18070105487573,1.40074228322567,1
"ENSG00000163930",1.2586317144708,1.21914586175086,1
"ENSG00000163931",1.51014475922542,1.45278866233717,1.14129238056955
"ENSG00000163932",1.55448153659219,1.42853369323337,1.23201289848629
"ENSG00000163933",1.38987261004083,1.03828097043072,1.0960300065947
"ENSG00000163935",1.39491765829509,1.26216236099528,1
"ENSG00000163938",1.32376769969544,1.35670736823832,1
"ENSG00000163939",1.18528069247117,1.17882857355349,1
"ENSG00000163945",1.28396834384699,1.20665342521807,1
"ENSG00000163946",1.39456765578333,1.27653268999254,1.13724831059508
"ENSG00000163947",1.43522195485174,1.29854948748642,1.16643923157064
"ENSG00000163950",1.21524844992422,1.21084197397051,1
"ENSG00000163956",1.28213514742021,1.27688276401012,1
"ENSG00000163960",1.36509898615347,1.25340864596714,1.11452865863656
"ENSG00000163961",1.37685665706619,1.0567398780277,1.14199365552484
"ENSG00000163964",1.46843185284871,1.39002158249082,1.14082964727533
"ENSG00000163993",1.21511991336791,1.23073402723894,1
"ENSG00000164002",1.19865642527541,1.16886510411195,1
"ENSG00000164008",1.18893016350648,1.16590648009186,1
"ENSG00000164010",1.18023021585552,1.10570718127171,1
"ENSG00000164011",1.43306612336378,1.21798046205675,1.08554315551031
"ENSG00000164022",1.3289286920597,1.33070204942063,1
"ENSG00000164023",1.1837280792132,1.10289031552809,1
"ENSG00000164024",1.57684087837027,1.31000149468689,1.32521286346921
"ENSG00000164031",1.21904288778377,1.09338909664095,1
"ENSG00000164032",1.32368373597317,1.20256324094973,1
"ENSG00000164038",1.39040146786679,1.3294938554363,1
"ENSG00000164039",1.59262465734759,1.3454052446924,1.13067609923423
"ENSG00000164040",1.41606892936834,1.2963412034093,1.05952563571933
"ENSG00000164048",1.20629829305642,1.22769832434287,1
"ENSG00000164051",1.06037373180475,1.1837062240367,1
"ENSG00000164053",1.38938770284581,1.2879653107557,1
"ENSG00000164054",1.56038252934476,1.40426603250376,1.28741813721462
"ENSG00000164062",1.43743612386002,1.18645056813951,1.22114623798114
"ENSG00000164068",1.35352994653262,1.12969860062965,1.08833959562849
"ENSG00000164073",1.34606912896361,1.25657962431186,1
"ENSG00000164074",1.07788291088847,1.12722538255555,1
"ENSG00000164077",1.06487181262487,1.21873728066058,1
"ENSG00000164080",1.12976479780234,1.22315255010138,1
"ENSG00000164081",1.32211954661746,1.22042777346658,1
"ENSG00000164086",1.27511432659829,1.15778555850757,1
"ENSG00000164088",1.46740832151833,1.38796204500629,1.17552513312307
"ENSG00000164091",1.06200730757833,1.19450069461158,1
"ENSG00000164096",1.12855457355408,1.16579739625816,1
"ENSG00000164104",1.13458511840829,1.09429306665383,1
"ENSG00000164105",1.36463277251802,1.20220254318645,1
"ENSG00000164109",1.21982257641458,1.32590886743464,1
"ENSG00000164111",1.17313039465474,1.1047395248517,1
"ENSG00000164116",1.16553969144931,1.05433708662434,1
"ENSG00000164117",1.34165127249881,1.21693672968665,1
"ENSG00000164118",1.28336451208603,1.24043032509746,1
"ENSG00000164120",1.18095015032297,1.12309284573527,1
"ENSG00000164124",1.19996822569625,1.1411069187051,1
"ENSG00000164134",1.52175788324768,1.35598330763416,1.22154879628747
"ENSG00000164136",1.10809535353144,1.28154016145646,1
"ENSG00000164144",1.16130619695165,1.29899998599203,1
"ENSG00000164151",1.39027107851418,1.27554403609892,1.10125890223628
"ENSG00000164162",1.0729992923534,1.38399536248805,1
"ENSG00000164163",1.43101914718546,1.33425732351089,1.10401000797465
"ENSG00000164164",1.24237095977759,1.28067596635031,1
"ENSG00000164167",1.34843296244138,1.21356580753583,1
"ENSG00000164168",1.12092426609656,1.05875098408978,1
"ENSG00000164169",1.42257140833805,1.29716978288458,1.09331583113849
"ENSG00000164172",1.46665596241321,1.41588884902778,1
"ENSG00000164180",1.51438415874968,1.3035407750744,1.23628939888664
"ENSG00000164181",1.45734593285803,1.12487719692068,1.20112436079496
"ENSG00000164187",1.22557732119027,1.18161588640631,1
"ENSG00000164190",1.24717540674781,1.26118322013991,1
"ENSG00000164209",1.39009929788699,1.24191701913465,1.12793869540617
"ENSG00000164211",1.21763222383042,1.35629412478364,1
"ENSG00000164219",1.07474552924736,1.13811292476773,1
"ENSG00000164221",1.18628737098218,1.18190439341221,1
"ENSG00000164241",1.34641777971662,1.21823686923771,1
"ENSG00000164244",1.47154287856757,1.30849826642338,1.21045943756251
"ENSG00000164251",1.04627874567029,1.36208348993085,1
"ENSG00000164252",1.35264247282374,1.1765803095689,1.07638066077314
"ENSG00000164253",1.09709729056525,1.18879839508718,1
"ENSG00000164258",1.22325472545886,1.42604312710724,1
"ENSG00000164284",1.39485287917537,1.31156398875163,1
"ENSG00000164291",1.40847664503019,1.41222411334861,1
"ENSG00000164292",1.32413634394649,1.26537524720942,1
"ENSG00000164296",1.51982897486491,1.27767669588158,1.12075316723253
"ENSG00000164300",1.08853911892162,1.1488840532727,1
"ENSG00000164305",1.20218572307114,1.14319030077368,1
"ENSG00000164306",1.06069793889359,1.32833496334098,1
"ENSG00000164307",1.18628772519569,1.11556918904302,1
"ENSG00000164308",1.19464647530335,1.12783803270087,1
"ENSG00000164323",1.47473530906752,1.27406038518744,1.20763436902332
"ENSG00000164327",1.33717524716875,1.38956227188069,1
"ENSG00000164329",1.06745040043622,1.10333708269616,1
"ENSG00000164330",1.16853765947254,1.20364872675475,1
"ENSG00000164331",1.25680155180754,1.11945896411782,1
"ENSG00000164332",1.12559748653803,1.17614413162812,1
"ENSG00000164338",1.47987094535895,1.37251389222188,1.13381907214931
"ENSG00000164346",1.33802730306482,1.29372727786208,1
"ENSG00000164347",1.35677841220999,1.23585312656806,1
"ENSG00000164366",1.46830351833114,1.27177561662262,1.14815610390833
"ENSG00000164398",1.21519319132119,1.20394047972428,1
"ENSG00000164405",1.04705769426565,1.3079911634445,1
"ENSG00000164406",1.2292926469864,1.14278204831692,1
"ENSG00000164414",1.39771450837548,1.30306937944459,1
"ENSG00000164430",1.3484849661651,1.03913687096018,1
"ENSG00000164440",1.46244942356817,1.17927224351612,1
"ENSG00000164442",1.12377903321956,1.15803652626386,1
"ENSG00000164463",1.05929647660842,1.40221065332516,1
"ENSG00000164465",1.41644295331169,1.38722536187873,1
"ENSG00000164466",1.43054950002668,1.2974960540997,1.0903347875762
"ENSG00000164483",1.34995043404986,1.28427897312291,1
"ENSG00000164494",1.30898324115656,1.31058170694979,1
"ENSG00000164506",1.61373079588347,1.46200602359634,1.33183384065253
"ENSG00000164530",1.53076111945058,1.11016749407433,1.14925834119098
"ENSG00000164535",1.23914432020464,1.17022982840781,1
"ENSG00000164543",1.25066489511829,1.14211161772564,1
"ENSG00000164548",1.43492851861686,1.18417950520886,1.22760230084952
"ENSG00000164574",1.13515299954639,1.11632834400973,1
"ENSG00000164576",1.38846697581044,1.26879589759547,1.12196548350321
"ENSG00000164587",1.26571236954868,1.28931026502299,1
"ENSG00000164597",1.20679695677328,1.1976902940171,1
"ENSG00000164603",1.06452839596716,1.2727198540672,1
"ENSG00000164609",1.05322468718773,1.15105988711543,1
"ENSG00000164610",1.45320491797588,1.29992258163111,1
"ENSG00000164615",1.24086970744889,1.20719075160912,1
"ENSG00000164620",1.10235655401318,1.21036753346445,1
"ENSG00000164631",1.26737604208012,1.15953911515762,1
"ENSG00000164649",1.16823338174002,1.15422426475848,1
"ENSG00000164654",1.43486507065252,1.2771427358977,1.1703657352899
"ENSG00000164659",1.58030207679362,1.22304966155057,1.31000679283124
"ENSG00000164663",1.09209865955182,1.2002189686536,1
"ENSG00000164674",1.1898560020173,1.29367014361186,1
"ENSG00000164691",1.84736592124693,1.39961691056908,1.61452789381184
"ENSG00000164713",1.61773984744591,1.41853266010835,1.33411076307825
"ENSG00000164715",1.41966666514017,1.40669155000921,1.0461003685194
"ENSG00000164733",1.19791727482556,1.12194333134266,1
"ENSG00000164751",1.09938297137175,1.20397467966046,1
"ENSG00000164754",1.383197506646,1.28858976185502,1.11431290692209
"ENSG00000164758",1.24312425223825,1.17763015912182,1
"ENSG00000164808",1.16498676379762,1.15813283038772,1
"ENSG00000164815",1.51501379638622,1.32699953086348,1.21370411273543
"ENSG00000164818",1.26366147764918,1.24021313430817,1
"ENSG00000164823",1.81177865602836,1.42593431608725,1.54838863298692
"ENSG00000164828",1.34384518885679,1.31686541567391,1
"ENSG00000164830",1.20167331043411,1.14338924337554,1
"ENSG00000164849",1.08552769306762,1.10894719100016,1
"ENSG00000164880",1.23466590548965,1.06852212926972,1
"ENSG00000164885",1.62350323114796,1.23218098904548,1.28268269820999
"ENSG00000164889",1.1813295029394,1.15272251341504,1
"ENSG00000164896",1.24504489689281,1.20180449880924,1
"ENSG00000164897",1.03777201511129,1.05366326161215,1
"ENSG00000164902",1.4203807546419,1.28426659324461,1.13191540664062
"ENSG00000164916",1.1911185848201,1.13513115627393,1
"ENSG00000164919",1.1485816212158,1.34273520062113,1
"ENSG00000164924",1.42725590940662,1.30087513031111,1.16689396491253
"ENSG00000164930",1.26371757273851,1.21550628602304,1
"ENSG00000164933",1.32178892006985,1.35547860394095,1
"ENSG00000164934",1.34140727284759,1.34185980192329,1
"ENSG00000164938",1.40359307897629,1.49167738393279,1
"ENSG00000164941",1.00963320401567,1.16033838878012,1
"ENSG00000164944",1.14962077774812,1.11076267880609,1
"ENSG00000164951",1.21207560788347,1.24630918042346,1
"ENSG00000164953",1.43368865389019,1.33792261564123,1
"ENSG00000164961",1.23183066812076,1.10413710158992,1
"ENSG00000164967",1.41577920654341,1.06746319833309,1.12978025425139
"ENSG00000164970",1.71406585688358,1.29424191997852,1.36634106545425
"ENSG00000164975",1.31745354978712,1.33964143179313,1
"ENSG00000164978",1.28560454870805,1.24630028393843,1
"ENSG00000164983",1.22109508470671,1.1503798713176,1
"ENSG00000164985",1.45397082291338,1.12589981829771,1.21356992882516
"ENSG00000164989",1.53666944440794,1.17482022348893,1.09176337086972
"ENSG00000165006",1.43279295683681,1.33079695146235,1.13992104534894
"ENSG00000165025",1.50764455896419,1.44332753289851,1.14635895255968
"ENSG00000165029",1.25469188961534,1.43247712542906,1
"ENSG00000165030",1.72405667856227,1.67108829378247,1.26253692317695
"ENSG00000165046",2.00642452733099,1.53087817708668,1.64204488585199
"ENSG00000165055",1.41251397765793,1.28877423856875,1
"ENSG00000165060",1.50188645768443,1.31426994167276,1.11675649533434
"ENSG00000165071",1.38660660287164,1.45742521213587,1
"ENSG00000165092",1.03578331751859,1.06078160085888,1
"ENSG00000165097",1.46824815027265,1.24207129677504,1.18443714066606
"ENSG00000165102",1.08361518028115,1.08412393215167,1
"ENSG00000165113",1.03749322935723,1.23362673774156,1
"ENSG00000165115",1.52683092410369,1.49649495384756,1.1828472599067
"ENSG00000165118",1.144098826492,1.11955520206975,1
"ENSG00000165119",1.1388762477053,1.25947747750584,1
"ENSG00000165121",1.30553528815533,1.29053130569723,1
"ENSG00000165138",1.53337625627149,1.27570224745415,1.15763245028343
"ENSG00000165140",1.25953385294194,1.10409796086125,1
"ENSG00000165156",1.2839387562021,1.24775764733419,1
"ENSG00000165168",1.32503369615216,1.10525307788431,1
"ENSG00000165169",1.21965699264988,1.26413788281428,1
"ENSG00000165175",1.6243173040776,1.40681913393332,1.36326946527888
"ENSG00000165178",1.35834097727409,1.44357049757365,1
"ENSG00000165185",1.39943043955942,1.09531555198444,1
"ENSG00000165195",1.17244090689278,1.08863808172878,1
"ENSG00000165209",1.1112588852337,1.22553256851645,1
"ENSG00000165219",1.38249290673962,1.24987510865281,1.13226619804482
"ENSG00000165233",1.29422687338028,1.26558347437116,1
"ENSG00000165240",1.41015594822157,1.33486871642536,1.1395653127974
"ENSG00000165244",1.21295741756834,1.25079413862108,1
"ENSG00000165259",1.59500749454429,1.30176142236162,1.21960314085567
"ENSG00000165264",1.42425422112179,1.30924194206479,1.12355989804214
"ENSG00000165271",1.20299936600158,1.23665534848621,1
"ENSG00000165272",1.13314601585632,1.1868604828144,1
"ENSG00000165275",1.21661571296183,1.26765393550224,1
"ENSG00000165280",1.20334699709946,1.19981119992381,1
"ENSG00000165282",1.40401739363188,1.21782397836734,1.06648765411246
"ENSG00000165283",1.02589148526886,1.14998262815943,1
"ENSG00000165288",1.52540646201812,1.36550686675026,1.27483510221457
"ENSG00000165312",1.12589935368577,1.23803183342714,1
"ENSG00000165322",1.43830856084518,1.25631069940694,1.16243043042877
"ENSG00000165338",1.46095396553147,1.32157279231434,1
"ENSG00000165355",1.18791820254136,1.34124842310516,1
"ENSG00000165359",1.15050393913556,1.23141711445481,1
"ENSG00000165389",1.35766343142949,1.21319533678436,1
"ENSG00000165392",1.10321515069835,1.26569049345472,1
"ENSG00000165406",1.30723841619133,1.06878306100623,1
"ENSG00000165410",1.27416965228543,1.3146032446476,1
"ENSG00000165416",1.27686590627122,1.37389422072953,1
"ENSG00000165417",1.11551616555028,1.1460298025986,1
"ENSG00000165424",1.29691266412853,1.19020388457919,1
"ENSG00000165434",1.1476437621807,1.20056568028178,1
"ENSG00000165458",1.30837579953116,1.15282772057683,1
"ENSG00000165475",1.50172487493208,1.18781260799558,1.23124645288494
"ENSG00000165476",1.24350112601906,1.16384792122392,1
"ENSG00000165480",1.38615109666834,1.19991726800252,1
"ENSG00000165487",1.14911225020507,1.13263838609391,1
"ENSG00000165490",1.35295380387361,1.17300738886907,1
"ENSG00000165494",1.17366677608287,1.21929583825436,1
"ENSG00000165501",1.20597868726894,1.22127580655797,1
"ENSG00000165502",1.23927261269146,1.13184542873019,1
"ENSG00000165506",1.41114574636369,1.39553112743809,1
"ENSG00000165512",1.34542013962371,1.33479918756277,1
"ENSG00000165516",1.43033860799055,1.25846319320165,1.18990321053318
"ENSG00000165521",1.58883170269993,1.29778742063865,1.27051434840091
"ENSG00000165525",1.08648333249799,1.21728117273467,1
"ENSG00000165526",1.33923131094554,1.34829381843421,1
"ENSG00000165527",1.07307767034707,1.0426002628105,1
"ENSG00000165533",1.45405180884615,1.18786687176803,1
"ENSG00000165555",1.35769660803393,1.4161989509813,1
"ENSG00000165568",1.21491585576462,1.08588107273546,1
"ENSG00000165572",1.14551646695222,1.24378673867897,1
"ENSG00000165591",1.29062698913639,1.27961263991127,1
"ENSG00000165609",1.78507334393449,1.4257588424996,1.5512810509291
"ENSG00000165617",1.54608455733547,1.24774048964819,1.12933060748893
"ENSG00000165626",1.36557947237884,1.52548796592937,1
"ENSG00000165629",1.18559199902759,1.26703062722397,1
"ENSG00000165630",1.08223783783146,1.12927872061246,1
"ENSG00000165632",1.20790142788778,1.2293987390042,1
"ENSG00000165637",1.40299791044822,1.17528664659259,1.06785547055043
"ENSG00000165644",1.14754892815733,1.23105148743217,1
"ENSG00000165646",1.70604141607205,1.31581579280179,1.30604327306831
"ENSG00000165650",1.18209999822107,1.35105473959546,1
"ENSG00000165660",1.34067701603053,1.24220245028842,1
"ENSG00000165661",1.36510123498012,1.1731376892672,1
"ENSG00000165669",1.2263163617395,1.18387023774419,1
"ENSG00000165671",1.34402150773446,1.23448665209334,1.07068806285008
"ENSG00000165672",1.14041666012914,1.13925564866895,1
"ENSG00000165675",1.33878320935397,1.27733409892629,1
"ENSG00000165678",1.25965564350723,1.22319148987152,1
"ENSG00000165682",1.49541186653112,1.14142938194327,1
"ENSG00000165684",1.38665172895217,1.0519137760813,1
"ENSG00000165688",1.13432396693406,1.17719354441008,1
"ENSG00000165689",1.17155671127911,1.28834374382254,1
"ENSG00000165699",1.38958209050878,1.07600116266571,1.15466227579709
"ENSG00000165702",1.43189521156515,1.20648717752141,1.10684185896368
"ENSG00000165704",1.54814180767237,1.33592403750894,1.16755419642569
"ENSG00000165714",1.09029151744306,1.13750969122781,1
"ENSG00000165724",1.40948023406842,1.28435732889599,1
"ENSG00000165732",1.38958448900575,1.21031056393079,1.14203884205354
"ENSG00000165733",1.47360723355701,1.22626945598076,1.24478576804001
"ENSG00000165752",1.15585513940475,1.12655931491119,1
"ENSG00000165775",1.32201159708458,1.28902306271826,1
"ENSG00000165782",1.19602349482835,1.14911186046,1
"ENSG00000165792",1.26158156825115,1.3344344713962,1
"ENSG00000165795",1.54993947062593,1.17934018774383,1.19189803486173
"ENSG00000165801",2.0895195449989,1.44100114760623,1.79115540029808
"ENSG00000165802",1.38816776985376,1.23587554002078,1
"ENSG00000165806",1.16577146611417,1.18304278440073,1
"ENSG00000165813",1.16548710191647,1.22921405703608,1
"ENSG00000165819",1.29413528577769,1.37035086273165,1
"ENSG00000165832",1.70087456879623,1.349046443205,1.42776460311803
"ENSG00000165861",1.38526784194061,1.31235762934868,1
"ENSG00000165879",1.86425960554549,1.54270868626494,1.52824010043017
"ENSG00000165886",1.83533249905756,1.59812876278257,1.36604297616803
"ENSG00000165895",1.10103628834425,1.32258015304559,1
"ENSG00000165898",1.25028414472481,1.17213912496049,1
"ENSG00000165914",1.7741805938797,1.1618147724429,1.42871574843828
"ENSG00000165915",1.05541665169909,1.13963504307148,1
"ENSG00000165916",1.38222970641168,1.23644550585079,1.07752797325657
"ENSG00000165929",1.54988469955422,1.35708760471638,1.21403365281239
"ENSG00000165934",1.26203985303609,1.0647102243407,1
"ENSG00000165943",1.50511418460237,1.20827294501339,1.29554049282576
"ENSG00000165959",1.04571318326855,1.08001771585615,1
"ENSG00000165983",1.46842200847252,1.27317238932512,1.2188251386806
"ENSG00000165997",1.28516370722193,1.1368976679505,1
"ENSG00000166002",1.18473680191333,1.07458915681688,1
"ENSG00000166004",1.08585847007625,1.11576226391517,1
"ENSG00000166012",1.1428621252519,1.11492841957148,1
"ENSG00000166024",1.22044335558616,1.11421661269096,1
"ENSG00000166025",1.72570494438181,1.13739164852489,1.3401667384355
"ENSG00000166037",1.31993841524611,1.26869142456379,1
"ENSG00000166046",1.61324985778925,1.34197694694387,1.37776543001223
"ENSG00000166068",1.43084109143405,1.25091199025953,1.07008473693603
"ENSG00000166086",1.38648446783606,1.03371064223689,1.10407887963573
"ENSG00000166091",1.50952276748871,1.21494158856411,1.14414136309573
"ENSG00000166128",1.23231883062641,1.22604979382713,1
"ENSG00000166130",1.69833454896421,1.42948906130779,1.42898734906609
"ENSG00000166133",1.47031128008066,1.29381869005313,1.02183298820515
"ENSG00000166135",1.25225444355681,1.21517146349789,1
"ENSG00000166136",1.5499865432164,1.29147816381601,1.23930674722696
"ENSG00000166140",1.15424100593326,1.18252403350348,1
"ENSG00000166145",1.29219095193599,1.28425587979589,1
"ENSG00000166164",1.2324793979935,1.10882052837749,1
"ENSG00000166166",1.46283096949092,1.24065179638139,1.12140524654724
"ENSG00000166167",1.16620628830851,1.29506611805542,1
"ENSG00000166169",1.39755202873266,1.05370375533199,1.14482196234175
"ENSG00000166170",1.29300542766241,1.05564547430601,1
"ENSG00000166171",1.13189798077492,1.20989523500167,1
"ENSG00000166181",1.47085468636182,1.30219760975901,1.22846758062716
"ENSG00000166188",1.42591609335843,1.28971540921575,1
"ENSG00000166189",1.07260074188372,1.17276140676066,1
"ENSG00000166197",1.40015034530927,1.18947047749072,1.14035097797296
"ENSG00000166199",1.56785043904964,1.33596544327951,1.29094083025021
"ENSG00000166200",1.24042644649243,1.22412600151833,1
"ENSG00000166224",1.07891934791142,1.22588102767261,1
"ENSG00000166225",1.23064472700402,1.08937639349964,1
"ENSG00000166226",1.30956975977807,1.33216298138686,1
"ENSG00000166228",1.15598599957678,1.36831249234159,1
"ENSG00000166233",1.11050016592704,1.12956703820131,1
"ENSG00000166260",1.33126779647029,1.34595821664742,1
"ENSG00000166261",1.04801545093804,1.34584486524656,1
"ENSG00000166262",1.48111568489814,1.34973572565348,1
"ENSG00000166263",1.50810729650357,1.28790623028583,1.1613941594016
"ENSG00000166266",1.38361278531442,1.31435137470561,1.07502903365784
"ENSG00000166272",1.47324825696846,1.38638400743362,1.15385736927393
"ENSG00000166275",1.0811165352731,1.20233915848562,1
"ENSG00000166295",1.31902675903427,1.25729013039131,1
"ENSG00000166311",1.25604129208455,1.05460384506992,1
"ENSG00000166313",1.24453215061841,1.19617706616488,1
"ENSG00000166321",1.26777906327181,1.27698850765732,1
"ENSG00000166326",1.43547795923463,1.2401372838436,1.20294085717186
"ENSG00000166333",1.46196860458742,1.20773408925948,1.21555180546551
"ENSG00000166337",1.20383594851493,1.27464496795083,1
"ENSG00000166340",1.35783631827611,1.05928140549149,1
"ENSG00000166341",1.33765344566834,1.15680968749305,1
"ENSG00000166343",1.54441190984221,1.13645019469796,1.20431860218362
"ENSG00000166347",1.20078150987384,1.30186276038785,1
"ENSG00000166348",1.30695160338098,1.23113670753944,1
"ENSG00000166377",1.30985044426922,1.20535352605597,1
"ENSG00000166387",1.30389458567701,1.15202322677164,1
"ENSG00000166398",1.19425895813041,1.09308709769513,1
"ENSG00000166401",1.41358437242567,1.07755977774751,1.09392681534581
"ENSG00000166405",1.16182486603487,1.19047517551744,1
"ENSG00000166411",1.39533042604431,1.30987761821114,1.07906703331707
"ENSG00000166428",1.10155662450757,1.11470040744435,1
"ENSG00000166432",1.48085777262477,1.21202505386506,1.22639289422096
"ENSG00000166435",1.21429934462848,1.04708866875493,1
"ENSG00000166436",1.36724973528904,1.1770580660911,1
"ENSG00000166439",1.79578366325808,1.54278235628903,1.49124890937329
"ENSG00000166441",1.3928404517081,1.26629050129861,1.11348353246677
"ENSG00000166446",1.26480089270992,1.23191424381133,1
"ENSG00000166452",1.40616346930391,1.22245083137759,1
"ENSG00000166454",1.34509373233058,1.24979449674819,1.02827251358669
"ENSG00000166471",1.06950646524315,1.12676639824243,1
"ENSG00000166477",1.43723564039772,1.21330867027901,1.15359244028769
"ENSG00000166478",1.30494644223065,1.29749910953903,1
"ENSG00000166479",1.3671843753641,1.25808844567817,1.08313165546772
"ENSG00000166483",1.50284600517974,1.22717022754618,1.17579089332307
"ENSG00000166484",1.32987762001814,1.12694573329068,1
"ENSG00000166501",1.29431009606493,1.39642322860766,1
"ENSG00000166503",1.78279429672479,1.30965206800889,1.41994487568293
"ENSG00000166508",1.22037853887067,1.23303577735607,1
"ENSG00000166523",1.48152324481754,1.42121116324727,1.13851332766311
"ENSG00000166526",1.44919996098677,1.16143781921493,1.20930471074587
"ENSG00000166527",1.19200566225876,1.21020816718028,1
"ENSG00000166529",1.25059571876691,1.22419493761073,1
"ENSG00000166532",1.48337236455162,1.30270037390002,1.17975271469572
"ENSG00000166548",1.20370056828963,1.21085772293323,1
"ENSG00000166557",1.38794137774795,1.27671331137102,1.05987434901221
"ENSG00000166562",1.26238505973928,1.31035222817056,1
"ENSG00000166575",1.31041355978155,1.31339952818099,1
"ENSG00000166579",1.69838261010577,1.56992040077513,1.35968246131298
"ENSG00000166582",1.36259583701513,1.28221924574238,1
"ENSG00000166595",1.22784374335711,1.26071149481697,1
"ENSG00000166598",1.22625453778068,1.1671193493005,1
"ENSG00000166619",1.17137029661874,1.02722408395166,1
"ENSG00000166669",1.14841405208821,1.30601280098865,1
"ENSG00000166681",1.42566257932079,1.06495418983422,1.10984969588833
"ENSG00000166685",1.1400143549048,1.03598486358503,1
"ENSG00000166704",1.25869311004534,1.19107820718357,1
"ENSG00000166707",1.31807686782969,1.29689807306971,1
"ENSG00000166710",1.34213705050865,1.12539013413286,1
"ENSG00000166716",1.63366869993289,1.3218645087215,1.40655205263527
"ENSG00000166734",1.10624179496841,1.21143585197414,1
"ENSG00000166747",1.29211197852054,1.32830142813068,1
"ENSG00000166750",1.44764170631123,1.28110009096332,1.19279045490897
"ENSG00000166762",1.01695329663435,1.23431740778702,1
"ENSG00000166783",1.32175630093957,1.22307440168288,1
"ENSG00000166788",1.59369083081744,1.40652495141355,1.25110727677145
"ENSG00000166794",1.14276914744779,1.08082175823389,1
"ENSG00000166797",1.06736269583481,1.22839103585014,1
"ENSG00000166801",1.15086370465366,1.03429241308215,1
"ENSG00000166822",1.12363972734325,1.16830070444556,1
"ENSG00000166825",1.53154070432288,1.39016730838198,1.21895598366492
"ENSG00000166839",1.54453562033065,1.04611380716528,1.16148458582694
"ENSG00000166845",1.39022412526997,1.3234624477719,1
"ENSG00000166847",1.08101965525423,1.13255011074246,1
"ENSG00000166848",1.26423442714435,1.17486884678445,1
"ENSG00000166855",1.06157138863395,1.11864166981793,1
"ENSG00000166860",1.17165407338495,1.28725563562891,1
"ENSG00000166881",1.31606712461136,1.25139008192769,1
"ENSG00000166886",1.33284041801165,1.0993764750068,1
"ENSG00000166887",1.30020305758506,1.2825601378683,1
"ENSG00000166888",1.43749523236158,1.42095867645084,1.07926833380139
"ENSG00000166889",1.49860571673656,1.33863067042196,1.22898149692301
"ENSG00000166896",1.08504703239071,1.32841235303859,1
"ENSG00000166900",2.05082014733123,1.73030482984231,1.57087837786945
"ENSG00000166902",1.39689587509858,1.28171258798335,1.0751815516177
"ENSG00000166908",1.44417362314997,1.28899958388156,1.12949823538261
"ENSG00000166912",1.37288957364046,1.51586048857475,1
"ENSG00000166913",1.07887364000368,1.19827158552022,1
"ENSG00000166925",1.50068272609185,1.32686335523057,1.23379563967755
"ENSG00000166927",1.31105201196308,1.22386390007774,1
"ENSG00000166928",1.34385439115246,1.10183822074854,1
"ENSG00000166938",1.49435902573414,1.31145734102508,1.21567683532121
"ENSG00000166946",1.20939391764438,1.28886665589415,1
"ENSG00000166947",1.13224676220788,1.05451511145745,1
"ENSG00000166949",1.04138672054261,1.22601172012083,1
"ENSG00000166963",1.63611826291837,1.14927652279412,1.2073695104362
"ENSG00000166965",1.46708212168213,1.1535264785872,1
"ENSG00000166971",1.22960135951637,1.22052235610568,1
"ENSG00000166974",1.02580035687644,1.1098673965164,1
"ENSG00000166979",1.46435318177952,1.2466399017196,1
"ENSG00000166986",1.65263830460608,1.29659486042544,1.44012992405415
"ENSG00000166987",1.60690525528038,1.31648473285847,1.24698740574675
"ENSG00000166997",1.55421409510953,1.28568803458041,1.27418127730274
"ENSG00000167004",1.22462798155956,1.21951731359983,1
"ENSG00000167005",1.45346838218712,1.23841673244743,1.22037321228139
"ENSG00000167037",1.48263970595992,1.14472940470996,1
"ENSG00000167065",1.52572200562845,1.34578908344067,1.24758428220996
"ENSG00000167074",1.50554141742342,1.16802728867778,1.1882028357847
"ENSG00000167077",1.34883311480557,1.28626261858883,1
"ENSG00000167081",1.37747560550901,1.17704648154619,1.0839276669155
"ENSG00000167083",1.63955512395981,1.42749545236629,1.17610256167201
"ENSG00000167085",1.43345031765062,1.29571937003521,1.14087588055032
"ENSG00000167088",1.22914251575517,1.3933519881887,1
"ENSG00000167094",1.22644716859674,1.30707571348997,1
"ENSG00000167106",1.13749630075584,1.21107026016191,1
"ENSG00000167107",1.09016868267843,1.26502289120314,1
"ENSG00000167110",1.30355058950541,1.30893592592875,1
"ENSG00000167112",1.44418778396291,1.32972173660393,1.11873519024628
"ENSG00000167113",1.3322318270581,1.30150542086238,1
"ENSG00000167114",1.23874410117555,1.16612836217354,1
"ENSG00000167118",1.2419569513994,1.18999657852728,1
"ENSG00000167130",1.34438818877807,1.14114125899835,1
"ENSG00000167136",1.30085809782641,1.29815853883839,1
"ENSG00000167173",1.53037844210178,1.30329155510385,1.26237270989427
"ENSG00000167186",1.31529490398424,1.17163416441143,1
"ENSG00000167193",1.70224142571215,1.45946167509015,1.41826996596443
"ENSG00000167196",1.24716871997782,1.30657040517193,1
"ENSG00000167202",1.05767103974328,1.17429545298783,1
"ENSG00000167208",1.40302727721686,1.23003599456811,1.14860266374683
"ENSG00000167210",1.38323027020875,1.22959935659636,1
"ENSG00000167220",1.46290721857328,1.25317062294802,1.21153174900291
"ENSG00000167232",1.32274629340254,1.28824819620556,1
"ENSG00000167257",1.14114881454493,1.20095532589777,1
"ENSG00000167258",1.28885893823102,1.08639858302018,1
"ENSG00000167264",1.53846952636298,1.17421836071821,1.3010567724671
"ENSG00000167272",1.48642961289661,1.42031814908439,1.12967650796244
"ENSG00000167280",1.42119941835699,1.14948482838331,1.19237225199565
"ENSG00000167283",1.13467159378617,1.25299654918159,1
"ENSG00000167302",1.34217070948972,1.19434769172597,1
"ENSG00000167315",1.35669413989229,1.26011265864129,1
"ENSG00000167323",1.37778626874989,1.19667316150193,1.13023558949645
"ENSG00000167325",1.3288924946538,1.25710566191569,1
"ENSG00000167333",1.53836448384243,1.21738352602951,1.25714701181336
"ENSG00000167377",1.22211860948132,1.30589759514705,1
"ENSG00000167378",1.2553524693247,1.10390107651222,1
"ENSG00000167380",1.18885036522869,1.19744252922243,1
"ENSG00000167384",1.15649690537624,1.20618994691638,1
"ENSG00000167394",1.17731717928242,1.04821714684045,1
"ENSG00000167395",1.56274781993441,1.37302468179737,1.3007836759982
"ENSG00000167397",1.20880659387254,1.11769047097253,1
"ENSG00000167434",1.05977117403418,1.65404217004424,1
"ENSG00000167447",1.4380466374125,1.13729875447929,1.19171380389022
"ENSG00000167460",1.26224606289748,1.21418735921847,1
"ENSG00000167461",1.3700853676103,1.2917608593418,1
"ENSG00000167468",1.16526014679415,1.10353285473029,1
"ENSG00000167470",1.62412432748735,1.44796367796404,1.32673176863299
"ENSG00000167483",1.14433123800026,1.1474259366121,1
"ENSG00000167491",1.33008457957988,1.22535065943441,1
"ENSG00000167508",1.35495939951911,1.21086689589553,1
"ENSG00000167515",1.41574679639193,1.27534376402427,1.07501579047469
"ENSG00000167522",1.42239698580504,1.21050899427217,1.18696902851112
"ENSG00000167523",1.27039282176035,1.20148123641467,1
"ENSG00000167525",1.53861128138835,1.06552979123873,1.11124217621082
"ENSG00000167526",1.38139054821609,1.30898173288986,1.0258321673387
"ENSG00000167528",1.32519806798189,1.29075902468715,1
"ENSG00000167536",1.62680358918315,1.44796672542935,1.31060706342255
"ENSG00000167543",1.31260731648857,1.25404646633175,1
"ENSG00000167548",1.49923961969194,1.24036366284802,1.27282848864506
"ENSG00000167552",1.87662898696113,1.50636793359487,1.56874195304887
"ENSG00000167553",1.41405287846665,1.2453892211446,1.12298755147419
"ENSG00000167555",1.3827644097233,1.21366511361173,1.07330344313522
"ENSG00000167562",1.33037125580037,1.16412990813967,1
"ENSG00000167565",1.62016474721775,1.3875927443583,1.30057890416297
"ENSG00000167566",1.41317506092362,1.04022527478072,1
"ENSG00000167578",1.42685157299508,1.29114676796991,1
"ENSG00000167604",1.54465187835643,1.23908536533642,1.27644445945837
"ENSG00000167613",1.02098137743212,1.20442419068135,1
"ENSG00000167615",1.31702405580334,1.11290977192279,1
"ENSG00000167625",1.30373036067692,1.25378159149298,1
"ENSG00000167632",1.31718870551866,1.09765097295077,1
"ENSG00000167635",1.45978369802745,1.29678563041015,1.18706745100029
"ENSG00000167637",1.29752309170393,1.27484660079218,1
"ENSG00000167642",1.34408540695557,1.01507089452923,1
"ENSG00000167645",1.52813864342182,1.09503094416286,1.19698845733248
"ENSG00000167657",1.17764717015918,1.24853962114098,1
"ENSG00000167658",1.37030252549204,1.19595369031564,1.09902451061928
"ENSG00000167664",1.2977057263543,1.20555492098959,1
"ENSG00000167670",1.19208139490504,1.18581255649338,1
"ENSG00000167671",1.25498033887333,1.11809832157915,1
"ENSG00000167674",1.01948931072971,1.19836853855709,1
"ENSG00000167676",1.48164772550768,1.53751350894049,1
"ENSG00000167685",1.5155316535108,1.22628136992199,1.09661818781789
"ENSG00000167699",1.56770935297347,1.27170507074748,1.34209795961086
"ENSG00000167700",1.15485147111067,1.19955214662185,1
"ENSG00000167702",1.29370625825,1.27047472329614,1
"ENSG00000167703",1.56355678426493,1.49911596861502,1.19709605135013
"ENSG00000167705",1.26176259472229,1.13693985267315,1
"ENSG00000167716",1.08304752855894,1.16798749138955,1
"ENSG00000167721",1.43684279825925,1.28278830768187,1.16290431393569
"ENSG00000167740",1.25228219789551,1.03261667704427,1
"ENSG00000167747",1.26730789419839,1.2899857194085,1
"ENSG00000167766",1.32720032313212,1.25988115634613,1
"ENSG00000167768",1.35918215265258,1.01985244876023,1.08968770978184
"ENSG00000167770",1.26530606297032,1.19261880365697,1
"ENSG00000167775",1.37969117553975,1.29258160176592,1
"ENSG00000167778",1.24736829022001,1.23038800671792,1
"ENSG00000167785",1.42615537862,1.31444254469919,1.07331837087616
"ENSG00000167792",1.3678281425557,1.22408259517788,1.10031533142388
"ENSG00000167797",1.3138154772531,1.12777527934985,1
"ENSG00000167815",1.21972522016418,1.10317918480215,1
"ENSG00000167840",1.41097344026975,1.2953525274468,1
"ENSG00000167842",1.22980617647598,1.29729054558994,1
"ENSG00000167850",1.0691354488926,1.07572486608977,1
"ENSG00000167862",1.24499157150965,1.33989150791015,1
"ENSG00000167863",1.08009246801788,1.19717922523448,1
"ENSG00000167881",1.30980480678895,1.18953879465261,1
"ENSG00000167895",1.14515126469378,1.18642784664362,1
"ENSG00000167904",1.27629313355658,1.29343922391404,1
"ENSG00000167925",1.28915898668111,1.1464508226036,1
"ENSG00000167962",1.04240234893083,1.16948645867617,1
"ENSG00000167965",1.41901295456309,1.21924940394419,1
"ENSG00000167967",1.1593493519342,1.1103425869754,1
"ENSG00000167969",1.25391633192145,1.21405412176332,1
"ENSG00000167972",1.41480509093473,1.26526137051505,1
"ENSG00000167977",1.09938503266458,1.20244480344328,1
"ENSG00000167978",1.32957810931447,1.07464678990406,1.05110483372865
"ENSG00000167981",1.54739125265499,1.12910627520943,1.19448583812073
"ENSG00000167984",1.38839950023727,1.30365161593749,1.05096580060022
"ENSG00000167985",1.45583215623983,1.24909507460559,1.18130153575466
"ENSG00000167986",1.25909077090638,1.12977378332206,1
"ENSG00000167987",2.33251609677328,1.39509192047199,1.92091643149256
"ENSG00000167995",1.7179497487647,1.57424047229075,1.33085291572153
"ENSG00000167996",1.5465894840037,1.39189370718232,1.26380742012672
"ENSG00000168002",1.27584820248036,1.16966919264953,1
"ENSG00000168003",1.3526042202721,1.07510579154735,1.08445178998688
"ENSG00000168005",1.16166344823075,1.27974526949138,1
"ENSG00000168010",1.66995990088355,1.42224701499718,1.38542866473634
"ENSG00000168014",1.36709731774145,1.17492867183661,1.1241557684234
"ENSG00000168016",1.39576213085741,1.37850880778381,1
"ENSG00000168026",1.39060286623523,1.05773180260633,1
"ENSG00000168028",1.27536093668453,1.30592855112282,1
"ENSG00000168036",1.2440154063539,1.16826937308065,1
"ENSG00000168038",1.11836165737977,1.16837039173903,1
"ENSG00000168040",1.32883487102132,1.37426643623448,1
"ENSG00000168056",1.29269994553721,1.17997934583382,1
"ENSG00000168066",1.30220992513731,1.11407725687175,1
"ENSG00000168071",1.4410958368284,1.29775127081023,1.16910347846509
"ENSG00000168090",1.38896696880525,1.18586277257435,1.0935855802538
"ENSG00000168092",1.26327821248766,1.33657575289025,1
"ENSG00000168096",1.29232759822022,1.32204922812651,1
"ENSG00000168101",1.04377626604435,1.13939748539226,1
"ENSG00000168116",1.10394541303914,1.26027890699623,1
"ENSG00000168118",1.10419889502945,1.26176535035,1
"ENSG00000168137",1.34951872405867,1.08854153173529,1.10585695847106
"ENSG00000168152",1.43504634782057,1.27811023301647,1
"ENSG00000168159",1.30159195149289,1.10823251365581,1
"ENSG00000168172",1.25939915792584,1.09901109929568,1
"ENSG00000168175",1.24376287833548,1.16958602741081,1
"ENSG00000168209",1.26985945602652,1.13068239938222,1
"ENSG00000168214",1.52120477652803,1.43721900714087,1.19815640695294
"ENSG00000168216",1.27556036655893,1.25653559684711,1
"ENSG00000168228",1.41075919729648,1.32989597817701,1
"ENSG00000168234",1.35624491399203,1.37798793150512,1
"ENSG00000168237",1.20371296705816,1.03817626142273,1
"ENSG00000168242",1.07406877836249,1.27506630018652,1
"ENSG00000168246",1.48116689386191,1.25709155890287,1.16244550085722
"ENSG00000168255",1.10436348260685,1.08467694005064,1
"ENSG00000168256",1.15122846469378,1.20278264551773,1
"ENSG00000168259",1.32415287697,1.1603324875564,1
"ENSG00000168264",1.42224355575759,1.21026359909531,1.1968636756472
"ENSG00000168273",1.11923445635469,1.3812044174764,1
"ENSG00000168275",1.31420074496148,1.30379618895719,1
"ENSG00000168280",1.47944062624045,1.24919814128945,1.18435537479727
"ENSG00000168282",1.12824653831105,1.18987447030606,1
"ENSG00000168283",1.48202646693919,1.30340173430151,1.19423037715406
"ENSG00000168286",1.36093299446555,1.21551280585653,1.06297947940672
"ENSG00000168288",1.29795456618732,1.21132703248096,1
"ENSG00000168291",1.37382853583935,1.2024203580782,1.10648710490569
"ENSG00000168297",1.30837775659887,1.38515082943611,1
"ENSG00000168298",1.42059199500869,1.23647284338889,1.20197769514471
"ENSG00000168300",1.16173385259545,1.18397085900109,1
"ENSG00000168301",1.42125170677487,1.26085446249101,1.08695848300296
"ENSG00000168303",1.23295391958101,1.22202272995151,1
"ENSG00000168310",1.7242155971804,1.51550516360977,1.40162137524074
"ENSG00000168329",1.3163435185168,1.22843113059163,1
"ENSG00000168374",1.21146621409185,1.24373070554591,1
"ENSG00000168385",1.16417665638918,1.09460067852722,1
"ENSG00000168389",1.41938437515865,1.13376952563888,1
"ENSG00000168393",1.08970937237058,1.3779035410861,1
"ENSG00000168395",1.162226212642,1.19341560259425,1
"ENSG00000168397",1.23592436839563,1.08313083671011,1
"ENSG00000168404",1.37406870474194,1.37093455042999,1
"ENSG00000168405",1.14765991409913,1.30948972454386,1
"ENSG00000168411",1.17205150390751,1.03043794359578,1
"ENSG00000168421",1.19059657767729,1.30619995666787,1
"ENSG00000168434",1.14383952234776,1.18460880262054,1
"ENSG00000168438",1.36259457457234,1.15318165689049,1.08825771813908
"ENSG00000168439",1.04082209874247,1.10663617057379,1
"ENSG00000168461",1.79677814891956,1.51226622713113,1.46490561551884
"ENSG00000168476",1.42249445406045,1.10227567225257,1
"ENSG00000168488",1.48943636074506,1.13746759082564,1.17616030645166
"ENSG00000168495",1.1770147699949,1.2987079866411,1
"ENSG00000168496",1.08892302324506,1.23664651257059,1
"ENSG00000168497",1.33238215905698,1.12046221064618,1.07078400333204
"ENSG00000168517",1.51437614028659,1.14498110715244,1
"ENSG00000168522",1.11944318336047,1.1223098560679,1
"ENSG00000168538",1.32429607756212,1.11569993061449,1
"ENSG00000168556",1.21866342098053,1.12315063518109,1
"ENSG00000168564",1.37900395901051,1.19478313172556,1.09461237985709
"ENSG00000168566",1.2220908085527,1.06218759869789,1
"ENSG00000168569",1.24254753023101,1.31555265616015,1
"ENSG00000168575",1.47913729014237,1.26636618801534,1.22161011724964
"ENSG00000168591",1.59101735942181,1.44835050101171,1.27302588161207
"ENSG00000168610",1.57158805702713,1.44137337420048,1.25552712339478
"ENSG00000168612",1.16373226636127,1.1782755616827,1
"ENSG00000168614",1.04375266070783,1.10017919836892,1
"ENSG00000168615",1.06923962991977,1.27675674619482,1
"ENSG00000168646",1.02678329920183,1.19290031435899,1
"ENSG00000168653",1.03036393007597,1.32228056118111,1
"ENSG00000168661",1.47888787614034,1.3031166343519,1
"ENSG00000168672",1.49392627289349,1.22856530954492,1.21519939434335
"ENSG00000168675",1.54117871102395,1.19383700333137,1.34220310322427
"ENSG00000168701",1.1562161986313,1.10496435385611,1
"ENSG00000168710",1.12749673378847,1.13443017531146,1
"ENSG00000168724",1.39943089532414,1.30074748861828,1.07167929727486
"ENSG00000168734",1.23279892526548,1.16889495058571,1
"ENSG00000168758",1.32273543133074,1.17935901346352,1
"ENSG00000168763",1.26158098841147,1.19334543282156,1
"ENSG00000168765",1.10838176624502,1.16638878313176,1
"ENSG00000168769",1.70108252249838,1.57411971217426,1.34735578749884
"ENSG00000168781",1.84005485335127,1.26700444987391,1.50616412576237
"ENSG00000168785",1.10392848909858,1.06944086776473,1
"ENSG00000168792",1.3084299657126,1.25281388117435,1
"ENSG00000168795",1.41088127562714,1.29873788887721,1
"ENSG00000168802",1.27525933320554,1.17215484992058,1
"ENSG00000168803",1.25089225128256,1.3777400829297,1
"ENSG00000168806",1.44678893318748,1.29240956542944,1.10930779990235
"ENSG00000168807",1.02668249739154,1.158204158374,1
"ENSG00000168813",1.30725172477126,1.2202740316055,1
"ENSG00000168818",1.40812627238283,1.35069737549943,1
"ENSG00000168824",1.90052627296503,1.14873301509246,1.57004738452568
"ENSG00000168826",1.23907104697757,1.19458878318206,1
"ENSG00000168827",1.44063816183538,1.28536299486229,1.18526574519185
"ENSG00000168872",1.34316614600524,1.22610220717923,1
"ENSG00000168876",1.14829527678587,1.17913905511646,1
"ENSG00000168883",1.16363216825867,1.10310408880212,1
"ENSG00000168884",1.20154138147271,1.19160979161835,1
"ENSG00000168887",1.21909000676164,1.29208995593731,1
"ENSG00000168894",1.20142380238295,1.14471000115247,1
"ENSG00000168899",1.11353371817885,1.25173994089562,1
"ENSG00000168904",1.06505120681294,1.18517953838781,1
"ENSG00000168906",1.51118320171293,1.2148433710954,1.29847734232013
"ENSG00000168916",1.42478759325567,1.35063420068769,1
"ENSG00000168918",1.19299696198726,1.24780448469698,1
"ENSG00000168924",1.23079044221626,1.20597013698389,1
"ENSG00000168936",1.22723965642714,1.16140768457432,1
"ENSG00000168944",1.37166776193915,1.21866847792277,1.08881655397937
"ENSG00000168958",1.20494724148079,1.09227024106901,1
"ENSG00000168961",1.42815103229702,1.25884072895383,1.11289799298593
"ENSG00000168970",1.40680325102543,1.18119537127121,1
"ENSG00000168995",1.535512272953,1.33467347146916,1.18408912660496
"ENSG00000169016",1.4759519441203,1.29608351331428,1
"ENSG00000169018",1.18943880511203,1.18960385139521,1
"ENSG00000169019",1.10294920351124,1.26630297495089,1
"ENSG00000169020",1.10963688899308,1.28404280838775,1
"ENSG00000169021",1.44262532226782,1.16264356860412,1.20481912733111
"ENSG00000169026",1.05313419273788,1.23358458447517,1
"ENSG00000169031",1.15165463523178,1.11420266143474,1
"ENSG00000169032",1.15010501036025,1.04805834069755,1
"ENSG00000169045",1.31697585328019,1.27310658084573,1
"ENSG00000169047",1.16842739100308,1.05739623946247,1
"ENSG00000169057",1.36628643342282,1.14359794386037,1.09917805234354
"ENSG00000169062",1.40128658775963,1.34588748963189,1
"ENSG00000169087",1.31856011030128,1.31067467306401,1
"ENSG00000169118",1.3865822230159,1.21083247991648,1.10109824411101
"ENSG00000169129",1.18075071013767,1.17663612575079,1
"ENSG00000169131",1.09442010272287,1.03421276147926,1
"ENSG00000169139",1.36014103507507,1.24763772102415,1
"ENSG00000169155",1.17735847505906,1.08871922701909,1
"ENSG00000169180",1.63395098820629,1.64418532140934,1.19141877816472
"ENSG00000169188",1.04146801698341,1.21934509273122,1
"ENSG00000169189",1.43802007485796,1.18098189966307,1.17714593811525
"ENSG00000169193",1.36157312419819,1.21537169480527,1
"ENSG00000169217",1.26307034947122,1.21854000453175,1
"ENSG00000169220",1.71638812524327,1.44463997309821,1.4304108632507
"ENSG00000169221",1.6669269114372,1.26930287428323,1.38756139736993
"ENSG00000169223",1.45558760895595,1.28923467743364,1.19424182131933
"ENSG00000169228",1.39667556126737,1.43047333175953,1
"ENSG00000169230",1.18465677763799,1.19109604340435,1
"ENSG00000169231",1.67389625749205,1.33013248015581,1.4344344060824
"ENSG00000169239",1.37679052315597,1.29768667924597,1
"ENSG00000169241",1.21059446769816,1.2438160783892,1
"ENSG00000169247",1.3745927389352,1.21312654281225,1
"ENSG00000169249",1.1407792900757,1.22284505443845,1
"ENSG00000169251",1.26451317886197,1.27316556273537,1
"ENSG00000169288",1.27511735234639,1.44271565215695,1
"ENSG00000169299",1.45130155066873,1.39163037059722,1.1505068629344
"ENSG00000169313",1.39106669889335,1.09785834199581,1
"ENSG00000169359",1.29266034882928,1.32167441069965,1
"ENSG00000169371",1.29728702295299,1.34068827247217,1
"ENSG00000169372",1.45087041042135,1.17862841408644,1.14756809885016
"ENSG00000169375",1.18367771961625,1.08451316800133,1
"ENSG00000169379",1.05856777612165,1.28068959394917,1
"ENSG00000169398",1.25994213753722,1.21276605920907,1
"ENSG00000169403",1.70583909490152,1.53254546400681,1.35880930142883
"ENSG00000169410",1.1835136513478,1.16024342764115,1
"ENSG00000169429",1.81405860185638,1.29131794033412,1.56883731574308
"ENSG00000169442",1.05712202009142,1.2580478864543,1
"ENSG00000169446",1.08482758952437,1.12976713206427,1
"ENSG00000169490",1.27279740295308,1.22363229379669,1
"ENSG00000169499",1.2432283313514,1.22843540616754,1
"ENSG00000169504",1.34744062568491,1.10587176885512,1.03707748741322
"ENSG00000169519",1.19641357068392,1.28828530532817,1
"ENSG00000169554",1.23565208764217,1.05147564985853,1
"ENSG00000169564",1.38076690214403,1.24113932321227,1.09403729487448
"ENSG00000169567",1.05951108331521,1.30512763196915,1
"ENSG00000169570",1.30125015998697,1.30810925800371,1
"ENSG00000169592",1.23371959445499,1.13692216205755,1
"ENSG00000169598",1.18695857713679,1.24735480718231,1
"ENSG00000169599",1.31312846321703,1.29904458983125,1
"ENSG00000169609",1.24602242425051,1.18496953029958,1
"ENSG00000169612",1.47759094618026,1.26414035702179,1
"ENSG00000169621",1.05240467418759,1.32186327041453,1
"ENSG00000169635",1.17824778812311,1.15251504673125,1
"ENSG00000169641",1.16230828640013,1.19077197415412,1
"ENSG00000169660",1.22488785630104,1.17332751866805,1
"ENSG00000169679",1.5762274952378,1.25151961778562,1.21199543607843
"ENSG00000169683",1.41916964164007,1.23062717715248,1.0319464799162
"ENSG00000169689",1.16885578257126,1.31943085274013,1
"ENSG00000169692",1.46871358727582,1.3380882462802,1.11150120167554
"ENSG00000169696",1.21055563091302,1.24093795778039,1
"ENSG00000169704",1.33598971350359,1.15578574415528,1
"ENSG00000169710",1.10361201796446,1.21901023853995,1
"ENSG00000169714",1.13852165440533,1.19899681241763,1
"ENSG00000169718",1.32166703940587,1.24011034267182,1
"ENSG00000169727",1.37457573077482,1.14679472804037,1.10287262847344
"ENSG00000169733",1.00705809094996,1.02991242565945,1
"ENSG00000169738",1.46738068624642,1.13835931252668,1.19476842171405
"ENSG00000169740",1.18642153963313,1.37326588706983,1
"ENSG00000169756",1.30857549722299,1.0584458845174,1
"ENSG00000169762",1.35376137009071,1.06619067705583,1.03431273488783
"ENSG00000169764",1.15240141812247,1.14502763730762,1
"ENSG00000169813",1.18409083583106,1.03173355595497,1
"ENSG00000169814",1.16090705520362,1.11632576807054,1
"ENSG00000169826",1.40356662535559,1.26210979330144,1.14986696738102
"ENSG00000169857",1.53184916539791,1.28219544655419,1.15495508222631
"ENSG00000169860",1.1321238757719,1.03897226224481,1
"ENSG00000169871",1.45412186546498,1.23349461072018,1.22309608762161
"ENSG00000169877",1.26573888651902,1.12950076587686,1
"ENSG00000169895",1.18125995300377,1.26251387061931,1
"ENSG00000169896",1.46998496676225,1.35030628281628,1.16333675527983
"ENSG00000169902",1.41914352802891,1.31363249831586,1.03250694378923
"ENSG00000169905",1.488474356572,1.47006362425147,1.12270320542528
"ENSG00000169914",1.23828280118851,1.27346624162631,1
"ENSG00000169919",1.23359955152767,1.03373670476529,1
"ENSG00000169925",1.23886013152839,1.15905606955954,1
"ENSG00000169926",1.37884074217603,1.23402134416531,1.11040565517312
"ENSG00000169951",1.39580447795101,1.1555223792838,1
"ENSG00000169955",1.17045976659565,1.08540100947995,1
"ENSG00000169957",1.3714666867317,1.11049292838721,1
"ENSG00000169964",1.2840857884428,1.29954921948754,1
"ENSG00000169967",1.58917450923032,1.50374918368325,1.25383732494229
"ENSG00000169972",1.11125999573617,1.15041272310054,1
"ENSG00000169976",1.22781913153255,1.23710304446923,1
"ENSG00000169981",1.26805917767576,1.18720474953572,1
"ENSG00000169991",1.32438435770672,1.1938056432047,1
"ENSG00000169994",1.1478618742614,1.37798519103723,1
"ENSG00000170004",1.24718451654423,1.09210332399802,1
"ENSG00000170006",2.03787471968356,1.75821218824558,1.54596843817714
"ENSG00000170017",1.3237961989424,1.22239573839735,1
"ENSG00000170027",1.11988342259722,1.10536603930537,1
"ENSG00000170035",1.27236191563804,1.18557509301934,1
"ENSG00000170037",1.47327850909251,1.23777244901494,1.16402507813616
"ENSG00000170043",1.38792730988712,1.20123880326515,1
"ENSG00000170074",1.03463155462946,1.31594731068281,1
"ENSG00000170085",1.27092802835029,1.29239771435904,1
"ENSG00000170088",1.53299220196125,1.29995472107814,1.27517288321239
"ENSG00000170089",1.25964632043803,1.24865168435151,1
"ENSG00000170100",1.14201739967607,1.22970541438966,1
"ENSG00000170113",1.26662224921346,1.3543184937312,1
"ENSG00000170142",1.34562107478615,1.24332661918736,1
"ENSG00000170144",1.18931782335059,1.24996842139383,1
"ENSG00000170145",1.06516480860212,1.2190537801655,1
"ENSG00000170175",1.16630957746459,1.31707663356882,1
"ENSG00000170180",1.24247413431509,1.12603791456529,1
"ENSG00000170185",1.03437431214625,1.2977451697428,1
"ENSG00000170190",1.48504863705643,1.43373164219696,1.04431809080295
"ENSG00000170191",1.69793745063218,1.34057793820325,1.37466023294363
"ENSG00000170222",1.34381412582201,1.22046990236333,1
"ENSG00000170234",1.10645384890063,1.15766792532839,1
"ENSG00000170242",1.33612209531486,1.23587506757786,1
"ENSG00000170248",1.16429734360369,1.124088044606,1
"ENSG00000170260",1.40562440664101,1.14218684136648,1.1041353612248
"ENSG00000170265",1.12314637050127,1.1187307416009,1
"ENSG00000170266",1.11525862682188,1.1974336177747,1
"ENSG00000170270",1.04215175568109,1.33431182180074,1
"ENSG00000170271",1.40629883515983,1.11413057205172,1.19178448944661
"ENSG00000170275",1.04903360399188,1.16056593183021,1
"ENSG00000170291",1.41537259642188,1.25920168692214,1.07121721335458
"ENSG00000170296",1.60357526508434,1.32361368128649,1.26524722741442
"ENSG00000170310",1.40378381684641,1.32837405183932,1.04883517684009
"ENSG00000170315",1.04171675772302,1.01092959868623,1
"ENSG00000170322",1.19340970347904,1.06302161714888,1
"ENSG00000170325",1.57834283096456,1.34181602089891,1.33379978732099
"ENSG00000170340",1.32635311979987,1.21874248858646,1
"ENSG00000170345",1.94890352768547,1.47383152703286,1.64617994449839
"ENSG00000170348",1.17039370416244,1.20086838881874,1
"ENSG00000170364",1.2352463520091,1.35509250731644,1
"ENSG00000170365",1.48071504688972,1.07461833576375,1
"ENSG00000170379",1.17394226374824,1.18436009562532,1
"ENSG00000170385",1.25408341233483,1.17258895299707,1
"ENSG00000170417",1.44590236781372,1.36788085251376,1
"ENSG00000170430",1.4790717216396,1.19110127560044,1.19329762563842
"ENSG00000170445",1.31505940391995,1.19385319240474,1
"ENSG00000170448",1.28087809887903,1.03628895440936,1
"ENSG00000170458",1.4142891541369,1.23137016698548,1.12367396450272
"ENSG00000170464",1.34134828557311,1.27852913389635,1
"ENSG00000170471",1.10970729400642,1.24553313279803,1
"ENSG00000170473",1.49298164138943,1.24521522091441,1.21846775653964
"ENSG00000170502",1.45509532140854,1.26701635864311,1.07257521443034
"ENSG00000170515",1.31597560235528,1.22322973606596,1
"ENSG00000170522",1.47344935839851,1.33563776018453,1
"ENSG00000170525",1.51657326562616,1.38281024079911,1.20731574595853
"ENSG00000170540",1.28105685621501,1.14419347901493,1
"ENSG00000170542",1.24089042439304,1.20273081487568,1
"ENSG00000170545",1.11447467737517,1.16984936352112,1
"ENSG00000170571",1.37367539392947,1.08633448061149,1.14437686999075
"ENSG00000170581",1.23288500607374,1.12286429599615,1
"ENSG00000170584",1.25000475329806,1.3570735194548,1
"ENSG00000170604",1.20423580690444,1.11806008236392,1
"ENSG00000170606",1.31372558742255,1.1168285764385,1
"ENSG00000170619",1.08492328947753,1.16384662765198,1
"ENSG00000170629",1.19365525102193,1.28385102963728,1
"ENSG00000170631",1.572114630993,1.26872321292003,1.24554803418408
"ENSG00000170632",1.04784746887038,1.20695586934545,1
"ENSG00000170633",1.41721856848489,1.26203532389913,1.18663884398822
"ENSG00000170634",1.23118924049834,1.25672755729564,1
"ENSG00000170638",1.39183271130376,1.1288049540693,1.09468949454946
"ENSG00000170653",1.49786938291447,1.09841258753496,1.18618782102734
"ENSG00000170677",1.28955455591553,1.25228262842137,1
"ENSG00000170734",1.26950790849624,1.22143874549956,1
"ENSG00000170759",1.20970914643355,1.15874991049355,1
"ENSG00000170776",1.31158857055941,1.29085840400242,1
"ENSG00000170779",1.22240968732527,1.27434328723858,1
"ENSG00000170791",1.46901816595214,1.25641774585597,1.19359299036187
"ENSG00000170802",1.23877458530846,1.16071921532543,1
"ENSG00000170832",1.74995411369798,1.58002002749241,1.38864506997549
"ENSG00000170836",1.2161086678271,1.37829007420572,1
"ENSG00000170837",1.72085621134856,1.59959856159222,1.302218397804
"ENSG00000170846",1.60938439771096,1.2855491798978,1.34185426185383
"ENSG00000170852",1.5281036936319,1.43838566430195,1.22362117620782
"ENSG00000170854",1.51935480259571,1.25732055693161,1.2548964087417
"ENSG00000170855",1.32806656042763,1.36622494978152,1
"ENSG00000170860",1.07778693266907,1.29343721705977,1
"ENSG00000170871",1.64961357907463,1.60033687610443,1.25723351996807
"ENSG00000170873",1.21741928725314,1.31771016846102,1
"ENSG00000170876",1.64982821962004,1.4314630749739,1.38482388669146
"ENSG00000170881",1.11732248670213,1.05103160099189,1
"ENSG00000170889",1.01277625983815,1.14295394344996,1
"ENSG00000170892",1.67999945056829,1.56336978496748,1.26865693926584
"ENSG00000170903",1.36623359508887,1.30878918240336,1
"ENSG00000170906",1.41762879161629,1.09823364197685,1.17368579974162
"ENSG00000170909",1.46554530043391,1.33975270811046,1.03807785413756
"ENSG00000170915",1.26317363380583,1.2608006399019,1
"ENSG00000170917",1.48594144371181,1.30178018931419,1
"ENSG00000170919",1.23068861049139,1.11308896456143,1
"ENSG00000170921",1.11801810714684,1.2956159441538,1
"ENSG00000170946",1.42456516120121,1.33487347728552,1
"ENSG00000170949",1.16239883905494,1.03521066096283,1
"ENSG00000170962",1.34795828705128,1.25689400382517,1
"ENSG00000170989",1.44767350813973,1.27945458094874,1.17174627170112
"ENSG00000171033",1.38133809713179,1.18403341336162,1
"ENSG00000171044",1.26770699178068,1.27879869060185,1
"ENSG00000171045",1.42525571313299,1.2390168758966,1
"ENSG00000171055",1.12631154359317,1.21179106144842,1
"ENSG00000171067",1.20139502232576,1.29180721637819,1
"ENSG00000171097",1.17817254768723,1.04913684299567,1
"ENSG00000171100",1.13883360641115,1.2378776709326,1
"ENSG00000171103",1.71766110555737,1.45545601996508,1.37294806107733
"ENSG00000171105",1.2841837309088,1.04621040926419,1
"ENSG00000171109",1.17729990682338,1.1213341814329,1
"ENSG00000171115",1.41565933200727,1.18517246015795,1.17593668516801
"ENSG00000171130",1.38456410514816,1.23945128827862,1
"ENSG00000171132",1.08370943607788,1.13762642376757,1
"ENSG00000171135",1.36274772731378,1.15147156875187,1
"ENSG00000171148",1.48421470055636,1.24422145540931,1.23246335857948
"ENSG00000171150",1.13592874338923,1.17905537062632,1
"ENSG00000171155",1.17948391582539,1.0468892587625,1
"ENSG00000171159",1.14201288589863,1.02039038726288,1
"ENSG00000171161",1.10134582570489,1.15039513664498,1
"ENSG00000171163",1.16546880971581,1.14834730998332,1
"ENSG00000171169",1.39164980803327,1.34935181553502,1
"ENSG00000171174",1.34274059169615,1.0735122866668,1
"ENSG00000171202",1.20290257698663,1.40477849889883,1
"ENSG00000171204",1.20790466963879,1.33363829959608,1
"ENSG00000171206",1.46244790697562,1.31508686249617,1.14417144999694
"ENSG00000171208",1.42045171293767,1.22413219235986,1
"ENSG00000171222",1.17966579286357,1.13773769765915,1
"ENSG00000171223",1.5037291541062,1.45964294999115,1.14500612033235
"ENSG00000171236",1.43204339050654,1.54777498253183,1
"ENSG00000171262",1.4094374666017,1.3182486463819,1
"ENSG00000171291",1.19091009190894,1.14897048568491,1
"ENSG00000171295",1.15772761988331,1.16300619302943,1
"ENSG00000171298",1.26814827758702,1.2963671569198,1
"ENSG00000171302",1.7015572266142,1.51575240710525,1.3660243901538
"ENSG00000171307",1.26658206924292,1.25434363693986,1
"ENSG00000171310",1.63051939157984,1.54388524271123,1.28710105504097
"ENSG00000171311",1.19656106847792,1.27307200354478,1
"ENSG00000171314",1.30640736024427,1.29738921754893,1
"ENSG00000171316",1.14213402457298,1.25805104698935,1
"ENSG00000171365",1.26177914068401,1.15406453937219,1
"ENSG00000171421",1.57282696989778,1.36835203945692,1.20611890210132
"ENSG00000171425",1.39487740496821,1.08077099472842,1
"ENSG00000171428",1.11639933555058,1.06243145313652,1
"ENSG00000171443",1.14182899915627,1.0889406246074,1
"ENSG00000171444",1.48166238710483,1.06483249431269,1.07246485266842
"ENSG00000171448",1.2867156880209,1.20967034131959,1
"ENSG00000171451",1.33627784760681,1.16732197563247,1
"ENSG00000171453",1.38637647207082,1.34783808688488,1
"ENSG00000171456",1.19274209488517,1.16548777501489,1
"ENSG00000171466",1.33901545383686,1.31288089451984,1
"ENSG00000171467",1.2343449574226,1.20264089009719,1
"ENSG00000171469",1.37419047164283,1.25618669041383,1.05919176735428
"ENSG00000171471",1.33288965387893,1.35340985121665,1
"ENSG00000171475",1.67561111578859,1.33617117721036,1.4114257264422
"ENSG00000171476",1.28624915913972,1.28034712488288,1
"ENSG00000171488",1.58270722918243,1.30751062545994,1.3194018831917
"ENSG00000171490",1.44529209187142,1.32718723452211,1.16714522041415
"ENSG00000171492",1.41862676724474,1.19350467899429,1.16857545810994
"ENSG00000171497",1.10981121765368,1.20731140941059,1
"ENSG00000171503",1.04667037800666,1.18852960112329,1
"ENSG00000171522",1.37246238083147,1.18518281390929,1.13744258592007
"ENSG00000171530",1.33373620977556,1.33356723776698,1
"ENSG00000171552",1.24424122313072,1.07803272923385,1
"ENSG00000171566",1.3027595121843,1.31869418893377,1
"ENSG00000171574",1.38396824734669,1.27418396923099,1
"ENSG00000171596",1.33443371796522,1.36260144253191,1
"ENSG00000171603",1.01268577220859,1.19901141945085,1
"ENSG00000171604",1.25493862765969,1.20552218779744,1
"ENSG00000171606",1.17328444102538,1.26417190448245,1
"ENSG00000171608",1.43062465121776,1.43146765646571,1.04631340355635
"ENSG00000171611",1.54681197300764,1.19628201616001,1.16894621620316
"ENSG00000171617",1.2283853577562,1.13947338997223,1
"ENSG00000171634",1.22152657023208,1.08088900636828,1
"ENSG00000171643",1.1042139317593,1.13029727160477,1
"ENSG00000171649",1.45364950317343,1.26192524860691,1.06555816395827
"ENSG00000171659",1.56446536309385,1.13302208131563,1.22431837583011
"ENSG00000171681",1.40234319668054,1.18727450777682,1.19128510775261
"ENSG00000171700",1.50741552605112,1.4531579872126,1.15783908134533
"ENSG00000171703",1.57454155849039,1.14665342733386,1.21531930650944
"ENSG00000171720",1.10669779468101,1.11638205923451,1
"ENSG00000171723",1.3822259384666,1.30073542706062,1
"ENSG00000171735",1.33216979892281,1.21257348785374,1
"ENSG00000171763",1.24490130776387,1.13114078092856,1
"ENSG00000171766",1.38519857065732,1.14421745409193,1
"ENSG00000171777",1.80576772233665,1.44704324707129,1.48052290619809
"ENSG00000171791",1.66462029772871,1.2599059003956,1.44210761255894
"ENSG00000171792",1.47662968847029,1.2682648525559,1.18034208439068
"ENSG00000171793",1.30549560090441,1.33072602877769,1
"ENSG00000171806",1.32939990413395,1.33900456166309,1
"ENSG00000171813",1.03443139040875,1.18465506903554,1
"ENSG00000171817",1.55684382749543,1.31069938078064,1.20421364588347
"ENSG00000171823",1.05659500097988,1.17339744774896,1
"ENSG00000171824",1.37483646992586,1.23900234806778,1.10100333159372
"ENSG00000171827",1.46092530177043,1.31891881951122,1.06537858528138
"ENSG00000171840",1.12913773538893,1.19273553536189,1
"ENSG00000171843",1.38452084031511,1.29098854878701,1
"ENSG00000171853",1.19017851069044,1.15355073559638,1
"ENSG00000171858",1.24463670010933,1.28005138518453,1
"ENSG00000171861",1.3479268896197,1.31835725918774,1
"ENSG00000171862",1.18654588192121,1.43792662671529,1
"ENSG00000171863",1.19028044885992,1.32279007035122,1
"ENSG00000171865",1.12869531639343,1.25130960254831,1
"ENSG00000171867",1.40438007367403,1.17149389619045,1.17829993361699
"ENSG00000171914",1.34852375712966,1.05348347257704,1
"ENSG00000171928",1.3646247382316,1.09338675452634,1
"ENSG00000171940",1.26053610040913,1.51421720674783,1
"ENSG00000171953",1.07387719555843,1.21292391778575,1
"ENSG00000171960",1.76440280625958,1.39939341383755,1.48309041572187
"ENSG00000171970",1.5968186747495,1.25767097260717,1.14277815378205
"ENSG00000171984",1.19443932793438,1.17016977391951,1
"ENSG00000171988",1.83612609118346,1.48157823631963,1.55688461488685
"ENSG00000172005",1.48794030850692,1.17621855436217,1.22572551270944
"ENSG00000172006",1.53280310155884,1.14908625617684,1.16404387419521
"ENSG00000172007",1.46975368355142,1.33074472374344,1.20403610941017
"ENSG00000172009",1.13309631872092,1.2642056986461,1
"ENSG00000172046",1.18648923486688,1.27470618525663,1
"ENSG00000172053",1.50487641485449,1.25784076323768,1.28885858446402
"ENSG00000172057",1.21231988284626,1.13952991828085,1
"ENSG00000172059",1.23418270930985,1.24689643179102,1
"ENSG00000172071",1.16139429529493,1.24468510994359,1
"ENSG00000172081",1.63763864880272,1.39761060674429,1.37282352572627
"ENSG00000172086",1.02622807637344,1.12494891975407,1
"ENSG00000172113",1.09990698527193,1.07832251250044,1
"ENSG00000172115",1.32679982410415,1.24759445093338,1
"ENSG00000172123",1.17427766111807,1.09068922988743,1
"ENSG00000172159",1.32156843741794,1.22706389418731,1
"ENSG00000172164",1.16604628591023,1.23271582195876,1
"ENSG00000172167",1.22870332410062,1.33943318580828,1
"ENSG00000172171",1.05781221639767,1.30558074457249,1
"ENSG00000172172",1.33455224326663,1.30123229803408,1
"ENSG00000172175",1.32826805188634,1.29562292071077,1
"ENSG00000172183",1.2527322454941,1.27177392232998,1
"ENSG00000172197",1.81512921841547,1.39924967554228,1.53964818402169
"ENSG00000172216",1.45895730632872,1.45066571183875,1
"ENSG00000172239",1.34185459694404,1.36796398296403,1
"ENSG00000172262",1.20275493803801,1.31024492351649,1
"ENSG00000172269",1.36788985906115,1.17491474254926,1
"ENSG00000172270",1.06089191660459,1.11550266067441,1
"ENSG00000172273",1.21394195460015,1.19520544437509,1
"ENSG00000172292",1.17873417529668,1.1953341842156,1
"ENSG00000172301",1.25587333922612,1.2173622227316,1
"ENSG00000172315",1.43510999948197,1.3293403812946,1.13315722280562
"ENSG00000172322",1.12984218302255,1.07513906869057,1
"ENSG00000172331",1.23138358987584,1.11951790166695,1
"ENSG00000172336",1.33211583906144,1.10179840462006,1
"ENSG00000172339",1.22843236505251,1.18520511425801,1
"ENSG00000172340",1.62540345617182,1.37584635453352,1.37842118354997
"ENSG00000172345",1.16205159857474,1.04759705272257,1
"ENSG00000172349",1.43429357477924,1.39419458187689,1.13359967170216
"ENSG00000172354",1.67946243910439,1.53334610606155,1.32499352623432
"ENSG00000172366",1.48979692403204,1.28660769987917,1
"ENSG00000172375",1.35200537169977,1.03732949196936,1
"ENSG00000172409",1.11909942521809,1.25854044105792,1
"ENSG00000172428",1.28081377651988,1.28690121338436,1
"ENSG00000172432",1.25680941638365,1.16542570889673,1
"ENSG00000172456",1.08021176224073,1.23339472963867,1
"ENSG00000172465",1.66489287482795,1.42568563553814,1.22224980024942
"ENSG00000172466",1.25927009043267,1.17935610118105,1
"ENSG00000172493",1.47743007364503,1.26873002646527,1.25684606357007
"ENSG00000172500",1.13817170218633,1.07782742463095,1
"ENSG00000172530",1.60101182142466,1.35687187955157,1.3584376238044
"ENSG00000172531",1.2804365042124,1.25023152540742,1
"ENSG00000172534",1.37513969203883,1.17361132499264,1
"ENSG00000172575",1.43874651404519,1.3351533776217,1.03302480257707
"ENSG00000172578",1.09988145395475,1.07755618035334,1
"ENSG00000172586",1.23288477397885,1.21237950545254,1
"ENSG00000172590",1.08520894419735,1.27280126110938,1
"ENSG00000172594",1.08649312645918,1.15529523939533,1
"ENSG00000172613",1.12313080575008,1.13028755933991,1
"ENSG00000172638",1.40145103106191,1.18010863591344,1
"ENSG00000172660",1.13574981293305,1.20224389565236,1
"ENSG00000172661",1.25711768919889,1.22213948714484,1
"ENSG00000172663",1.36329633269778,1.27549136168285,1
"ENSG00000172667",1.31387318436585,1.23825064057732,1
"ENSG00000172671",1.30774286326465,1.17110685769485,1
"ENSG00000172673",1.33679078958275,1.32588309311308,1
"ENSG00000172687",1.32912247327242,1.21937004859472,1
"ENSG00000172716",1.15424308326774,1.23264573695789,1
"ENSG00000172725",1.36664259322255,1.18138475546471,1
"ENSG00000172728",1.32737773636823,1.06367345079067,1
"ENSG00000172732",1.23325600151297,1.15678505765029,1
"ENSG00000172748",1.47580134551336,1.3406587695794,1
"ENSG00000172757",1.24508690648255,1.27044795737977,1
"ENSG00000172765",1.82164073622689,1.51819229933084,1.52123051909207
"ENSG00000172766",1.27569427490064,1.25300815305428,1
"ENSG00000172775",1.45338265287857,1.31770087818054,1.19086413390426
"ENSG00000172780",1.5239299407402,1.41499722333003,1
"ENSG00000172785",1.31846519076998,1.21516942438426,1
"ENSG00000172794",1.30319398493705,1.35182279681549,1
"ENSG00000172795",1.58735344848909,1.3752853838711,1.32121428194862
"ENSG00000172809",1.43857375265128,1.2534711818703,1.18765863696827
"ENSG00000172819",1.02866863835661,1.2972672265147,1
"ENSG00000172824",1.07048584958829,1.15510997415268,1
"ENSG00000172830",1.89192810824845,1.38631344615733,1.57578455597668
"ENSG00000172831",1.2121728662408,1.13027980484719,1
"ENSG00000172840",1.65887992815976,1.27829043296233,1.29140898086761
"ENSG00000172845",1.30864719572878,1.332555408708,1
"ENSG00000172869",1.22419832951522,1.21291605714968,1
"ENSG00000172878",1.27708492153877,1.26759289611435,1
"ENSG00000172888",1.20172742957422,1.29702857535271,1
"ENSG00000172890",1.26139258095343,1.20098868895572,1
"ENSG00000172893",1.4732853588661,1.03417162295909,1
"ENSG00000172915",1.2138981783862,1.18212580826476,1
"ENSG00000172922",1.19399493130537,1.2571842571953,1
"ENSG00000172932",1.59249655618721,1.3410306881055,1.34334655594705
"ENSG00000172936",1.21130844532852,1.32841537058411,1
"ENSG00000172939",1.1311623893677,1.23441845519403,1
"ENSG00000172943",1.26474737879029,1.15070314730528,1
"ENSG00000172954",1.27287311898038,1.11765570247849,1
"ENSG00000172965",1.59582980525213,1.30278226900159,1.33494551747512
"ENSG00000172974",1.38036175466293,1.05896894838927,1.04392967068126
"ENSG00000172977",1.26899488214377,1.1724356026464,1
"ENSG00000172985",1.14412285385903,1.44301578857044,1
"ENSG00000172992",1.18758153103982,1.23190937789034,1
"ENSG00000173011",1.44320489536271,1.42993255867965,1.09315840691331
"ENSG00000173020",1.48593791229826,1.36404045969445,1.20440935638541
"ENSG00000173039",1.39598746407856,1.12214760644154,1.0478006082285
"ENSG00000173041",1.17083724097939,1.29502482356897,1
"ENSG00000173064",1.35817186307155,1.06044704450733,1.1135993397207
"ENSG00000173068",1.35109287618791,1.26507821703791,1
"ENSG00000173085",1.25326123248359,1.10547933807758,1
"ENSG00000173113",1.26560884658803,1.20806839198471,1
"ENSG00000173114",1.36378611235608,1.20046712998007,1
"ENSG00000173120",1.60641215457484,1.33338334226639,1.37362933151844
"ENSG00000173137",1.16533469189585,1.29392580574257,1
"ENSG00000173141",1.32441105579994,1.3219619701134,1
"ENSG00000173145",1.35489590012581,1.3548347854811,1
"ENSG00000173153",1.28647658052634,1.27579183676562,1
"ENSG00000173163",1.34050587855354,1.34033671164494,1
"ENSG00000173166",1.34405970718585,1.30736544951453,1
"ENSG00000173171",2.01149766066917,1.52610521260008,1.68113675894463
"ENSG00000173193",1.2919925305429,1.18480241924889,1
"ENSG00000173198",1.04785341934273,1.17866141702675,1
"ENSG00000173200",1.21924113860755,1.25854028698206,1
"ENSG00000173208",1.5931745875509,1.3410081430505,1.26189667909977
"ENSG00000173209",1.23900805702887,1.14516037464763,1
"ENSG00000173214",1.2712664106627,1.22597663405709,1
"ENSG00000173218",1.30883274794794,1.30754060400964,1
"ENSG00000173221",1.37902523602789,1.12902621077625,1.15175420448933
"ENSG00000173226",1.32708278725201,1.2902880818871,1
"ENSG00000173230",1.41997294818435,1.24931170317754,1.20662611520962
"ENSG00000173258",1.37555394618956,1.28079011909117,1
"ENSG00000173264",1.45969583920594,1.15489249000479,1
"ENSG00000173272",1.19592225913128,1.26256175937028,1
"ENSG00000173273",1.12388292176321,1.04099945309255,1
"ENSG00000173275",1.37604772759868,1.22194081494993,1
"ENSG00000173276",1.31404533698429,1.17658187657707,1
"ENSG00000173281",1.60674028729338,1.6769648439967,1.06552360514311
"ENSG00000173327",1.59348156815633,1.36243252238781,1.33290209783971
"ENSG00000173334",1.4285710195222,1.56360339505501,1
"ENSG00000173349",1.51340072679205,1.21063794675938,1.24275096390285
"ENSG00000173402",1.07154833307181,1.24172070203787,1
"ENSG00000173409",1.33562551223672,1.35663276729655,1
"ENSG00000173418",1.28826191658118,1.32793994495077,1
"ENSG00000173436",1.37563163497915,1.17456747015475,1
"ENSG00000173442",1.60643440997794,1.33177604321727,1.35413415638677
"ENSG00000173451",1.30853222928494,1.27968971305247,1
"ENSG00000173456",1.49000220925065,1.22223603886406,1
"ENSG00000173457",1.60169165811086,1.29903914155523,1.21713847424754
"ENSG00000173465",1.09271041124829,1.2021830650799,1
"ENSG00000173473",1.09575142906109,1.09393114774067,1
"ENSG00000173480",1.21470339496492,1.20104739403796,1
"ENSG00000173482",1.19174919931976,1.19379533640742,1
"ENSG00000173486",1.09032610364393,1.0934108231984,1
"ENSG00000173517",1.30611844575601,1.16754050001612,1
"ENSG00000173530",1.11349142359426,1.17696950099542,1
"ENSG00000173542",1.14792904971997,1.20642802578604,1
"ENSG00000173545",1.07298959535371,1.15459205136936,1
"ENSG00000173548",1.07419800098608,1.1350996888526,1
"ENSG00000173559",1.41203639606094,1.5939057216679,1
"ENSG00000173566",1.36198906422018,1.00711882219281,1
"ENSG00000173575",1.26397057931188,1.29034346022492,1
"ENSG00000173588",1.43437527219487,1.32117043023307,1.0585376340178
"ENSG00000173597",1.08673715986881,1.46002321861652,1
"ENSG00000173598",1.10605854147671,1.14677524980668,1
"ENSG00000173611",1.4268917290593,1.32638087365444,1
"ENSG00000173614",1.5482344551323,1.44385188020339,1.20061007024776
"ENSG00000173638",1.66100424833732,1.46450044108851,1.34434307183628
"ENSG00000173653",1.09153389280253,1.16202119806123,1
"ENSG00000173660",1.08225995969449,1.34433720653013,1
"ENSG00000173674",1.4724715622707,1.25379679812589,1.20346987319134
"ENSG00000173681",1.07255616051751,1.19586460628896,1
"ENSG00000173692",1.18782306714819,1.05998951403559,1
"ENSG00000173706",1.26505606067317,1.30833860866456,1
"ENSG00000173726",1.48993627579591,1.30024041983517,1.2413048642729
"ENSG00000173744",1.239849274117,1.1503769845328,1
"ENSG00000173757",1.39001117677282,1.47225139063846,1
"ENSG00000173786",1.17245434588861,1.07089900012849,1
"ENSG00000173812",1.14157053707603,1.16553689282222,1
"ENSG00000173818",1.25258577549582,1.15684393797516,1
"ENSG00000173821",1.36064380845078,1.14109431797133,1.08320244983876
"ENSG00000173825",1.91467506020283,1.49311487455848,1.53899111018752
"ENSG00000173846",1.80305880292548,1.30651988277848,1.5432339975612
"ENSG00000173848",1.39787537280682,1.16490446979724,1
"ENSG00000173852",1.29331180515699,1.25437158095343,1
"ENSG00000173868",1.54393133031774,1.29564405471497,1.32701722416857
"ENSG00000173875",1.14460649995022,1.15236701640307,1
"ENSG00000173889",1.05662332607679,1.18685466933769,1
"ENSG00000173890",1.20397742856693,1.2659863935259,1
"ENSG00000173905",1.21150250925784,1.22527053900074,1
"ENSG00000173914",1.4882339569795,1.13956651734586,1.1983349742807
"ENSG00000173915",1.12440822422642,1.30547751135681,1
"ENSG00000173917",1.16298575349639,1.24025642653683,1
"ENSG00000173928",1.14338723838889,1.13870132458754,1
"ENSG00000173930",1.42674815428717,1.33695689703101,1.12331524797079
"ENSG00000173933",1.04782550296562,1.12865411504954,1
"ENSG00000173950",1.55494891360593,1.20613476203841,1.23847858500412
"ENSG00000173960",1.44005220074733,1.32502316321697,1.11179912069007
"ENSG00000173992",1.23761668292918,1.09085816392453,1
"ENSG00000174004",1.48787879372875,1.18194190721905,1.05226722235892
"ENSG00000174007",1.58296927307243,1.47194966772191,1.24286740196796
"ENSG00000174010",1.59571267652089,1.06908896184696,1.39284724274215
"ENSG00000174013",1.35329512810924,1.29050875470506,1
"ENSG00000174021",1.34728035134329,1.40477732163187,1
"ENSG00000174028",1.50353449000555,1.27716534088302,1
"ENSG00000174032",1.16531110105183,1.27780699531605,1
"ENSG00000174080",1.65846437657857,1.24636996679441,1.31652641028332
"ENSG00000174083",1.87417432981015,1.0655756738166,1.56924595576215
"ENSG00000174093",1.40101824447064,1.19452436114182,1.07874638390333
"ENSG00000174099",1.23873570675474,1.33762617618452,1
"ENSG00000174100",1.3352498957766,1.37466089432086,1
"ENSG00000174106",1.26091980502706,1.0407775510515,1
"ENSG00000174109",1.0133618780157,1.25430760025558,1
"ENSG00000174111",1.41291881040261,1.233488963294,1
"ENSG00000174123",1.09953425839797,1.12156816379632,1
"ENSG00000174125",1.40382461303673,1.51684889554076,1
"ENSG00000174130",1.50142066650052,1.55234978483037,1
"ENSG00000174132",1.55770088773954,1.48787801785954,1.21444043638354
"ENSG00000174136",1.36279011742789,1.21638244404103,1
"ENSG00000174151",1.38793460750201,1.20497439083586,1.09828154086879
"ENSG00000174165",1.23670570179871,1.24319649275224,1
"ENSG00000174173",1.40987605860564,1.29339928228054,1
"ENSG00000174175",1.44408655630314,1.21240782503497,1.16617508576372
"ENSG00000174177",1.22014284384077,1.29778886766546,1
"ENSG00000174197",1.35695608673611,1.3180414815958,1
"ENSG00000174206",1.58230794277584,1.32963727703381,1.21572816027392
"ENSG00000174227",1.12346693405429,1.08338495441303,1
"ENSG00000174231",1.10873669896296,1.06513108942358,1
"ENSG00000174238",1.47859321612747,1.45383474944894,1.12705232276363
"ENSG00000174243",1.17048019847389,1.06917098575929,1
"ENSG00000174276",1.66791803815295,1.22110661082471,1.33979023943458
"ENSG00000174282",1.23718063401461,1.22704552215191,1
"ENSG00000174306",1.28159200024549,1.23999377854469,1
"ENSG00000174365",1.45587563612922,1.26207928708157,1
"ENSG00000174373",1.46526535760374,1.32780845282295,1.13735682307702
"ENSG00000174374",1.28050489595601,1.22091233995119,1
"ENSG00000174405",1.17755667244575,1.07446994514116,1
"ENSG00000174428",1.28404088502494,1.106047411719,1
"ENSG00000174437",1.09534371626788,1.22728927206072,1
"ENSG00000174442",1.32281530495644,1.34751811405981,1
"ENSG00000174444",1.32961181510063,1.28740561245905,1
"ENSG00000174446",1.38727145472392,1.28193537355644,1
"ENSG00000174456",1.18581520878985,1.09157311530556,1
"ENSG00000174485",1.21377198678406,1.14570924678487,1
"ENSG00000174500",1.12804155454391,1.28924586938175,1
"ENSG00000174501",1.40730117843817,1.32537376852815,1
"ENSG00000174516",1.46027497423417,1.10321635026877,1.12146541680771
"ENSG00000174529",1.67030626404042,1.39805796292761,1.31260173250431
"ENSG00000174547",1.37528041921934,1.37035302797306,1
"ENSG00000174574",1.40304369489917,1.34953185460655,1.09536763067094
"ENSG00000174579",1.37282272387166,1.37938346925478,1
"ENSG00000174600",1.49856253213319,1.25726658449368,1.16033560333836
"ENSG00000174606",1.2283881315801,1.2407161760817,1
"ENSG00000174607",1.40789982979931,1.20153076727291,1
"ENSG00000174652",1.26562179527488,1.13985788626368,1
"ENSG00000174684",1.58362368877743,1.20715368173183,1.18308690952768
"ENSG00000174695",1.14774224233723,1.03668360677577,1
"ENSG00000174718",1.26925130302567,1.45015024534751,1
"ENSG00000174720",1.12476801757393,1.20931120124853,1
"ENSG00000174721",1.62279589213735,1.22063005478241,1.16431376648894
"ENSG00000174738",1.68443540178624,1.33580580768549,1.4324605686655
"ENSG00000174744",1.28410822155725,1.23962838024552,1
"ENSG00000174748",1.38489724501508,1.28282669861451,1.08203600782794
"ENSG00000174749",1.14377084329505,1.11752501852169,1
"ENSG00000174775",1.45305317616865,1.17167155687628,1
"ENSG00000174776",1.20405226860076,1.24236437062753,1
"ENSG00000174780",1.39936293055568,1.27279967039598,1.0767042345145
"ENSG00000174791",1.50050516594859,1.06436571719373,1
"ENSG00000174796",1.13541393940974,1.08685496832567,1
"ENSG00000174799",1.11708495373307,1.18136933382078,1
"ENSG00000174839",1.30871075644996,1.16299444448107,1
"ENSG00000174840",1.43713576234247,1.34601378975781,1.14178494592589
"ENSG00000174842",1.51217559244112,1.46909307708185,1.11115995117993
"ENSG00000174851",1.40245230871851,1.22254894857428,1.05152945033398
"ENSG00000174885",1.28935752322838,1.3840785092485,1
"ENSG00000174886",1.19528196978129,1.08213027814929,1
"ENSG00000174891",1.36655738398324,1.2158741168782,1.08717364032457
"ENSG00000174903",1.24616613273769,1.30276208430097,1
"ENSG00000174915",1.04731785719162,1.19422496145155,1
"ENSG00000174917",1.27653838068078,1.28140340013703,1
"ENSG00000174943",1.43560598788883,1.13513787650496,1.11333350507053
"ENSG00000174953",1.45497433992063,1.29085508360612,1.20207956567162
"ENSG00000174977",1.33183609548185,1.2770572831404,1
"ENSG00000174989",1.26019230440045,1.20964343420431,1
"ENSG00000174996",1.3997490194869,1.31073534896252,1
"ENSG00000175003",1.90051804384042,1.50176700610802,1.4789735251101
"ENSG00000175029",1.62010172199912,1.40342780278217,1.30857619941296
"ENSG00000175040",1.26065810123548,1.0719114383931,1
"ENSG00000175048",1.37775812099667,1.27784981149249,1
"ENSG00000175054",1.46621647981929,1.32035445690435,1.19776652308807
"ENSG00000175061",1.21027956081158,1.26653599574344,1
"ENSG00000175066",1.35688161891469,1.34229531162643,1
"ENSG00000175073",1.25039349689062,1.28963898895915,1
"ENSG00000175087",1.41653941095507,1.32298932554008,1
"ENSG00000175104",1.34924328043062,1.25466258745802,1.03057102466833
"ENSG00000175105",1.23016170669391,1.03232602054556,1
"ENSG00000175106",1.27446293212711,1.25312722303488,1
"ENSG00000175110",1.27679245624928,1.31918341428579,1
"ENSG00000175115",1.33505491962823,1.22843772528576,1
"ENSG00000175130",1.63038138851688,1.30350655581053,1.31152192479783
"ENSG00000175137",1.45405767171107,1.49235806726655,1
"ENSG00000175155",1.40025312271165,1.03705950518216,1.17142537630848
"ENSG00000175166",1.21202731651995,1.06270890405496,1
"ENSG00000175182",1.35512591234746,1.32054304082653,1
"ENSG00000175193",1.30098295282879,1.23203655919699,1
"ENSG00000175197",1.592413362848,1.33200398910023,1.31327482416419
"ENSG00000175198",1.65165779763413,1.38352940006551,1.36122915731955
"ENSG00000175203",1.36929986121317,1.13234811166847,1.04517827237595
"ENSG00000175213",1.13386149857754,1.21471790167206,1
"ENSG00000175215",1.45312690472998,1.34050647786155,1.18602312970652
"ENSG00000175216",1.27130147761069,1.21687191009244,1
"ENSG00000175220",1.50958581768782,1.23835512010196,1.23724422437844
"ENSG00000175221",1.30213007085717,1.15268790808213,1
"ENSG00000175224",1.10777562545324,1.30958781036752,1
"ENSG00000175265",1.31581517211098,1.24074801357187,1
"ENSG00000175274",1.66844275875926,1.49465214372352,1.27329459968682
"ENSG00000175283",1.36103642559558,1.1661395139324,1
"ENSG00000175294",1.85621268596069,1.06231491544932,1.46951605479109
"ENSG00000175309",1.26997336820487,1.05448592555418,1
"ENSG00000175322",1.33047810381524,1.388540371809,1
"ENSG00000175324",1.07006234233169,1.27562032993551,1
"ENSG00000175334",1.24298478223822,1.13829980586294,1
"ENSG00000175348",1.38637892961488,1.21491426688463,1.154762540712
"ENSG00000175354",1.2549786270802,1.18993293382977,1
"ENSG00000175376",1.25755105988576,1.15946466144321,1
"ENSG00000175387",1.14501371366365,1.14613760575532,1
"ENSG00000175390",1.38962341703502,1.25720955773658,1.09219112727708
"ENSG00000175395",1.40661111862394,1.32172307787078,1.08226430700888
"ENSG00000175414",1.15742216652018,1.25974629214374,1
"ENSG00000175416",1.07954613522878,1.1343149897875,1
"ENSG00000175449",1.23177688889923,1.27772292265639,1
"ENSG00000175455",1.39972284022543,1.31873472006426,1.08412422397767
"ENSG00000175463",1.29671971599739,1.18171198074362,1
"ENSG00000175467",1.07871134181158,1.17944129377962,1
"ENSG00000175470",1.25955480825613,1.25944365990976,1
"ENSG00000175471",1.20218087981539,1.33297655608893,1
"ENSG00000175482",1.35767193113368,1.25347227093502,1
"ENSG00000175489",1.4635362939675,1.4183591462707,1.10876914158425
"ENSG00000175538",1.60912545452013,1.47394092702327,1.28610711609495
"ENSG00000175548",1.56760568873332,1.32487387248259,1.21644668840979
"ENSG00000175550",1.24185555484899,1.06010113165673,1
"ENSG00000175556",1.11196994608121,1.12890308654069,1
"ENSG00000175564",1.30447170607055,1.10354822292099,1
"ENSG00000175567",1.32645865874389,1.13178662681093,1
"ENSG00000175573",1.4838113079034,1.24899301243322,1
"ENSG00000175575",1.30169794258395,1.22896418146693,1
"ENSG00000175581",1.15411654715672,1.40811109883402,1
"ENSG00000175582",1.16583658858745,1.10071548398505,1
"ENSG00000175595",1.48532557965872,1.31182715403493,1.21378351264285
"ENSG00000175602",1.46811076136318,1.24707648962264,1.18564998556166
"ENSG00000175606",1.21907117358201,1.04960507150948,1
"ENSG00000175611",1.27423240137181,1.21207540086928,1
"ENSG00000175634",1.33599600953203,1.1407009101819,1.01948861114452
"ENSG00000175662",1.30864627480894,1.09566777948108,1
"ENSG00000175691",1.5459232484541,1.27711043032784,1.14382955429348
"ENSG00000175701",1.24440699208504,1.30482249725354,1
"ENSG00000175711",1.68810030703003,1.44808781220117,1.39252189074681
"ENSG00000175727",1.26666643301467,1.0799911119925,1
"ENSG00000175730",1.09350909363078,1.07596344962025,1
"ENSG00000175746",1.24047223983227,1.05993667425122,1
"ENSG00000175756",1.44086755656288,1.35645359540151,1.13686918992119
"ENSG00000175764",1.18689189912122,1.16675123784434,1
"ENSG00000175768",1.02318446752617,1.30804060563941,1
"ENSG00000175782",1.59850733543209,1.28635712443275,1.35043587019687
"ENSG00000175787",1.26976172248876,1.14608686401508,1
"ENSG00000175792",1.4624148094167,1.26608668156161,1.20508468874636
"ENSG00000175806",1.61191993709319,1.31544999804195,1.3332014495516
"ENSG00000175826",1.21413788638741,1.0950461858058,1
"ENSG00000175854",1.3034809010534,1.19335845643665,1
"ENSG00000175857",1.05575544096549,1.05947061443157,1
"ENSG00000175873",1.50013940482137,1.2075617275683,1
"ENSG00000175886",1.68143099912209,1.28286242574731,1.29212499222512
"ENSG00000175893",1.26948593692782,1.2889036359823,1
"ENSG00000175895",1.23740873924629,1.14737212395462,1
"ENSG00000175928",1.11925799896876,1.4267403909374,1
"ENSG00000175931",1.21998408985536,1.08745703064944,1
"ENSG00000175938",1.41126965328329,1.36520362344848,1
"ENSG00000175970",1.17538718304729,1.24833531634329,1
"ENSG00000175984",1.1354480461744,1.12083119695242,1
"ENSG00000176014",1.16068326427291,1.17075212516131,1
"ENSG00000176018",1.1497281340403,1.04535124779422,1
"ENSG00000176022",1.38118584669017,1.18561544257012,1.07366417698123
"ENSG00000176024",1.16832392576238,1.18301257348502,1
"ENSG00000176049",1.4433230939303,1.24751715705254,1.06235674007907
"ENSG00000176055",1.50377577888013,1.31903760643834,1.13853520918279
"ENSG00000176058",1.15352989259791,1.19214752402322,1
"ENSG00000176087",1.18266383029364,1.08198493823863,1
"ENSG00000176095",1.64542023444312,1.44131624487475,1.34983719020189
"ENSG00000176101",1.0695861915015,1.04306305238425,1
"ENSG00000176102",1.28087133221971,1.28632865815287,1
"ENSG00000176105",1.58450109293816,1.37952104108012,1.21963378652263
"ENSG00000176108",1.27034605059219,1.05479151335185,1
"ENSG00000176124",1.39551695214136,1.2527802707567,1
"ENSG00000176125",1.20736157980741,1.10286398376064,1
"ENSG00000176142",1.35404822008615,1.15942998547033,1.0544372995953
"ENSG00000176148",1.25702260909696,1.05360635941686,1
"ENSG00000176155",1.21209875770057,1.06794755386783,1
"ENSG00000176160",1.03791336509527,1.33308095027773,1
"ENSG00000176170",1.36465158283648,1.23234933852527,1
"ENSG00000176171",1.1063117625641,1.30985458875078,1
"ENSG00000176208",1.27648973331667,1.30888791458093,1
"ENSG00000176209",1.46234607056544,1.31475040144709,1.10601220034991
"ENSG00000176225",1.38804351709271,1.32848394310074,1
"ENSG00000176248",1.39009531885732,1.06779012998358,1.07343288038889
"ENSG00000176261",1.31083211234634,1.25969700478781,1
"ENSG00000176273",1.38605108108542,1.29789139852897,1
"ENSG00000176274",1.22324069052223,1.1924888642825,1
"ENSG00000176340",1.32945579512848,1.18975208427791,1
"ENSG00000176371",1.42504047783874,1.11014341241382,1.03767046965533
"ENSG00000176386",1.42445269705644,1.09421074195483,1
"ENSG00000176390",1.35840049080463,1.33658442673173,1
"ENSG00000176393",1.12560155159044,1.21360723864207,1
"ENSG00000176396",1.61321752784132,1.3663902982578,1.3147571427179
"ENSG00000176401",1.55697686065559,1.40061738929981,1.11192550160286
"ENSG00000176407",1.70528095501168,1.40213238844656,1.45204967200294
"ENSG00000176410",1.18025608165975,1.24274264026299,1
"ENSG00000176422",1.47913750665779,1.28496596690562,1.06904861547308
"ENSG00000176438",1.19002704700588,1.02487121663099,1
"ENSG00000176444",1.33460001572784,1.08473427382214,1
"ENSG00000176454",1.2709290589666,1.03903637146519,1
"ENSG00000176463",1.8863041931929,1.43349958530277,1.61542646359443
"ENSG00000176473",1.27693587006185,1.12190275706415,1
"ENSG00000176476",1.47705434662334,1.1449582308817,1.1933541746807
"ENSG00000176485",1.26253239696618,1.30275840575043,1
"ENSG00000176531",1.3421764096459,1.27509523364738,1
"ENSG00000176542",1.37688566062317,1.34364092877646,1.06640918291984
"ENSG00000176593",1.30311696080878,1.19001299218408,1
"ENSG00000176595",1.42042720773855,1.19304756416727,1.17179947821451
"ENSG00000176597",1.59831143871511,1.44489406443662,1.26958238842595
"ENSG00000176619",1.21189268024253,1.16425592780216,1
"ENSG00000176623",1.40471873088983,1.23571824048669,1.15911522091162
"ENSG00000176624",1.40958617250032,1.3118074587219,1.10962477164636
"ENSG00000176658",1.36117813596784,1.23431471535856,1
"ENSG00000176659",1.54875677044934,1.22625960886217,1.25165543686069
"ENSG00000176700",1.14349005655709,1.17213136510932,1
"ENSG00000176715",1.19103409462665,1.1515739299805,1
"ENSG00000176731",1.23819792912746,1.38227597146643,1
"ENSG00000176749",1.17196227200208,1.3197457336809,1
"ENSG00000176783",1.27365325005817,1.14314785374801,1
"ENSG00000176788",1.72651208163021,1.56552236230633,1.34761341993554
"ENSG00000176824",1.24368519903352,1.09708139695643,1
"ENSG00000176834",1.75250245271675,1.30343841118398,1.43773633042915
"ENSG00000176845",1.35733886092999,1.32737626493921,1
"ENSG00000176853",1.40526228638573,1.29600574853296,1.13000057917738
"ENSG00000176871",1.63785065749836,1.2237516342363,1.44264437185635
"ENSG00000176896",1.31976737807559,1.14682655620596,1
"ENSG00000176903",1.23154358337248,1.29204134579001,1
"ENSG00000176915",1.3036352874229,1.10817562007506,1
"ENSG00000176928",1.40639645001052,1.18426483134051,1
"ENSG00000176946",1.38380647459832,1.04854898442918,1
"ENSG00000176953",1.17570890642751,1.27374197296604,1
"ENSG00000176973",1.31693295527121,1.26775850882199,1
"ENSG00000176974",1.26715239665672,1.13413569248161,1
"ENSG00000176978",1.38087354913759,1.27276265925597,1.10368999705341
"ENSG00000176986",1.19545519842575,1.18086588325425,1
"ENSG00000176994",1.24606712544986,1.2978885342333,1
"ENSG00000177000",1.24302233598989,1.15690730626092,1
"ENSG00000177030",1.34960464276384,1.05546181026359,1
"ENSG00000177034",1.49282115813353,1.36841343224423,1.12570825881986
"ENSG00000177042",1.14311590835672,1.08211818264082,1
"ENSG00000177051",1.31969538972593,1.08791715049703,1
"ENSG00000177054",1.10338162692741,1.05523861080298,1
"ENSG00000177058",1.17366870210252,1.28290799951732,1
"ENSG00000177082",1.02536217374251,1.05409369253886,1
"ENSG00000177084",1.0359329135583,1.183428006086,1
"ENSG00000177096",1.35913293441106,1.13743342690449,1
"ENSG00000177105",1.68774392318451,1.51368185249246,1.3511793359709
"ENSG00000177106",1.43029793915584,1.20399494366286,1
"ENSG00000177112",1.4922875270268,1.52667337352866,1
"ENSG00000177119",1.16042127591801,1.11095340639854,1
"ENSG00000177125",2.0450897733675,1.59945984303205,1.67852901543262
"ENSG00000177144",1.15202190395325,1.09570655111706,1
"ENSG00000177150",1.51442680669688,1.37926007482134,1.17932472181842
"ENSG00000177156",1.57124806336166,1.52000234483464,1.195823752621
"ENSG00000177169",1.39711064218384,1.3821323014664,1
"ENSG00000177173",1.68961371662406,1.43312767205177,1.38281767960134
"ENSG00000177189",1.08323112624918,1.19039533703845,1
"ENSG00000177191",1.62066029051649,1.55922960909718,1.22931693582897
"ENSG00000177192",1.23895223142174,1.25825636320894,1
"ENSG00000177197",1.29893589925987,1.12486954699203,1
"ENSG00000177200",1.30703605381022,1.20020044873518,1
"ENSG00000177225",1.17715743230429,1.17531289708277,1
"ENSG00000177239",1.16828680530792,1.15303059612999,1
"ENSG00000177302",1.52212114801447,1.32897968420333,1.25553159284213
"ENSG00000177311",1.10480068443574,1.20751495282744,1
"ENSG00000177324",1.10442771996586,1.1536626139707,1
"ENSG00000177337",1.16690048654552,1.23289059246092,1
"ENSG00000177352",1.19260148674577,1.16500642387678,1
"ENSG00000177370",1.14631226286433,1.19457095236258,1
"ENSG00000177383",1.51224650419359,1.27748137346828,1.18334408781515
"ENSG00000177406",1.16821756417112,1.24252572839591,1
"ENSG00000177409",1.26227551201202,1.15872928042614,1
"ENSG00000177410",1.48496526836303,1.14019335776411,1.28040045631984
"ENSG00000177425",1.08003168732662,1.25300328752216,1
"ENSG00000177426",1.53638314578852,1.17280837063088,1.31003973138822
"ENSG00000177427",1.13907911399323,1.12589813680587,1
"ENSG00000177463",1.48074802936573,1.24104431800169,1.2510058418818
"ENSG00000177479",1.1424967299231,1.22412332018328,1
"ENSG00000177483",1.54524223464295,1.10589254846585,1.18469311379112
"ENSG00000177485",1.40088069444751,1.26359660598449,1.14542772572093
"ENSG00000177542",1.13084710185249,1.25967082101156,1
"ENSG00000177548",1.39487782225886,1.24805817974591,1
"ENSG00000177556",1.15907657951402,1.06952602071264,1
"ENSG00000177565",1.26282288828551,1.08702436452376,1
"ENSG00000177570",1.27021214457144,1.15373431254922,1
"ENSG00000177575",1.27316292509659,1.06888236493179,1
"ENSG00000177595",1.32349008229268,1.37677430723977,1
"ENSG00000177599",1.452481006569,1.20974417776799,1
"ENSG00000177600",1.29075333448115,1.1626344911966,1
"ENSG00000177606",1.07684556513582,1.16094789609826,1
"ENSG00000177613",1.3844149490066,1.15334147402197,1.15151526052663
"ENSG00000177628",1.40394444618999,1.40512170449873,1
"ENSG00000177646",1.10449495574609,1.26331105428749,1
"ENSG00000177663",1.63135941725238,1.45763712287296,1.31807456597437
"ENSG00000177666",1.27008492696898,1.23300176064421,1
"ENSG00000177674",1.4784550831877,1.36832665785399,1.14045969614239
"ENSG00000177683",1.08897486816847,1.05986287239983,1
"ENSG00000177688",1.15273945613773,1.28196928882661,1
"ENSG00000177697",1.16228449448335,1.02106598228998,1
"ENSG00000177700",1.19735076653052,1.10903816890689,1
"ENSG00000177707",1.48241605910137,1.3482204115832,1
"ENSG00000177721",1.45325599531276,1.39532606454648,1.0791212348738
"ENSG00000177728",1.28548957466516,1.14411554410747,1
"ENSG00000177731",1.23675020739296,1.27137943294715,1
"ENSG00000177733",1.39517886984826,1.09890218408541,1.18022879157613
"ENSG00000177738",1.29297941571357,1.18571439802364,1
"ENSG00000177830",1.19348410123699,1.11148827332958,1
"ENSG00000177842",1.41817780745031,1.32502332213142,1
"ENSG00000177853",1.2832669356631,1.07360397497663,1
"ENSG00000177854",1.34680157291115,1.15939369922392,1
"ENSG00000177855",1.11625940878085,1.22056954223751,1
"ENSG00000177868",1.1852144808485,1.04332776266735,1
"ENSG00000177873",1.14149898333225,1.22324042310392,1
"ENSG00000177879",1.1239228554439,1.08872702594304,1
"ENSG00000177885",1.56881558201321,1.46381399957787,1.22698667117415
"ENSG00000177888",1.31578968066247,1.24174311602981,1
"ENSG00000177889",1.38184060563752,1.29125697453891,1
"ENSG00000177917",1.3945194380474,1.165004422529,1.14635323926386
"ENSG00000177932",1.28554990860631,1.28966665900563,1
"ENSG00000177946",1.27815996678301,1.1474745473596,1
"ENSG00000177951",1.33883457309768,1.07256329076591,1
"ENSG00000177954",1.46016637102825,1.35508978530558,1
"ENSG00000177963",1.32365888901269,1.23017740734198,1
"ENSG00000177971",1.33309304034963,1.24941782849724,1
"ENSG00000177981",1.43109755500814,1.32224694093641,1.12474870384454
"ENSG00000177989",1.40031314855819,1.22106381702768,1
"ENSG00000178028",1.32225959902063,1.17849408064513,1
"ENSG00000178035",1.45284077265853,1.21681051148481,1.2172639128666
"ENSG00000178038",1.04902272356355,1.16094333643396,1
"ENSG00000178057",1.23825061811649,1.11487429666663,1
"ENSG00000178074",1.25259724941564,1.24481592271398,1
"ENSG00000178075",1.04562888811418,1.35988728525706,1
"ENSG00000178082",1.23897189463034,1.1453364367967,1
"ENSG00000178093",1.41107275718229,1.06505229581456,1
"ENSG00000178096",1.44920453519092,1.3014069227938,1
"ENSG00000178104",1.10271650704433,1.25532949917992,1
"ENSG00000178105",1.53544478105466,1.29720296889867,1.2520667595096
"ENSG00000178127",1.11299887237705,1.2070235780585,1
"ENSG00000178146",1.18214841479478,1.50519874111312,1
"ENSG00000178149",1.30579809252114,1.09173621069254,1
"ENSG00000178163",1.02795195698055,1.15970266243685,1
"ENSG00000178177",1.28121534449013,1.19798972728728,1
"ENSG00000178188",1.24010938668715,1.15723802116346,1
"ENSG00000178199",1.16632387593945,1.23131583884081,1
"ENSG00000178202",1.33745043341783,1.32379947833709,1
"ENSG00000178209",1.29977171194576,1.05426397226739,1
"ENSG00000178229",1.13817253080359,1.22566471118007,1
"ENSG00000178234",1.40827917256453,1.3392028767107,1.11219968100389
"ENSG00000178252",1.23605313776234,1.16354196061942,1
"ENSG00000178295",1.14586833281526,1.23694670805553,1
"ENSG00000178297",1.53525908832471,1.15265014373279,1.21508479660763
"ENSG00000178307",1.22727106932678,1.21323957287277,1
"ENSG00000178338",1.45869725933062,1.37051684488461,1
"ENSG00000178381",1.4235505901766,1.11424214830801,1.0840704311639
"ENSG00000178385",1.29596572028336,1.29734440487611,1
"ENSG00000178397",1.43378693834793,1.13230286445825,1.14370127522637
"ENSG00000178404",1.68816587379344,1.32514948621364,1.29719141614386
"ENSG00000178425",1.43224534421983,1.1708135593132,1.14502320169242
"ENSG00000178449",1.21909949223572,1.33186477419732,1
"ENSG00000178464",1.3012737799291,1.29609237211996,1
"ENSG00000178467",1.41303976464756,1.20862431694971,1.11997895234335
"ENSG00000178502",1.83723150526283,1.31489780059288,1.57645297054434
"ENSG00000178537",1.24082411538805,1.0841249319469,1
"ENSG00000178567",1.32529189576997,1.20697419831232,1
"ENSG00000178573",1.25682817334532,1.27186164906524,1
"ENSG00000178585",1.27019210433466,1.09579887474356,1
"ENSG00000178607",1.17670227832039,1.23286702085316,1
"ENSG00000178623",1.19644082783811,1.087985509812,1
"ENSG00000178685",1.1968930144688,1.15592697652608,1
"ENSG00000178691",1.15187552371159,1.12005296407379,1
"ENSG00000178694",1.10954702736663,1.09275716119305,1
"ENSG00000178695",1.23727806446694,1.11070268786296,1
"ENSG00000178700",1.47432150303438,1.21979498970291,1.15581821824287
"ENSG00000178715",1.46448126402521,1.15922922272719,1.039408347142
"ENSG00000178719",1.23009390118724,1.15681509010069,1
"ENSG00000178726",1.32119363540572,1.38599514805532,1
"ENSG00000178741",1.21592600572902,1.31346981528304,1
"ENSG00000178761",1.13414744307983,1.13934135887524,1
"ENSG00000178764",1.39653638817621,1.16412346191574,1.10778828674986
"ENSG00000178789",1.49571943460193,1.23664698159278,1.25282715302371
"ENSG00000178802",1.40947789033759,1.25504459304271,1.06514833326318
"ENSG00000178814",1.4735297902075,1.47285378700128,1
"ENSG00000178852",1.25179244171997,1.31546066770111,1
"ENSG00000178878",1.18584595483202,1.10127046382783,1
"ENSG00000178896",1.32370249062944,1.06706743167129,1
"ENSG00000178904",1.19034700375047,1.34810844694057,1
"ENSG00000178913",1.27497537117554,1.08717279656687,1
"ENSG00000178917",1.10618433079214,1.11195129002269,1
"ENSG00000178921",1.36972187198161,1.21437740381145,1
"ENSG00000178922",1.63043916768239,1.12620462720843,1.26216685830451
"ENSG00000178927",1.47545455954691,1.33012667745975,1.20990479567662
"ENSG00000178935",1.48683969183041,1.50991893986965,1.02039684028555
"ENSG00000178950",1.30663688930938,1.19831752164464,1
"ENSG00000178951",1.48197573488604,1.08431910881335,1.18415372422208
"ENSG00000178952",1.29600128681902,1.08741437685328,1
"ENSG00000178966",1.2354341758618,1.22090121816208,1
"ENSG00000178971",1.18961955501174,1.07168715038613,1
"ENSG00000178974",1.26338632348108,1.15705151726936,1
"ENSG00000178977",1.13548577658349,1.09114301136991,1
"ENSG00000178980",1.39801492950665,1.30508555754715,1
"ENSG00000178982",1.49874854426863,1.20456187010453,1.29229705119188
"ENSG00000178988",1.25260179598352,1.20152918015519,1
"ENSG00000178996",1.23771244719665,1.35841933983613,1
"ENSG00000179010",1.27509453096393,1.22270722399575,1
"ENSG00000179021",1.14581504629672,1.21676201712153,1
"ENSG00000179029",1.34078447435417,1.14980397505662,1
"ENSG00000179041",1.3956681460781,1.1583373391829,1
"ENSG00000179051",1.19687186023033,1.16180414740746,1
"ENSG00000179082",1.08954932854943,1.16309621053877,1
"ENSG00000179085",1.23659044982238,1.27488133381808,1
"ENSG00000179088",1.1334745445532,1.2913201651922,1
"ENSG00000179091",1.19901107690686,1.20011546669965,1
"ENSG00000179094",1.26346811333754,1.01410603927719,1
"ENSG00000179101",1.89710892236619,1.56721327486058,1.38910737959372
"ENSG00000179104",1.52682412888102,1.19425278219081,1.27720599392758
"ENSG00000179115",1.3823303604268,1.23985248492482,1
"ENSG00000179119",1.25343752763711,1.1845279783962,1
"ENSG00000179134",1.60086196609301,1.24048669820494,1.32450256828749
"ENSG00000179144",1.38220192170304,1.30857567755709,1.05504287886145
"ENSG00000179151",1.31493158811742,1.12336410277574,1
"ENSG00000179152",1.29820450052776,1.22497304599269,1
"ENSG00000179163",1.33218486396303,1.11715002420436,1
"ENSG00000179195",1.2600903007835,1.35053168750064,1
"ENSG00000179218",1.1626380195862,1.19049102560982,1
"ENSG00000179222",1.45319296972636,1.22926945009112,1
"ENSG00000179240",1.28490346062857,1.24529885976323,1
"ENSG00000179262",1.11604594839026,1.13865886439806,1
"ENSG00000179271",1.45359356088438,1.33367134207369,1.08034920569202
"ENSG00000179295",1.23958089447488,1.12567673406717,1
"ENSG00000179299",1.55831179731572,1.53025016152137,1.12863318930558
"ENSG00000179331",1.24431499478244,1.26760539606975,1
"ENSG00000179335",1.43428714529088,1.34086118520781,1.16016178651424
"ENSG00000179348",1.61857683599685,1.31754323201959,1.21188119723149
"ENSG00000179361",1.54014988469387,1.30060084684535,1.2276850748803
"ENSG00000179364",1.3464773649056,1.24227238177504,1
"ENSG00000179387",1.10159177517986,1.08506071860281,1
"ENSG00000179409",1.39661646823209,1.18502462410077,1.09813550963815
"ENSG00000179454",1.13018661445888,1.08966238303603,1
"ENSG00000179456",1.66221893676518,1.47958458205816,1.3525971654602
"ENSG00000179476",1.48971237410165,1.17927126895545,1.10735645772493
"ENSG00000179523",1.32751708962317,1.0394267703976,1
"ENSG00000179526",1.02188962300428,1.13419642447121,1
"ENSG00000179532",1.02663713702638,1.18680039325316,1
"ENSG00000179542",1.52747982325574,1.19128005213169,1.14970498300285
"ENSG00000179562",1.32239820372979,1.32212543110397,1
"ENSG00000179583",1.26039983012449,1.15302051594005,1
"ENSG00000179588",1.58667753557597,1.11443240432247,1.15963272050472
"ENSG00000179598",1.6871320598156,1.14439877368775,1.3294193125116
"ENSG00000179604",1.37722892212349,1.35549044303507,1
"ENSG00000179611",1.4301214212016,1.09412794356406,1.18097695920872
"ENSG00000179627",1.59108325651586,1.11817506477899,1.22449448964924
"ENSG00000179630",1.4923379390121,1.27504876509899,1.12282923267086
"ENSG00000179632",1.13211987775076,1.06212849863421,1
"ENSG00000179715",1.32099115495401,1.30747904405848,1
"ENSG00000179743",1.23525658322312,1.15982402098148,1
"ENSG00000179761",1.22476618883135,1.29116823437433,1
"ENSG00000179818",1.60129718090927,1.3426506294758,1.35306241534017
"ENSG00000179820",2.11612240980966,1.36451595825468,1.87718787989071
"ENSG00000179832",1.16714019283473,1.17873161042273,1
"ENSG00000179833",1.57440843657407,1.21375467844257,1.37079732341356
"ENSG00000179837",1.17739437572311,1.09135023750989,1
"ENSG00000179841",1.35161814340149,1.28518292643825,1
"ENSG00000179859",1.5346771315996,1.33690904513107,1.03802643600311
"ENSG00000179869",1.30145192922212,1.12498157501113,1
"ENSG00000179886",1.2363987754635,1.09303089223315,1
"ENSG00000179889",1.29676628942556,1.26217974378294,1
"ENSG00000179899",1.29767256214985,1.16208835362494,1
"ENSG00000179909",1.42244933826378,1.10432754259587,1.12542432305045
"ENSG00000179912",1.27038146391428,1.02117077709127,1
"ENSG00000179918",1.0392400302505,1.16834362624207,1
"ENSG00000179921",1.32114870097781,1.04170291282673,1
"ENSG00000179922",1.31526079424063,1.16767720058001,1
"ENSG00000179933",1.1118023537806,1.12065628896562,1
"ENSG00000179941",1.37771827693525,1.09986025165304,1.09041896917459
"ENSG00000179943",1.30035134407372,1.02365739701855,1
"ENSG00000179950",1.30091932268632,1.09687726475239,1
"ENSG00000179958",1.28145853368062,1.23963341736548,1
"ENSG00000179967",1.35843975639814,1.08232656643913,1
"ENSG00000179978",1.21030061585192,1.30762099829935,1
"ENSG00000179979",1.20350090499447,1.05214575755521,1
"ENSG00000179981",1.45065613925944,1.29555682423816,1.1289574352378
"ENSG00000179988",1.23039630439382,1.30561277939277,1
"ENSG00000180008",1.25069077485437,1.19174927964481,1
"ENSG00000180011",1.39080061363335,1.18699908234628,1.14181831398021
"ENSG00000180015",1.05691706305312,1.19149917595605,1
"ENSG00000180035",1.39354272183778,1.24009287531004,1
"ENSG00000180089",1.71696255359398,1.23465519793489,1.40876641660334
"ENSG00000180096",1.21718202538877,1.28068791726539,1
"ENSG00000180098",1.31353391386359,1.30768295935565,1
"ENSG00000180104",1.48374624393081,1.22015168170039,1.24051068451854
"ENSG00000180139",1.41564681860913,1.22797849212476,1
"ENSG00000180172",1.34308489479816,1.22541528391631,1
"ENSG00000180182",1.06640510848505,1.04646224050826,1
"ENSG00000180185",1.28703436818733,1.18466214886356,1
"ENSG00000180198",1.30470411306082,1.22959211843955,1
"ENSG00000180211",1.19667578960946,1.38959045695482,1
"ENSG00000180221",2.29805462456088,1.56626829731553,1.8405175623272
"ENSG00000180228",1.01617678380458,1.28914160204678,1
"ENSG00000180233",1.16380376229143,1.07022806616495,1
"ENSG00000180257",1.28757280562446,1.28313603217066,1
"ENSG00000180263",1.30669162937148,1.19764118981765,1
"ENSG00000180304",1.82690143362042,1.51116007755208,1.48750018562021
"ENSG00000180316",1.37722562628124,1.52448004202856,1
"ENSG00000180329",1.42626094903182,1.28960023906289,1.14046555421664
"ENSG00000180346",1.29258164719994,1.33041381517288,1
"ENSG00000180353",1.38027581911137,1.46696420864832,1
"ENSG00000180354",1.31580426597979,1.24548082451133,1
"ENSG00000180357",1.11925464361654,1.22638494677605,1
"ENSG00000180370",1.59442556352577,1.33397107471601,1.36097120732421
"ENSG00000180376",1.30764587319185,1.35387215430828,1
"ENSG00000180385",1.65211533652083,1.16131000105794,1.27162068130712
"ENSG00000180389",1.29140813505952,1.20288160201494,1
"ENSG00000180398",1.34540378050158,1.15712283828113,1.06045755285123
"ENSG00000180423",1.3617718555281,1.17268046033747,1
"ENSG00000180425",1.09321873580987,1.23223037508387,1
"ENSG00000180448",1.35038289742092,1.25124463410482,1.03087122998711
"ENSG00000180479",1.45310813610762,1.36789602946204,1
"ENSG00000180488",1.43768342835411,1.36048588115238,1.12267640571062
"ENSG00000180509",1.62753285737997,1.3100415669517,1.35240020185106
"ENSG00000180530",1.44420066996293,1.21671939272273,1.21151879892561
"ENSG00000180539",1.22302552554852,1.37202514953105,1
"ENSG00000180543",1.53777297296638,1.22013944484163,1.02601294936997
"ENSG00000180549",1.47916832443736,1.38995149680936,1.16146811684613
"ENSG00000180573",1.26370659999796,1.3270420015036,1
"ENSG00000180574",1.32922741817356,1.1045059046252,1
"ENSG00000180581",1.15701495057043,1.23646017017957,1
"ENSG00000180596",1.32732033616726,1.1205501973342,1.03650130935236
"ENSG00000180611",1.64345895334126,1.2730224570154,1.30955918317334
"ENSG00000180626",1.27733961607799,1.26767624142372,1
"ENSG00000180628",1.27584862806693,1.14575828070024,1
"ENSG00000180667",1.14202020253392,1.060884458848,1
"ENSG00000180673",1.2999231968136,1.21204785596296,1
"ENSG00000180694",1.10727286798419,1.24024865715249,1
"ENSG00000180747",1.09653784896721,1.11765968195881,1
"ENSG00000180758",2.12487031871038,1.37744023859633,1.81977966585683
"ENSG00000180764",1.05566751758531,1.22491407891957,1
"ENSG00000180771",1.56245105641232,1.25091559466495,1.28095077812262
"ENSG00000180773",1.34244054387128,1.11682281460032,1.07324080148464
"ENSG00000180776",1.32201599168193,1.24768549451767,1
"ENSG00000180787",1.37072361507847,1.31216086986502,1
"ENSG00000180817",1.33948844117491,1.26311552626999,1
"ENSG00000180822",1.12391485390349,1.2119408803797,1
"ENSG00000180855",1.1852870768579,1.19100781641208,1
"ENSG00000180867",1.24890188143705,1.12549590133812,1
"ENSG00000180879",1.12639978288897,1.26525638688497,1
"ENSG00000180881",1.50274298457431,1.35836964543018,1.03798902138276
"ENSG00000180884",1.15882464650933,1.21402688930499,1
"ENSG00000180891",1.48050734337613,1.33820416807795,1.09782980077197
"ENSG00000180900",1.26665651144774,1.19763855440872,1
"ENSG00000180901",1.2723541333878,1.36772520518067,1
"ENSG00000180902",1.17633955750948,1.24417253953999,1
"ENSG00000180917",1.39965104722043,1.29086612793187,1.12374588819852
"ENSG00000180938",1.34986523471892,1.2734961731613,1
"ENSG00000180953",1.67385713319654,1.52314016200911,1.32383473360334
"ENSG00000180957",1.11015853988197,1.22164993333717,1
"ENSG00000180964",1.47474768427427,1.3185346226871,1.12439191432406
"ENSG00000180979",1.39155716456009,1.25724630652147,1.04317073129861
"ENSG00000180992",1.36193236069115,1.37727614073238,1
"ENSG00000181004",1.18290549228616,1.3214038707457,1
"ENSG00000181007",1.35548487636332,1.27379598794301,1
"ENSG00000181016",1.75015233790199,1.56936452707234,1.33946864575783
"ENSG00000181026",1.2182082880836,1.24328979708087,1
"ENSG00000181027",1.23648330928917,1.14322409502794,1
"ENSG00000181035",1.08588197487304,1.24471406579314,1
"ENSG00000181036",1.01763811168113,1.268842134861,1
"ENSG00000181038",1.51114464079127,1.29189226382017,1.22122255038272
"ENSG00000181045",1.35426134376387,1.17198229323421,1
"ENSG00000181061",1.08332373006979,1.15005810519715,1
"ENSG00000181090",1.10586213297818,1.00843960144912,1
"ENSG00000181104",1.07548677628849,1.19790191857696,1
"ENSG00000181135",1.13877706878199,1.15494376191332,1
"ENSG00000181163",1.33862253422343,1.32201857761142,1
"ENSG00000181191",1.43619219613602,1.21521250599598,1.11889698396903
"ENSG00000181192",1.5549455400889,1.45080983233754,1.22909429548231
"ENSG00000181218",1.27620338300344,1.25398746780061,1
"ENSG00000181220",1.64038440855261,1.49977243869681,1.2977755799126
"ENSG00000181222",1.49272635486527,1.19729566519148,1.25775308274855
"ENSG00000181274",1.64757522444455,1.61816774079712,1.25328289474328
"ENSG00000181284",1.34185881997873,1.2134622508171,1
"ENSG00000181315",1.05574707458818,1.02625322347241,1
"ENSG00000181350",1.27410149463671,1.2795071523219,1
"ENSG00000181381",1.26330133543209,1.34370641782465,1
"ENSG00000181396",1.54828746806738,1.23884954210639,1.27668886871884
"ENSG00000181409",1.51505074942167,1.48659896373929,1.16400061916891
"ENSG00000181444",1.91410928484211,1.56226451278988,1.51660847022461
"ENSG00000181450",1.23957465861352,1.28196834884063,1
"ENSG00000181467",1.33842724936718,1.20148591419975,1.07742786633867
"ENSG00000181472",1.22049330459575,1.08000343826901,1
"ENSG00000181481",1.20807563177364,1.31340668750603,1
"ENSG00000181513",1.43255695592724,1.23721842321768,1
"ENSG00000181523",1.17970944310545,1.17027944090848,1
"ENSG00000181524",1.35240785663856,1.29237528119314,1
"ENSG00000181544",1.25512835511699,1.1707124897778,1
"ENSG00000181555",1.33744457690939,1.11848378371917,1.08856418241374
"ENSG00000181588",1.62653207351916,1.31584747504288,1.2125257675145
"ENSG00000181610",1.33447805903927,1.35686436073789,1
"ENSG00000181619",1.27206612629734,1.28130463302973,1
"ENSG00000181666",1.21148697125778,1.20551012737643,1
"ENSG00000181690",1.07619015002613,1.23661764230564,1
"ENSG00000181704",1.30894135978233,1.11127174805928,1
"ENSG00000181722",1.44769802974927,1.19268654947421,1.21177709881802
"ENSG00000181744",1.24502825547902,1.21290477782462,1
"ENSG00000181751",1.15168278297892,1.12124816156257,1
"ENSG00000181754",1.51742253446491,1.17649765827171,1.14851052150741
"ENSG00000181778",2.09418117816024,1.54822871748745,1.67171085309627
"ENSG00000181788",1.24649201452793,1.07559897224867,1
"ENSG00000181789",1.30888658681774,1.26344193799647,1
"ENSG00000181804",1.40128224965396,1.30314083659789,1.10724646797617
"ENSG00000181817",1.13503724578238,1.21933680863793,1
"ENSG00000181826",1.8051525803376,1.35194779551258,1.56046137789523
"ENSG00000181827",1.4401442767164,1.37423016160155,1.11385071840267
"ENSG00000181830",1.21157515437428,1.19994423013842,1
"ENSG00000181847",1.37154426233222,1.28663733589285,1.03749516064997
"ENSG00000181852",1.27617453427442,1.31802273281306,1
"ENSG00000181873",1.15606288146711,1.15104505274345,1
"ENSG00000181894",1.30414680699642,1.19084993776986,1
"ENSG00000181896",1.46188881033468,1.18413046176748,1.21152260093038
"ENSG00000181904",1.44676707374556,1.2802583534511,1.19300874212216
"ENSG00000181915",1.55077136258385,1.37947301127145,1.28889491331908
"ENSG00000181924",1.27989233021001,1.2998474725967,1
"ENSG00000181929",1.06450707602307,1.0066077920005,1
"ENSG00000181982",1.15839184564236,1.17357959930816,1
"ENSG00000181991",1.18554359302121,1.17680112359662,1
"ENSG00000182004",1.25469450536746,1.31812182370227,1
"ENSG00000182010",1.25899712347744,1.19299557258299,1
"ENSG00000182054",1.09392122286313,1.18971437331566,1
"ENSG00000182087",1.18985598567774,1.08460018071122,1
"ENSG00000182093",1.43214882134495,1.1885945038894,1.17623613536734
"ENSG00000182095",1.50849023750578,1.30295963995178,1.22009749954731
"ENSG00000182108",1.26090892135447,1.19087834738521,1
"ENSG00000182117",1.47106375997043,1.32559170392583,1.20167381296761
"ENSG00000182118",1.08053513957226,1.20508518439696,1
"ENSG00000182134",1.63232557950878,1.24054368296653,1.27126250435462
"ENSG00000182141",1.26354183499037,1.104472262593,1
"ENSG00000182149",1.34661442055756,1.40462143610863,1
"ENSG00000182150",1.26636060134764,1.18338704635516,1
"ENSG00000182154",1.20266262097614,1.28538821572612,1
"ENSG00000182158",1.17898088786905,1.17573372561375,1
"ENSG00000182165",1.254024110233,1.38519542652764,1
"ENSG00000182173",1.3329412899099,1.29668058321346,1
"ENSG00000182179",1.16392602620684,1.10336375888075,1
"ENSG00000182180",1.25146149855028,1.20497355352791,1
"ENSG00000182183",1.02190385620843,1.26022455393876,1
"ENSG00000182185",1.37200452294874,1.25352754011424,1
"ENSG00000182197",1.24725191700787,1.27233088679543,1
"ENSG00000182199",1.25152171096326,1.20158823103909,1
"ENSG00000182208",1.29686177406916,1.07218090868993,1
"ENSG00000182220",1.19059927954765,1.16079327793552,1
"ENSG00000182224",1.55595268682504,1.16013930624838,1.1999718360692
"ENSG00000182240",1.61475635570431,1.05906437497122,1.37743712265906
"ENSG00000182247",1.46574973505367,1.30638350233043,1
"ENSG00000182253",1.27539656991671,1.11101943994851,1
"ENSG00000182287",1.190062951974,1.15675441878485,1
"ENSG00000182307",1.55000328459628,1.24044618245786,1.28930955401142
"ENSG00000182308",1.52054655446861,1.46444217184189,1
"ENSG00000182310",1.61091556576921,1.40944536923759,1.16224933729153
"ENSG00000182318",1.51593909203536,1.1522182140749,1.14822519939273
"ENSG00000182319",1.26456777277725,1.22787637287129,1
"ENSG00000182325",1.26415298077905,1.1889899474585,1
"ENSG00000182359",1.72214230878084,1.34544290380968,1.39674675108408
"ENSG00000182362",1.33299011787868,1.1831458854721,1
"ENSG00000182372",1.10711731007195,1.18672252449365,1
"ENSG00000182389",1.49837043777354,1.23857982714968,1.19653137652313
"ENSG00000182400",1.07303414466692,1.11494390087229,1
"ENSG00000182405",1.11903920733724,1.26484697429709,1
"ENSG00000182446",1.2065289023201,1.18983639690089,1
"ENSG00000182463",1.50538029699776,1.17845468671131,1.2100192360129
"ENSG00000182472",1.37201946948194,1.19325945563665,1
"ENSG00000182473",1.07112905978066,1.1373564763429,1
"ENSG00000182487",1.48346940055864,1.44028189967188,1.16462707800046
"ENSG00000182500",1.28120503794749,1.17656378625422,1
"ENSG00000182504",1.60354297455116,1.27938834519433,1.40073040975633
"ENSG00000182512",1.25498796734242,1.11456108496924,1
"ENSG00000182518",1.18270266744873,1.25343246667158,1
"ENSG00000182534",1.50170821440536,1.18203516914053,1.12293101199942
"ENSG00000182541",1.87305255345513,1.59160479069805,1.48127281647423
"ENSG00000182544",1.25623069461028,1.18466746468928,1
"ENSG00000182551",1.20874419732818,1.0863736604033,1
"ENSG00000182552",1.10162385966425,1.15516529652414,1
"ENSG00000182557",1.58162971992044,1.19388688408199,1.23264865147227
"ENSG00000182568",1.40730979286181,1.2047652701786,1.11743761364993
"ENSG00000182572",1.25898807897291,1.26892750675635,1
"ENSG00000182578",1.07950173110483,1.09336362067086,1
"ENSG00000182584",1.32597131119014,1.16383165191344,1
"ENSG00000182606",1.23572537388205,1.0740939772689,1
"ENSG00000182621",1.32882136410059,1.09772322721685,1
"ENSG00000182628",1.18909674648056,1.32634518820633,1
"ENSG00000182670",1.35878682043656,1.26014356322151,1
"ENSG00000182685",1.27744718259941,1.20766516253868,1
"ENSG00000182700",1.63654416975259,1.35117087674946,1.3444522285314
"ENSG00000182718",1.29002392832307,1.18915606300531,1
"ENSG00000182732",1.28426892269313,1.09925695316597,1
"ENSG00000182749",1.29120355450506,1.09102047371934,1
"ENSG00000182768",1.31382349085311,1.2510591139091,1
"ENSG00000182782",1.82959616058097,1.55461315212272,1.46875345037518
"ENSG00000182796",1.33908945110429,1.32687633662634,1
"ENSG00000182809",1.330545396239,1.15107864355424,1
"ENSG00000182810",1.58486850586862,1.22265575372321,1.3540084089029
"ENSG00000182827",1.24525672970724,1.04302117132082,1
"ENSG00000182831",1.64738949717617,1.55020924111071,1.29486367164566
"ENSG00000182841",1.07365466192979,1.25376425751648,1
"ENSG00000182858",1.06749428270969,1.0532423978451,1
"ENSG00000182871",1.36384004167642,1.29313296367095,1.08818797135444
"ENSG00000182872",1.2451983470455,1.19660503315822,1
"ENSG00000182890",1.36589856172356,1.20232990545699,1.06297597713984
"ENSG00000182899",1.20408297219341,1.26076901779801,1
"ENSG00000182903",1.30515821604728,1.19080583737096,1
"ENSG00000182909",1.22504725085509,1.22671950813385,1
"ENSG00000182919",1.40366859215365,1.24543272751237,1.13531175387431
"ENSG00000182923",1.6455328559363,1.50918228705158,1.30229955606781
"ENSG00000182934",1.23452854171128,1.16924977315221,1
"ENSG00000182944",1.14698964920265,1.24590876494548,1
"ENSG00000182952",1.14486694329576,1.15020543657429,1
"ENSG00000182957",1.12733467820541,1.26182144775049,1
"ENSG00000182973",1.07779572200111,1.13237340385961,1
"ENSG00000182979",1.09503834886934,1.26367264776435,1
"ENSG00000182986",1.32012915090759,1.27368982058048,1
"ENSG00000183011",1.22224610774822,1.21867047120938,1
"ENSG00000183019",1.23274685486976,1.34732466364419,1
"ENSG00000183020",1.08460359509437,1.1448599699769,1
"ENSG00000183022",1.08473196094309,1.24274894597794,1
"ENSG00000183023",1.59986371931263,1.3019922782027,1.36563832218521
"ENSG00000183044",1.3785953510068,1.3606230705338,1
"ENSG00000183049",1.82489380933762,1.33013651077643,1.61056110789305
"ENSG00000183060",1.06929553591687,1.24056217158001,1
"ENSG00000183066",1.44956840954726,1.29512232828166,1
"ENSG00000183077",1.68166195293023,1.02376679234306,1.30197938276222
"ENSG00000183087",1.56154122433088,1.27302026224466,1.09203771879213
"ENSG00000183091",1.35326377051489,1.11740822328157,1
"ENSG00000183134",1.53881274341409,1.08616205432341,1.29658218228607
"ENSG00000183137",1.34682091907152,1.32173321146878,1
"ENSG00000183155",1.57804636862467,1.32316046957359,1.34249983409008
"ENSG00000183161",1.26913670737736,1.37541559199163,1
"ENSG00000183172",1.27651392641355,1.27746633930115,1
"ENSG00000183199",1.38075830035168,1.26852272347409,1
"ENSG00000183207",1.41715744751937,1.22635055249809,1.13568085180815
"ENSG00000183208",1.1769706147667,1.17113451760482,1
"ENSG00000183255",1.63695935448067,1.45025059644494,1.33232866353155
"ENSG00000183258",1.2617618015321,1.06985308031115,1
"ENSG00000183283",1.46951108822917,1.49539280838119,1.05253601272536
"ENSG00000183291",1.1357081773744,1.03645191677696,1
"ENSG00000183298",1.09158720371772,1.3331982792848,1
"ENSG00000183307",1.25708284831666,1.40772540303074,1
"ENSG00000183309",1.33030856529864,1.21580703697004,1
"ENSG00000183323",1.18273084996567,1.46457378454495,1
"ENSG00000183337",1.33423080152603,1.13403364723439,1
"ENSG00000183340",1.43896807674944,1.29233680104851,1.11402360721224
"ENSG00000183354",1.11519664346193,1.07929907933524,1
"ENSG00000183386",1.39766860713291,1.20966330476196,1
"ENSG00000183401",1.22556057336301,1.226639540551,1
"ENSG00000183405",1.08821597434698,1.30284915044785,1
"ENSG00000183431",1.29281576224847,1.21910082108531,1
"ENSG00000183444",1.37320976936559,1.25862326694364,1
"ENSG00000183473",1.27026781834697,1.11261535464512,1
"ENSG00000183474",1.39932040067408,1.12383465209192,1
"ENSG00000183475",1.49981278620269,1.38367167846474,1.23374104311606
"ENSG00000183484",1.29434958489165,1.16699592065562,1
"ENSG00000183486",1.51491870188438,1.46207125761256,1.17042966922843
"ENSG00000183495",1.26566365243834,1.16459769637356,1
"ENSG00000183508",1.2161486309504,1.07136277083233,1
"ENSG00000183513",1.17603697446098,1.1902160345897,1
"ENSG00000183520",1.38310286369467,1.27401428656256,1
"ENSG00000183527",1.44625494035935,1.34196944924229,1
"ENSG00000183530",1.48427158572371,1.27974597264665,1.27045626892364
"ENSG00000183576",1.13884705340641,1.27727338404061,1
"ENSG00000183597",1.4039179318642,1.17174174990306,1.17198522683818
"ENSG00000183598",1.44110414677917,1.04287436173686,1
"ENSG00000183604",1.14082282334321,1.08321277815736,1
"ENSG00000183605",1.2874336158771,1.24882769971102,1
"ENSG00000183617",1.32517234045498,1.20605838981485,1
"ENSG00000183621",1.15778235742454,1.41362268632864,1
"ENSG00000183624",1.17891866675786,1.08447064469848,1
"ENSG00000183647",1.32544672825402,1.22583271215553,1
"ENSG00000183648",1.23878524830057,1.15867442367544,1
"ENSG00000183655",1.21877582245141,1.10373763968251,1
"ENSG00000183665",1.2750065106533,1.14828987930778,1
"ENSG00000183666",1.08298505025155,1.23161808019587,1
"ENSG00000183684",1.18733487056878,1.11128893770064,1
"ENSG00000183688",1.30585196386522,1.38615645051889,1
"ENSG00000183690",1.97176392918813,1.37300463783001,1.67321521142271
"ENSG00000183691",1.323104091721,1.21010679460531,1
"ENSG00000183696",1.04253940822967,1.12383405260897,1
"ENSG00000183718",1.18470138839394,1.22632174375993,1
"ENSG00000183723",1.11272520359025,1.13670756048681,1
"ENSG00000183726",1.48751761166262,1.31352509672723,1.25520734649346
"ENSG00000183734",1.2488361266463,1.18873546919132,1
"ENSG00000183735",1.26362371034942,1.14203589611494,1
"ENSG00000183741",1.1415593847353,1.11999470369691,1
"ENSG00000183742",1.28675475692423,1.17731172748786,1
"ENSG00000183751",1.40947987673764,1.15732131182569,1.07171057388185
"ENSG00000183762",1.76647147596267,1.45556281881196,1.4633600987596
"ENSG00000183765",1.1506911658817,1.32616416137967,1
"ENSG00000183773",1.09526015429251,1.21304383880813,1
"ENSG00000183784",1.49648951580319,1.38260752112049,1
"ENSG00000183808",1.06277062669894,1.10579718087061,1
"ENSG00000183813",1.22098222437225,1.04741854493774,1
"ENSG00000183814",1.30911284420439,1.34272067760389,1
"ENSG00000183826",1.22681819215204,1.05708819213156,1
"ENSG00000183828",1.31420218161964,1.31193249592629,1
"ENSG00000183837",1.103281952565,1.19154586824124,1
"ENSG00000183864",1.23433962210048,1.0998793579705,1
"ENSG00000183891",1.14421654605246,1.1247012609762,1
"ENSG00000183935",1.46675823787971,1.05211137455389,1
"ENSG00000183943",1.40576640713718,1.27387807501579,1.14678756035422
"ENSG00000183955",1.33331739792653,1.18263173451342,1
"ENSG00000183960",1.21687965701705,1.16717485737996,1
"ENSG00000183978",1.33685352396577,1.30287440258545,1
"ENSG00000184005",1.1262355964369,1.31353353529767,1
"ENSG00000184007",1.12602909004476,1.16614112589724,1
"ENSG00000184009",1.06098420223915,1.19883783417522,1
"ENSG00000184014",1.88179301131345,1.61667665770267,1.48938487045026
"ENSG00000184047",1.29195954821837,1.07543373956124,1
"ENSG00000184056",1.21643569843245,1.14532785872232,1
"ENSG00000184060",1.21516936904986,1.2035489519173,1
"ENSG00000184076",1.09419636864102,1.20038883161665,1
"ENSG00000184083",1.56079688462856,1.29987395367003,1.25233705546264
"ENSG00000184100",1.41442296484532,1.03729241966995,1.11811827699296
"ENSG00000184113",1.40809291009993,1.22029054954643,1
"ENSG00000184117",1.58162291229868,1.17416553806941,1.29872780999729
"ENSG00000184154",1.82924293316573,1.49951723277168,1.37054020787175
"ENSG00000184162",1.49808166371683,1.31158176526288,1.12823162198253
"ENSG00000184164",1.20160794006305,1.07670454250324,1
"ENSG00000184178",1.36134542494422,1.20230051375779,1
"ENSG00000184182",1.26341872299563,1.14429848773178,1
"ENSG00000184203",1.31017253691758,1.14224231360315,1
"ENSG00000184205",1.0880502752324,1.23448143200315,1
"ENSG00000184207",1.2797718783445,1.10234176959609,1
"ENSG00000184208",1.39651916637192,1.20043892142611,1
"ENSG00000184209",1.18096754511611,1.26540076301672,1
"ENSG00000184216",1.19005745021964,1.10467048258787,1
"ENSG00000184220",1.46553093755846,1.34407006032503,1
"ENSG00000184221",1.45197255552406,1.01890404758151,1
"ENSG00000184226",1.36902792093847,1.12405566285534,1
"ENSG00000184232",1.04036702495215,1.1461175751786,1
"ENSG00000184260",1.40276165611749,1.16820215549571,1.19418812156774
"ENSG00000184270",1.11608834918173,1.04837794113951,1
"ENSG00000184271",1.30503234015291,1.24921763481802,1
"ENSG00000184277",1.07882191250523,1.22873472956827,1
"ENSG00000184281",1.12547562217362,1.1128630034636,1
"ENSG00000184293",1.07272921243502,1.35708432217674,1
"ENSG00000184305",1.3316748150951,1.25848566346343,1
"ENSG00000184307",1.33065413411585,1.27988634720307,1
"ENSG00000184319",1.41497532005821,1.25462878640376,1
"ENSG00000184348",1.14273799673555,1.22840908234542,1
"ENSG00000184357",1.13213301901729,1.16894314179938,1
"ENSG00000184381",1.29444099552992,1.09588220602646,1
"ENSG00000184384",1.49322957110053,1.04808633536354,1.28534457420267
"ENSG00000184402",1.32540043409933,1.25840240635569,1
"ENSG00000184428",1.33060053677539,1.18310016455971,1
"ENSG00000184432",1.12319848300608,1.20092495568061,1
"ENSG00000184436",1.2838077579705,1.26244857931614,1
"ENSG00000184445",1.12925681486328,1.21538977852879,1
"ENSG00000184465",1.33666432202394,1.2706460055248,1
"ENSG00000184470",1.22868679195105,1.06259857841724,1
"ENSG00000184481",1.37141570375644,1.17078288372304,1.12913202323799
"ENSG00000184489",1.42690401330477,1.35664959824473,1.10815076887601
"ENSG00000184500",1.39299476791967,1.09694691502408,1
"ENSG00000184508",1.67563196359766,1.32608923720091,1.38020606935219
"ENSG00000184517",1.44203322018794,1.33076773645702,1.0624496470783
"ENSG00000184557",1.37440096429181,1.26863735689962,1.08973145592094
"ENSG00000184574",1.09172279144099,1.20836499723837,1
"ENSG00000184575",1.64187047602194,1.33143941643966,1.39744304657945
"ENSG00000184584",1.2002309886572,1.2100356494552,1
"ENSG00000184588",1.39770772048189,1.44260620905767,1
"ENSG00000184602",1.53662496766419,1.41501753754567,1.24020121458415
"ENSG00000184613",1.29128716877,1.20257574510581,1
"ENSG00000184619",1.2023167459816,1.28158044107749,1
"ENSG00000184634",1.50522122678541,1.22069868404465,1.24442320449304
"ENSG00000184635",1.37642284459318,1.13519632533411,1
"ENSG00000184640",1.22602067547709,1.18006002028781,1
"ENSG00000184675",1.02654887462798,1.27270220817172,1
"ENSG00000184677",1.2248719843949,1.23187183694294,1
"ENSG00000184678",1.31193904406451,1.23810118313858,1
"ENSG00000184708",1.16070984984788,1.03646451505413,1
"ENSG00000184719",1.44102077542189,1.26625398526392,1
"ENSG00000184730",1.53347482425346,1.40261450035609,1.21068421086946
"ENSG00000184743",1.21595139017489,1.21104448750237,1
"ENSG00000184752",1.24588033654022,1.1896418816041,1
"ENSG00000184787",1.30676233992415,1.3143380607261,1
"ENSG00000184792",1.40560776675567,1.04556692610445,1.17430340912466
"ENSG00000184825",1.4235014267163,1.20401500326601,1
"ENSG00000184840",1.27120542010467,1.09486792247718,1
"ENSG00000184857",1.63834051326605,1.234945917056,1.30201565133889
"ENSG00000184860",1.33781003117491,1.29786214812156,1
"ENSG00000184863",1.387604720682,1.18335298598102,1.15235361270664
"ENSG00000184867",1.23174569961221,1.22180521073712,1
"ENSG00000184886",1.48683192405729,1.31535546099094,1
"ENSG00000184887",1.21139908625301,1.22539012982336,1
"ENSG00000184897",1.24488381309236,1.23831845082936,1
"ENSG00000184898",1.46245627767016,1.14130878312312,1.1978891096971
"ENSG00000184900",1.06840481650397,1.28273035156279,1
"ENSG00000184903",1.33992029190491,1.25495965506019,1
"ENSG00000184922",1.58003859147086,1.29367527035375,1.35007080148531
"ENSG00000184924",1.20158177662733,1.29934341682991,1
"ENSG00000184939",1.46596854852298,1.30960926305584,1.20291684950464
"ENSG00000184967",1.49476793122889,1.21138443805892,1
"ENSG00000184983",1.12200851159647,1.31228806194893,1
"ENSG00000184988",1.43342963331064,1.16237134173315,1.07154578181043
"ENSG00000184990",1.29195994964091,1.17645996137328,1
"ENSG00000184992",1.17698290023599,1.04884455198649,1
"ENSG00000185000",1.27399262845263,1.3629566797833,1
"ENSG00000185009",1.45110372755503,1.08067933555189,1.24023234287198
"ENSG00000185010",1.60004231177025,1.1138215902572,1.26465267223819
"ENSG00000185015",1.14146700295845,1.2246479080491,1
"ENSG00000185019",1.13399188864254,1.17471038721459,1
"ENSG00000185022",1.5099520300655,1.29574744817417,1
"ENSG00000185024",1.23003750544581,1.19059712404052,1
"ENSG00000185031",1.60295563695017,1.50225582064262,1.12545234272504
"ENSG00000185033",1.70146704281521,1.35865170793872,1.44801730947491
"ENSG00000185043",1.31819990341469,1.15811605807002,1
"ENSG00000185049",1.11763783473127,1.1639171451323,1
"ENSG00000185052",1.85451497840021,1.27494709828759,1.44858004330721
"ENSG00000185085",1.35676843491562,1.12267618364774,1
"ENSG00000185088",1.04838447255302,1.33562572990553,1
"ENSG00000185101",1.28516371108429,1.21292831710973,1
"ENSG00000185104",1.50673591849412,1.34145222991793,1.21251297137113
"ENSG00000185112",1.1145240248027,1.03032702192501,1
"ENSG00000185115",1.60006337682461,1.33386176302345,1.34144166916356
"ENSG00000185122",1.1411659367613,1.06910778277809,1
"ENSG00000185127",1.35899207137147,1.19656435165167,1.09084233881238
"ENSG00000185129",1.43353507400297,1.40561399943423,1
"ENSG00000185130",1.11771135853474,1.2413188604817,1
"ENSG00000185158",1.34371984749356,1.0850857159063,1
"ENSG00000185163",1.35582644799701,1.28350558991699,1
"ENSG00000185164",1.06580011498243,1.10394889939742,1
"ENSG00000185187",1.34942017675579,1.24049674915193,1
"ENSG00000185189",1.25629785678762,1.20509644177483,1
"ENSG00000185201",1.38416907848806,1.55478788259417,1
"ENSG00000185215",1.52021347260631,1.36180639999893,1.22551160766675
"ENSG00000185219",1.21906910533084,1.13324724647873,1
"ENSG00000185220",1.19228759907594,1.16558852758909,1
"ENSG00000185236",1.27847830673389,1.16974405508823,1
"ENSG00000185238",1.51637955210937,1.36189297319062,1.23504622207792
"ENSG00000185246",1.30929379188692,1.33045010732966,1
"ENSG00000185252",1.39224874635107,1.24221210458649,1
"ENSG00000185261",1.50238408876495,1.4688451405024,1.15246426797931
"ENSG00000185262",1.19475321187277,1.30652575605377,1
"ENSG00000185275",1.11979182430892,1.1189765200455,1
"ENSG00000185278",1.21615113394235,1.30895925638624,1
"ENSG00000185298",1.29408481273697,1.09995096569568,1
"ENSG00000185305",1.31541757572836,1.13216785660149,1
"ENSG00000185324",1.27540033091288,1.2377297184742,1
"ENSG00000185340",1.57925692127593,1.15452267556274,1.13438097888659
"ENSG00000185344",1.14046272623386,1.23245000138987,1
"ENSG00000185345",1.36199728641156,1.31282842925907,1
"ENSG00000185347",1.37203046194497,1.18047518472435,1
"ENSG00000185359",1.51123156799996,1.28315240892992,1.25046780906506
"ENSG00000185361",1.03701915963943,1.18511701344999,1
"ENSG00000185379",1.1925191368635,1.26915849110154,1
"ENSG00000185404",1.13180553449925,1.21186482949514,1
"ENSG00000185418",1.39414562364067,1.33599454677014,1
"ENSG00000185420",1.48672473010995,1.28103753017549,1.18994273557314
"ENSG00000185432",1.01778664099256,1.19517673110245,1
"ENSG00000185436",1.53265165092237,1.25311641725427,1.09964348894436
"ENSG00000185475",1.24790041082223,1.15555741422116,1
"ENSG00000185477",1.4344895620567,1.30497157505278,1.14331935381407
"ENSG00000185480",1.04781283642518,1.24291666501864,1
"ENSG00000185482",1.1767907806292,1.04129442353151,1
"ENSG00000185485",1.2613281465033,1.12444239180266,1
"ENSG00000185504",1.18280811389521,1.15257244471392,1
"ENSG00000185507",1.32708176990181,1.24057972190835,1
"ENSG00000185513",1.22140970758443,1.27164288398945,1
"ENSG00000185515",1.46647952062144,1.19599645017004,1.20350756783216
"ENSG00000185591",1.51833861849987,1.44828318627917,1.20404479052666
"ENSG00000185596",1.131121083433,1.13532246648182,1
"ENSG00000185608",1.3111715920632,1.4007413309207,1
"ENSG00000185619",1.27072304379792,1.02259872003061,1
"ENSG00000185621",1.3191213676679,1.24703931472944,1
"ENSG00000185624",1.10666628930531,1.06279159020079,1
"ENSG00000185627",1.22994081223644,1.21854504794482,1
"ENSG00000185630",1.14202910137638,1.10819682777634,1
"ENSG00000185641",1.23969582612676,1.26833350068757,1
"ENSG00000185650",1.45135880503648,1.24151175639017,1.23384930937268
"ENSG00000185651",1.0604937153565,1.0853711624759,1
"ENSG00000185658",1.33677783095389,1.15146880503368,1.02747749223821
"ENSG00000185669",1.34011092325771,1.34451978427336,1
"ENSG00000185670",1.26047432490225,1.20104925179415,1
"ENSG00000185684",1.31323038544995,1.28622830394122,1
"ENSG00000185697",1.47432394890714,1.27315274543238,1.22464459046399
"ENSG00000185716",1.51627267187564,1.2513900726723,1.25778714346684
"ENSG00000185721",1.21124775178857,1.235245649717,1
"ENSG00000185722",1.13715861076474,1.13984511249323,1
"ENSG00000185728",1.28711392420038,1.31479209582572,1
"ENSG00000185730",1.44380344439709,1.18997301650555,1.06450570196308
"ENSG00000185745",1.08370117608607,1.18672204877514,1
"ENSG00000185753",1.50468189853626,1.27876291068742,1.22421234258648
"ENSG00000185760",1.15358845656524,1.22794914999203,1
"ENSG00000185787",1.02749701778252,1.05302561929589,1
"ENSG00000185798",1.26898748007044,1.15786438923624,1
"ENSG00000185800",1.44933922777022,1.23634525421079,1
"ENSG00000185803",1.34345339456957,1.14754387196916,1
"ENSG00000185808",1.4543159996166,1.28626756532165,1
"ENSG00000185811",1.11908838052305,1.05794888777697,1
"ENSG00000185813",1.229653489693,1.2250672974129,1
"ENSG00000185825",1.10009220792249,1.22332129187756,1
"ENSG00000185834",1.38432828022456,1.27802748041679,1
"ENSG00000185838",1.16404597089314,1.17734993565758,1
"ENSG00000185839",1.37489092706412,1.1107451774792,1
"ENSG00000185862",1.41174862969666,1.39402593252382,1.06944492113273
"ENSG00000185869",1.42133110407887,1.33673229108908,1
"ENSG00000185875",1.41047476369836,1.30342940649715,1
"ENSG00000185880",1.26587392994365,1.18771634091377,1
"ENSG00000185885",1.12937641482661,1.24272521514783,1
"ENSG00000185896",1.1528263463739,1.22807767064477,1
"ENSG00000185900",1.12359774613765,1.08177658477669,1
"ENSG00000185905",1.95356308628554,1.45053652684284,1.68093995166502
"ENSG00000185909",1.47868238270852,1.29553955515511,1.13858515070699
"ENSG00000185917",1.07671083257382,1.26804837856186,1
"ENSG00000185920",1.31933715413998,1.25751421024614,1
"ENSG00000185946",1.09523714776676,1.17794586805759,1
"ENSG00000185947",1.29554336881996,1.25123006418149,1
"ENSG00000185950",1.21573544752134,1.37277219767447,1
"ENSG00000185963",1.53696865667043,1.43049936646014,1.22716062613147
"ENSG00000185973",1.47458635441392,1.27662778422769,1.22333736005094
"ENSG00000185986",1.15748970809854,1.30974167848137,1
"ENSG00000186001",1.25659936109794,1.22343753056729,1
"ENSG00000186017",1.42265183128946,1.39363598645507,1
"ENSG00000186020",1.43369076199986,1.35243508334969,1.04141872248842
"ENSG00000186026",1.6120780804533,1.23384817086782,1.19280940109674
"ENSG00000186056",1.26092563480516,1.25845106493061,1
"ENSG00000186063",1.24360673569023,1.2294006887781,1
"ENSG00000186073",1.50076845112709,1.3147116390592,1.0844655605857
"ENSG00000186074",1.29369726834642,1.34748432801085,1
"ENSG00000186088",1.34754046499815,1.28810708514338,1
"ENSG00000186104",1.50915261256258,1.34404571593379,1.22206321678952
"ENSG00000186106",1.3741582907336,1.32581290948514,1
"ENSG00000186111",1.48442546745524,1.06767769074576,1.1305157100452
"ENSG00000186130",1.15611244846221,1.08955315785304,1
"ENSG00000186132",1.34185373669099,1.20673291364671,1
"ENSG00000186141",1.52244520118617,1.33626541316243,1.25790171592857
"ENSG00000186153",1.26835956295746,1.31064224797772,1
"ENSG00000186162",1.40311646575624,1.24908616455021,1
"ENSG00000186166",1.29741112451847,1.14567313702688,1
"ENSG00000186174",1.16057436703977,1.18890680555152,1
"ENSG00000186184",1.14583133470866,1.16441907336531,1
"ENSG00000186187",1.4292600539265,1.13860165522509,1
"ENSG00000186204",1.92998714959386,1.35217694389745,1.56037039489623
"ENSG00000186205",1.49645180308778,1.48313881272887,1.09453254570399
"ENSG00000186222",1.45072312303726,1.19281463825013,1.16595251896103
"ENSG00000186230",1.51387355058867,1.28045311492259,1.11207305164818
"ENSG00000186260",1.2900379848963,1.30912061567694,1
"ENSG00000186265",1.17762971250766,1.25060591200892,1
"ENSG00000186272",1.37540581419933,1.30209810849609,1
"ENSG00000186275",1.11410847006884,1.10958758627403,1
"ENSG00000186283",1.37266890305943,1.15681013075581,1.07700445887876
"ENSG00000186298",1.29865359952104,1.16707494115649,1
"ENSG00000186300",1.33310506805803,1.22465634483619,1
"ENSG00000186312",1.1882210884905,1.1709197687737,1
"ENSG00000186350",1.66889091801192,1.46513015221013,1.33742862365001
"ENSG00000186352",1.17668004110893,1.08019612059248,1
"ENSG00000186354",1.12336631529178,1.19787083057305,1
"ENSG00000186376",1.27676992530808,1.16374487911589,1
"ENSG00000186395",1.57705344847653,1.12997330340144,1.24644057293602
"ENSG00000186407",1.47375385224679,1.15846698554815,1.19722647089402
"ENSG00000186409",1.23844722323546,1.25623335503536,1
"ENSG00000186416",1.58638254042986,1.35845621747182,1.25437169974153
"ENSG00000186431",1.66363491566454,1.51500703206725,1.27904011720267
"ENSG00000186432",1.42765294173361,1.32155349208112,1.16939696713349
"ENSG00000186446",1.21719437418792,1.24498016240153,1
"ENSG00000186448",1.26511928296292,1.25394260826202,1
"ENSG00000186462",1.62918504072261,1.28996148854584,1.25201602846459
"ENSG00000186468",1.35077327082242,1.24749994047449,1
"ENSG00000186469",1.19822511958533,1.11347565115058,1
"ENSG00000186470",1.1059709383918,1.13442240601538,1
"ENSG00000186480",1.32477456322157,1.15520791899196,1
"ENSG00000186481",1.58146122878887,1.19673269874318,1.20369541521161
"ENSG00000186496",1.62283691997815,1.3375975047001,1.27857590816709
"ENSG00000186501",1.25517035396369,1.26390998296697,1
"ENSG00000186517",1.47199613139959,1.37435539508748,1.17159897444465
"ENSG00000186529",1.51514918162544,1.56362183542121,1.08362889680902
"ENSG00000186532",1.29381759889755,1.29746447250869,1
"ENSG00000186566",1.21034736714729,1.15914624621337,1
"ENSG00000186575",1.26206665509944,1.23676886270323,1
"ENSG00000186577",1.08309947913688,1.23968209817038,1
"ENSG00000186591",1.10313626705574,1.14644051960928,1
"ENSG00000186594",1.24242069513507,1.25141559518505,1
"ENSG00000186625",1.25447605221919,1.26683364896236,1
"ENSG00000186635",1.60835485440557,1.32357539109933,1.35962785246576
"ENSG00000186654",1.32563472196923,1.07286892466587,1
"ENSG00000186660",1.12790093304689,1.13528848609483,1
"ENSG00000186666",1.39384911775197,1.28258433034677,1
"ENSG00000186687",1.33392758363912,1.26601985435057,1
"ENSG00000186716",1.22481114278502,1.0914454047122,1
"ENSG00000186767",1.45480448757092,1.36932222065734,1
"ENSG00000186812",1.32350703464353,1.17289007275215,1
"ENSG00000186814",1.51334837824466,1.20896203302854,1.2575397809705
"ENSG00000186815",1.32418939044994,1.15212624808346,1
"ENSG00000186818",1.43844628067169,1.13774296000016,1
"ENSG00000186834",1.07992973005137,1.16545476624418,1
"ENSG00000186854",1.25423680369116,1.17738190952551,1
"ENSG00000186866",1.29266224869042,1.15748736217564,1
"ENSG00000186891",1.70573473172892,1.15816550132549,1.30599912564147
"ENSG00000186908",1.28189992545163,1.2488282722887,1
"ENSG00000186918",1.16394804474057,1.25579148795025,1
"ENSG00000186951",1.24063414745978,1.17402846903386,1
"ENSG00000187024",1.50846653057694,1.32210689519457,1
"ENSG00000187037",1.17681421596062,1.28142538184159,1
"ENSG00000187049",1.93273924492241,1.34500490600541,1.67066176164919
"ENSG00000187051",1.15003608750573,1.13837590527873,1
"ENSG00000187091",1.49076796171313,1.11668660577307,1.24074912201242
"ENSG00000187097",1.1316079038526,1.15724547244857,1
"ENSG00000187098",1.17606024309824,1.09377956625298,1
"ENSG00000187109",1.30628068824212,1.32954792358285,1
"ENSG00000187116",1.34296405209329,1.31901464827581,1
"ENSG00000187118",1.34406683868801,1.30188215215281,1
"ENSG00000187145",1.2465491768639,1.42022694808837,1
"ENSG00000187147",1.19372666972146,1.17068319432173,1
"ENSG00000187164",1.0508742588535,1.26665623631181,1
"ENSG00000187187",1.45004385510582,1.38226832737289,1
"ENSG00000187189",1.49749861741503,1.20700745901349,1.22021571105116
"ENSG00000187210",1.15752702937741,1.17921051658905,1
"ENSG00000187231",1.11072938358985,1.02844784349868,1
"ENSG00000187239",1.36243596950484,1.15549236917868,1.12142939779143
"ENSG00000187240",1.51841211134653,1.23973780580444,1.24171825801057
"ENSG00000187257",1.52536224626573,1.37319353483453,1.26851822553115
"ENSG00000187266",1.376988007442,1.33394667820276,1
"ENSG00000187325",1.53390064950364,1.34367734723571,1.09880311036198
"ENSG00000187446",1.39597199406007,1.2730605564991,1
"ENSG00000187514",1.3077165838573,1.29094236015621,1
"ENSG00000187522",1.21917266106902,1.26561146769794,1
"ENSG00000187531",1.51046033599777,1.36365439637531,1.22712457630877
"ENSG00000187535",1.16209418070324,1.22196848262128,1
"ENSG00000187554",1.07541713963271,1.28658108412518,1
"ENSG00000187555",1.28096584660408,1.09730261730437,1
"ENSG00000187601",1.43314299231191,1.3630540335108,1
"ENSG00000187605",1.60689642091509,1.318307447373,1.36835717003729
"ENSG00000187608",1.06087137141483,1.13942915443316,1
"ENSG00000187609",1.48174337661542,1.26004312661022,1
"ENSG00000187621",1.24724224712751,1.0410717937038,1
"ENSG00000187626",1.27861464531053,1.08650456619145,1
"ENSG00000187630",1.46901892383974,1.21400824731771,1
"ENSG00000187650",1.27769329274892,1.06896696941839,1
"ENSG00000187653",1.32032363993481,1.16637045208339,1
"ENSG00000187667",1.16262331654082,1.19139082948617,1
"ENSG00000187676",1.59208179652243,1.2886783045899,1.27184148261737
"ENSG00000187688",1.05738330118476,1.21000109187655,1
"ENSG00000187699",1.32348165426781,1.09498425794204,1
"ENSG00000187713",1.41068244231856,1.20130262914892,1.13271297122024
"ENSG00000187735",1.40130633221948,1.28869920164431,1.09154844222062
"ENSG00000187741",1.49476307903369,1.13788139674909,1.17704995411619
"ENSG00000187742",1.20456044324315,1.09594999761803,1
"ENSG00000187764",1.3846489985393,1.21910584435579,1.12384268977169
"ENSG00000187778",1.10116651762339,1.09421684685011,1
"ENSG00000187790",1.37285622388291,1.30707317568525,1
"ENSG00000187792",1.21420656579338,1.26866507928992,1
"ENSG00000187796",1.20325209227405,1.02928746464515,1
"ENSG00000187801",1.34626128494769,1.16517168829822,1
"ENSG00000187808",1.55107784643698,1.38341400107515,1.20260897444817
"ENSG00000187815",1.57779241516723,1.4187493201644,1.21631294835125
"ENSG00000187837",1.33341798303063,1.20372854981702,1.06449469007595
"ENSG00000187840",1.30262082886881,1.13502615436354,1
"ENSG00000187866",1.0978677356107,1.04885881983874,1
"ENSG00000187912",1.20754951526345,1.13147598739743,1
"ENSG00000187951",1.28439547954401,1.28354450553646,1
"ENSG00000187953",1.11966880551088,1.13570996461961,1
"ENSG00000187954",1.32423854111822,1.25693721272322,1
"ENSG00000187961",1.38029099719367,1.29483539446688,1
"ENSG00000187994",1.11919322614384,1.17566010631769,1
"ENSG00000188001",1.54494070029549,1.22795394245636,1.20403906088234
"ENSG00000188002",1.19870791771121,1.25862046156346,1
"ENSG00000188021",1.10478251713254,1.07943507538778,1
"ENSG00000188026",2.15605191727736,1.45035044573794,1.74455198162116
"ENSG00000188033",1.15868429222316,1.19157207619003,1
"ENSG00000188042",1.61016210730411,1.33406072011507,1.33978854709408
"ENSG00000188070",1.3426524822246,1.33401623547204,1
"ENSG00000188158",1.37962083697397,1.42731645758263,1
"ENSG00000188167",1.40346506342574,1.31971747398092,1
"ENSG00000188171",1.3628589334239,1.16849036306156,1
"ENSG00000188177",1.38669987502628,1.2417009496206,1.08517717914199
"ENSG00000188186",1.58231145500694,1.40630969462934,1.31975545360605
"ENSG00000188191",1.40593407223116,1.08430528254018,1
"ENSG00000188206",1.16276815577183,1.10243776024656,1
"ENSG00000188211",1.33213610512658,1.22063166588099,1
"ENSG00000188215",1.43578555579664,1.28044715143577,1.01090456042243
"ENSG00000188227",1.28649714158134,1.23142603959949,1
"ENSG00000188229",1.35477383035843,1.27569041363539,1
"ENSG00000188242",1.67423203907988,1.26081120573973,1.34393533157996
"ENSG00000188243",1.10500943315948,1.35825614996179,1
"ENSG00000188283",1.26050325204049,1.28621811435363,1
"ENSG00000188295",1.10772756931494,1.1113310572485,1
"ENSG00000188305",1.80147387389622,1.58967301667501,1.30391422137736
"ENSG00000188312",1.25302925938205,1.26934454237982,1
"ENSG00000188313",1.05862619962093,1.25148669481427,1
"ENSG00000188315",2.20334483634227,1.63086891836875,1.81180898006616
"ENSG00000188321",1.18338370566481,1.26638510026895,1
"ENSG00000188322",1.15856138938459,1.36548381621546,1
"ENSG00000188342",1.0902558540981,1.21262184483519,1
"ENSG00000188352",1.14460508830647,1.09605839554434,1
"ENSG00000188375",1.41749434320644,1.45415285103437,1
"ENSG00000188419",1.35725290015547,1.27578505714294,1
"ENSG00000188428",1.40932752751533,1.35382238310387,1
"ENSG00000188459",1.57546429044517,1.14186679149282,1.2139700008891
"ENSG00000188460",1.42242709287183,1.31577684010224,1
"ENSG00000188483",1.43589286554775,1.15383705493165,1
"ENSG00000188486",1.53563119579687,1.08074043847702,1.2105860556436
"ENSG00000188511",1.35371834633658,1.18747696647267,1
"ENSG00000188522",1.09324900179207,1.23910016407179,1
"ENSG00000188536",1.07474503573759,1.07831772188,1
"ENSG00000188542",1.27840133422676,1.12136367655891,1
"ENSG00000188554",1.17372826065135,1.32547599275644,1
"ENSG00000188559",1.40108917301,1.51309127143562,1
"ENSG00000188566",1.40942893773565,1.22516593581253,1
"ENSG00000188596",2.64001470097587,1.51292140579116,2.17674109385803
"ENSG00000188603",1.75958683145585,1.30323037488861,1.46944986327495
"ENSG00000188612",1.04233932177911,1.10458697452934,1
"ENSG00000188636",1.07231684000476,1.22252553715259,1
"ENSG00000188641",1.13909534611592,1.2643859184709,1
"ENSG00000188647",1.02035063761132,1.15201319842493,1
"ENSG00000188677",1.36426538571071,1.13314652998158,1
"ENSG00000188690",1.27827807293911,1.30858883603757,1
"ENSG00000188707",1.26899848860252,1.07874935110716,1
"ENSG00000188725",1.31389166086872,1.2782944800379,1
"ENSG00000188732",1.38378276437975,1.24953786733125,1
"ENSG00000188735",1.38297889486625,1.15486754453188,1
"ENSG00000188747",1.62336036147516,1.30192998791598,1.20495110329096
"ENSG00000188785",1.16272664478825,1.35317419120785,1
"ENSG00000188786",1.52949889374172,1.40963753702735,1.21188822385249
"ENSG00000188811",1.51502781017847,1.30196253420274,1.2810746309134
"ENSG00000188820",1.24921899447988,1.17689610049104,1
"ENSG00000188822",1.3886059333436,1.05852465092344,1.00808056698425
"ENSG00000188825",1.5115173762624,1.15420493886799,1.19669528159349
"ENSG00000188827",1.32275298595225,1.08536354107987,1
"ENSG00000188846",1.35748485811278,1.24444834614774,1.03225361259765
"ENSG00000188848",1.30887856763069,1.20120008419096,1
"ENSG00000188868",1.64730873973205,1.36383202554194,1.22146735574203
"ENSG00000188873",1.34089229182879,1.34848760931101,1
"ENSG00000188878",1.32714903335997,1.30400531516419,1
"ENSG00000188895",2.33811140668318,1.80629774865891,1.81277598862897
"ENSG00000188897",1.4352968072208,1.34597861179499,1.10163351593889
"ENSG00000188906",1.58350410952943,1.55616108297077,1.1774876063315
"ENSG00000188917",1.20083672719316,1.27188360550676,1
"ENSG00000188921",1.45495973521,1.29096913322169,1.20013226814311
"ENSG00000188938",1.1938727097183,1.31522737304729,1
"ENSG00000188971",1.1481051878852,1.1922833942605,1
"ENSG00000188976",1.26322881806455,1.21109241786015,1
"ENSG00000188986",1.20282906373578,1.06220147276425,1
"ENSG00000188987",1.12943957982287,1.25994947719979,1
"ENSG00000188994",1.08957330128264,1.17039630699709,1
"ENSG00000188997",1.47232330427204,1.41279313404574,1
"ENSG00000189007",1.42852716667041,1.34759080897559,1
"ENSG00000189042",1.31867216481547,1.32356327240699,1
"ENSG00000189043",1.15317828035952,1.31622799436249,1
"ENSG00000189046",1.68383478257762,1.35369645378834,1.2632998073188
"ENSG00000189050",1.25345891105788,1.08983445192916,1
"ENSG00000189060",1.48792659833182,1.13384304330188,1.25500541317351
"ENSG00000189067",1.4438425901892,1.61688886631336,1
"ENSG00000189068",1.54682849102109,1.11248660354634,1.21221163079974
"ENSG00000189077",1.449129027564,1.578819717322,1
"ENSG00000189079",1.23841886938143,1.06726834268404,1
"ENSG00000189091",1.23250848656955,1.23026058262817,1
"ENSG00000189114",1.06561526805289,1.12343412674568,1
"ENSG00000189144",1.36900028232082,1.37828976569196,1
"ENSG00000189159",1.53067658138587,1.47618708758199,1.15985442208123
"ENSG00000189164",1.42580244891113,1.34331644639873,1
"ENSG00000189180",1.5739147297941,1.36727084655448,1.33979206895475
"ENSG00000189190",1.34760900679911,1.2725252275732,1
"ENSG00000189195",1.68523127106709,1.16793874767842,1.30416577158467
"ENSG00000189223",1.17383233803057,1.05320799226019,1
"ENSG00000189227",1.54176801672073,1.30391281112183,1.1200839109352
"ENSG00000189233",1.09333037897118,1.23053973743576,1
"ENSG00000189241",1.29244542556542,1.09978394918049,1
"ENSG00000189283",1.41986190402212,1.25342651759482,1
"ENSG00000189298",1.19624461835255,1.31787297512468,1
"ENSG00000189306",1.17576184199538,1.16926081935687,1
"ENSG00000189308",1.26628755384822,1.23793210067779,1
"ENSG00000189319",1.52468559643314,1.23147435500626,1.31698127751107
"ENSG00000189337",1.57906369752281,1.4376967575142,1.07434815514874
"ENSG00000189339",1.22790957464911,1.04579786814951,1
"ENSG00000189343",1.43089127437015,1.26164189808777,1.169688538278
"ENSG00000189350",1.07543289695086,1.2371729073487,1
"ENSG00000189362",1.25931052786464,1.30690844325663,1
"ENSG00000189369",1.38177667965474,1.33615263736476,1
"ENSG00000189376",1.34817106913473,1.19397862147407,1
"ENSG00000189403",1.16858960158517,1.2025285757289,1
"ENSG00000189430",1.37343746396134,1.23314012753116,1
"ENSG00000196072",1.18176527469153,1.13027676582435,1
"ENSG00000196074",1.32740734368595,1.10924380397167,1
"ENSG00000196081",1.10179504798369,1.30183116612373,1
"ENSG00000196083",1.6606862732647,1.49027174979182,1.34900254065889
"ENSG00000196092",1.41185324943951,1.17517247119812,1
"ENSG00000196110",1.13109638805553,1.20000828061905,1
"ENSG00000196116",1.34158654542727,1.27625135497168,1
"ENSG00000196118",1.78358318201397,1.4268429076328,1.33252222283331
"ENSG00000196138",1.15816712702914,1.10925388248154,1
"ENSG00000196139",1.66831082282749,1.28412238201549,1.31440971464844
"ENSG00000196141",1.29386839825145,1.10007402531801,1
"ENSG00000196150",1.38644033234463,1.23964287256459,1.03264329573394
"ENSG00000196151",1.33593450201947,1.28308314650727,1
"ENSG00000196152",1.22853458658015,1.17371996620521,1
"ENSG00000196154",1.18589624534167,1.2107564178385,1
"ENSG00000196155",1.48099154560016,1.20216357096368,1.04567765256617
"ENSG00000196159",1.46579219517784,1.1496406132593,1
"ENSG00000196172",1.23864225289485,1.30412480427183,1
"ENSG00000196176",1.3265731400763,1.28449962394266,1
"ENSG00000196177",1.61323040951526,1.34744564637433,1.33128822966601
"ENSG00000196182",1.66112446937626,1.39637714203294,1.3737898480937
"ENSG00000196183",1.45247664119186,1.26577160473544,1
"ENSG00000196187",1.23725905868457,1.09950519044779,1
"ENSG00000196189",1.70920487299703,1.43850176312305,1.394906588287
"ENSG00000196199",1.14091088322202,1.01581430198046,1
"ENSG00000196204",1.29769377177636,1.20245181882876,1
"ENSG00000196205",1.24119213849501,1.24720308706036,1
"ENSG00000196209",1.52351809417387,1.32418755941972,1.25332232323568
"ENSG00000196214",1.34389391691478,1.29793082374106,1
"ENSG00000196220",1.22187709411294,1.11937187499379,1
"ENSG00000196226",1.32067720327217,1.22528707860553,1
"ENSG00000196227",1.39846437380284,1.2120054407742,1.14250896213276
"ENSG00000196233",1.3190233805968,1.29655215569317,1
"ENSG00000196235",1.14713475128869,1.06285124879558,1
"ENSG00000196236",1.17453030510988,1.11317982742136,1
"ENSG00000196247",1.25113193634435,1.10707274162407,1
"ENSG00000196262",1.51333422441828,1.34491531427092,1.24848278766248
"ENSG00000196267",1.23810902004909,1.12677058292244,1
"ENSG00000196268",1.37297199933638,1.10459871394529,1.13225147454288
"ENSG00000196284",1.5665132239017,1.43020908886549,1.16311964822868
"ENSG00000196290",1.53909417459835,1.36907952524035,1.23604445322773
"ENSG00000196295",1.36057951370815,1.11517852643567,1.12669398742717
"ENSG00000196305",1.40675107345412,1.31481480645264,1.10602100634689
"ENSG00000196312",1.15239541084152,1.13689443989191,1
"ENSG00000196313",1.17503414801793,1.26542156630261,1
"ENSG00000196323",1.13157197078071,1.16113428405358,1
"ENSG00000196329",1.55341343555112,1.309192242366,1.2616799806528
"ENSG00000196331",1.23686548297212,1.13239192827895,1
"ENSG00000196345",1.31235137978289,1.09557631625246,1
"ENSG00000196352",1.40799609157349,1.37098480326866,1.03412016353612
"ENSG00000196357",1.16401730300784,1.31066336566276,1
"ENSG00000196358",1.47668813971292,1.42830266253304,1.01587046277017
"ENSG00000196363",1.39507749535242,1.2257180761942,1.02815195858503
"ENSG00000196365",1.33783962683774,1.22000502593885,1
"ENSG00000196367",1.13460231262521,1.11955376392795,1
"ENSG00000196369",1.59444168104223,1.23519811120452,1.29033256010499
"ENSG00000196371",1.25714357771793,1.14085299797327,1
"ENSG00000196372",1.76394977166951,1.14441701315159,1.50633906342423
"ENSG00000196374",1.23042569835672,1.20875422874224,1
"ENSG00000196378",1.37894794064211,1.27300898188731,1
"ENSG00000196387",1.30434925126002,1.21814919198482,1
"ENSG00000196396",1.27088909671756,1.0397854055862,1
"ENSG00000196405",1.186543707297,1.27546659525097,1
"ENSG00000196411",1.81826135617799,1.47864569476372,1.47252465351816
"ENSG00000196417",1.10129591290797,1.22742823209716,1
"ENSG00000196418",1.27649355164412,1.36163944565141,1
"ENSG00000196419",1.26835973579121,1.11083441638406,1
"ENSG00000196422",1.31660585497492,1.05372643500011,1
"ENSG00000196428",1.22696738750642,1.09687442679796,1
"ENSG00000196437",1.3285957995652,1.36662064746414,1
"ENSG00000196440",1.05204414501004,1.09097264397392,1
"ENSG00000196449",1.12658368003277,1.04461411745965,1
"ENSG00000196455",1.26453792887901,1.09365988478376,1
"ENSG00000196456",1.21424497433038,1.13868010987693,1
"ENSG00000196458",1.34815392222064,1.22029773648746,1
"ENSG00000196459",1.10929117968519,1.13137549602512,1
"ENSG00000196466",1.1734265261767,1.20705954811696,1
"ENSG00000196470",1.33938126604048,1.34267924489556,1
"ENSG00000196498",1.37833800845621,1.15465896463682,1
"ENSG00000196502",1.09155595468676,1.24204090822211,1
"ENSG00000196504",1.26990501870693,1.07762513196883,1
"ENSG00000196505",1.25392608822276,1.18618730649926,1
"ENSG00000196507",1.62043567309891,1.24088216558946,1.2068316970201
"ENSG00000196510",1.10095546113591,1.12932584252077,1
"ENSG00000196511",1.30076480453055,1.08116778217667,1
"ENSG00000196517",1.46749067998076,1.13914921462071,1
"ENSG00000196526",1.10894688513736,1.09434699985965,1
"ENSG00000196531",1.32500126738675,1.20720878586069,1
"ENSG00000196532",1.36546337095862,1.16341288894141,1
"ENSG00000196533",1.67065254974621,1.19693688897534,1.27550216686012
"ENSG00000196535",1.19368417653433,1.09549375741759,1
"ENSG00000196544",1.14453933432117,1.09512629606042,1
"ENSG00000196547",1.4009213393509,1.39981540346012,1
"ENSG00000196549",1.44892383766117,1.6403940570191,1
"ENSG00000196559",1.43029614074212,1.15663839123999,1
"ENSG00000196562",1.14587315896903,1.33815341761836,1
"ENSG00000196569",1.59476010182973,1.22802946799545,1.18605539908793
"ENSG00000196576",1.14858748569331,1.16510283332163,1
"ENSG00000196586",1.44084256194413,1.33546055289574,1
"ENSG00000196588",1.68439395747277,1.20928602241088,1.46057866322212
"ENSG00000196591",1.20295309454517,1.22436043565357,1
"ENSG00000196597",1.41979073892616,1.24970346858316,1.12572650797483
"ENSG00000196605",1.40097077765441,1.32132830460164,1
"ENSG00000196628",1.21077673554565,1.13433176840712,1
"ENSG00000196636",1.63817595195416,1.23911788000925,1.33373859155815
"ENSG00000196642",1.03343391195011,1.18906331484142,1
"ENSG00000196646",1.19275238689817,1.07533423748657,1
"ENSG00000196652",1.17603414357194,1.10213253248612,1
"ENSG00000196653",1.18280653781129,1.1989078738083,1
"ENSG00000196655",1.30016155549592,1.14587367154704,1
"ENSG00000196659",1.40203626116326,1.02617543927244,1
"ENSG00000196663",1.68628041484304,1.60206820724928,1.27067429402908
"ENSG00000196668",1.73808466106013,1.52991084608635,1.2088429180523
"ENSG00000196670",1.28791937970876,1.29213579555387,1
"ENSG00000196678",1.27124860963281,1.26792473792816,1
"ENSG00000196683",1.09182749566291,1.30341989432085,1
"ENSG00000196684",1.76441802007686,1.46698033701207,1.4774212182755
"ENSG00000196693",1.28707281680678,1.26780939143776,1
"ENSG00000196700",1.27401288429355,1.19661631491164,1
"ENSG00000196704",1.05211293553654,1.13865710180268,1
"ENSG00000196705",1.07384397437478,1.23851292885096,1
"ENSG00000196712",1.26986528015893,1.21157124776316,1
"ENSG00000196715",1.19697209807802,1.18265974044107,1
"ENSG00000196724",1.32618816718168,1.08952441445823,1
"ENSG00000196730",1.39366285876878,1.21706273198127,1.12492806871687
"ENSG00000196743",1.28003306980406,1.04268678057933,1
"ENSG00000196747",1.36315131167667,1.23570773687687,1
"ENSG00000196756",1.20310366907341,1.14970792306403,1
"ENSG00000196757",1.14099994885107,1.12406910845213,1
"ENSG00000196776",1.10268822842278,1.19511211560973,1
"ENSG00000196781",1.20807621500851,1.17413025672123,1
"ENSG00000196782",1.21359541131183,1.38941477736765,1
"ENSG00000196787",1.04871267113359,1.23985943673799,1
"ENSG00000196792",1.18268603263391,1.13497875703393,1
"ENSG00000196793",1.29936405788691,1.28029822537281,1
"ENSG00000196810",1.34780415528249,1.26761020211542,1
"ENSG00000196812",1.2676634550689,1.18267374848061,1
"ENSG00000196814",1.32491452373951,1.22531440344311,1
"ENSG00000196821",1.0885241785602,1.0688982142488,1
"ENSG00000196839",1.30236206696959,1.27269173927836,1
"ENSG00000196843",1.06129601004373,1.28924162720151,1
"ENSG00000196850",1.74898473702703,1.42441884671195,1.49140725175576
"ENSG00000196865",1.23148921951579,1.29220994200051,1
"ENSG00000196867",1.22501795979677,1.26075630881043,1
"ENSG00000196872",1.48315637773501,1.52689498441711,1
"ENSG00000196890",1.48407506622614,1.1634062453675,1.23078439472171
"ENSG00000196911",1.374555639412,1.31898614399477,1
"ENSG00000196912",1.28368679102533,1.19287143915141,1
"ENSG00000196914",1.19525404195017,1.10880613115467,1
"ENSG00000196922",1.4878637860021,1.16976373325058,1.27962497256454
"ENSG00000196923",1.93679273292678,1.57481795351315,1.5447133491415
"ENSG00000196924",1.24708256429487,1.04359317741301,1
"ENSG00000196937",1.3912637658171,1.30832121484066,1
"ENSG00000196943",1.30412740734428,1.18727377347666,1
"ENSG00000196950",1.35138522199874,1.33065277430552,1
"ENSG00000196954",1.50668819152409,1.4047042644867,1.19036811948632
"ENSG00000196961",1.40891476924939,1.16254581816726,1.17994710566221
"ENSG00000196967",1.10480147147165,1.08362601973251,1
"ENSG00000196968",1.42932287993687,1.26116909720448,1.14255715784644
"ENSG00000196975",1.38121279157646,1.18201008518033,1.09116415929029
"ENSG00000196976",1.51004363234379,1.24663033666024,1.15993241563208
"ENSG00000196981",1.38830923345358,1.2355490153899,1.03902746047285
"ENSG00000196998",1.23155872253538,1.18775429681182,1
"ENSG00000197006",1.26239724235888,1.18186032358204,1
"ENSG00000197008",1.33613409108573,1.22957428204016,1
"ENSG00000197013",1.24614347272046,1.21518889667853,1
"ENSG00000197016",1.29410718000325,1.28720644281917,1
"ENSG00000197019",1.20145430816126,1.20606271170162,1
"ENSG00000197020",1.15800739484221,1.02607812123178,1
"ENSG00000197021",1.45926522247255,1.15189308226254,1.14203344825398
"ENSG00000197024",1.24753529821234,1.21132559854083,1
"ENSG00000197037",1.2441370438594,1.13453257642661,1
"ENSG00000197043",1.2808342302385,1.18055565108094,1
"ENSG00000197044",1.26102776434809,1.21069659525674,1
"ENSG00000197045",1.20698338255991,1.02221775268801,1
"ENSG00000197050",1.34952960781924,1.29324017852827,1
"ENSG00000197054",1.28365359209489,1.02555290763407,1
"ENSG00000197056",1.46285665300286,1.33428771103494,1.16669886725244
"ENSG00000197057",1.27023287988275,1.26336082095594,1
"ENSG00000197061",1.12279915659619,1.2559708147957,1
"ENSG00000197062",1.55635290006701,1.28488023337156,1.28793711960232
"ENSG00000197063",1.42079273875705,1.23319888151191,1
"ENSG00000197070",1.29271949134568,1.24496602826659,1
"ENSG00000197081",1.61675491839985,1.48636483987458,1.28794635070419
"ENSG00000197102",1.11891842398277,1.16214281949949,1
"ENSG00000197111",1.32704421214457,1.12592641772396,1.01766739792368
"ENSG00000197114",1.56081876775194,1.13108940353842,1.2565001297304
"ENSG00000197119",1.12385942668338,1.09482571531472,1
"ENSG00000197121",1.47516821328707,1.28668028032145,1.15896877915565
"ENSG00000197122",1.39213654196467,1.06407581063453,1
"ENSG00000197124",1.26125834952649,1.34602055514628,1
"ENSG00000197128",1.29491518860071,1.13855563282214,1
"ENSG00000197134",1.13200891962999,1.29739628928863,1
"ENSG00000197136",1.42968751164723,1.15285268995558,1.15560628725652
"ENSG00000197142",1.20944437302292,1.18635787455203,1
"ENSG00000197146",1.34250247770567,1.32045105211631,1
"ENSG00000197147",1.31048598776062,1.12676832679699,1
"ENSG00000197150",1.08092957962493,1.24638677742596,1
"ENSG00000197153",1.33221077415802,1.20772683127144,1
"ENSG00000197157",1.12515495081258,1.17907920536609,1
"ENSG00000197162",1.354255039391,1.35661218927827,1
"ENSG00000197170",1.48903190712782,1.21311110020673,1.2691571439395
"ENSG00000197182",1.66702814480135,1.18949129309973,1.34864617719416
"ENSG00000197183",1.2626428110577,1.09743576220814,1
"ENSG00000197208",1.66759773264604,1.54048994407399,1.29713291605889
"ENSG00000197217",1.29572577056261,1.19679615990932,1
"ENSG00000197223",1.32026752181869,1.18580795894995,1
"ENSG00000197226",1.03792829161046,1.17346409183313,1
"ENSG00000197249",1.63136420459885,1.43111667524402,1.3269015681292
"ENSG00000197256",1.39003696523382,1.06530472782253,1
"ENSG00000197258",1.37862938511153,1.25830809931609,1.07612804104413
"ENSG00000197265",1.25544594579505,1.20008305021765,1
"ENSG00000197296",1.30462536647355,1.33663316602624,1
"ENSG00000197299",1.3853941657168,1.28344989876068,1
"ENSG00000197302",1.21850785248858,1.26046306264217,1
"ENSG00000197312",1.27701150501122,1.25555249218558,1
"ENSG00000197321",1.64329250077535,1.43442510917258,1.36797641662047
"ENSG00000197323",1.2999924730341,1.26171377331576,1
"ENSG00000197324",1.73853814294473,1.41477750686479,1.47029805738051
"ENSG00000197329",1.42944149243798,1.60926886984108,1
"ENSG00000197343",1.15346775999493,1.21236338682469,1
"ENSG00000197345",1.7104775817106,1.33561053768658,1.41810371099887
"ENSG00000197355",1.08952252674097,1.15653269550845,1
"ENSG00000197362",1.40390031865888,1.27894242505432,1.03567033752022
"ENSG00000197363",1.26728299251432,1.23596420759149,1
"ENSG00000197372",1.13662077314069,1.3178503398273,1
"ENSG00000197375",1.2147863821756,1.11491776390475,1
"ENSG00000197381",1.23754317846383,1.2033249699101,1
"ENSG00000197385",1.24730307702717,1.20053938994632,1
"ENSG00000197386",1.10025787991635,1.18994866655808,1
"ENSG00000197409",1.2259287866146,1.18798071674271,1
"ENSG00000197429",1.33263921400732,1.09883800241802,1
"ENSG00000197442",1.7268273308079,1.47527651638088,1.42757490754316
"ENSG00000197448",1.15099979876718,1.16823090053536,1
"ENSG00000197451",1.18330581766904,1.18625935940239,1
"ENSG00000197457",1.40061573390664,1.2591920393905,1
"ENSG00000197459",1.04819337646867,1.20402135934252,1
"ENSG00000197461",1.42611569010681,1.24414639611836,1
"ENSG00000197471",1.28372163348411,1.21283678427447,1
"ENSG00000197497",1.08040944294826,1.25977961333816,1
"ENSG00000197498",1.36760739526528,1.36347638009764,1
"ENSG00000197530",1.34307561618586,1.16923820138329,1
"ENSG00000197535",1.2919044818087,1.32548850519346,1
"ENSG00000197536",1.46206490833592,1.09763483368472,1.23985758422577
"ENSG00000197548",1.50029948392375,1.27833067406731,1.26586521545438
"ENSG00000197555",1.69447467310615,1.45197384743348,1.40580623269339
"ENSG00000197557",1.11381150771172,1.15217530327369,1
"ENSG00000197562",1.25016631797685,1.2996117756349,1
"ENSG00000197563",1.43203660929898,1.27568111004387,1.16875072317296
"ENSG00000197566",1.45396393841677,1.30068995040708,1.11056655572201
"ENSG00000197579",1.55589141190999,1.42482597463533,1.27985660711262
"ENSG00000197582",1.43669131966908,1.01834908709912,1.19286160463081
"ENSG00000197586",1.35998237302263,1.26170923709076,1
"ENSG00000197601",1.26618985223454,1.23920699212836,1
"ENSG00000197603",1.25650436041293,1.35862186802629,1
"ENSG00000197608",1.20453078328747,1.16940709947413,1
"ENSG00000197619",1.21539026564797,1.24262119383718,1
"ENSG00000197620",1.19175798324455,1.0936051954919,1
"ENSG00000197622",1.76374113532939,1.60844056645031,1.39059764571224
"ENSG00000197629",1.34670286544578,1.0839700728109,1
"ENSG00000197694",1.14325092103233,1.15725628279866,1
"ENSG00000197697",1.2516767622024,1.23187819224818,1
"ENSG00000197701",1.2980398266277,1.1036305570745,1
"ENSG00000197705",1.32710087960794,1.18379092244408,1
"ENSG00000197712",1.40442135004366,1.23756028693887,1
"ENSG00000197713",1.43980617487178,1.32813099062084,1.14612511267326
"ENSG00000197714",1.29473937468999,1.13131515827197,1
"ENSG00000197721",1.39321840407753,1.03029922295313,1.00830117866211
"ENSG00000197724",1.37509943908732,1.23777633422822,1.01082641135896
"ENSG00000197728",1.24928236622569,1.23594355484268,1
"ENSG00000197744",1.35299933498498,1.25826989247545,1
"ENSG00000197746",1.27185504721602,1.26105369284862,1
"ENSG00000197747",1.27306978604072,1.15610921703488,1
"ENSG00000197756",1.36744998679948,1.23459342870343,1.07856741253748
"ENSG00000197766",1.32940385112156,1.18921207313301,1.0509908660947
"ENSG00000197771",1.1904192721989,1.29064932776334,1
"ENSG00000197774",1.16336854192549,1.04129373558871,1
"ENSG00000197776",1.40068097814313,1.42037569860731,1
"ENSG00000197779",1.16806531715608,1.14803872606824,1
"ENSG00000197780",1.18273470172724,1.15965410597361,1
"ENSG00000197782",1.17355912230568,1.12385337430474,1
"ENSG00000197785",1.24786658449385,1.25104588329122,1
"ENSG00000197798",1.04866370814544,1.2083728601117,1
"ENSG00000197808",1.12890873135558,1.35306268697142,1
"ENSG00000197818",1.82987520462386,1.39590519503616,1.57258193079293
"ENSG00000197837",1.15934002228746,1.15770876520057,1
"ENSG00000197841",1.17860469915818,1.31127913345065,1
"ENSG00000197846",1.26794171996713,1.08700794631496,1
"ENSG00000197857",1.24268104043608,1.15055704283998,1
"ENSG00000197858",1.17930860540683,1.1628848563809,1
"ENSG00000197860",1.20174467184874,1.09478851557396,1
"ENSG00000197863",1.44614528060211,1.32061575942301,1
"ENSG00000197872",1.57179914872052,1.50511613703989,1.1857661441722
"ENSG00000197879",1.19367005023549,1.15074573549212,1
"ENSG00000197885",1.12597428260603,1.2152231111556,1
"ENSG00000197892",1.17413555348151,1.1879861227292,1
"ENSG00000197894",1.36735589817132,1.34128054925557,1
"ENSG00000197903",1.13536467620666,1.10180870691473,1
"ENSG00000197912",1.13101973154942,1.03460500887305,1
"ENSG00000197914",1.33062974491056,1.20972533375766,1
"ENSG00000197928",1.29864899109571,1.14731809620521,1
"ENSG00000197930",1.21041254567263,1.21029227977593,1
"ENSG00000197933",1.22389833201679,1.29516331120138,1
"ENSG00000197937",1.2294592178672,1.24984928403549,1
"ENSG00000197943",1.69148835863752,1.51088898464972,1.36428725964887
"ENSG00000197948",1.43175945684911,1.13944629727629,1.1843150749419
"ENSG00000197951",1.19992895189533,1.25022588823046,1
"ENSG00000197956",1.3888747124311,1.29353620488836,1.10862730981267
"ENSG00000197958",1.38439762120716,1.28859661386427,1.05675501620414
"ENSG00000197959",1.04573395867848,1.11456886514509,1
"ENSG00000197961",1.41780615669492,1.33348732171762,1.06857378911524
"ENSG00000197965",1.74890414210849,1.41235268456928,1.50356657478429
"ENSG00000197969",1.48184293242835,1.3373404736119,1.19939719312554
"ENSG00000197971",1.70991449321334,1.51154579904378,1.38157964352492
"ENSG00000197982",1.15234259136747,1.06132197729719,1
"ENSG00000197989",1.14367435010077,1.18153310109412,1
"ENSG00000197993",1.30029311974518,1.12443572447085,1
"ENSG00000198000",1.45894482371458,1.32722919233487,1.16756366385144
"ENSG00000198001",1.29535319631872,1.22344333126851,1
"ENSG00000198015",1.29220949817788,1.31882757446165,1
"ENSG00000198018",1.12674175644277,1.05430229017386,1
"ENSG00000198019",1.73373314088619,1.28252159823777,1.40991358732518
"ENSG00000198026",1.26272116015449,1.04861761527226,1
"ENSG00000198034",1.47909865402545,1.25236205656004,1.21352449160787
"ENSG00000198039",1.23658489995806,1.20278097466361,1
"ENSG00000198042",1.65781776385658,1.33077557791109,1.37824236345967
"ENSG00000198053",1.59970503059556,1.48837776889017,1.27146036031118
"ENSG00000198055",1.56989038980213,1.32531053932576,1.33759771843649
"ENSG00000198056",1.17575836884852,1.40060777644265,1
"ENSG00000198060",1.35891252447013,1.29136843558401,1
"ENSG00000198081",1.37409115042367,1.30472150313762,1
"ENSG00000198087",1.42482242730255,1.27300803008099,1.16947037750907
"ENSG00000198089",1.02797292045346,1.16468849599147,1
"ENSG00000198093",1.21698130941989,1.28789355242965,1
"ENSG00000198105",1.46678406384744,1.33494507291581,1.04929250740159
"ENSG00000198106",1.27613400623651,1.13540302357362,1
"ENSG00000198113",1.43715328393829,1.2512925717469,1
"ENSG00000198121",1.20404042969009,1.07822922216857,1
"ENSG00000198130",1.33465881376061,1.24423500297539,1
"ENSG00000198131",1.10467518269331,1.28689328827626,1
"ENSG00000198133",1.23324502611347,1.25916211075833,1
"ENSG00000198142",1.52891632873776,1.18121484617868,1.09844722743473
"ENSG00000198146",1.49849289040662,1.12171395769838,1.29492827200495
"ENSG00000198160",1.38589543763331,1.25776069729747,1.12746884206108
"ENSG00000198162",1.19139197276947,1.32673148606518,1
"ENSG00000198168",1.16953009353285,1.26545377190246,1
"ENSG00000198169",1.55823717389555,1.26194696336247,1.28520048360099
"ENSG00000198171",1.2686299184172,1.17077251415025,1
"ENSG00000198176",1.1008037895441,1.13544918007465,1
"ENSG00000198178",1.12982877717194,1.12745036926174,1
"ENSG00000198182",1.3354582566348,1.31417993379668,1
"ENSG00000198189",1.59600251369194,1.42778885993036,1.31418049310144
"ENSG00000198198",1.3033560612498,1.05151825136933,1
"ENSG00000198205",1.27160735647993,1.33246387933504,1
"ENSG00000198216",1.53655124034171,1.43996848804427,1.07466870378307
"ENSG00000198218",1.1141405133115,1.09275945755067,1
"ENSG00000198225",1.50906856641856,1.35146188787778,1.01889855895937
"ENSG00000198231",1.20553379189992,1.09479840036816,1
"ENSG00000198242",1.44380419508415,1.22952184918153,1.19654010418601
"ENSG00000198246",1.48346922212877,1.17229995946816,1
"ENSG00000198252",1.31658945119218,1.29649592964794,1
"ENSG00000198258",1.35680956208427,1.06997192767202,1.07238506617291
"ENSG00000198265",1.0881328724348,1.08277593795665,1
"ENSG00000198270",1.02102577754396,1.354852345442,1
"ENSG00000198276",1.24668158512787,1.23509911933933,1
"ENSG00000198286",1.19820206284358,1.25352462218985,1
"ENSG00000198298",1.38901630895519,1.30566692881887,1
"ENSG00000198301",1.55038221233299,1.34871255352283,1.27238610488207
"ENSG00000198315",1.41425223528388,1.28945759486046,1.12488303582867
"ENSG00000198324",1.34178938420567,1.27595759621381,1
"ENSG00000198327",1.08123429784357,1.31352934471362,1
"ENSG00000198331",1.13374897012532,1.26920800382835,1
"ENSG00000198336",1.44978303437608,1.05553930724182,1
"ENSG00000198339",1.43419385263151,1.25370900312775,1.11944646585162
"ENSG00000198346",1.31368265677889,1.3018934345114,1
"ENSG00000198355",1.4792293499534,1.37465879267574,1.19935767931825
"ENSG00000198356",1.09030277595396,1.11727421455296,1
"ENSG00000198363",1.27703657627911,1.26927049180689,1
"ENSG00000198366",1.37865040267728,1.22935387047767,1
"ENSG00000198373",1.51040851477652,1.41635781445359,1.21481491399354
"ENSG00000198374",1.18209738297528,1.17195427519077,1
"ENSG00000198380",1.27598787452826,1.24640866705531,1
"ENSG00000198382",1.13440375780894,1.10464948795446,1
"ENSG00000198399",1.45570822362241,1.29689855353232,1.21671562060162
"ENSG00000198406",1.12154759327095,1.08043787931156,1
"ENSG00000198408",1.61855988485563,1.42424995532069,1.35362746079649
"ENSG00000198420",1.52907019276926,1.23520009762254,1.12974813735936
"ENSG00000198429",1.379407606688,1.33520163584608,1
"ENSG00000198431",1.41044756300139,1.39810358830533,1
"ENSG00000198440",1.20018407443043,1.28773125857214,1
"ENSG00000198453",1.42932921665782,1.2846135398622,1
"ENSG00000198455",1.39067845268527,1.35852105046503,1
"ENSG00000198464",1.38816852828387,1.27488794886489,1
"ENSG00000198466",1.39597324418665,1.26545664432327,1.15745522918631
"ENSG00000198467",1.26907098428998,1.1845199059739,1
"ENSG00000198468",1.77962940914729,1.3967022293129,1.39468064680801
"ENSG00000198478",1.33805020823318,1.11406792072741,1.06635798953246
"ENSG00000198482",1.07045867571051,1.17767754132421,1
"ENSG00000198492",1.31514853390515,1.15019121147676,1
"ENSG00000198496",1.39448545314722,1.19828084064488,1
"ENSG00000198498",1.44823996736798,1.34052636087871,1.10569054497903
"ENSG00000198513",1.232191849006,1.17106230117432,1
"ENSG00000198517",1.25892923954831,1.17619371954535,1
"ENSG00000198518",1.30625292431481,1.289943110687,1
"ENSG00000198520",1.25590049593506,1.24473943433316,1
"ENSG00000198521",1.43232331882797,1.3048064189949,1.12352076672336
"ENSG00000198522",1.42045424203349,1.3131884166474,1.08504085227883
"ENSG00000198538",1.11276441356676,1.18387722916014,1
"ENSG00000198546",1.1828851524771,1.23426653203649,1
"ENSG00000198551",1.14201539441891,1.20330757220468,1
"ENSG00000198554",1.11546097605102,1.32643914746018,1
"ENSG00000198556",1.41241173269887,1.26835889603442,1
"ENSG00000198558",1.31451452774685,1.3524725122497,1
"ENSG00000198561",1.10092433454376,1.23003264558672,1
"ENSG00000198574",1.43138519231725,1.24846710475684,1
"ENSG00000198585",1.13487275498204,1.2350162302849,1
"ENSG00000198586",1.24629609000545,1.18191301531048,1
"ENSG00000198589",1.41880848484664,1.30267270298133,1.08445194972647
"ENSG00000198590",1.13283292479376,1.1463610385951,1
"ENSG00000198604",1.89662112726672,1.40058590010236,1.64679603327022
"ENSG00000198612",1.49159189868557,1.31635888473368,1.18929011464618
"ENSG00000198618",1.31300170146536,1.30679085614168,1
"ENSG00000198624",1.31864783963103,1.19813142338029,1
"ENSG00000198625",1.34968701376698,1.15439974586398,1.10924512330219
"ENSG00000198642",1.12626742057312,1.18034169216701,1
"ENSG00000198646",1.46568097368695,1.19094727444084,1.23562032795774
"ENSG00000198648",1.23674148264635,1.37067111832522,1
"ENSG00000198663",1.26152693388246,1.27749283366764,1
"ENSG00000198668",1.39626993248214,1.14023096580569,1.17353928056159
"ENSG00000198673",1.29875453253221,1.23153180869046,1
"ENSG00000198677",1.42858412333414,1.33513436467414,1.14621861798276
"ENSG00000198682",1.1985034822994,1.09850334890619,1
"ENSG00000198689",1.3926848400188,1.17199635373333,1.14671683543948
"ENSG00000198690",1.24234242489394,1.2292646869848,1
"ENSG00000198700",1.19118939709236,1.29923447438641,1
"ENSG00000198707",1.50900804134721,1.33404367769956,1.21775407988938
"ENSG00000198712",1.26281211232808,1.09617241232708,1
"ENSG00000198715",1.10660552763008,1.07800632963179,1
"ENSG00000198718",1.45849798801463,1.30729795865769,1.20138478919877
"ENSG00000198721",1.539036737464,1.32143254459913,1.27859823622508
"ENSG00000198727",1.2241400474295,1.01213732966581,1
"ENSG00000198728",1.04819008977914,1.21553086962771,1
"ENSG00000198730",1.20300013092009,1.04821281874768,1
"ENSG00000198734",1.79950809976147,1.38195329943429,1.54832092096008
"ENSG00000198736",1.78444419236719,1.65880817885476,1.36488891752257
"ENSG00000198740",1.30074337973111,1.27988814018013,1
"ENSG00000198742",1.44348463006261,1.2991954913982,1.16790054895857
"ENSG00000198744",1.19165866295191,1.0712522600743,1
"ENSG00000198746",1.04243802027408,1.07937951264111,1
"ENSG00000198752",1.37578093924324,1.14446106957178,1
"ENSG00000198755",1.38901740557535,1.28325869803958,1.06835097420602
"ENSG00000198763",1.2141190901462,1.15500978403236,1
"ENSG00000198771",1.3958227279238,1.27181481476479,1.12424369118394
"ENSG00000198780",1.46959597066134,1.33307816278845,1.15611700913947
"ENSG00000198783",1.19403230542346,1.1456034962299,1
"ENSG00000198786",1.25551993672445,1.15114450721834,1
"ENSG00000198791",1.24765487222962,1.14046417860127,1
"ENSG00000198792",1.60864184871979,1.43683538583858,1.24539354625244
"ENSG00000198793",1.0225186445625,1.12154031040344,1
"ENSG00000198799",1.25537698120262,1.29822678164911,1
"ENSG00000198804",1.19624302615245,1.08672771160528,1
"ENSG00000198805",1.38226017704997,1.22863471738342,1.14086907754034
"ENSG00000198814",1.25854406604887,1.43084488462936,1
"ENSG00000198815",1.16993924568851,1.08158927180076,1
"ENSG00000198818",1.30476357069532,1.28102584922769,1
"ENSG00000198824",1.3911686482445,1.34243017431687,1
"ENSG00000198825",1.16408854235153,1.24952080952609,1
"ENSG00000198826",1.30182827058123,1.21259245137386,1
"ENSG00000198830",1.18885305703619,1.03915119493075,1
"ENSG00000198832",1.51792804712308,1.25349354213601,1.09757509897385
"ENSG00000198833",1.21021159885733,1.20137625015563,1
"ENSG00000198836",1.23344995136021,1.21556011168481,1
"ENSG00000198837",1.32275098110345,1.08375965148156,1
"ENSG00000198839",1.28079629600076,1.23951168477365,1
"ENSG00000198840",1.31040855095748,1.03858991603211,1
"ENSG00000198841",1.13711825545933,1.15243906846967,1
"ENSG00000198843",1.12864829462755,1.05586767510722,1
"ENSG00000198846",1.17344922564215,1.39030555033364,1
"ENSG00000198848",1.21123089444297,1.04977457349974,1
"ENSG00000198853",1.31496591532599,1.05877518705009,1
"ENSG00000198855",1.2388753313852,1.07019858398326,1
"ENSG00000198856",1.12282826449511,1.29452151149655,1
"ENSG00000198858",1.27938949936252,1.22286693152604,1
"ENSG00000198860",1.51652915657005,1.34253397796573,1.21298650925244
"ENSG00000198862",1.18628687236077,1.05225303738476,1
"ENSG00000198863",1.29425010669249,1.37916985282798,1
"ENSG00000198865",1.41786905520077,1.39026787599946,1
"ENSG00000198873",1.20043379458613,1.19614709112278,1
"ENSG00000198874",1.29079219560237,1.27142196275719,1
"ENSG00000198876",1.13717595575438,1.03289472184034,1
"ENSG00000198879",1.35741059312045,1.32865608668075,1
"ENSG00000198885",1.40809505461441,1.31757926582682,1
"ENSG00000198886",1.13276738895755,1.096700577442,1
"ENSG00000198887",1.41789134389156,1.28199388210414,1.15969582072913
"ENSG00000198888",1.28345347988877,1.17833600302562,1
"ENSG00000198890",1.47584262638368,1.26785474869346,1.14779530081462
"ENSG00000198892",1.21876768845332,1.16029432770544,1
"ENSG00000198894",1.24293810762579,1.14653293176058,1
"ENSG00000198898",1.37102042520124,1.14780464238068,1.13005591361018
"ENSG00000198899",1.11662940314969,1.09980864108008,1
"ENSG00000198900",1.31363350182027,1.13790715309764,1
"ENSG00000198901",1.39485841265434,1.28913685046791,1
"ENSG00000198908",1.53477556146415,1.31793047533826,1.01178960496229
"ENSG00000198909",1.53979889995213,1.37154225892481,1.25150988794892
"ENSG00000198911",1.14643731322837,1.2320887188831,1
"ENSG00000198912",1.32086504929491,1.19504297976634,1
"ENSG00000198915",1.13496012772892,1.16707222831392,1
"ENSG00000198917",1.32640276579532,1.20547777325892,1
"ENSG00000198918",1.06925607740845,1.33148039222097,1
"ENSG00000198919",1.27821720265911,1.29653029627582,1
"ENSG00000198920",1.24207977769097,1.26683640011239,1
"ENSG00000198924",1.35253444201787,1.3290483494012,1
"ENSG00000198925",1.16806847270682,1.17265367581276,1
"ENSG00000198931",1.31171733562134,1.24482357010725,1
"ENSG00000198932",1.46112260526046,1.18601585814952,1.19512544493697
"ENSG00000198933",1.16386210944623,1.31812913814954,1
"ENSG00000198937",1.25868500181898,1.4104126197069,1
"ENSG00000198938",1.264341253265,1.1494277311333,1
"ENSG00000198945",1.19672798204627,1.13681516578811,1
"ENSG00000198948",1.43109117978963,1.13664894370563,1.20662347567499
"ENSG00000198951",1.32374002033674,1.15874345233178,1
"ENSG00000198952",1.28315868044755,1.21568497887591,1
"ENSG00000198954",1.62031031913438,1.26460927020115,1.3434199906356
"ENSG00000198959",1.46801395292494,1.16427518664413,1.13646952439606
"ENSG00000198960",1.28781272036033,1.3046322653761,1
"ENSG00000198961",1.36083765393389,1.37420446984364,1
"ENSG00000198964",1.31394060928521,1.24399295310055,1
"ENSG00000199135",1.19393347245811,1.40958399531089,1
"ENSG00000199568",1.14494072762936,1.16113598798165,1
"ENSG00000200087",1.19138219507934,1.12818061411493,1
"ENSG00000200156",1.10715375377989,1.15678603353932,1
"ENSG00000200312",1.05970108652941,1.11275656941801,1
"ENSG00000200488",1.18035465482426,1.13318244984726,1
"ENSG00000200795",1.13194238815766,1.08088502093334,1
"ENSG00000200959",1.23677657615722,1.10595729331755,1
"ENSG00000201098",1.15194284908658,1.1230896210276,1
"ENSG00000201217",1.28395149483319,1.13122773247044,1
"ENSG00000201772",1.1928591003995,1.10945852378748,1
"ENSG00000201793",1.37726678485581,1.05608407856993,1
"ENSG00000201998",1.01476410464588,1.08573756938623,1
"ENSG00000202198",1.27908934681708,1.15745548413593,1
"ENSG00000202538",1.27912432373577,1.06624173195511,1
"ENSG00000203276",1.32067974832358,1.25696603571722,1
"ENSG00000203306",1.21567405032391,1.02499551496395,1
"ENSG00000203326",1.2298349602437,1.24852757514558,1
"ENSG00000203485",1.18459423058293,1.17260289326742,1
"ENSG00000203497",1.20959220173087,1.44550857155928,1
"ENSG00000203632",1.39179863960339,1.21731118580892,1
"ENSG00000203644",1.62108804044116,1.44467476949764,1.31785053882734
"ENSG00000203666",1.55998324219426,1.15366502351408,1.18223039614981
"ENSG00000203667",1.29014675739486,1.24844596730143,1
"ENSG00000203668",1.23725264139292,1.20265002771819,1
"ENSG00000203705",1.85593623227237,1.27608954841856,1.63016357098906
"ENSG00000203709",1.51129191321542,1.26629244646101,1.28428126646923
"ENSG00000203710",1.08968361836237,1.48853948206257,1
"ENSG00000203737",1.17573044614783,1.18618299571962,1
"ENSG00000203739",1.24170880630861,1.10987708250065,1
"ENSG00000203747",1.22227886773844,1.33459094817713,1
"ENSG00000203791",1.44546385586037,1.33433295142939,1
"ENSG00000203804",2.10164525415157,1.45172621663106,1.72463541722336
"ENSG00000203813",1.31713894984547,1.17385094515895,1
"ENSG00000203814",1.15524844109508,1.26712421724139,1
"ENSG00000203832",1.23702767657525,1.06935558436084,1
"ENSG00000203865",1.19564487537468,1.20015737398752,1
"ENSG00000203872",1.37328352085919,1.07096415258099,1
"ENSG00000203875",1.34935314097187,1.26077626143564,1
"ENSG00000203879",1.35870599603335,1.32398175959743,1
"ENSG00000203880",1.36884230043031,1.17060160245562,1.12173645055669
"ENSG00000203965",1.22065153575816,1.31346152657864,1
"ENSG00000203993",1.36149271141555,1.23611396151577,1
"ENSG00000203999",1.66522436062563,1.46892476690201,1.23767004399662
"ENSG00000204010",1.16636521063445,1.08339718792645,1
"ENSG00000204020",1.42278081704338,1.24588857845088,1.1078465186483
"ENSG00000204054",1.86544683625449,1.44230102597062,1.59866478106136
"ENSG00000204070",1.21152199480804,1.12431597616236,1
"ENSG00000204084",1.26228603880687,1.11322387268471,1
"ENSG00000204103",1.19136878632248,1.16328808521538,1
"ENSG00000204104",1.24967653991892,1.22597592274904,1
"ENSG00000204116",1.49504302492186,1.30157867463336,1.16751157504205
"ENSG00000204120",1.1677877403256,1.11840170241961,1
"ENSG00000204130",1.4178886383554,1.3250380878936,1.07984288474071
"ENSG00000204131",1.99946355184442,1.4414923469581,1.72261833268198
"ENSG00000204136",1.14905092316022,1.15101974741982,1
"ENSG00000204138",1.22904419846287,1.26193945008876,1
"ENSG00000204149",1.26992619576224,1.26144153749677,1
"ENSG00000204160",1.83205157563862,1.72753726344994,1.35399841714724
"ENSG00000204161",1.31935924114355,1.11302966602637,1
"ENSG00000204178",1.13098778280904,1.18687591378789,1
"ENSG00000204186",1.32228244885598,1.2789023978057,1
"ENSG00000204217",1.30182740998316,1.25285379361776,1
"ENSG00000204219",1.56114172502234,1.27199410160656,1.16844430497777
"ENSG00000204237",1.29213475552311,1.21336415299723,1
"ENSG00000204253",1.16671236215987,1.197820834615,1
"ENSG00000204271",1.35827385385735,1.3087725477505,1
"ENSG00000204272",1.51734821883095,1.23642461064645,1.14586177597636
"ENSG00000204282",1.18717782823332,1.14365286411219,1
"ENSG00000204323",1.15679196343721,1.06500820878785,1
"ENSG00000204370",1.080705086127,1.16066841775324,1
"ENSG00000204397",1.24270952174977,1.16546204262625,1
"ENSG00000204406",1.07303848759397,1.04200124211144,1
"ENSG00000204514",1.19412321621509,1.08994566575068,1
"ENSG00000204519",1.47772150705137,1.25794451321507,1.19627654476203
"ENSG00000204524",1.33431888977841,1.15723167224238,1
"ENSG00000204577",1.76451138382783,1.52765665644839,1.37325418508803
"ENSG00000204604",1.1996708567702,1.20646744094376,1
"ENSG00000204611",1.19241391429032,1.18778470474346,1
"ENSG00000204628",1.45520819242909,1.31175618620111,1.18038324794821
"ENSG00000204634",1.24115664384992,1.04776456294958,1
"ENSG00000204673",1.31707134723369,1.1643708092259,1
"ENSG00000204685",1.14129933279199,1.21043026215007,1
"ENSG00000204790",1.22205949207533,1.22401495864775,1
"ENSG00000204822",1.30552786295184,1.20799330290982,1
"ENSG00000204842",1.26456836394084,1.14798087539271,1
"ENSG00000204843",1.24703391336263,1.17254444016636,1
"ENSG00000204852",1.53385877621187,1.29580930337715,1.23765734131702
"ENSG00000204856",1.1357087611039,1.17026746527061,1
"ENSG00000204859",1.34939397074628,1.28912817009591,1
"ENSG00000204899",1.1945400469682,1.26999915305973,1
"ENSG00000204920",1.16548233290007,1.12459135315225,1
"ENSG00000204922",1.60603506642813,1.30117849628831,1.27111339892125
"ENSG00000204923",1.12542392297859,1.14884614886845,1
"ENSG00000204934",1.07696013145346,1.224051718338,1
"ENSG00000204946",1.32167636435127,1.22338701591603,1
"ENSG00000204947",1.01060563219858,1.17486337450068,1
"ENSG00000204954",1.2419159656911,1.35963292803824,1
"ENSG00000204977",1.30760991867634,1.25303977852379,1
"ENSG00000205038",1.40539852875335,1.06225843992527,1
"ENSG00000205045",1.40000637584826,1.33384727519174,1
"ENSG00000205056",1.21659444244027,1.13753211753079,1
"ENSG00000205060",1.55662030752185,1.3715493978559,1.27287321379429
"ENSG00000205089",1.18334039906269,1.24665198817912,1
"ENSG00000205133",1.20304128897653,1.19885370699654,1
"ENSG00000205138",1.36889643275898,1.21614563992148,1
"ENSG00000205155",1.78972160283511,1.410958872233,1.46644831459306
"ENSG00000205181",1.28530574886864,1.33009693733654,1
"ENSG00000205208",1.329660040987,1.10608695669843,1
"ENSG00000205220",1.26253443517673,1.21895590456273,1
"ENSG00000205246",1.25810115491038,1.30040038581143,1
"ENSG00000205250",1.32330152704316,1.16851711902494,1
"ENSG00000205268",1.41827126709867,1.16431363016265,1.14629685049476
"ENSG00000205269",1.05994991396255,1.16387329280497,1
"ENSG00000205302",1.19125461817175,1.17135826618427,1
"ENSG00000205309",1.47656221517995,1.19598626514297,1.10916682744966
"ENSG00000205323",1.19502939208768,1.09316755662188,1
"ENSG00000205336",1.2297895681847,1.30565767381318,1
"ENSG00000205339",1.34982214156892,1.33781131036667,1
"ENSG00000205352",1.55432393950096,1.31201957711106,1.24053478101863
"ENSG00000205356",1.15003329175578,1.15679063995045,1
"ENSG00000205413",1.02421076085512,1.09796840211948,1
"ENSG00000205423",1.41074262315436,1.34711482418812,1.09491289860797
"ENSG00000205485",1.32573021195039,1.23073085531922,1
"ENSG00000205531",1.09545487511781,1.32392276336363,1
"ENSG00000205534",1.31589804675644,1.11622960855829,1
"ENSG00000205542",1.11223166996725,1.17509431420443,1
"ENSG00000205581",1.2971359210655,1.25823379767182,1
"ENSG00000205629",1.33999313489802,1.25670733859486,1
"ENSG00000205639",1.4892488933921,1.13543191154554,1.17117259397217
"ENSG00000205643",1.25090081577088,1.30144891200598,1
"ENSG00000205659",1.30915776173038,1.33509810205473,1
"ENSG00000205664",1.22047725137328,1.29413755361866,1
"ENSG00000205670",1.23035522316988,1.37508412330627,1
"ENSG00000205707",1.25032327091787,1.05575128924655,1
"ENSG00000205726",1.14187811351502,1.0789176322526,1
"ENSG00000205730",1.10023087971743,1.18690320036409,1
"ENSG00000205744",1.47313462474725,1.12112789498623,1.17668446898072
"ENSG00000205758",1.25539516628139,1.24652317722835,1
"ENSG00000205765",1.28246318659583,1.12818298483184,1
"ENSG00000205784",1.35655314894549,1.20904798174363,1
"ENSG00000205808",1.44459915682491,1.2642419702843,1.1468780889045
"ENSG00000205885",1.39588611580451,1.18028856512162,1.12705346747959
"ENSG00000205903",1.28210848943635,1.17265799103749,1
"ENSG00000205930",1.06666193860226,1.268141840627,1
"ENSG00000205937",1.37909233468912,1.19855742171291,1.11483762209069
"ENSG00000205981",1.36188060937344,1.3160204715922,1
"ENSG00000206053",1.33415648268424,1.2436314896233,1
"ENSG00000206149",1.05337948939824,1.18167365835207,1
"ENSG00000206172",1.06810869197563,1.04211907814685,1
"ENSG00000206177",1.35058547930997,1.10642661642743,1
"ENSG00000206190",1.29302906519152,1.24062626910905,1
"ENSG00000206199",1.2897892727627,1.41353834114517,1
"ENSG00000206418",1.35933070206247,1.28922931647383,1
"ENSG00000206527",1.53401119319672,1.30031763078856,1.29107917565168
"ENSG00000206530",1.30722246510407,1.28915821596252,1
"ENSG00000206560",1.62810441020042,1.1239446233742,1.45003893106147
"ENSG00000206562",1.05555621436268,1.28381868398926,1
"ENSG00000206573",1.05387933527144,1.14128578313527,1
"ENSG00000206838",1.28176741904897,1.14077552544385,1
"ENSG00000206965",1.27037113150619,1.37599649717851,1
"ENSG00000207008",1.22236904789086,1.07998100366634,1
"ENSG00000207034",1.50274141313423,1.40432878808167,1
"ENSG00000207088",1.28510727094762,1.02536294870469,1
"ENSG00000207445",1.06433372632374,1.27372919969278,1
"ENSG00000207939",1.10890501173474,1.47427506698554,1
"ENSG00000208772",1.12810859623915,1.10981339241207,1
"ENSG00000208892",1.17631698200635,1.21520490931174,1
"ENSG00000209042",2.05322589411838,1.46801613223435,1.61614012410651
"ENSG00000210082",1.10478983337876,1.14605928691963,1
"ENSG00000211450",1.17736503892745,1.36814665675191,1
"ENSG00000211455",1.45602681147429,1.36919121645333,1.13181100500779
"ENSG00000211456",1.27353379914438,1.16596657849072,1
"ENSG00000211459",1.17030548648661,1.03171835987387,1
"ENSG00000211460",1.32510523428708,1.26297740609923,1
"ENSG00000211584",1.03680512978058,1.17591634025415,1
"ENSG00000211598",1.20662296574718,1.06695050109336,1
"ENSG00000211666",1.21802067442498,1.18771232207042,1
"ENSG00000211673",1.15813514741315,1.0615055599002,1
"ENSG00000211679",1.04106514791408,1.13077755436911,1
"ENSG00000211689",1.14021654331851,1.19026501609969,1
"ENSG00000211694",1.33113111208972,1.22675865730449,1
"ENSG00000211695",1.2168939485344,1.21332694104485,1
"ENSG00000211714",1.65727326122272,1.15044381917317,1.29014205674144
"ENSG00000211716",1.29404173356774,1.18088566573093,1
"ENSG00000211721",1.38759723204523,1.20580211435475,1
"ENSG00000211734",1.34602145416959,1.2113958731606,1
"ENSG00000211746",1.37025303943274,1.21791443917596,1
"ENSG00000211747",1.48622410181603,1.23322961141966,1.0941329734599
"ENSG00000211752",1.30424483374613,1.21513684044241,1
"ENSG00000211753",1.16571461287733,1.19044605683148,1
"ENSG00000211772",1.43066527091046,1.28371634408603,1.14397308819316
"ENSG00000211785",1.49671280580848,1.17319149960241,1
"ENSG00000211787",1.48132114361962,1.2919459728668,1
"ENSG00000211794",1.28604621459969,1.21407204764067,1
"ENSG00000211797",1.29896128435272,1.30879842913074,1
"ENSG00000211799",1.32694505353025,1.29901262799002,1
"ENSG00000211850",1.06344929146809,1.24891753264325,1
"ENSG00000211851",1.26210893361118,1.26681593420118,1
"ENSG00000211856",1.21743547002982,1.23246273947078,1
"ENSG00000211857",1.41790365429416,1.28812300306498,1
"ENSG00000211858",1.23870466627095,1.22930907026956,1
"ENSG00000211859",1.22933844700911,1.24517445554973,1
"ENSG00000211860",1.06263365149024,1.22956480981896,1
"ENSG00000211861",1.09264777021063,1.23911392236399,1
"ENSG00000211862",1.09291620195005,1.27781455954848,1
"ENSG00000211863",1.10419782468318,1.2758625058069,1
"ENSG00000211865",1.31911469144993,1.29473305278783,1
"ENSG00000211866",1.20666622875753,1.25107285126587,1
"ENSG00000211867",1.10869442692279,1.27738775098866,1
"ENSG00000211868",1.48177215852294,1.21764891593974,1
"ENSG00000211869",1.13276370291347,1.27091183110876,1
"ENSG00000211870",1.07121694412073,1.3209449044439,1
"ENSG00000211871",1.1986837092069,1.23836490221724,1
"ENSG00000211872",1.33164058405215,1.28521276707994,1
"ENSG00000211873",1.13152895262116,1.22546975935674,1
"ENSG00000211875",1.11900228348219,1.25453151993342,1
"ENSG00000211876",1.03134507004992,1.24426674543523,1
"ENSG00000211877",1.33701864178251,1.30000636589209,1
"ENSG00000211878",1.2248745846889,1.23724724104498,1
"ENSG00000211879",1.07464559108806,1.24136126497085,1
"ENSG00000211882",1.15200292839786,1.26958813943689,1
"ENSG00000211883",1.25572153997102,1.20416350082974,1
"ENSG00000211884",1.36166903913254,1.18725079074174,1
"ENSG00000211895",1.23800033098256,1.1159174129419,1
"ENSG00000211949",1.17183025533694,1.11486367874385,1
"ENSG00000212124",1.44353004533616,1.20034000307723,1.05453935593424
"ENSG00000212125",1.35616260873983,1.25243224321652,1
"ENSG00000212127",1.4991189659777,1.13469534748678,1.20223441638411
"ENSG00000212128",1.52950559724349,1.20502100353597,1.10274146667544
"ENSG00000212232",1.06309588176538,1.02502108005859,1
"ENSG00000212283",1.21794951533064,1.09311704594307,1
"ENSG00000212304",2.01016238469609,1.49183654350204,1.63167859229483
"ENSG00000212402",1.21880720796968,1.11897645368349,1
"ENSG00000212443",1.18115021844856,1.05657926614902,1
"ENSG00000212464",1.19899259716593,1.18685200004552,1
"ENSG00000212670",1.34750748233737,1.34061199011426,1
"ENSG00000212694",1.27490090654374,1.0375330487956,1
"ENSG00000212719",1.17431933587405,1.17652031839428,1
"ENSG00000212743",1.44894244715013,1.54019243606906,1
"ENSG00000212802",1.2605015237671,1.31122110788782,1
"ENSG00000212907",1.3500381659281,1.09733474693389,1
"ENSG00000212916",1.37407793664002,1.25966090632569,1
"ENSG00000212978",1.43544584881806,1.12537189475251,1
"ENSG00000213015",1.3119238619761,1.10203159422364,1
"ENSG00000213020",1.29655052856427,1.07811543495118,1
"ENSG00000213024",1.1012971074999,1.09627271180045,1
"ENSG00000213047",1.17680802971082,1.22572211433709,1
"ENSG00000213064",1.04256598543767,1.19465406967952,1
"ENSG00000213066",1.69432428647047,1.27555212207724,1.47459620780684
"ENSG00000213071",1.39381945889887,1.27044670558005,1
"ENSG00000213073",1.65653054798746,1.44754860517982,1.34568316121631
"ENSG00000213079",1.1768589003764,1.13181764849446,1
"ENSG00000213080",1.27629185128674,1.25144354142069,1
"ENSG00000213085",2.75368988495978,1.52871099199168,2.27944231449198
"ENSG00000213087",1.3068321032022,1.18704790229451,1
"ENSG00000213090",1.24294752217644,1.16243296408998,1
"ENSG00000213096",1.18772573270158,1.10389395310328,1
"ENSG00000213131",1.37237406697774,1.30780594819501,1
"ENSG00000213139",1.17476019259269,1.26861259032891,1
"ENSG00000213145",1.61177642245133,1.32328877280772,1.27272094041239
"ENSG00000213178",1.3390273868164,1.30302918950016,1
"ENSG00000213186",1.28271947642009,1.31980812422998,1
"ENSG00000213189",1.39355412890108,1.26816870508729,1
"ENSG00000213190",1.43361542226828,1.18991014937667,1
"ENSG00000213203",1.70065953095885,1.34218141747438,1.47277414251317
"ENSG00000213235",1.08765703551711,1.28648970769486,1
"ENSG00000213236",1.25691953909685,1.27713088825362,1
"ENSG00000213240",1.34584144730754,1.18244533675958,1.08128360061783
"ENSG00000213246",1.42008946039819,1.34301360073254,1.10305543536891
"ENSG00000213252",1.30310788343255,1.25028748086125,1
"ENSG00000213281",1.16374513743738,1.24094299581711,1
"ENSG00000213290",1.15346932959046,1.25907126905097,1
"ENSG00000213300",1.02737447844556,1.28440363066094,1
"ENSG00000213315",1.29569826443647,1.39991662495445,1
"ENSG00000213326",1.05668469198934,1.38193897921736,1
"ENSG00000213337",1.14752175907476,1.22038273839856,1
"ENSG00000213339",1.48979882882475,1.24932025446634,1.11691687566204
"ENSG00000213341",1.27531703719888,1.25404759647897,1
"ENSG00000213347",1.48542829608101,1.4850097100129,1
"ENSG00000213366",1.25131857259341,1.18540483377822,1
"ENSG00000213380",1.25525545687238,1.08526192517237,1
"ENSG00000213390",1.93996947005935,1.44135023985502,1.68319947863989
"ENSG00000213420",1.56207940401475,1.2014156441421,1.06444857325027
"ENSG00000213442",1.33094936691586,1.31327775743393,1
"ENSG00000213443",1.36682137629647,1.3358945801106,1
"ENSG00000213445",1.4123501246029,1.35951376442082,1.08910582308552
"ENSG00000213462",1.48485891590191,1.38629573275748,1.20327769669725
"ENSG00000213463",1.36458278964659,1.35184847820291,1
"ENSG00000213465",1.53709067208861,1.25545431002688,1.20050060652074
"ENSG00000213492",1.30698068362821,1.25504139025247,1
"ENSG00000213500",1.3677219285533,1.08183208757512,1
"ENSG00000213516",1.26595941513738,1.23893011727404,1
"ENSG00000213523",1.1739127690824,1.36662852934008,1
"ENSG00000213539",1.63359954943567,1.07146300520338,1.29250526802124
"ENSG00000213551",1.18865419257696,1.29373401304165,1
"ENSG00000213553",1.24584451556462,1.27724776711169,1
"ENSG00000213563",1.19711868345663,1.19445993949562,1
"ENSG00000213585",1.23672702974087,1.17354881409328,1
"ENSG00000213593",1.30370395695055,1.24991341340753,1
"ENSG00000213600",1.66322802979391,1.35075669059548,1.22034591401315
"ENSG00000213613",1.28488880090619,1.3386607616915,1
"ENSG00000213614",1.36503107720514,1.23275921726359,1.04112668795433
"ENSG00000213619",1.19598629290979,1.32849641062193,1
"ENSG00000213625",1.37070059656924,1.11434726809365,1.09977790900472
"ENSG00000213626",1.12219765131691,1.16443080104903,1
"ENSG00000213639",1.23087566761942,1.06423254851783,1
"ENSG00000213672",1.19783774860144,1.2643479178306,1
"ENSG00000213684",1.58881008440474,1.33830524988932,1.08239818693106
"ENSG00000213689",1.36384585780658,1.22318779826882,1
"ENSG00000213693",1.18874553254678,1.12870072005656,1
"ENSG00000213694",1.3260807238698,1.09660692764511,1
"ENSG00000213699",1.21619599611653,1.03810949704988,1
"ENSG00000213740",1.42936318405491,1.10783168248709,1
"ENSG00000213741",1.3744611353022,1.29859206304892,1.05237291345684
"ENSG00000213742",1.35399219798211,1.25707575688101,1
"ENSG00000213753",1.28759545786543,1.30616636272825,1
"ENSG00000213762",1.26819733233944,1.15904038399197,1
"ENSG00000213782",1.1626797622856,1.2712403399464,1
"ENSG00000213799",1.06712646652487,1.20034629087603,1
"ENSG00000213839",1.3923027539662,1.20746799987602,1
"ENSG00000213846",1.34950697933983,1.22198301910385,1
"ENSG00000213859",1.16598576130037,1.16565095259842,1
"ENSG00000213862",1.43176554092813,1.27006877361315,1.1275948529362
"ENSG00000213865",1.1822968420295,1.13881192671921,1
"ENSG00000213866",1.31858521186324,1.10107928026247,1
"ENSG00000213876",1.08712242230843,1.12279194586547,1
"ENSG00000213881",1.37288706447552,1.37360826681747,1
"ENSG00000213889",1.3726085073865,1.2408217111975,1
"ENSG00000213903",1.27284242107893,1.45858776891758,1
"ENSG00000213918",1.3623431693489,1.13030950246696,1.11246568014453
"ENSG00000213923",1.302841898988,1.22318525228034,1
"ENSG00000213928",1.42553571049051,1.29120627360112,1.0901788067024
"ENSG00000213930",1.12774792528031,1.23153837390259,1
"ENSG00000213939",1.35029299326499,1.23986234990768,1
"ENSG00000213949",1.23510884285943,1.19750738174309,1
"ENSG00000213963",1.79030574565123,1.28231734701112,1.43554948323369
"ENSG00000213965",1.55415367770308,1.25033801518969,1.27749142774896
"ENSG00000213967",1.59449841219022,1.25301472152854,1.07175344817169
"ENSG00000213971",1.26191427810081,1.21690517080364,1
"ENSG00000213983",1.21911850260556,1.11576130492804,1
"ENSG00000213985",1.29190954749094,1.36971089397204,1
"ENSG00000213988",1.25568935579068,1.07314354821071,1
"ENSG00000213995",1.16608500658678,1.28535753603725,1
"ENSG00000214013",1.23446575830465,1.24214481093665,1
"ENSG00000214019",1.1253793472696,1.17955518340903,1
"ENSG00000214021",1.61234679185261,1.2384958282526,1.33746250343361
"ENSG00000214022",1.25684238107739,1.00654792191927,1
"ENSG00000214026",1.18947121750414,1.24714231992384,1
"ENSG00000214029",1.24131109804894,1.30878745913133,1
"ENSG00000214046",1.11078294876325,1.18124835000868,1
"ENSG00000214063",1.30072851685898,1.1335885346989,1
"ENSG00000214077",1.80844301183819,1.54739366640993,1.39755318073978
"ENSG00000214078",1.32494917866249,1.22529412245247,1
"ENSG00000214087",1.40639087494909,1.17615498709944,1
"ENSG00000214106",1.40789199337286,1.22841157954449,1.06353466330193
"ENSG00000214110",1.41988513444871,1.15776579180124,1
"ENSG00000214113",1.27548046328526,1.32665546983495,1
"ENSG00000214114",1.35604244753166,1.23074197419139,1
"ENSG00000214135",1.01797022945785,1.17998476715908,1
"ENSG00000214160",1.53497512950554,1.1792691570371,1.19515284427924
"ENSG00000214174",1.1352528640826,1.23551376049193,1
"ENSG00000214176",1.43564271538392,1.33062700990201,1.15104265609262
"ENSG00000214181",1.19511299208867,1.25832942425354,1
"ENSG00000214182",1.29950347206396,1.26368154213955,1
"ENSG00000214185",1.50604851753663,1.26843404148356,1.02900855885515
"ENSG00000214193",1.53763388885277,1.46405780794342,1
"ENSG00000214194",1.20253809770749,1.38815986908006,1
"ENSG00000214199",1.16107752017565,1.29744196104081,1
"ENSG00000214203",1.40215057381665,1.24589354945905,1
"ENSG00000214212",1.35198084623554,1.37045138321868,1
"ENSG00000214226",1.18257806252647,1.26535069405347,1
"ENSG00000214253",1.14631632863768,1.03751053891593,1
"ENSG00000214279",1.16589216153703,1.13707998835951,1
"ENSG00000214293",1.53775096921748,1.45517279060374,1.08580778538696
"ENSG00000214331",1.28667565303797,1.15837973321914,1
"ENSG00000214367",1.08708903290901,1.24877384571775,1
"ENSG00000214389",1.08502905699506,1.30628062552272,1
"ENSG00000214391",1.22756663619565,1.2722477753654,1
"ENSG00000214413",1.34509840386186,1.1497297120692,1.0646738722596
"ENSG00000214425",1.46028393692754,1.08934831225642,1.13555195472479
"ENSG00000214439",1.59667228211188,1.31874123747248,1.21452985392867
"ENSG00000214456",1.56270760156464,1.62974522857136,1
"ENSG00000214485",1.11004066297936,1.33412103852598,1
"ENSG00000214517",1.17021759883393,1.1228023338792,1
"ENSG00000214530",1.87786033333082,1.48231409895951,1.50783404954265
"ENSG00000214535",1.14963513465494,1.29583596641514,1
"ENSG00000214552",1.7267761945439,1.30398033575992,1.36039565029375
"ENSG00000214558",1.3542206451804,1.35933674561713,1
"ENSG00000214595",1.27982401715168,1.10164598976216,1
"ENSG00000214612",1.31533642562791,1.26798733736784,1
"ENSG00000214654",1.33977852638202,1.10943763492655,1
"ENSG00000214655",1.48284651317125,1.32980381449132,1.22603366351988
"ENSG00000214688",1.50829156119084,1.34169635176244,1
"ENSG00000214706",1.34488635591797,1.17632217471754,1
"ENSG00000214753",1.15292460605079,1.07420866577974,1
"ENSG00000214756",1.43494531168965,1.27631213880216,1
"ENSG00000214765",1.27869163671741,1.34106583053384,1
"ENSG00000214787",1.38610236972605,1.14341705092774,1
"ENSG00000214812",1.4559326285005,1.58730416218204,1
"ENSG00000214881",1.15027565809452,1.26887811033744,1
"ENSG00000214900",1.41014504430878,1.22094745227622,1
"ENSG00000214941",1.24750591020946,1.31091680629998,1
"ENSG00000214954",1.22705385220295,1.28132748349523,1
"ENSG00000214975",1.4324650291029,1.1531996011314,1
"ENSG00000214982",1.13833210570642,1.29055599010911,1
"ENSG00000215012",1.08775747632563,1.16476717594804,1
"ENSG00000215021",1.39199320288225,1.29387664344994,1.13182792211693
"ENSG00000215022",1.10755085301226,1.37866629818595,1
"ENSG00000215030",1.426206905807,1.28376419594222,1.12749879452636
"ENSG00000215039",1.32220051339561,1.16023306530722,1
"ENSG00000215041",1.24129306834995,1.08331958418941,1
"ENSG00000215067",1.43872672270948,1.17502404696367,1.10800200008751
"ENSG00000215068",1.09746156150296,1.11017579422151,1
"ENSG00000215105",1.4539873392835,1.25822592602816,1.16291497385686
"ENSG00000215114",1.5597487886594,1.58921659115376,1.14363649683202
"ENSG00000215158",1.2789825164977,1.25014965256134,1
"ENSG00000215190",1.36011096370315,1.25722202523802,1
"ENSG00000215193",1.12387158935381,1.20931769912032,1
"ENSG00000215244",1.64989888192864,1.43105070627502,1.26960759044105
"ENSG00000215251",1.24947390914325,1.17455670201948,1
"ENSG00000215252",1.284946833931,1.16492739016108,1
"ENSG00000215256",1.38020753799822,1.31481097568583,1
"ENSG00000215271",1.3909104398787,1.20796604647638,1.04762161147428
"ENSG00000215301",1.36232476063683,1.37765097973394,1
"ENSG00000215305",1.05819635456668,1.08768552416744,1
"ENSG00000215346",1.14224744990001,1.26544676710084,1
"ENSG00000215375",1.27862925078917,1.12742211872213,1
"ENSG00000215388",1.29422514265963,1.18324193826587,1
"ENSG00000215417",1.35221175952685,1.2831369305587,1
"ENSG00000215421",1.20243812007419,1.22245338217043,1
"ENSG00000215424",1.41870925244002,1.3189881091301,1
"ENSG00000215440",1.37773109704057,1.28025049188353,1
"ENSG00000215447",1.12152242468559,1.06468827237134,1
"ENSG00000215458",1.26622864050305,1.1137737362389,1
"ENSG00000215492",1.58833305061938,1.2769587755345,1.23859926989909
"ENSG00000215571",1.66883744567287,1.23781685847993,1.25197964498503
"ENSG00000215712",1.35010328718754,1.35265524701845,1
"ENSG00000215717",1.26222868868773,1.29154676708476,1
"ENSG00000215769",1.51359821825403,1.36636841365069,1.10883196560286
"ENSG00000215788",1.18720673190733,1.24562614208383,1
"ENSG00000215790",1.23218109201514,1.05952221286581,1
"ENSG00000215817",1.33813243965718,1.36406757762855,1
"ENSG00000215835",1.18849593131364,1.20363038427505,1
"ENSG00000215845",1.2801880725254,1.05407027861273,1
"ENSG00000215908",1.0659576957342,1.21724242804483,1
"ENSG00000216316",2.30166788168293,1.39455250082601,1.85840894031503
"ENSG00000216490",1.38131459787853,1.15776426741416,1
"ENSG00000216657",1.46877914113545,1.29400773318559,1
"ENSG00000216809",1.46845580372788,1.21239096816952,1.10636866627814
"ENSG00000216866",1.36139853614862,1.31697905901037,1
"ENSG00000216895",1.29383429264815,1.30926953248117,1
"ENSG00000216937",1.23370860283023,1.37180831966048,1
"ENSG00000217027",1.16007078198159,1.38435369078834,1
"ENSG00000217060",1.16862739914034,1.36335490193982,1
"ENSG00000217128",1.76819229446961,1.49379543184031,1.48534808902086
"ENSG00000217130",1.14183491345335,1.40467240109453,1
"ENSG00000217241",1.2001620085574,1.2313066896983,1
"ENSG00000217416",1.0522338283688,1.11820006745691,1
"ENSG00000217512",1.53915741006275,1.14953681609507,1.03650130253171
"ENSG00000217527",1.73563473854613,1.30834720827358,1.38816573967216
"ENSG00000217555",1.4622484259301,1.3664533533692,1.13554318606778
"ENSG00000217624",1.38899036575687,1.203499861239,1
"ENSG00000218175",1.34036703196063,1.1793031662029,1
"ENSG00000218208",1.40717115532625,1.30978697519026,1
"ENSG00000218227",1.32150036689692,1.27595311365004,1
"ENSG00000218283",1.19644255549307,1.13448223752834,1
"ENSG00000218350",1.34813949667424,1.16160883713923,1
"ENSG00000218426",1.20113701355555,1.26552047694204,1
"ENSG00000218510",1.1311910423876,1.1512630415081,1
"ENSG00000218739",1.22021038379566,1.28740291651478,1
"ENSG00000218809",1.95912685158685,1.59491104119172,1.4928253993693
"ENSG00000219085",1.32403038259431,1.34920805505889,1
"ENSG00000219201",1.23856697316577,1.17587722034156,1
"ENSG00000219481",1.15232806531048,1.17273040323588,1
"ENSG00000219507",1.5336190972285,1.44003923937192,1
"ENSG00000219545",1.33248943080973,1.17164974308133,1
"ENSG00000219626",1.27229180699198,1.09477252471096,1
"ENSG00000219665",1.10909807016909,1.24669495071932,1
"ENSG00000219682",1.54645021027008,1.43694941981135,1.18640923826498
"ENSG00000219747",1.17457856368336,1.28572483332867,1
"ENSG00000219928",1.1520998243806,1.24672384037966,1
"ENSG00000220205",1.21879017140954,1.07340987447884,1
"ENSG00000220472",1.13600766209793,1.300523503262,1
"ENSG00000220517",1.46965389587605,1.26724651071534,1
"ENSG00000220583",1.10321301506671,1.37300881341798,1
"ENSG00000220804",1.13956799308169,1.11994813250227,1
"ENSG00000220842",1.09128659476957,1.36895064063597,1
"ENSG00000220848",1.1651537214749,1.27893719357664,1
"ENSG00000221491",1.2977259295416,1.08811840448042,1
"ENSG00000221817",1.45031758858547,1.27526684138657,1.14925446201233
"ENSG00000221823",1.30697411151271,1.18887895038334,1
"ENSG00000221829",1.2010001001256,1.23195743875132,1
"ENSG00000221838",1.17860515241355,1.15172184369736,1
"ENSG00000221866",1.22186237433744,1.14484764769364,1
"ENSG00000221869",1.27793152176508,1.41041378380289,1
"ENSG00000221883",1.15228993930311,1.05674544467368,1
"ENSG00000221909",1.31053076233719,1.18869090967051,1
"ENSG00000221914",1.289107635416,1.17233027392744,1
"ENSG00000221923",1.07326445143774,1.27434490584282,1
"ENSG00000221926",1.1264839657344,1.22325650870866,1
"ENSG00000221930",1.60786581518819,1.40254390757694,1.31933673853513
"ENSG00000221944",1.10666273718587,1.11667910460583,1
"ENSG00000221968",1.06641069110079,1.14136735902058,1
"ENSG00000221978",1.16524909337327,1.10650885888094,1
"ENSG00000221983",1.20456171349776,1.09926084409456,1
"ENSG00000221994",1.13063494262834,1.08525245346082,1
"ENSG00000221995",1.35764019142605,1.23597305370096,1
"ENSG00000222011",1.16561728439078,1.27422927237122,1
"ENSG00000222041",1.54423466298389,1.07303119498297,1.26594400663562
"ENSG00000222057",1.39581236469113,1.36247327343195,1
"ENSG00000222112",1.84095190326678,1.51955888033297,1.41462401056998
"ENSG00000222365",1.8881092240564,1.46922069704182,1.4806840691417
"ENSG00000222414",1.17640729322531,1.20896360954292,1
"ENSG00000222489",1.33563051042701,1.11726240682889,1
"ENSG00000223336",1.25910279399832,1.20700149805891,1
"ENSG00000223380",1.27822781644661,1.24197141820587,1
"ENSG00000223473",1.40655863705448,1.14705732802845,1
"ENSG00000223482",1.1343391660637,1.07114624605752,1
"ENSG00000223496",1.50189522119967,1.25799045567604,1.22680039772914
"ENSG00000223509",1.09773362756009,1.24550647306111,1
"ENSG00000223546",1.28788138499233,1.38464917764655,1
"ENSG00000223547",1.02598948681454,1.16437881378598,1
"ENSG00000223559",1.69935386654852,1.33944938353005,1.33868299602395
"ENSG00000223599",1.17270694231582,1.07184433514203,1
"ENSG00000223612",1.40491120620284,1.21572083199078,1
"ENSG00000223704",1.2115628109445,1.19814739105277,1
"ENSG00000223705",1.2292524042779,1.27324072412775,1
"ENSG00000223745",1.20721747573342,1.24585114002504,1
"ENSG00000223768",1.54035791556607,1.22626819750621,1.12684717734142
"ENSG00000223803",1.34136662102199,1.36308226461655,1
"ENSG00000223804",1.1709761755646,1.22806231261749,1
"ENSG00000223825",1.65750048423745,1.24442251728538,1.27120688875295
"ENSG00000223891",1.29590476881602,1.29801777394599,1
"ENSG00000223959",1.0304306312319,1.20623119328616,1
"ENSG00000223960",1.35340903397565,1.33253608522437,1
"ENSG00000224003",1.10405381287917,1.2706971903864,1
"ENSG00000224032",1.43839609299921,1.35386674571685,1
"ENSG00000224051",1.13928012044818,1.27921111454199,1
"ENSG00000224078",1.28686580201685,1.32630727870211,1
"ENSG00000224086",1.28057061797173,1.31728629488386,1
"ENSG00000224113",1.26214190182234,1.22990335035787,1
"ENSG00000224152",1.74771780469531,1.49060084830617,1.35618806035838
"ENSG00000224177",1.17118734965481,1.15725762908766,1
"ENSG00000224307",1.68796808453908,1.44214954944629,1.33787920602226
"ENSG00000224358",1.17967127662628,1.31257291863709,1
"ENSG00000224397",1.47256660026385,1.3837180401334,1.10854121314397
"ENSG00000224411",1.26956097530849,1.29404669246136,1
"ENSG00000224415",1.33976961339519,1.32477901276884,1
"ENSG00000224442",1.36425434775304,1.23095824337762,1
"ENSG00000224451",1.57954224637241,1.24334485705286,1.18801008169165
"ENSG00000224470",1.32706228683634,1.232624369498,1
"ENSG00000224505",1.31522213029454,1.25737596571448,1
"ENSG00000224531",1.3783719905353,1.28280933951322,1
"ENSG00000224546",1.28503850931067,1.25218127939814,1
"ENSG00000224578",1.40949965234007,1.24820284791514,1
"ENSG00000224597",1.36324723685682,1.22042924664088,1
"ENSG00000224628",1.07806350776886,1.16293619823289,1
"ENSG00000224631",1.23077514573659,1.24615990143371,1
"ENSG00000224660",1.15844254888991,1.02472879316468,1
"ENSG00000224699",1.32633889368844,1.21338222002469,1
"ENSG00000224745",1.28312478861905,1.35802132938031,1
"ENSG00000224781",1.2335279520309,1.24807993513299,1
"ENSG00000224831",1.20200451793796,1.08455278372882,1
"ENSG00000224861",1.37055319170315,1.08114169480609,1.13052754154737
"ENSG00000224870",1.13460022919266,1.04019577546041,1
"ENSG00000224877",1.03312453534206,1.38898931697719,1
"ENSG00000224892",1.29002721701327,1.12366563025965,1
"ENSG00000224934",1.28696817633022,1.29416493054678,1
"ENSG00000224950",1.62020142642565,1.25708857496725,1.33807046427971
"ENSG00000225014",1.27392017448627,1.23225433005171,1
"ENSG00000225022",1.40621245351024,1.33259296147687,1.08043917033292
"ENSG00000225031",1.32835161254323,1.25958395806361,1
"ENSG00000225032",1.18452288174092,1.23024314334764,1
"ENSG00000225067",1.19507554305872,1.23634587798531,1
"ENSG00000225091",1.29243335416967,1.16245359321257,1
"ENSG00000225092",1.6041346418555,1.09697747237199,1.18015650370258
"ENSG00000225099",1.28464027592326,1.30322108455403,1
"ENSG00000225101",1.34835526607293,1.36352656783859,1
"ENSG00000225113",1.61995475358552,1.3829918389939,1.26998758930597
"ENSG00000225135",1.4061501896871,1.3272241212731,1.07057135688077
"ENSG00000225137",1.41130160816963,1.3241620670634,1
"ENSG00000225138",1.14701975755965,1.19097665626168,1
"ENSG00000225159",1.2999317100375,1.42080631591978,1
"ENSG00000225190",1.60329286056942,1.13659469183524,1.23241514276349
"ENSG00000225193",1.09930059309476,1.16003135700846,1
"ENSG00000225200",1.28367900883028,1.27040089771427,1
"ENSG00000225205",1.45615150858366,1.23365936179365,1.1313967885856
"ENSG00000225215",1.40886294957612,1.14101911112688,1
"ENSG00000225217",1.28822841499381,1.09964410067906,1
"ENSG00000225224",1.30001831568682,1.24673304270673,1
"ENSG00000225241",1.13750184060283,1.26834753804579,1
"ENSG00000225259",1.22242802494345,1.16321788968666,1
"ENSG00000225342",1.5031811634561,1.46678952202615,1
"ENSG00000225355",1.14538325402572,1.11544999505248,1
"ENSG00000225422",1.13735700560642,1.30374865608291,1
"ENSG00000225423",1.4527856588218,1.10510688103463,1.0968612439482
"ENSG00000225434",1.10055649275193,1.25743630930546,1
"ENSG00000225470",1.47652052263065,1.2043813463515,1.24717708081335
"ENSG00000225471",1.71876006548757,1.22116598531821,1.35307474836996
"ENSG00000225484",1.14414316693925,1.24410080235216,1
"ENSG00000225528",1.3861194086925,1.16207718836234,1
"ENSG00000225544",1.72353721753342,1.48274252690478,1.29917960992576
"ENSG00000225568",1.44284737302079,1.2545845403553,1
"ENSG00000225573",1.28216558184448,1.36693009905231,1
"ENSG00000225611",1.92183343030046,1.46121781239453,1.47429521088183
"ENSG00000225648",1.37429686145063,1.40376488811952,1
"ENSG00000225674",1.11327094699204,1.25719658076467,1
"ENSG00000225697",1.43775084095236,1.15106875491638,1.09035367517824
"ENSG00000225733",1.1189594329835,1.1674720183975,1
"ENSG00000225783",1.18529682752287,1.18401258331647,1
"ENSG00000225793",1.38321215221168,1.21489836711502,1
"ENSG00000225808",1.14327154818995,1.46116032671328,1
"ENSG00000225828",1.4964726358733,1.0388522510533,1
"ENSG00000225830",1.35043503632304,1.06734350938775,1.0886256215637
"ENSG00000225855",1.5238124490618,1.11805754443508,1.06671129010118
"ENSG00000225873",1.91065348226914,1.77999188400701,1.35119668714358
"ENSG00000225889",1.08921285812255,1.40737472845761,1
"ENSG00000225891",1.40657611415657,1.06374331530703,1
"ENSG00000225921",1.33738278114103,1.22644604932216,1
"ENSG00000225948",1.57932299065237,1.24204159235171,1.11698972522736
"ENSG00000225973",1.09011786212809,1.10861125239841,1
"ENSG00000225975",1.33035526084803,1.24390936492912,1
"ENSG00000226015",1.11936934297024,1.19623854337806,1
"ENSG00000226029",1.55241238685941,1.12026361702696,1.24575985007117
"ENSG00000226049",1.13020309984533,1.23540040144833,1
"ENSG00000226054",1.18512851610545,1.13550508106583,1
"ENSG00000226085",1.33093083117621,1.20758407329394,1
"ENSG00000226091",1.3039930116044,1.19299305473344,1
"ENSG00000226121",1.05676173372467,1.3870542846965,1
"ENSG00000226137",1.04580651118872,1.19013049218038,1
"ENSG00000226200",1.52051901650274,1.08564324334386,1.29223745517122
"ENSG00000226210",1.16764931005544,1.12573266964375,1
"ENSG00000226221",1.13128215652964,1.37758927613225,1
"ENSG00000226243",1.44703176603081,1.28774852308601,1.11774935478303
"ENSG00000226266",1.97175422046508,1.423473268797,1.60664126228355
"ENSG00000226284",1.36320781024368,1.20750657666427,1
"ENSG00000226318",1.48609595779346,1.13447153340054,1.04022439594657
"ENSG00000226328",1.49954804162196,1.23295836964498,1.24765594231398
"ENSG00000226360",1.29427648957792,1.30441951985954,1
"ENSG00000226380",1.4975197528311,1.28613152590552,1.2758462852505
"ENSG00000226396",1.17166440564246,1.36788259877477,1
"ENSG00000226415",1.25104275797768,1.11522570939138,1
"ENSG00000226419",1.61586626482586,1.29781995760703,1.16604300400923
"ENSG00000226432",1.27460714771554,1.28995551723076,1
"ENSG00000226471",1.36645358224971,1.26636434194953,1
"ENSG00000226479",1.15877164371546,1.31813797652725,1
"ENSG00000226501",1.40869134237963,1.48549333650187,1
"ENSG00000226524",1.09080192973176,1.10395011120719,1
"ENSG00000226564",1.45779537276247,1.34382265443073,1
"ENSG00000226608",1.39348547929191,1.27675139309842,1.13375557917955
"ENSG00000226660",1.39405056028476,1.25353722710014,1
"ENSG00000226666",1.20628053352779,1.14438147985201,1
"ENSG00000226688",1.12076536158656,1.18943438175483,1
"ENSG00000226696",1.30367699991253,1.26240652644854,1
"ENSG00000226711",1.51125731657034,1.21726463052241,1
"ENSG00000226721",1.14293688656058,1.20452370552648,1
"ENSG00000226723",1.30803023506043,1.33904766216136,1
"ENSG00000226742",1.33957346805838,1.20345188299514,1
"ENSG00000226752",1.32887147331753,1.02478226315623,1.0592401785987
"ENSG00000226761",1.55884565081178,1.22155407406834,1.15287803039441
"ENSG00000226777",1.20554051624444,1.18369087610117,1
"ENSG00000226891",1.36408364241228,1.33900899120664,1
"ENSG00000226950",1.3347989481257,1.3208088187952,1
"ENSG00000226976",1.18193612560267,1.11696769376203,1
"ENSG00000226982",1.47902818375578,1.14664712794095,1
"ENSG00000226986",1.27804861952685,1.17565745475424,1
"ENSG00000227008",1.22051063481864,1.34188988828289,1
"ENSG00000227018",1.43257765229976,1.23058892502497,1
"ENSG00000227032",1.10462048515056,1.33453893152531,1
"ENSG00000227039",1.3712577296383,1.16773431751821,1.11633004760158
"ENSG00000227051",1.25391466119066,1.23530630230074,1
"ENSG00000227081",1.17993062693002,1.27339242107085,1
"ENSG00000227097",1.34120031161092,1.2166325881611,1
"ENSG00000227184",1.16154506319269,1.04756889000217,1
"ENSG00000227191",1.14582560559299,1.18288078658465,1
"ENSG00000227268",1.3261270703841,1.40978845962986,1
"ENSG00000227344",1.12974931192183,1.24591865703402,1
"ENSG00000227345",1.45573808898366,1.17174125187591,1.16158555028443
"ENSG00000227347",1.10360768598247,1.28810597878077,1
"ENSG00000227354",1.34077046752037,1.27052715689738,1
"ENSG00000227372",1.22313334250644,1.26909686864104,1
"ENSG00000227403",1.3186371951155,1.26671118818797,1
"ENSG00000227508",1.33813789708481,1.21241368799584,1
"ENSG00000227598",1.58657907579861,1.46138512603827,1.20685583296455
"ENSG00000227615",1.22995916573723,1.22447969020371,1
"ENSG00000227671",1.04609550455352,1.20464716581757,1
"ENSG00000227678",1.42470368800549,1.27858865558161,1
"ENSG00000227825",1.77833969337334,1.06918749164453,1.44021131575486
"ENSG00000227986",1.39672718325725,1.21488841277274,1
"ENSG00000228002",1.37555123020581,1.06778120283786,1
"ENSG00000228106",1.04084652916873,1.42677732170176,1
"ENSG00000228107",1.67695763800258,1.30811134195188,1.24864789534251
"ENSG00000228140",1.28650671254158,1.11265471216014,1
"ENSG00000228196",1.11468011727453,1.23072601256284,1
"ENSG00000228205",1.32039477882387,1.28316899887119,1
"ENSG00000228217",1.16672083615527,1.12373800704332,1
"ENSG00000228223",1.22234766757538,1.21564113944684,1
"ENSG00000228232",1.12045637455628,1.1519411036819,1
"ENSG00000228242",2.1723619841956,1.60828970523477,1.74249879031082
"ENSG00000228283",1.88633837831647,1.46886469913595,1.5274975267792
"ENSG00000228300",1.15522523968418,1.09946532689281,1
"ENSG00000228305",1.1751181471546,1.17888702567175,1
"ENSG00000228340",1.41175356285335,1.31178430321076,1
"ENSG00000228382",1.22900347174312,1.38699301854313,1
"ENSG00000228393",1.62314876717053,1.12492067390564,1.2634123013545
"ENSG00000228409",1.35916808808068,1.2104774655324,1
"ENSG00000228427",1.11012027383588,1.31331610982052,1
"ENSG00000228446",1.44389859783897,1.36788756040145,1
"ENSG00000228451",1.47043462466973,1.23521335197269,1
"ENSG00000228474",1.01528806237917,1.03301442497982,1
"ENSG00000228486",1.28595100707783,1.25971342371402,1
"ENSG00000228502",1.25094685308802,1.31737305456267,1
"ENSG00000228506",1.31271478505927,1.30459217632446,1
"ENSG00000228519",1.13601943734429,1.28952855602507,1
"ENSG00000228589",1.19420591963392,1.12704968126722,1
"ENSG00000228612",1.68147724337371,1.43017961944098,1.1997090688946
"ENSG00000228638",1.51788695059264,1.26697173597437,1.10456063088062
"ENSG00000228649",1.23341810065329,1.34171802189186,1
"ENSG00000228716",1.4574635146561,1.25737653289525,1
"ENSG00000228753",1.58447415126209,1.16007185247194,1.12677180473641
"ENSG00000228782",1.18938647832009,1.30879886133572,1
"ENSG00000228784",1.28155814920041,1.08454963831805,1
"ENSG00000228794",1.18091034719885,1.19199459082279,1
"ENSG00000228817",1.48114358660806,1.21294195300756,1
"ENSG00000228818",1.09689565098623,1.11548284634874,1
"ENSG00000228878",1.21481969347549,1.23660203852692,1
"ENSG00000228887",1.09615731801115,1.2868512638964,1
"ENSG00000228906",1.50865093734639,1.21170198485852,1.06891483802622
"ENSG00000228929",1.21961754732671,1.26374186186324,1
"ENSG00000228956",1.4717404344596,1.23640807167301,1.1561493686923
"ENSG00000228998",1.45058687631217,1.21806887013219,1
"ENSG00000229036",1.33400946795982,1.24765735501959,1
"ENSG00000229097",1.06461192982938,1.17548564495915,1
"ENSG00000229106",1.60050619261548,1.12851562930275,1.18998085528971
"ENSG00000229117",1.26156357014899,1.27237091693106,1
"ENSG00000229119",1.1099786133889,1.32794594345966,1
"ENSG00000229124",1.91396769241455,1.30080287601336,1.69492516057501
"ENSG00000229127",1.4272460140804,1.33287161947166,1
"ENSG00000229132",1.3324575776762,1.14212852741671,1
"ENSG00000229152",1.03280344951802,1.04537981611416,1
"ENSG00000229153",1.08207579853371,1.03396555075942,1
"ENSG00000229161",1.28351018986723,1.08553752106015,1
"ENSG00000229180",1.57209394441493,1.12468054820869,1.17669775928102
"ENSG00000229186",1.21134718310685,1.23757248714274,1
"ENSG00000229222",1.63115819528273,1.30303907369166,1.19671793890691
"ENSG00000229241",1.38514987617233,1.23636660021713,1
"ENSG00000229320",1.18394115554669,1.14748849887037,1
"ENSG00000229325",1.51251103264918,1.30318946211714,1.1858564749318
"ENSG00000229358",1.49625128537741,1.12619593605726,1.14902066362158
"ENSG00000229419",1.44231373125034,1.29530311312445,1.14223918082808
"ENSG00000229473",1.45712456708785,1.25457054365774,1
"ENSG00000229474",1.30836315688505,1.1038743995491,1
"ENSG00000229585",1.59820244550925,1.34268959025119,1.13422393590776
"ENSG00000229591",1.81678530457178,1.31932716857846,1.44894927947088
"ENSG00000229619",1.32066818012988,1.17669835717038,1
"ENSG00000229638",1.30523581209832,1.29493993278229,1
"ENSG00000229644",1.48947526404793,1.56199766686116,1
"ENSG00000229645",1.27678105956488,1.10220639857417,1
"ENSG00000229677",1.46594118332549,1.0947786398127,1.0528038641794
"ENSG00000229689",1.3082922849693,1.25261766497018,1
"ENSG00000229692",1.06745594533412,1.22707769608114,1
"ENSG00000229715",1.25857787108158,1.24509220823291,1
"ENSG00000229729",1.09622046629146,1.07413210579018,1
"ENSG00000229754",1.39820186487038,1.15925986630169,1.10093960182452
"ENSG00000229808",1.29189699797071,1.3447573277173,1
"ENSG00000229809",1.17929270805877,1.20327553224929,1
"ENSG00000229816",1.21276463306559,1.29700184636751,1
"ENSG00000229852",1.38042167502908,1.29321477196355,1
"ENSG00000229894",1.24718932113457,1.60497143255467,1
"ENSG00000229899",1.67782042022548,1.48296235956932,1.28382162858317
"ENSG00000229932",1.32939988629848,1.27797675169228,1
"ENSG00000229944",1.16396101022408,1.25721731362407,1
"ENSG00000229980",1.31602673766243,1.18267483049457,1
"ENSG00000229989",1.57436860964474,1.24314517889334,1.29292811278857
"ENSG00000229994",1.37390285290582,1.34129037970341,1
"ENSG00000230002",1.42125892265122,1.26510889907923,1
"ENSG00000230006",1.32446100352465,1.17202090037386,1
"ENSG00000230043",1.03857054108153,1.1756688230931,1
"ENSG00000230055",1.44475369702272,1.30172913368387,1.07962722060323
"ENSG00000230063",1.32806546329652,1.33254624577205,1
"ENSG00000230068",1.65499470859013,1.21025222370667,1.29611322189223
"ENSG00000230069",1.24637347816287,1.3048655609783,1
"ENSG00000230071",1.23098347579511,1.23209486332615,1
"ENSG00000230124",1.11124077530384,1.11561726427937,1
"ENSG00000230155",1.38884248686079,1.25420755439007,1
"ENSG00000230177",1.25783358316328,1.29161893363246,1
"ENSG00000230183",1.28778211166536,1.0814531559451,1
"ENSG00000230189",1.35952660279325,1.18866744146341,1
"ENSG00000230202",1.38889418197615,1.24432658364403,1.10072492347473
"ENSG00000230207",1.31175076039449,1.27595425152773,1
"ENSG00000230257",1.64637053376623,1.55106011778744,1.20263870119325
"ENSG00000230311",1.62054084998985,1.29634461098756,1.19941146007405
"ENSG00000230330",1.40172165418786,1.17858979350002,1
"ENSG00000230364",1.25823894162082,1.35257153016667,1
"ENSG00000230409",1.36310800621281,1.25267190668473,1.04697777878091
"ENSG00000230438",1.2062926165883,1.14724826683286,1
"ENSG00000230454",1.83106533824509,1.38238231626473,1.40819320939413
"ENSG00000230457",1.48488182841468,1.22261828881932,1.14694346798089
"ENSG00000230487",1.30059772802197,1.20088049982726,1
"ENSG00000230539",1.29303271557427,1.19533050776118,1
"ENSG00000230551",1.28854918678,1.11282398160169,1
"ENSG00000230562",1.60823062732477,1.219731785986,1.20738718220825
"ENSG00000230590",1.16930985826701,1.1341920908174,1
"ENSG00000230626",1.37858500562128,1.27157933169236,1
"ENSG00000230629",1.23354432474643,1.25924550136419,1
"ENSG00000230633",1.58063278866418,1.52712600450413,1.05830842941158
"ENSG00000230673",1.60425394518118,1.21726107773349,1.29855942390706
"ENSG00000230701",1.22041335276675,1.10284915050347,1
"ENSG00000230732",1.29839277230425,1.05487863901195,1
"ENSG00000230735",1.34066959532688,1.23038387748373,1
"ENSG00000230789",1.78481709921197,1.45971411652405,1.42070571209563
"ENSG00000230844",1.21558535714985,1.07380007044987,1
"ENSG00000230897",1.29497194917108,1.26515530908001,1
"ENSG00000230989",1.24962735646637,1.09133613894001,1
"ENSG00000231025",1.58366134781885,1.32868840696073,1.32924162834972
"ENSG00000231027",1.14534766779569,1.20084963094091,1
"ENSG00000231043",1.24373734911349,1.24236734398996,1
"ENSG00000231047",1.83587961108461,1.61849757593246,1.37113322992164
"ENSG00000231113",1.3700002502441,1.33656667776707,1
"ENSG00000231160",1.29370695575225,1.22392756072339,1
"ENSG00000231167",1.28361169044473,1.11351138176008,1
"ENSG00000231177",1.44558777575122,1.09267187698937,1
"ENSG00000231234",1.33105493600043,1.15467175533922,1
"ENSG00000231259",1.34704450796267,1.21137757333526,1
"ENSG00000231313",1.36353119478377,1.31088972512715,1
"ENSG00000231365",1.1721830249109,1.29432880710826,1
"ENSG00000231486",1.18646068365051,1.22101480437294,1
"ENSG00000231607",1.29567361162352,1.15095409781787,1
"ENSG00000231615",1.10542654526915,1.20332548701954,1
"ENSG00000231672",1.26190668250594,1.31932280373861,1
"ENSG00000231711",1.27299885490876,1.23435746561676,1
"ENSG00000231721",1.31900395092363,1.33616090882501,1
"ENSG00000231767",1.27218255737598,1.29667732871486,1
"ENSG00000231770",1.29245044291895,1.06877136864119,1
"ENSG00000231822",1.68428163120012,1.19559195813398,1.29716935298897
"ENSG00000231841",1.36092089998857,1.30046756894447,1
"ENSG00000231856",1.28512226201411,1.44536134270337,1
"ENSG00000231865",1.32558869994287,1.16087552230069,1
"ENSG00000231889",1.40096460873623,1.081762406738,1
"ENSG00000231890",1.4147630531407,1.17477189871165,1
"ENSG00000231989",1.36567002912885,1.11683403623131,1
"ENSG00000231991",1.26170400280347,1.16180015371833,1
"ENSG00000231999",1.28561403931031,1.16975413476734,1
"ENSG00000232004",1.31125921718821,1.37727612825859,1
"ENSG00000232021",1.4239705772646,1.23136044396918,1
"ENSG00000232024",1.02448226404878,1.09937212194359,1
"ENSG00000232104",1.52368202222418,1.35175421744865,1
"ENSG00000232112",1.08831669767059,1.23637752593145,1
"ENSG00000232119",1.07247160219207,1.22684320641105,1
"ENSG00000232229",1.27699211026529,1.21499378114836,1
"ENSG00000232303",1.87642948861539,1.33741864683136,1.49309921163228
"ENSG00000232334",1.83251985123993,1.46730165502026,1.41906235971668
"ENSG00000232346",1.22915348303516,1.34881155619792,1
"ENSG00000232368",1.29655287780492,1.26866752264571,1
"ENSG00000232380",1.13110489175046,1.20858867008302,1
"ENSG00000232388",1.12621776941927,1.14550545437296,1
"ENSG00000232442",1.63289791396539,1.21765890456451,1.22979323753402
"ENSG00000232472",1.04033523869416,1.30674271979485,1
"ENSG00000232528",1.68839286991493,1.5745850635035,1.22079064354984
"ENSG00000232533",1.18219828117493,1.31436031817334,1
"ENSG00000232553",1.25872424589271,1.17184868126912,1
"ENSG00000232559",1.16752791162161,1.16872172821082,1
"ENSG00000232573",1.25854124008733,1.30348649907802,1
"ENSG00000232587",1.09566481327573,1.24972725102054,1
"ENSG00000232593",1.28807765643667,1.22569217049717,1
"ENSG00000232626",1.5120569755714,1.2168939477096,1
"ENSG00000232702",1.1591138054884,1.31274163301512,1
"ENSG00000232742",1.73239451588681,1.34005748468477,1.33482105027323
"ENSG00000232801",1.40798398885387,1.65640121137988,1
"ENSG00000232842",1.09775721174926,1.20825508398873,1
"ENSG00000232855",1.12436682240154,1.27155985820774,1
"ENSG00000232859",1.20476515792889,1.08964093624088,1
"ENSG00000232869",1.5028586087763,1.29188703554301,1
"ENSG00000232888",1.18839060579313,1.24285953403996,1
"ENSG00000232912",1.57907897070574,1.48358075897979,1
"ENSG00000232931",1.03745831603684,1.23982496985677,1
"ENSG00000232952",1.52077939479775,1.23148081708687,1.09980406656805
"ENSG00000232956",1.30773842645193,1.33071070711015,1
"ENSG00000232973",1.06369470429461,1.08094907626449,1
"ENSG00000232995",1.10620506914675,1.26728445969533,1
"ENSG00000233013",1.68499016591644,1.50729848997126,1.24116496026282
"ENSG00000233016",1.05137983247807,1.14333990101355,1
"ENSG00000233038",1.37330441649439,1.21354214366601,1
"ENSG00000233111",1.35619853033161,1.27488023140121,1
"ENSG00000233137",1.23948940501459,1.14081486086476,1
"ENSG00000233184",1.19811755769416,1.38205559617976,1
"ENSG00000233225",1.27353438594197,1.06651421670222,1
"ENSG00000233264",1.21640524721567,1.20565491931563,1
"ENSG00000233276",1.37854819286744,1.0098181523285,1.15535656090164
"ENSG00000233280",1.33138337553061,1.20590996573542,1
"ENSG00000233287",1.13446552447762,1.39927737952635,1
"ENSG00000233328",1.06252008690394,1.26194113721744,1
"ENSG00000233355",1.43162483022977,1.17068446924768,1.16508697734158
"ENSG00000233369",1.82811566792698,1.50569719186049,1.40089697530697
"ENSG00000233382",1.49519546143698,1.25906849460345,1.18057046038578
"ENSG00000233426",1.43876207565748,1.22714974071603,1.20621661185179
"ENSG00000233429",1.27895857085646,1.22344986585737,1
"ENSG00000233452",1.61024139709749,1.32668647842373,1.21503405065027
"ENSG00000233461",1.6722399501818,1.6140000977603,1
"ENSG00000233476",1.14835899453394,1.27780149922594,1
"ENSG00000233527",1.11572124015984,1.2043691510742,1
"ENSG00000233558",1.37904576939707,1.29831875268064,1
"ENSG00000233621",1.26259256850355,1.05840563940122,1
"ENSG00000233757",1.20677935782761,1.28378655776295,1
"ENSG00000233762",1.30888292733445,1.26830194692795,1
"ENSG00000233822",1.24032927602494,1.1635312439057,1
"ENSG00000233830",1.32630317002025,1.17139126680043,1
"ENSG00000233846",1.35303836134792,1.08936679669935,1
"ENSG00000233859",1.40626292607231,1.38946437426957,1
"ENSG00000233913",1.30678775484223,1.2964947067035,1
"ENSG00000233927",1.31554516159605,1.04272640636766,1
"ENSG00000233954",1.13212335007733,1.32838489477045,1
"ENSG00000233994",1.20827118651201,1.07851985574946,1
"ENSG00000234009",1.40649225195928,1.30065280671536,1
"ENSG00000234073",1.21297365851391,1.37912739012698,1
"ENSG00000234130",1.1403370051525,1.1520311523436,1
"ENSG00000234176",1.09715322292157,1.26827152414121,1
"ENSG00000234188",1.38969824104781,1.11316837684123,1
"ENSG00000234219",1.88728854253158,1.43839552295196,1.49135332900809
"ENSG00000234241",1.27150524019454,1.29377372625877,1
"ENSG00000234284",1.27212377189718,1.26975707619663,1
"ENSG00000234287",1.17344751641198,1.3278823617463,1
"ENSG00000234290",1.9003215021777,1.47634359882291,1.45637016831824
"ENSG00000234292",1.67185613392657,1.46853559130802,1.25853090404877
"ENSG00000234297",1.40132900027981,1.03478071252318,1
"ENSG00000234329",1.21150398160214,1.22935329501581,1
"ENSG00000234335",1.60969888300471,1.24954589823193,1.27736627559788
"ENSG00000234337",1.38362742032323,1.32788182648403,1
"ENSG00000234383",1.9053281567241,1.47554029215992,1.50408854631887
"ENSG00000234389",1.34385005981521,1.29976148180977,1
"ENSG00000234420",1.28454093401429,1.25021528345694,1
"ENSG00000234444",1.48740705958007,1.2571286088605,1.24885454838506
"ENSG00000234506",1.74869793990124,1.35287300990003,1.44730731384021
"ENSG00000234518",1.16761800625454,1.15607004399775,1
"ENSG00000234545",1.32622943447668,1.30042704828366,1
"ENSG00000234558",1.26475072672217,1.18365995149096,1
"ENSG00000234568",1.63068289949751,1.40690968296363,1.2203600129672
"ENSG00000234585",1.08374355466454,1.11653233528127,1
"ENSG00000234608",1.32312243667857,1.39282048199731,1
"ENSG00000234616",1.16944510107917,1.11987556169845,1
"ENSG00000234629",1.01828944165749,1.23656469211973,1
"ENSG00000234648",1.37404845666852,1.31854104530537,1
"ENSG00000234663",1.70434072432892,1.37244150051466,1.3813477189971
"ENSG00000234664",1.2318760294561,1.22345354623651,1
"ENSG00000234684",1.10056510302793,1.06294953238429,1
"ENSG00000234709",1.3895580245634,1.34550456131264,1
"ENSG00000234741",1.03095913886912,1.35618148333323,1
"ENSG00000234745",1.06786417363138,1.10206854130461,1
"ENSG00000234782",1.08337910569707,1.28782270561164,1
"ENSG00000234797",1.00704729263421,1.27263511963739,1
"ENSG00000234825",1.26374607455933,1.08665257357222,1
"ENSG00000234851",1.39367781707194,1.2442035046005,1.11311663197174
"ENSG00000234882",1.33104679952972,1.35164905663201,1
"ENSG00000234912",1.05100309860074,1.18387984096173,1
"ENSG00000234975",1.46267147919241,1.40220790718452,1
"ENSG00000235001",1.3565554671566,1.14741779153809,1
"ENSG00000235082",1.28032034538195,1.03377030798663,1
"ENSG00000235084",1.34257221120776,1.11843600800632,1
"ENSG00000235095",1.14961084281442,1.30581123105704,1
"ENSG00000235105",1.26771324720532,1.10393600224761,1
"ENSG00000235106",1.1734901443047,1.20753649978174,1
"ENSG00000235111",1.35784929931121,1.17287577807849,1
"ENSG00000235117",1.29648884437811,1.37850013789553,1
"ENSG00000235162",1.22227325006194,1.282048995802,1
"ENSG00000235174",1.09780264177764,1.28841582783498,1
"ENSG00000235192",1.51858575639405,1.21182536336955,1
"ENSG00000235194",1.205000187369,1.1126161715179,1
"ENSG00000235217",1.26600481740335,1.08038253345441,1
"ENSG00000235272",1.42304307997962,1.26669587881796,1
"ENSG00000235297",1.18618809655973,1.24514019896324,1
"ENSG00000235314",1.16116814423341,1.30235827702465,1
"ENSG00000235381",1.16807191541592,1.14350019002931,1
"ENSG00000235400",1.23853596566157,1.10937345960877,1
"ENSG00000235437",1.37889113057423,1.25203139205066,1
"ENSG00000235453",1.44285497938487,1.31554788360477,1
"ENSG00000235477",1.23456450050266,1.12978432140412,1
"ENSG00000235499",1.65904597697644,1.3202192212433,1.27685983355526
"ENSG00000235505",1.34495626923393,1.35721696341925,1
"ENSG00000235530",1.35762497767194,1.06599222567158,1
"ENSG00000235532",1.33078642786537,1.16927560578416,1
"ENSG00000235546",1.80583156610002,1.6610807231531,1.33142528494383
"ENSG00000235552",1.15887902796529,1.30634547184356,1
"ENSG00000235554",1.15483050059488,1.11496557625015,1
"ENSG00000235568",1.69635562224289,1.51979176727135,1.33458585572986
"ENSG00000235576",1.31896950290493,1.40479104133226,1
"ENSG00000235587",1.20130003293944,1.18360889572468,1
"ENSG00000235605",1.15591137059354,1.22434809651941,1
"ENSG00000235609",1.25271549404533,1.18217964124368,1
"ENSG00000235651",1.31568332113622,1.24365071245672,1
"ENSG00000235655",1.61143593411904,1.40473508332855,1.32638058424496
"ENSG00000235683",1.5718580446097,1.24606023926729,1.15585118401999
"ENSG00000235703",1.16500076854264,1.08148543354692,1
"ENSG00000235720",1.32356024822696,1.05352216360049,1
"ENSG00000235750",1.59475047861014,1.55643772394181,1.23523272519392
"ENSG00000235776",1.34975112109855,1.2753305310153,1
"ENSG00000235859",1.21039002504858,1.02672383638085,1
"ENSG00000235919",1.2813707283996,1.12680177195633,1
"ENSG00000235944",1.2872051319126,1.20782967983408,1
"ENSG00000235954",1.34748663922725,1.28163757774212,1
"ENSG00000235999",1.32239869470978,1.05517747000603,1
"ENSG00000236018",1.5419304975276,1.62634752078693,1
"ENSG00000236088",1.38201778618785,1.29654754995822,1
"ENSG00000236144",1.29075445012535,1.28394233471424,1
"ENSG00000236194",1.25642947672314,1.32191575017174,1
"ENSG00000236213",1.206642451736,1.14671530487728,1
"ENSG00000236255",1.26566420276213,1.16529223665174,1
"ENSG00000236287",1.18445176436652,1.20168835399868,1
"ENSG00000236304",1.36823094547267,1.10415858787578,1
"ENSG00000236320",1.38146679084647,1.0111670233684,1
"ENSG00000236345",1.36377550990584,1.61359310307373,1
"ENSG00000236349",1.53535248861117,1.40561252732957,1.10659727750398
"ENSG00000236375",1.19934776994916,1.049642302443,1
"ENSG00000236438",1.66294541831512,1.43882128122215,1.30170140547496
"ENSG00000236525",1.35221443362594,1.30223933114653,1
"ENSG00000236535",1.83230150336223,1.38515696727211,1.43649963803757
"ENSG00000236537",1.19878994248738,1.36496350963437,1
"ENSG00000236552",1.30179079322491,1.31476920935093,1
"ENSG00000236567",1.34437254080751,1.15405981278428,1
"ENSG00000236570",1.2823338420484,1.23939926112738,1
"ENSG00000236609",1.95442362383631,1.26173087592588,1.58655920919534
"ENSG00000236698",1.52415902032931,1.23060341153182,1.17058625509599
"ENSG00000236778",1.29093888672358,1.15792311124486,1
"ENSG00000236790",1.35999182328517,1.26355679782497,1
"ENSG00000236801",1.3217255012027,1.32899137739478,1
"ENSG00000236810",1.37843238265454,1.17004798370475,1
"ENSG00000236814",1.06894177808892,1.25571426390617,1
"ENSG00000236830",1.20245353210596,1.16017778962712,1
"ENSG00000236859",1.24229534456677,1.18789616839017,1
"ENSG00000236901",1.1100804272945,1.17335934805237,1
"ENSG00000236943",1.35089891371778,1.03161923871043,1
"ENSG00000236977",1.35700376085561,1.16132614656435,1.0645270183826
"ENSG00000237036",1.48422160596223,1.32590675006272,1
"ENSG00000237037",1.5463252600338,1.23117697180318,1.08352734420209
"ENSG00000237135",1.19179098308081,1.34680745089231,1
"ENSG00000237161",1.29297959557725,1.25457637743792,1
"ENSG00000237172",1.11988326586975,1.24082902995179,1
"ENSG00000237188",1.19815239806844,1.17180612758491,1
"ENSG00000237190",1.25857025973622,1.32391642052624,1
"ENSG00000237214",1.18037700250456,1.12143000389545,1
"ENSG00000237248",1.39917999568532,1.20408201738411,1
"ENSG00000237272",1.25499331010205,1.41329441376914,1
"ENSG00000237296",1.15378358079083,1.20660224915525,1
"ENSG00000237298",1.17240094149217,1.26848418798287,1
"ENSG00000237350",1.39230254683965,1.26470298026227,1.10403119926562
"ENSG00000237440",1.32421323623467,1.07545563493449,1
"ENSG00000237484",1.36544748739023,1.35696938665597,1
"ENSG00000237491",1.25419344754199,1.2844393496804,1
"ENSG00000237499",1.41398973464449,1.13284530243578,1
"ENSG00000237513",1.43480214603595,1.15878262559249,1
"ENSG00000237522",1.12525355881118,1.03124264088527,1
"ENSG00000237682",1.42598007935288,1.29839119597472,1
"ENSG00000237711",1.33786671891961,1.27639001669011,1
"ENSG00000237753",1.46873373180474,1.3121443793871,1
"ENSG00000237757",1.40668105313631,1.26289766427383,1
"ENSG00000237765",1.3196776761982,1.20866256288918,1
"ENSG00000237781",1.95176480809932,1.4150518917785,1.60886411252675
"ENSG00000237788",1.90282370703883,1.35866718967014,1.54837595578156
"ENSG00000237803",1.2031175663982,1.41508900981201,1
"ENSG00000237842",1.20375090100644,1.08887261934309,1
"ENSG00000237854",1.11202144552411,1.18292165281124,1
"ENSG00000237892",1.69407663902215,1.55063098811375,1.31385379778185
"ENSG00000237940",1.25470460892268,1.24873715558116,1
"ENSG00000237943",1.44495172030498,1.25810069331942,1.150230207132
"ENSG00000237945",1.19719574627705,1.2010267357435,1
"ENSG00000237984",1.21568577311128,1.44388218146547,1
"ENSG00000238005",1.35856102887835,1.62117188827857,1
"ENSG00000238072",1.47196136105099,1.09292468529218,1
"ENSG00000238105",1.19618349041674,1.23115499825556,1
"ENSG00000238113",1.0867413567771,1.26172962250268,1
"ENSG00000238121",1.15830924772126,1.21037191889447,1
"ENSG00000238132",1.29095879044451,1.16552855585826,1
"ENSG00000238160",2.08780585401751,1.59925746032867,1.70551887977862
"ENSG00000238164",1.52490537899089,1.20825495006639,1.22303360756841
"ENSG00000238197",1.4667041013056,1.25355248505773,1.0569030997254
"ENSG00000238227",1.29977885667638,1.17500610280324,1
"ENSG00000238243",1.07699741148045,1.02930685787756,1
"ENSG00000238741",1.0950661600459,1.22632128415442,1
"ENSG00000238829",1.941573096228,1.36846452853685,1.55854879449491
"ENSG00000238975",1.2914428966116,1.26254898602835,1
"ENSG00000239002",1.12790767263196,1.04910449310648,1
"ENSG00000239039",1.39746054960524,1.12160851048677,1.03229092196324
"ENSG00000239183",1.45747100965249,1.18941139668603,1
"ENSG00000239280",1.26229306037324,1.09598250231357,1
"ENSG00000239305",1.25423015920502,1.25388785165382,1
"ENSG00000239306",1.34069661144615,1.1399672549737,1.04711283112734
"ENSG00000239382",1.08331121793536,1.13068636955971,1
"ENSG00000239521",1.44445480421634,1.23989789443667,1
"ENSG00000239557",1.27040714496307,1.12676052648694,1
"ENSG00000239559",1.32403234269002,1.27179200756754,1
"ENSG00000239569",1.48527383110792,1.24762151472643,1.02102222374276
"ENSG00000239636",1.36216465761307,1.27972105952779,1
"ENSG00000239653",1.38837584618613,1.33858341229655,1.10762800316969
"ENSG00000239665",1.28033358656628,1.19474892951538,1
"ENSG00000239672",1.35696086206108,1.29672509334239,1
"ENSG00000239763",1.40478634571774,1.23001803232898,1
"ENSG00000239779",1.54958806664267,1.13271002512357,1.23198044822847
"ENSG00000239789",1.18023846118752,1.23262675567331,1
"ENSG00000239899",1.36439632977594,1.21931966549689,1
"ENSG00000239900",1.26453357283397,1.34084292821005,1
"ENSG00000239951",1.1159471080713,1.12741966098765,1
"ENSG00000240038",1.27198838193618,1.03852716246844,1
"ENSG00000240225",1.29864983979608,1.1327334902598,1
"ENSG00000240230",1.36198573686316,1.06794717297203,1.11419370763819
"ENSG00000240288",1.40049225289469,1.11209833809709,1
"ENSG00000240291",1.18411399799358,1.24232382807981,1
"ENSG00000240303",1.38107114605242,1.35545044554182,1
"ENSG00000240342",1.41228641302161,1.25153681274532,1.16657393003576
"ENSG00000240344",1.23721524527749,1.33974781101915,1
"ENSG00000240356",1.35292815996567,1.21738978805042,1
"ENSG00000240371",1.3403149921393,1.20601990833976,1
"ENSG00000240376",1.27140345595696,1.27948940930808,1
"ENSG00000240395",1.21278375189493,1.33925564407681,1
"ENSG00000240429",1.75483796376245,1.34699349014868,1.45456697091254
"ENSG00000240445",1.24366325052508,1.22933426538588,1
"ENSG00000240463",1.15729224385925,1.14132441885722,1
"ENSG00000240489",1.30075168540889,1.17519327425741,1
"ENSG00000240531",1.68814841044994,1.36604422122983,1.27622416484072
"ENSG00000240616",1.24250549422903,1.32005708560428,1
"ENSG00000240652",1.47353953650915,1.17375134139984,1.08289528501531
"ENSG00000240682",1.27028688784976,1.21993397462598,1
"ENSG00000240695",1.29199299996107,1.04312433153006,1
"ENSG00000240767",1.67191226188538,1.45340659610898,1.22077962783368
"ENSG00000240809",1.38741917942675,1.39475103580711,1
"ENSG00000240849",1.05265744768825,1.16948629602458,1
"ENSG00000240857",1.38832511331358,1.3583025529736,1
"ENSG00000240859",1.47219978276901,1.28929661754909,1
"ENSG00000240869",1.31602331267936,1.14087074781919,1
"ENSG00000240891",1.21376206193141,1.24839774585172,1
"ENSG00000240972",1.56325377234499,1.25854118109709,1.1890334689174
"ENSG00000241007",1.35025089085215,1.18027343431916,1
"ENSG00000241014",1.28684978307318,1.19185470003748,1
"ENSG00000241015",1.28832696021295,1.15338386393089,1
"ENSG00000241058",1.40882331685836,1.34444617152581,1
"ENSG00000241061",1.38830390146502,1.27639763005705,1
"ENSG00000241112",1.17913996398899,1.19305387906122,1
"ENSG00000241120",1.32917908444616,1.24951377873293,1
"ENSG00000241127",1.57375795966082,1.41398689124543,1.16461527917376
"ENSG00000241157",1.65482643050268,1.42592155313824,1.26954231536279
"ENSG00000241163",2.34087186158611,1.38799903907155,2.03942525847252
"ENSG00000241170",1.507051253861,1.33106412764992,1.05931463329931
"ENSG00000241258",1.15606677848526,1.20995597376355,1
"ENSG00000241343",1.41746006934024,1.31762589228413,1
"ENSG00000241351",1.21668342974208,1.15964415626968,1
"ENSG00000241399",1.24023342343338,1.266585700357,1
"ENSG00000241431",1.42006160775844,1.33370158416774,1
"ENSG00000241468",1.23679694993473,1.21547908217071,1
"ENSG00000241490",1.13322725272677,1.32523382046101,1
"ENSG00000241506",1.0876863306631,1.22205679540349,1
"ENSG00000241547",1.21476015777785,1.21108424653793,1
"ENSG00000241553",1.47774467078348,1.42188628458107,1.13788706938498
"ENSG00000241685",1.45660381260662,1.37349538118213,1.16083953488594
"ENSG00000241741",1.51185921111244,1.23045250345902,1.21174654316105
"ENSG00000241764",1.42136430166546,1.3923192443369,1
"ENSG00000241769",1.49343257269906,1.04947090721009,1
"ENSG00000241772",1.72008082450775,1.52354405196711,1.35428144389498
"ENSG00000241837",1.14502889853457,1.27585146098651,1
"ENSG00000241839",1.74900696498379,1.45238062404339,1.45058662590833
"ENSG00000241852",1.10764413918455,1.07733500799293,1
"ENSG00000241878",1.4972212851858,1.46676365440929,1.15873678468698
"ENSG00000241886",1.49632909576187,1.49885370406724,1
"ENSG00000241939",1.24083708036752,1.31812413064272,1
"ENSG00000241945",1.20974832662363,1.14090987266168,1
"ENSG00000241973",1.2449162318226,1.11834269675976,1
"ENSG00000241975",1.71999607118654,1.46481018341635,1.32387318879086
"ENSG00000241990",1.22163801283092,1.13270508093325,1
"ENSG00000242013",1.4714181123662,1.09188977435148,1
"ENSG00000242028",1.1699496040013,1.03330653344157,1
"ENSG00000242068",1.4177730966142,1.41169071630387,1
"ENSG00000242071",1.43305991267947,1.24632817275533,1.17768665274482
"ENSG00000242086",1.21720325650157,1.11733755887269,1
"ENSG00000242094",1.24119422666661,1.20136928519043,1
"ENSG00000242125",1.12597458720409,1.19036128457844,1
"ENSG00000242247",1.09608680775912,1.26097971712014,1
"ENSG00000242259",1.17257524958844,1.07622993051458,1
"ENSG00000242262",1.25032693511836,1.31449714267007,1
"ENSG00000242294",1.10688652293408,1.19052307592156,1
"ENSG00000242299",1.22506530171493,1.25542722849905,1
"ENSG00000242324",1.66928769234527,1.55312814818845,1.1514851989726
"ENSG00000242372",1.05448750734978,1.09986550612095,1
"ENSG00000242445",1.47022075828515,1.28641422010755,1
"ENSG00000242477",1.51089900451213,1.32829725633163,1.08715959017509
"ENSG00000242485",1.30524681042133,1.25484659641731,1
"ENSG00000242498",1.53328295264633,1.06535926746159,1.08808798624569
"ENSG00000242539",1.29355678044528,1.17147670669973,1
"ENSG00000242588",1.35561695971193,1.15424148003671,1.05501923463122
"ENSG00000242622",1.36325583996477,1.24647195127092,1
"ENSG00000242687",1.10011725046268,1.02992382601947,1
"ENSG00000242689",1.52698378850255,1.15190071135336,1
"ENSG00000242802",1.34627714906808,1.2346153800527,1
"ENSG00000242999",1.80106042106129,1.53101423199068,1.36763630936748
"ENSG00000243064",1.17043166580505,1.13591263867628,1
"ENSG00000243147",1.23847436451585,1.19646643103216,1
"ENSG00000243175",1.47805575610907,1.46361446854065,1
"ENSG00000243199",1.29438394113602,1.343473796754,1
"ENSG00000243317",1.13150089475793,1.09437384433003,1
"ENSG00000243335",1.10327682392358,1.21261678798769,1
"ENSG00000243364",1.10325476651903,1.22826778333555,1
"ENSG00000243406",1.24718754309928,1.33336512730254,1
"ENSG00000243449",1.20521111234878,1.05934586686798,1
"ENSG00000243452",1.15386751799106,1.15534786575402,1
"ENSG00000243466",1.07646629358694,1.10343570099306,1
"ENSG00000243498",1.25852445425924,1.06362050041918,1
"ENSG00000243536",1.42932909418003,1.23421163843909,1
"ENSG00000243544",1.47992794272745,1.43649176800717,1
"ENSG00000243547",1.11436648903093,1.26709754283411,1
"ENSG00000243554",1.42993260687913,1.27035150061756,1
"ENSG00000243609",1.54898063735006,1.54396238110006,1.10476874643035
"ENSG00000243646",1.69405748875125,1.51481353732327,1.3477091995728
"ENSG00000243650",1.25576353871789,1.2642417290615,1
"ENSG00000243660",2.12278934682806,1.40193135152995,1.8401094958275
"ENSG00000243667",1.36079267874685,1.32296530800088,1
"ENSG00000243680",1.38432160634669,1.28683566243168,1
"ENSG00000243746",1.57784663105485,1.08473964918567,1.20190170569105
"ENSG00000243759",1.23767848261365,1.12388972025608,1
"ENSG00000243811",1.43664415342663,1.30174577669064,1
"ENSG00000243829",1.32895896427542,1.19042335933697,1
"ENSG00000243836",1.43049780339352,1.30879756981324,1
"ENSG00000243927",1.44808660332957,1.23556179181973,1.13387950036745
"ENSG00000243943",1.52820293716736,1.21344617870543,1.28212733476239
"ENSG00000243964",1.30237442806923,1.30641347882208,1
"ENSG00000244005",1.08536235434163,1.18394452614082,1
"ENSG00000244026",1.25407591821414,1.23764213915168,1
"ENSG00000244038",1.32280199423224,1.16637252579152,1
"ENSG00000244041",1.64127012217397,1.09931762939046,1.31021487000357
"ENSG00000244045",1.25722165893607,1.21801425177348,1
"ENSG00000244073",1.36394916447665,1.24448315275743,1
"ENSG00000244153",1.11027525911072,1.27524679722201,1
"ENSG00000244165",1.31548599605329,1.2636096136889,1
"ENSG00000244171",1.61031711609062,1.48877541715661,1.2551180574467
"ENSG00000244187",1.52504540137612,1.16894496802398,1.06941499622409
"ENSG00000244313",1.16543651139526,1.28260659666074,1
"ENSG00000244398",1.16033534840824,1.30040938599722,1
"ENSG00000244462",1.18913108924147,1.13059090705153,1
"ENSG00000244482",1.80043533370575,1.48315040974506,1.45061025862202
"ENSG00000244509",1.44167933100861,1.10825608122472,1
"ENSG00000244567",1.27672573700822,1.384705925504,1
"ENSG00000244617",1.71572995526116,1.55041860601561,1.31200112351087
"ENSG00000244625",1.34935891279512,1.1184320114206,1
"ENSG00000244627",1.36096524114586,1.31625801919369,1
"ENSG00000244642",1.53006192934371,1.15856716807776,1.185171262818
"ENSG00000244682",1.16415762390181,1.16716022695718,1
"ENSG00000244687",1.09658695843979,1.19182722689004,1
"ENSG00000244701",1.4038530619326,1.19630052547032,1
"ENSG00000244720",1.32117142275688,1.31053722021428,1
"ENSG00000244734",1.05874550962461,1.06329590388363,1
"ENSG00000244754",1.12519814361624,1.09011740599649,1
"ENSG00000244879",1.16122068773663,1.16956894399287,1
"ENSG00000245025",1.39465740044057,1.29432054657636,1
"ENSG00000245060",1.42256414094695,1.23199087600557,1.13328634850931
"ENSG00000245105",1.21738889008332,1.12748511636887,1
"ENSG00000245149",1.37271431183919,1.23972732306665,1
"ENSG00000245164",1.23874120318222,1.30227234732856,1
"ENSG00000245275",1.34242254563645,1.16193955749143,1
"ENSG00000245498",1.25496811954067,1.23763766576224,1
"ENSG00000245532",1.20286211189108,1.21058158852681,1
"ENSG00000245534",1.2197576852794,1.19471849435531,1
"ENSG00000245552",1.19061387643092,1.16736167589755,1
"ENSG00000245556",1.54689874077704,1.31619436299231,1.20096513694887
"ENSG00000245571",1.3249155561439,1.32644324796545,1
"ENSG00000245680",1.33563492489421,1.33130690023219,1
"ENSG00000245849",1.15671315360165,1.18585029115712,1
"ENSG00000245904",1.29709644096254,1.27618261573339,1
"ENSG00000245910",1.38694046408872,1.31180018281601,1
"ENSG00000245937",1.70195092121099,1.28938333029439,1.4061261948708
"ENSG00000245954",1.38549573612046,1.22581162480207,1
"ENSG00000245958",1.33393618061132,1.12274293564945,1.01840314279109
"ENSG00000246067",1.19188740985217,1.19844345396582,1
"ENSG00000246082",1.25660460430312,1.21291083922574,1
"ENSG00000246084",1.36889955101112,1.24958104665136,1
"ENSG00000246089",1.31993240514137,1.27289189562355,1
"ENSG00000246090",1.38155474576723,1.22857790968253,1
"ENSG00000246223",1.23360039343279,1.18116525131549,1
"ENSG00000246263",1.46050905235093,1.47290000360228,1.06541183523094
"ENSG00000246273",1.32533986306675,1.18193545259581,1
"ENSG00000246430",1.26306229864962,1.19100298861765,1
"ENSG00000246526",1.32137409547054,1.24689509360669,1
"ENSG00000246582",1.35911965457146,1.11195013398396,1
"ENSG00000246596",1.10989981811447,1.23641134098204,1
"ENSG00000246627",1.40638180208089,1.22296187715881,1
"ENSG00000246705",1.53019070450861,1.14713331389896,1.30381646890005
"ENSG00000246731",1.20654679482896,1.20134417501304,1
"ENSG00000246790",1.33049808712896,1.05689386705361,1
"ENSG00000246898",1.48628659883351,1.40328284413692,1
"ENSG00000246922",1.27217455912304,1.20818244056545,1
"ENSG00000247077",1.23438408574634,1.26641887137984,1
"ENSG00000247092",1.17347607096095,1.31838832204651,1
"ENSG00000247137",1.452834246193,1.19287531885167,1.08298141537263
"ENSG00000247240",1.11178179509794,1.2312515761682,1
"ENSG00000247271",1.08973799495062,1.15524062287791,1
"ENSG00000247287",1.44093973793187,1.33125788844099,1
"ENSG00000247400",1.9658217898585,1.35101534334973,1.66284762843357
"ENSG00000247556",1.34603687161417,1.26066741588188,1.03049698787938
"ENSG00000247570",1.46965200485749,1.61767656015584,1
"ENSG00000247572",1.38310750203369,1.29315915746364,1
"ENSG00000247596",1.2881005308797,1.31693388004189,1
"ENSG00000247624",1.35119463608129,1.41122457130408,1
"ENSG00000247626",1.56277197564319,1.33683438068512,1.23499585580367
"ENSG00000247708",1.48240790216273,1.25679471252168,1
"ENSG00000247774",1.45742163459935,1.30355077004109,1.14362261799477
"ENSG00000247828",1.1606628230695,1.25510023745816,1
"ENSG00000247982",1.34131849718809,1.18563726976286,1
"ENSG00000248019",1.3749493630148,1.34153076212449,1.03976116931377
"ENSG00000248049",1.46118772049887,1.33247800648521,1.08939742871636
"ENSG00000248092",1.39784986799115,1.43521009751166,1
"ENSG00000248124",1.38992737130151,1.35187552063006,1
"ENSG00000248166",1.82247947903019,1.42238746632212,1.36741882108792
"ENSG00000248175",1.13469250985065,1.1011554973542,1
"ENSG00000248180",1.21540606605246,1.22293955115756,1
"ENSG00000248208",1.27165851926728,1.17699227759964,1
"ENSG00000248275",1.12145791544621,1.15069611809515,1
"ENSG00000248309",1.37217521441027,1.29368390739792,1
"ENSG00000248323",1.80719179800186,1.58944412583853,1.44943671026135
"ENSG00000248333",1.53664893074949,1.28155142075613,1.2276763274712
"ENSG00000248334",1.45448682086491,1.18882068032485,1.07092015127108
"ENSG00000248429",1.13496158897548,1.15365794335889,1
"ENSG00000248445",1.30874758733114,1.22196804112694,1
"ENSG00000248476",1.45567930399365,1.26307617336773,1
"ENSG00000248483",1.18772198841081,1.08730519015734,1
"ENSG00000248487",1.59332784234979,1.20684660908746,1.18757209457796
"ENSG00000248489",1.46314884203683,1.02882273940901,1
"ENSG00000248508",1.17006747132191,1.22334608678102,1
"ENSG00000248697",1.56803688950902,1.51809742387432,1
"ENSG00000248712",2.19623331441937,1.62404322815342,1.69169210522754
"ENSG00000248734",1.40064581518278,1.13490437125978,1
"ENSG00000248774",1.23034352151331,1.29152201675222,1
"ENSG00000248791",1.13944221769738,1.13191191093185,1
"ENSG00000248810",1.16803635948818,1.04274578585095,1
"ENSG00000248863",1.67026045371224,1.27098101445141,1.28360800196299
"ENSG00000248905",1.15452630672176,1.12121016667147,1
"ENSG00000248932",1.15334169368574,1.17501969354901,1
"ENSG00000248966",1.24592847920951,1.18041630421328,1
"ENSG00000248971",1.11823649052378,1.30456574060079,1
"ENSG00000249087",1.70382758936485,1.26434971504247,1.31761511666883
"ENSG00000249096",1.94885275815364,1.48904266423841,1.59528803505448
"ENSG00000249115",1.47231733593611,1.21452600089327,1.01508313159973
"ENSG00000249129",1.0304311022931,1.18327718347676,1
"ENSG00000249138",1.7750116987788,1.59255160828399,1.32320871306729
"ENSG00000249212",1.52007225737801,1.16267296608555,1.02773504121856
"ENSG00000249245",1.52090743935612,1.33987670463644,1.20349118149028
"ENSG00000249264",1.29088024880346,1.2494298137655,1
"ENSG00000249286",1.65752601015437,1.24860592269313,1.29761538032036
"ENSG00000249353",1.45831590849544,1.29856659539795,1.17103748163283
"ENSG00000249437",1.15300744467985,1.22294258303057,1
"ENSG00000249471",1.06972674440914,1.22302665550565,1
"ENSG00000249476",1.40603558094199,1.26822628652192,1.08004169117445
"ENSG00000249485",1.43204250639853,1.33954055145052,1
"ENSG00000249565",1.44103348533074,1.16822952797767,1.14413643128997
"ENSG00000249592",1.16916520746462,1.15898740397371,1
"ENSG00000249662",1.35224409768249,1.58332789287636,1
"ENSG00000249673",1.25267965899062,1.09833384829224,1
"ENSG00000249709",1.23958519885884,1.32239752468951,1
"ENSG00000249790",1.19453108001434,1.0648390356007,1
"ENSG00000249806",1.65947523098919,1.25704286191369,1.25178871319314
"ENSG00000249825",1.32108838159784,1.16226942511083,1
"ENSG00000249850",1.29535152389823,1.32440973470581,1
"ENSG00000249855",1.05479301369054,1.31881563632399,1
"ENSG00000249859",1.44712002380648,1.27319886901343,1.10299105963056
"ENSG00000249863",1.93805379691228,1.43079320088784,1.54777805579003
"ENSG00000249915",1.15896498719013,1.13607210622597,1
"ENSG00000249936",1.56924116919135,1.43573415603252,1.27745576108052
"ENSG00000250130",1.43222018454348,1.33047059986964,1
"ENSG00000250182",1.06234273434641,1.28342351257931,1
"ENSG00000250303",1.29946399240095,1.07282445498764,1
"ENSG00000250312",1.08390785833236,1.19601879401613,1
"ENSG00000250317",1.19513362878454,1.30205690462897,1
"ENSG00000250321",1.21275482843558,1.38481645061063,1
"ENSG00000250334",1.39579895315912,1.16604737439965,1
"ENSG00000250361",1.13756534899741,1.02946966126614,1
"ENSG00000250461",1.11123534287413,1.11788509786554,1
"ENSG00000250479",1.62099515233576,1.15892059047036,1.26406868599177
"ENSG00000250492",1.0779257006046,1.35111527678411,1
"ENSG00000250510",1.21884444042299,1.26671233260627,1
"ENSG00000250539",1.15116024144487,1.07509117357145,1
"ENSG00000250565",1.19873926205356,1.11020154518066,1
"ENSG00000250568",1.02929867383817,1.12619649330835,1
"ENSG00000250569",1.03365806092546,1.24346097880327,1
"ENSG00000250571",1.28063355538732,1.1316088297682,1
"ENSG00000250608",1.35226880549481,1.2132303008546,1
"ENSG00000250616",1.77444667294056,1.48300107352728,1.44236566417265
"ENSG00000250696",1.55599965352546,1.02865460338825,1.24553152964825
"ENSG00000250859",1.33697804044856,1.33363779356637,1
"ENSG00000250878",1.43269019775677,1.24497024714674,1
"ENSG00000250889",1.28165249063513,1.15285635642921,1
"ENSG00000250896",1.43324662014397,1.12253223716924,1
"ENSG00000250903",1.06800243568027,1.18837385713616,1
"ENSG00000251002",1.84175526496663,1.3024890955629,1.49246077771592
"ENSG00000251022",1.34579439788451,1.23998783123971,1
"ENSG00000251023",1.15610746146488,1.15526456222738,1
"ENSG00000251034",1.28398673805643,1.2220800396906,1
"ENSG00000251136",1.1575698606238,1.23136153398399,1
"ENSG00000251192",1.24087839765542,1.37350348794435,1
"ENSG00000251194",1.35961153126065,1.10397612005194,1
"ENSG00000251215",1.33455322888641,1.2061213221345,1
"ENSG00000251247",1.49844429608135,1.38600990603939,1.10932512497817
"ENSG00000251301",1.20168855017085,1.22858345725739,1
"ENSG00000251333",1.72228120133439,1.5966012122764,1.24938019866695
"ENSG00000251364",1.05841362187223,1.08294541189043,1
"ENSG00000251369",1.44647211737361,1.2992811958754,1.1134464543247
"ENSG00000251432",1.22340014769299,1.17433228904728,1
"ENSG00000251441",1.65481858825728,1.44147336181575,1.33059962747212
"ENSG00000251442",1.21089431275843,1.35881369394753,1
"ENSG00000251474",1.4272040937368,1.11629035239594,1.20303374311898
"ENSG00000251562",1.35983219285317,1.18810778145378,1
"ENSG00000251571",1.58865710142765,1.44613012056206,1.10426610966916
"ENSG00000251593",1.56487825670518,1.3288669952501,1.20736139592448
"ENSG00000251606",1.11053164779804,1.15785351677062,1
"ENSG00000251661",1.35992144454854,1.31903241086017,1
"ENSG00000251667",1.34111268285675,1.15511171748355,1
"ENSG00000251682",1.20991648835152,1.24010785317898,1
"ENSG00000251791",1.0793355708115,1.16620939770825,1
"ENSG00000251992",1.35024019758316,1.22088585435817,1
"ENSG00000252010",1.07166271233817,1.16550255643723,1
"ENSG00000252139",1.43682811965091,1.19018011018132,1.12675352481094
"ENSG00000252391",1.49591403795499,1.19782378018176,1.13394872982123
"ENSG00000252481",1.19862432805448,1.05202383009401,1
"ENSG00000252498",1.21180670802513,1.02769816936725,1
"ENSG00000252690",1.52491234455191,1.21571590540462,1.17703873953673
"ENSG00000252759",1.22849069152917,1.27116065863309,1
"ENSG00000252835",1.04403503053512,1.1571661255527,1
"ENSG00000252906",1.70779818872084,1.35475190977114,1.32572356145914
"ENSG00000253106",1.02318273076113,1.07646871642117,1
"ENSG00000253144",1.27662003182083,1.13875861356824,1
"ENSG00000253200",1.3959367770059,1.34320547467109,1
"ENSG00000253210",1.29337601747635,1.38847379425694,1
"ENSG00000253251",1.18255244684668,1.24992164630289,1
"ENSG00000253276",1.09148835950804,1.2637034956464,1
"ENSG00000253307",1.45613499601678,1.43534987588507,1
"ENSG00000253341",1.355006886977,1.12174923811538,1
"ENSG00000253352",1.16929471067302,1.1999170844228,1
"ENSG00000253372",1.54851883154466,1.16333953969316,1.22666215325024
"ENSG00000253522",1.36192340463121,1.31848745942271,1
"ENSG00000253558",1.47053647157711,1.1625421826188,1
"ENSG00000253570",1.05299145427177,1.13731761511488,1
"ENSG00000253616",1.30824610302111,1.5770097905499,1
"ENSG00000253626",1.45318686657323,1.06162470834959,1.10674540226776
"ENSG00000253636",1.38775420926687,1.17379175817811,1
"ENSG00000253676",2.09626694287469,1.464989497445,1.79795229353859
"ENSG00000253683",1.27457151893543,1.30001318692478,1
"ENSG00000253710",1.25033492815471,1.23610192873306,1
"ENSG00000253719",1.36068148680913,1.27904797322122,1
"ENSG00000253729",1.17587739681187,1.1797525912032,1
"ENSG00000253738",1.22467606443083,1.26898534727832,1
"ENSG00000253797",1.41886363620894,1.25508487821333,1.14305637119688
"ENSG00000253919",1.59061200411053,1.28823954949041,1.20053956048258
"ENSG00000253954",1.27858318575581,1.25576446923556,1
"ENSG00000253981",1.48456017665458,1.54213214193734,1
"ENSG00000253982",1.0509271246858,1.12862738203666,1
"ENSG00000254004",1.3022620834193,1.35752078787271,1
"ENSG00000254017",1.547380996851,1.23509304277274,1.16538021772301
"ENSG00000254087",1.6745459886997,1.59414168122222,1.25180327175321
"ENSG00000254093",1.47649671839074,1.21404357709745,1
"ENSG00000254184",1.26363096574164,1.17479994486468,1
"ENSG00000254325",1.74445388469605,1.39825170204809,1.39167755697199
"ENSG00000254332",1.35484337185644,1.16083139000151,1
"ENSG00000254463",1.03435956144021,1.24164090692881,1
"ENSG00000254469",1.20184796818507,1.20107280800236,1
"ENSG00000254470",1.73031135818499,1.46546784918124,1.4112748298823
"ENSG00000254505",1.3826090313466,1.27558817043211,1
"ENSG00000254556",1.18125271508683,1.21141164766227,1
"ENSG00000254598",1.3216047354448,1.02948027107995,1
"ENSG00000254612",1.39882359221369,1.33216386412372,1.03242525529348
"ENSG00000254614",1.36388223436118,1.10828621694803,1
"ENSG00000254635",1.19071569084129,1.0315994916696,1
"ENSG00000254676",1.10645159394574,1.04563028902578,1
"ENSG00000254685",1.22371406878201,1.13776719252051,1
"ENSG00000254719",1.4859823481568,1.31116423839676,1.0885870851549
"ENSG00000254750",1.49586305857432,1.2597875145149,1
"ENSG00000254783",1.73179017443315,1.15820730071911,1.31732175097543
"ENSG00000254826",1.68763522809115,1.55619715388642,1.18209123047365
"ENSG00000254838",1.19018507731878,1.215527744024,1
"ENSG00000254858",1.11812858650909,1.26913263688954,1
"ENSG00000254860",1.39912915646626,1.21101404516401,1
"ENSG00000254876",1.43975734927805,1.25205951961829,1
"ENSG00000254887",1.20991288622839,1.25964414492371,1
"ENSG00000254893",1.11389226023074,1.09985620084864,1
"ENSG00000254901",1.46977065266577,1.34483418660161,1
"ENSG00000254911",1.18836172200186,1.19840547260062,1
"ENSG00000254986",1.11200093451416,1.1289818081319,1
"ENSG00000254995",1.44450918927788,1.32597013575051,1
"ENSG00000254996",1.35320580387557,1.13411165865372,1
"ENSG00000254999",1.04920572373483,1.09194642764312,1
"ENSG00000255026",1.10923362839235,1.19722941147764,1
"ENSG00000255031",1.88513588519857,1.43643265970346,1.56713370015169
"ENSG00000255112",1.43290881712322,1.41803492081054,1.09816697841751
"ENSG00000255121",1.23073477619704,1.31918208675742,1
"ENSG00000255150",1.10479095474869,1.11528232983836,1
"ENSG00000255163",1.46281253257635,1.55028702748407,1
"ENSG00000255197",1.4774844500203,1.44905194914178,1
"ENSG00000255198",1.221072032295,1.08961624550642,1
"ENSG00000255284",1.20679644404979,1.19280242173164,1
"ENSG00000255302",1.45384456203065,1.27510104224509,1.21048880163666
"ENSG00000255310",1.29220996521209,1.29438261265825,1
"ENSG00000255389",1.16425010664749,1.15309036029736,1
"ENSG00000255398",1.5245556571619,1.45404835105259,1.18749683562585
"ENSG00000255423",1.40112912586774,1.24469774793178,1
"ENSG00000255455",1.06892778493642,1.12768406993695,1
"ENSG00000255529",1.45622641041158,1.29810636687172,1.16506103557745
"ENSG00000255559",1.32433405132933,1.2566467537373,1
"ENSG00000255587",1.63545724933593,1.11536627620679,1.292219939973
"ENSG00000255624",1.40981888675504,1.34318712189956,1
"ENSG00000255642",1.23570061797589,1.17329643384658,1
"ENSG00000255717",1.22289806894836,1.2900640952089,1
"ENSG00000255725",1.17717448148922,1.15394853112818,1
"ENSG00000255733",1.20583809134237,1.19205901980005,1
"ENSG00000255776",1.21215158974377,1.25630921514901,1
"ENSG00000255801",1.62606903855891,1.45007195447155,1.26376371433488
"ENSG00000255819",1.59933455937773,1.35207877375378,1.16708733859819
"ENSG00000255837",1.42189545357633,1.12748629521734,1
"ENSG00000255883",1.62651987588404,1.25048772751019,1.2386804957118
"ENSG00000255893",1.07364828852063,1.15857133889025,1
"ENSG00000255967",1.37069311894071,1.02742130059552,1
"ENSG00000255987",1.40194571088819,1.3049057773493,1
"ENSG00000255989",1.6822835784317,1.31696683942497,1.28947018457456
"ENSG00000256018",1.43977356631016,1.21997980410921,1
"ENSG00000256039",1.34868710799509,1.2173582202841,1
"ENSG00000256043",1.44958064479885,1.29264607210683,1.18943272394393
"ENSG00000256053",1.33986766943933,1.27788680762217,1
"ENSG00000256060",1.23975301467978,1.08544055983896,1
"ENSG00000256087",1.27140735954947,1.27647161076168,1
"ENSG00000256128",1.24760906205389,1.19261179433219,1
"ENSG00000256188",1.32860904389807,1.23098567654957,1
"ENSG00000256210",1.38269769990533,1.10980029959704,1
"ENSG00000256211",1.31155068608824,1.06988977194401,1
"ENSG00000256223",1.23166532427931,1.30799307924682,1
"ENSG00000256229",1.41064654377123,1.34316962357517,1.09121170734714
"ENSG00000256238",1.4992108292923,1.06503151748447,1.11794328533152
"ENSG00000256269",1.12929683796489,1.07345123240063,1
"ENSG00000256274",1.14842293994633,1.23100285253512,1
"ENSG00000256294",1.5873880649472,1.22347799270974,1.29532956826217
"ENSG00000256304",1.42354128859564,1.25655962521236,1
"ENSG00000256316",1.12760349622076,1.22573081192341,1
"ENSG00000256356",1.27342690081035,1.05638294893698,1
"ENSG00000256436",1.32380804800814,1.19111931435349,1
"ENSG00000256448",1.63674407483848,1.39866870821174,1.24406571489723
"ENSG00000256464",1.38276597430581,1.29500853349988,1
"ENSG00000256525",1.35394974570506,1.31873874636492,1
"ENSG00000256576",1.43391515307596,1.2311438122468,1
"ENSG00000256594",1.50139633124268,1.23848551350749,1.27424216750794
"ENSG00000256628",1.13583768411428,1.21758132788027,1
"ENSG00000256660",1.20343470697677,1.07593393492471,1
"ENSG00000256667",1.33606341679628,1.30178726677851,1
"ENSG00000256683",1.19732675306803,1.23504511871115,1
"ENSG00000256712",1.24690234825138,1.25223247608625,1
"ENSG00000256720",1.21923000994604,1.15970212507144,1
"ENSG00000256745",1.34483282909951,1.21687119793084,1
"ENSG00000256751",1.90771809540236,1.49681977766413,1.43798426837333
"ENSG00000256771",1.42054903457439,1.25984437236813,1
"ENSG00000256804",1.70708145062667,1.35886208528267,1.31981285995963
"ENSG00000256812",1.58495925490953,1.54962302206615,1.07808779869394
"ENSG00000256937",1.22621502284592,1.14747402873135,1
"ENSG00000256981",1.48312550340593,1.23348412615557,1.14445479698318
"ENSG00000257017",1.23540685533472,1.29200433382653,1
"ENSG00000257027",1.42783180100055,1.15053155523375,1.20167672079569
"ENSG00000257043",1.42731644580463,1.24066434753657,1
"ENSG00000257093",1.42419588524493,1.23497116724291,1.14376483966801
"ENSG00000257103",1.22218626255062,1.05906195973904,1
"ENSG00000257122",1.23674974556373,1.05653852609995,1
"ENSG00000257151",1.31435607645721,1.25131177945287,1
"ENSG00000257167",1.55916468498198,1.30684720670849,1.14465935885053
"ENSG00000257176",1.35682091248757,1.10665649496475,1
"ENSG00000257218",1.45047071783911,1.21100806106641,1.14919217325814
"ENSG00000257221",1.63252698344185,1.02457059830074,1.10820052857565
"ENSG00000257242",1.13526062957115,1.1293150358411,1
"ENSG00000257261",1.28958780050384,1.21025792972795,1
"ENSG00000257267",1.15493507415665,1.19999909143239,1
"ENSG00000257315",1.44101910066298,1.22694034803465,1.21172295748685
"ENSG00000257365",1.25374223030069,1.19044239072178,1
"ENSG00000257433",1.25006219762719,1.30252568055675,1
"ENSG00000257499",1.70185475524638,1.25539760747806,1.29734492906764
"ENSG00000257511",1.43278726981009,1.36561863087688,1
"ENSG00000257621",1.36515942592057,1.20863369626322,1.1182806418757
"ENSG00000257704",1.47615696372399,1.36988836527183,1
"ENSG00000257727",1.24968505104777,1.32725688291375,1
"ENSG00000257742",1.32207493680437,1.26422582954447,1
"ENSG00000257743",1.29543969195995,1.52527928307164,1
"ENSG00000257790",1.17757060195294,1.20395547229868,1
"ENSG00000257815",1.3534358285653,1.09205148794626,1
"ENSG00000257878",1.47624468925175,1.63181042107112,1
"ENSG00000257923",1.42722214904781,1.27949678391875,1.14704355074224
"ENSG00000258033",1.31337122408781,1.31263061055223,1
"ENSG00000258056",1.38843502864627,1.27846371061531,1
"ENSG00000258082",1.14397041685233,1.54627477832494,1
"ENSG00000258111",1.53924061886596,1.234676787073,1.13300730613299
"ENSG00000258128",1.21012353367211,1.09060638083213,1
"ENSG00000258215",1.44665408851663,1.80228079645412,1
"ENSG00000258227",1.19907804139277,1.247164857599,1
"ENSG00000258289",1.13073069424852,1.05989294782344,1
"ENSG00000258297",1.11500110080588,1.25028638699711,1
"ENSG00000258301",1.02910953148487,1.24494817097438,1
"ENSG00000258427",1.25643595364871,1.07688165679923,1
"ENSG00000258441",1.3356838852525,1.24618974641404,1
"ENSG00000258469",1.12020698923634,1.09060149018646,1
"ENSG00000258476",1.54559745488317,1.44817704026168,1.10589184143803
"ENSG00000258486",1.51367325719845,1.19008170744672,1.21285362311317
"ENSG00000258501",1.24515443537227,1.0809723751205,1
"ENSG00000258565",1.73683856563362,1.52018471402022,1.26409418555205
"ENSG00000258629",1.65959595644284,1.31386433816085,1.24811842404658
"ENSG00000258634",1.3879693603488,1.25976559061773,1
"ENSG00000258704",1.14943945036662,1.16530840691274,1
"ENSG00000258727",1.18844339317348,1.20797908834231,1
"ENSG00000258733",1.35590642737925,1.38314478980424,1
"ENSG00000258738",2.26453228613927,1.49451385733956,1.85889661734259
"ENSG00000258741",1.44301360222294,1.2105595657693,1
"ENSG00000258819",1.05540003270616,1.37867965006456,1
"ENSG00000258839",1.08856467237894,1.20158049150249,1
"ENSG00000258867",1.3162505924876,1.15551713563994,1
"ENSG00000258875",1.25915010532486,1.14385806469763,1
"ENSG00000258890",1.39580076662879,1.31804564218945,1
"ENSG00000258900",1.31258377796345,1.07157168545827,1
"ENSG00000258929",1.5741516864275,1.19411822760849,1.1978855725024
"ENSG00000258944",1.81467184742076,1.51916126309804,1.38477773555634
"ENSG00000259000",1.2723593347369,1.26081919379957,1
"ENSG00000259001",1.33397226214443,1.20088579605149,1
"ENSG00000259049",1.08323291288105,1.25973304983172,1
"ENSG00000259051",1.29409385169323,1.23439863496006,1
"ENSG00000259144",1.69224604071646,1.638368907635,1.19391616972923
"ENSG00000259207",1.31507545713531,1.1024908636762,1
"ENSG00000259330",1.13058892001673,1.18846518415534,1
"ENSG00000259377",1.1773171953333,1.15465536493805,1
"ENSG00000259379",1.73631601966382,1.51040729956382,1.35042922672889
"ENSG00000259431",1.17410121181286,1.20596667918215,1
"ENSG00000259448",1.69087671369685,1.40201021178454,1.33277495516577
"ENSG00000259453",1.61551239361415,1.14110103662937,1.32296176623929
"ENSG00000259494",1.293336267441,1.28884213582601,1
"ENSG00000259531",1.8139111461888,1.23305603756263,1.43553870808151
"ENSG00000259581",1.28642646404844,1.19617862077942,1
"ENSG00000259600",1.75178024253314,1.60625073171964,1.3148397604852
"ENSG00000259623",1.48880068123716,1.28623426484938,1.18531521414069
"ENSG00000259626",1.96611820669217,1.71371687735552,1.47357203194651
"ENSG00000259651",1.61573332149235,1.5959996721007,1.16745774529177
"ENSG00000259660",1.49888924424288,1.27543520142618,1.15973526140357
"ENSG00000259671",1.83574616561168,1.61311458590908,1.37555864897013
"ENSG00000259673",1.33390052866943,1.27301087299372,1
"ENSG00000259706",1.39308815099057,1.21975287675841,1
"ENSG00000259758",1.42483771260126,1.2488796374711,1.18862418071614
"ENSG00000259781",1.06936558773806,1.22646251092373,1
"ENSG00000259820",1.46377895229835,1.30110621828855,1.11616223924303
"ENSG00000259834",1.48691735134054,1.31186114365147,1.15258177871205
"ENSG00000259856",1.521175027397,1.49561198845852,1
"ENSG00000259865",1.23183828981337,1.26284758213056,1
"ENSG00000259877",1.37593771683592,1.2457404378085,1
"ENSG00000259891",1.32066585076338,1.14037784103806,1
"ENSG00000259917",1.07331191363525,1.06451928201513,1
"ENSG00000259924",1.32585812813405,1.23652028650669,1
"ENSG00000259926",1.32131768068739,1.16044057301147,1
"ENSG00000259935",1.44772267303437,1.23539919775236,1
"ENSG00000259943",1.25747487522694,1.21352326014507,1
"ENSG00000259948",1.27594552962971,1.40577731492424,1
"ENSG00000259953",1.29071480534107,1.15549456107013,1
"ENSG00000259959",1.39418194524732,1.10929038165779,1.04097871964797
"ENSG00000259962",1.83226364441289,1.56960663686782,1.36698904120179
"ENSG00000259972",1.32288522777628,1.17310231652164,1
"ENSG00000259976",1.67481900032414,1.26359499277955,1.36745570878555
"ENSG00000260006",1.41536462648441,1.11852502380413,1
"ENSG00000260032",1.05317204045134,1.16358682553431,1
"ENSG00000260054",1.31461383637868,1.22285474810747,1
"ENSG00000260065",1.19946045645447,1.04988174787556,1
"ENSG00000260078",1.39559470036734,1.33602592696751,1
"ENSG00000260083",1.15753801543884,1.33805128048065,1
"ENSG00000260093",1.36423339572202,1.12519884185461,1
"ENSG00000260114",1.28591812235908,1.19786274575703,1
"ENSG00000260231",1.29740764653727,1.0992256904543,1
"ENSG00000260236",1.55137503516089,1.1987836211115,1.06412649676113
"ENSG00000260257",1.62138867605553,1.30055910533093,1.34134866619847
"ENSG00000260267",1.23616199410478,1.1983108701663,1
"ENSG00000260290",1.38956292540772,1.17942187876407,1
"ENSG00000260336",1.32611211851135,1.2080844718443,1
"ENSG00000260359",1.401610154005,1.51165994792719,1
"ENSG00000260368",1.41800791154409,1.22745791954739,1
"ENSG00000260401",1.59778226770156,1.03474110201963,1.21034239610301
"ENSG00000260452",1.59236559224033,1.59796494290267,1.10102577878251
"ENSG00000260461",1.6072015217932,1.10818666091385,1.21210769075505
"ENSG00000260482",1.16280666480946,1.1080955613574,1
"ENSG00000260490",1.41292409135785,1.09698356582834,1
"ENSG00000260495",1.14038885444969,1.23939056254084,1
"ENSG00000260517",1.18093985823105,1.23378970229049,1
"ENSG00000260521",1.53083157783642,1.26342846535669,1.2423685520339
"ENSG00000260528",1.62784031952182,1.43481275850162,1.27027366063353
"ENSG00000260534",1.19912330948985,1.09722022824305,1
"ENSG00000260539",1.20687140020241,1.13083840212935,1
"ENSG00000260563",1.30173202028688,1.37776080708032,1
"ENSG00000260565",1.11354005112521,1.18105245256799,1
"ENSG00000260592",1.31451469110341,1.08669922112443,1
"ENSG00000260630",1.34405708637827,1.25099027161895,1
"ENSG00000260682",1.63928290313111,1.47223479600018,1.33598450684314
"ENSG00000260686",1.07349721765203,1.2002919754473,1
"ENSG00000260711",1.32793861236104,1.34318331192837,1
"ENSG00000260719",1.5070339593674,1.20265762075787,1
"ENSG00000260747",1.30866006678807,1.26433885251492,1
"ENSG00000260766",1.52543258445237,1.24125807035037,1
"ENSG00000260804",1.03835042854441,1.19229044207236,1
"ENSG00000260822",1.32850785237157,1.38322113889166,1
"ENSG00000260837",1.44705068368734,1.32733298500026,1
"ENSG00000260841",1.37184422925649,1.20363761161128,1
"ENSG00000260916",1.51183903308937,1.50084392954867,1.1275889467041
"ENSG00000260917",1.33658572602908,1.02646757512383,1
"ENSG00000260936",1.30385145457776,1.25864947711641,1
"ENSG00000260940",1.23910844783058,1.34904237804941,1
"ENSG00000260942",1.06415290821067,1.12173919646033,1
"ENSG00000260966",1.57408467144866,1.20930639345713,1.21578479166739
"ENSG00000261005",1.31979241087193,1.30109995301066,1
"ENSG00000261069",1.23618893616522,1.15538406742198,1
"ENSG00000261072",1.37798797703891,1.27213143796433,1
"ENSG00000261087",1.2438888160985,1.23291435728688,1
"ENSG00000261094",1.25208459084092,1.15584284347483,1
"ENSG00000261098",1.3462468192931,1.24517587479719,1
"ENSG00000261136",1.01883441155443,1.23579250308932,1
"ENSG00000261167",1.53374245918356,1.34531386318377,1.11616560168352
"ENSG00000261208",1.41458378919819,1.25149026091228,1
"ENSG00000261222",1.28903062322344,1.09278697558593,1
"ENSG00000261226",1.62631969711667,1.32088410627171,1.23070326814618
"ENSG00000261229",1.11317298997654,1.5476634607803,1
"ENSG00000261254",1.42219708763494,1.35488988310653,1
"ENSG00000261324",1.05811722799777,1.10758417586302,1
"ENSG00000261326",1.32946632779688,1.29598504573752,1
"ENSG00000261338",1.61977197715857,1.34454865117807,1.32399378563362
"ENSG00000261355",1.35797807387513,1.25589972320322,1
"ENSG00000261360",1.63637102064044,1.33001740401018,1.19349365623445
"ENSG00000261366",1.3696024860126,1.25486073976184,1
"ENSG00000261423",1.39796096181491,1.23948920545407,1
"ENSG00000261428",1.28322295157181,1.1759493822727,1
"ENSG00000261438",1.61785748413153,1.32221899127027,1.32491534735513
"ENSG00000261451",1.48989876918587,1.27215491905945,1.08714181144945
"ENSG00000261455",1.15663207787418,1.16296445145153,1
"ENSG00000261461",1.29255940526646,1.36417746167479,1
"ENSG00000261468",1.44248127966063,1.41453926890286,1.11734704170529
"ENSG00000261471",2.18081458629941,1.56315357421532,1.72237944964311
"ENSG00000261485",1.32729540195966,1.13455604645091,1
"ENSG00000261490",1.50756298090877,1.30119579900432,1.28713048039424
"ENSG00000261526",1.46933677145004,1.32867813457881,1
"ENSG00000261529",1.1868157736836,1.28287718913285,1
"ENSG00000261542",1.5395844126473,1.1920340861943,1.08072894970165
"ENSG00000261549",1.43774232549751,1.11233432706275,1
"ENSG00000261556",1.42129441217077,1.31906453986904,1
"ENSG00000261589",1.44020178400525,1.28676084617726,1
"ENSG00000261596",1.61559513915057,1.35482427638374,1.25212042604239
"ENSG00000261609",1.38828970326581,1.27562762847253,1
"ENSG00000261614",1.21109487246424,1.13264846760837,1
"ENSG00000261662",1.53149478593421,1.26338364420674,1.1145006489756
"ENSG00000261716",1.18524327766419,1.37181425119645,1
"ENSG00000261770",1.29780497880601,1.20926551531951,1
"ENSG00000261799",1.06488923017775,1.09292216883573,1
"ENSG00000261801",1.54719427696429,1.20175689465126,1.08359518946464
"ENSG00000261804",1.56024875267549,1.43602655738342,1.18348047966467
"ENSG00000261819",1.2093766276449,1.34079050042066,1
"ENSG00000261824",1.36350976714672,1.20787308884307,1
"ENSG00000261884",1.79321724887313,1.35883438322792,1.49610393354695
"ENSG00000261971",1.25744235913375,1.14071931613617,1
"ENSG00000261997",1.66132472281156,1.39082516459999,1.35001458648257
"ENSG00000262001",1.2052984601507,1.37062184362259,1
"ENSG00000262049",1.31907182103852,1.09446114230022,1
"ENSG00000262246",1.49284095126217,1.31651452550102,1.20414085545412
"ENSG00000262251",1.08385324941892,1.23042627291931,1
"ENSG00000262370",1.27297782179579,1.37512934268863,1
"ENSG00000262514",1.25486673579686,1.23319283267574,1
"ENSG00000262580",1.18018145373318,1.16118152419035,1
"ENSG00000262714",1.37597680706411,1.39986866489604,1
"ENSG00000262758",1.32263059742955,1.08089082260013,1
"ENSG00000262766",1.63484497996859,1.37916543657356,1.177670516744
"ENSG00000262879",1.1966804271624,1.24432182808177,1
"ENSG00000262944",1.52185969366314,1.4902364029065,1.18073328589557
"ENSG00000263002",1.28303632666052,1.29760940733341,1
"ENSG00000263013",1.2063738644234,1.21287727799602,1
"ENSG00000263072",1.13110757023979,1.2573307570254,1
"ENSG00000263244",1.5524920365085,1.43139322663062,1.27565615264354
"ENSG00000263264",1.07928086518822,1.06892848096919,1
"ENSG00000263276",1.14323691376052,1.15825849872937,1
"ENSG00000263320",1.33891011647437,1.32898688777075,1
"ENSG00000263327",1.21594810035669,1.19720379439372,1
"ENSG00000263335",1.87525071513582,1.27517184516381,1.4577826469816
"ENSG00000263391",1.72207135774778,1.43806230728559,1.39306104211996
"ENSG00000263606",1.21744891179725,1.19144933098948,1
"ENSG00000263648",1.29521779961174,1.44837257613034,1
"ENSG00000263731",1.42304403724916,1.18852164264498,1
"ENSG00000263740",1.29331442002356,1.12221351073074,1
"ENSG00000263753",1.31992566878136,1.23124280295187,1
"ENSG00000263766",1.71252087669481,1.42021575177156,1.23653643728664
"ENSG00000263843",1.47926987778719,1.2854812615761,1
"ENSG00000263874",1.3539557258603,1.09946014334266,1
"ENSG00000263883",1.50226118062804,1.39805669724946,1
"ENSG00000263934",1.16200217490618,1.07876100710548,1
"ENSG00000264063",1.15814304883566,1.16242134543663,1
"ENSG00000264112",1.41795711266725,1.26739918548695,1.15535692815899
"ENSG00000264198",1.13926491930088,1.27244431206327,1
"ENSG00000264247",1.10383136945374,1.10071694771074,1
"ENSG00000264364",1.29104507327396,1.08516981083604,1
"ENSG00000264456",1.44694281513582,1.20917406418821,1
"ENSG00000264462",1.09647363818448,1.09784591308782,1
"ENSG00000264469",1.49954767557575,1.24762770467549,1.19108115428495
"ENSG00000264508",2.12074342003677,1.45833513513635,1.73550727040628
"ENSG00000264538",1.0955022797108,1.20407576943052,1
"ENSG00000264584",2.15624041827696,1.50528126186595,1.78351401823974
"ENSG00000264663",1.25006663024639,1.30748764151394,1
"ENSG00000264853",1.49631649328154,1.23222911574569,1.22378383569256
"ENSG00000264868",1.60033776508989,1.53176418412894,1.26031273688323
"ENSG00000264895",1.34748493491721,1.06004478641311,1
"ENSG00000265148",1.40217121593874,1.1828196181708,1.08296141658433
"ENSG00000265150",1.4456640651774,1.15503002899522,1.12387075040213
"ENSG00000265206",1.39423927631766,1.17419480952713,1.14772204279508
"ENSG00000265273",1.39666101189081,1.46563401766269,1
"ENSG00000265401",1.0924524053694,1.13408697289355,1
"ENSG00000265574",1.21261197546565,1.16104549720264,1
"ENSG00000265625",1.69672865483477,1.45029841055111,1.37566319977917
"ENSG00000265666",1.83907229277661,1.58050247712947,1.33860153822607
"ENSG00000265681",1.35356802702204,1.34410359251048,1
"ENSG00000265727",1.18208528989956,1.07652041880225,1
"ENSG00000265735",1.36433442113781,1.16386638779052,1.08718458746524
"ENSG00000265996",1.50394425176228,1.50318140351292,1
"ENSG00000266017",1.195324088155,1.31621676959643,1
"ENSG00000266019",1.06200439464417,1.29993644348863,1
"ENSG00000266037",1.3057841012474,1.11754466586904,1
"ENSG00000266053",1.14278109672179,1.11243221986698,1
"ENSG00000266066",1.35167717885966,1.20611628308094,1
"ENSG00000266127",1.64136425595153,1.35857066545735,1.27314765577578
"ENSG00000266173",1.43385818157073,1.18636152146462,1.06104047113909
"ENSG00000266282",1.1614705933805,1.05973889893629,1
"ENSG00000266402",1.16095768080093,1.08926502513594,1
"ENSG00000266405",1.36633246596493,1.29514731654144,1
"ENSG00000266613",1.54184727029059,1.4112956042186,1
"ENSG00000266709",1.24649182414643,1.17689170626844,1
"ENSG00000266714",1.3129203238243,1.13327538409696,1
"ENSG00000266753",1.41047628323069,1.43590393258358,1
"ENSG00000266900",1.19103243146215,1.13755697448069,1
"ENSG00000266947",1.48414661462456,1.25514918797436,1.14756528284507
"ENSG00000266962",1.31357020247613,1.03537535284459,1
"ENSG00000266998",1.26841376144093,1.25043789673639,1
"ENSG00000267002",1.38315304912363,1.24816949900522,1
"ENSG00000267009",1.06072443185996,1.35314127118913,1
"ENSG00000267010",1.05084207742801,1.23157029606977,1
"ENSG00000267040",1.28478558014575,1.32805555715899,1
"ENSG00000267041",1.16125079373961,1.31312250304343,1
"ENSG00000267074",1.33387530904583,1.28856271411603,1
"ENSG00000267080",1.12737520725147,1.07556355488053,1
"ENSG00000267083",1.43344458318739,1.2539583455816,1
"ENSG00000267100",1.40483789803503,1.28028570312691,1
"ENSG00000267102",1.38588243294587,1.04083589338613,1
"ENSG00000267106",1.17310844752395,1.21328226253766,1
"ENSG00000267121",1.51258354753108,1.29164347720783,1.26275595711691
"ENSG00000267152",1.3137373315831,1.36198421478456,1
"ENSG00000267169",1.15294004856825,1.19273865720953,1
"ENSG00000267174",1.53803207389684,1.46203322254374,1
"ENSG00000267185",1.02755768417682,1.13975977035323,1
"ENSG00000267194",1.1983883408441,1.29543546437932,1
"ENSG00000267216",1.45076922359875,1.1058881524506,1
"ENSG00000267274",1.41954023895214,1.16417362762031,1
"ENSG00000267278",1.31375481330571,1.30108252562212,1
"ENSG00000267283",1.56577339928107,1.31019034571397,1.12743097066862
"ENSG00000267312",1.55126947229785,1.30741374764504,1.19874120409043
"ENSG00000267321",1.28797291227327,1.11850824471171,1
"ENSG00000267322",1.55562242047273,1.21040610591451,1.04881666769852
"ENSG00000267350",1.31174048801217,1.29821032286497,1
"ENSG00000267364",1.11190845899494,1.48603522791339,1
"ENSG00000267365",1.49477248425928,1.49338156513565,1
"ENSG00000267419",1.23233955197606,1.30579861199139,1
"ENSG00000267422",1.18849653916667,1.33212577239076,1
"ENSG00000267427",1.13554698897051,1.39305494599114,1
"ENSG00000267430",1.3994185260459,1.41258626640919,1
"ENSG00000267481",1.21669225660754,1.148871929454,1
"ENSG00000267519",2.24888508521493,1.37562168041429,1.95821693123888
"ENSG00000267533",1.29953813980948,1.28796024773227,1
"ENSG00000267554",1.18915508811878,1.32005052746721,1
"ENSG00000267575",1.17251331244411,1.18789844853911,1
"ENSG00000267680",1.31651826361303,1.15822045111699,1
"ENSG00000267701",1.48149326257721,1.24920339400803,1.07609098158698
"ENSG00000267702",1.01613986987527,1.06341563066023,1
"ENSG00000267731",1.24125556181653,1.29065038510468,1
"ENSG00000267742",1.36564121158596,1.30064518717391,1
"ENSG00000267796",1.46102941864339,1.1639779434557,1
"ENSG00000267809",1.27566486242809,1.19286042503747,1
"ENSG00000267858",1.12804776274007,1.18242221917434,1
"ENSG00000267940",1.45495931425282,1.40027417612501,1
"ENSG00000268001",1.05497021606097,1.20932807590877,1
"ENSG00000268006",1.23443669333153,1.20886302900159,1
"ENSG00000268027",1.35151377233686,1.3178834467786,1
"ENSG00000268032",1.74888780513109,1.09672452070568,1.38900103620008
"ENSG00000268034",1.34169659591684,1.32920925063599,1
"ENSG00000268172",1.12429641055252,1.11737009324433,1
"ENSG00000268205",1.33961001932557,1.28377109328399,1
"ENSG00000268362",1.31739014954696,1.14683714335855,1
"ENSG00000268412",1.29122337094926,1.16193566615512,1
"ENSG00000268471",1.16680098940017,1.21505696743213,1
"ENSG00000268516",1.27982330403912,1.32625426547878,1
"ENSG00000268521",1.52043986781244,1.13368800401088,1.14769766880527
"ENSG00000268555",1.413729818242,1.11075379921549,1.04809617818164
"ENSG00000268573",1.05122359587276,1.24304901939255,1
"ENSG00000268575",1.22400535082032,1.04650498388222,1
"ENSG00000268670",1.32123877417357,1.20434005705471,1
"ENSG00000268713",1.38360953213229,1.19926889620223,1
"ENSG00000268734",1.6904652062661,1.57795251675469,1.20740817064359
"ENSG00000268758",1.54192621062201,1.09545740931653,1.30129825401792
"ENSG00000268802",1.3159428213897,1.14863922817257,1
"ENSG00000268895",1.23426741829607,1.26682277654766,1
"ENSG00000268912",1.44382904423668,1.2764443251949,1
"ENSG00000268913",1.29193782311731,1.04813571830429,1
"ENSG00000268995",1.1186809664512,1.232281366023,1
"ENSG00000269001",1.204652777583,1.30706399776242,1
"ENSG00000269044",1.17942329925327,1.0848465413249,1
"ENSG00000269051",1.29924031498548,1.33476770042153,1
"ENSG00000269069",1.45813153226842,1.2481175370686,1
"ENSG00000269089",1.93178565679208,1.47844141311507,1.51286820591278
"ENSG00000269220",1.3489384953905,1.30594395789914,1
"ENSG00000269293",1.23337735213528,1.30456618093852,1
"ENSG00000269343",1.24567156892081,1.09306984815007,1
"ENSG00000269374",1.23131213363524,1.28284596769545,1
"ENSG00000269378",1.32708286000275,1.17871195128605,1
"ENSG00000269501",1.0389911134895,1.03232567812157,1
"ENSG00000269514",1.03857109921555,1.15026179490741,1
"ENSG00000269609",1.36722525513602,1.24038347264275,1
"ENSG00000269619",1.76692488850576,1.68694931328007,1.22253749710572
"ENSG00000269640",1.16568132738828,1.08586071496253,1
"ENSG00000269657",1.67924178242539,1.51943873766131,1.32393731220772
"ENSG00000269688",1.34832626607274,1.15808542001782,1
"ENSG00000269728",1.15373720200519,1.20994568737621,1
"ENSG00000269800",1.38904053878374,1.09305444834265,1
"ENSG00000269821",1.32755693601253,1.10393773663791,1
"ENSG00000269825",1.32903101544981,1.24336758595758,1
"ENSG00000269837",1.24889362373379,1.23412645579111,1
"ENSG00000269858",1.52880165657533,1.29805849502697,1.30081455464082
"ENSG00000269893",1.1400544495781,1.34599648798468,1
"ENSG00000269900",1.18802311739196,1.21786649318216,1
"ENSG00000269904",1.07629384290283,1.32269000035258,1
"ENSG00000269918",1.43089516317858,1.28297059081751,1
"ENSG00000269919",1.27056422647522,1.04303617434691,1
"ENSG00000269928",1.42265476199765,1.15400439221178,1
"ENSG00000269929",1.26389928952337,1.20835457932149,1
"ENSG00000269938",1.16572434058545,1.30803867553571,1
"ENSG00000269939",1.2879603415876,1.13499382924498,1
"ENSG00000269940",1.18882303772179,1.16448799422804,1
"ENSG00000269958",1.40231667923061,1.10338139510089,1
"ENSG00000269965",1.25391324363693,1.21218292637388,1
"ENSG00000269973",1.30149574396072,1.29887458828112,1
"ENSG00000269996",1.18199763270015,1.09367904067016,1
"ENSG00000269997",1.31445208936542,1.25721319468872,1
"ENSG00000270012",1.26124161535604,1.16242998530149,1
"ENSG00000270015",1.15386567120687,1.22157586437036,1
"ENSG00000270022",1.24080139680956,1.10555108256989,1
"ENSG00000270049",1.50616289825191,1.19593110040309,1.13951235573343
"ENSG00000270055",1.4570915285112,1.17130076166216,1
"ENSG00000270061",1.14035712470329,1.24232995973717,1
"ENSG00000270062",1.33979268279605,1.35201771213935,1
"ENSG00000270066",1.04828905998006,1.13477213419065,1
"ENSG00000270081",1.55767303696598,1.22645468919107,1.25279541309096
"ENSG00000270101",1.19347112498637,1.24535913962486,1
"ENSG00000270108",1.63791465476787,1.11177219473503,1.3081900807805
"ENSG00000270116",1.25295004720489,1.21948494755341,1
"ENSG00000270120",1.44522963368766,1.27599407213715,1
"ENSG00000270127",1.27904028644196,1.13320080649308,1
"ENSG00000270141",1.25795914060674,1.12263655100142,1
"ENSG00000270157",1.43609101859891,1.20842356144923,1.05701712589589
"ENSG00000270170",1.4222559331821,1.30616819278073,1
"ENSG00000270189",1.1204467060507,1.24009971046908,1
"ENSG00000270277",1.36051331066185,1.37000585724065,1
"ENSG00000270344",1.49547960902563,1.09045430194306,1
"ENSG00000270346",1.8280170364361,1.40161432034766,1.37825562828676
"ENSG00000270426",1.7040316299377,1.43886099956002,1.38058418504741
"ENSG00000270562",1.17431480642847,1.22234718093301,1
"ENSG00000270574",1.32236176273544,1.3039564523485,1
"ENSG00000270589",1.07212345230179,1.1955609781276,1
"ENSG00000270640",1.84674133133949,1.57781503559083,1.3721347184936
"ENSG00000270696",1.31996571651644,1.30268055862953,1
"ENSG00000270704",1.58853810538832,1.37429564380149,1.1056861903787
"ENSG00000270804",1.44199652157051,1.4194101815221,1
"ENSG00000270820",1.32310891355292,1.15416167594259,1
"ENSG00000270878",1.4030251236549,1.36591106036054,1
"ENSG00000270949",1.71328019728626,1.53053059799726,1.37394819927833
"ENSG00000270956",1.35624933458748,1.32847448601019,1
"ENSG00000270959",1.42838033347794,1.43170581096724,1
"ENSG00000271011",1.11313608973065,1.38348554304894,1
"ENSG00000271109",1.42234777538015,1.34934919537101,1
"ENSG00000271122",1.36618210981604,1.3017561067899,1
"ENSG00000271141",1.38756374517695,1.07383041707529,1
"ENSG00000271147",1.27516516167111,1.34423879166115,1
"ENSG00000271204",1.26353300302619,1.17250826898599,1
"ENSG00000271270",1.32208558133946,1.09940605791803,1
"ENSG00000271327",1.57784365141548,1.52986229683829,1
"ENSG00000271335",1.30543342683836,1.17817433610548,1
"ENSG00000271361",1.49685267963402,1.23419380764644,1.19896972135192
"ENSG00000271430",1.17013894198517,1.08068988329182,1
"ENSG00000271461",1.35670276689982,1.55679468790259,1
"ENSG00000271533",1.22082264369554,1.06655617232296,1
"ENSG00000271605",1.48728428573356,1.21958495320589,1.07658045076412
"ENSG00000271614",1.32209666861861,1.16299933346214,1
"ENSG00000271646",1.5616888608269,1.32091212840898,1.3041755927603
"ENSG00000271721",1.45246622686425,1.18553274539068,1
"ENSG00000271722",1.87167181799128,1.57230014018315,1.42794030982391
"ENSG00000271780",1.31478997918582,1.24461420066692,1
"ENSG00000271840",1.61422668382409,1.27047058789271,1.35152641436005
"ENSG00000271856",1.30722157699057,1.25607709458027,1
"ENSG00000271862",1.11893774898548,1.14892490023106,1
"ENSG00000271870",1.31293131439442,1.18736322016664,1
"ENSG00000271895",1.25502704451187,1.12967042637561,1
"ENSG00000271912",1.3675465919066,1.19404093254846,1
"ENSG00000271927",1.10590774882244,1.22204474186613,1
"ENSG00000271964",1.1189184427875,1.24604503657783,1
"ENSG00000271975",1.16982984935007,1.15061365546288,1
"ENSG00000271976",1.16693113407782,1.15817955681633,1
"ENSG00000271997",1.09722126300687,1.14943910667511,1
"ENSG00000272005",1.41399604973017,1.22812432721689,1
"ENSG00000272016",1.99713544941847,1.31822575707281,1.62653201670382
"ENSG00000272033",1.40092368258009,1.30042813399931,1
"ENSG00000272037",1.1146901743554,1.49762709009983,1
"ENSG00000272047",1.22176281919149,1.28291515137311,1
"ENSG00000272053",1.37483000275507,1.12018352010138,1
"ENSG00000272054",1.35894094188519,1.29905063902129,1
"ENSG00000272091",1.34185161597625,1.03647071468057,1
"ENSG00000272106",1.57940868845066,1.26980141317744,1.1702202066478
"ENSG00000272144",1.19411585345573,1.07418741196297,1
"ENSG00000272145",1.21627234344055,1.20193660121017,1
"ENSG00000272155",1.12188515380872,1.18448527503759,1
"ENSG00000272198",1.37807370484555,1.12497378052459,1
"ENSG00000272201",1.21375882143113,1.21152109495486,1
"ENSG00000272316",1.41905809329957,1.32016633285155,1
"ENSG00000272325",1.1778307883044,1.17218085235768,1
"ENSG00000272335",1.44781764870565,1.22625580346076,1
"ENSG00000272341",1.21787805585561,1.28533602501891,1
"ENSG00000272345",1.29214158581744,1.24220208703191,1
"ENSG00000272356",1.10597324861146,1.20661800685138,1
"ENSG00000272367",1.05312758673962,1.1457904903252,1
"ENSG00000272373",1.19864442915313,1.24006629957424,1
"ENSG00000272449",1.18188832786923,1.19895619852561,1
"ENSG00000272452",1.04313146962475,1.31199959265483,1
"ENSG00000272455",1.51165609438448,1.18534179038395,1
"ENSG00000272462",1.29502460001112,1.22882031594358,1
"ENSG00000272477",1.40791975167416,1.17187451207276,1
"ENSG00000272498",1.27587642363428,1.19056244881399,1
"ENSG00000272505",1.2429633295453,1.3774888415374,1
"ENSG00000272520",1.19069662560499,1.18330250391311,1
"ENSG00000272529",1.21401647391954,1.16382741258206,1
"ENSG00000272533",1.24373085590482,1.14400421373904,1
"ENSG00000272562",1.46838560399026,1.41965132722007,1
"ENSG00000272565",1.34661065011423,1.32002582006279,1
"ENSG00000272578",1.26592280995663,1.09872972661238,1
"ENSG00000272599",1.40414857899386,1.19132909797566,1
"ENSG00000272606",1.31855244750322,1.25201597803187,1
"ENSG00000272625",1.59883106088153,1.19407343105403,1.14537918959882
"ENSG00000272630",1.06098791353246,1.05070183535133,1
"ENSG00000272650",1.26145213604676,1.40310232847034,1
"ENSG00000272655",1.5083259335453,1.07296892348773,1
"ENSG00000272688",1.18817564712054,1.09507046385638,1
"ENSG00000272750",1.35170681581002,1.18363228649786,1
"ENSG00000272758",1.20909530120031,1.14917591725217,1
"ENSG00000272760",1.43997347126122,1.21261117295403,1
"ENSG00000272807",1.44124388609752,1.28972268170982,1
"ENSG00000272825",1.31187858695834,1.15874045133101,1
"ENSG00000272831",1.3701736190947,1.18403097156024,1
"ENSG00000272888",1.15004657569769,1.12887378990824,1
"ENSG00000272906",1.25151235514793,1.08113398173285,1
"ENSG00000272908",1.15242110633896,1.30481727545595,1
"ENSG00000272918",1.7395940990341,1.4484446739792,1.42869317487806
"ENSG00000272941",1.89851268613986,1.45821165576458,1.51043878572194
"ENSG00000272977",1.15017750160085,1.14288694247803,1
"ENSG00000272993",1.36709457466825,1.3795579660673,1
"ENSG00000272994",1.12330173876601,1.33455584981751,1
"ENSG00000273015",1.31646036445533,1.25216484876687,1
"ENSG00000273033",1.09959603070177,1.34022618220552,1
"ENSG00000273038",1.31155726189743,1.20270179790495,1
"ENSG00000273066",1.11787497999672,1.30780768646296,1
"ENSG00000273112",1.74568292249385,1.67520770610654,1.19593876255194
"ENSG00000273131",1.3501807428482,1.22757711506168,1
"ENSG00000273148",1.40778066833284,1.10279127970979,1
"ENSG00000273151",1.44890558930437,1.18345375940025,1
"ENSG00000273221",1.32730109450848,1.29624093429841,1
"ENSG00000273243",1.96750329525077,1.30270392118342,1.61367402557589
"ENSG00000273247",1.39923483665394,1.2809503647725,1.12087686255883
"ENSG00000273253",1.14615755500688,1.43593948118046,1
"ENSG00000273270",1.05950426600146,1.13629492135307,1
"ENSG00000273272",1.64676276554712,1.41109074201647,1.209376932645
"ENSG00000273284",1.08562977060344,1.16621902732862,1
"ENSG00000273290",1.23945219892317,1.2347096432222,1
"ENSG00000273311",1.62619387047726,1.33395913464337,1.32038302772555
"ENSG00000273329",1.10272536401184,1.16420527154063,1
"ENSG00000273344",1.37216992642851,1.29149727011588,1
"ENSG00000273363",1.0588319464977,1.14573278144237,1
"ENSG00000273373",1.20548368803323,1.10023130037793,1
"ENSG00000273382",1.26860022549464,1.22392560723799,1
