"gene","union_exon_length_bp"
"ENSG00000000419",1207
"ENSG00000000457",6876
"ENSG00000000460",6354
"ENSG00000000938",3474
"ENSG00000000971",8144
"ENSG00000001036",3119
"ENSG00000001084",8463
"ENSG00000001167",3811
"ENSG00000001460",8514
"ENSG00000001461",9404
"ENSG00000001497",5589
"ENSG00000001561",4651
"ENSG00000001629",7130
"ENSG00000001631",6204
"ENSG00000002016",4190
"ENSG00000002330",1708
"ENSG00000002549",3785
"ENSG00000002822",6955
"ENSG00000002834",7061
"ENSG00000002919",3606
"ENSG00000003056",3777
"ENSG00000003147",4891
"ENSG00000003393",10381
"ENSG00000003400",7598
"ENSG00000003402",22528
"ENSG00000003436",11714
"ENSG00000003509",3651
"ENSG00000003756",10368
"ENSG00000004059",1871
"ENSG00000004139",8132
"ENSG00000004142",2662
"ENSG00000004399",9738
"ENSG00000004455",5683
"ENSG00000004468",6855
"ENSG00000004478",3958
"ENSG00000004487",5447
"ENSG00000004534",7300
"ENSG00000004660",7424
"ENSG00000004700",3778
"ENSG00000004766",7359
"ENSG00000004779",1600
"ENSG00000004799",4519
"ENSG00000004809",3791
"ENSG00000004864",3710
"ENSG00000004866",6742
"ENSG00000004897",6824
"ENSG00000004939",5287
"ENSG00000004961",2335
"ENSG00000004975",5350
"ENSG00000005007",8600
"ENSG00000005020",5520
"ENSG00000005022",1500
"ENSG00000005059",3558
"ENSG00000005075",962
"ENSG00000005100",5872
"ENSG00000005156",8240
"ENSG00000005175",3343
"ENSG00000005187",5095
"ENSG00000005194",3509
"ENSG00000005206",7096
"ENSG00000005238",6409
"ENSG00000005249",4318
"ENSG00000005302",6494
"ENSG00000005339",15068
"ENSG00000005379",11382
"ENSG00000005381",3622
"ENSG00000005436",5465
"ENSG00000005448",2860
"ENSG00000005469",4979
"ENSG00000005471",7494
"ENSG00000005483",9227
"ENSG00000005486",2441
"ENSG00000005700",8722
"ENSG00000005801",5705
"ENSG00000005810",15943
"ENSG00000005812",4651
"ENSG00000005844",6472
"ENSG00000005882",5481
"ENSG00000005889",9037
"ENSG00000005893",5617
"ENSG00000005955",9729
"ENSG00000005961",5551
"ENSG00000006007",4412
"ENSG00000006015",3370
"ENSG00000006025",6572
"ENSG00000006062",5132
"ENSG00000006114",14277
"ENSG00000006125",7797
"ENSG00000006194",9329
"ENSG00000006282",5237
"ENSG00000006327",1848
"ENSG00000006432",12386
"ENSG00000006451",3665
"ENSG00000006459",9430
"ENSG00000006530",6547
"ENSG00000006534",6621
"ENSG00000006555",6055
"ENSG00000006576",8631
"ENSG00000006607",14413
"ENSG00000006625",1905
"ENSG00000006634",4583
"ENSG00000006652",6481
"ENSG00000006695",3172
"ENSG00000006712",2668
"ENSG00000006715",7801
"ENSG00000006744",6345
"ENSG00000006756",7030
"ENSG00000006757",3441
"ENSG00000006831",5878
"ENSG00000007047",6668
"ENSG00000007080",1660
"ENSG00000007129",1926
"ENSG00000007168",8127
"ENSG00000007202",9235
"ENSG00000007237",10100
"ENSG00000007255",933
"ENSG00000007264",4138
"ENSG00000007312",2080
"ENSG00000007341",8111
"ENSG00000007350",3650
"ENSG00000007376",2769
"ENSG00000007392",6176
"ENSG00000007516",6143
"ENSG00000007520",1243
"ENSG00000007541",6869
"ENSG00000007545",8427
"ENSG00000007923",5147
"ENSG00000007944",3033
"ENSG00000007968",5457
"ENSG00000008018",2256
"ENSG00000008083",6490
"ENSG00000008086",3576
"ENSG00000008128",4707
"ENSG00000008130",5637
"ENSG00000008226",8338
"ENSG00000008256",5805
"ENSG00000008277",12217
"ENSG00000008282",2794
"ENSG00000008283",5320
"ENSG00000008294",11948
"ENSG00000008300",13888
"ENSG00000008311",4591
"ENSG00000008324",1301
"ENSG00000008382",2049
"ENSG00000008394",6213
"ENSG00000008405",5062
"ENSG00000008441",6302
"ENSG00000008513",8730
"ENSG00000008516",4126
"ENSG00000008517",2924
"ENSG00000008710",18532
"ENSG00000008838",6962
"ENSG00000008853",6580
"ENSG00000008869",8206
"ENSG00000008952",7928
"ENSG00000008988",2931
"ENSG00000009307",5755
"ENSG00000009335",9218
"ENSG00000009413",12417
"ENSG00000009694",12896
"ENSG00000009780",4034
"ENSG00000009790",7753
"ENSG00000009830",10012
"ENSG00000009844",7194
"ENSG00000009954",7053
"ENSG00000010017",3480
"ENSG00000010030",2369
"ENSG00000010072",5906
"ENSG00000010165",3843
"ENSG00000010219",5911
"ENSG00000010244",15834
"ENSG00000010256",3236
"ENSG00000010270",4348
"ENSG00000010278",3218
"ENSG00000010292",6487
"ENSG00000010295",5193
"ENSG00000010318",3367
"ENSG00000010322",9161
"ENSG00000010327",10588
"ENSG00000010361",2951
"ENSG00000010404",10496
"ENSG00000010539",7498
"ENSG00000010610",4583
"ENSG00000010626",3054
"ENSG00000010671",4227
"ENSG00000010704",5675
"ENSG00000010803",4447
"ENSG00000010810",7411
"ENSG00000010818",9774
"ENSG00000011007",5391
"ENSG00000011009",2196
"ENSG00000011021",6884
"ENSG00000011028",6860
"ENSG00000011114",11333
"ENSG00000011132",5556
"ENSG00000011143",4073
"ENSG00000011198",3172
"ENSG00000011243",5081
"ENSG00000011258",7201
"ENSG00000011260",2721
"ENSG00000011275",7619
"ENSG00000011295",5966
"ENSG00000011304",6969
"ENSG00000011376",5393
"ENSG00000011405",9204
"ENSG00000011422",4457
"ENSG00000011451",8155
"ENSG00000011454",8181
"ENSG00000011485",7059
"ENSG00000011523",8623
"ENSG00000011566",6067
"ENSG00000011600",907
"ENSG00000011638",2558
"ENSG00000012048",8278
"ENSG00000012061",5576
"ENSG00000012124",5839
"ENSG00000012174",8927
"ENSG00000012211",3396
"ENSG00000012223",4247
"ENSG00000012232",13220
"ENSG00000012660",4223
"ENSG00000012779",3685
"ENSG00000012822",6296
"ENSG00000012963",3694
"ENSG00000012983",7620
"ENSG00000013016",4959
"ENSG00000013275",2387
"ENSG00000013288",8898
"ENSG00000013306",3526
"ENSG00000013364",6136
"ENSG00000013374",5411
"ENSG00000013375",7331
"ENSG00000013392",4686
"ENSG00000013441",5125
"ENSG00000013503",4858
"ENSG00000013523",5347
"ENSG00000013561",4834
"ENSG00000013563",4130
"ENSG00000013573",8374
"ENSG00000013583",3442
"ENSG00000013725",5995
"ENSG00000013810",4682
"ENSG00000014123",4539
"ENSG00000014138",5726
"ENSG00000014164",3731
"ENSG00000014216",7553
"ENSG00000014257",4193
"ENSG00000014641",4993
"ENSG00000014824",7225
"ENSG00000014914",4591
"ENSG00000014919",4177
"ENSG00000015133",12426
"ENSG00000015153",10840
"ENSG00000015171",5300
"ENSG00000015285",2381
"ENSG00000015475",4418
"ENSG00000015479",14669
"ENSG00000015532",5472
"ENSG00000015676",10113
"ENSG00000016864",3783
"ENSG00000017260",8533
"ENSG00000017483",4016
"ENSG00000017797",4979
"ENSG00000018189",8070
"ENSG00000018280",8676
"ENSG00000018510",8197
"ENSG00000018610",2606
"ENSG00000018699",3185
"ENSG00000018869",3152
"ENSG00000019169",2079
"ENSG00000019485",5527
"ENSG00000019582",3184
"ENSG00000019991",8897
"ENSG00000019995",5993
"ENSG00000020129",4917
"ENSG00000020256",6997
"ENSG00000020426",3865
"ENSG00000020577",12170
"ENSG00000020633",4605
"ENSG00000020922",3538
"ENSG00000021300",4933
"ENSG00000021355",3226
"ENSG00000021574",5213
"ENSG00000021762",7466
"ENSG00000021776",9779
"ENSG00000022267",4945
"ENSG00000022277",3501
"ENSG00000022567",8608
"ENSG00000022840",5911
"ENSG00000022976",5595
"ENSG00000023041",2404
"ENSG00000023171",9770
"ENSG00000023191",7367
"ENSG00000023228",12268
"ENSG00000023287",7615
"ENSG00000023318",4854
"ENSG00000023330",2536
"ENSG00000023445",7484
"ENSG00000023516",9913
"ENSG00000023572",1299
"ENSG00000023608",2656
"ENSG00000023697",2848
"ENSG00000023734",2211
"ENSG00000023839",6232
"ENSG00000023892",2675
"ENSG00000023902",6629
"ENSG00000023909",5374
"ENSG00000024048",8997
"ENSG00000024862",1496
"ENSG00000025039",5072
"ENSG00000025156",2702
"ENSG00000025293",7812
"ENSG00000025434",4346
"ENSG00000025708",3320
"ENSG00000025770",3159
"ENSG00000025772",2062
"ENSG00000025796",8587
"ENSG00000025800",7687
"ENSG00000026025",4965
"ENSG00000026103",3562
"ENSG00000026297",7478
"ENSG00000026508",10060
"ENSG00000026652",9419
"ENSG00000026751",4604
"ENSG00000026950",5547
"ENSG00000027001",3407
"ENSG00000027075",8809
"ENSG00000027697",2680
"ENSG00000027847",4927
"ENSG00000027869",2512
"ENSG00000028116",3557
"ENSG00000028137",3766
"ENSG00000028203",8757
"ENSG00000028277",8899
"ENSG00000028310",9577
"ENSG00000028528",9796
"ENSG00000028839",5039
"ENSG00000029363",9297
"ENSG00000029364",7136
"ENSG00000029534",10799
"ENSG00000029639",2736
"ENSG00000029725",6555
"ENSG00000030066",8471
"ENSG00000030110",2267
"ENSG00000030419",12220
"ENSG00000030582",3520
"ENSG00000031003",6808
"ENSG00000031081",9384
"ENSG00000031698",3836
"ENSG00000031823",7445
"ENSG00000032219",7568
"ENSG00000032389",5775
"ENSG00000032444",7055
"ENSG00000032742",5480
"ENSG00000033011",5786
"ENSG00000033030",7752
"ENSG00000033050",4448
"ENSG00000033100",4200
"ENSG00000033170",6889
"ENSG00000033178",11432
"ENSG00000033327",6771
"ENSG00000033627",10968
"ENSG00000033800",4524
"ENSG00000033867",9564
"ENSG00000034053",6869
"ENSG00000034152",3783
"ENSG00000034510",492
"ENSG00000034533",3427
"ENSG00000034677",6031
"ENSG00000034693",2222
"ENSG00000034713",3034
"ENSG00000035115",11165
"ENSG00000035141",3086
"ENSG00000035403",5818
"ENSG00000035664",7041
"ENSG00000035681",6165
"ENSG00000035687",3666
"ENSG00000035720",1655
"ENSG00000035862",5633
"ENSG00000035928",6713
"ENSG00000036054",5168
"ENSG00000036257",11501
"ENSG00000036448",7062
"ENSG00000036549",9008
"ENSG00000037474",5506
"ENSG00000037637",8984
"ENSG00000037749",7213
"ENSG00000037757",3456
"ENSG00000038002",2675
"ENSG00000038210",7332
"ENSG00000038219",15860
"ENSG00000038274",5153
"ENSG00000038358",6173
"ENSG00000038382",17500
"ENSG00000038427",14831
"ENSG00000038532",11944
"ENSG00000038945",7812
"ENSG00000039068",6154
"ENSG00000039123",6578
"ENSG00000039319",11461
"ENSG00000039523",6730
"ENSG00000039650",3531
"ENSG00000040199",12493
"ENSG00000040275",4777
"ENSG00000040341",8998
"ENSG00000040487",2686
"ENSG00000040531",3398
"ENSG00000040633",2783
"ENSG00000040933",13202
"ENSG00000041353",7432
"ENSG00000041357",3839
"ENSG00000041802",4818
"ENSG00000041988",4072
"ENSG00000042088",6221
"ENSG00000042286",5131
"ENSG00000042317",6872
"ENSG00000042429",10773
"ENSG00000042445",4264
"ENSG00000042493",2607
"ENSG00000042753",1704
"ENSG00000042832",11132
"ENSG00000042980",9351
"ENSG00000043093",8412
"ENSG00000043143",9873
"ENSG00000043462",7231
"ENSG00000043514",3054
"ENSG00000044090",5628
"ENSG00000044115",8830
"ENSG00000044446",9029
"ENSG00000044459",11167
"ENSG00000044574",3908
"ENSG00000046647",2424
"ENSG00000046651",5212
"ENSG00000047056",5656
"ENSG00000047188",10816
"ENSG00000047230",5510
"ENSG00000047249",5090
"ENSG00000047315",5901
"ENSG00000047346",7755
"ENSG00000047365",12428
"ENSG00000047410",12350
"ENSG00000047578",9692
"ENSG00000047579",3078
"ENSG00000047597",5206
"ENSG00000047621",4939
"ENSG00000047634",5475
"ENSG00000047644",7114
"ENSG00000047648",8357
"ENSG00000047849",14901
"ENSG00000047932",5025
"ENSG00000048028",5719
"ENSG00000048052",16827
"ENSG00000048140",5218
"ENSG00000048162",2852
"ENSG00000048392",5548
"ENSG00000048405",5793
"ENSG00000048471",11298
"ENSG00000048544",2110
"ENSG00000048649",15740
"ENSG00000048707",20346
"ENSG00000048740",9873
"ENSG00000048828",7296
"ENSG00000048991",7898
"ENSG00000049089",4151
"ENSG00000049167",4847
"ENSG00000049192",8567
"ENSG00000049239",9321
"ENSG00000049245",2760
"ENSG00000049246",8059
"ENSG00000049249",2284
"ENSG00000049323",7329
"ENSG00000049449",7225
"ENSG00000049541",2197
"ENSG00000049618",16334
"ENSG00000049656",6557
"ENSG00000049759",15717
"ENSG00000049769",4162
"ENSG00000049860",5067
"ENSG00000049883",3637
"ENSG00000050130",4350
"ENSG00000050344",4249
"ENSG00000050393",6057
"ENSG00000050405",6317
"ENSG00000050426",4400
"ENSG00000050438",11415
"ENSG00000050748",8955
"ENSG00000051009",4736
"ENSG00000051108",4178
"ENSG00000051128",3422
"ENSG00000051341",9099
"ENSG00000051382",6531
"ENSG00000051523",3357
"ENSG00000051596",3437
"ENSG00000051620",10356
"ENSG00000051825",10304
"ENSG00000052126",12596
"ENSG00000052723",5894
"ENSG00000052749",6801
"ENSG00000052795",10868
"ENSG00000052802",2892
"ENSG00000052841",11284
"ENSG00000053254",11033
"ENSG00000053371",1781
"ENSG00000053372",2822
"ENSG00000053501",2431
"ENSG00000053524",20568
"ENSG00000053770",4371
"ENSG00000053900",7494
"ENSG00000053918",3971
"ENSG00000054116",3313
"ENSG00000054118",4736
"ENSG00000054148",1908
"ENSG00000054219",9430
"ENSG00000054267",11073
"ENSG00000054277",3480
"ENSG00000054282",5353
"ENSG00000054392",4296
"ENSG00000054523",17693
"ENSG00000054611",5305
"ENSG00000054654",31405
"ENSG00000054793",8317
"ENSG00000054965",7823
"ENSG00000054967",6322
"ENSG00000054983",6825
"ENSG00000055044",3299
"ENSG00000055070",4747
"ENSG00000055118",7017
"ENSG00000055130",3548
"ENSG00000055147",6543
"ENSG00000055163",10509
"ENSG00000055208",5758
"ENSG00000055211",2248
"ENSG00000055332",10753
"ENSG00000055483",10409
"ENSG00000055609",22650
"ENSG00000055917",6858
"ENSG00000055950",3573
"ENSG00000056050",1436
"ENSG00000056097",6792
"ENSG00000056277",4634
"ENSG00000056558",6449
"ENSG00000056586",11545
"ENSG00000056972",6553
"ENSG00000057019",11274
"ENSG00000057252",7033
"ENSG00000057608",4033
"ENSG00000057657",6369
"ENSG00000057663",3924
"ENSG00000057704",6515
"ENSG00000057757",2186
"ENSG00000057935",10580
"ENSG00000058056",8440
"ENSG00000058063",9196
"ENSG00000058091",6841
"ENSG00000058262",4697
"ENSG00000058272",12490
"ENSG00000058453",8871
"ENSG00000058600",9454
"ENSG00000058668",9721
"ENSG00000058673",9700
"ENSG00000058729",5502
"ENSG00000058799",2259
"ENSG00000058804",5135
"ENSG00000058866",10978
"ENSG00000059122",8413
"ENSG00000059145",8504
"ENSG00000059377",6271
"ENSG00000059378",6285
"ENSG00000059573",3756
"ENSG00000059588",7743
"ENSG00000059691",11757
"ENSG00000059728",6321
"ENSG00000059758",6547
"ENSG00000059769",3675
"ENSG00000059804",6159
"ENSG00000060069",5296
"ENSG00000060138",8615
"ENSG00000060237",14370
"ENSG00000060339",6002
"ENSG00000060491",4702
"ENSG00000060558",2613
"ENSG00000060642",3382
"ENSG00000060688",4011
"ENSG00000060749",10537
"ENSG00000060762",1525
"ENSG00000060971",7106
"ENSG00000060982",10372
"ENSG00000061273",9936
"ENSG00000061676",22520
"ENSG00000061794",1979
"ENSG00000061918",3724
"ENSG00000061936",10157
"ENSG00000061938",11297
"ENSG00000061987",13121
"ENSG00000062194",6493
"ENSG00000062282",7904
"ENSG00000062485",6402
"ENSG00000062524",3490
"ENSG00000062598",6714
"ENSG00000062650",7280
"ENSG00000062716",6916
"ENSG00000062725",9866
"ENSG00000062822",4856
"ENSG00000063046",6146
"ENSG00000063127",3599
"ENSG00000063176",6008
"ENSG00000063177",4209
"ENSG00000063241",4408
"ENSG00000063244",4115
"ENSG00000063245",3849
"ENSG00000063322",3835
"ENSG00000063587",8148
"ENSG00000063601",6332
"ENSG00000063761",5317
"ENSG00000063854",5052
"ENSG00000063978",7276
"ENSG00000064012",6808
"ENSG00000064102",3345
"ENSG00000064115",3888
"ENSG00000064201",3793
"ENSG00000064225",6288
"ENSG00000064313",6547
"ENSG00000064393",15220
"ENSG00000064419",3933
"ENSG00000064490",2533
"ENSG00000064545",3281
"ENSG00000064547",2980
"ENSG00000064601",5856
"ENSG00000064607",7744
"ENSG00000064651",10664
"ENSG00000064652",3550
"ENSG00000064666",3928
"ENSG00000064687",8365
"ENSG00000064703",6019
"ENSG00000064726",4169
"ENSG00000064763",5411
"ENSG00000064886",3295
"ENSG00000064932",6476
"ENSG00000064933",5152
"ENSG00000064961",3857
"ENSG00000064989",6144
"ENSG00000064995",1580
"ENSG00000064999",6766
"ENSG00000065000",8618
"ENSG00000065029",6789
"ENSG00000065057",1658
"ENSG00000065060",9844
"ENSG00000065135",3206
"ENSG00000065150",9671
"ENSG00000065154",3388
"ENSG00000065183",10275
"ENSG00000065243",7014
"ENSG00000065268",2474
"ENSG00000065308",6908
"ENSG00000065357",10215
"ENSG00000065413",9228
"ENSG00000065427",3815
"ENSG00000065457",4486
"ENSG00000065485",4030
"ENSG00000065491",3462
"ENSG00000065518",1889
"ENSG00000065526",13294
"ENSG00000065534",22166
"ENSG00000065548",3125
"ENSG00000065559",5714
"ENSG00000065600",2914
"ENSG00000065613",7974
"ENSG00000065615",9635
"ENSG00000065665",3916
"ENSG00000065675",3285
"ENSG00000065802",7410
"ENSG00000065809",7019
"ENSG00000065882",9027
"ENSG00000065883",8921
"ENSG00000065911",4870
"ENSG00000065923",3838
"ENSG00000065970",6296
"ENSG00000065978",1930
"ENSG00000066027",3820
"ENSG00000066044",6956
"ENSG00000066084",10361
"ENSG00000066117",5136
"ENSG00000066135",5172
"ENSG00000066136",5990
"ENSG00000066279",10887
"ENSG00000066294",9255
"ENSG00000066322",2458
"ENSG00000066336",2069
"ENSG00000066422",7416
"ENSG00000066427",8470
"ENSG00000066455",3295
"ENSG00000066557",2884
"ENSG00000066583",1940
"ENSG00000066651",2690
"ENSG00000066654",5092
"ENSG00000066697",2763
"ENSG00000066739",12722
"ENSG00000066777",10970
"ENSG00000066827",8900
"ENSG00000066855",4629
"ENSG00000066926",4473
"ENSG00000066933",20250
"ENSG00000067057",4827
"ENSG00000067064",3589
"ENSG00000067066",12691
"ENSG00000067082",6139
"ENSG00000067113",2016
"ENSG00000067141",8117
"ENSG00000067167",3878
"ENSG00000067182",4005
"ENSG00000067191",7094
"ENSG00000067208",8276
"ENSG00000067221",6178
"ENSG00000067225",8572
"ENSG00000067248",4728
"ENSG00000067334",5985
"ENSG00000067365",4824
"ENSG00000067369",8843
"ENSG00000067533",7883
"ENSG00000067560",2582
"ENSG00000067596",9302
"ENSG00000067606",7636
"ENSG00000067704",4162
"ENSG00000067829",2710
"ENSG00000067836",3683
"ENSG00000067840",4381
"ENSG00000067900",11064
"ENSG00000067955",4129
"ENSG00000067992",2695
"ENSG00000068001",4545
"ENSG00000068024",13443
"ENSG00000068028",3677
"ENSG00000068079",1973
"ENSG00000068097",4866
"ENSG00000068120",4032
"ENSG00000068305",7030
"ENSG00000068308",3329
"ENSG00000068323",4278
"ENSG00000068354",4223
"ENSG00000068366",6415
"ENSG00000068383",3701
"ENSG00000068394",1735
"ENSG00000068400",5779
"ENSG00000068438",2740
"ENSG00000068489",4080
"ENSG00000068650",12172
"ENSG00000068654",13519
"ENSG00000068697",1946
"ENSG00000068724",6949
"ENSG00000068745",5624
"ENSG00000068784",5045
"ENSG00000068793",10435
"ENSG00000068796",4774
"ENSG00000068831",6084
"ENSG00000068878",10259
"ENSG00000068885",7175
"ENSG00000068903",6204
"ENSG00000068912",2592
"ENSG00000068971",3376
"ENSG00000068976",4981
"ENSG00000069020",14697
"ENSG00000069248",5057
"ENSG00000069275",6546
"ENSG00000069329",9723
"ENSG00000069345",5039
"ENSG00000069399",3242
"ENSG00000069424",9253
"ENSG00000069493",3219
"ENSG00000069509",1399
"ENSG00000069667",17033
"ENSG00000069702",8654
"ENSG00000069712",4623
"ENSG00000069849",2584
"ENSG00000069869",9097
"ENSG00000069943",4539
"ENSG00000069956",5281
"ENSG00000069966",7487
"ENSG00000069974",5603
"ENSG00000069998",4936
"ENSG00000070010",8736
"ENSG00000070018",10337
"ENSG00000070047",5769
"ENSG00000070061",6048
"ENSG00000070081",8993
"ENSG00000070087",3440
"ENSG00000070182",14771
"ENSG00000070190",4548
"ENSG00000070214",12613
"ENSG00000070269",8077
"ENSG00000070366",11060
"ENSG00000070367",9269
"ENSG00000070371",9843
"ENSG00000070413",5596
"ENSG00000070423",3677
"ENSG00000070444",8728
"ENSG00000070476",7357
"ENSG00000070495",5949
"ENSG00000070501",4106
"ENSG00000070540",3402
"ENSG00000070610",5079
"ENSG00000070614",9043
"ENSG00000070669",4455
"ENSG00000070718",6276
"ENSG00000070731",7558
"ENSG00000070756",4752
"ENSG00000070759",3460
"ENSG00000070761",2371
"ENSG00000070770",6905
"ENSG00000070785",3043
"ENSG00000070814",11278
"ENSG00000070831",3470
"ENSG00000070882",8100
"ENSG00000070950",6983
"ENSG00000070961",9491
"ENSG00000071051",2990
"ENSG00000071054",11918
"ENSG00000071073",9630
"ENSG00000071082",5791
"ENSG00000071127",7827
"ENSG00000071189",16417
"ENSG00000071205",10759
"ENSG00000071242",8243
"ENSG00000071243",5214
"ENSG00000071246",6498
"ENSG00000071462",7944
"ENSG00000071537",9559
"ENSG00000071553",4884
"ENSG00000071564",6061
"ENSG00000071575",4588
"ENSG00000071626",9272
"ENSG00000071655",5173
"ENSG00000071794",6024
"ENSG00000071859",2567
"ENSG00000071889",6240
"ENSG00000071894",6096
"ENSG00000071967",5176
"ENSG00000071994",6476
"ENSG00000072042",5518
"ENSG00000072062",6144
"ENSG00000072110",10626
"ENSG00000072121",15706
"ENSG00000072134",9844
"ENSG00000072135",5774
"ENSG00000072210",6457
"ENSG00000072274",7887
"ENSG00000072310",8039
"ENSG00000072364",11297
"ENSG00000072401",3486
"ENSG00000072415",8743
"ENSG00000072422",4841
"ENSG00000072501",10674
"ENSG00000072506",1115
"ENSG00000072518",6154
"ENSG00000072609",9214
"ENSG00000072694",6996
"ENSG00000072736",8806
"ENSG00000072756",5518
"ENSG00000072778",4865
"ENSG00000072786",9083
"ENSG00000072803",5577
"ENSG00000072818",7421
"ENSG00000072849",6386
"ENSG00000072858",8072
"ENSG00000072864",8035
"ENSG00000072952",7702
"ENSG00000072954",3005
"ENSG00000072958",3813
"ENSG00000073008",3519
"ENSG00000073009",7462
"ENSG00000073050",3459
"ENSG00000073060",8240
"ENSG00000073111",4899
"ENSG00000073150",3102
"ENSG00000073169",2363
"ENSG00000073331",12325
"ENSG00000073350",7909
"ENSG00000073417",7886
"ENSG00000073464",6750
"ENSG00000073536",5463
"ENSG00000073578",8383
"ENSG00000073584",11023
"ENSG00000073605",5917
"ENSG00000073614",12091
"ENSG00000073737",3751
"ENSG00000073756",5269
"ENSG00000073792",4735
"ENSG00000073803",12623
"ENSG00000073849",9151
"ENSG00000073861",2614
"ENSG00000073905",848
"ENSG00000073910",16059
"ENSG00000073921",5833
"ENSG00000073969",5009
"ENSG00000074054",11099
"ENSG00000074071",1097
"ENSG00000074201",4592
"ENSG00000074266",7016
"ENSG00000074276",5348
"ENSG00000074319",3839
"ENSG00000074356",5717
"ENSG00000074370",6866
"ENSG00000074416",10056
"ENSG00000074582",3379
"ENSG00000074603",10211
"ENSG00000074621",9084
"ENSG00000074657",11951
"ENSG00000074660",4957
"ENSG00000074695",6767
"ENSG00000074696",4469
"ENSG00000074706",8474
"ENSG00000074755",15878
"ENSG00000074800",3958
"ENSG00000074842",1678
"ENSG00000074855",4979
"ENSG00000074935",6973
"ENSG00000074964",7847
"ENSG00000074966",3472
"ENSG00000075089",3813
"ENSG00000075131",2755
"ENSG00000075142",4237
"ENSG00000075151",8353
"ENSG00000075188",2406
"ENSG00000075223",6268
"ENSG00000075234",3578
"ENSG00000075239",5584
"ENSG00000075240",4886
"ENSG00000075275",12817
"ENSG00000075292",14127
"ENSG00000075303",5081
"ENSG00000075336",3640
"ENSG00000075340",12673
"ENSG00000075399",3428
"ENSG00000075407",9626
"ENSG00000075413",8891
"ENSG00000075415",4685
"ENSG00000075420",13299
"ENSG00000075426",7157
"ENSG00000075539",18170
"ENSG00000075568",12991
"ENSG00000075624",3256
"ENSG00000075651",9953
"ENSG00000075711",11001
"ENSG00000075785",2717
"ENSG00000075790",8409
"ENSG00000075826",8360
"ENSG00000075856",7270
"ENSG00000075884",7743
"ENSG00000075914",4442
"ENSG00000075945",5014
"ENSG00000075975",2848
"ENSG00000076003",4118
"ENSG00000076043",3699
"ENSG00000076053",7885
"ENSG00000076108",10918
"ENSG00000076201",5981
"ENSG00000076242",3748
"ENSG00000076248",2567
"ENSG00000076258",2517
"ENSG00000076321",4254
"ENSG00000076351",7951
"ENSG00000076356",13781
"ENSG00000076382",5467
"ENSG00000076513",7350
"ENSG00000076554",8341
"ENSG00000076555",14159
"ENSG00000076604",4594
"ENSG00000076641",11023
"ENSG00000076650",4488
"ENSG00000076662",2950
"ENSG00000076685",7320
"ENSG00000076770",12199
"ENSG00000076924",4673
"ENSG00000076928",8630
"ENSG00000076944",5301
"ENSG00000076984",5145
"ENSG00000077044",9441
"ENSG00000077097",5965
"ENSG00000077147",7095
"ENSG00000077150",4479
"ENSG00000077157",18537
"ENSG00000077232",21586
"ENSG00000077235",11562
"ENSG00000077238",6091
"ENSG00000077254",6918
"ENSG00000077312",2361
"ENSG00000077348",1488
"ENSG00000077380",4695
"ENSG00000077420",3981
"ENSG00000077454",8954
"ENSG00000077458",6042
"ENSG00000077463",2787
"ENSG00000077514",5508
"ENSG00000077549",3476
"ENSG00000077585",2279
"ENSG00000077684",9110
"ENSG00000077713",3115
"ENSG00000077721",3251
"ENSG00000077782",12698
"ENSG00000077809",10442
"ENSG00000077984",930
"ENSG00000078043",9236
"ENSG00000078061",3497
"ENSG00000078070",4321
"ENSG00000078124",8442
"ENSG00000078140",5245
"ENSG00000078142",15176
"ENSG00000078177",9835
"ENSG00000078237",1602
"ENSG00000078246",3181
"ENSG00000078269",9985
"ENSG00000078304",14289
"ENSG00000078319",1114
"ENSG00000078369",6351
"ENSG00000078403",6844
"ENSG00000078487",3318
"ENSG00000078589",1803
"ENSG00000078596",2051
"ENSG00000078618",6619
"ENSG00000078668",3144
"ENSG00000078674",12470
"ENSG00000078687",11058
"ENSG00000078699",9457
"ENSG00000078747",6664
"ENSG00000078804",4228
"ENSG00000078808",4709
"ENSG00000078902",5983
"ENSG00000078967",4713
"ENSG00000079134",8099
"ENSG00000079246",5463
"ENSG00000079257",1504
"ENSG00000079263",5829
"ENSG00000079277",8060
"ENSG00000079308",15595
"ENSG00000079313",5186
"ENSG00000079332",6914
"ENSG00000079335",5729
"ENSG00000079385",5524
"ENSG00000079387",6366
"ENSG00000079432",9494
"ENSG00000079435",5206
"ENSG00000079459",5202
"ENSG00000079462",1419
"ENSG00000079482",8224
"ENSG00000079616",4312
"ENSG00000079691",6881
"ENSG00000079739",4090
"ENSG00000079785",3817
"ENSG00000079805",13443
"ENSG00000079819",10247
"ENSG00000079950",16387
"ENSG00000079999",3761
"ENSG00000080189",4106
"ENSG00000080200",5003
"ENSG00000080298",11037
"ENSG00000080345",18166
"ENSG00000080371",6670
"ENSG00000080493",8361
"ENSG00000080503",7132
"ENSG00000080546",5121
"ENSG00000080561",3097
"ENSG00000080603",12746
"ENSG00000080608",2707
"ENSG00000080802",6999
"ENSG00000080815",9947
"ENSG00000080819",3666
"ENSG00000080822",5217
"ENSG00000080824",5248
"ENSG00000080839",5954
"ENSG00000080845",8789
"ENSG00000080947",6813
"ENSG00000080986",3600
"ENSG00000081014",7359
"ENSG00000081019",6819
"ENSG00000081026",8180
"ENSG00000081052",9895
"ENSG00000081059",10063
"ENSG00000081087",5325
"ENSG00000081148",8337
"ENSG00000081154",3102
"ENSG00000081177",4601
"ENSG00000081189",9053
"ENSG00000081237",8507
"ENSG00000081307",6827
"ENSG00000081320",6580
"ENSG00000081377",10457
"ENSG00000081386",5921
"ENSG00000081665",8414
"ENSG00000081692",4315
"ENSG00000081721",1762
"ENSG00000081760",16089
"ENSG00000081791",6047
"ENSG00000081870",3236
"ENSG00000081913",9153
"ENSG00000081985",4233
"ENSG00000082014",5198
"ENSG00000082068",7039
"ENSG00000082074",6100
"ENSG00000082146",3242
"ENSG00000082153",4593
"ENSG00000082196",3576
"ENSG00000082212",3427
"ENSG00000082213",4172
"ENSG00000082258",9081
"ENSG00000082269",10589
"ENSG00000082293",8333
"ENSG00000082397",10975
"ENSG00000082438",17176
"ENSG00000082458",7841
"ENSG00000082512",9022
"ENSG00000082515",5267
"ENSG00000082516",5637
"ENSG00000082641",5825
"ENSG00000082701",8006
"ENSG00000082781",6447
"ENSG00000082805",13484
"ENSG00000082898",11708
"ENSG00000082996",3635
"ENSG00000083093",4740
"ENSG00000083097",10613
"ENSG00000083099",8679
"ENSG00000083123",4102
"ENSG00000083168",11852
"ENSG00000083223",6707
"ENSG00000083290",9843
"ENSG00000083312",11977
"ENSG00000083444",5320
"ENSG00000083454",4190
"ENSG00000083457",6657
"ENSG00000083520",7602
"ENSG00000083535",3669
"ENSG00000083544",4112
"ENSG00000083642",13212
"ENSG00000083720",4194
"ENSG00000083750",2725
"ENSG00000083799",12963
"ENSG00000083807",8025
"ENSG00000083812",3795
"ENSG00000083814",3532
"ENSG00000083817",2561
"ENSG00000083828",3261
"ENSG00000083838",4923
"ENSG00000083844",3042
"ENSG00000083845",3617
"ENSG00000083937",3106
"ENSG00000084070",3436
"ENSG00000084072",8071
"ENSG00000084073",3572
"ENSG00000084090",4414
"ENSG00000084092",3415
"ENSG00000084093",7875
"ENSG00000084110",5146
"ENSG00000084112",10039
"ENSG00000084207",1925
"ENSG00000084234",7444
"ENSG00000084444",6807
"ENSG00000084463",3418
"ENSG00000084623",1725
"ENSG00000084652",5103
"ENSG00000084676",8633
"ENSG00000084693",5283
"ENSG00000084731",6397
"ENSG00000084733",3631
"ENSG00000084754",3971
"ENSG00000084774",8422
"ENSG00000085063",4942
"ENSG00000085117",4054
"ENSG00000085185",7996
"ENSG00000085224",12224
"ENSG00000085231",4050
"ENSG00000085265",1286
"ENSG00000085274",5730
"ENSG00000085365",6842
"ENSG00000085377",3762
"ENSG00000085382",9238
"ENSG00000085415",10481
"ENSG00000085433",4536
"ENSG00000085449",5516
"ENSG00000085465",2988
"ENSG00000085491",6548
"ENSG00000085511",7522
"ENSG00000085514",2003
"ENSG00000085563",5552
"ENSG00000085644",6443
"ENSG00000085662",3660
"ENSG00000085719",6792
"ENSG00000085721",4156
"ENSG00000085733",6949
"ENSG00000085760",3371
"ENSG00000085788",10686
"ENSG00000085832",7551
"ENSG00000085871",3182
"ENSG00000085872",6113
"ENSG00000085978",6047
"ENSG00000085982",9352
"ENSG00000085998",6366
"ENSG00000086015",7877
"ENSG00000086061",2730
"ENSG00000086062",5065
"ENSG00000086065",2237
"ENSG00000086102",7147
"ENSG00000086189",3736
"ENSG00000086200",7540
"ENSG00000086232",5544
"ENSG00000086288",2439
"ENSG00000086300",3421
"ENSG00000086475",3979
"ENSG00000086504",2404
"ENSG00000086506",536
"ENSG00000086544",3385
"ENSG00000086589",3631
"ENSG00000086598",3822
"ENSG00000086619",5688
"ENSG00000086666",5065
"ENSG00000086712",4460
"ENSG00000086730",4542
"ENSG00000086758",17373
"ENSG00000086827",2992
"ENSG00000086848",8014
"ENSG00000087008",3846
"ENSG00000087053",6119
"ENSG00000087074",3093
"ENSG00000087077",2802
"ENSG00000087086",878
"ENSG00000087087",4587
"ENSG00000087088",2587
"ENSG00000087095",5288
"ENSG00000087111",5990
"ENSG00000087152",5301
"ENSG00000087157",4965
"ENSG00000087191",4483
"ENSG00000087206",4852
"ENSG00000087253",7439
"ENSG00000087263",5806
"ENSG00000087266",13968
"ENSG00000087269",3538
"ENSG00000087274",13106
"ENSG00000087299",3911
"ENSG00000087301",4739
"ENSG00000087302",2334
"ENSG00000087338",4922
"ENSG00000087365",9795
"ENSG00000087448",7622
"ENSG00000087460",13320
"ENSG00000087470",7184
"ENSG00000087502",5826
"ENSG00000087586",2928
"ENSG00000087589",4025
"ENSG00000087903",9094
"ENSG00000087995",3114
"ENSG00000088035",4950
"ENSG00000088038",6697
"ENSG00000088179",12542
"ENSG00000088205",7851
"ENSG00000088247",4563
"ENSG00000088298",3380
"ENSG00000088325",3605
"ENSG00000088356",1385
"ENSG00000088387",10061
"ENSG00000088448",4557
"ENSG00000088451",2586
"ENSG00000088538",8755
"ENSG00000088543",3242
"ENSG00000088682",4324
"ENSG00000088726",3562
"ENSG00000088766",5370
"ENSG00000088808",9031
"ENSG00000088812",8753
"ENSG00000088826",4943
"ENSG00000088832",2369
"ENSG00000088833",6617
"ENSG00000088854",8864
"ENSG00000088876",4520
"ENSG00000088888",4240
"ENSG00000088930",3489
"ENSG00000088970",4802
"ENSG00000088986",2957
"ENSG00000088992",1926
"ENSG00000089006",7894
"ENSG00000089009",4447
"ENSG00000089012",2242
"ENSG00000089022",5576
"ENSG00000089041",3587
"ENSG00000089048",3216
"ENSG00000089050",3861
"ENSG00000089053",12304
"ENSG00000089057",7523
"ENSG00000089060",6768
"ENSG00000089063",2038
"ENSG00000089091",6637
"ENSG00000089094",13623
"ENSG00000089123",3365
"ENSG00000089127",3910
"ENSG00000089154",9654
"ENSG00000089157",4001
"ENSG00000089159",7452
"ENSG00000089177",6278
"ENSG00000089195",3754
"ENSG00000089220",1780
"ENSG00000089234",4686
"ENSG00000089248",3083
"ENSG00000089280",7218
"ENSG00000089289",1862
"ENSG00000089327",2993
"ENSG00000089335",5032
"ENSG00000089351",5942
"ENSG00000089486",4268
"ENSG00000089505",1467
"ENSG00000089597",4933
"ENSG00000089639",3740
"ENSG00000089682",6105
"ENSG00000089693",3773
"ENSG00000089737",6007
"ENSG00000089775",12229
"ENSG00000089818",4155
"ENSG00000089820",5580
"ENSG00000089876",3948
"ENSG00000089902",6202
"ENSG00000089916",21987
"ENSG00000090006",8109
"ENSG00000090013",1665
"ENSG00000090020",5974
"ENSG00000090054",3658
"ENSG00000090060",12766
"ENSG00000090061",8220
"ENSG00000090097",3686
"ENSG00000090238",3181
"ENSG00000090263",1818
"ENSG00000090266",4447
"ENSG00000090273",2856
"ENSG00000090316",9857
"ENSG00000090339",3706
"ENSG00000090372",7641
"ENSG00000090376",10004
"ENSG00000090382",1764
"ENSG00000090432",2436
"ENSG00000090447",7867
"ENSG00000090470",3263
"ENSG00000090487",3984
"ENSG00000090520",6040
"ENSG00000090565",6317
"ENSG00000090581",3672
"ENSG00000090612",6905
"ENSG00000090615",10550
"ENSG00000090621",6782
"ENSG00000090661",4059
"ENSG00000090674",3956
"ENSG00000090686",9497
"ENSG00000090776",3314
"ENSG00000090857",9148
"ENSG00000090861",4498
"ENSG00000090863",9550
"ENSG00000090905",12522
"ENSG00000090920",16564
"ENSG00000090924",9199
"ENSG00000090975",9165
"ENSG00000090989",5347
"ENSG00000091009",6900
"ENSG00000091039",9198
"ENSG00000091073",5042
"ENSG00000091106",3624
"ENSG00000091127",4421
"ENSG00000091140",5299
"ENSG00000091157",10685
"ENSG00000091164",11298
"ENSG00000091181",3377
"ENSG00000091317",4413
"ENSG00000091409",6704
"ENSG00000091436",13799
"ENSG00000091483",2142
"ENSG00000091490",7483
"ENSG00000091527",4367
"ENSG00000091542",3190
"ENSG00000091592",12811
"ENSG00000091640",2831
"ENSG00000091732",3011
"ENSG00000091947",3029
"ENSG00000091972",2991
"ENSG00000092010",1781
"ENSG00000092020",3863
"ENSG00000092036",2539
"ENSG00000092067",1554
"ENSG00000092094",5041
"ENSG00000092098",4982
"ENSG00000092108",6571
"ENSG00000092140",10025
"ENSG00000092148",12417
"ENSG00000092199",7315
"ENSG00000092200",5494
"ENSG00000092201",7151
"ENSG00000092203",7076
"ENSG00000092208",2532
"ENSG00000092330",2712
"ENSG00000092439",9198
"ENSG00000092470",4078
"ENSG00000092529",5129
"ENSG00000092531",5893
"ENSG00000092758",4831
"ENSG00000092820",3336
"ENSG00000092841",4609
"ENSG00000092847",12886
"ENSG00000092871",8512
"ENSG00000092929",7752
"ENSG00000092931",6587
"ENSG00000092964",7052
"ENSG00000092978",8833
"ENSG00000093000",8318
"ENSG00000093010",5195
"ENSG00000093072",5136
"ENSG00000093134",3846
"ENSG00000093144",5678
"ENSG00000093167",10674
"ENSG00000093183",8159
"ENSG00000094631",10412
"ENSG00000094841",2825
"ENSG00000094880",4616
"ENSG00000094914",4138
"ENSG00000094916",12508
"ENSG00000094975",7835
"ENSG00000095002",4552
"ENSG00000095015",7716
"ENSG00000095059",3006
"ENSG00000095066",5950
"ENSG00000095139",4177
"ENSG00000095209",4511
"ENSG00000095261",4432
"ENSG00000095303",5607
"ENSG00000095319",8041
"ENSG00000095321",3803
"ENSG00000095370",4599
"ENSG00000095380",4922
"ENSG00000095383",3563
"ENSG00000095485",3985
"ENSG00000095564",7673
"ENSG00000095574",4821
"ENSG00000095585",3706
"ENSG00000095787",12188
"ENSG00000095794",5695
"ENSG00000095906",4983
"ENSG00000095951",10975
"ENSG00000096060",10628
"ENSG00000096063",6692
"ENSG00000096070",6618
"ENSG00000096080",1284
"ENSG00000096092",992
"ENSG00000096093",7510
"ENSG00000096384",2796
"ENSG00000096401",6423
"ENSG00000096433",9870
"ENSG00000096654",3122
"ENSG00000096717",4551
"ENSG00000096746",5373
"ENSG00000096872",3755
"ENSG00000096968",6068
"ENSG00000096996",4298
"ENSG00000097007",6276
"ENSG00000097033",6827
"ENSG00000097046",3599
"ENSG00000097096",6451
"ENSG00000099139",12705
"ENSG00000099203",1513
"ENSG00000099204",9871
"ENSG00000099219",6528
"ENSG00000099246",6106
"ENSG00000099251",1654
"ENSG00000099290",5162
"ENSG00000099308",6772
"ENSG00000099326",6691
"ENSG00000099331",9948
"ENSG00000099337",3113
"ENSG00000099338",9283
"ENSG00000099341",3105
"ENSG00000099364",4340
"ENSG00000099381",6903
"ENSG00000099385",4398
"ENSG00000099622",6890
"ENSG00000099624",2245
"ENSG00000099783",5606
"ENSG00000099785",2216
"ENSG00000099795",531
"ENSG00000099797",5749
"ENSG00000099800",1973
"ENSG00000099804",2172
"ENSG00000099810",7995
"ENSG00000099817",3991
"ENSG00000099821",5701
"ENSG00000099849",2492
"ENSG00000099860",2138
"ENSG00000099875",5275
"ENSG00000099889",5621
"ENSG00000099899",3963
"ENSG00000099901",4620
"ENSG00000099904",5542
"ENSG00000099910",5112
"ENSG00000099917",10374
"ENSG00000099940",4953
"ENSG00000099942",5325
"ENSG00000099949",7556
"ENSG00000099956",2481
"ENSG00000099968",7527
"ENSG00000099977",1753
"ENSG00000099985",2114
"ENSG00000099991",9388
"ENSG00000099992",7047
"ENSG00000099995",6329
"ENSG00000099999",3079
"ENSG00000100014",7323
"ENSG00000100023",8462
"ENSG00000100027",4713
"ENSG00000100028",2544
"ENSG00000100029",4557
"ENSG00000100030",11336
"ENSG00000100031",4434
"ENSG00000100034",7318
"ENSG00000100038",6641
"ENSG00000100055",6157
"ENSG00000100056",6003
"ENSG00000100058",6435
"ENSG00000100060",3042
"ENSG00000100068",4555
"ENSG00000100075",2089
"ENSG00000100077",9153
"ENSG00000100079",826
"ENSG00000100083",9370
"ENSG00000100084",4431
"ENSG00000100092",6268
"ENSG00000100097",1099
"ENSG00000100099",10782
"ENSG00000100100",3805
"ENSG00000100101",10909
"ENSG00000100104",4319
"ENSG00000100105",5693
"ENSG00000100106",12238
"ENSG00000100109",5431
"ENSG00000100124",4487
"ENSG00000100129",4296
"ENSG00000100138",2780
"ENSG00000100139",5968
"ENSG00000100142",7042
"ENSG00000100147",1270
"ENSG00000100150",8587
"ENSG00000100151",4371
"ENSG00000100154",12641
"ENSG00000100181",12081
"ENSG00000100201",9998
"ENSG00000100207",7548
"ENSG00000100209",1462
"ENSG00000100211",2348
"ENSG00000100216",1583
"ENSG00000100219",3028
"ENSG00000100220",2959
"ENSG00000100221",4326
"ENSG00000100225",8523
"ENSG00000100226",8166
"ENSG00000100227",3650
"ENSG00000100239",5344
"ENSG00000100241",9442
"ENSG00000100242",6490
"ENSG00000100243",5973
"ENSG00000100246",2430
"ENSG00000100258",3071
"ENSG00000100263",3014
"ENSG00000100266",4545
"ENSG00000100271",1877
"ENSG00000100280",6721
"ENSG00000100281",6006
"ENSG00000100284",5869
"ENSG00000100292",2405
"ENSG00000100294",2388
"ENSG00000100296",7878
"ENSG00000100297",7338
"ENSG00000100299",2938
"ENSG00000100300",1455
"ENSG00000100304",4622
"ENSG00000100307",7461
"ENSG00000100316",4787
"ENSG00000100319",3315
"ENSG00000100324",4456
"ENSG00000100325",5394
"ENSG00000100330",9903
"ENSG00000100335",7555
"ENSG00000100342",3519
"ENSG00000100345",8959
"ENSG00000100346",10849
"ENSG00000100347",6435
"ENSG00000100348",2050
"ENSG00000100351",6190
"ENSG00000100353",4070
"ENSG00000100354",19998
"ENSG00000100359",4770
"ENSG00000100360",8009
"ENSG00000100364",10019
"ENSG00000100365",1759
"ENSG00000100368",5061
"ENSG00000100372",3989
"ENSG00000100376",6512
"ENSG00000100379",2783
"ENSG00000100380",4147
"ENSG00000100385",4700
"ENSG00000100387",3092
"ENSG00000100393",9585
"ENSG00000100395",6451
"ENSG00000100401",5463
"ENSG00000100403",10525
"ENSG00000100410",1235
"ENSG00000100412",4041
"ENSG00000100413",6577
"ENSG00000100416",8584
"ENSG00000100417",5082
"ENSG00000100418",4972
"ENSG00000100422",4938
"ENSG00000100425",5850
"ENSG00000100426",6893
"ENSG00000100427",4297
"ENSG00000100439",3117
"ENSG00000100441",7515
"ENSG00000100442",2262
"ENSG00000100445",3099
"ENSG00000100450",951
"ENSG00000100453",1408
"ENSG00000100461",6584
"ENSG00000100462",3467
"ENSG00000100478",4393
"ENSG00000100479",2955
"ENSG00000100483",2055
"ENSG00000100485",6929
"ENSG00000100490",5961
"ENSG00000100503",13683
"ENSG00000100504",4798
"ENSG00000100519",7482
"ENSG00000100522",4009
"ENSG00000100523",10721
"ENSG00000100528",1684
"ENSG00000100532",4104
"ENSG00000100554",4251
"ENSG00000100558",1603
"ENSG00000100564",2915
"ENSG00000100567",3119
"ENSG00000100568",5789
"ENSG00000100577",8477
"ENSG00000100578",7393
"ENSG00000100580",7784
"ENSG00000100591",2948
"ENSG00000100592",10712
"ENSG00000100596",9143
"ENSG00000100599",8683
"ENSG00000100601",2844
"ENSG00000100603",2432
"ENSG00000100605",6783
"ENSG00000100612",3248
"ENSG00000100614",11860
"ENSG00000100628",5040
"ENSG00000100629",9495
"ENSG00000100632",1438
"ENSG00000100644",5150
"ENSG00000100647",5830
"ENSG00000100650",5357
"ENSG00000100664",8505
"ENSG00000100697",12292
"ENSG00000100711",8390
"ENSG00000100714",5924
"ENSG00000100721",2236
"ENSG00000100722",6890
"ENSG00000100726",4239
"ENSG00000100731",16715
"ENSG00000100744",4545
"ENSG00000100749",2744
"ENSG00000100764",3356
"ENSG00000100784",5133
"ENSG00000100796",5912
"ENSG00000100802",3250
"ENSG00000100804",1765
"ENSG00000100811",7481
"ENSG00000100813",9110
"ENSG00000100814",3680
"ENSG00000100815",10372
"ENSG00000100823",1882
"ENSG00000100836",3876
"ENSG00000100852",10887
"ENSG00000100865",3528
"ENSG00000100883",3899
"ENSG00000100888",9781
"ENSG00000100889",4189
"ENSG00000100897",6350
"ENSG00000100902",6474
"ENSG00000100906",2373
"ENSG00000100908",1582
"ENSG00000100911",3579
"ENSG00000100916",3897
"ENSG00000100918",3841
"ENSG00000100934",9017
"ENSG00000100938",3622
"ENSG00000100941",4201
"ENSG00000100949",3545
"ENSG00000100982",2832
"ENSG00000100983",2325
"ENSG00000100985",2336
"ENSG00000100991",3226
"ENSG00000100994",4474
"ENSG00000100997",3429
"ENSG00000101017",2368
"ENSG00000101019",6916
"ENSG00000101040",7684
"ENSG00000101052",2542
"ENSG00000101057",2682
"ENSG00000101079",3248
"ENSG00000101082",2757
"ENSG00000101084",1517
"ENSG00000101096",8286
"ENSG00000101104",4984
"ENSG00000101109",9079
"ENSG00000101126",7133
"ENSG00000101138",2724
"ENSG00000101146",5855
"ENSG00000101150",4679
"ENSG00000101152",5304
"ENSG00000101158",6298
"ENSG00000101160",2038
"ENSG00000101161",3044
"ENSG00000101162",3496
"ENSG00000101166",2977
"ENSG00000101181",5209
"ENSG00000101182",1750
"ENSG00000101189",1636
"ENSG00000101190",3436
"ENSG00000101191",13281
"ENSG00000101193",1791
"ENSG00000101194",4480
"ENSG00000101199",6610
"ENSG00000101216",4707
"ENSG00000101220",2415
"ENSG00000101224",4149
"ENSG00000101236",7668
"ENSG00000101246",7610
"ENSG00000101247",4056
"ENSG00000101255",2948
"ENSG00000101265",5759
"ENSG00000101266",5671
"ENSG00000101290",11893
"ENSG00000101294",5701
"ENSG00000101298",5572
"ENSG00000101307",6091
"ENSG00000101310",4039
"ENSG00000101336",3092
"ENSG00000101337",5415
"ENSG00000101343",4567
"ENSG00000101346",6426
"ENSG00000101347",5214
"ENSG00000101350",6103
"ENSG00000101361",4761
"ENSG00000101363",2045
"ENSG00000101365",2299
"ENSG00000101367",2623
"ENSG00000101384",6292
"ENSG00000101391",4567
"ENSG00000101407",4122
"ENSG00000101412",2503
"ENSG00000101413",4243
"ENSG00000101417",1771
"ENSG00000101421",1646
"ENSG00000101439",2504
"ENSG00000101442",2236
"ENSG00000101444",3894
"ENSG00000101445",6400
"ENSG00000101452",4930
"ENSG00000101457",1883
"ENSG00000101460",1762
"ENSG00000101464",2755
"ENSG00000101473",4213
"ENSG00000101474",2454
"ENSG00000101493",8719
"ENSG00000101544",5893
"ENSG00000101546",3722
"ENSG00000101557",5987
"ENSG00000101558",11880
"ENSG00000101574",5724
"ENSG00000101577",6800
"ENSG00000101596",12210
"ENSG00000101605",6573
"ENSG00000101608",3245
"ENSG00000101624",6158
"ENSG00000101639",9897
"ENSG00000101654",6982
"ENSG00000101665",3692
"ENSG00000101695",6508
"ENSG00000101745",12269
"ENSG00000101751",9472
"ENSG00000101752",10033
"ENSG00000101773",5091
"ENSG00000101782",5320
"ENSG00000101811",2151
"ENSG00000101842",3769
"ENSG00000101843",2459
"ENSG00000101844",2927
"ENSG00000101846",6521
"ENSG00000101849",7006
"ENSG00000101856",1911
"ENSG00000101868",6336
"ENSG00000101882",3515
"ENSG00000101888",3064
"ENSG00000101901",6764
"ENSG00000101911",2758
"ENSG00000101916",4353
"ENSG00000101928",2675
"ENSG00000101935",6516
"ENSG00000101940",4210
"ENSG00000101945",3368
"ENSG00000101966",9025
"ENSG00000101972",8187
"ENSG00000101974",7407
"ENSG00000101986",4233
"ENSG00000101997",2516
"ENSG00000102007",1279
"ENSG00000102010",2806
"ENSG00000102030",4742
"ENSG00000102032",2146
"ENSG00000102034",4316
"ENSG00000102043",3813
"ENSG00000102054",7392
"ENSG00000102078",3202
"ENSG00000102081",5630
"ENSG00000102096",2761
"ENSG00000102100",3183
"ENSG00000102103",1903
"ENSG00000102119",2020
"ENSG00000102125",4825
"ENSG00000102144",5725
"ENSG00000102145",1498
"ENSG00000102158",4862
"ENSG00000102172",2695
"ENSG00000102178",2630
"ENSG00000102181",5732
"ENSG00000102189",10150
"ENSG00000102218",3803
"ENSG00000102221",5134
"ENSG00000102225",6524
"ENSG00000102226",5269
"ENSG00000102241",3136
"ENSG00000102245",1817
"ENSG00000102265",1790
"ENSG00000102309",4011
"ENSG00000102316",2914
"ENSG00000102317",3731
"ENSG00000102349",9022
"ENSG00000102384",4340
"ENSG00000102390",1201
"ENSG00000102393",2065
"ENSG00000102401",4239
"ENSG00000102409",1328
"ENSG00000102445",6101
"ENSG00000102471",4806
"ENSG00000102524",3059
"ENSG00000102531",7634
"ENSG00000102543",3874
"ENSG00000102547",5082
"ENSG00000102554",3889
"ENSG00000102572",6778
"ENSG00000102575",2814
"ENSG00000102580",5591
"ENSG00000102595",8091
"ENSG00000102606",11336
"ENSG00000102699",6080
"ENSG00000102710",10870
"ENSG00000102738",1963
"ENSG00000102743",1837
"ENSG00000102753",4470
"ENSG00000102760",1032
"ENSG00000102763",7633
"ENSG00000102780",18925
"ENSG00000102781",8105
"ENSG00000102786",8817
"ENSG00000102796",3525
"ENSG00000102804",7159
"ENSG00000102805",4221
"ENSG00000102858",8311
"ENSG00000102870",6079
"ENSG00000102871",2567
"ENSG00000102879",4871
"ENSG00000102882",3669
"ENSG00000102886",1891
"ENSG00000102893",11822
"ENSG00000102897",3593
"ENSG00000102898",3895
"ENSG00000102900",5735
"ENSG00000102901",5539
"ENSG00000102908",16401
"ENSG00000102910",9957
"ENSG00000102921",7839
"ENSG00000102931",2124
"ENSG00000102967",4312
"ENSG00000102974",4301
"ENSG00000102977",3218
"ENSG00000102978",3940
"ENSG00000102984",3402
"ENSG00000103005",7298
"ENSG00000103018",6903
"ENSG00000103024",1445
"ENSG00000103035",2740
"ENSG00000103037",4424
"ENSG00000103042",6991
"ENSG00000103043",8278
"ENSG00000103047",6839
"ENSG00000103051",4786
"ENSG00000103056",7163
"ENSG00000103061",5187
"ENSG00000103064",7570
"ENSG00000103066",4460
"ENSG00000103091",7218
"ENSG00000103111",6946
"ENSG00000103121",3428
"ENSG00000103126",7487
"ENSG00000103148",6605
"ENSG00000103150",5317
"ENSG00000103152",1661
"ENSG00000103160",3896
"ENSG00000103168",5565
"ENSG00000103174",5484
"ENSG00000103187",6742
"ENSG00000103194",5083
"ENSG00000103196",7963
"ENSG00000103197",11116
"ENSG00000103199",6465
"ENSG00000103202",3663
"ENSG00000103222",7575
"ENSG00000103227",7843
"ENSG00000103245",8101
"ENSG00000103248",5350
"ENSG00000103249",8119
"ENSG00000103254",1923
"ENSG00000103257",4745
"ENSG00000103264",6810
"ENSG00000103266",2316
"ENSG00000103274",1955
"ENSG00000103275",12368
"ENSG00000103313",4819
"ENSG00000103319",6357
"ENSG00000103326",7720
"ENSG00000103335",10855
"ENSG00000103342",8018
"ENSG00000103343",2876
"ENSG00000103351",7798
"ENSG00000103353",8910
"ENSG00000103356",5730
"ENSG00000103363",1128
"ENSG00000103365",8231
"ENSG00000103381",3221
"ENSG00000103404",12211
"ENSG00000103415",3793
"ENSG00000103423",7071
"ENSG00000103429",4383
"ENSG00000103472",2475
"ENSG00000103479",7530
"ENSG00000103489",11004
"ENSG00000103490",1661
"ENSG00000103494",12857
"ENSG00000103495",4038
"ENSG00000103496",4078
"ENSG00000103502",3325
"ENSG00000103507",3871
"ENSG00000103510",4334
"ENSG00000103512",5819
"ENSG00000103522",4219
"ENSG00000103540",10111
"ENSG00000103544",9736
"ENSG00000103549",6523
"ENSG00000103550",6115
"ENSG00000103569",3235
"ENSG00000103591",3833
"ENSG00000103642",3017
"ENSG00000103653",4572
"ENSG00000103657",17053
"ENSG00000103671",3135
"ENSG00000103707",2437
"ENSG00000103769",5691
"ENSG00000103811",5892
"ENSG00000103876",7063
"ENSG00000103932",7046
"ENSG00000103942",10067
"ENSG00000103966",5066
"ENSG00000103978",5588
"ENSG00000103994",12208
"ENSG00000103995",8168
"ENSG00000104043",10861
"ENSG00000104047",3960
"ENSG00000104064",3877
"ENSG00000104081",5447
"ENSG00000104093",13807
"ENSG00000104129",2919
"ENSG00000104131",3195
"ENSG00000104133",11853
"ENSG00000104142",4049
"ENSG00000104154",7293
"ENSG00000104164",6812
"ENSG00000104177",9261
"ENSG00000104205",5974
"ENSG00000104218",7024
"ENSG00000104219",6735
"ENSG00000104221",2760
"ENSG00000104228",4269
"ENSG00000104231",4214
"ENSG00000104267",2123
"ENSG00000104290",13770
"ENSG00000104299",4905
"ENSG00000104312",3117
"ENSG00000104320",6156
"ENSG00000104324",3457
"ENSG00000104325",3507
"ENSG00000104331",7594
"ENSG00000104341",3197
"ENSG00000104343",9090
"ENSG00000104356",4852
"ENSG00000104361",5599
"ENSG00000104365",10041
"ENSG00000104375",11898
"ENSG00000104381",4052
"ENSG00000104388",5654
"ENSG00000104408",6005
"ENSG00000104412",3779
"ENSG00000104419",9823
"ENSG00000104427",4181
"ENSG00000104442",3408
"ENSG00000104447",11072
"ENSG00000104450",5054
"ENSG00000104472",3301
"ENSG00000104490",8042
"ENSG00000104497",4610
"ENSG00000104517",13085
"ENSG00000104518",5116
"ENSG00000104522",3622
"ENSG00000104524",3244
"ENSG00000104529",9390
"ENSG00000104549",4305
"ENSG00000104613",6869
"ENSG00000104626",6383
"ENSG00000104635",6942
"ENSG00000104643",8795
"ENSG00000104660",5421
"ENSG00000104671",1984
"ENSG00000104679",2630
"ENSG00000104687",3232
"ENSG00000104689",2951
"ENSG00000104691",2750
"ENSG00000104695",4516
"ENSG00000104714",9726
"ENSG00000104728",10792
"ENSG00000104731",9649
"ENSG00000104738",6824
"ENSG00000104756",4380
"ENSG00000104763",5051
"ENSG00000104765",4307
"ENSG00000104774",5374
"ENSG00000104783",3289
"ENSG00000104805",3937
"ENSG00000104812",4246
"ENSG00000104814",3953
"ENSG00000104823",2467
"ENSG00000104824",6821
"ENSG00000104825",2324
"ENSG00000104852",4684
"ENSG00000104853",5229
"ENSG00000104856",3031
"ENSG00000104859",4931
"ENSG00000104866",7825
"ENSG00000104870",4173
"ENSG00000104872",3331
"ENSG00000104880",6235
"ENSG00000104884",6450
"ENSG00000104885",11431
"ENSG00000104886",4736
"ENSG00000104889",2039
"ENSG00000104892",3654
"ENSG00000104894",4161
"ENSG00000104897",3131
"ENSG00000104903",3119
"ENSG00000104904",3457
"ENSG00000104907",3364
"ENSG00000104915",1796
"ENSG00000104918",514
"ENSG00000104946",4731
"ENSG00000104957",3307
"ENSG00000104960",5962
"ENSG00000104964",5298
"ENSG00000104969",3801
"ENSG00000104972",5078
"ENSG00000104973",6116
"ENSG00000104974",3587
"ENSG00000104976",2000
"ENSG00000104979",1174
"ENSG00000104980",4888
"ENSG00000104983",2704
"ENSG00000104998",2677
"ENSG00000105011",2304
"ENSG00000105053",9796
"ENSG00000105058",1921
"ENSG00000105063",6583
"ENSG00000105085",5330
"ENSG00000105122",4681
"ENSG00000105127",4296
"ENSG00000105135",5615
"ENSG00000105136",6591
"ENSG00000105171",6574
"ENSG00000105176",4528
"ENSG00000105185",2253
"ENSG00000105186",7855
"ENSG00000105193",2603
"ENSG00000105197",6908
"ENSG00000105202",2173
"ENSG00000105204",3192
"ENSG00000105205",635
"ENSG00000105220",9112
"ENSG00000105221",15035
"ENSG00000105223",5184
"ENSG00000105227",5767
"ENSG00000105229",3646
"ENSG00000105248",1671
"ENSG00000105254",3326
"ENSG00000105258",1269
"ENSG00000105281",3332
"ENSG00000105287",5446
"ENSG00000105289",4259
"ENSG00000105298",5952
"ENSG00000105321",3407
"ENSG00000105323",6537
"ENSG00000105325",5802
"ENSG00000105327",3178
"ENSG00000105329",3238
"ENSG00000105339",14670
"ENSG00000105341",4381
"ENSG00000105352",1364
"ENSG00000105355",2813
"ENSG00000105364",4070
"ENSG00000105369",1503
"ENSG00000105371",1427
"ENSG00000105372",3805
"ENSG00000105373",5341
"ENSG00000105374",935
"ENSG00000105379",6526
"ENSG00000105383",5975
"ENSG00000105393",2632
"ENSG00000105397",6687
"ENSG00000105401",3041
"ENSG00000105402",5839
"ENSG00000105404",1999
"ENSG00000105426",9460
"ENSG00000105429",11372
"ENSG00000105438",2251
"ENSG00000105443",9509
"ENSG00000105447",5763
"ENSG00000105483",12894
"ENSG00000105486",6572
"ENSG00000105497",4626
"ENSG00000105501",3319
"ENSG00000105514",4417
"ENSG00000105516",6544
"ENSG00000105518",1606
"ENSG00000105519",4097
"ENSG00000105520",3273
"ENSG00000105552",4553
"ENSG00000105556",3738
"ENSG00000105568",5338
"ENSG00000105576",7029
"ENSG00000105583",2656
"ENSG00000105607",4136
"ENSG00000105610",1592
"ENSG00000105612",2389
"ENSG00000105617",1542
"ENSG00000105618",2616
"ENSG00000105619",1240
"ENSG00000105639",6813
"ENSG00000105640",3527
"ENSG00000105643",4637
"ENSG00000105656",4929
"ENSG00000105662",6826
"ENSG00000105669",2885
"ENSG00000105671",2774
"ENSG00000105676",3495
"ENSG00000105677",1932
"ENSG00000105698",4952
"ENSG00000105699",2916
"ENSG00000105700",4112
"ENSG00000105701",2902
"ENSG00000105705",5356
"ENSG00000105708",2949
"ENSG00000105717",2548
"ENSG00000105722",3295
"ENSG00000105723",4126
"ENSG00000105726",8376
"ENSG00000105732",4666
"ENSG00000105738",10335
"ENSG00000105750",4668
"ENSG00000105755",1604
"ENSG00000105771",4770
"ENSG00000105778",14928
"ENSG00000105793",10436
"ENSG00000105810",12260
"ENSG00000105819",4835
"ENSG00000105821",6564
"ENSG00000105829",5247
"ENSG00000105835",9049
"ENSG00000105849",3997
"ENSG00000105851",5930
"ENSG00000105854",3712
"ENSG00000105856",6351
"ENSG00000105865",5436
"ENSG00000105866",6234
"ENSG00000105875",6063
"ENSG00000105879",5481
"ENSG00000105887",3775
"ENSG00000105926",9369
"ENSG00000105939",8235
"ENSG00000105948",4999
"ENSG00000105953",5209
"ENSG00000105963",5060
"ENSG00000105967",8644
"ENSG00000105968",4749
"ENSG00000105983",11813
"ENSG00000105993",14981
"ENSG00000106003",3372
"ENSG00000106009",6639
"ENSG00000106012",9207
"ENSG00000106028",4961
"ENSG00000106034",7705
"ENSG00000106049",2323
"ENSG00000106052",8661
"ENSG00000106066",3340
"ENSG00000106069",10853
"ENSG00000106070",9944
"ENSG00000106077",2289
"ENSG00000106080",5326
"ENSG00000106086",10192
"ENSG00000106100",6820
"ENSG00000106105",4152
"ENSG00000106123",5355
"ENSG00000106133",2576
"ENSG00000106144",8020
"ENSG00000106153",1132
"ENSG00000106244",2854
"ENSG00000106245",2381
"ENSG00000106246",5914
"ENSG00000106261",10299
"ENSG00000106263",8998
"ENSG00000106266",5773
"ENSG00000106268",2006
"ENSG00000106290",4086
"ENSG00000106299",4435
"ENSG00000106305",1838
"ENSG00000106327",5065
"ENSG00000106344",15866
"ENSG00000106346",7072
"ENSG00000106348",3662
"ENSG00000106351",5478
"ENSG00000106355",4694
"ENSG00000106367",1539
"ENSG00000106392",7805
"ENSG00000106397",5671
"ENSG00000106399",3232
"ENSG00000106400",5510
"ENSG00000106404",2893
"ENSG00000106415",6885
"ENSG00000106443",8727
"ENSG00000106459",4125
"ENSG00000106460",13867
"ENSG00000106462",4522
"ENSG00000106477",12566
"ENSG00000106479",8430
"ENSG00000106484",4624
"ENSG00000106524",2854
"ENSG00000106526",6448
"ENSG00000106537",2224
"ENSG00000106546",6661
"ENSG00000106554",3718
"ENSG00000106560",2097
"ENSG00000106588",5332
"ENSG00000106591",3534
"ENSG00000106603",11820
"ENSG00000106605",1819
"ENSG00000106608",7844
"ENSG00000106609",5086
"ENSG00000106610",2501
"ENSG00000106615",3535
"ENSG00000106617",6740
"ENSG00000106628",3667
"ENSG00000106635",3542
"ENSG00000106636",3707
"ENSG00000106638",5067
"ENSG00000106665",7315
"ENSG00000106682",3191
"ENSG00000106683",6902
"ENSG00000106692",8032
"ENSG00000106701",9877
"ENSG00000106714",9525
"ENSG00000106723",4914
"ENSG00000106733",3865
"ENSG00000106771",9484
"ENSG00000106780",6433
"ENSG00000106785",5533
"ENSG00000106789",5717
"ENSG00000106799",6844
"ENSG00000106803",1190
"ENSG00000106804",6530
"ENSG00000106829",8075
"ENSG00000106868",4183
"ENSG00000106948",10601
"ENSG00000106952",2348
"ENSG00000106993",3949
"ENSG00000107020",1493
"ENSG00000107021",3982
"ENSG00000107036",8591
"ENSG00000107077",10322
"ENSG00000107099",13782
"ENSG00000107104",11285
"ENSG00000107140",3233
"ENSG00000107164",5507
"ENSG00000107175",1903
"ENSG00000107185",7180
"ENSG00000107201",5225
"ENSG00000107223",1200
"ENSG00000107242",4673
"ENSG00000107262",7108
"ENSG00000107263",7123
"ENSG00000107281",2737
"ENSG00000107290",12140
"ENSG00000107331",11508
"ENSG00000107341",4075
"ENSG00000107362",2959
"ENSG00000107371",3023
"ENSG00000107372",7065
"ENSG00000107404",3486
"ENSG00000107438",2239
"ENSG00000107443",4148
"ENSG00000107485",3253
"ENSG00000107521",5277
"ENSG00000107537",3381
"ENSG00000107551",9481
"ENSG00000107554",8634
"ENSG00000107560",6169
"ENSG00000107566",5792
"ENSG00000107581",6048
"ENSG00000107611",13168
"ENSG00000107614",10535
"ENSG00000107625",2691
"ENSG00000107643",9613
"ENSG00000107651",5684
"ENSG00000107669",5690
"ENSG00000107672",3546
"ENSG00000107679",13780
"ENSG00000107736",17359
"ENSG00000107738",5128
"ENSG00000107742",6572
"ENSG00000107745",4254
"ENSG00000107758",5303
"ENSG00000107771",8420
"ENSG00000107779",11360
"ENSG00000107789",3016
"ENSG00000107798",4940
"ENSG00000107815",3508
"ENSG00000107816",6547
"ENSG00000107819",4628
"ENSG00000107829",5036
"ENSG00000107833",928
"ENSG00000107854",6157
"ENSG00000107862",6641
"ENSG00000107863",10739
"ENSG00000107864",7895
"ENSG00000107872",2593
"ENSG00000107874",1412
"ENSG00000107882",6865
"ENSG00000107890",8241
"ENSG00000107897",4339
"ENSG00000107902",4064
"ENSG00000107929",10125
"ENSG00000107937",6161
"ENSG00000107938",7741
"ENSG00000107949",4499
"ENSG00000107951",8382
"ENSG00000107954",4961
"ENSG00000107957",12436
"ENSG00000107959",6949
"ENSG00000107960",1617
"ENSG00000107968",3601
"ENSG00000108010",2275
"ENSG00000108021",10960
"ENSG00000108039",6691
"ENSG00000108055",4275
"ENSG00000108061",4433
"ENSG00000108064",5606
"ENSG00000108091",7345
"ENSG00000108094",4992
"ENSG00000108100",4998
"ENSG00000108106",1249
"ENSG00000108107",6927
"ENSG00000108175",10735
"ENSG00000108179",2674
"ENSG00000108187",5172
"ENSG00000108219",17883
"ENSG00000108239",6921
"ENSG00000108244",2902
"ENSG00000108256",10850
"ENSG00000108262",5635
"ENSG00000108264",5654
"ENSG00000108270",4714
"ENSG00000108278",6688
"ENSG00000108292",13315
"ENSG00000108294",1179
"ENSG00000108296",3848
"ENSG00000108298",2368
"ENSG00000108306",3261
"ENSG00000108309",4905
"ENSG00000108312",6993
"ENSG00000108344",4964
"ENSG00000108349",6380
"ENSG00000108384",3349
"ENSG00000108389",7467
"ENSG00000108395",5482
"ENSG00000108405",3970
"ENSG00000108406",6092
"ENSG00000108423",3320
"ENSG00000108424",7678
"ENSG00000108433",5438
"ENSG00000108439",2861
"ENSG00000108443",7647
"ENSG00000108465",6070
"ENSG00000108468",3087
"ENSG00000108469",8766
"ENSG00000108474",4929
"ENSG00000108479",2891
"ENSG00000108506",7129
"ENSG00000108509",6012
"ENSG00000108510",12677
"ENSG00000108515",4292
"ENSG00000108518",1987
"ENSG00000108523",2744
"ENSG00000108528",2669
"ENSG00000108557",9696
"ENSG00000108559",5294
"ENSG00000108561",2335
"ENSG00000108578",5122
"ENSG00000108582",12532
"ENSG00000108587",9855
"ENSG00000108588",4537
"ENSG00000108590",2103
"ENSG00000108591",7411
"ENSG00000108592",5212
"ENSG00000108599",4848
"ENSG00000108604",3731
"ENSG00000108622",3243
"ENSG00000108639",4074
"ENSG00000108651",6445
"ENSG00000108654",7319
"ENSG00000108666",2821
"ENSG00000108669",7754
"ENSG00000108671",7200
"ENSG00000108679",3584
"ENSG00000108733",2853
"ENSG00000108771",3843
"ENSG00000108773",3769
"ENSG00000108774",2734
"ENSG00000108784",3004
"ENSG00000108788",4259
"ENSG00000108798",2456
"ENSG00000108799",6992
"ENSG00000108819",4290
"ENSG00000108826",3027
"ENSG00000108828",3501
"ENSG00000108829",4570
"ENSG00000108840",7618
"ENSG00000108846",9614
"ENSG00000108848",8151
"ENSG00000108854",6961
"ENSG00000108861",5012
"ENSG00000108883",10375
"ENSG00000108932",4056
"ENSG00000108946",6798
"ENSG00000108953",3847
"ENSG00000108958",408
"ENSG00000108960",3177
"ENSG00000108961",1577
"ENSG00000108963",5757
"ENSG00000108984",6125
"ENSG00000109016",5544
"ENSG00000109046",6307
"ENSG00000109062",2315
"ENSG00000109063",6686
"ENSG00000109065",4049
"ENSG00000109066",4983
"ENSG00000109079",3889
"ENSG00000109083",3226
"ENSG00000109084",3030
"ENSG00000109103",5128
"ENSG00000109107",2928
"ENSG00000109111",10615
"ENSG00000109113",3328
"ENSG00000109118",12227
"ENSG00000109133",8240
"ENSG00000109171",6524
"ENSG00000109180",4714
"ENSG00000109184",7625
"ENSG00000109189",8917
"ENSG00000109220",1318
"ENSG00000109270",4226
"ENSG00000109320",6257
"ENSG00000109323",8422
"ENSG00000109332",10069
"ENSG00000109381",8560
"ENSG00000109390",1941
"ENSG00000109436",5603
"ENSG00000109445",2536
"ENSG00000109452",14153
"ENSG00000109458",10119
"ENSG00000109466",3872
"ENSG00000109475",3393
"ENSG00000109519",4177
"ENSG00000109534",2043
"ENSG00000109536",1707
"ENSG00000109572",8105
"ENSG00000109586",6865
"ENSG00000109606",8162
"ENSG00000109618",6381
"ENSG00000109654",9333
"ENSG00000109667",6614
"ENSG00000109670",10288
"ENSG00000109674",2959
"ENSG00000109680",3434
"ENSG00000109685",19776
"ENSG00000109689",6909
"ENSG00000109736",3159
"ENSG00000109743",2980
"ENSG00000109756",12005
"ENSG00000109762",4567
"ENSG00000109775",2781
"ENSG00000109787",6297
"ENSG00000109790",5144
"ENSG00000109814",4045
"ENSG00000109854",2797
"ENSG00000109861",11421
"ENSG00000109906",6372
"ENSG00000109911",2219
"ENSG00000109917",3148
"ENSG00000109919",2897
"ENSG00000109920",7593
"ENSG00000109929",5566
"ENSG00000109943",2675
"ENSG00000109944",4525
"ENSG00000109971",4849
"ENSG00000110002",6403
"ENSG00000110011",2807
"ENSG00000110013",7911
"ENSG00000110031",2467
"ENSG00000110042",6072
"ENSG00000110046",7883
"ENSG00000110047",7088
"ENSG00000110048",5492
"ENSG00000110057",3438
"ENSG00000110060",2009
"ENSG00000110063",3352
"ENSG00000110066",8632
"ENSG00000110074",5657
"ENSG00000110075",8333
"ENSG00000110077",6197
"ENSG00000110079",2508
"ENSG00000110080",4462
"ENSG00000110090",6565
"ENSG00000110104",2044
"ENSG00000110107",2739
"ENSG00000110108",2421
"ENSG00000110171",6710
"ENSG00000110172",10655
"ENSG00000110200",2883
"ENSG00000110203",1394
"ENSG00000110218",2769
"ENSG00000110274",11851
"ENSG00000110315",7820
"ENSG00000110318",8191
"ENSG00000110321",8655
"ENSG00000110324",6546
"ENSG00000110330",4517
"ENSG00000110344",6576
"ENSG00000110367",9885
"ENSG00000110395",11465
"ENSG00000110422",7958
"ENSG00000110429",12446
"ENSG00000110435",3760
"ENSG00000110442",2839
"ENSG00000110446",6118
"ENSG00000110448",3221
"ENSG00000110455",5826
"ENSG00000110497",7673
"ENSG00000110514",8353
"ENSG00000110536",2740
"ENSG00000110583",5321
"ENSG00000110619",10037
"ENSG00000110628",5316
"ENSG00000110651",7394
"ENSG00000110660",3717
"ENSG00000110665",4199
"ENSG00000110693",19632
"ENSG00000110696",8675
"ENSG00000110697",6449
"ENSG00000110700",2186
"ENSG00000110711",1640
"ENSG00000110713",9913
"ENSG00000110717",4523
"ENSG00000110719",4384
"ENSG00000110721",3877
"ENSG00000110723",10843
"ENSG00000110756",6425
"ENSG00000110768",6939
"ENSG00000110777",7416
"ENSG00000110801",8778
"ENSG00000110841",10330
"ENSG00000110844",9444
"ENSG00000110848",2832
"ENSG00000110851",4777
"ENSG00000110852",2638
"ENSG00000110871",2523
"ENSG00000110876",2843
"ENSG00000110880",6532
"ENSG00000110888",8360
"ENSG00000110906",9865
"ENSG00000110911",9823
"ENSG00000110917",6723
"ENSG00000110921",5618
"ENSG00000110925",5228
"ENSG00000110931",6928
"ENSG00000110934",3976
"ENSG00000110944",1041
"ENSG00000110955",2268
"ENSG00000110958",3315
"ENSG00000110987",6563
"ENSG00000111011",7556
"ENSG00000111052",6795
"ENSG00000111110",7063
"ENSG00000111142",4491
"ENSG00000111144",7350
"ENSG00000111145",4648
"ENSG00000111181",5683
"ENSG00000111196",3033
"ENSG00000111203",6250
"ENSG00000111215",4697
"ENSG00000111224",6194
"ENSG00000111229",3025
"ENSG00000111231",2595
"ENSG00000111237",3211
"ENSG00000111252",5682
"ENSG00000111261",2807
"ENSG00000111266",4039
"ENSG00000111269",3922
"ENSG00000111271",8926
"ENSG00000111275",2169
"ENSG00000111276",2811
"ENSG00000111300",10121
"ENSG00000111321",6276
"ENSG00000111325",4608
"ENSG00000111328",3107
"ENSG00000111331",8251
"ENSG00000111335",6264
"ENSG00000111348",2102
"ENSG00000111358",3907
"ENSG00000111361",3627
"ENSG00000111364",5714
"ENSG00000111371",10013
"ENSG00000111412",3061
"ENSG00000111424",5674
"ENSG00000111445",3248
"ENSG00000111450",3723
"ENSG00000111452",14720
"ENSG00000111481",3901
"ENSG00000111490",9032
"ENSG00000111530",13655
"ENSG00000111540",4611
"ENSG00000111554",6549
"ENSG00000111581",5516
"ENSG00000111596",13186
"ENSG00000111602",5072
"ENSG00000111605",7190
"ENSG00000111615",4706
"ENSG00000111639",1453
"ENSG00000111640",2975
"ENSG00000111641",4687
"ENSG00000111642",7474
"ENSG00000111644",2843
"ENSG00000111647",6616
"ENSG00000111652",3113
"ENSG00000111653",2736
"ENSG00000111666",6004
"ENSG00000111667",3738
"ENSG00000111669",2700
"ENSG00000111670",9620
"ENSG00000111671",2452
"ENSG00000111674",4281
"ENSG00000111678",1806
"ENSG00000111679",5009
"ENSG00000111684",4724
"ENSG00000111696",8722
"ENSG00000111707",5758
"ENSG00000111711",3789
"ENSG00000111716",2983
"ENSG00000111725",6246
"ENSG00000111726",2018
"ENSG00000111727",5110
"ENSG00000111728",14483
"ENSG00000111729",1281
"ENSG00000111731",6770
"ENSG00000111737",4022
"ENSG00000111752",6090
"ENSG00000111775",1344
"ENSG00000111785",7791
"ENSG00000111786",3744
"ENSG00000111790",5971
"ENSG00000111796",1448
"ENSG00000111801",5658
"ENSG00000111802",3082
"ENSG00000111817",11498
"ENSG00000111832",5909
"ENSG00000111837",4378
"ENSG00000111843",1321
"ENSG00000111845",1800
"ENSG00000111846",9052
"ENSG00000111850",2923
"ENSG00000111859",10359
"ENSG00000111860",9462
"ENSG00000111863",4150
"ENSG00000111875",2517
"ENSG00000111877",12496
"ENSG00000111879",7766
"ENSG00000111880",4826
"ENSG00000111885",5514
"ENSG00000111897",3137
"ENSG00000111906",5946
"ENSG00000111911",3311
"ENSG00000111912",6737
"ENSG00000111913",7697
"ENSG00000111961",8598
"ENSG00000111962",4563
"ENSG00000112029",3823
"ENSG00000112031",4273
"ENSG00000112033",4458
"ENSG00000112039",2554
"ENSG00000112053",6036
"ENSG00000112062",6826
"ENSG00000112077",1912
"ENSG00000112078",6239
"ENSG00000112079",3576
"ENSG00000112081",5283
"ENSG00000112096",18985
"ENSG00000112110",1375
"ENSG00000112118",3650
"ENSG00000112130",6575
"ENSG00000112137",8489
"ENSG00000112144",6259
"ENSG00000112146",8164
"ENSG00000112149",2471
"ENSG00000112159",18602
"ENSG00000112167",2925
"ENSG00000112182",9786
"ENSG00000112195",3302
"ENSG00000112200",16416
"ENSG00000112208",6870
"ENSG00000112234",8076
"ENSG00000112237",5765
"ENSG00000112242",4774
"ENSG00000112245",5796
"ENSG00000112249",11731
"ENSG00000112282",7448
"ENSG00000112294",5525
"ENSG00000112297",8009
"ENSG00000112299",3106
"ENSG00000112303",2633
"ENSG00000112304",4394
"ENSG00000112305",4343
"ENSG00000112306",767
"ENSG00000112308",4134
"ENSG00000112312",2476
"ENSG00000112335",1842
"ENSG00000112339",11099
"ENSG00000112343",5345
"ENSG00000112357",1832
"ENSG00000112365",5519
"ENSG00000112367",3608
"ENSG00000112394",11159
"ENSG00000112406",5614
"ENSG00000112419",11224
"ENSG00000112425",4820
"ENSG00000112531",17368
"ENSG00000112561",5648
"ENSG00000112576",5300
"ENSG00000112578",2248
"ENSG00000112584",6029
"ENSG00000112592",2038
"ENSG00000112624",6688
"ENSG00000112640",3314
"ENSG00000112651",2539
"ENSG00000112658",4262
"ENSG00000112659",12251
"ENSG00000112667",1250
"ENSG00000112679",5686
"ENSG00000112685",4989
"ENSG00000112695",1922
"ENSG00000112697",5123
"ENSG00000112699",4304
"ENSG00000112701",11417
"ENSG00000112715",14431
"ENSG00000112739",8016
"ENSG00000112759",3433
"ENSG00000112763",3753
"ENSG00000112773",6053
"ENSG00000112782",5961
"ENSG00000112787",9309
"ENSG00000112796",4264
"ENSG00000112799",1254
"ENSG00000112851",10216
"ENSG00000112855",3422
"ENSG00000112877",3658
"ENSG00000112893",11815
"ENSG00000112941",5187
"ENSG00000112972",4702
"ENSG00000112977",3361
"ENSG00000112983",7046
"ENSG00000112992",8245
"ENSG00000112996",6202
"ENSG00000113013",4751
"ENSG00000113048",6511
"ENSG00000113068",2156
"ENSG00000113088",1570
"ENSG00000113108",4784
"ENSG00000113119",3502
"ENSG00000113140",4831
"ENSG00000113141",4096
"ENSG00000113161",6215
"ENSG00000113163",8697
"ENSG00000113194",5954
"ENSG00000113240",7924
"ENSG00000113263",8604
"ENSG00000113269",12822
"ENSG00000113272",3220
"ENSG00000113273",7189
"ENSG00000113282",6368
"ENSG00000113300",6586
"ENSG00000113303",3924
"ENSG00000113312",1938
"ENSG00000113318",4709
"ENSG00000113319",10702
"ENSG00000113328",3096
"ENSG00000113360",7780
"ENSG00000113368",3635
"ENSG00000113369",4934
"ENSG00000113384",2785
"ENSG00000113387",9324
"ENSG00000113391",5071
"ENSG00000113407",5718
"ENSG00000113441",15266
"ENSG00000113448",15882
"ENSG00000113456",6763
"ENSG00000113460",5011
"ENSG00000113494",13208
"ENSG00000113504",6001
"ENSG00000113522",8091
"ENSG00000113532",7794
"ENSG00000113552",3961
"ENSG00000113558",12764
"ENSG00000113569",9233
"ENSG00000113575",5661
"ENSG00000113580",9172
"ENSG00000113583",2414
"ENSG00000113593",3777
"ENSG00000113595",4807
"ENSG00000113597",7049
"ENSG00000113615",7201
"ENSG00000113621",5265
"ENSG00000113638",2612
"ENSG00000113643",3421
"ENSG00000113648",17730
"ENSG00000113649",8714
"ENSG00000113658",8778
"ENSG00000113712",7606
"ENSG00000113716",5934
"ENSG00000113719",14139
"ENSG00000113732",1623
"ENSG00000113734",2440
"ENSG00000113742",10272
"ENSG00000113749",4055
"ENSG00000113758",5119
"ENSG00000113761",4686
"ENSG00000113810",8457
"ENSG00000113811",2165
"ENSG00000113812",4066
"ENSG00000113838",3405
"ENSG00000113845",2730
"ENSG00000113851",7163
"ENSG00000113916",5938
"ENSG00000113924",2983
"ENSG00000113966",2261
"ENSG00000113971",13270
"ENSG00000114013",3430
"ENSG00000114021",4495
"ENSG00000114023",3793
"ENSG00000114026",8733
"ENSG00000114030",8451
"ENSG00000114054",7532
"ENSG00000114062",5812
"ENSG00000114098",9829
"ENSG00000114107",4421
"ENSG00000114120",9229
"ENSG00000114125",3147
"ENSG00000114126",11895
"ENSG00000114127",11982
"ENSG00000114166",5634
"ENSG00000114209",3275
"ENSG00000114268",6153
"ENSG00000114302",6644
"ENSG00000114316",6659
"ENSG00000114331",11088
"ENSG00000114346",5499
"ENSG00000114353",7650
"ENSG00000114354",4923
"ENSG00000114383",2406
"ENSG00000114388",3677
"ENSG00000114391",2682
"ENSG00000114395",2076
"ENSG00000114416",12054
"ENSG00000114423",12148
"ENSG00000114439",11877
"ENSG00000114446",3766
"ENSG00000114450",3922
"ENSG00000114473",7474
"ENSG00000114480",5171
"ENSG00000114491",3499
"ENSG00000114503",5114
"ENSG00000114520",2702
"ENSG00000114541",10016
"ENSG00000114544",6592
"ENSG00000114554",10944
"ENSG00000114573",5130
"ENSG00000114626",6154
"ENSG00000114648",7065
"ENSG00000114650",6282
"ENSG00000114656",7811
"ENSG00000114670",5340
"ENSG00000114686",2715
"ENSG00000114735",8192
"ENSG00000114737",5112
"ENSG00000114738",3913
"ENSG00000114739",15744
"ENSG00000114742",7481
"ENSG00000114744",4901
"ENSG00000114745",6256
"ENSG00000114767",1578
"ENSG00000114770",11441
"ENSG00000114779",3161
"ENSG00000114784",1912
"ENSG00000114796",8650
"ENSG00000114812",7378
"ENSG00000114841",13872
"ENSG00000114850",4627
"ENSG00000114853",5507
"ENSG00000114857",17350
"ENSG00000114861",13359
"ENSG00000114867",8257
"ENSG00000114902",2344
"ENSG00000114904",4056
"ENSG00000114933",14373
"ENSG00000114942",1915
"ENSG00000114948",6418
"ENSG00000114956",1455
"ENSG00000114978",6454
"ENSG00000114982",9015
"ENSG00000114988",2709
"ENSG00000114999",15732
"ENSG00000115020",10832
"ENSG00000115042",5665
"ENSG00000115053",6929
"ENSG00000115073",2887
"ENSG00000115084",7445
"ENSG00000115085",5111
"ENSG00000115091",12049
"ENSG00000115109",9281
"ENSG00000115128",1197
"ENSG00000115129",2312
"ENSG00000115137",5624
"ENSG00000115145",7005
"ENSG00000115159",7155
"ENSG00000115165",3428
"ENSG00000115170",3988
"ENSG00000115204",4653
"ENSG00000115207",5704
"ENSG00000115211",5341
"ENSG00000115216",5329
"ENSG00000115221",6348
"ENSG00000115232",7901
"ENSG00000115233",7698
"ENSG00000115234",3350
"ENSG00000115239",6505
"ENSG00000115241",4092
"ENSG00000115267",4528
"ENSG00000115268",2226
"ENSG00000115271",3664
"ENSG00000115274",2466
"ENSG00000115275",3411
"ENSG00000115282",5094
"ENSG00000115286",7522
"ENSG00000115289",2629
"ENSG00000115295",7775
"ENSG00000115306",16722
"ENSG00000115307",2634
"ENSG00000115310",6642
"ENSG00000115317",2998
"ENSG00000115318",4363
"ENSG00000115325",3049
"ENSG00000115339",4686
"ENSG00000115350",2151
"ENSG00000115355",14537
"ENSG00000115364",4601
"ENSG00000115365",5254
"ENSG00000115368",5066
"ENSG00000115392",2418
"ENSG00000115415",6053
"ENSG00000115419",9827
"ENSG00000115421",8501
"ENSG00000115423",13514
"ENSG00000115425",3182
"ENSG00000115446",2230
"ENSG00000115459",7258
"ENSG00000115464",18125
"ENSG00000115484",2830
"ENSG00000115486",9098
"ENSG00000115504",8219
"ENSG00000115514",2816
"ENSG00000115520",2722
"ENSG00000115523",3051
"ENSG00000115524",9164
"ENSG00000115525",5701
"ENSG00000115526",4482
"ENSG00000115539",1831
"ENSG00000115540",4296
"ENSG00000115541",1977
"ENSG00000115548",13423
"ENSG00000115561",7393
"ENSG00000115568",6982
"ENSG00000115590",3073
"ENSG00000115594",7083
"ENSG00000115602",5746
"ENSG00000115604",4336
"ENSG00000115607",2966
"ENSG00000115649",2760
"ENSG00000115652",7145
"ENSG00000115661",4368
"ENSG00000115677",12182
"ENSG00000115685",3781
"ENSG00000115687",10686
"ENSG00000115694",7581
"ENSG00000115738",2205
"ENSG00000115750",4064
"ENSG00000115756",5675
"ENSG00000115758",2968
"ENSG00000115760",17723
"ENSG00000115761",3812
"ENSG00000115762",6685
"ENSG00000115806",5340
"ENSG00000115808",8345
"ENSG00000115816",3629
"ENSG00000115825",10244
"ENSG00000115827",7655
"ENSG00000115828",2599
"ENSG00000115839",6675
"ENSG00000115840",5169
"ENSG00000115841",5999
"ENSG00000115866",4014
"ENSG00000115875",4045
"ENSG00000115896",7925
"ENSG00000115902",6939
"ENSG00000115904",9350
"ENSG00000115919",3070
"ENSG00000115935",9121
"ENSG00000115942",5835
"ENSG00000115944",5605
"ENSG00000115946",2674
"ENSG00000115947",9018
"ENSG00000115956",3314
"ENSG00000115966",5751
"ENSG00000115970",14331
"ENSG00000115977",14926
"ENSG00000115993",7595
"ENSG00000115998",3630
"ENSG00000116001",6607
"ENSG00000116005",5886
"ENSG00000116016",7296
"ENSG00000116017",7504
"ENSG00000116030",2164
"ENSG00000116044",5907
"ENSG00000116062",10805
"ENSG00000116095",14193
"ENSG00000116106",7554
"ENSG00000116120",3429
"ENSG00000116127",14066
"ENSG00000116128",6420
"ENSG00000116133",4441
"ENSG00000116138",8563
"ENSG00000116151",8403
"ENSG00000116157",1691
"ENSG00000116161",4510
"ENSG00000116171",8305
"ENSG00000116191",7422
"ENSG00000116198",7876
"ENSG00000116199",6039
"ENSG00000116205",5826
"ENSG00000116209",4156
"ENSG00000116212",2411
"ENSG00000116213",7604
"ENSG00000116221",2544
"ENSG00000116237",4910
"ENSG00000116251",4900
"ENSG00000116260",9311
"ENSG00000116266",5895
"ENSG00000116273",3681
"ENSG00000116288",2397
"ENSG00000116299",9298
"ENSG00000116337",6828
"ENSG00000116350",3211
"ENSG00000116353",3922
"ENSG00000116406",7804
"ENSG00000116455",2805
"ENSG00000116459",3383
"ENSG00000116473",5733
"ENSG00000116478",4009
"ENSG00000116489",4130
"ENSG00000116497",9190
"ENSG00000116514",2610
"ENSG00000116521",2442
"ENSG00000116525",3646
"ENSG00000116539",13296
"ENSG00000116560",7426
"ENSG00000116574",4372
"ENSG00000116580",11912
"ENSG00000116584",9213
"ENSG00000116586",1438
"ENSG00000116604",6400
"ENSG00000116641",10873
"ENSG00000116649",1898
"ENSG00000116663",1811
"ENSG00000116667",10971
"ENSG00000116668",4054
"ENSG00000116670",3324
"ENSG00000116675",6907
"ENSG00000116678",11457
"ENSG00000116679",7929
"ENSG00000116685",3281
"ENSG00000116688",4973
"ENSG00000116691",2821
"ENSG00000116698",8317
"ENSG00000116701",2928
"ENSG00000116704",7154
"ENSG00000116711",2875
"ENSG00000116717",2069
"ENSG00000116729",4513
"ENSG00000116731",10923
"ENSG00000116741",2086
"ENSG00000116747",9102
"ENSG00000116750",7108
"ENSG00000116752",1299
"ENSG00000116754",8477
"ENSG00000116771",2500
"ENSG00000116786",4122
"ENSG00000116791",4081
"ENSG00000116793",7170
"ENSG00000116809",4240
"ENSG00000116815",1783
"ENSG00000116824",1679
"ENSG00000116830",10181
"ENSG00000116852",12148
"ENSG00000116857",3915
"ENSG00000116863",1668
"ENSG00000116871",5271
"ENSG00000116874",3847
"ENSG00000116898",2916
"ENSG00000116903",5119
"ENSG00000116906",3173
"ENSG00000116918",6241
"ENSG00000116922",4423
"ENSG00000116954",5167
"ENSG00000116957",2568
"ENSG00000116962",5864
"ENSG00000116977",9710
"ENSG00000116983",4856
"ENSG00000116984",11402
"ENSG00000116990",5065
"ENSG00000116991",7641
"ENSG00000117000",6246
"ENSG00000117009",5946
"ENSG00000117010",3039
"ENSG00000117016",7235
"ENSG00000117020",7499
"ENSG00000117036",6707
"ENSG00000117054",4779
"ENSG00000117090",4219
"ENSG00000117091",2494
"ENSG00000117115",6002
"ENSG00000117118",2462
"ENSG00000117133",1728
"ENSG00000117139",9185
"ENSG00000117143",3405
"ENSG00000117151",6939
"ENSG00000117153",3552
"ENSG00000117155",8651
"ENSG00000117174",6197
"ENSG00000117222",4404
"ENSG00000117226",4297
"ENSG00000117228",4992
"ENSG00000117242",4443
"ENSG00000117262",5587
"ENSG00000117280",3882
"ENSG00000117281",3991
"ENSG00000117289",3626
"ENSG00000117298",7265
"ENSG00000117305",5658
"ENSG00000117308",3955
"ENSG00000117318",1797
"ENSG00000117322",4885
"ENSG00000117335",8708
"ENSG00000117360",5373
"ENSG00000117362",3468
"ENSG00000117385",6766
"ENSG00000117394",4208
"ENSG00000117395",3561
"ENSG00000117408",5083
"ENSG00000117410",3535
"ENSG00000117419",2644
"ENSG00000117448",3121
"ENSG00000117450",1522
"ENSG00000117461",7676
"ENSG00000117475",3820
"ENSG00000117479",3671
"ENSG00000117480",2776
"ENSG00000117481",8468
"ENSG00000117500",9423
"ENSG00000117505",10949
"ENSG00000117523",14192
"ENSG00000117528",7669
"ENSG00000117533",5159
"ENSG00000117543",2970
"ENSG00000117560",1892
"ENSG00000117569",13174
"ENSG00000117586",3942
"ENSG00000117592",2367
"ENSG00000117593",3689
"ENSG00000117597",10376
"ENSG00000117602",6964
"ENSG00000117614",3370
"ENSG00000117616",6804
"ENSG00000117620",6241
"ENSG00000117625",9092
"ENSG00000117632",6261
"ENSG00000117640",5816
"ENSG00000117643",9014
"ENSG00000117676",5884
"ENSG00000117682",5596
"ENSG00000117691",1290
"ENSG00000117697",4091
"ENSG00000117713",9246
"ENSG00000117724",11663
"ENSG00000117748",2019
"ENSG00000117751",2819
"ENSG00000117758",3846
"ENSG00000117859",9798
"ENSG00000117862",3630
"ENSG00000117868",7094
"ENSG00000117899",6466
"ENSG00000117906",5887
"ENSG00000117984",2999
"ENSG00000118007",7819
"ENSG00000118046",8504
"ENSG00000118058",21953
"ENSG00000118096",3814
"ENSG00000118162",2124
"ENSG00000118181",1477
"ENSG00000118193",7274
"ENSG00000118197",4470
"ENSG00000118200",7777
"ENSG00000118217",7890
"ENSG00000118242",1742
"ENSG00000118246",6079
"ENSG00000118260",9888
"ENSG00000118263",9262
"ENSG00000118308",5159
"ENSG00000118363",2979
"ENSG00000118369",5233
"ENSG00000118412",9544
"ENSG00000118418",872
"ENSG00000118420",6394
"ENSG00000118454",4595
"ENSG00000118482",10378
"ENSG00000118495",6178
"ENSG00000118496",9009
"ENSG00000118503",5023
"ENSG00000118507",4394
"ENSG00000118508",1217
"ENSG00000118513",5486
"ENSG00000118515",9992
"ENSG00000118518",3508
"ENSG00000118520",1965
"ENSG00000118564",4573
"ENSG00000118579",10982
"ENSG00000118596",6424
"ENSG00000118600",4534
"ENSG00000118620",6845
"ENSG00000118640",990
"ENSG00000118655",3940
"ENSG00000118680",1761
"ENSG00000118689",7721
"ENSG00000118690",3761
"ENSG00000118705",2815
"ENSG00000118707",3784
"ENSG00000118762",5498
"ENSG00000118777",4848
"ENSG00000118816",3741
"ENSG00000118855",5288
"ENSG00000118873",10344
"ENSG00000118894",3128
"ENSG00000118900",8551
"ENSG00000118922",11209
"ENSG00000118939",1819
"ENSG00000118960",9059
"ENSG00000118961",4277
"ENSG00000118965",7836
"ENSG00000118971",7157
"ENSG00000118976",3067
"ENSG00000118985",7246
"ENSG00000119004",2916
"ENSG00000119013",1103
"ENSG00000119041",7105
"ENSG00000119048",3291
"ENSG00000119121",9287
"ENSG00000119138",5185
"ENSG00000119139",7277
"ENSG00000119185",6678
"ENSG00000119203",3769
"ENSG00000119231",7035
"ENSG00000119242",6366
"ENSG00000119280",5161
"ENSG00000119285",9049
"ENSG00000119314",7520
"ENSG00000119318",4615
"ENSG00000119321",11060
"ENSG00000119326",3129
"ENSG00000119328",2745
"ENSG00000119333",2604
"ENSG00000119335",4355
"ENSG00000119383",5907
"ENSG00000119392",3527
"ENSG00000119396",4304
"ENSG00000119397",9417
"ENSG00000119401",3780
"ENSG00000119402",11263
"ENSG00000119403",6547
"ENSG00000119408",4419
"ENSG00000119414",4443
"ENSG00000119421",1353
"ENSG00000119431",2105
"ENSG00000119446",5193
"ENSG00000119457",2502
"ENSG00000119471",3455
"ENSG00000119487",6741
"ENSG00000119509",6241
"ENSG00000119514",2824
"ENSG00000119522",10254
"ENSG00000119523",2980
"ENSG00000119535",8426
"ENSG00000119537",9287
"ENSG00000119541",4315
"ENSG00000119559",5111
"ENSG00000119574",3418
"ENSG00000119596",10749
"ENSG00000119599",5581
"ENSG00000119616",2818
"ENSG00000119632",1662
"ENSG00000119636",4620
"ENSG00000119638",8021
"ENSG00000119640",1841
"ENSG00000119650",4172
"ENSG00000119655",2749
"ENSG00000119661",8885
"ENSG00000119669",4147
"ENSG00000119681",9310
"ENSG00000119682",7308
"ENSG00000119684",8363
"ENSG00000119685",12255
"ENSG00000119686",4910
"ENSG00000119688",8769
"ENSG00000119689",4550
"ENSG00000119705",2615
"ENSG00000119707",9375
"ENSG00000119711",6680
"ENSG00000119714",3278
"ENSG00000119718",2669
"ENSG00000119720",6777
"ENSG00000119723",6682
"ENSG00000119725",6461
"ENSG00000119729",4619
"ENSG00000119737",2115
"ENSG00000119760",5278
"ENSG00000119772",6899
"ENSG00000119777",4910
"ENSG00000119778",10492
"ENSG00000119787",4885
"ENSG00000119801",3421
"ENSG00000119812",4921
"ENSG00000119820",12233
"ENSG00000119844",5741
"ENSG00000119862",4003
"ENSG00000119866",8278
"ENSG00000119878",2561
"ENSG00000119899",3604
"ENSG00000119900",9051
"ENSG00000119906",9131
"ENSG00000119912",7607
"ENSG00000119917",2640
"ENSG00000119922",3489
"ENSG00000119927",9810
"ENSG00000119929",1806
"ENSG00000119943",3867
"ENSG00000119950",4607
"ENSG00000119953",5417
"ENSG00000119965",3173
"ENSG00000119969",10106
"ENSG00000119977",3218
"ENSG00000119979",6161
"ENSG00000120008",10837
"ENSG00000120029",4747
"ENSG00000120051",3548
"ENSG00000120053",2648
"ENSG00000120063",5104
"ENSG00000120071",13921
"ENSG00000120129",2019
"ENSG00000120137",10580
"ENSG00000120158",4204
"ENSG00000120159",3014
"ENSG00000120162",7087
"ENSG00000120217",4108
"ENSG00000120253",4538
"ENSG00000120254",4945
"ENSG00000120262",5440
"ENSG00000120265",2832
"ENSG00000120278",7396
"ENSG00000120280",1855
"ENSG00000120306",2183
"ENSG00000120314",7675
"ENSG00000120318",6186
"ENSG00000120333",2594
"ENSG00000120334",4914
"ENSG00000120370",3773
"ENSG00000120437",4374
"ENSG00000120438",4929
"ENSG00000120451",8154
"ENSG00000120458",4245
"ENSG00000120509",1393
"ENSG00000120519",6694
"ENSG00000120526",4439
"ENSG00000120533",6783
"ENSG00000120539",3631
"ENSG00000120594",12567
"ENSG00000120616",11286
"ENSG00000120647",3614
"ENSG00000120656",2337
"ENSG00000120662",3870
"ENSG00000120675",2727
"ENSG00000120685",7354
"ENSG00000120686",3766
"ENSG00000120688",2618
"ENSG00000120690",4401
"ENSG00000120694",4097
"ENSG00000120696",4734
"ENSG00000120697",2194
"ENSG00000120699",3630
"ENSG00000120705",4601
"ENSG00000120708",7835
"ENSG00000120709",7049
"ENSG00000120725",4011
"ENSG00000120727",3155
"ENSG00000120733",7961
"ENSG00000120742",5747
"ENSG00000120784",7705
"ENSG00000120798",6529
"ENSG00000120800",10024
"ENSG00000120802",8593
"ENSG00000120805",4979
"ENSG00000120832",3626
"ENSG00000120833",6776
"ENSG00000120837",4956
"ENSG00000120860",2593
"ENSG00000120868",7901
"ENSG00000120885",6616
"ENSG00000120889",5158
"ENSG00000120896",6110
"ENSG00000120899",7928
"ENSG00000120910",2896
"ENSG00000120913",7671
"ENSG00000120915",4473
"ENSG00000120925",6055
"ENSG00000120942",5082
"ENSG00000120948",4622
"ENSG00000120949",3738
"ENSG00000120963",7393
"ENSG00000120992",4683
"ENSG00000121022",7779
"ENSG00000121039",5321
"ENSG00000121057",5399
"ENSG00000121058",3030
"ENSG00000121060",6666
"ENSG00000121064",3853
"ENSG00000121067",6380
"ENSG00000121073",5889
"ENSG00000121089",648
"ENSG00000121104",3836
"ENSG00000121210",6393
"ENSG00000121274",8144
"ENSG00000121281",8630
"ENSG00000121289",6162
"ENSG00000121297",5817
"ENSG00000121310",11498
"ENSG00000121316",2841
"ENSG00000121350",4841
"ENSG00000121390",3202
"ENSG00000121406",9279
"ENSG00000121413",8307
"ENSG00000121417",3301
"ENSG00000121481",4073
"ENSG00000121486",5022
"ENSG00000121542",4698
"ENSG00000121552",1373
"ENSG00000121578",7145
"ENSG00000121579",6431
"ENSG00000121621",4668
"ENSG00000121644",5104
"ENSG00000121671",6199
"ENSG00000121680",3013
"ENSG00000121691",3347
"ENSG00000121716",6556
"ENSG00000121741",11565
"ENSG00000121749",7828
"ENSG00000121766",1891
"ENSG00000121774",3588
"ENSG00000121775",3464
"ENSG00000121797",3061
"ENSG00000121807",3733
"ENSG00000121848",9360
"ENSG00000121851",1802
"ENSG00000121858",3473
"ENSG00000121864",3811
"ENSG00000121879",9411
"ENSG00000121892",12204
"ENSG00000121895",2562
"ENSG00000121897",2464
"ENSG00000121903",5308
"ENSG00000121931",3621
"ENSG00000121933",4486
"ENSG00000121940",4996
"ENSG00000121957",8099
"ENSG00000121964",14162
"ENSG00000121966",2224
"ENSG00000121988",9113
"ENSG00000121989",6768
"ENSG00000122008",9105
"ENSG00000122025",4168
"ENSG00000122026",2249
"ENSG00000122033",1592
"ENSG00000122034",2999
"ENSG00000122042",4384
"ENSG00000122068",8025
"ENSG00000122085",9938
"ENSG00000122122",2711
"ENSG00000122126",5779
"ENSG00000122140",2464
"ENSG00000122188",3198
"ENSG00000122203",3973
"ENSG00000122218",6232
"ENSG00000122223",2904
"ENSG00000122224",9121
"ENSG00000122257",9035
"ENSG00000122299",7076
"ENSG00000122335",8894
"ENSG00000122359",8770
"ENSG00000122376",4242
"ENSG00000122378",2337
"ENSG00000122390",5619
"ENSG00000122406",2890
"ENSG00000122417",9059
"ENSG00000122435",4133
"ENSG00000122481",2769
"ENSG00000122482",7600
"ENSG00000122483",5633
"ENSG00000122484",17142
"ENSG00000122490",5225
"ENSG00000122497",3704
"ENSG00000122507",5827
"ENSG00000122512",3936
"ENSG00000122515",7323
"ENSG00000122545",8547
"ENSG00000122547",4847
"ENSG00000122550",7524
"ENSG00000122557",3246
"ENSG00000122565",4641
"ENSG00000122566",7541
"ENSG00000122591",6913
"ENSG00000122643",3467
"ENSG00000122644",3561
"ENSG00000122674",5855
"ENSG00000122678",4487
"ENSG00000122687",2842
"ENSG00000122692",7130
"ENSG00000122694",3016
"ENSG00000122696",3943
"ENSG00000122705",2515
"ENSG00000122707",6045
"ENSG00000122729",7534
"ENSG00000122741",8492
"ENSG00000122779",9223
"ENSG00000122783",5195
"ENSG00000122862",1220
"ENSG00000122873",2857
"ENSG00000122882",3687
"ENSG00000122884",3186
"ENSG00000122912",7815
"ENSG00000122958",3641
"ENSG00000122965",5909
"ENSG00000122966",13230
"ENSG00000122971",2648
"ENSG00000122986",3595
"ENSG00000123009",693
"ENSG00000123064",5064
"ENSG00000123066",12813
"ENSG00000123080",3318
"ENSG00000123091",3122
"ENSG00000123104",11856
"ENSG00000123106",5461
"ENSG00000123124",6336
"ENSG00000123130",5046
"ENSG00000123131",1904
"ENSG00000123136",3837
"ENSG00000123143",4606
"ENSG00000123144",1402
"ENSG00000123146",5382
"ENSG00000123154",2360
"ENSG00000123159",4423
"ENSG00000123178",3340
"ENSG00000123179",1500
"ENSG00000123191",6833
"ENSG00000123200",10262
"ENSG00000123213",10948
"ENSG00000123219",4312
"ENSG00000123240",5121
"ENSG00000123268",2790
"ENSG00000123297",3176
"ENSG00000123329",5127
"ENSG00000123338",6300
"ENSG00000123349",3380
"ENSG00000123352",6838
"ENSG00000123353",2810
"ENSG00000123360",7457
"ENSG00000123374",3894
"ENSG00000123384",20839
"ENSG00000123395",3199
"ENSG00000123405",2469
"ENSG00000123415",4064
"ENSG00000123416",3574
"ENSG00000123444",3302
"ENSG00000123472",5654
"ENSG00000123473",7291
"ENSG00000123505",3523
"ENSG00000123545",2540
"ENSG00000123552",8126
"ENSG00000123562",3419
"ENSG00000123575",7457
"ENSG00000123595",2039
"ENSG00000123600",10070
"ENSG00000123607",7538
"ENSG00000123609",3480
"ENSG00000123610",1577
"ENSG00000123612",9195
"ENSG00000123636",20370
"ENSG00000123643",6980
"ENSG00000123684",8799
"ENSG00000123700",5577
"ENSG00000123728",4080
"ENSG00000123737",4711
"ENSG00000123739",5228
"ENSG00000123810",1316
"ENSG00000123815",5488
"ENSG00000123836",9815
"ENSG00000123870",2091
"ENSG00000123908",4824
"ENSG00000123933",7058
"ENSG00000123983",7240
"ENSG00000123992",4734
"ENSG00000124019",3541
"ENSG00000124067",8298
"ENSG00000124074",2679
"ENSG00000124098",3577
"ENSG00000124102",577
"ENSG00000124104",4066
"ENSG00000124107",596
"ENSG00000124120",7044
"ENSG00000124126",7044
"ENSG00000124151",8447
"ENSG00000124155",2266
"ENSG00000124160",3220
"ENSG00000124164",10585
"ENSG00000124171",4726
"ENSG00000124172",5126
"ENSG00000124177",14119
"ENSG00000124181",7164
"ENSG00000124193",3951
"ENSG00000124198",8945
"ENSG00000124201",9340
"ENSG00000124203",9404
"ENSG00000124207",3726
"ENSG00000124209",9285
"ENSG00000124214",4092
"ENSG00000124215",5759
"ENSG00000124217",2458
"ENSG00000124222",5089
"ENSG00000124224",7106
"ENSG00000124225",5619
"ENSG00000124226",2440
"ENSG00000124228",5405
"ENSG00000124243",2084
"ENSG00000124256",5413
"ENSG00000124275",6498
"ENSG00000124279",2857
"ENSG00000124299",4157
"ENSG00000124313",6962
"ENSG00000124356",7655
"ENSG00000124357",8894
"ENSG00000124370",1624
"ENSG00000124374",6279
"ENSG00000124380",2275
"ENSG00000124383",4673
"ENSG00000124406",11199
"ENSG00000124422",6804
"ENSG00000124444",3481
"ENSG00000124459",4391
"ENSG00000124469",2551
"ENSG00000124486",13962
"ENSG00000124491",4690
"ENSG00000124496",7732
"ENSG00000124508",6398
"ENSG00000124523",5368
"ENSG00000124529",357
"ENSG00000124532",4521
"ENSG00000124535",3877
"ENSG00000124541",2212
"ENSG00000124549",4177
"ENSG00000124562",1277
"ENSG00000124570",3994
"ENSG00000124571",8517
"ENSG00000124574",8083
"ENSG00000124575",777
"ENSG00000124587",3499
"ENSG00000124588",2451
"ENSG00000124596",6523
"ENSG00000124602",2986
"ENSG00000124608",4298
"ENSG00000124614",1637
"ENSG00000124635",1100
"ENSG00000124641",3278
"ENSG00000124659",2157
"ENSG00000124688",1880
"ENSG00000124693",472
"ENSG00000124702",2058
"ENSG00000124731",4329
"ENSG00000124733",1089
"ENSG00000124762",2985
"ENSG00000124766",4876
"ENSG00000124767",2352
"ENSG00000124782",17254
"ENSG00000124783",11356
"ENSG00000124784",3237
"ENSG00000124786",2887
"ENSG00000124787",1962
"ENSG00000124788",16487
"ENSG00000124789",5618
"ENSG00000124795",4361
"ENSG00000124802",2107
"ENSG00000124813",8191
"ENSG00000124831",11901
"ENSG00000124942",19463
"ENSG00000125037",4270
"ENSG00000125089",10593
"ENSG00000125107",10852
"ENSG00000125124",8337
"ENSG00000125148",1299
"ENSG00000125149",5965
"ENSG00000125166",3766
"ENSG00000125170",4759
"ENSG00000125245",1908
"ENSG00000125246",7826
"ENSG00000125247",6272
"ENSG00000125249",5570
"ENSG00000125257",8072
"ENSG00000125304",3885
"ENSG00000125347",7799
"ENSG00000125351",2531
"ENSG00000125352",1295
"ENSG00000125354",6553
"ENSG00000125356",766
"ENSG00000125375",3664
"ENSG00000125384",2473
"ENSG00000125386",6174
"ENSG00000125430",5367
"ENSG00000125445",3324
"ENSG00000125447",6626
"ENSG00000125449",2823
"ENSG00000125450",5193
"ENSG00000125454",3305
"ENSG00000125457",2283
"ENSG00000125458",1571
"ENSG00000125459",5359
"ENSG00000125482",3113
"ENSG00000125484",9043
"ENSG00000125485",6631
"ENSG00000125503",7726
"ENSG00000125505",5291
"ENSG00000125510",3549
"ENSG00000125520",2244
"ENSG00000125534",1094
"ENSG00000125538",3096
"ENSG00000125629",3949
"ENSG00000125630",6237
"ENSG00000125633",8065
"ENSG00000125637",13442
"ENSG00000125650",3911
"ENSG00000125651",3134
"ENSG00000125652",1235
"ENSG00000125656",2276
"ENSG00000125676",10277
"ENSG00000125686",7330
"ENSG00000125691",5979
"ENSG00000125703",3110
"ENSG00000125731",5716
"ENSG00000125734",3213
"ENSG00000125735",2894
"ENSG00000125741",9999
"ENSG00000125743",1608
"ENSG00000125744",3238
"ENSG00000125746",8224
"ENSG00000125753",3601
"ENSG00000125755",10628
"ENSG00000125772",7446
"ENSG00000125779",5920
"ENSG00000125780",2693
"ENSG00000125810",6708
"ENSG00000125812",5495
"ENSG00000125814",5188
"ENSG00000125817",2840
"ENSG00000125818",4896
"ENSG00000125821",3185
"ENSG00000125826",3839
"ENSG00000125827",6579
"ENSG00000125834",7055
"ENSG00000125835",1824
"ENSG00000125843",1948
"ENSG00000125844",6628
"ENSG00000125846",5029
"ENSG00000125863",6953
"ENSG00000125868",3851
"ENSG00000125870",1820
"ENSG00000125871",2336
"ENSG00000125875",5831
"ENSG00000125877",2071
"ENSG00000125885",3920
"ENSG00000125898",2746
"ENSG00000125900",1961
"ENSG00000125901",1127
"ENSG00000125910",1693
"ENSG00000125912",4175
"ENSG00000125944",8676
"ENSG00000125945",4392
"ENSG00000125952",4430
"ENSG00000125962",4911
"ENSG00000125967",4342
"ENSG00000125970",2900
"ENSG00000125971",3252
"ENSG00000125977",2656
"ENSG00000125991",6015
"ENSG00000125995",702
"ENSG00000126001",8990
"ENSG00000126003",5705
"ENSG00000126005",3983
"ENSG00000126012",8727
"ENSG00000126016",8502
"ENSG00000126062",2197
"ENSG00000126067",2701
"ENSG00000126070",21248
"ENSG00000126088",2908
"ENSG00000126091",4425
"ENSG00000126107",5077
"ENSG00000126214",6553
"ENSG00000126215",7585
"ENSG00000126216",5863
"ENSG00000126217",23204
"ENSG00000126226",6205
"ENSG00000126246",1847
"ENSG00000126247",3478
"ENSG00000126254",2206
"ENSG00000126261",3512
"ENSG00000126262",2149
"ENSG00000126264",613
"ENSG00000126267",936
"ENSG00000126351",6959
"ENSG00000126353",2508
"ENSG00000126391",4091
"ENSG00000126432",893
"ENSG00000126456",3794
"ENSG00000126457",4796
"ENSG00000126458",1160
"ENSG00000126461",4548
"ENSG00000126464",7093
"ENSG00000126522",3195
"ENSG00000126524",1732
"ENSG00000126561",5756
"ENSG00000126581",5141
"ENSG00000126602",5227
"ENSG00000126653",4806
"ENSG00000126698",2609
"ENSG00000126709",865
"ENSG00000126746",5181
"ENSG00000126749",3223
"ENSG00000126756",1243
"ENSG00000126759",4576
"ENSG00000126767",3398
"ENSG00000126768",2562
"ENSG00000126773",8718
"ENSG00000126775",5052
"ENSG00000126777",17578
"ENSG00000126790",3504
"ENSG00000126804",6332
"ENSG00000126814",5692
"ENSG00000126821",3312
"ENSG00000126822",8555
"ENSG00000126858",6372
"ENSG00000126860",2071
"ENSG00000126870",6667
"ENSG00000126882",5499
"ENSG00000126883",13016
"ENSG00000126903",2234
"ENSG00000126934",5236
"ENSG00000126945",2223
"ENSG00000126953",2629
"ENSG00000126970",5083
"ENSG00000127022",6235
"ENSG00000127054",8220
"ENSG00000127080",5166
"ENSG00000127081",3428
"ENSG00000127084",6055
"ENSG00000127124",14224
"ENSG00000127125",2628
"ENSG00000127152",7855
"ENSG00000127184",1993
"ENSG00000127191",3819
"ENSG00000127220",2210
"ENSG00000127311",4551
"ENSG00000127314",5633
"ENSG00000127328",12612
"ENSG00000127334",9494
"ENSG00000127337",1714
"ENSG00000127362",1101
"ENSG00000127399",2735
"ENSG00000127415",4022
"ENSG00000127418",4145
"ENSG00000127419",3623
"ENSG00000127445",4570
"ENSG00000127452",2913
"ENSG00000127463",10650
"ENSG00000127481",24695
"ENSG00000127483",7442
"ENSG00000127507",8622
"ENSG00000127511",8777
"ENSG00000127526",7257
"ENSG00000127527",8431
"ENSG00000127528",2018
"ENSG00000127540",2143
"ENSG00000127554",2687
"ENSG00000127580",3570
"ENSG00000127586",5916
"ENSG00000127589",1646
"ENSG00000127603",36470
"ENSG00000127616",10954
"ENSG00000127663",9743
"ENSG00000127720",3672
"ENSG00000127774",769
"ENSG00000127804",8934
"ENSG00000127824",4079
"ENSG00000127837",3136
"ENSG00000127838",5184
"ENSG00000127870",4776
"ENSG00000127884",1617
"ENSG00000127903",2802
"ENSG00000127914",18177
"ENSG00000127920",3055
"ENSG00000127922",7608
"ENSG00000127946",8953
"ENSG00000127947",5547
"ENSG00000127948",6112
"ENSG00000127951",4261
"ENSG00000127952",2028
"ENSG00000127954",5708
"ENSG00000127957",1729
"ENSG00000127980",7849
"ENSG00000127989",4890
"ENSG00000127993",4353
"ENSG00000127995",5271
"ENSG00000128000",9217
"ENSG00000128011",3381
"ENSG00000128016",2010
"ENSG00000128039",4420
"ENSG00000128050",4306
"ENSG00000128059",5439
"ENSG00000128159",7689
"ENSG00000128185",1154
"ENSG00000128191",7315
"ENSG00000128203",3357
"ENSG00000128228",1099
"ENSG00000128245",2453
"ENSG00000128266",3847
"ENSG00000128268",5457
"ENSG00000128271",4193
"ENSG00000128272",2515
"ENSG00000128284",5990
"ENSG00000128294",3448
"ENSG00000128309",6760
"ENSG00000128311",1915
"ENSG00000128335",3477
"ENSG00000128340",2532
"ENSG00000128383",2010
"ENSG00000128463",4459
"ENSG00000128487",13676
"ENSG00000128512",11351
"ENSG00000128513",5897
"ENSG00000128524",789
"ENSG00000128534",6210
"ENSG00000128536",9794
"ENSG00000128563",3696
"ENSG00000128585",12878
"ENSG00000128590",2837
"ENSG00000128594",4036
"ENSG00000128595",4537
"ENSG00000128596",6188
"ENSG00000128604",4375
"ENSG00000128607",6622
"ENSG00000128609",9851
"ENSG00000128626",2144
"ENSG00000128654",1717
"ENSG00000128692",1342
"ENSG00000128694",3583
"ENSG00000128699",3958
"ENSG00000128708",6792
"ENSG00000128731",20027
"ENSG00000128739",3488
"ENSG00000128789",2734
"ENSG00000128791",4435
"ENSG00000128805",6783
"ENSG00000128815",13692
"ENSG00000128829",10718
"ENSG00000128872",11636
"ENSG00000128881",11642
"ENSG00000128891",8648
"ENSG00000128908",7014
"ENSG00000128915",16010
"ENSG00000128918",8622
"ENSG00000128923",9454
"ENSG00000128928",6855
"ENSG00000128944",3654
"ENSG00000128951",3674
"ENSG00000128973",4225
"ENSG00000128989",6917
"ENSG00000129003",16791
"ENSG00000129007",5007
"ENSG00000129055",2359
"ENSG00000129071",3212
"ENSG00000129083",5131
"ENSG00000129084",3711
"ENSG00000129103",4101
"ENSG00000129116",10114
"ENSG00000129128",6831
"ENSG00000129158",3502
"ENSG00000129187",3466
"ENSG00000129197",7430
"ENSG00000129219",4888
"ENSG00000129235",3784
"ENSG00000129245",4331
"ENSG00000129250",8580
"ENSG00000129255",3270
"ENSG00000129277",2032
"ENSG00000129282",1857
"ENSG00000129292",20526
"ENSG00000129295",2622
"ENSG00000129315",7265
"ENSG00000129317",4423
"ENSG00000129347",4260
"ENSG00000129351",11024
"ENSG00000129353",5216
"ENSG00000129355",1503
"ENSG00000129422",12010
"ENSG00000129450",2539
"ENSG00000129460",4654
"ENSG00000129465",3256
"ENSG00000129472",3610
"ENSG00000129473",4189
"ENSG00000129480",2971
"ENSG00000129484",4096
"ENSG00000129493",10302
"ENSG00000129515",4105
"ENSG00000129518",2022
"ENSG00000129521",7359
"ENSG00000129534",6250
"ENSG00000129559",3879
"ENSG00000129562",808
"ENSG00000129566",11328
"ENSG00000129595",8579
"ENSG00000129625",4222
"ENSG00000129636",7768
"ENSG00000129646",5457
"ENSG00000129657",10846
"ENSG00000129667",6927
"ENSG00000129675",6564
"ENSG00000129680",7065
"ENSG00000129691",5795
"ENSG00000129696",3777
"ENSG00000129749",2703
"ENSG00000129757",2586
"ENSG00000129911",2954
"ENSG00000129925",4447
"ENSG00000129932",2387
"ENSG00000129933",11162
"ENSG00000129968",6139
"ENSG00000129993",5972
"ENSG00000130021",3168
"ENSG00000130023",4251
"ENSG00000130024",5388
"ENSG00000130038",12466
"ENSG00000130052",5558
"ENSG00000130066",2498
"ENSG00000130119",2589
"ENSG00000130150",5656
"ENSG00000130159",2370
"ENSG00000130164",7718
"ENSG00000130165",4173
"ENSG00000130175",5166
"ENSG00000130177",3901
"ENSG00000130193",3055
"ENSG00000130204",3610
"ENSG00000130227",6911
"ENSG00000130244",4598
"ENSG00000130254",6222
"ENSG00000130255",2272
"ENSG00000130299",4532
"ENSG00000130300",2305
"ENSG00000130303",1119
"ENSG00000130304",8249
"ENSG00000130305",3414
"ENSG00000130309",4900
"ENSG00000130311",4596
"ENSG00000130312",1686
"ENSG00000130313",2847
"ENSG00000130332",1698
"ENSG00000130338",11123
"ENSG00000130340",4198
"ENSG00000130347",2928
"ENSG00000130348",5453
"ENSG00000130349",2046
"ENSG00000130363",6561
"ENSG00000130382",2164
"ENSG00000130396",13424
"ENSG00000130402",6103
"ENSG00000130414",9516
"ENSG00000130429",3979
"ENSG00000130449",5501
"ENSG00000130475",5700
"ENSG00000130479",5040
"ENSG00000130489",1361
"ENSG00000130511",2974
"ENSG00000130517",7520
"ENSG00000130518",9153
"ENSG00000130520",3029
"ENSG00000130522",1870
"ENSG00000130544",6018
"ENSG00000130559",8642
"ENSG00000130560",2979
"ENSG00000130589",12066
"ENSG00000130592",5399
"ENSG00000130598",1080
"ENSG00000130638",5098
"ENSG00000130640",6680
"ENSG00000130684",3823
"ENSG00000130695",5145
"ENSG00000130699",9808
"ENSG00000130703",4424
"ENSG00000130706",2142
"ENSG00000130713",4207
"ENSG00000130714",6084
"ENSG00000130717",2688
"ENSG00000130723",12293
"ENSG00000130724",2129
"ENSG00000130725",1831
"ENSG00000130726",4034
"ENSG00000130731",1820
"ENSG00000130733",1935
"ENSG00000130734",2278
"ENSG00000130741",3472
"ENSG00000130748",663
"ENSG00000130749",6502
"ENSG00000130755",1490
"ENSG00000130758",4566
"ENSG00000130764",2854
"ENSG00000130766",3453
"ENSG00000130770",2225
"ENSG00000130772",2017
"ENSG00000130775",4620
"ENSG00000130779",16293
"ENSG00000130787",7102
"ENSG00000130803",5065
"ENSG00000130811",3598
"ENSG00000130813",4341
"ENSG00000130816",9805
"ENSG00000130818",2760
"ENSG00000130821",5498
"ENSG00000130826",4189
"ENSG00000130827",7577
"ENSG00000130830",5396
"ENSG00000130844",7728
"ENSG00000130856",8770
"ENSG00000130881",4016
"ENSG00000130921",7090
"ENSG00000130935",4713
"ENSG00000130939",9140
"ENSG00000130940",11336
"ENSG00000130956",4056
"ENSG00000130958",2203
"ENSG00000130985",6437
"ENSG00000131013",2646
"ENSG00000131018",45649
"ENSG00000131023",8643
"ENSG00000131042",3810
"ENSG00000131043",3101
"ENSG00000131051",9307
"ENSG00000131061",5457
"ENSG00000131067",2966
"ENSG00000131069",5389
"ENSG00000131089",6673
"ENSG00000131100",3212
"ENSG00000131115",5059
"ENSG00000131116",1803
"ENSG00000131127",5744
"ENSG00000131143",4792
"ENSG00000131148",4021
"ENSG00000131149",10173
"ENSG00000131165",3208
"ENSG00000131171",2304
"ENSG00000131174",3024
"ENSG00000131188",1768
"ENSG00000131196",7008
"ENSG00000131203",3261
"ENSG00000131236",3814
"ENSG00000131238",3304
"ENSG00000131242",15384
"ENSG00000131263",8379
"ENSG00000131269",2819
"ENSG00000131323",8263
"ENSG00000131351",5533
"ENSG00000131355",2837
"ENSG00000131368",5383
"ENSG00000131370",4159
"ENSG00000131373",3034
"ENSG00000131374",11269
"ENSG00000131375",5598
"ENSG00000131378",4776
"ENSG00000131381",7921
"ENSG00000131389",8262
"ENSG00000131401",1915
"ENSG00000131408",3753
"ENSG00000131437",6856
"ENSG00000131446",5817
"ENSG00000131467",4894
"ENSG00000131469",2026
"ENSG00000131473",5217
"ENSG00000131475",2404
"ENSG00000131480",2657
"ENSG00000131495",1488
"ENSG00000131503",11750
"ENSG00000131504",7089
"ENSG00000131507",6021
"ENSG00000131508",3532
"ENSG00000131558",9466
"ENSG00000131584",8809
"ENSG00000131591",6322
"ENSG00000131626",10467
"ENSG00000131634",2047
"ENSG00000131652",1860
"ENSG00000131653",4489
"ENSG00000131669",2648
"ENSG00000131697",13167
"ENSG00000131724",5387
"ENSG00000131725",4202
"ENSG00000131732",5127
"ENSG00000131747",6437
"ENSG00000131748",5160
"ENSG00000131759",3930
"ENSG00000131778",3370
"ENSG00000131779",1838
"ENSG00000131781",5988
"ENSG00000131788",4805
"ENSG00000131791",5460
"ENSG00000131795",5240
"ENSG00000131797",4025
"ENSG00000131828",4493
"ENSG00000131844",6034
"ENSG00000131845",4609
"ENSG00000131848",6397
"ENSG00000131849",3404
"ENSG00000131871",3766
"ENSG00000131873",5555
"ENSG00000131876",3669
"ENSG00000131899",6616
"ENSG00000131931",2462
"ENSG00000131943",3223
"ENSG00000131944",2370
"ENSG00000131966",3435
"ENSG00000131979",2951
"ENSG00000131981",2392
"ENSG00000132002",3672
"ENSG00000132005",5465
"ENSG00000132017",2954
"ENSG00000132024",5039
"ENSG00000132109",1952
"ENSG00000132122",5904
"ENSG00000132128",7668
"ENSG00000132142",13766
"ENSG00000132153",7735
"ENSG00000132155",7847
"ENSG00000132182",8180
"ENSG00000132185",3275
"ENSG00000132196",4124
"ENSG00000132199",10616
"ENSG00000132205",6435
"ENSG00000132254",4225
"ENSG00000132256",5207
"ENSG00000132274",6020
"ENSG00000132275",6922
"ENSG00000132286",3041
"ENSG00000132294",6116
"ENSG00000132300",10165
"ENSG00000132305",3986
"ENSG00000132313",3829
"ENSG00000132323",4771
"ENSG00000132326",6877
"ENSG00000132330",11733
"ENSG00000132334",11299
"ENSG00000132341",4825
"ENSG00000132356",6563
"ENSG00000132357",4397
"ENSG00000132359",7350
"ENSG00000132361",6900
"ENSG00000132376",5325
"ENSG00000132382",6203
"ENSG00000132383",5492
"ENSG00000132386",3069
"ENSG00000132388",4539
"ENSG00000132394",2417
"ENSG00000132405",6184
"ENSG00000132406",2408
"ENSG00000132424",10870
"ENSG00000132432",1842
"ENSG00000132434",5235
"ENSG00000132436",4951
"ENSG00000132463",7785
"ENSG00000132465",1680
"ENSG00000132466",12041
"ENSG00000132467",2072
"ENSG00000132471",5399
"ENSG00000132475",6134
"ENSG00000132478",5699
"ENSG00000132485",4993
"ENSG00000132507",2807
"ENSG00000132510",7258
"ENSG00000132514",2469
"ENSG00000132530",6668
"ENSG00000132535",5746
"ENSG00000132549",16716
"ENSG00000132570",7171
"ENSG00000132581",3332
"ENSG00000132589",3336
"ENSG00000132591",2318
"ENSG00000132600",9458
"ENSG00000132603",3274
"ENSG00000132604",5621
"ENSG00000132612",3777
"ENSG00000132623",4274
"ENSG00000132635",2341
"ENSG00000132640",6228
"ENSG00000132646",1471
"ENSG00000132661",1123
"ENSG00000132664",2928
"ENSG00000132669",5053
"ENSG00000132670",4509
"ENSG00000132676",4588
"ENSG00000132680",5635
"ENSG00000132694",9392
"ENSG00000132704",5058
"ENSG00000132716",8274
"ENSG00000132718",5240
"ENSG00000132740",6465
"ENSG00000132749",5833
"ENSG00000132768",2930
"ENSG00000132773",2742
"ENSG00000132780",8293
"ENSG00000132781",3909
"ENSG00000132792",4093
"ENSG00000132801",2928
"ENSG00000132819",2686
"ENSG00000132823",1712
"ENSG00000132824",4683
"ENSG00000132825",3459
"ENSG00000132842",7310
"ENSG00000132849",11456
"ENSG00000132879",3527
"ENSG00000132906",5269
"ENSG00000132912",6417
"ENSG00000132950",3713
"ENSG00000132952",3904
"ENSG00000132953",10499
"ENSG00000132963",1428
"ENSG00000132964",3503
"ENSG00000132965",1344
"ENSG00000132967",1111
"ENSG00000133027",1720
"ENSG00000133028",2367
"ENSG00000133030",18105
"ENSG00000133048",3408
"ENSG00000133056",9414
"ENSG00000133059",7908
"ENSG00000133063",7730
"ENSG00000133065",6357
"ENSG00000133069",4922
"ENSG00000133103",8051
"ENSG00000133104",6387
"ENSG00000133106",4924
"ENSG00000133111",2306
"ENSG00000133112",3867
"ENSG00000133114",5108
"ENSG00000133119",2874
"ENSG00000133131",6198
"ENSG00000133134",1176
"ENSG00000133136",502
"ENSG00000133142",2511
"ENSG00000133193",3162
"ENSG00000133195",5583
"ENSG00000133226",8168
"ENSG00000133243",5505
"ENSG00000133246",3763
"ENSG00000133256",5086
"ENSG00000133265",2159
"ENSG00000133275",4229
"ENSG00000133302",7185
"ENSG00000133313",9525
"ENSG00000133316",4247
"ENSG00000133317",2270
"ENSG00000133318",5792
"ENSG00000133321",1299
"ENSG00000133393",2391
"ENSG00000133398",1880
"ENSG00000133422",6258
"ENSG00000133424",10687
"ENSG00000133460",8864
"ENSG00000133466",7143
"ENSG00000133561",3440
"ENSG00000133574",2191
"ENSG00000133597",2913
"ENSG00000133606",5869
"ENSG00000133612",11032
"ENSG00000133619",5336
"ENSG00000133624",4012
"ENSG00000133627",6024
"ENSG00000133639",2622
"ENSG00000133641",6454
"ENSG00000133657",10099
"ENSG00000133678",2996
"ENSG00000133687",14636
"ENSG00000133703",7302
"ENSG00000133704",6816
"ENSG00000133706",8118
"ENSG00000133731",3720
"ENSG00000133739",5065
"ENSG00000133740",5922
"ENSG00000133742",4068
"ENSG00000133773",3784
"ENSG00000133789",7190
"ENSG00000133794",6742
"ENSG00000133805",6793
"ENSG00000133808",3448
"ENSG00000133812",16767
"ENSG00000133816",15819
"ENSG00000133818",3467
"ENSG00000133835",8231
"ENSG00000133858",9670
"ENSG00000133872",2989
"ENSG00000133874",1868
"ENSG00000133884",7715
"ENSG00000133895",4246
"ENSG00000133935",2633
"ENSG00000133943",7262
"ENSG00000133961",10760
"ENSG00000133962",5635
"ENSG00000133983",1863
"ENSG00000133985",5217
"ENSG00000133997",3828
"ENSG00000134001",5651
"ENSG00000134013",5707
"ENSG00000134014",5390
"ENSG00000134030",8100
"ENSG00000134046",4702
"ENSG00000134049",1481
"ENSG00000134056",1530
"ENSG00000134057",2558
"ENSG00000134058",2363
"ENSG00000134061",3006
"ENSG00000134070",3483
"ENSG00000134072",2720
"ENSG00000134077",5365
"ENSG00000134086",4213
"ENSG00000134107",3837
"ENSG00000134108",3575
"ENSG00000134109",6758
"ENSG00000134146",8066
"ENSG00000134152",7311
"ENSG00000134153",1538
"ENSG00000134186",5817
"ENSG00000134198",3410
"ENSG00000134215",7271
"ENSG00000134222",2855
"ENSG00000134242",4503
"ENSG00000134243",8760
"ENSG00000134248",2388
"ENSG00000134250",16803
"ENSG00000134255",8413
"ENSG00000134256",3771
"ENSG00000134262",5864
"ENSG00000134265",5586
"ENSG00000134278",6532
"ENSG00000134283",8798
"ENSG00000134285",4957
"ENSG00000134287",5002
"ENSG00000134291",3348
"ENSG00000134294",6602
"ENSG00000134297",2320
"ENSG00000134308",2713
"ENSG00000134313",11082
"ENSG00000134317",8008
"ENSG00000134318",10133
"ENSG00000134321",4834
"ENSG00000134324",11846
"ENSG00000134326",4288
"ENSG00000134330",5908
"ENSG00000134333",6210
"ENSG00000134352",9292
"ENSG00000134369",22056
"ENSG00000134371",5352
"ENSG00000134375",3513
"ENSG00000134419",6679
"ENSG00000134440",4089
"ENSG00000134444",7592
"ENSG00000134452",6817
"ENSG00000134453",6419
"ENSG00000134460",3176
"ENSG00000134461",3059
"ENSG00000134463",2185
"ENSG00000134470",3168
"ENSG00000134480",4660
"ENSG00000134489",3668
"ENSG00000134490",5193
"ENSG00000134504",8828
"ENSG00000134516",12816
"ENSG00000134539",5055
"ENSG00000134545",2698
"ENSG00000134571",4268
"ENSG00000134574",1846
"ENSG00000134575",3484
"ENSG00000134594",1258
"ENSG00000134597",2487
"ENSG00000134602",3354
"ENSG00000134627",4558
"ENSG00000134644",6621
"ENSG00000134684",8210
"ENSG00000134686",5410
"ENSG00000134697",5745
"ENSG00000134698",7267
"ENSG00000134709",6845
"ENSG00000134717",6022
"ENSG00000134744",16199
"ENSG00000134748",5658
"ENSG00000134755",5237
"ENSG00000134758",3795
"ENSG00000134759",8458
"ENSG00000134765",4271
"ENSG00000134779",8082
"ENSG00000134802",3664
"ENSG00000134809",777
"ENSG00000134815",5696
"ENSG00000134824",11026
"ENSG00000134825",3068
"ENSG00000134827",1586
"ENSG00000134830",2826
"ENSG00000134851",7045
"ENSG00000134852",11762
"ENSG00000134864",2057
"ENSG00000134882",4519
"ENSG00000134884",4074
"ENSG00000134897",5461
"ENSG00000134899",6664
"ENSG00000134900",5965
"ENSG00000134905",10460
"ENSG00000134909",12841
"ENSG00000134910",7345
"ENSG00000134954",7153
"ENSG00000134955",5294
"ENSG00000134970",3894
"ENSG00000134982",12475
"ENSG00000134986",9337
"ENSG00000134987",7656
"ENSG00000134996",1319
"ENSG00000135002",3877
"ENSG00000135018",7117
"ENSG00000135040",3641
"ENSG00000135045",2327
"ENSG00000135046",4561
"ENSG00000135047",2366
"ENSG00000135048",9625
"ENSG00000135049",4938
"ENSG00000135052",4233
"ENSG00000135070",3273
"ENSG00000135074",7710
"ENSG00000135077",3804
"ENSG00000135083",4731
"ENSG00000135090",10570
"ENSG00000135093",5135
"ENSG00000135108",5596
"ENSG00000135114",2336
"ENSG00000135124",8159
"ENSG00000135127",4793
"ENSG00000135144",4387
"ENSG00000135148",3934
"ENSG00000135164",9417
"ENSG00000135185",3269
"ENSG00000135205",4457
"ENSG00000135211",1023
"ENSG00000135213",8771
"ENSG00000135218",9988
"ENSG00000135241",5677
"ENSG00000135249",3655
"ENSG00000135250",6341
"ENSG00000135269",4280
"ENSG00000135272",5252
"ENSG00000135297",12071
"ENSG00000135299",8329
"ENSG00000135315",5418
"ENSG00000135316",7655
"ENSG00000135317",7105
"ENSG00000135318",4017
"ENSG00000135334",1999
"ENSG00000135336",3633
"ENSG00000135341",7227
"ENSG00000135362",6636
"ENSG00000135363",3109
"ENSG00000135365",11449
"ENSG00000135372",5242
"ENSG00000135378",5530
"ENSG00000135387",7689
"ENSG00000135390",3991
"ENSG00000135392",4190
"ENSG00000135404",2630
"ENSG00000135407",5889
"ENSG00000135414",3846
"ENSG00000135426",5025
"ENSG00000135439",5292
"ENSG00000135441",1657
"ENSG00000135446",3168
"ENSG00000135451",3954
"ENSG00000135452",5385
"ENSG00000135457",3976
"ENSG00000135469",3243
"ENSG00000135473",7288
"ENSG00000135482",3444
"ENSG00000135486",5093
"ENSG00000135503",5690
"ENSG00000135506",5169
"ENSG00000135519",4265
"ENSG00000135521",1847
"ENSG00000135525",4664
"ENSG00000135535",6944
"ENSG00000135537",8450
"ENSG00000135541",8703
"ENSG00000135587",2014
"ENSG00000135596",7056
"ENSG00000135597",9602
"ENSG00000135604",1926
"ENSG00000135605",4030
"ENSG00000135617",1407
"ENSG00000135622",4433
"ENSG00000135624",3585
"ENSG00000135631",5932
"ENSG00000135632",3380
"ENSG00000135636",8386
"ENSG00000135637",4897
"ENSG00000135655",9160
"ENSG00000135677",6284
"ENSG00000135678",7535
"ENSG00000135679",8017
"ENSG00000135686",9995
"ENSG00000135698",2190
"ENSG00000135709",8819
"ENSG00000135720",8278
"ENSG00000135722",2866
"ENSG00000135723",5407
"ENSG00000135736",2582
"ENSG00000135749",13815
"ENSG00000135763",6001
"ENSG00000135766",7265
"ENSG00000135775",11086
"ENSG00000135776",4256
"ENSG00000135778",15854
"ENSG00000135801",6412
"ENSG00000135821",9032
"ENSG00000135823",6254
"ENSG00000135828",6128
"ENSG00000135829",5645
"ENSG00000135837",14301
"ENSG00000135838",4975
"ENSG00000135842",8372
"ENSG00000135845",5229
"ENSG00000135847",2356
"ENSG00000135862",8406
"ENSG00000135870",11508
"ENSG00000135898",4130
"ENSG00000135899",6865
"ENSG00000135900",1748
"ENSG00000135905",11065
"ENSG00000135912",7685
"ENSG00000135913",9290
"ENSG00000135916",2611
"ENSG00000135924",5886
"ENSG00000135926",5098
"ENSG00000135929",2983
"ENSG00000135930",7177
"ENSG00000135932",5360
"ENSG00000135940",1441
"ENSG00000135945",7769
"ENSG00000135951",7375
"ENSG00000135953",4367
"ENSG00000135956",6367
"ENSG00000135960",4426
"ENSG00000135966",5982
"ENSG00000135968",13282
"ENSG00000135972",1915
"ENSG00000135974",4768
"ENSG00000135976",10693
"ENSG00000135999",5575
"ENSG00000136003",4439
"ENSG00000136014",5386
"ENSG00000136021",7470
"ENSG00000136026",3638
"ENSG00000136040",9887
"ENSG00000136044",5124
"ENSG00000136045",2876
"ENSG00000136048",4061
"ENSG00000136051",7695
"ENSG00000136052",5151
"ENSG00000136059",6476
"ENSG00000136068",13956
"ENSG00000136098",4272
"ENSG00000136100",5614
"ENSG00000136104",2591
"ENSG00000136108",4547
"ENSG00000136111",6651
"ENSG00000136122",2762
"ENSG00000136141",7307
"ENSG00000136143",3786
"ENSG00000136144",5204
"ENSG00000136146",2358
"ENSG00000136147",4841
"ENSG00000136149",612
"ENSG00000136152",4993
"ENSG00000136153",13143
"ENSG00000136156",2534
"ENSG00000136159",2098
"ENSG00000136161",3430
"ENSG00000136167",5216
"ENSG00000136169",6741
"ENSG00000136193",6046
"ENSG00000136197",3248
"ENSG00000136205",11797
"ENSG00000136213",2211
"ENSG00000136231",8511
"ENSG00000136238",3114
"ENSG00000136240",3990
"ENSG00000136243",4159
"ENSG00000136247",3557
"ENSG00000136250",3609
"ENSG00000136261",3662
"ENSG00000136270",5803
"ENSG00000136271",4068
"ENSG00000136273",4177
"ENSG00000136279",12587
"ENSG00000136280",8196
"ENSG00000136286",8653
"ENSG00000136295",6129
"ENSG00000136305",3198
"ENSG00000136319",9705
"ENSG00000136371",1633
"ENSG00000136381",10806
"ENSG00000136404",2674
"ENSG00000136436",8333
"ENSG00000136444",4198
"ENSG00000136448",6669
"ENSG00000136450",3340
"ENSG00000136451",4911
"ENSG00000136463",2315
"ENSG00000136478",9094
"ENSG00000136485",6587
"ENSG00000136490",4745
"ENSG00000136492",7991
"ENSG00000136504",6085
"ENSG00000136514",1554
"ENSG00000136518",3675
"ENSG00000136521",5871
"ENSG00000136522",1370
"ENSG00000136527",11769
"ENSG00000136536",6256
"ENSG00000136541",4395
"ENSG00000136560",5579
"ENSG00000136573",4803
"ENSG00000136603",7782
"ENSG00000136628",5450
"ENSG00000136630",4144
"ENSG00000136631",6250
"ENSG00000136636",4929
"ENSG00000136643",6098
"ENSG00000136653",6174
"ENSG00000136682",8308
"ENSG00000136689",3256
"ENSG00000136699",7441
"ENSG00000136709",14580
"ENSG00000136710",3782
"ENSG00000136715",4373
"ENSG00000136717",6929
"ENSG00000136718",3861
"ENSG00000136720",4683
"ENSG00000136731",11349
"ENSG00000136732",3237
"ENSG00000136738",3246
"ENSG00000136754",4236
"ENSG00000136758",6993
"ENSG00000136770",2501
"ENSG00000136783",2585
"ENSG00000136802",5230
"ENSG00000136807",3000
"ENSG00000136810",1142
"ENSG00000136811",6342
"ENSG00000136813",8449
"ENSG00000136816",2911
"ENSG00000136819",5099
"ENSG00000136824",6466
"ENSG00000136826",3539
"ENSG00000136827",3766
"ENSG00000136828",10507
"ENSG00000136830",4629
"ENSG00000136840",2630
"ENSG00000136842",3708
"ENSG00000136856",3924
"ENSG00000136861",10080
"ENSG00000136866",6354
"ENSG00000136867",2504
"ENSG00000136868",5320
"ENSG00000136869",5256
"ENSG00000136870",3312
"ENSG00000136874",4735
"ENSG00000136875",3613
"ENSG00000136877",4040
"ENSG00000136878",5511
"ENSG00000136888",1305
"ENSG00000136891",7628
"ENSG00000136895",9731
"ENSG00000136897",3332
"ENSG00000136908",3133
"ENSG00000136925",5980
"ENSG00000136929",2192
"ENSG00000136930",2152
"ENSG00000136932",3754
"ENSG00000136933",3401
"ENSG00000136935",6009
"ENSG00000136936",1833
"ENSG00000136937",5548
"ENSG00000136938",1850
"ENSG00000136940",3147
"ENSG00000136942",1535
"ENSG00000136950",3601
"ENSG00000136960",6729
"ENSG00000136986",7081
"ENSG00000136997",2995
"ENSG00000136999",2673
"ENSG00000137038",3000
"ENSG00000137040",4576
"ENSG00000137054",2512
"ENSG00000137055",4825
"ENSG00000137070",4271
"ENSG00000137073",10610
"ENSG00000137074",3789
"ENSG00000137075",6138
"ENSG00000137076",10076
"ENSG00000137078",1286
"ENSG00000137094",5891
"ENSG00000137100",4656
"ENSG00000137101",3374
"ENSG00000137106",7226
"ENSG00000137124",3066
"ENSG00000137133",2395
"ENSG00000137145",9341
"ENSG00000137154",2714
"ENSG00000137161",1704
"ENSG00000137168",1810
"ENSG00000137171",6421
"ENSG00000137177",11016
"ENSG00000137185",3705
"ENSG00000137193",2977
"ENSG00000137198",2232
"ENSG00000137200",5274
"ENSG00000137207",3053
"ENSG00000137210",4815
"ENSG00000137216",4425
"ENSG00000137221",5655
"ENSG00000137259",477
"ENSG00000137261",7005
"ENSG00000137265",5898
"ENSG00000137266",8898
"ENSG00000137269",4897
"ENSG00000137274",5780
"ENSG00000137275",4231
"ENSG00000137288",4689
"ENSG00000137309",2327
"ENSG00000137364",3181
"ENSG00000137393",5446
"ENSG00000137409",3126
"ENSG00000137413",9286
"ENSG00000137414",4677
"ENSG00000137441",1250
"ENSG00000137449",7177
"ENSG00000137462",4200
"ENSG00000137478",5188
"ENSG00000137486",5976
"ENSG00000137492",7727
"ENSG00000137494",6724
"ENSG00000137496",4323
"ENSG00000137497",15212
"ENSG00000137500",6561
"ENSG00000137501",11248
"ENSG00000137502",11701
"ENSG00000137504",5587
"ENSG00000137509",6482
"ENSG00000137513",3153
"ENSG00000137522",3567
"ENSG00000137547",1191
"ENSG00000137574",3869
"ENSG00000137575",4778
"ENSG00000137601",7755
"ENSG00000137628",6750
"ENSG00000137642",19449
"ENSG00000137656",2196
"ENSG00000137692",1700
"ENSG00000137700",6186
"ENSG00000137710",6588
"ENSG00000137713",6720
"ENSG00000137714",3206
"ENSG00000137720",3831
"ENSG00000137752",3722
"ENSG00000137757",1592
"ENSG00000137760",4506
"ENSG00000137764",5031
"ENSG00000137767",3088
"ENSG00000137770",9665
"ENSG00000137776",8157
"ENSG00000137801",10870
"ENSG00000137802",10357
"ENSG00000137804",2875
"ENSG00000137806",1786
"ENSG00000137807",6375
"ENSG00000137812",10250
"ENSG00000137814",4323
"ENSG00000137815",5770
"ENSG00000137817",7696
"ENSG00000137818",2993
"ENSG00000137822",8495
"ENSG00000137824",5114
"ENSG00000137831",11031
"ENSG00000137841",7350
"ENSG00000137842",4810
"ENSG00000137845",8636
"ENSG00000137871",17907
"ENSG00000137876",3009
"ENSG00000137880",1529
"ENSG00000137942",5798
"ENSG00000137944",2306
"ENSG00000137947",2225
"ENSG00000137955",5916
"ENSG00000137959",10240
"ENSG00000137965",2801
"ENSG00000137970",747
"ENSG00000137992",11303
"ENSG00000137996",3037
"ENSG00000138002",8401
"ENSG00000138018",8524
"ENSG00000138029",4133
"ENSG00000138031",6058
"ENSG00000138032",7119
"ENSG00000138035",5134
"ENSG00000138036",4618
"ENSG00000138041",8216
"ENSG00000138050",3823
"ENSG00000138061",6011
"ENSG00000138069",2974
"ENSG00000138071",4268
"ENSG00000138073",3221
"ENSG00000138074",5606
"ENSG00000138078",8153
"ENSG00000138081",7123
"ENSG00000138085",2019
"ENSG00000138092",5518
"ENSG00000138095",9760
"ENSG00000138101",7156
"ENSG00000138107",4341
"ENSG00000138111",3821
"ENSG00000138119",8499
"ENSG00000138134",6323
"ENSG00000138138",5102
"ENSG00000138160",4858
"ENSG00000138161",3752
"ENSG00000138166",2615
"ENSG00000138172",3620
"ENSG00000138175",3844
"ENSG00000138182",7126
"ENSG00000138185",14587
"ENSG00000138190",6359
"ENSG00000138231",3160
"ENSG00000138246",9562
"ENSG00000138279",2862
"ENSG00000138286",7473
"ENSG00000138293",4196
"ENSG00000138297",2481
"ENSG00000138303",5098
"ENSG00000138311",9073
"ENSG00000138326",4880
"ENSG00000138336",9288
"ENSG00000138346",5006
"ENSG00000138363",3919
"ENSG00000138375",5092
"ENSG00000138376",6062
"ENSG00000138378",4250
"ENSG00000138380",8981
"ENSG00000138381",2504
"ENSG00000138382",2865
"ENSG00000138385",5113
"ENSG00000138386",4893
"ENSG00000138398",7368
"ENSG00000138399",4451
"ENSG00000138411",12692
"ENSG00000138413",4721
"ENSG00000138430",6100
"ENSG00000138433",3209
"ENSG00000138434",9582
"ENSG00000138439",5996
"ENSG00000138442",9098
"ENSG00000138443",23220
"ENSG00000138448",8211
"ENSG00000138449",4330
"ENSG00000138459",4853
"ENSG00000138463",3596
"ENSG00000138468",6396
"ENSG00000138495",2172
"ENSG00000138496",8938
"ENSG00000138592",7303
"ENSG00000138593",8699
"ENSG00000138594",7045
"ENSG00000138600",3101
"ENSG00000138604",6161
"ENSG00000138613",5494
"ENSG00000138614",4210
"ENSG00000138617",3715
"ENSG00000138621",3781
"ENSG00000138623",4309
"ENSG00000138629",1885
"ENSG00000138639",7908
"ENSG00000138640",13215
"ENSG00000138641",8634
"ENSG00000138642",5793
"ENSG00000138646",4766
"ENSG00000138658",9100
"ENSG00000138660",3444
"ENSG00000138663",3566
"ENSG00000138668",6981
"ENSG00000138670",9765
"ENSG00000138674",9145
"ENSG00000138678",3468
"ENSG00000138686",4829
"ENSG00000138688",20470
"ENSG00000138698",5424
"ENSG00000138709",8792
"ENSG00000138722",5510
"ENSG00000138735",9756
"ENSG00000138738",9517
"ENSG00000138744",5154
"ENSG00000138750",4062
"ENSG00000138756",9938
"ENSG00000138757",7178
"ENSG00000138758",9787
"ENSG00000138760",5685
"ENSG00000138764",7471
"ENSG00000138767",9367
"ENSG00000138768",4542
"ENSG00000138772",5115
"ENSG00000138777",4654
"ENSG00000138778",9444
"ENSG00000138780",6203
"ENSG00000138785",3895
"ENSG00000138794",1936
"ENSG00000138795",5361
"ENSG00000138796",3084
"ENSG00000138798",6127
"ENSG00000138801",3478
"ENSG00000138802",5219
"ENSG00000138814",5213
"ENSG00000138821",6480
"ENSG00000138829",13196
"ENSG00000138834",10285
"ENSG00000138835",13690
"ENSG00000138867",4514
"ENSG00000138942",3447
"ENSG00000138964",8677
"ENSG00000139055",2426
"ENSG00000139083",7075
"ENSG00000139112",4084
"ENSG00000139116",10144
"ENSG00000139117",5178
"ENSG00000139131",2152
"ENSG00000139132",10629
"ENSG00000139133",3654
"ENSG00000139146",5748
"ENSG00000139154",4524
"ENSG00000139160",6868
"ENSG00000139163",8191
"ENSG00000139168",2446
"ENSG00000139173",3440
"ENSG00000139174",5201
"ENSG00000139178",5014
"ENSG00000139180",5362
"ENSG00000139182",6865
"ENSG00000139187",2598
"ENSG00000139190",3580
"ENSG00000139192",3188
"ENSG00000139193",1410
"ENSG00000139197",5488
"ENSG00000139211",3956
"ENSG00000139218",11937
"ENSG00000139233",1486
"ENSG00000139239",670
"ENSG00000139266",4005
"ENSG00000139278",6273
"ENSG00000139289",8069
"ENSG00000139291",5498
"ENSG00000139318",4632
"ENSG00000139323",8746
"ENSG00000139324",7327
"ENSG00000139343",3043
"ENSG00000139350",4037
"ENSG00000139370",5493
"ENSG00000139372",4903
"ENSG00000139405",2053
"ENSG00000139428",5606
"ENSG00000139433",2696
"ENSG00000139436",13547
"ENSG00000139437",9054
"ENSG00000139496",10412
"ENSG00000139505",6192
"ENSG00000139508",3776
"ENSG00000139514",7692
"ENSG00000139517",4625
"ENSG00000139531",5008
"ENSG00000139537",2373
"ENSG00000139546",4090
"ENSG00000139579",2218
"ENSG00000139597",5638
"ENSG00000139613",8555
"ENSG00000139618",11269
"ENSG00000139620",3386
"ENSG00000139624",6235
"ENSG00000139625",7150
"ENSG00000139626",4481
"ENSG00000139629",7347
"ENSG00000139631",4852
"ENSG00000139636",5462
"ENSG00000139637",2509
"ENSG00000139641",5493
"ENSG00000139644",6187
"ENSG00000139645",8820
"ENSG00000139651",4734
"ENSG00000139668",3910
"ENSG00000139675",2365
"ENSG00000139679",4093
"ENSG00000139684",3401
"ENSG00000139687",6169
"ENSG00000139697",11124
"ENSG00000139718",8386
"ENSG00000139719",7542
"ENSG00000139722",5946
"ENSG00000139725",6177
"ENSG00000139726",3576
"ENSG00000139737",4033
"ENSG00000139746",9018
"ENSG00000139793",4884
"ENSG00000139826",5338
"ENSG00000139832",1514
"ENSG00000139842",5784
"ENSG00000139890",2305
"ENSG00000139921",2994
"ENSG00000139946",6278
"ENSG00000139970",6209
"ENSG00000139974",5147
"ENSG00000139977",7653
"ENSG00000139990",8295
"ENSG00000140006",3208
"ENSG00000140022",6675
"ENSG00000140025",8306
"ENSG00000140030",1786
"ENSG00000140044",6235
"ENSG00000140090",9181
"ENSG00000140092",4973
"ENSG00000140105",6358
"ENSG00000140153",7328
"ENSG00000140157",3505
"ENSG00000140181",7673
"ENSG00000140199",6799
"ENSG00000140259",2373
"ENSG00000140262",9446
"ENSG00000140263",6159
"ENSG00000140264",7347
"ENSG00000140265",6634
"ENSG00000140280",2074
"ENSG00000140287",3956
"ENSG00000140299",7969
"ENSG00000140307",3204
"ENSG00000140319",2005
"ENSG00000140320",5196
"ENSG00000140326",5428
"ENSG00000140332",12634
"ENSG00000140350",7544
"ENSG00000140365",5482
"ENSG00000140367",3856
"ENSG00000140368",4468
"ENSG00000140374",5031
"ENSG00000140379",1089
"ENSG00000140382",6403
"ENSG00000140386",11329
"ENSG00000140391",5893
"ENSG00000140395",7279
"ENSG00000140396",10026
"ENSG00000140398",5075
"ENSG00000140400",8557
"ENSG00000140403",6591
"ENSG00000140406",3048
"ENSG00000140416",8468
"ENSG00000140443",13509
"ENSG00000140450",4118
"ENSG00000140455",7681
"ENSG00000140463",4142
"ENSG00000140464",12657
"ENSG00000140470",7800
"ENSG00000140471",7790
"ENSG00000140474",3516
"ENSG00000140479",9348
"ENSG00000140497",5000
"ENSG00000140511",3524
"ENSG00000140521",5529
"ENSG00000140525",7769
"ENSG00000140526",10345
"ENSG00000140543",2658
"ENSG00000140545",4744
"ENSG00000140548",4936
"ENSG00000140553",7498
"ENSG00000140563",9429
"ENSG00000140564",4661
"ENSG00000140575",10806
"ENSG00000140577",10814
"ENSG00000140598",4733
"ENSG00000140612",5742
"ENSG00000140632",5470
"ENSG00000140650",7645
"ENSG00000140678",6533
"ENSG00000140688",3630
"ENSG00000140691",5545
"ENSG00000140694",4382
"ENSG00000140718",12723
"ENSG00000140740",4992
"ENSG00000140743",3948
"ENSG00000140749",1781
"ENSG00000140750",9892
"ENSG00000140829",6209
"ENSG00000140830",3170
"ENSG00000140836",17503
"ENSG00000140848",7380
"ENSG00000140853",12386
"ENSG00000140854",4591
"ENSG00000140859",7552
"ENSG00000140876",1502
"ENSG00000140931",3163
"ENSG00000140932",1151
"ENSG00000140941",5313
"ENSG00000140943",10226
"ENSG00000140948",7390
"ENSG00000140950",6505
"ENSG00000140968",5162
"ENSG00000140983",5174
"ENSG00000140987",4009
"ENSG00000140988",2413
"ENSG00000140990",1070
"ENSG00000140992",10933
"ENSG00000140993",4197
"ENSG00000140995",6565
"ENSG00000141002",5995
"ENSG00000141012",8402
"ENSG00000141013",5615
"ENSG00000141026",2940
"ENSG00000141027",15393
"ENSG00000141030",2781
"ENSG00000141034",5210
"ENSG00000141040",3566
"ENSG00000141068",11817
"ENSG00000141076",5681
"ENSG00000141084",6401
"ENSG00000141096",2018
"ENSG00000141098",7397
"ENSG00000141101",2119
"ENSG00000141127",4687
"ENSG00000141140",13095
"ENSG00000141141",9543
"ENSG00000141179",5880
"ENSG00000141219",4661
"ENSG00000141232",2521
"ENSG00000141252",20899
"ENSG00000141258",9771
"ENSG00000141279",11514
"ENSG00000141293",2648
"ENSG00000141295",3043
"ENSG00000141298",12608
"ENSG00000141337",6587
"ENSG00000141349",4548
"ENSG00000141367",11021
"ENSG00000141376",14101
"ENSG00000141378",4740
"ENSG00000141380",5783
"ENSG00000141384",5395
"ENSG00000141385",6624
"ENSG00000141401",3819
"ENSG00000141424",3682
"ENSG00000141425",7733
"ENSG00000141428",2150
"ENSG00000141429",5126
"ENSG00000141446",5288
"ENSG00000141447",8022
"ENSG00000141452",3026
"ENSG00000141456",4967
"ENSG00000141458",10102
"ENSG00000141469",6376
"ENSG00000141480",4372
"ENSG00000141499",5087
"ENSG00000141503",7817
"ENSG00000141504",1643
"ENSG00000141505",3748
"ENSG00000141506",7501
"ENSG00000141510",3924
"ENSG00000141522",2903
"ENSG00000141524",8669
"ENSG00000141526",8995
"ENSG00000141540",5371
"ENSG00000141543",4967
"ENSG00000141551",11024
"ENSG00000141552",4020
"ENSG00000141556",10472
"ENSG00000141560",2971
"ENSG00000141562",7939
"ENSG00000141564",9389
"ENSG00000141568",7780
"ENSG00000141569",3906
"ENSG00000141570",4164
"ENSG00000141574",2961
"ENSG00000141576",7802
"ENSG00000141577",3966
"ENSG00000141580",3542
"ENSG00000141582",2880
"ENSG00000141627",5061
"ENSG00000141642",3366
"ENSG00000141644",6734
"ENSG00000141646",13363
"ENSG00000141664",10142
"ENSG00000141682",2235
"ENSG00000141698",2836
"ENSG00000141699",5145
"ENSG00000141720",6135
"ENSG00000141736",10321
"ENSG00000141741",2292
"ENSG00000141759",3175
"ENSG00000141858",2263
"ENSG00000141867",10766
"ENSG00000141873",4552
"ENSG00000141905",9347
"ENSG00000141933",3840
"ENSG00000141956",13004
"ENSG00000141959",8926
"ENSG00000141965",3844
"ENSG00000141968",4269
"ENSG00000141971",4046
"ENSG00000141985",3685
"ENSG00000141994",3642
"ENSG00000142002",8324
"ENSG00000142039",3821
"ENSG00000142046",2796
"ENSG00000142065",6010
"ENSG00000142082",5202
"ENSG00000142089",1348
"ENSG00000142102",5260
"ENSG00000142166",6349
"ENSG00000142168",2019
"ENSG00000142173",5386
"ENSG00000142178",4886
"ENSG00000142185",6705
"ENSG00000142186",4282
"ENSG00000142188",4495
"ENSG00000142192",6349
"ENSG00000142197",9030
"ENSG00000142207",11461
"ENSG00000142208",10838
"ENSG00000142227",1667
"ENSG00000142230",3389
"ENSG00000142252",1915
"ENSG00000142303",5739
"ENSG00000142327",7767
"ENSG00000142330",7474
"ENSG00000142347",8550
"ENSG00000142396",4987
"ENSG00000142405",5100
"ENSG00000142409",3674
"ENSG00000142444",1863
"ENSG00000142453",4162
"ENSG00000142459",6252
"ENSG00000142507",1420
"ENSG00000142512",3667
"ENSG00000142528",6898
"ENSG00000142534",1390
"ENSG00000142541",2369
"ENSG00000142544",2087
"ENSG00000142546",4367
"ENSG00000142552",2093
"ENSG00000142556",5813
"ENSG00000142583",6854
"ENSG00000142599",11503
"ENSG00000142632",3745
"ENSG00000142634",2531
"ENSG00000142655",2995
"ENSG00000142657",3171
"ENSG00000142669",1780
"ENSG00000142676",1987
"ENSG00000142684",1956
"ENSG00000142686",3629
"ENSG00000142687",9629
"ENSG00000142694",1211
"ENSG00000142731",4482
"ENSG00000142733",4951
"ENSG00000142751",4979
"ENSG00000142765",5575
"ENSG00000142784",6010
"ENSG00000142794",6812
"ENSG00000142856",5459
"ENSG00000142864",7676
"ENSG00000142867",2819
"ENSG00000142875",6676
"ENSG00000142892",5513
"ENSG00000142920",6559
"ENSG00000142937",2847
"ENSG00000142961",5916
"ENSG00000143013",5833
"ENSG00000143033",5909
"ENSG00000143067",5041
"ENSG00000143079",7404
"ENSG00000143093",7352
"ENSG00000143106",5737
"ENSG00000143110",2768
"ENSG00000143119",2081
"ENSG00000143149",3308
"ENSG00000143153",3068
"ENSG00000143155",1818
"ENSG00000143156",5737
"ENSG00000143157",8451
"ENSG00000143158",2552
"ENSG00000143162",2688
"ENSG00000143164",6204
"ENSG00000143167",3003
"ENSG00000143178",3647
"ENSG00000143179",6756
"ENSG00000143183",3082
"ENSG00000143190",15782
"ENSG00000143198",7888
"ENSG00000143207",4299
"ENSG00000143222",2274
"ENSG00000143224",4607
"ENSG00000143226",5314
"ENSG00000143252",2014
"ENSG00000143256",677
"ENSG00000143258",3764
"ENSG00000143294",4106
"ENSG00000143297",12440
"ENSG00000143303",3169
"ENSG00000143314",1695
"ENSG00000143315",4322
"ENSG00000143319",5262
"ENSG00000143321",3790
"ENSG00000143322",13257
"ENSG00000143324",8903
"ENSG00000143337",9615
"ENSG00000143344",5415
"ENSG00000143353",2966
"ENSG00000143363",3067
"ENSG00000143365",6314
"ENSG00000143367",4017
"ENSG00000143368",2245
"ENSG00000143373",6349
"ENSG00000143374",4023
"ENSG00000143376",7467
"ENSG00000143379",7086
"ENSG00000143384",4218
"ENSG00000143387",1887
"ENSG00000143390",4586
"ENSG00000143393",5456
"ENSG00000143398",5405
"ENSG00000143401",3607
"ENSG00000143409",3590
"ENSG00000143416",3504
"ENSG00000143418",4643
"ENSG00000143420",5493
"ENSG00000143436",1812
"ENSG00000143437",6516
"ENSG00000143442",10272
"ENSG00000143452",2405
"ENSG00000143457",3339
"ENSG00000143458",9189
"ENSG00000143466",3568
"ENSG00000143479",4218
"ENSG00000143486",2882
"ENSG00000143493",5107
"ENSG00000143498",2895
"ENSG00000143499",4884
"ENSG00000143502",4865
"ENSG00000143507",3474
"ENSG00000143514",5991
"ENSG00000143515",7572
"ENSG00000143537",6585
"ENSG00000143543",1496
"ENSG00000143546",1006
"ENSG00000143549",8363
"ENSG00000143553",1544
"ENSG00000143554",5470
"ENSG00000143569",7503
"ENSG00000143570",3246
"ENSG00000143575",2155
"ENSG00000143578",2911
"ENSG00000143612",2582
"ENSG00000143614",7478
"ENSG00000143621",2033
"ENSG00000143622",3919
"ENSG00000143624",9721
"ENSG00000143633",5413
"ENSG00000143641",7944
"ENSG00000143643",4212
"ENSG00000143653",2503
"ENSG00000143669",19616
"ENSG00000143674",7916
"ENSG00000143702",10939
"ENSG00000143727",4160
"ENSG00000143740",6542
"ENSG00000143742",1712
"ENSG00000143748",4895
"ENSG00000143751",3975
"ENSG00000143753",2515
"ENSG00000143756",6044
"ENSG00000143761",3280
"ENSG00000143771",5098
"ENSG00000143772",7036
"ENSG00000143774",4725
"ENSG00000143776",14055
"ENSG00000143786",6386
"ENSG00000143793",4308
"ENSG00000143797",8798
"ENSG00000143799",7169
"ENSG00000143801",3757
"ENSG00000143811",3539
"ENSG00000143815",5257
"ENSG00000143851",5906
"ENSG00000143862",1973
"ENSG00000143870",4101
"ENSG00000143878",2366
"ENSG00000143889",5923
"ENSG00000143891",2790
"ENSG00000143919",3991
"ENSG00000143924",8357
"ENSG00000143933",6466
"ENSG00000143947",3130
"ENSG00000143951",11776
"ENSG00000143952",5091
"ENSG00000143970",13023
"ENSG00000143971",3486
"ENSG00000143977",1795
"ENSG00000143995",10934
"ENSG00000144021",4031
"ENSG00000144026",6813
"ENSG00000144028",10970
"ENSG00000144029",6719
"ENSG00000144034",2047
"ENSG00000144036",10185
"ENSG00000144040",11087
"ENSG00000144043",4260
"ENSG00000144048",3544
"ENSG00000144118",2915
"ENSG00000144120",2588
"ENSG00000144136",5577
"ENSG00000144152",6576
"ENSG00000144161",6600
"ENSG00000144182",2439
"ENSG00000144218",12295
"ENSG00000144224",5112
"ENSG00000144228",6468
"ENSG00000144231",2511
"ENSG00000144233",4761
"ENSG00000144283",9525
"ENSG00000144290",7550
"ENSG00000144306",4144
"ENSG00000144320",9122
"ENSG00000144357",10160
"ENSG00000144381",4245
"ENSG00000144401",6798
"ENSG00000144426",16376
"ENSG00000144445",8468
"ENSG00000144451",8335
"ENSG00000144455",6952
"ENSG00000144468",6926
"ENSG00000144476",2258
"ENSG00000144504",11477
"ENSG00000144524",6034
"ENSG00000144535",11341
"ENSG00000144554",8378
"ENSG00000144559",5925
"ENSG00000144560",6698
"ENSG00000144566",3785
"ENSG00000144567",5689
"ENSG00000144579",4727
"ENSG00000144580",5292
"ENSG00000144589",5694
"ENSG00000144591",5331
"ENSG00000144597",4690
"ENSG00000144635",6132
"ENSG00000144645",11976
"ENSG00000144647",2668
"ENSG00000144655",3214
"ENSG00000144659",2151
"ENSG00000144674",10723
"ENSG00000144677",5796
"ENSG00000144711",6883
"ENSG00000144713",3720
"ENSG00000144736",5841
"ENSG00000144741",5850
"ENSG00000144744",4001
"ENSG00000144746",2522
"ENSG00000144747",7038
"ENSG00000144749",7032
"ENSG00000144791",12673
"ENSG00000144802",5902
"ENSG00000144815",9474
"ENSG00000144824",12109
"ENSG00000144827",3021
"ENSG00000144840",4684
"ENSG00000144843",4615
"ENSG00000144848",6111
"ENSG00000144867",4180
"ENSG00000144893",12619
"ENSG00000144895",4131
"ENSG00000144909",4191
"ENSG00000144935",4768
"ENSG00000144959",4808
"ENSG00000145012",25536
"ENSG00000145016",8613
"ENSG00000145020",4561
"ENSG00000145022",2747
"ENSG00000145029",2929
"ENSG00000145041",6682
"ENSG00000145050",2111
"ENSG00000145088",1770
"ENSG00000145191",5975
"ENSG00000145214",4970
"ENSG00000145216",7169
"ENSG00000145220",2319
"ENSG00000145241",5558
"ENSG00000145246",7965
"ENSG00000145247",2483
"ENSG00000145287",3853
"ENSG00000145293",2025
"ENSG00000145331",4379
"ENSG00000145332",7354
"ENSG00000145335",4011
"ENSG00000145337",1361
"ENSG00000145348",11112
"ENSG00000145349",7363
"ENSG00000145354",2607
"ENSG00000145365",4250
"ENSG00000145375",8247
"ENSG00000145386",2797
"ENSG00000145388",6833
"ENSG00000145390",11950
"ENSG00000145391",13916
"ENSG00000145414",4808
"ENSG00000145416",10421
"ENSG00000145425",2341
"ENSG00000145431",5593
"ENSG00000145439",5110
"ENSG00000145476",9807
"ENSG00000145491",1817
"ENSG00000145494",1451
"ENSG00000145495",11336
"ENSG00000145545",2891
"ENSG00000145569",4074
"ENSG00000145592",8153
"ENSG00000145604",3837
"ENSG00000145649",894
"ENSG00000145675",10791
"ENSG00000145685",7977
"ENSG00000145687",11284
"ENSG00000145703",7904
"ENSG00000145715",5232
"ENSG00000145723",4182
"ENSG00000145725",17272
"ENSG00000145730",8851
"ENSG00000145734",12438
"ENSG00000145740",5784
"ENSG00000145741",2467
"ENSG00000145743",8125
"ENSG00000145779",9591
"ENSG00000145780",5813
"ENSG00000145781",2464
"ENSG00000145782",8892
"ENSG00000145817",3701
"ENSG00000145819",13347
"ENSG00000145833",9214
"ENSG00000145860",4567
"ENSG00000145868",8722
"ENSG00000145882",6069
"ENSG00000145901",6145
"ENSG00000145907",12406
"ENSG00000145908",4411
"ENSG00000145911",6080
"ENSG00000145912",1510
"ENSG00000145916",7701
"ENSG00000145919",2018
"ENSG00000145945",1932
"ENSG00000145949",5877
"ENSG00000145979",8300
"ENSG00000145982",2351
"ENSG00000145990",10686
"ENSG00000145996",3358
"ENSG00000146007",1799
"ENSG00000146021",12173
"ENSG00000146063",12803
"ENSG00000146066",668
"ENSG00000146067",5804
"ENSG00000146070",2965
"ENSG00000146083",5660
"ENSG00000146085",3749
"ENSG00000146094",4821
"ENSG00000146109",2255
"ENSG00000146143",4665
"ENSG00000146192",10167
"ENSG00000146223",7809
"ENSG00000146232",2556
"ENSG00000146243",7542
"ENSG00000146247",13252
"ENSG00000146263",21793
"ENSG00000146278",2992
"ENSG00000146281",4708
"ENSG00000146282",2545
"ENSG00000146285",7116
"ENSG00000146350",6912
"ENSG00000146373",12779
"ENSG00000146376",4640
"ENSG00000146386",1200
"ENSG00000146409",3031
"ENSG00000146414",17636
"ENSG00000146416",6027
"ENSG00000146425",2949
"ENSG00000146426",11532
"ENSG00000146433",5390
"ENSG00000146457",5794
"ENSG00000146463",7647
"ENSG00000146476",2790
"ENSG00000146535",6120
"ENSG00000146540",4961
"ENSG00000146556",3043
"ENSG00000146574",7316
"ENSG00000146576",2728
"ENSG00000146587",6960
"ENSG00000146592",11674
"ENSG00000146674",4466
"ENSG00000146676",9065
"ENSG00000146677",499
"ENSG00000146701",3641
"ENSG00000146729",5651
"ENSG00000146731",3901
"ENSG00000146757",3502
"ENSG00000146776",8295
"ENSG00000146802",7995
"ENSG00000146826",3255
"ENSG00000146828",8894
"ENSG00000146830",6709
"ENSG00000146833",4891
"ENSG00000146834",3412
"ENSG00000146842",4759
"ENSG00000146856",7550
"ENSG00000146859",2313
"ENSG00000146872",8583
"ENSG00000146904",4733
"ENSG00000146909",7788
"ENSG00000146918",6987
"ENSG00000146963",6249
"ENSG00000147010",5830
"ENSG00000147036",10298
"ENSG00000147044",10547
"ENSG00000147050",6805
"ENSG00000147065",5969
"ENSG00000147099",5386
"ENSG00000147118",3587
"ENSG00000147119",2289
"ENSG00000147121",4120
"ENSG00000147123",1418
"ENSG00000147124",4784
"ENSG00000147130",6916
"ENSG00000147133",10835
"ENSG00000147138",1258
"ENSG00000147140",5292
"ENSG00000147155",2409
"ENSG00000147162",9812
"ENSG00000147164",2378
"ENSG00000147168",2760
"ENSG00000147174",3621
"ENSG00000147180",5045
"ENSG00000147202",9550
"ENSG00000147224",2197
"ENSG00000147231",4853
"ENSG00000147251",6664
"ENSG00000147274",5882
"ENSG00000147316",4894
"ENSG00000147324",6883
"ENSG00000147364",4004
"ENSG00000147382",1727
"ENSG00000147383",1996
"ENSG00000147394",4795
"ENSG00000147400",1928
"ENSG00000147403",4825
"ENSG00000147408",6580
"ENSG00000147416",7816
"ENSG00000147419",4408
"ENSG00000147421",6634
"ENSG00000147437",1762
"ENSG00000147439",5072
"ENSG00000147443",2211
"ENSG00000147454",8147
"ENSG00000147457",4532
"ENSG00000147459",15960
"ENSG00000147471",3426
"ENSG00000147475",9464
"ENSG00000147526",12609
"ENSG00000147533",2474
"ENSG00000147535",4414
"ENSG00000147548",15252
"ENSG00000147576",3753
"ENSG00000147586",1819
"ENSG00000147592",1931
"ENSG00000147601",8831
"ENSG00000147604",2903
"ENSG00000147649",6391
"ENSG00000147650",9777
"ENSG00000147654",3579
"ENSG00000147669",1711
"ENSG00000147677",6431
"ENSG00000147679",5246
"ENSG00000147684",2629
"ENSG00000147687",4778
"ENSG00000147789",10296
"ENSG00000147813",3079
"ENSG00000147853",2808
"ENSG00000147854",9919
"ENSG00000147872",5094
"ENSG00000147874",7932
"ENSG00000147883",4058
"ENSG00000147894",6061
"ENSG00000147905",3992
"ENSG00000147955",2196
"ENSG00000147996",12708
"ENSG00000148019",14355
"ENSG00000148057",1993
"ENSG00000148090",2673
"ENSG00000148110",3420
"ENSG00000148120",11443
"ENSG00000148153",4423
"ENSG00000148154",4615
"ENSG00000148158",11578
"ENSG00000148175",3188
"ENSG00000148180",11097
"ENSG00000148187",3162
"ENSG00000148200",7124
"ENSG00000148218",5170
"ENSG00000148219",8290
"ENSG00000148229",2604
"ENSG00000148248",3229
"ENSG00000148288",3708
"ENSG00000148290",1761
"ENSG00000148291",1008
"ENSG00000148296",2684
"ENSG00000148297",7242
"ENSG00000148300",2599
"ENSG00000148303",2242
"ENSG00000148308",3992
"ENSG00000148331",2330
"ENSG00000148334",3039
"ENSG00000148335",2674
"ENSG00000148337",5074
"ENSG00000148339",4979
"ENSG00000148341",6814
"ENSG00000148343",6302
"ENSG00000148346",2057
"ENSG00000148356",4365
"ENSG00000148358",9135
"ENSG00000148362",1367
"ENSG00000148384",3394
"ENSG00000148396",12102
"ENSG00000148399",4475
"ENSG00000148400",9880
"ENSG00000148411",7212
"ENSG00000148429",14202
"ENSG00000148444",3315
"ENSG00000148450",2052
"ENSG00000148459",1959
"ENSG00000148481",4094
"ENSG00000148484",4191
"ENSG00000148488",2627
"ENSG00000148498",6513
"ENSG00000148516",8561
"ENSG00000148572",1850
"ENSG00000148606",8112
"ENSG00000148634",15838
"ENSG00000148655",6149
"ENSG00000148660",6770
"ENSG00000148672",4027
"ENSG00000148688",6872
"ENSG00000148690",8222
"ENSG00000148700",6541
"ENSG00000148719",5649
"ENSG00000148730",7257
"ENSG00000148737",5049
"ENSG00000148773",12807
"ENSG00000148803",1274
"ENSG00000148814",11541
"ENSG00000148824",4095
"ENSG00000148832",2320
"ENSG00000148834",1691
"ENSG00000148835",3268
"ENSG00000148840",6053
"ENSG00000148841",4588
"ENSG00000148842",16324
"ENSG00000148843",7382
"ENSG00000148908",1252
"ENSG00000148925",3495
"ENSG00000148926",2718
"ENSG00000148943",4688
"ENSG00000148950",2854
"ENSG00000148985",3781
"ENSG00000149016",4082
"ENSG00000149084",8600
"ENSG00000149089",5432
"ENSG00000149091",10849
"ENSG00000149100",7428
"ENSG00000149115",7149
"ENSG00000149136",6323
"ENSG00000149150",3534
"ENSG00000149177",6880
"ENSG00000149179",5671
"ENSG00000149182",5920
"ENSG00000149187",10441
"ENSG00000149196",3417
"ENSG00000149212",10370
"ENSG00000149218",4687
"ENSG00000149231",6985
"ENSG00000149257",4914
"ENSG00000149260",6166
"ENSG00000149262",6074
"ENSG00000149269",6299
"ENSG00000149273",5894
"ENSG00000149289",9719
"ENSG00000149292",5302
"ENSG00000149294",12768
"ENSG00000149308",7534
"ENSG00000149311",22317
"ENSG00000149313",6183
"ENSG00000149346",1837
"ENSG00000149357",2778
"ENSG00000149418",4350
"ENSG00000149428",7694
"ENSG00000149474",4251
"ENSG00000149476",8136
"ENSG00000149480",4236
"ENSG00000149483",6348
"ENSG00000149485",10228
"ENSG00000149499",5490
"ENSG00000149503",4473
"ENSG00000149516",2095
"ENSG00000149527",10781
"ENSG00000149531",1770
"ENSG00000149532",6019
"ENSG00000149541",2428
"ENSG00000149547",3551
"ENSG00000149548",4823
"ENSG00000149564",3373
"ENSG00000149573",4753
"ENSG00000149577",9061
"ENSG00000149582",5529
"ENSG00000149591",3917
"ENSG00000149600",2584
"ENSG00000149636",2739
"ENSG00000149639",15128
"ENSG00000149657",3381
"ENSG00000149658",3457
"ENSG00000149716",7873
"ENSG00000149743",2210
"ENSG00000149761",3721
"ENSG00000149781",3062
"ENSG00000149782",4964
"ENSG00000149792",3080
"ENSG00000149798",2452
"ENSG00000149806",1846
"ENSG00000149809",3408
"ENSG00000149823",4878
"ENSG00000149923",2734
"ENSG00000149925",6153
"ENSG00000149929",3928
"ENSG00000149930",9058
"ENSG00000149932",2428
"ENSG00000149970",7160
"ENSG00000150045",1263
"ENSG00000150048",3169
"ENSG00000150054",6577
"ENSG00000150076",3490
"ENSG00000150093",6127
"ENSG00000150316",2989
"ENSG00000150337",2998
"ENSG00000150347",8164
"ENSG00000150401",4346
"ENSG00000150403",3682
"ENSG00000150433",5467
"ENSG00000150455",3591
"ENSG00000150457",5739
"ENSG00000150459",3394
"ENSG00000150477",11127
"ENSG00000150527",6108
"ENSG00000150540",4752
"ENSG00000150593",4535
"ENSG00000150636",5844
"ENSG00000150637",3957
"ENSG00000150681",2806
"ENSG00000150687",11725
"ENSG00000150712",5545
"ENSG00000150753",5839
"ENSG00000150756",2462
"ENSG00000150764",8509
"ENSG00000150768",4831
"ENSG00000150776",5755
"ENSG00000150779",1166
"ENSG00000150782",2628
"ENSG00000150787",3130
"ENSG00000150867",5088
"ENSG00000150907",5811
"ENSG00000150938",7122
"ENSG00000150961",9938
"ENSG00000150967",13037
"ENSG00000150977",1435
"ENSG00000150990",6618
"ENSG00000150991",3898
"ENSG00000150995",12902
"ENSG00000151012",9645
"ENSG00000151023",3720
"ENSG00000151062",7639
"ENSG00000151065",3571
"ENSG00000151092",8326
"ENSG00000151093",2486
"ENSG00000151116",5515
"ENSG00000151117",4243
"ENSG00000151131",1424
"ENSG00000151135",4768
"ENSG00000151136",7924
"ENSG00000151148",12450
"ENSG00000151150",24624
"ENSG00000151151",6133
"ENSG00000151176",3033
"ENSG00000151208",10365
"ENSG00000151229",10027
"ENSG00000151233",7497
"ENSG00000151239",3932
"ENSG00000151240",10003
"ENSG00000151247",14067
"ENSG00000151287",2154
"ENSG00000151292",5000
"ENSG00000151304",3111
"ENSG00000151320",13428
"ENSG00000151327",8383
"ENSG00000151332",3461
"ENSG00000151348",5286
"ENSG00000151353",5044
"ENSG00000151366",2652
"ENSG00000151413",7593
"ENSG00000151414",5485
"ENSG00000151422",13593
"ENSG00000151445",3695
"ENSG00000151458",8794
"ENSG00000151461",5906
"ENSG00000151465",2404
"ENSG00000151466",8294
"ENSG00000151470",7015
"ENSG00000151474",12499
"ENSG00000151490",7519
"ENSG00000151498",7174
"ENSG00000151500",2119
"ENSG00000151502",6483
"ENSG00000151503",9101
"ENSG00000151532",8408
"ENSG00000151552",3059
"ENSG00000151553",6212
"ENSG00000151576",8054
"ENSG00000151611",7677
"ENSG00000151612",8433
"ENSG00000151623",6607
"ENSG00000151650",2911
"ENSG00000151651",4780
"ENSG00000151657",7509
"ENSG00000151665",4978
"ENSG00000151687",5758
"ENSG00000151689",3856
"ENSG00000151690",6031
"ENSG00000151692",6473
"ENSG00000151693",7248
"ENSG00000151694",5481
"ENSG00000151702",8479
"ENSG00000151715",3027
"ENSG00000151718",9966
"ENSG00000151726",6134
"ENSG00000151729",4844
"ENSG00000151743",3195
"ENSG00000151746",11790
"ENSG00000151748",5630
"ENSG00000151779",8949
"ENSG00000151806",4454
"ENSG00000151835",15880
"ENSG00000151846",3090
"ENSG00000151849",5053
"ENSG00000151876",3014
"ENSG00000151881",3401
"ENSG00000151882",4622
"ENSG00000151883",10056
"ENSG00000151893",7828
"ENSG00000151914",41453
"ENSG00000151923",4470
"ENSG00000151929",2747
"ENSG00000151948",3474
"ENSG00000152022",3979
"ENSG00000152056",4284
"ENSG00000152061",13701
"ENSG00000152078",7402
"ENSG00000152082",1815
"ENSG00000152102",5435
"ENSG00000152117",4249
"ENSG00000152127",8578
"ENSG00000152133",4040
"ENSG00000152147",4361
"ENSG00000152193",3529
"ENSG00000152207",2548
"ENSG00000152213",3826
"ENSG00000152217",11151
"ENSG00000152219",5465
"ENSG00000152223",13675
"ENSG00000152229",4120
"ENSG00000152234",7012
"ENSG00000152240",2165
"ENSG00000152242",5614
"ENSG00000152256",15115
"ENSG00000152270",10467
"ENSG00000152291",7077
"ENSG00000152332",9246
"ENSG00000152348",5449
"ENSG00000152359",3455
"ENSG00000152380",3109
"ENSG00000152382",2963
"ENSG00000152404",3583
"ENSG00000152409",9042
"ENSG00000152413",6154
"ENSG00000152422",2676
"ENSG00000152433",3568
"ENSG00000152439",8073
"ENSG00000152443",5484
"ENSG00000152454",2176
"ENSG00000152455",3565
"ENSG00000152457",7307
"ENSG00000152464",1930
"ENSG00000152465",5058
"ENSG00000152484",4497
"ENSG00000152492",9202
"ENSG00000152495",13910
"ENSG00000152518",3696
"ENSG00000152520",6355
"ENSG00000152556",7284
"ENSG00000152558",4647
"ENSG00000152582",14887
"ENSG00000152601",9989
"ENSG00000152620",4885
"ENSG00000152642",4802
"ENSG00000152683",5387
"ENSG00000152684",4349
"ENSG00000152689",11118
"ENSG00000152700",10963
"ENSG00000152749",8822
"ENSG00000152778",4015
"ENSG00000152784",4588
"ENSG00000152795",5209
"ENSG00000152804",4772
"ENSG00000152818",14405
"ENSG00000152894",9066
"ENSG00000152904",4633
"ENSG00000152926",10688
"ENSG00000152942",4159
"ENSG00000152944",2823
"ENSG00000152969",3673
"ENSG00000152990",9241
"ENSG00000153006",7537
"ENSG00000153015",3740
"ENSG00000153029",9264
"ENSG00000153037",3598
"ENSG00000153044",2244
"ENSG00000153046",4531
"ENSG00000153048",5545
"ENSG00000153064",6144
"ENSG00000153066",4292
"ENSG00000153071",7714
"ENSG00000153094",6660
"ENSG00000153107",13324
"ENSG00000153113",12437
"ENSG00000153130",6294
"ENSG00000153140",3106
"ENSG00000153147",8385
"ENSG00000153162",2780
"ENSG00000153179",3705
"ENSG00000153187",8492
"ENSG00000153201",12302
"ENSG00000153207",9609
"ENSG00000153208",4261
"ENSG00000153214",5256
"ENSG00000153250",11750
"ENSG00000153253",9807
"ENSG00000153283",5762
"ENSG00000153310",9129
"ENSG00000153317",8278
"ENSG00000153339",9217
"ENSG00000153391",5085
"ENSG00000153395",6494
"ENSG00000153406",3541
"ENSG00000153443",3619
"ENSG00000153485",1365
"ENSG00000153487",4123
"ENSG00000153551",3751
"ENSG00000153560",9760
"ENSG00000153561",6804
"ENSG00000153563",3638
"ENSG00000153574",1848
"ENSG00000153575",5940
"ENSG00000153767",3370
"ENSG00000153774",3230
"ENSG00000153786",3947
"ENSG00000153790",3837
"ENSG00000153814",4020
"ENSG00000153815",8376
"ENSG00000153823",3364
"ENSG00000153827",12594
"ENSG00000153879",4411
"ENSG00000153885",6388
"ENSG00000153896",6796
"ENSG00000153898",3440
"ENSG00000153914",18240
"ENSG00000153922",8801
"ENSG00000153933",10041
"ENSG00000153936",10267
"ENSG00000153944",21471
"ENSG00000153975",2656
"ENSG00000153982",2970
"ENSG00000153989",4676
"ENSG00000154001",9188
"ENSG00000154016",3107
"ENSG00000154027",6916
"ENSG00000154035",4930
"ENSG00000154059",4918
"ENSG00000154079",1440
"ENSG00000154102",2181
"ENSG00000154114",7020
"ENSG00000154122",10868
"ENSG00000154124",8614
"ENSG00000154127",9011
"ENSG00000154144",6620
"ENSG00000154146",1309
"ENSG00000154153",4568
"ENSG00000154165",1218
"ENSG00000154174",5387
"ENSG00000154188",7117
"ENSG00000154217",7642
"ENSG00000154222",7491
"ENSG00000154229",11152
"ENSG00000154237",9541
"ENSG00000154263",8405
"ENSG00000154265",13161
"ENSG00000154305",10188
"ENSG00000154309",5549
"ENSG00000154310",8572
"ENSG00000154328",3367
"ENSG00000154358",32207
"ENSG00000154359",5685
"ENSG00000154370",8522
"ENSG00000154429",6257
"ENSG00000154447",5624
"ENSG00000154451",8200
"ENSG00000154473",3203
"ENSG00000154511",2574
"ENSG00000154518",6780
"ENSG00000154582",4934
"ENSG00000154589",607
"ENSG00000154640",2306
"ENSG00000154642",6235
"ENSG00000154655",7959
"ENSG00000154719",1199
"ENSG00000154723",2043
"ENSG00000154727",5429
"ENSG00000154734",7063
"ENSG00000154736",9056
"ENSG00000154743",5667
"ENSG00000154760",9329
"ENSG00000154764",4579
"ENSG00000154767",4798
"ENSG00000154781",3533
"ENSG00000154803",9786
"ENSG00000154813",3562
"ENSG00000154814",6056
"ENSG00000154822",5152
"ENSG00000154832",4319
"ENSG00000154845",8131
"ENSG00000154874",10105
"ENSG00000154889",7630
"ENSG00000154898",8558
"ENSG00000154928",6956
"ENSG00000154930",10096
"ENSG00000154945",4849
"ENSG00000154957",3006
"ENSG00000154978",5361
"ENSG00000155008",1279
"ENSG00000155016",6096
"ENSG00000155034",4981
"ENSG00000155085",10098
"ENSG00000155090",4003
"ENSG00000155093",5006
"ENSG00000155096",6426
"ENSG00000155097",5851
"ENSG00000155099",3066
"ENSG00000155100",3977
"ENSG00000155111",7620
"ENSG00000155115",1067
"ENSG00000155130",4273
"ENSG00000155158",12208
"ENSG00000155189",4681
"ENSG00000155229",5855
"ENSG00000155252",4864
"ENSG00000155256",4031
"ENSG00000155265",3409
"ENSG00000155275",7724
"ENSG00000155287",1752
"ENSG00000155304",4194
"ENSG00000155307",3152
"ENSG00000155313",7812
"ENSG00000155324",5051
"ENSG00000155329",2550
"ENSG00000155330",7443
"ENSG00000155363",6509
"ENSG00000155366",4028
"ENSG00000155368",2499
"ENSG00000155380",6438
"ENSG00000155393",4183
"ENSG00000155438",2447
"ENSG00000155463",3254
"ENSG00000155465",5131
"ENSG00000155506",8492
"ENSG00000155508",3930
"ENSG00000155542",2535
"ENSG00000155545",5763
"ENSG00000155561",7623
"ENSG00000155592",7970
"ENSG00000155621",4973
"ENSG00000155629",5691
"ENSG00000155636",4784
"ENSG00000155640",4542
"ENSG00000155657",118327
"ENSG00000155660",3277
"ENSG00000155666",4048
"ENSG00000155729",4915
"ENSG00000155744",12810
"ENSG00000155749",2635
"ENSG00000155755",7642
"ENSG00000155827",4690
"ENSG00000155846",12889
"ENSG00000155849",9767
"ENSG00000155850",8606
"ENSG00000155858",6584
"ENSG00000155868",2913
"ENSG00000155876",1648
"ENSG00000155893",7052
"ENSG00000155903",5981
"ENSG00000155906",2225
"ENSG00000155926",7633
"ENSG00000155957",4420
"ENSG00000155959",2562
"ENSG00000155961",3505
"ENSG00000155962",2840
"ENSG00000155966",14006
"ENSG00000155970",4606
"ENSG00000155975",6784
"ENSG00000155984",5133
"ENSG00000156011",15210
"ENSG00000156017",4610
"ENSG00000156026",4533
"ENSG00000156030",13484
"ENSG00000156042",7424
"ENSG00000156050",5056
"ENSG00000156052",6738
"ENSG00000156110",2970
"ENSG00000156127",980
"ENSG00000156136",3227
"ENSG00000156162",7136
"ENSG00000156170",6406
"ENSG00000156171",3138
"ENSG00000156232",3874
"ENSG00000156239",4865
"ENSG00000156256",5694
"ENSG00000156261",3339
"ENSG00000156265",4497
"ENSG00000156273",7717
"ENSG00000156299",8751
"ENSG00000156304",5901
"ENSG00000156313",7143
"ENSG00000156374",2613
"ENSG00000156381",2133
"ENSG00000156384",2530
"ENSG00000156398",8034
"ENSG00000156411",3415
"ENSG00000156414",5480
"ENSG00000156467",9715
"ENSG00000156469",1801
"ENSG00000156471",6295
"ENSG00000156475",6089
"ENSG00000156482",4027
"ENSG00000156500",6450
"ENSG00000156502",4283
"ENSG00000156504",4404
"ENSG00000156508",5944
"ENSG00000156510",4308
"ENSG00000156515",6166
"ENSG00000156521",4597
"ENSG00000156531",8015
"ENSG00000156587",2197
"ENSG00000156599",5429
"ENSG00000156603",1775
"ENSG00000156639",4036
"ENSG00000156642",4042
"ENSG00000156650",13400
"ENSG00000156671",7316
"ENSG00000156675",9602
"ENSG00000156697",4087
"ENSG00000156709",3306
"ENSG00000156711",2738
"ENSG00000156735",4809
"ENSG00000156738",4872
"ENSG00000156787",8611
"ENSG00000156795",2132
"ENSG00000156802",7118
"ENSG00000156804",7395
"ENSG00000156831",2714
"ENSG00000156853",4159
"ENSG00000156858",3860
"ENSG00000156860",7218
"ENSG00000156869",3887
"ENSG00000156873",7502
"ENSG00000156875",2943
"ENSG00000156876",3972
"ENSG00000156928",3851
"ENSG00000156931",10366
"ENSG00000156958",5454
"ENSG00000156973",2850
"ENSG00000156976",6133
"ENSG00000156983",5477
"ENSG00000156990",5348
"ENSG00000157014",5572
"ENSG00000157017",2064
"ENSG00000157020",5446
"ENSG00000157036",5223
"ENSG00000157045",3525
"ENSG00000157077",5529
"ENSG00000157106",25227
"ENSG00000157107",6143
"ENSG00000157168",7657
"ENSG00000157181",4153
"ENSG00000157184",3401
"ENSG00000157191",5559
"ENSG00000157193",7077
"ENSG00000157212",9643
"ENSG00000157216",5227
"ENSG00000157240",4341
"ENSG00000157259",4791
"ENSG00000157303",1244
"ENSG00000157326",2305
"ENSG00000157349",4522
"ENSG00000157350",6287
"ENSG00000157353",7405
"ENSG00000157379",5002
"ENSG00000157388",11218
"ENSG00000157404",5563
"ENSG00000157426",4643
"ENSG00000157429",7983
"ENSG00000157445",4670
"ENSG00000157450",7181
"ENSG00000157483",6626
"ENSG00000157500",7033
"ENSG00000157514",4766
"ENSG00000157538",9343
"ENSG00000157540",10292
"ENSG00000157551",9685
"ENSG00000157557",4595
"ENSG00000157570",5871
"ENSG00000157593",2053
"ENSG00000157600",6583
"ENSG00000157601",8611
"ENSG00000157617",8602
"ENSG00000157625",12430
"ENSG00000157637",7716
"ENSG00000157693",4792
"ENSG00000157734",5767
"ENSG00000157741",16386
"ENSG00000157764",10380
"ENSG00000157778",1960
"ENSG00000157796",8873
"ENSG00000157800",10588
"ENSG00000157823",8146
"ENSG00000157827",6519
"ENSG00000157837",6672
"ENSG00000157869",2221
"ENSG00000157870",3346
"ENSG00000157873",6219
"ENSG00000157881",5079
"ENSG00000157895",4207
"ENSG00000157911",2961
"ENSG00000157916",5638
"ENSG00000157933",6080
"ENSG00000157954",8977
"ENSG00000157978",5397
"ENSG00000157985",13896
"ENSG00000158006",3835
"ENSG00000158019",3392
"ENSG00000158042",2276
"ENSG00000158050",1932
"ENSG00000158062",4704
"ENSG00000158079",6301
"ENSG00000158089",4567
"ENSG00000158092",3727
"ENSG00000158106",4172
"ENSG00000158109",2414
"ENSG00000158122",3084
"ENSG00000158156",2743
"ENSG00000158158",5198
"ENSG00000158161",6483
"ENSG00000158169",7089
"ENSG00000158195",5666
"ENSG00000158201",4366
"ENSG00000158234",4072
"ENSG00000158290",7031
"ENSG00000158321",10418
"ENSG00000158373",898
"ENSG00000158406",1034
"ENSG00000158411",4305
"ENSG00000158417",7877
"ENSG00000158427",7938
"ENSG00000158435",2786
"ENSG00000158457",2496
"ENSG00000158467",6899
"ENSG00000158470",4722
"ENSG00000158473",2253
"ENSG00000158480",4305
"ENSG00000158481",1435
"ENSG00000158517",3462
"ENSG00000158526",1534
"ENSG00000158528",11151
"ENSG00000158545",8648
"ENSG00000158552",3396
"ENSG00000158555",9867
"ENSG00000158578",2134
"ENSG00000158604",3769
"ENSG00000158615",5227
"ENSG00000158623",2129
"ENSG00000158636",11783
"ENSG00000158669",7939
"ENSG00000158691",5495
"ENSG00000158710",2487
"ENSG00000158711",10973
"ENSG00000158715",3702
"ENSG00000158716",825
"ENSG00000158717",4394
"ENSG00000158769",5066
"ENSG00000158773",2336
"ENSG00000158792",2482
"ENSG00000158793",3793
"ENSG00000158796",2821
"ENSG00000158805",7427
"ENSG00000158825",963
"ENSG00000158828",4836
"ENSG00000158850",3419
"ENSG00000158856",4511
"ENSG00000158863",8278
"ENSG00000158864",3997
"ENSG00000158869",964
"ENSG00000158882",3099
"ENSG00000158887",2154
"ENSG00000158941",6534
"ENSG00000158985",6024
"ENSG00000158987",11125
"ENSG00000159023",8282
"ENSG00000159063",3449
"ENSG00000159069",3252
"ENSG00000159079",3353
"ENSG00000159082",8070
"ENSG00000159086",7212
"ENSG00000159110",4614
"ENSG00000159111",2764
"ENSG00000159128",2960
"ENSG00000159131",7804
"ENSG00000159140",13197
"ENSG00000159147",3513
"ENSG00000159176",10318
"ENSG00000159199",2615
"ENSG00000159200",6840
"ENSG00000159202",5753
"ENSG00000159210",5270
"ENSG00000159216",15574
"ENSG00000159228",2450
"ENSG00000159256",6408
"ENSG00000159267",7708
"ENSG00000159322",5931
"ENSG00000159335",1473
"ENSG00000159339",2971
"ENSG00000159346",3193
"ENSG00000159348",4504
"ENSG00000159352",3027
"ENSG00000159363",5253
"ENSG00000159377",2158
"ENSG00000159388",2757
"ENSG00000159399",6064
"ENSG00000159433",20706
"ENSG00000159445",4390
"ENSG00000159459",9928
"ENSG00000159461",5758
"ENSG00000159479",2704
"ENSG00000159496",4715
"ENSG00000159579",6064
"ENSG00000159588",3323
"ENSG00000159592",7433
"ENSG00000159593",4810
"ENSG00000159596",2439
"ENSG00000159618",5852
"ENSG00000159658",6526
"ENSG00000159674",6013
"ENSG00000159685",2763
"ENSG00000159692",8361
"ENSG00000159713",2618
"ENSG00000159720",8212
"ENSG00000159733",9624
"ENSG00000159753",7699
"ENSG00000159761",1789
"ENSG00000159788",13591
"ENSG00000159792",3977
"ENSG00000159840",3482
"ENSG00000159842",11709
"ENSG00000159873",4320
"ENSG00000159882",6298
"ENSG00000159884",1445
"ENSG00000159885",2003
"ENSG00000159917",5989
"ENSG00000159921",5477
"ENSG00000160007",11245
"ENSG00000160013",3546
"ENSG00000160014",3667
"ENSG00000160049",6622
"ENSG00000160050",2818
"ENSG00000160055",3583
"ENSG00000160058",6275
"ENSG00000160072",7748
"ENSG00000160075",5428
"ENSG00000160087",4712
"ENSG00000160094",3331
"ENSG00000160111",10199
"ENSG00000160131",5109
"ENSG00000160145",24490
"ENSG00000160179",6124
"ENSG00000160185",3564
"ENSG00000160190",6814
"ENSG00000160193",2738
"ENSG00000160194",6345
"ENSG00000160199",7271
"ENSG00000160201",11112
"ENSG00000160208",5760
"ENSG00000160209",11905
"ENSG00000160211",3709
"ENSG00000160213",2490
"ENSG00000160214",4251
"ENSG00000160216",11296
"ENSG00000160218",11941
"ENSG00000160219",5269
"ENSG00000160221",3108
"ENSG00000160223",8110
"ENSG00000160226",6063
"ENSG00000160229",3234
"ENSG00000160255",6797
"ENSG00000160271",8261
"ENSG00000160285",7238
"ENSG00000160293",5682
"ENSG00000160294",9353
"ENSG00000160298",5315
"ENSG00000160299",11660
"ENSG00000160305",13718
"ENSG00000160310",8031
"ENSG00000160318",1156
"ENSG00000160325",3518
"ENSG00000160326",3540
"ENSG00000160336",4825
"ENSG00000160352",8030
"ENSG00000160404",3802
"ENSG00000160408",5309
"ENSG00000160410",3936
"ENSG00000160439",8575
"ENSG00000160445",4370
"ENSG00000160446",2597
"ENSG00000160551",16980
"ENSG00000160563",1823
"ENSG00000160570",2631
"ENSG00000160584",10920
"ENSG00000160588",3964
"ENSG00000160593",8587
"ENSG00000160613",22303
"ENSG00000160633",7036
"ENSG00000160654",3836
"ENSG00000160679",5558
"ENSG00000160683",4431
"ENSG00000160685",4243
"ENSG00000160688",4019
"ENSG00000160691",4342
"ENSG00000160695",5906
"ENSG00000160703",5320
"ENSG00000160710",8356
"ENSG00000160712",6343
"ENSG00000160714",4161
"ENSG00000160741",3612
"ENSG00000160746",5287
"ENSG00000160752",3718
"ENSG00000160753",5427
"ENSG00000160783",2680
"ENSG00000160785",7112
"ENSG00000160789",6985
"ENSG00000160791",3883
"ENSG00000160796",9819
"ENSG00000160799",4754
"ENSG00000160803",3878
"ENSG00000160813",1187
"ENSG00000160818",4437
"ENSG00000160828",2252
"ENSG00000160856",6538
"ENSG00000160877",4474
"ENSG00000160883",3290
"ENSG00000160888",3072
"ENSG00000160908",3505
"ENSG00000160917",4250
"ENSG00000160932",2640
"ENSG00000160948",3738
"ENSG00000160953",10249
"ENSG00000160959",6131
"ENSG00000160961",11611
"ENSG00000160972",5414
"ENSG00000160991",11098
"ENSG00000160993",2312
"ENSG00000160999",2236
"ENSG00000161010",9193
"ENSG00000161011",7664
"ENSG00000161013",5495
"ENSG00000161016",2159
"ENSG00000161021",10690
"ENSG00000161036",5926
"ENSG00000161040",4319
"ENSG00000161048",7561
"ENSG00000161057",3538
"ENSG00000161091",5277
"ENSG00000161179",1754
"ENSG00000161202",6090
"ENSG00000161203",4753
"ENSG00000161204",5207
"ENSG00000161217",7978
"ENSG00000161267",9112
"ENSG00000161298",5802
"ENSG00000161326",2499
"ENSG00000161381",9277
"ENSG00000161395",3669
"ENSG00000161405",2778
"ENSG00000161513",3599
"ENSG00000161526",8268
"ENSG00000161533",8543
"ENSG00000161542",6939
"ENSG00000161547",3017
"ENSG00000161551",6234
"ENSG00000161558",3701
"ENSG00000161570",1512
"ENSG00000161618",4643
"ENSG00000161638",7577
"ENSG00000161642",3179
"ENSG00000161671",3229
"ENSG00000161677",1514
"ENSG00000161791",11982
"ENSG00000161800",4541
"ENSG00000161813",8102
"ENSG00000161835",2829
"ENSG00000161847",4892
"ENSG00000161904",6788
"ENSG00000161905",3404
"ENSG00000161911",1483
"ENSG00000161912",5739
"ENSG00000161914",3301
"ENSG00000161920",1477
"ENSG00000161921",2794
"ENSG00000161929",4208
"ENSG00000161944",2490
"ENSG00000161955",2176
"ENSG00000161956",3669
"ENSG00000161960",5316
"ENSG00000161970",2472
"ENSG00000161980",1889
"ENSG00000161981",3060
"ENSG00000161996",10534
"ENSG00000161999",2628
"ENSG00000162032",3192
"ENSG00000162063",6309
"ENSG00000162065",9103
"ENSG00000162066",4366
"ENSG00000162073",2972
"ENSG00000162076",1365
"ENSG00000162086",8063
"ENSG00000162104",10358
"ENSG00000162129",4232
"ENSG00000162139",4347
"ENSG00000162144",10597
"ENSG00000162174",4584
"ENSG00000162191",2510
"ENSG00000162194",3653
"ENSG00000162222",2657
"ENSG00000162227",3149
"ENSG00000162231",6194
"ENSG00000162236",2257
"ENSG00000162241",7855
"ENSG00000162244",1912
"ENSG00000162290",6154
"ENSG00000162298",5496
"ENSG00000162300",2782
"ENSG00000162302",3807
"ENSG00000162341",6130
"ENSG00000162366",1438
"ENSG00000162367",5706
"ENSG00000162368",3844
"ENSG00000162377",1780
"ENSG00000162378",8211
"ENSG00000162384",4487
"ENSG00000162385",1463
"ENSG00000162402",11708
"ENSG00000162408",7293
"ENSG00000162413",6670
"ENSG00000162415",6046
"ENSG00000162419",6459
"ENSG00000162430",4421
"ENSG00000162434",6317
"ENSG00000162437",6070
"ENSG00000162441",2792
"ENSG00000162444",861
"ENSG00000162490",7346
"ENSG00000162496",3037
"ENSG00000162511",3274
"ENSG00000162517",2775
"ENSG00000162521",9470
"ENSG00000162542",4054
"ENSG00000162543",5571
"ENSG00000162551",3014
"ENSG00000162585",10712
"ENSG00000162591",7039
"ENSG00000162599",10872
"ENSG00000162600",3718
"ENSG00000162601",8938
"ENSG00000162604",5516
"ENSG00000162607",4263
"ENSG00000162613",5666
"ENSG00000162614",4624
"ENSG00000162616",3783
"ENSG00000162623",4616
"ENSG00000162630",3274
"ENSG00000162636",9355
"ENSG00000162639",2426
"ENSG00000162642",3417
"ENSG00000162645",6276
"ENSG00000162654",6127
"ENSG00000162664",10984
"ENSG00000162676",3301
"ENSG00000162688",8434
"ENSG00000162694",4950
"ENSG00000162695",8376
"ENSG00000162702",4895
"ENSG00000162704",5482
"ENSG00000162711",4757
"ENSG00000162714",10531
"ENSG00000162722",3225
"ENSG00000162729",2562
"ENSG00000162734",2806
"ENSG00000162735",4461
"ENSG00000162736",4175
"ENSG00000162739",2746
"ENSG00000162747",2964
"ENSG00000162769",6442
"ENSG00000162775",4666
"ENSG00000162777",5515
"ENSG00000162783",2340
"ENSG00000162804",13592
"ENSG00000162813",3115
"ENSG00000162819",4932
"ENSG00000162825",11781
"ENSG00000162836",9166
"ENSG00000162851",1848
"ENSG00000162852",5922
"ENSG00000162869",3990
"ENSG00000162885",5705
"ENSG00000162889",4195
"ENSG00000162894",2348
"ENSG00000162909",8792
"ENSG00000162910",1886
"ENSG00000162923",10481
"ENSG00000162924",11255
"ENSG00000162927",7651
"ENSG00000162928",5910
"ENSG00000162929",9632
"ENSG00000162946",12137
"ENSG00000162959",5220
"ENSG00000162961",2745
"ENSG00000162971",10496
"ENSG00000162972",1624
"ENSG00000162976",2275
"ENSG00000162980",6716
"ENSG00000162994",4398
"ENSG00000162997",2204
"ENSG00000162999",5376
"ENSG00000163001",3502
"ENSG00000163002",4046
"ENSG00000163006",5796
"ENSG00000163013",8104
"ENSG00000163026",3847
"ENSG00000163029",9363
"ENSG00000163041",3146
"ENSG00000163050",7797
"ENSG00000163067",3999
"ENSG00000163069",4541
"ENSG00000163104",6313
"ENSG00000163110",11115
"ENSG00000163113",12184
"ENSG00000163125",8738
"ENSG00000163126",4116
"ENSG00000163131",4228
"ENSG00000163138",4032
"ENSG00000163154",1178
"ENSG00000163156",3265
"ENSG00000163159",4545
"ENSG00000163161",7401
"ENSG00000163162",4836
"ENSG00000163166",3990
"ENSG00000163171",10216
"ENSG00000163191",680
"ENSG00000163214",7984
"ENSG00000163219",5509
"ENSG00000163220",577
"ENSG00000163221",516
"ENSG00000163235",4963
"ENSG00000163249",4707
"ENSG00000163251",6708
"ENSG00000163257",4816
"ENSG00000163281",7150
"ENSG00000163291",12403
"ENSG00000163297",10101
"ENSG00000163312",3713
"ENSG00000163319",4866
"ENSG00000163320",6490
"ENSG00000163322",6042
"ENSG00000163328",7102
"ENSG00000163344",1280
"ENSG00000163346",3851
"ENSG00000163348",3630
"ENSG00000163349",9215
"ENSG00000163359",19624
"ENSG00000163374",4993
"ENSG00000163376",4740
"ENSG00000163378",5647
"ENSG00000163382",1933
"ENSG00000163386",13221
"ENSG00000163389",7097
"ENSG00000163393",5292
"ENSG00000163399",7261
"ENSG00000163406",6210
"ENSG00000163412",10779
"ENSG00000163421",1612
"ENSG00000163428",7903
"ENSG00000163430",8727
"ENSG00000163444",4026
"ENSG00000163449",3628
"ENSG00000163453",1932
"ENSG00000163463",3826
"ENSG00000163464",2488
"ENSG00000163466",6562
"ENSG00000163468",4018
"ENSG00000163472",3067
"ENSG00000163479",6651
"ENSG00000163481",2323
"ENSG00000163482",6458
"ENSG00000163486",9263
"ENSG00000163492",15446
"ENSG00000163507",4574
"ENSG00000163508",3660
"ENSG00000163510",3328
"ENSG00000163512",6349
"ENSG00000163513",4704
"ENSG00000163516",6119
"ENSG00000163517",5273
"ENSG00000163519",2528
"ENSG00000163527",5010
"ENSG00000163528",1769
"ENSG00000163534",3935
"ENSG00000163535",6022
"ENSG00000163536",2418
"ENSG00000163539",15270
"ENSG00000163541",4286
"ENSG00000163545",3405
"ENSG00000163554",10025
"ENSG00000163558",5841
"ENSG00000163563",2059
"ENSG00000163564",3479
"ENSG00000163565",5294
"ENSG00000163568",2009
"ENSG00000163577",5593
"ENSG00000163584",2326
"ENSG00000163590",12447
"ENSG00000163596",7781
"ENSG00000163597",5362
"ENSG00000163599",2120
"ENSG00000163600",2645
"ENSG00000163602",7512
"ENSG00000163605",5964
"ENSG00000163606",3905
"ENSG00000163607",3752
"ENSG00000163608",6494
"ENSG00000163611",7941
"ENSG00000163617",5303
"ENSG00000163625",16915
"ENSG00000163626",3258
"ENSG00000163629",9496
"ENSG00000163634",1784
"ENSG00000163635",9172
"ENSG00000163636",9095
"ENSG00000163644",11371
"ENSG00000163655",8885
"ENSG00000163659",5048
"ENSG00000163660",8729
"ENSG00000163681",14147
"ENSG00000163682",3259
"ENSG00000163683",6721
"ENSG00000163684",8608
"ENSG00000163686",3589
"ENSG00000163694",8558
"ENSG00000163703",3778
"ENSG00000163714",11297
"ENSG00000163719",6019
"ENSG00000163728",7783
"ENSG00000163735",2538
"ENSG00000163736",715
"ENSG00000163737",604
"ENSG00000163738",9819
"ENSG00000163739",1296
"ENSG00000163743",6565
"ENSG00000163751",1848
"ENSG00000163754",3475
"ENSG00000163755",6256
"ENSG00000163781",6515
"ENSG00000163785",7992
"ENSG00000163788",6981
"ENSG00000163795",2365
"ENSG00000163798",5204
"ENSG00000163803",8238
"ENSG00000163806",3483
"ENSG00000163807",5257
"ENSG00000163808",5285
"ENSG00000163811",4130
"ENSG00000163812",7609
"ENSG00000163818",7201
"ENSG00000163820",8890
"ENSG00000163823",2731
"ENSG00000163832",3313
"ENSG00000163840",5868
"ENSG00000163848",10574
"ENSG00000163864",3451
"ENSG00000163866",8091
"ENSG00000163867",9617
"ENSG00000163870",3596
"ENSG00000163872",10212
"ENSG00000163874",3117
"ENSG00000163875",3487
"ENSG00000163877",4888
"ENSG00000163882",3146
"ENSG00000163900",8668
"ENSG00000163902",3988
"ENSG00000163904",7169
"ENSG00000163913",9395
"ENSG00000163918",2997
"ENSG00000163930",5055
"ENSG00000163931",9507
"ENSG00000163932",3396
"ENSG00000163933",5488
"ENSG00000163935",5676
"ENSG00000163938",3318
"ENSG00000163939",9654
"ENSG00000163945",7830
"ENSG00000163946",9824
"ENSG00000163947",6594
"ENSG00000163950",2026
"ENSG00000163956",8724
"ENSG00000163960",11291
"ENSG00000163961",5347
"ENSG00000163964",4446
"ENSG00000163993",1280
"ENSG00000164002",3092
"ENSG00000164008",2786
"ENSG00000164010",4631
"ENSG00000164011",2141
"ENSG00000164022",3328
"ENSG00000164023",7635
"ENSG00000164024",4117
"ENSG00000164031",13078
"ENSG00000164032",2303
"ENSG00000164038",5469
"ENSG00000164039",3383
"ENSG00000164040",4621
"ENSG00000164047",745
"ENSG00000164048",5521
"ENSG00000164051",2410
"ENSG00000164053",3417
"ENSG00000164054",4586
"ENSG00000164062",4669
"ENSG00000164068",7458
"ENSG00000164073",5023
"ENSG00000164074",6491
"ENSG00000164077",4525
"ENSG00000164080",11924
"ENSG00000164081",5688
"ENSG00000164086",5648
"ENSG00000164088",3539
"ENSG00000164091",5726
"ENSG00000164096",2515
"ENSG00000164104",2775
"ENSG00000164105",1320
"ENSG00000164109",5748
"ENSG00000164111",3034
"ENSG00000164114",8857
"ENSG00000164116",5766
"ENSG00000164117",2810
"ENSG00000164118",7132
"ENSG00000164120",5529
"ENSG00000164124",9243
"ENSG00000164125",7880
"ENSG00000164134",9712
"ENSG00000164136",7860
"ENSG00000164144",4269
"ENSG00000164151",8678
"ENSG00000164162",3068
"ENSG00000164163",6265
"ENSG00000164164",9085
"ENSG00000164167",2605
"ENSG00000164168",4712
"ENSG00000164169",4019
"ENSG00000164172",6010
"ENSG00000164180",9598
"ENSG00000164181",4586
"ENSG00000164187",8421
"ENSG00000164190",12529
"ENSG00000164209",8279
"ENSG00000164211",5684
"ENSG00000164219",3246
"ENSG00000164221",3289
"ENSG00000164241",7190
"ENSG00000164244",9064
"ENSG00000164251",2958
"ENSG00000164252",5051
"ENSG00000164253",7230
"ENSG00000164258",1174
"ENSG00000164284",4419
"ENSG00000164291",4314
"ENSG00000164292",8833
"ENSG00000164296",4640
"ENSG00000164300",5107
"ENSG00000164305",2899
"ENSG00000164306",2843
"ENSG00000164307",7938
"ENSG00000164308",7422
"ENSG00000164323",6886
"ENSG00000164327",13550
"ENSG00000164329",5508
"ENSG00000164330",6161
"ENSG00000164331",2659
"ENSG00000164332",2672
"ENSG00000164338",4913
"ENSG00000164346",1760
"ENSG00000164347",4197
"ENSG00000164366",9701
"ENSG00000164398",14273
"ENSG00000164402",7707
"ENSG00000164405",1472
"ENSG00000164406",2405
"ENSG00000164414",1994
"ENSG00000164430",4155
"ENSG00000164440",4937
"ENSG00000164442",2086
"ENSG00000164463",12337
"ENSG00000164465",6819
"ENSG00000164466",7572
"ENSG00000164483",6903
"ENSG00000164494",3926
"ENSG00000164506",5853
"ENSG00000164512",2977
"ENSG00000164530",2190
"ENSG00000164535",5756
"ENSG00000164543",4943
"ENSG00000164548",3516
"ENSG00000164574",10497
"ENSG00000164576",6755
"ENSG00000164587",4544
"ENSG00000164597",8467
"ENSG00000164603",4138
"ENSG00000164609",5082
"ENSG00000164610",1898
"ENSG00000164615",2218
"ENSG00000164620",2596
"ENSG00000164631",5297
"ENSG00000164649",4074
"ENSG00000164654",6714
"ENSG00000164659",8115
"ENSG00000164663",11259
"ENSG00000164674",2790
"ENSG00000164691",4089
"ENSG00000164713",2548
"ENSG00000164715",9139
"ENSG00000164733",7438
"ENSG00000164751",5002
"ENSG00000164754",6192
"ENSG00000164758",1440
"ENSG00000164808",7477
"ENSG00000164815",3724
"ENSG00000164818",7238
"ENSG00000164823",4681
"ENSG00000164828",11908
"ENSG00000164830",7202
"ENSG00000164849",3160
"ENSG00000164880",9588
"ENSG00000164885",2938
"ENSG00000164889",7590
"ENSG00000164896",3774
"ENSG00000164897",2005
"ENSG00000164902",4319
"ENSG00000164916",13407
"ENSG00000164919",3066
"ENSG00000164924",8555
"ENSG00000164930",4065
"ENSG00000164933",3654
"ENSG00000164934",6191
"ENSG00000164938",5685
"ENSG00000164941",7866
"ENSG00000164944",10771
"ENSG00000164951",5603
"ENSG00000164953",8281
"ENSG00000164961",4784
"ENSG00000164967",1092
"ENSG00000164970",3782
"ENSG00000164975",6684
"ENSG00000164978",1073
"ENSG00000164983",3228
"ENSG00000164985",6768
"ENSG00000164989",15223
"ENSG00000165006",3050
"ENSG00000165025",5210
"ENSG00000165029",11350
"ENSG00000165030",2085
"ENSG00000165046",6114
"ENSG00000165055",6749
"ENSG00000165060",2939
"ENSG00000165071",3329
"ENSG00000165092",2849
"ENSG00000165097",4633
"ENSG00000165102",8985
"ENSG00000165113",3381
"ENSG00000165115",5102
"ENSG00000165118",2729
"ENSG00000165119",5152
"ENSG00000165121",1656
"ENSG00000165138",8804
"ENSG00000165140",1668
"ENSG00000165156",6736
"ENSG00000165168",4423
"ENSG00000165169",3186
"ENSG00000165175",2592
"ENSG00000165178",1892
"ENSG00000165185",13119
"ENSG00000165195",3746
"ENSG00000165209",8085
"ENSG00000165219",13621
"ENSG00000165233",3081
"ENSG00000165240",8488
"ENSG00000165244",3646
"ENSG00000165259",6895
"ENSG00000165264",1366
"ENSG00000165271",5930
"ENSG00000165272",2928
"ENSG00000165275",2862
"ENSG00000165280",5438
"ENSG00000165282",7202
"ENSG00000165283",1653
"ENSG00000165288",12694
"ENSG00000165312",3111
"ENSG00000165322",5843
"ENSG00000165338",11354
"ENSG00000165355",3853
"ENSG00000165359",7177
"ENSG00000165389",2777
"ENSG00000165392",5634
"ENSG00000165406",7537
"ENSG00000165410",3561
"ENSG00000165416",15102
"ENSG00000165417",6819
"ENSG00000165424",5051
"ENSG00000165434",8515
"ENSG00000165458",6519
"ENSG00000165475",1761
"ENSG00000165476",5205
"ENSG00000165480",3048
"ENSG00000165487",3639
"ENSG00000165490",5339
"ENSG00000165494",8703
"ENSG00000165501",2359
"ENSG00000165502",746
"ENSG00000165506",2963
"ENSG00000165512",2551
"ENSG00000165516",3647
"ENSG00000165521",11021
"ENSG00000165525",8230
"ENSG00000165526",4080
"ENSG00000165527",1583
"ENSG00000165533",3170
"ENSG00000165555",2492
"ENSG00000165568",2417
"ENSG00000165572",5178
"ENSG00000165591",2019
"ENSG00000165609",4969
"ENSG00000165617",4490
"ENSG00000165626",9815
"ENSG00000165629",2347
"ENSG00000165630",1865
"ENSG00000165632",4872
"ENSG00000165637",2827
"ENSG00000165644",1580
"ENSG00000165646",4125
"ENSG00000165650",6666
"ENSG00000165659",5395
"ENSG00000165660",2992
"ENSG00000165661",4530
"ENSG00000165669",7059
"ENSG00000165671",15242
"ENSG00000165672",3417
"ENSG00000165675",4189
"ENSG00000165678",2128
"ENSG00000165682",3670
"ENSG00000165684",5010
"ENSG00000165688",5193
"ENSG00000165689",3130
"ENSG00000165699",9911
"ENSG00000165702",2467
"ENSG00000165704",1624
"ENSG00000165714",2192
"ENSG00000165724",2372
"ENSG00000165732",4711
"ENSG00000165733",7753
"ENSG00000165752",3543
"ENSG00000165775",10252
"ENSG00000165782",3803
"ENSG00000165792",4444
"ENSG00000165795",7550
"ENSG00000165801",8189
"ENSG00000165802",4974
"ENSG00000165806",3466
"ENSG00000165813",8991
"ENSG00000165819",5654
"ENSG00000165832",3596
"ENSG00000165861",5306
"ENSG00000165879",2651
"ENSG00000165886",1706
"ENSG00000165895",6944
"ENSG00000165898",3061
"ENSG00000165914",5244
"ENSG00000165915",4579
"ENSG00000165916",2245
"ENSG00000165929",6147
"ENSG00000165934",5861
"ENSG00000165943",2537
"ENSG00000165959",15701
"ENSG00000165983",3998
"ENSG00000165997",7196
"ENSG00000166002",1223
"ENSG00000166004",9493
"ENSG00000166012",8420
"ENSG00000166024",3559
"ENSG00000166025",10035
"ENSG00000166037",7101
"ENSG00000166046",6558
"ENSG00000166068",8260
"ENSG00000166086",5451
"ENSG00000166091",2875
"ENSG00000166128",5200
"ENSG00000166130",4163
"ENSG00000166133",1875
"ENSG00000166135",13950
"ENSG00000166136",2572
"ENSG00000166140",4264
"ENSG00000166145",3587
"ENSG00000166164",8492
"ENSG00000166166",3229
"ENSG00000166167",6583
"ENSG00000166169",5734
"ENSG00000166170",5271
"ENSG00000166171",2670
"ENSG00000166181",4651
"ENSG00000166188",4274
"ENSG00000166189",2646
"ENSG00000166197",3969
"ENSG00000166199",2372
"ENSG00000166200",4940
"ENSG00000166224",6257
"ENSG00000166225",7266
"ENSG00000166226",4322
"ENSG00000166228",1614
"ENSG00000166233",7246
"ENSG00000166260",6488
"ENSG00000166261",4808
"ENSG00000166262",6022
"ENSG00000166263",8708
"ENSG00000166266",6742
"ENSG00000166272",4278
"ENSG00000166275",2708
"ENSG00000166289",2681
"ENSG00000166295",3969
"ENSG00000166311",2756
"ENSG00000166313",5194
"ENSG00000166321",2437
"ENSG00000166326",3295
"ENSG00000166333",3463
"ENSG00000166337",6104
"ENSG00000166340",4895
"ENSG00000166341",10763
"ENSG00000166343",2421
"ENSG00000166347",6865
"ENSG00000166348",9850
"ENSG00000166377",14930
"ENSG00000166387",9617
"ENSG00000166398",7459
"ENSG00000166401",4375
"ENSG00000166405",7700
"ENSG00000166411",6832
"ENSG00000166428",2321
"ENSG00000166432",7512
"ENSG00000166435",9086
"ENSG00000166436",10816
"ENSG00000166439",7823
"ENSG00000166441",7193
"ENSG00000166446",8557
"ENSG00000166452",2300
"ENSG00000166454",6262
"ENSG00000166471",4422
"ENSG00000166477",2679
"ENSG00000166478",4233
"ENSG00000166479",7637
"ENSG00000166483",9239
"ENSG00000166484",5196
"ENSG00000166501",10037
"ENSG00000166503",3112
"ENSG00000166508",4387
"ENSG00000166523",2422
"ENSG00000166526",5420
"ENSG00000166527",2013
"ENSG00000166529",2147
"ENSG00000166532",8551
"ENSG00000166548",7169
"ENSG00000166557",2769
"ENSG00000166562",3656
"ENSG00000166575",5898
"ENSG00000166579",8115
"ENSG00000166582",2302
"ENSG00000166595",1069
"ENSG00000166598",4688
"ENSG00000166619",3927
"ENSG00000166669",6391
"ENSG00000166681",1362
"ENSG00000166685",5061
"ENSG00000166704",7635
"ENSG00000166707",3385
"ENSG00000166710",3151
"ENSG00000166716",8130
"ENSG00000166734",6948
"ENSG00000166747",10979
"ENSG00000166750",10709
"ENSG00000166762",8403
"ENSG00000166783",11162
"ENSG00000166788",3070
"ENSG00000166794",1911
"ENSG00000166797",2427
"ENSG00000166801",7221
"ENSG00000166822",5572
"ENSG00000166825",4871
"ENSG00000166839",5018
"ENSG00000166845",5958
"ENSG00000166847",5159
"ENSG00000166848",3379
"ENSG00000166855",5461
"ENSG00000166860",6170
"ENSG00000166881",5708
"ENSG00000166886",3010
"ENSG00000166887",7710
"ENSG00000166888",7298
"ENSG00000166889",4278
"ENSG00000166896",1373
"ENSG00000166900",7624
"ENSG00000166902",2271
"ENSG00000166908",3296
"ENSG00000166912",8817
"ENSG00000166913",4017
"ENSG00000166925",3715
"ENSG00000166927",4348
"ENSG00000166928",3650
"ENSG00000166938",5436
"ENSG00000166946",4676
"ENSG00000166947",5574
"ENSG00000166949",9113
"ENSG00000166963",10652
"ENSG00000166965",4963
"ENSG00000166971",5202
"ENSG00000166974",6180
"ENSG00000166979",4353
"ENSG00000166986",7028
"ENSG00000166987",5646
"ENSG00000166997",2475
"ENSG00000167004",4240
"ENSG00000167005",5474
"ENSG00000167037",8507
"ENSG00000167065",4450
"ENSG00000167074",4715
"ENSG00000167077",5412
"ENSG00000167081",4529
"ENSG00000167083",1689
"ENSG00000167085",3814
"ENSG00000167088",1841
"ENSG00000167094",6370
"ENSG00000167106",6100
"ENSG00000167107",5797
"ENSG00000167110",6961
"ENSG00000167112",2546
"ENSG00000167113",4814
"ENSG00000167114",3110
"ENSG00000167118",3130
"ENSG00000167130",2249
"ENSG00000167136",1172
"ENSG00000167173",5812
"ENSG00000167186",4120
"ENSG00000167193",4090
"ENSG00000167196",4595
"ENSG00000167202",9763
"ENSG00000167207",5747
"ENSG00000167208",5754
"ENSG00000167210",9020
"ENSG00000167220",4704
"ENSG00000167232",10397
"ENSG00000167257",4398
"ENSG00000167258",12773
"ENSG00000167261",3498
"ENSG00000167264",4472
"ENSG00000167272",2173
"ENSG00000167280",6173
"ENSG00000167283",3376
"ENSG00000167286",929
"ENSG00000167302",4762
"ENSG00000167315",3740
"ENSG00000167323",6811
"ENSG00000167325",4178
"ENSG00000167333",4282
"ENSG00000167377",7342
"ENSG00000167378",9869
"ENSG00000167380",6922
"ENSG00000167384",3574
"ENSG00000167394",3935
"ENSG00000167395",8635
"ENSG00000167397",2191
"ENSG00000167434",2424
"ENSG00000167447",3752
"ENSG00000167460",7412
"ENSG00000167461",5191
"ENSG00000167468",2033
"ENSG00000167470",4495
"ENSG00000167483",6628
"ENSG00000167491",7296
"ENSG00000167508",4717
"ENSG00000167515",4463
"ENSG00000167522",15352
"ENSG00000167523",5746
"ENSG00000167525",4829
"ENSG00000167526",3886
"ENSG00000167528",5646
"ENSG00000167536",2944
"ENSG00000167543",4570
"ENSG00000167548",20476
"ENSG00000167552",3421
"ENSG00000167553",3359
"ENSG00000167555",8530
"ENSG00000167562",6294
"ENSG00000167565",2218
"ENSG00000167566",8090
"ENSG00000167578",3935
"ENSG00000167604",3198
"ENSG00000167613",5700
"ENSG00000167615",6470
"ENSG00000167625",4271
"ENSG00000167632",34988
"ENSG00000167635",4146
"ENSG00000167637",4367
"ENSG00000167642",5199
"ENSG00000167645",3184
"ENSG00000167657",3549
"ENSG00000167658",4027
"ENSG00000167664",1262
"ENSG00000167670",4299
"ENSG00000167671",5275
"ENSG00000167674",4314
"ENSG00000167676",6341
"ENSG00000167685",7239
"ENSG00000167699",4951
"ENSG00000167700",1823
"ENSG00000167702",4447
"ENSG00000167703",10618
"ENSG00000167705",2098
"ENSG00000167716",7913
"ENSG00000167721",5545
"ENSG00000167740",2182
"ENSG00000167747",3256
"ENSG00000167766",8028
"ENSG00000167768",2488
"ENSG00000167770",5331
"ENSG00000167775",2277
"ENSG00000167778",3191
"ENSG00000167785",4650
"ENSG00000167792",4154
"ENSG00000167797",2019
"ENSG00000167815",2114
"ENSG00000167840",2794
"ENSG00000167842",3157
"ENSG00000167850",1517
"ENSG00000167851",2684
"ENSG00000167862",1108
"ENSG00000167863",3231
"ENSG00000167881",7313
"ENSG00000167895",5459
"ENSG00000167904",6616
"ENSG00000167925",3970
"ENSG00000167962",4701
"ENSG00000167965",4323
"ENSG00000167967",6402
"ENSG00000167969",3234
"ENSG00000167972",7804
"ENSG00000167977",3420
"ENSG00000167978",13266
"ENSG00000167981",1831
"ENSG00000167984",6838
"ENSG00000167985",2492
"ENSG00000167986",13950
"ENSG00000167987",3960
"ENSG00000167995",8930
"ENSG00000167996",2030
"ENSG00000168002",1923
"ENSG00000168003",5239
"ENSG00000168005",2807
"ENSG00000168010",8617
"ENSG00000168014",12567
"ENSG00000168016",11182
"ENSG00000168026",7720
"ENSG00000168028",3936
"ENSG00000168036",6606
"ENSG00000168038",6579
"ENSG00000168040",1841
"ENSG00000168056",10298
"ENSG00000168060",4044
"ENSG00000168066",5972
"ENSG00000168067",3745
"ENSG00000168071",8331
"ENSG00000168090",2807
"ENSG00000168092",7101
"ENSG00000168096",7775
"ENSG00000168101",2068
"ENSG00000168116",3078
"ENSG00000168118",3297
"ENSG00000168137",10808
"ENSG00000168152",4332
"ENSG00000168159",3285
"ENSG00000168172",15250
"ENSG00000168175",6988
"ENSG00000168209",2058
"ENSG00000168214",9041
"ENSG00000168216",2402
"ENSG00000168228",4353
"ENSG00000168229",3033
"ENSG00000168234",7188
"ENSG00000168237",4793
"ENSG00000168242",479
"ENSG00000168246",3301
"ENSG00000168255",5594
"ENSG00000168256",5563
"ENSG00000168259",9373
"ENSG00000168264",4724
"ENSG00000168273",2482
"ENSG00000168274",547
"ENSG00000168275",1257
"ENSG00000168280",9221
"ENSG00000168282",2710
"ENSG00000168283",4283
"ENSG00000168286",1885
"ENSG00000168288",2191
"ENSG00000168291",4717
"ENSG00000168297",5249
"ENSG00000168298",785
"ENSG00000168300",7307
"ENSG00000168301",3068
"ENSG00000168303",7668
"ENSG00000168310",3116
"ENSG00000168329",3655
"ENSG00000168374",2595
"ENSG00000168385",7378
"ENSG00000168389",3987
"ENSG00000168393",2451
"ENSG00000168395",8200
"ENSG00000168397",6638
"ENSG00000168404",5692
"ENSG00000168405",4328
"ENSG00000168411",6465
"ENSG00000168421",6594
"ENSG00000168434",4343
"ENSG00000168438",5940
"ENSG00000168439",4657
"ENSG00000168461",5586
"ENSG00000168476",2266
"ENSG00000168488",6508
"ENSG00000168495",5613
"ENSG00000168496",2478
"ENSG00000168497",3229
"ENSG00000168517",2038
"ENSG00000168522",9551
"ENSG00000168538",5839
"ENSG00000168556",1426
"ENSG00000168564",3193
"ENSG00000168566",5836
"ENSG00000168569",2280
"ENSG00000168575",6641
"ENSG00000168591",3511
"ENSG00000168610",8812
"ENSG00000168612",2769
"ENSG00000168614",7327
"ENSG00000168615",6913
"ENSG00000168646",5196
"ENSG00000168653",548
"ENSG00000168661",2745
"ENSG00000168672",5404
"ENSG00000168675",16759
"ENSG00000168685",6060
"ENSG00000168701",1787
"ENSG00000168710",4736
"ENSG00000168724",9137
"ENSG00000168734",2496
"ENSG00000168758",6157
"ENSG00000168763",4416
"ENSG00000168765",5370
"ENSG00000168769",16474
"ENSG00000168781",8054
"ENSG00000168785",7430
"ENSG00000168792",3592
"ENSG00000168795",4627
"ENSG00000168802",3383
"ENSG00000168803",5054
"ENSG00000168806",2830
"ENSG00000168807",9875
"ENSG00000168813",11239
"ENSG00000168818",5332
"ENSG00000168824",4355
"ENSG00000168826",2943
"ENSG00000168827",9032
"ENSG00000168872",7879
"ENSG00000168876",3526
"ENSG00000168883",3950
"ENSG00000168884",2686
"ENSG00000168887",4413
"ENSG00000168894",1220
"ENSG00000168899",819
"ENSG00000168904",9348
"ENSG00000168906",4487
"ENSG00000168916",6920
"ENSG00000168918",6998
"ENSG00000168924",8184
"ENSG00000168936",3442
"ENSG00000168944",6057
"ENSG00000168958",6162
"ENSG00000168961",5714
"ENSG00000168970",7862
"ENSG00000168995",2043
"ENSG00000169016",4061
"ENSG00000169018",7569
"ENSG00000169019",1694
"ENSG00000169020",940
"ENSG00000169021",1530
"ENSG00000169026",2644
"ENSG00000169031",9124
"ENSG00000169032",3759
"ENSG00000169045",9480
"ENSG00000169047",9953
"ENSG00000169057",12556
"ENSG00000169062",3091
"ENSG00000169087",5438
"ENSG00000169118",8414
"ENSG00000169129",5948
"ENSG00000169131",2947
"ENSG00000169139",6606
"ENSG00000169155",7052
"ENSG00000169180",7065
"ENSG00000169188",3245
"ENSG00000169189",3770
"ENSG00000169193",3550
"ENSG00000169217",3773
"ENSG00000169220",3797
"ENSG00000169221",6699
"ENSG00000169223",2357
"ENSG00000169228",2065
"ENSG00000169230",1875
"ENSG00000169231",4559
"ENSG00000169239",7735
"ENSG00000169241",2320
"ENSG00000169247",15047
"ENSG00000169249",2077
"ENSG00000169251",4869
"ENSG00000169252",2041
"ENSG00000169288",1943
"ENSG00000169299",3704
"ENSG00000169313",1859
"ENSG00000169359",9627
"ENSG00000169371",3516
"ENSG00000169372",4276
"ENSG00000169375",12453
"ENSG00000169379",4160
"ENSG00000169385",755
"ENSG00000169398",13747
"ENSG00000169403",4706
"ENSG00000169410",4762
"ENSG00000169413",1061
"ENSG00000169429",2274
"ENSG00000169432",10368
"ENSG00000169442",935
"ENSG00000169446",3738
"ENSG00000169490",4459
"ENSG00000169499",6326
"ENSG00000169504",4495
"ENSG00000169508",1700
"ENSG00000169519",5499
"ENSG00000169554",17907
"ENSG00000169564",1748
"ENSG00000169567",1936
"ENSG00000169570",4617
"ENSG00000169592",6076
"ENSG00000169598",3856
"ENSG00000169599",2197
"ENSG00000169609",4323
"ENSG00000169612",1568
"ENSG00000169621",5371
"ENSG00000169635",7219
"ENSG00000169641",9739
"ENSG00000169660",4153
"ENSG00000169679",6032
"ENSG00000169683",3606
"ENSG00000169689",1531
"ENSG00000169692",1798
"ENSG00000169696",12097
"ENSG00000169704",889
"ENSG00000169710",8979
"ENSG00000169714",1927
"ENSG00000169718",5999
"ENSG00000169727",6155
"ENSG00000169733",3865
"ENSG00000169738",1902
"ENSG00000169740",1436
"ENSG00000169756",7626
"ENSG00000169762",7828
"ENSG00000169764",6477
"ENSG00000169813",3253
"ENSG00000169814",3704
"ENSG00000169826",3752
"ENSG00000169857",1808
"ENSG00000169860",3106
"ENSG00000169871",3933
"ENSG00000169877",562
"ENSG00000169891",11361
"ENSG00000169895",6418
"ENSG00000169896",5665
"ENSG00000169902",2871
"ENSG00000169905",18876
"ENSG00000169914",6767
"ENSG00000169919",3992
"ENSG00000169925",6876
"ENSG00000169926",8590
"ENSG00000169951",3113
"ENSG00000169955",4065
"ENSG00000169957",2392
"ENSG00000169964",3106
"ENSG00000169967",11508
"ENSG00000169972",2489
"ENSG00000169976",737
"ENSG00000169981",2663
"ENSG00000169991",6188
"ENSG00000169994",8806
"ENSG00000170004",9758
"ENSG00000170006",11573
"ENSG00000170017",7179
"ENSG00000170027",3745
"ENSG00000170035",3004
"ENSG00000170037",6234
"ENSG00000170043",1171
"ENSG00000170074",8271
"ENSG00000170085",5702
"ENSG00000170088",6427
"ENSG00000170089",3852
"ENSG00000170100",3150
"ENSG00000170113",8700
"ENSG00000170142",3074
"ENSG00000170144",6033
"ENSG00000170145",9796
"ENSG00000170175",4329
"ENSG00000170180",3353
"ENSG00000170185",7787
"ENSG00000170190",3089
"ENSG00000170191",3964
"ENSG00000170222",1620
"ENSG00000170234",6507
"ENSG00000170242",11158
"ENSG00000170248",9033
"ENSG00000170260",3182
"ENSG00000170265",3831
"ENSG00000170266",4364
"ENSG00000170270",1154
"ENSG00000170271",7222
"ENSG00000170275",6695
"ENSG00000170291",2737
"ENSG00000170296",2266
"ENSG00000170310",3779
"ENSG00000170315",1621
"ENSG00000170322",6335
"ENSG00000170325",6626
"ENSG00000170340",2861
"ENSG00000170345",3238
"ENSG00000170348",4540
"ENSG00000170364",3567
"ENSG00000170365",6058
"ENSG00000170379",6466
"ENSG00000170385",5474
"ENSG00000170417",4879
"ENSG00000170430",3557
"ENSG00000170445",8436
"ENSG00000170448",4446
"ENSG00000170456",11310
"ENSG00000170458",1886
"ENSG00000170464",6497
"ENSG00000170471",12624
"ENSG00000170473",2425
"ENSG00000170476",2273
"ENSG00000170502",3184
"ENSG00000170515",3795
"ENSG00000170522",7297
"ENSG00000170525",5534
"ENSG00000170540",3664
"ENSG00000170542",4118
"ENSG00000170545",3558
"ENSG00000170571",5257
"ENSG00000170581",6109
"ENSG00000170584",8847
"ENSG00000170604",2511
"ENSG00000170606",5126
"ENSG00000170619",2909
"ENSG00000170629",5580
"ENSG00000170631",5237
"ENSG00000170632",4574
"ENSG00000170633",4681
"ENSG00000170634",4964
"ENSG00000170638",3153
"ENSG00000170653",7985
"ENSG00000170677",5984
"ENSG00000170734",3663
"ENSG00000170759",5877
"ENSG00000170776",20279
"ENSG00000170779",2513
"ENSG00000170791",5866
"ENSG00000170802",5481
"ENSG00000170832",7755
"ENSG00000170836",3252
"ENSG00000170837",2447
"ENSG00000170846",2311
"ENSG00000170852",4987
"ENSG00000170854",6880
"ENSG00000170855",1442
"ENSG00000170860",3815
"ENSG00000170866",1924
"ENSG00000170871",8499
"ENSG00000170873",7787
"ENSG00000170876",3572
"ENSG00000170881",2700
"ENSG00000170889",4371
"ENSG00000170892",2736
"ENSG00000170903",5105
"ENSG00000170906",2475
"ENSG00000170909",2069
"ENSG00000170915",5057
"ENSG00000170917",6591
"ENSG00000170919",8479
"ENSG00000170921",22866
"ENSG00000170946",7592
"ENSG00000170949",8511
"ENSG00000170956",3080
"ENSG00000170962",4266
"ENSG00000170989",3071
"ENSG00000171033",4216
"ENSG00000171044",5209
"ENSG00000171045",4060
"ENSG00000171049",3700
"ENSG00000171051",2594
"ENSG00000171055",6828
"ENSG00000171067",3406
"ENSG00000171097",3602
"ENSG00000171100",4048
"ENSG00000171103",2056
"ENSG00000171105",10451
"ENSG00000171109",5957
"ENSG00000171115",4184
"ENSG00000171130",3332
"ENSG00000171132",9908
"ENSG00000171135",1799
"ENSG00000171148",4234
"ENSG00000171150",5034
"ENSG00000171155",1785
"ENSG00000171159",1662
"ENSG00000171161",3741
"ENSG00000171163",3933
"ENSG00000171169",3621
"ENSG00000171174",3973
"ENSG00000171202",971
"ENSG00000171204",2401
"ENSG00000171206",2916
"ENSG00000171208",7481
"ENSG00000171222",1739
"ENSG00000171223",1815
"ENSG00000171236",3133
"ENSG00000171262",6851
"ENSG00000171291",5207
"ENSG00000171295",6427
"ENSG00000171298",5156
"ENSG00000171302",4414
"ENSG00000171307",3039
"ENSG00000171310",6492
"ENSG00000171311",3345
"ENSG00000171314",2568
"ENSG00000171316",12738
"ENSG00000171365",10619
"ENSG00000171421",1394
"ENSG00000171425",1736
"ENSG00000171428",3173
"ENSG00000171443",1360
"ENSG00000171444",31750
"ENSG00000171448",4645
"ENSG00000171451",9531
"ENSG00000171453",2867
"ENSG00000171456",9417
"ENSG00000171466",6175
"ENSG00000171467",9559
"ENSG00000171469",6461
"ENSG00000171471",832
"ENSG00000171475",8123
"ENSG00000171476",7759
"ENSG00000171488",11724
"ENSG00000171490",4818
"ENSG00000171492",4852
"ENSG00000171497",2509
"ENSG00000171503",4493
"ENSG00000171522",3961
"ENSG00000171530",3058
"ENSG00000171552",3314
"ENSG00000171566",5058
"ENSG00000171574",3696
"ENSG00000171596",3298
"ENSG00000171603",5559
"ENSG00000171604",3852
"ENSG00000171606",8332
"ENSG00000171608",6593
"ENSG00000171611",1123
"ENSG00000171617",5855
"ENSG00000171634",15098
"ENSG00000171643",1951
"ENSG00000171649",5257
"ENSG00000171659",1924
"ENSG00000171681",8410
"ENSG00000171700",2010
"ENSG00000171703",4802
"ENSG00000171720",4631
"ENSG00000171723",6007
"ENSG00000171735",10033
"ENSG00000171763",3406
"ENSG00000171766",6644
"ENSG00000171777",3848
"ENSG00000171791",7665
"ENSG00000171792",2580
"ENSG00000171793",5749
"ENSG00000171806",1578
"ENSG00000171813",2651
"ENSG00000171817",4304
"ENSG00000171823",2287
"ENSG00000171824",6003
"ENSG00000171827",2952
"ENSG00000171840",2048
"ENSG00000171843",8129
"ENSG00000171853",9193
"ENSG00000171858",1023
"ENSG00000171860",2145
"ENSG00000171861",2065
"ENSG00000171862",10048
"ENSG00000171863",5583
"ENSG00000171865",2865
"ENSG00000171867",2851
"ENSG00000171914",16202
"ENSG00000171928",5862
"ENSG00000171940",6181
"ENSG00000171953",5564
"ENSG00000171960",2212
"ENSG00000171970",2258
"ENSG00000171984",1702
"ENSG00000171988",11026
"ENSG00000172005",1453
"ENSG00000172006",4685
"ENSG00000172007",5028
"ENSG00000172009",5258
"ENSG00000172046",5731
"ENSG00000172053",4576
"ENSG00000172057",3752
"ENSG00000172059",4589
"ENSG00000172071",5434
"ENSG00000172081",4149
"ENSG00000172086",1753
"ENSG00000172113",4716
"ENSG00000172115",4457
"ENSG00000172116",1864
"ENSG00000172123",3560
"ENSG00000172159",6361
"ENSG00000172164",6747
"ENSG00000172167",8326
"ENSG00000172171",3224
"ENSG00000172172",4210
"ENSG00000172175",6512
"ENSG00000172183",7363
"ENSG00000172197",3287
"ENSG00000172215",3769
"ENSG00000172216",1837
"ENSG00000172239",3391
"ENSG00000172243",4190
"ENSG00000172262",8516
"ENSG00000172269",5280
"ENSG00000172270",3770
"ENSG00000172273",9834
"ENSG00000172292",7238
"ENSG00000172301",1432
"ENSG00000172315",3520
"ENSG00000172322",3250
"ENSG00000172331",2539
"ENSG00000172336",988
"ENSG00000172339",9633
"ENSG00000172340",3090
"ENSG00000172345",6339
"ENSG00000172349",10875
"ENSG00000172354",2857
"ENSG00000172366",2226
"ENSG00000172375",9214
"ENSG00000172409",2793
"ENSG00000172428",2039
"ENSG00000172432",4616
"ENSG00000172456",6229
"ENSG00000172465",1602
"ENSG00000172466",8257
"ENSG00000172469",5187
"ENSG00000172493",10733
"ENSG00000172500",3353
"ENSG00000172530",7679
"ENSG00000172531",2711
"ENSG00000172534",9004
"ENSG00000172543",1719
"ENSG00000172575",6090
"ENSG00000172578",10546
"ENSG00000172586",1483
"ENSG00000172590",3213
"ENSG00000172594",2228
"ENSG00000172613",3175
"ENSG00000172638",5397
"ENSG00000172660",5903
"ENSG00000172661",5700
"ENSG00000172663",3252
"ENSG00000172667",9646
"ENSG00000172671",6138
"ENSG00000172673",4309
"ENSG00000172687",3905
"ENSG00000172716",5982
"ENSG00000172725",2958
"ENSG00000172728",5606
"ENSG00000172732",5476
"ENSG00000172748",5385
"ENSG00000172757",5863
"ENSG00000172765",7912
"ENSG00000172766",5867
"ENSG00000172775",4347
"ENSG00000172780",4991
"ENSG00000172785",12438
"ENSG00000172794",5074
"ENSG00000172795",9951
"ENSG00000172809",3829
"ENSG00000172819",5120
"ENSG00000172824",4340
"ENSG00000172830",3641
"ENSG00000172831",5343
"ENSG00000172840",5220
"ENSG00000172845",10704
"ENSG00000172869",13579
"ENSG00000172878",4850
"ENSG00000172888",6883
"ENSG00000172890",14970
"ENSG00000172893",4160
"ENSG00000172915",11941
"ENSG00000172922",3697
"ENSG00000172932",6643
"ENSG00000172936",3989
"ENSG00000172939",6075
"ENSG00000172943",9015
"ENSG00000172954",7517
"ENSG00000172965",8500
"ENSG00000172974",1260
"ENSG00000172977",3732
"ENSG00000172985",5801
"ENSG00000172992",2830
"ENSG00000173011",5776
"ENSG00000173020",6665
"ENSG00000173039",5464
"ENSG00000173041",5586
"ENSG00000173064",21225
"ENSG00000173068",14812
"ENSG00000173083",4721
"ENSG00000173085",2774
"ENSG00000173110",2646
"ENSG00000173113",1625
"ENSG00000173114",3875
"ENSG00000173120",10258
"ENSG00000173137",2742
"ENSG00000173141",2246
"ENSG00000173145",4691
"ENSG00000173153",3030
"ENSG00000173163",2730
"ENSG00000173166",11696
"ENSG00000173171",3278
"ENSG00000173193",10495
"ENSG00000173198",5431
"ENSG00000173200",5507
"ENSG00000173208",6238
"ENSG00000173209",8382
"ENSG00000173214",5958
"ENSG00000173218",9062
"ENSG00000173221",6508
"ENSG00000173226",3049
"ENSG00000173230",11853
"ENSG00000173258",5738
"ENSG00000173264",4031
"ENSG00000173272",4093
"ENSG00000173273",14186
"ENSG00000173275",5330
"ENSG00000173276",8062
"ENSG00000173281",5776
"ENSG00000173327",10564
"ENSG00000173334",4138
"ENSG00000173349",2789
"ENSG00000173402",6910
"ENSG00000173409",1987
"ENSG00000173418",2376
"ENSG00000173436",5220
"ENSG00000173442",6705
"ENSG00000173451",6527
"ENSG00000173456",2787
"ENSG00000173457",1651
"ENSG00000173465",2008
"ENSG00000173473",7645
"ENSG00000173480",4204
"ENSG00000173482",9906
"ENSG00000173486",1608
"ENSG00000173517",16711
"ENSG00000173530",3538
"ENSG00000173535",2625
"ENSG00000173542",8801
"ENSG00000173545",1699
"ENSG00000173548",8008
"ENSG00000173559",13806
"ENSG00000173566",1758
"ENSG00000173575",17837
"ENSG00000173588",6921
"ENSG00000173597",7356
"ENSG00000173598",5180
"ENSG00000173611",13014
"ENSG00000173614",4610
"ENSG00000173638",9998
"ENSG00000173653",2995
"ENSG00000173660",1408
"ENSG00000173674",4427
"ENSG00000173681",8630
"ENSG00000173692",5171
"ENSG00000173706",9925
"ENSG00000173715",3953
"ENSG00000173726",3542
"ENSG00000173744",9321
"ENSG00000173757",6447
"ENSG00000173762",2735
"ENSG00000173786",7426
"ENSG00000173812",3623
"ENSG00000173818",7253
"ENSG00000173821",28570
"ENSG00000173825",2012
"ENSG00000173846",3479
"ENSG00000173848",4194
"ENSG00000173852",5698
"ENSG00000173868",2375
"ENSG00000173875",4723
"ENSG00000173889",16919
"ENSG00000173890",4458
"ENSG00000173905",4647
"ENSG00000173914",4325
"ENSG00000173915",898
"ENSG00000173917",3460
"ENSG00000173926",5179
"ENSG00000173928",1684
"ENSG00000173930",5334
"ENSG00000173933",5821
"ENSG00000173950",5409
"ENSG00000173960",6882
"ENSG00000173992",2474
"ENSG00000174004",2910
"ENSG00000174007",2201
"ENSG00000174010",6272
"ENSG00000174013",5976
"ENSG00000174021",1112
"ENSG00000174028",681
"ENSG00000174032",6794
"ENSG00000174080",2896
"ENSG00000174083",3563
"ENSG00000174093",7317
"ENSG00000174099",5791
"ENSG00000174100",2193
"ENSG00000174106",5562
"ENSG00000174109",1560
"ENSG00000174111",2794
"ENSG00000174123",4217
"ENSG00000174125",4533
"ENSG00000174130",6035
"ENSG00000174132",1416
"ENSG00000174136",6671
"ENSG00000174151",5690
"ENSG00000174165",3486
"ENSG00000174173",1888
"ENSG00000174175",3490
"ENSG00000174177",3532
"ENSG00000174197",14513
"ENSG00000174206",4342
"ENSG00000174227",10905
"ENSG00000174231",11355
"ENSG00000174238",4784
"ENSG00000174243",5419
"ENSG00000174276",1296
"ENSG00000174282",6026
"ENSG00000174306",11621
"ENSG00000174365",2813
"ENSG00000174373",13265
"ENSG00000174374",4178
"ENSG00000174405",4412
"ENSG00000174428",8087
"ENSG00000174437",13745
"ENSG00000174442",4498
"ENSG00000174444",5635
"ENSG00000174446",2509
"ENSG00000174456",5998
"ENSG00000174485",8902
"ENSG00000174500",3783
"ENSG00000174501",8749
"ENSG00000174516",3807
"ENSG00000174529",1388
"ENSG00000174547",2539
"ENSG00000174574",2741
"ENSG00000174579",5095
"ENSG00000174600",5690
"ENSG00000174606",7349
"ENSG00000174607",4699
"ENSG00000174652",5269
"ENSG00000174684",2072
"ENSG00000174695",4908
"ENSG00000174718",6644
"ENSG00000174720",4083
"ENSG00000174721",2545
"ENSG00000174738",5820
"ENSG00000174744",2514
"ENSG00000174748",6528
"ENSG00000174749",8901
"ENSG00000174775",1854
"ENSG00000174776",3891
"ENSG00000174780",4685
"ENSG00000174791",5469
"ENSG00000174796",7127
"ENSG00000174799",8640
"ENSG00000174837",3707
"ENSG00000174839",5124
"ENSG00000174840",8947
"ENSG00000174842",2910
"ENSG00000174851",2370
"ENSG00000174885",3207
"ENSG00000174886",4839
"ENSG00000174891",5117
"ENSG00000174903",2007
"ENSG00000174915",6107
"ENSG00000174917",1854
"ENSG00000174943",4861
"ENSG00000174944",2815
"ENSG00000174946",1795
"ENSG00000174953",10576
"ENSG00000174977",1348
"ENSG00000174989",5169
"ENSG00000174996",5479
"ENSG00000175003",2312
"ENSG00000175029",7411
"ENSG00000175040",3526
"ENSG00000175048",11121
"ENSG00000175054",12496
"ENSG00000175061",3759
"ENSG00000175066",6027
"ENSG00000175073",9942
"ENSG00000175087",4527
"ENSG00000175104",4871
"ENSG00000175105",4966
"ENSG00000175106",5748
"ENSG00000175110",5382
"ENSG00000175115",9037
"ENSG00000175130",1699
"ENSG00000175137",6528
"ENSG00000175155",8667
"ENSG00000175166",5453
"ENSG00000175182",6597
"ENSG00000175193",2034
"ENSG00000175197",1178
"ENSG00000175198",4486
"ENSG00000175203",4239
"ENSG00000175213",3078
"ENSG00000175215",5442
"ENSG00000175216",8547
"ENSG00000175220",6138
"ENSG00000175221",3890
"ENSG00000175224",7315
"ENSG00000175265",7908
"ENSG00000175274",7342
"ENSG00000175283",2090
"ENSG00000175294",2687
"ENSG00000175309",8402
"ENSG00000175322",7945
"ENSG00000175324",1690
"ENSG00000175334",1645
"ENSG00000175348",3064
"ENSG00000175354",6921
"ENSG00000175376",3327
"ENSG00000175387",13770
"ENSG00000175390",9431
"ENSG00000175395",4244
"ENSG00000175414",11459
"ENSG00000175416",2039
"ENSG00000175449",5062
"ENSG00000175455",11732
"ENSG00000175463",5010
"ENSG00000175467",4323
"ENSG00000175470",6114
"ENSG00000175471",12089
"ENSG00000175482",3049
"ENSG00000175489",2415
"ENSG00000175538",3677
"ENSG00000175548",4377
"ENSG00000175550",1737
"ENSG00000175556",4037
"ENSG00000175564",3684
"ENSG00000175567",3237
"ENSG00000175573",1761
"ENSG00000175575",4558
"ENSG00000175581",4386
"ENSG00000175582",4896
"ENSG00000175591",2861
"ENSG00000175595",8460
"ENSG00000175602",1231
"ENSG00000175606",2982
"ENSG00000175611",5100
"ENSG00000175634",5815
"ENSG00000175662",7860
"ENSG00000175691",2437
"ENSG00000175701",2051
"ENSG00000175711",6891
"ENSG00000175727",13905
"ENSG00000175730",2094
"ENSG00000175746",3078
"ENSG00000175756",1669
"ENSG00000175764",3535
"ENSG00000175768",3644
"ENSG00000175782",5612
"ENSG00000175787",5518
"ENSG00000175792",6860
"ENSG00000175806",4162
"ENSG00000175826",2584
"ENSG00000175854",1649
"ENSG00000175857",3273
"ENSG00000175873",2067
"ENSG00000175886",804
"ENSG00000175893",9426
"ENSG00000175895",3137
"ENSG00000175928",4264
"ENSG00000175931",6472
"ENSG00000175938",2643
"ENSG00000175970",4560
"ENSG00000175984",7408
"ENSG00000176014",4117
"ENSG00000176018",4459
"ENSG00000176022",2793
"ENSG00000176024",3146
"ENSG00000176049",6214
"ENSG00000176055",5676
"ENSG00000176058",5338
"ENSG00000176087",4023
"ENSG00000176095",5200
"ENSG00000176101",1183
"ENSG00000176102",4517
"ENSG00000176105",5100
"ENSG00000176108",2118
"ENSG00000176124",9926
"ENSG00000176125",994
"ENSG00000176142",5333
"ENSG00000176148",5370
"ENSG00000176155",12397
"ENSG00000176160",4094
"ENSG00000176170",4416
"ENSG00000176171",2111
"ENSG00000176208",7075
"ENSG00000176209",3323
"ENSG00000176225",9077
"ENSG00000176248",4627
"ENSG00000176261",3531
"ENSG00000176273",6829
"ENSG00000176274",6844
"ENSG00000176340",507
"ENSG00000176371",4878
"ENSG00000176386",1175
"ENSG00000176390",4472
"ENSG00000176393",3111
"ENSG00000176396",1981
"ENSG00000176401",1865
"ENSG00000176407",7968
"ENSG00000176410",2485
"ENSG00000176422",2101
"ENSG00000176438",7936
"ENSG00000176444",3843
"ENSG00000176454",3781
"ENSG00000176463",9435
"ENSG00000176473",4218
"ENSG00000176476",2124
"ENSG00000176485",3104
"ENSG00000176531",4553
"ENSG00000176533",4561
"ENSG00000176542",13738
"ENSG00000176593",8787
"ENSG00000176595",6710
"ENSG00000176597",8140
"ENSG00000176619",5432
"ENSG00000176623",5646
"ENSG00000176624",7481
"ENSG00000176658",7731
"ENSG00000176659",2732
"ENSG00000176700",5703
"ENSG00000176715",11629
"ENSG00000176731",2508
"ENSG00000176749",4325
"ENSG00000176783",5911
"ENSG00000176788",2133
"ENSG00000176824",2966
"ENSG00000176834",7060
"ENSG00000176845",2626
"ENSG00000176853",7246
"ENSG00000176871",3537
"ENSG00000176896",5441
"ENSG00000176903",2635
"ENSG00000176915",17360
"ENSG00000176928",3436
"ENSG00000176946",3147
"ENSG00000176953",5738
"ENSG00000176973",1458
"ENSG00000176974",6981
"ENSG00000176978",2820
"ENSG00000176986",5363
"ENSG00000176994",3427
"ENSG00000177000",10214
"ENSG00000177030",4494
"ENSG00000177034",4883
"ENSG00000177042",4071
"ENSG00000177051",3535
"ENSG00000177054",7763
"ENSG00000177058",8823
"ENSG00000177082",6139
"ENSG00000177084",16605
"ENSG00000177096",2451
"ENSG00000177105",1782
"ENSG00000177106",5693
"ENSG00000177112",1403
"ENSG00000177119",8235
"ENSG00000177125",6606
"ENSG00000177144",545
"ENSG00000177150",4681
"ENSG00000177156",3005
"ENSG00000177169",7608
"ENSG00000177173",1157
"ENSG00000177189",9302
"ENSG00000177191",1874
"ENSG00000177192",3699
"ENSG00000177197",481
"ENSG00000177200",16501
"ENSG00000177225",5510
"ENSG00000177239",8327
"ENSG00000177272",3346
"ENSG00000177302",6430
"ENSG00000177311",13706
"ENSG00000177324",4658
"ENSG00000177337",2105
"ENSG00000177352",1781
"ENSG00000177370",3194
"ENSG00000177383",1681
"ENSG00000177406",3530
"ENSG00000177409",7135
"ENSG00000177410",1097
"ENSG00000177425",11668
"ENSG00000177426",6608
"ENSG00000177427",3969
"ENSG00000177455",2711
"ENSG00000177463",5897
"ENSG00000177479",8017
"ENSG00000177483",6049
"ENSG00000177485",5313
"ENSG00000177542",4539
"ENSG00000177548",4566
"ENSG00000177556",5239
"ENSG00000177565",10614
"ENSG00000177570",10756
"ENSG00000177575",5813
"ENSG00000177595",5869
"ENSG00000177599",3032
"ENSG00000177600",1955
"ENSG00000177606",3321
"ENSG00000177613",4109
"ENSG00000177628",3648
"ENSG00000177646",4327
"ENSG00000177663",9035
"ENSG00000177666",3843
"ENSG00000177674",2433
"ENSG00000177683",4961
"ENSG00000177688",683
"ENSG00000177697",3938
"ENSG00000177700",1142
"ENSG00000177707",6184
"ENSG00000177721",2234
"ENSG00000177728",8854
"ENSG00000177731",6465
"ENSG00000177733",2965
"ENSG00000177738",2784
"ENSG00000177830",6265
"ENSG00000177842",3457
"ENSG00000177853",10883
"ENSG00000177854",1924
"ENSG00000177855",678
"ENSG00000177868",1239
"ENSG00000177873",4514
"ENSG00000177879",3198
"ENSG00000177885",4716
"ENSG00000177888",8562
"ENSG00000177889",5110
"ENSG00000177917",3349
"ENSG00000177932",5411
"ENSG00000177946",2737
"ENSG00000177951",3868
"ENSG00000177954",946
"ENSG00000177963",6685
"ENSG00000177971",2510
"ENSG00000177981",4087
"ENSG00000177989",2301
"ENSG00000178028",5599
"ENSG00000178035",2773
"ENSG00000178038",9057
"ENSG00000178057",2434
"ENSG00000178074",4296
"ENSG00000178075",7818
"ENSG00000178082",1052
"ENSG00000178093",2516
"ENSG00000178096",1461
"ENSG00000178104",28338
"ENSG00000178105",8461
"ENSG00000178127",2711
"ENSG00000178146",1570
"ENSG00000178149",3683
"ENSG00000178163",10905
"ENSG00000178177",10032
"ENSG00000178188",7138
"ENSG00000178199",5163
"ENSG00000178202",4993
"ENSG00000178209",16985
"ENSG00000178229",3659
"ENSG00000178234",8292
"ENSG00000178252",5304
"ENSG00000178295",6659
"ENSG00000178297",4195
"ENSG00000178307",3309
"ENSG00000178338",3750
"ENSG00000178381",2281
"ENSG00000178385",4656
"ENSG00000178397",2395
"ENSG00000178404",2758
"ENSG00000178425",7309
"ENSG00000178449",1073
"ENSG00000178464",645
"ENSG00000178467",7641
"ENSG00000178502",2383
"ENSG00000178537",1977
"ENSG00000178562",4885
"ENSG00000178567",7439
"ENSG00000178573",6976
"ENSG00000178585",3343
"ENSG00000178607",10864
"ENSG00000178623",3144
"ENSG00000178685",6033
"ENSG00000178691",6547
"ENSG00000178694",5635
"ENSG00000178695",6229
"ENSG00000178700",4659
"ENSG00000178715",444
"ENSG00000178719",2527
"ENSG00000178726",4109
"ENSG00000178741",1411
"ENSG00000178761",5258
"ENSG00000178764",4714
"ENSG00000178789",2720
"ENSG00000178802",6328
"ENSG00000178814",4321
"ENSG00000178852",6672
"ENSG00000178878",7243
"ENSG00000178896",1407
"ENSG00000178904",10781
"ENSG00000178913",2274
"ENSG00000178917",4225
"ENSG00000178921",6471
"ENSG00000178922",2590
"ENSG00000178927",7234
"ENSG00000178935",2989
"ENSG00000178950",15155
"ENSG00000178951",5725
"ENSG00000178952",2271
"ENSG00000178966",3503
"ENSG00000178971",6315
"ENSG00000178974",4133
"ENSG00000178977",2082
"ENSG00000178980",5261
"ENSG00000178982",2785
"ENSG00000178988",2180
"ENSG00000178996",6652
"ENSG00000179010",2655
"ENSG00000179021",3478
"ENSG00000179029",3163
"ENSG00000179041",1704
"ENSG00000179051",4126
"ENSG00000179082",3145
"ENSG00000179085",622
"ENSG00000179088",4863
"ENSG00000179091",1975
"ENSG00000179094",7002
"ENSG00000179101",400
"ENSG00000179104",8319
"ENSG00000179115",2435
"ENSG00000179119",6005
"ENSG00000179134",8051
"ENSG00000179144",1256
"ENSG00000179151",5103
"ENSG00000179152",8387
"ENSG00000179163",2047
"ENSG00000179195",6340
"ENSG00000179218",2714
"ENSG00000179222",6016
"ENSG00000179240",10972
"ENSG00000179262",2449
"ENSG00000179271",743
"ENSG00000179295",6996
"ENSG00000179299",4728
"ENSG00000179331",1830
"ENSG00000179335",10800
"ENSG00000179348",4459
"ENSG00000179361",6209
"ENSG00000179364",12363
"ENSG00000179387",6627
"ENSG00000179409",5751
"ENSG00000179454",8076
"ENSG00000179456",3851
"ENSG00000179476",3864
"ENSG00000179523",3330
"ENSG00000179526",2783
"ENSG00000179532",19629
"ENSG00000179542",8924
"ENSG00000179562",4987
"ENSG00000179583",12036
"ENSG00000179588",5899
"ENSG00000179598",2560
"ENSG00000179604",5007
"ENSG00000179611",2776
"ENSG00000179627",3905
"ENSG00000179630",4550
"ENSG00000179632",2377
"ENSG00000179639",1165
"ENSG00000179715",2616
"ENSG00000179743",2882
"ENSG00000179761",4055
"ENSG00000179818",13515
"ENSG00000179820",3675
"ENSG00000179832",10903
"ENSG00000179833",6274
"ENSG00000179837",6600
"ENSG00000179841",7512
"ENSG00000179859",2529
"ENSG00000179869",18580
"ENSG00000179886",2412
"ENSG00000179889",8908
"ENSG00000179899",3730
"ENSG00000179909",5822
"ENSG00000179912",6267
"ENSG00000179918",2551
"ENSG00000179921",2692
"ENSG00000179922",2058
"ENSG00000179933",3670
"ENSG00000179941",3595
"ENSG00000179943",6781
"ENSG00000179950",5424
"ENSG00000179958",1581
"ENSG00000179967",445
"ENSG00000179978",3828
"ENSG00000179979",4441
"ENSG00000179981",8281
"ENSG00000179988",6982
"ENSG00000180008",7043
"ENSG00000180011",8157
"ENSG00000180015",1143
"ENSG00000180035",3744
"ENSG00000180089",3641
"ENSG00000180096",4217
"ENSG00000180098",4305
"ENSG00000180104",8182
"ENSG00000180139",2721
"ENSG00000180172",397
"ENSG00000180182",9656
"ENSG00000180185",3006
"ENSG00000180198",3888
"ENSG00000180211",420
"ENSG00000180221",496
"ENSG00000180228",3941
"ENSG00000180233",4172
"ENSG00000180257",5644
"ENSG00000180263",10044
"ENSG00000180304",7671
"ENSG00000180316",2567
"ENSG00000180329",2855
"ENSG00000180340",1983
"ENSG00000180346",2083
"ENSG00000180353",5093
"ENSG00000180354",6532
"ENSG00000180357",12111
"ENSG00000180370",6270
"ENSG00000180376",9278
"ENSG00000180385",3714
"ENSG00000180389",385
"ENSG00000180398",5994
"ENSG00000180423",2662
"ENSG00000180425",652
"ENSG00000180448",6497
"ENSG00000180479",5938
"ENSG00000180488",8476
"ENSG00000180509",5647
"ENSG00000180530",7940
"ENSG00000180539",3815
"ENSG00000180543",4460
"ENSG00000180549",2584
"ENSG00000180573",1668
"ENSG00000180574",2423
"ENSG00000180581",959
"ENSG00000180596",834
"ENSG00000180611",3368
"ENSG00000180626",5314
"ENSG00000180628",8236
"ENSG00000180644",2534
"ENSG00000180667",6521
"ENSG00000180673",1969
"ENSG00000180694",5870
"ENSG00000180739",2601
"ENSG00000180747",7881
"ENSG00000180758",5372
"ENSG00000180764",3350
"ENSG00000180771",4331
"ENSG00000180773",9681
"ENSG00000180776",2046
"ENSG00000180787",5206
"ENSG00000180817",5164
"ENSG00000180822",10418
"ENSG00000180855",2753
"ENSG00000180867",1515
"ENSG00000180871",3231
"ENSG00000180879",4590
"ENSG00000180881",6241
"ENSG00000180884",4234
"ENSG00000180891",5577
"ENSG00000180900",6192
"ENSG00000180901",5279
"ENSG00000180902",5279
"ENSG00000180917",7582
"ENSG00000180938",3275
"ENSG00000180953",1614
"ENSG00000180957",5091
"ENSG00000180964",1222
"ENSG00000180979",3412
"ENSG00000180992",956
"ENSG00000181004",3432
"ENSG00000181007",7506
"ENSG00000181016",2592
"ENSG00000181026",6018
"ENSG00000181027",5081
"ENSG00000181035",4519
"ENSG00000181036",2671
"ENSG00000181038",1914
"ENSG00000181045",4903
"ENSG00000181061",1940
"ENSG00000181090",15257
"ENSG00000181104",4066
"ENSG00000181135",6328
"ENSG00000181163",3828
"ENSG00000181191",3117
"ENSG00000181192",5281
"ENSG00000181218",496
"ENSG00000181220",8260
"ENSG00000181222",8353
"ENSG00000181274",2204
"ENSG00000181284",2129
"ENSG00000181315",3152
"ENSG00000181350",3695
"ENSG00000181381",12156
"ENSG00000181396",6391
"ENSG00000181409",6225
"ENSG00000181444",2734
"ENSG00000181450",9006
"ENSG00000181467",6237
"ENSG00000181472",3090
"ENSG00000181481",3580
"ENSG00000181513",3776
"ENSG00000181523",6713
"ENSG00000181524",421
"ENSG00000181544",3215
"ENSG00000181555",10019
"ENSG00000181588",2850
"ENSG00000181610",1679
"ENSG00000181619",4977
"ENSG00000181631",2764
"ENSG00000181666",7203
"ENSG00000181690",7833
"ENSG00000181704",8850
"ENSG00000181722",8279
"ENSG00000181744",5487
"ENSG00000181751",3568
"ENSG00000181754",5144
"ENSG00000181778",1245
"ENSG00000181788",2617
"ENSG00000181789",4423
"ENSG00000181804",4087
"ENSG00000181817",1496
"ENSG00000181826",1947
"ENSG00000181827",7670
"ENSG00000181830",4505
"ENSG00000181847",6091
"ENSG00000181852",4211
"ENSG00000181873",10219
"ENSG00000181894",4306
"ENSG00000181896",6560
"ENSG00000181904",5741
"ENSG00000181915",3723
"ENSG00000181924",2246
"ENSG00000181929",4556
"ENSG00000181982",9584
"ENSG00000181991",3843
"ENSG00000182004",1474
"ENSG00000182010",9548
"ENSG00000182022",5207
"ENSG00000182054",2814
"ENSG00000182087",3974
"ENSG00000182093",5558
"ENSG00000182095",12572
"ENSG00000182108",1722
"ENSG00000182117",551
"ENSG00000182118",2394
"ENSG00000182134",5092
"ENSG00000182141",4325
"ENSG00000182149",5617
"ENSG00000182150",10341
"ENSG00000182154",1262
"ENSG00000182158",8788
"ENSG00000182165",1023
"ENSG00000182173",3440
"ENSG00000182179",4545
"ENSG00000182180",3366
"ENSG00000182183",2508
"ENSG00000182185",7477
"ENSG00000182197",8325
"ENSG00000182199",4838
"ENSG00000182208",4504
"ENSG00000182220",2587
"ENSG00000182224",3980
"ENSG00000182240",9619
"ENSG00000182247",3272
"ENSG00000182253",7818
"ENSG00000182287",5362
"ENSG00000182307",3378
"ENSG00000182308",4764
"ENSG00000182310",3648
"ENSG00000182318",4629
"ENSG00000182319",4892
"ENSG00000182325",3375
"ENSG00000182359",5516
"ENSG00000182362",1807
"ENSG00000182372",8111
"ENSG00000182389",13610
"ENSG00000182400",4533
"ENSG00000182405",2318
"ENSG00000182446",9562
"ENSG00000182463",12582
"ENSG00000182472",5966
"ENSG00000182473",10126
"ENSG00000182487",1950
"ENSG00000182500",2263
"ENSG00000182504",9550
"ENSG00000182511",4241
"ENSG00000182512",2845
"ENSG00000182518",2499
"ENSG00000182534",9257
"ENSG00000182541",6170
"ENSG00000182544",2581
"ENSG00000182551",5560
"ENSG00000182552",2776
"ENSG00000182557",2684
"ENSG00000182568",13405
"ENSG00000182572",477
"ENSG00000182578",5151
"ENSG00000182584",2028
"ENSG00000182606",10992
"ENSG00000182621",10942
"ENSG00000182628",3148
"ENSG00000182670",15883
"ENSG00000182685",2083
"ENSG00000182700",2871
"ENSG00000182718",8822
"ENSG00000182732",6351
"ENSG00000182749",3297
"ENSG00000182768",2784
"ENSG00000182782",2051
"ENSG00000182796",3564
"ENSG00000182809",4829
"ENSG00000182810",2592
"ENSG00000182827",3578
"ENSG00000182831",5953
"ENSG00000182841",5092
"ENSG00000182858",5350
"ENSG00000182866",3337
"ENSG00000182871",8525
"ENSG00000182872",3858
"ENSG00000182885",3593
"ENSG00000182890",2333
"ENSG00000182899",2977
"ENSG00000182903",6390
"ENSG00000182909",1914
"ENSG00000182919",6269
"ENSG00000182923",10114
"ENSG00000182934",4167
"ENSG00000182944",10327
"ENSG00000182952",1274
"ENSG00000182957",9941
"ENSG00000182973",5294
"ENSG00000182979",6964
"ENSG00000182986",8327
"ENSG00000183011",1943
"ENSG00000183019",1906
"ENSG00000183020",9571
"ENSG00000183022",643
"ENSG00000183023",21944
"ENSG00000183044",9744
"ENSG00000183049",8746
"ENSG00000183060",5691
"ENSG00000183066",6180
"ENSG00000183077",4048
"ENSG00000183087",6130
"ENSG00000183091",30567
"ENSG00000183134",2895
"ENSG00000183137",6432
"ENSG00000183155",2430
"ENSG00000183161",3309
"ENSG00000183172",1731
"ENSG00000183199",2173
"ENSG00000183207",4073
"ENSG00000183208",2038
"ENSG00000183255",3471
"ENSG00000183258",4536
"ENSG00000183283",5731
"ENSG00000183291",2099
"ENSG00000183298",914
"ENSG00000183307",5069
"ENSG00000183309",4334
"ENSG00000183323",7932
"ENSG00000183337",7642
"ENSG00000183340",4226
"ENSG00000183354",7930
"ENSG00000183386",2004
"ENSG00000183401",4064
"ENSG00000183405",647
"ENSG00000183431",4740
"ENSG00000183444",985
"ENSG00000183473",4520
"ENSG00000183474",6989
"ENSG00000183475",5397
"ENSG00000183484",4198
"ENSG00000183486",13175
"ENSG00000183495",12379
"ENSG00000183508",5751
"ENSG00000183513",2760
"ENSG00000183520",3385
"ENSG00000183527",2515
"ENSG00000183530",11809
"ENSG00000183576",5178
"ENSG00000183597",6157
"ENSG00000183598",411
"ENSG00000183604",8207
"ENSG00000183605",1868
"ENSG00000183617",1003
"ENSG00000183621",4294
"ENSG00000183624",2783
"ENSG00000183625",3647
"ENSG00000183647",5019
"ENSG00000183648",2263
"ENSG00000183655",3758
"ENSG00000183665",2339
"ENSG00000183666",6167
"ENSG00000183684",1581
"ENSG00000183688",3621
"ENSG00000183690",3319
"ENSG00000183691",1892
"ENSG00000183696",4577
"ENSG00000183718",4682
"ENSG00000183723",8117
"ENSG00000183726",3410
"ENSG00000183734",1852
"ENSG00000183735",4762
"ENSG00000183741",8030
"ENSG00000183742",9898
"ENSG00000183751",7139
"ENSG00000183762",7977
"ENSG00000183765",4145
"ENSG00000183773",5332
"ENSG00000183784",2786
"ENSG00000183808",7618
"ENSG00000183813",3095
"ENSG00000183814",4442
"ENSG00000183826",9451
"ENSG00000183828",1916
"ENSG00000183837",3751
"ENSG00000183864",4565
"ENSG00000183891",1986
"ENSG00000183918",2450
"ENSG00000183935",2299
"ENSG00000183943",6452
"ENSG00000183955",4579
"ENSG00000183960",6232
"ENSG00000183978",1922
"ENSG00000184005",7225
"ENSG00000184007",6431
"ENSG00000184009",2976
"ENSG00000184014",8648
"ENSG00000184047",5966
"ENSG00000184056",4012
"ENSG00000184060",3750
"ENSG00000184076",975
"ENSG00000184083",8799
"ENSG00000184100",2184
"ENSG00000184113",3429
"ENSG00000184117",3067
"ENSG00000184154",6136
"ENSG00000184162",1794
"ENSG00000184164",5165
"ENSG00000184178",3176
"ENSG00000184182",4051
"ENSG00000184203",5128
"ENSG00000184205",4948
"ENSG00000184207",2727
"ENSG00000184208",5341
"ENSG00000184209",5140
"ENSG00000184216",4001
"ENSG00000184220",4081
"ENSG00000184221",2277
"ENSG00000184226",6900
"ENSG00000184232",3176
"ENSG00000184260",437
"ENSG00000184270",448
"ENSG00000184271",6021
"ENSG00000184277",8472
"ENSG00000184281",2657
"ENSG00000184293",1721
"ENSG00000184305",10428
"ENSG00000184307",7138
"ENSG00000184319",4250
"ENSG00000184348",460
"ENSG00000184357",790
"ENSG00000184371",5418
"ENSG00000184381",6758
"ENSG00000184384",7106
"ENSG00000184402",5105
"ENSG00000184428",6441
"ENSG00000184432",8177
"ENSG00000184436",2879
"ENSG00000184445",11325
"ENSG00000184465",10259
"ENSG00000184470",7323
"ENSG00000184481",3447
"ENSG00000184489",1943
"ENSG00000184500",4425
"ENSG00000184508",1652
"ENSG00000184517",3761
"ENSG00000184557",2729
"ENSG00000184574",3258
"ENSG00000184575",7364
"ENSG00000184584",3850
"ENSG00000184588",8641
"ENSG00000184602",3312
"ENSG00000184613",6424
"ENSG00000184619",2794
"ENSG00000184634",7424
"ENSG00000184635",4888
"ENSG00000184640",12844
"ENSG00000184675",8443
"ENSG00000184677",8992
"ENSG00000184678",2223
"ENSG00000184702",5914
"ENSG00000184708",6090
"ENSG00000184719",3933
"ENSG00000184730",3792
"ENSG00000184743",7600
"ENSG00000184752",1815
"ENSG00000184787",6928
"ENSG00000184792",6820
"ENSG00000184825",457
"ENSG00000184840",2440
"ENSG00000184857",1978
"ENSG00000184860",3150
"ENSG00000184863",13132
"ENSG00000184867",3589
"ENSG00000184886",2820
"ENSG00000184887",2392
"ENSG00000184897",1506
"ENSG00000184898",4717
"ENSG00000184900",2732
"ENSG00000184903",3404
"ENSG00000184922",7563
"ENSG00000184924",1917
"ENSG00000184939",7015
"ENSG00000184967",2024
"ENSG00000184983",1416
"ENSG00000184988",3578
"ENSG00000184990",4776
"ENSG00000184992",6648
"ENSG00000185000",2425
"ENSG00000185009",4401
"ENSG00000185010",9603
"ENSG00000185015",5528
"ENSG00000185019",4738
"ENSG00000185022",2977
"ENSG00000185024",27011
"ENSG00000185031",1480
"ENSG00000185033",7011
"ENSG00000185043",1247
"ENSG00000185049",5935
"ENSG00000185052",3929
"ENSG00000185085",3285
"ENSG00000185088",4037
"ENSG00000185101",6207
"ENSG00000185104",5263
"ENSG00000185112",3141
"ENSG00000185115",1681
"ENSG00000185122",4957
"ENSG00000185127",4169
"ENSG00000185129",3302
"ENSG00000185130",453
"ENSG00000185158",6281
"ENSG00000185163",6365
"ENSG00000185164",5264
"ENSG00000185187",3496
"ENSG00000185189",4936
"ENSG00000185201",1307
"ENSG00000185215",5029
"ENSG00000185219",10930
"ENSG00000185220",3772
"ENSG00000185236",2470
"ENSG00000185238",5467
"ENSG00000185246",4932
"ENSG00000185252",6245
"ENSG00000185261",10410
"ENSG00000185262",1792
"ENSG00000185275",243
"ENSG00000185278",19464
"ENSG00000185298",2762
"ENSG00000185305",3791
"ENSG00000185324",6791
"ENSG00000185340",4480
"ENSG00000185344",13588
"ENSG00000185345",4506
"ENSG00000185347",6698
"ENSG00000185359",8254
"ENSG00000185361",6667
"ENSG00000185379",3720
"ENSG00000185404",5650
"ENSG00000185418",4584
"ENSG00000185420",5871
"ENSG00000185432",4083
"ENSG00000185436",4923
"ENSG00000185442",4657
"ENSG00000185475",1496
"ENSG00000185477",15205
"ENSG00000185480",4860
"ENSG00000185482",2096
"ENSG00000185485",3353
"ENSG00000185504",5380
"ENSG00000185507",2628
"ENSG00000185513",10674
"ENSG00000185515",3182
"ENSG00000185591",8083
"ENSG00000185596",2668
"ENSG00000185608",1965
"ENSG00000185619",7425
"ENSG00000185621",8692
"ENSG00000185624",5303
"ENSG00000185627",4766
"ENSG00000185630",21771
"ENSG00000185641",380
"ENSG00000185650",6676
"ENSG00000185651",3838
"ENSG00000185658",19794
"ENSG00000185669",1732
"ENSG00000185670",3348
"ENSG00000185684",9105
"ENSG00000185697",7239
"ENSG00000185716",6122
"ENSG00000185721",2113
"ENSG00000185722",14122
"ENSG00000185728",6164
"ENSG00000185730",4012
"ENSG00000185745",3079
"ENSG00000185753",3944
"ENSG00000185760",7600
"ENSG00000185787",6584
"ENSG00000185798",1789
"ENSG00000185800",5658
"ENSG00000185803",2926
"ENSG00000185808",7923
"ENSG00000185811",9784
"ENSG00000185813",6897
"ENSG00000185825",2629
"ENSG00000185834",531
"ENSG00000185838",6988
"ENSG00000185839",690
"ENSG00000185862",2072
"ENSG00000185869",7742
"ENSG00000185875",3788
"ENSG00000185880",9237
"ENSG00000185885",1080
"ENSG00000185896",5739
"ENSG00000185900",1868
"ENSG00000185905",2585
"ENSG00000185909",2156
"ENSG00000185917",7312
"ENSG00000185920",16591
"ENSG00000185946",6867
"ENSG00000185947",6323
"ENSG00000185950",6999
"ENSG00000185963",6427
"ENSG00000185973",3922
"ENSG00000185986",1954
"ENSG00000185989",4352
"ENSG00000186001",12639
"ENSG00000186017",6481
"ENSG00000186020",8173
"ENSG00000186026",4351
"ENSG00000186056",4024
"ENSG00000186063",4517
"ENSG00000186073",9009
"ENSG00000186074",2159
"ENSG00000186088",9001
"ENSG00000186104",3949
"ENSG00000186106",5820
"ENSG00000186111",6694
"ENSG00000186130",4106
"ENSG00000186132",1548
"ENSG00000186141",2793
"ENSG00000186153",4886
"ENSG00000186162",3000
"ENSG00000186166",5105
"ENSG00000186174",10495
"ENSG00000186184",4464
"ENSG00000186187",8824
"ENSG00000186204",5351
"ENSG00000186205",3994
"ENSG00000186222",1546
"ENSG00000186230",3017
"ENSG00000186260",16578
"ENSG00000186265",3697
"ENSG00000186272",3762
"ENSG00000186275",13053
"ENSG00000186283",3917
"ENSG00000186298",6902
"ENSG00000186300",8557
"ENSG00000186312",2409
"ENSG00000186350",11725
"ENSG00000186352",2580
"ENSG00000186354",5050
"ENSG00000186376",6819
"ENSG00000186395",2124
"ENSG00000186407",3772
"ENSG00000186409",13539
"ENSG00000186416",4004
"ENSG00000186431",2366
"ENSG00000186432",9413
"ENSG00000186446",3910
"ENSG00000186448",6767
"ENSG00000186462",2550
"ENSG00000186468",4204
"ENSG00000186469",6374
"ENSG00000186470",6748
"ENSG00000186480",3650
"ENSG00000186481",6023
"ENSG00000186496",6052
"ENSG00000186501",4461
"ENSG00000186517",5064
"ENSG00000186529",5517
"ENSG00000186532",6777
"ENSG00000186566",9442
"ENSG00000186575",7170
"ENSG00000186577",2229
"ENSG00000186591",6392
"ENSG00000186594",2968
"ENSG00000186625",2255
"ENSG00000186635",9047
"ENSG00000186654",4908
"ENSG00000186660",5220
"ENSG00000186666",1970
"ENSG00000186687",6351
"ENSG00000186716",12389
"ENSG00000186767",4117
"ENSG00000186812",6096
"ENSG00000186814",7987
"ENSG00000186815",8728
"ENSG00000186818",6475
"ENSG00000186827",1721
"ENSG00000186834",4785
"ENSG00000186854",8771
"ENSG00000186866",5771
"ENSG00000186891",1370
"ENSG00000186908",8802
"ENSG00000186918",5819
"ENSG00000186951",12069
"ENSG00000187024",3595
"ENSG00000187037",2312
"ENSG00000187049",2364
"ENSG00000187051",3763
"ENSG00000187091",4314
"ENSG00000187097",10379
"ENSG00000187098",7222
"ENSG00000187109",9052
"ENSG00000187116",1762
"ENSG00000187118",10536
"ENSG00000187145",1493
"ENSG00000187147",9779
"ENSG00000187164",5016
"ENSG00000187187",5573
"ENSG00000187189",4111
"ENSG00000187210",6477
"ENSG00000187231",11349
"ENSG00000187239",6686
"ENSG00000187240",14284
"ENSG00000187257",7206
"ENSG00000187266",2724
"ENSG00000187325",2791
"ENSG00000187446",3905
"ENSG00000187514",3378
"ENSG00000187522",4818
"ENSG00000187531",6152
"ENSG00000187535",8168
"ENSG00000187554",4651
"ENSG00000187555",7969
"ENSG00000187601",1461
"ENSG00000187605",11439
"ENSG00000187607",7131
"ENSG00000187608",711
"ENSG00000187609",7626
"ENSG00000187621",10563
"ENSG00000187626",2430
"ENSG00000187630",2902
"ENSG00000187650",2254
"ENSG00000187653",565
"ENSG00000187667",6424
"ENSG00000187676",4566
"ENSG00000187688",3414
"ENSG00000187699",5997
"ENSG00000187713",1557
"ENSG00000187735",4391
"ENSG00000187741",9736
"ENSG00000187742",9793
"ENSG00000187764",14160
"ENSG00000187778",3263
"ENSG00000187790",8468
"ENSG00000187792",4020
"ENSG00000187796",6699
"ENSG00000187801",2386
"ENSG00000187808",1589
"ENSG00000187815",3248
"ENSG00000187837",732
"ENSG00000187840",1073
"ENSG00000187866",3646
"ENSG00000187912",2265
"ENSG00000187951",9184
"ENSG00000187953",3879
"ENSG00000187954",9787
"ENSG00000187961",3395
"ENSG00000187990",445
"ENSG00000187994",4205
"ENSG00000188001",9535
"ENSG00000188002",3364
"ENSG00000188021",3418
"ENSG00000188026",3935
"ENSG00000188033",4921
"ENSG00000188042",4013
"ENSG00000188070",5745
"ENSG00000188158",9213
"ENSG00000188167",3966
"ENSG00000188171",6713
"ENSG00000188177",11803
"ENSG00000188186",1933
"ENSG00000188191",4491
"ENSG00000188206",5408
"ENSG00000188211",6438
"ENSG00000188215",6248
"ENSG00000188227",12007
"ENSG00000188229",2111
"ENSG00000188242",2766
"ENSG00000188243",2902
"ENSG00000188283",3605
"ENSG00000188295",1980
"ENSG00000188305",2767
"ENSG00000188312",9788
"ENSG00000188313",4340
"ENSG00000188315",4813
"ENSG00000188321",4730
"ENSG00000188322",4992
"ENSG00000188342",2812
"ENSG00000188352",10035
"ENSG00000188375",1053
"ENSG00000188404",2725
"ENSG00000188419",8644
"ENSG00000188428",3315
"ENSG00000188459",1878
"ENSG00000188460",1126
"ENSG00000188483",2706
"ENSG00000188486",1614
"ENSG00000188511",6755
"ENSG00000188522",7883
"ENSG00000188536",856
"ENSG00000188542",3709
"ENSG00000188554",8424
"ENSG00000188559",11366
"ENSG00000188566",2497
"ENSG00000188596",12719
"ENSG00000188603",4736
"ENSG00000188612",1645
"ENSG00000188636",5495
"ENSG00000188641",6556
"ENSG00000188647",12200
"ENSG00000188677",7330
"ENSG00000188690",4070
"ENSG00000188707",2871
"ENSG00000188725",2889
"ENSG00000188732",7458
"ENSG00000188735",8449
"ENSG00000188747",1678
"ENSG00000188785",4587
"ENSG00000188786",8024
"ENSG00000188811",6409
"ENSG00000188820",1186
"ENSG00000188822",5468
"ENSG00000188825",6895
"ENSG00000188827",8591
"ENSG00000188846",2409
"ENSG00000188848",8765
"ENSG00000188868",2847
"ENSG00000188873",654
"ENSG00000188878",6731
"ENSG00000188895",7270
"ENSG00000188897",12004
"ENSG00000188906",13465
"ENSG00000188917",4152
"ENSG00000188921",9768
"ENSG00000188938",3717
"ENSG00000188971",8536
"ENSG00000188976",5539
"ENSG00000188986",2698
"ENSG00000188987",367
"ENSG00000188994",13128
"ENSG00000188997",4164
"ENSG00000189007",7175
"ENSG00000189042",4724
"ENSG00000189043",3556
"ENSG00000189046",2287
"ENSG00000189050",3399
"ENSG00000189060",2329
"ENSG00000189067",4784
"ENSG00000189068",1238
"ENSG00000189077",2004
"ENSG00000189079",12127
"ENSG00000189091",9666
"ENSG00000189114",2666
"ENSG00000189144",4689
"ENSG00000189159",3433
"ENSG00000189164",6436
"ENSG00000189180",7439
"ENSG00000189190",4669
"ENSG00000189195",1955
"ENSG00000189223",15695
"ENSG00000189227",1958
"ENSG00000189233",3978
"ENSG00000189241",3326
"ENSG00000189283",5439
"ENSG00000189298",4835
"ENSG00000189306",4082
"ENSG00000189308",6768
"ENSG00000189319",6424
"ENSG00000189337",12644
"ENSG00000189339",7790
"ENSG00000189343",924
"ENSG00000189350",19816
"ENSG00000189362",6521
"ENSG00000189369",2844
"ENSG00000189376",2468
"ENSG00000189403",5828
"ENSG00000189430",1893
"ENSG00000196072",2215
"ENSG00000196074",6466
"ENSG00000196081",3322
"ENSG00000196083",9596
"ENSG00000196092",9254
"ENSG00000196110",3623
"ENSG00000196116",4542
"ENSG00000196118",3081
"ENSG00000196138",1774
"ENSG00000196139",4532
"ENSG00000196141",10437
"ENSG00000196150",8711
"ENSG00000196151",2135
"ENSG00000196152",2187
"ENSG00000196154",1025
"ENSG00000196155",7328
"ENSG00000196159",16439
"ENSG00000196172",6497
"ENSG00000196176",372
"ENSG00000196177",6256
"ENSG00000196182",5590
"ENSG00000196183",891
"ENSG00000196187",10339
"ENSG00000196189",6676
"ENSG00000196199",4786
"ENSG00000196204",5510
"ENSG00000196205",1738
"ENSG00000196209",5199
"ENSG00000196214",4015
"ENSG00000196220",18864
"ENSG00000196226",431
"ENSG00000196227",5323
"ENSG00000196233",11116
"ENSG00000196235",8191
"ENSG00000196236",10030
"ENSG00000196247",6556
"ENSG00000196262",4429
"ENSG00000196267",4229
"ENSG00000196268",11214
"ENSG00000196284",3194
"ENSG00000196290",1987
"ENSG00000196295",21375
"ENSG00000196305",7401
"ENSG00000196312",1313
"ENSG00000196313",9818
"ENSG00000196323",10801
"ENSG00000196329",6031
"ENSG00000196331",467
"ENSG00000196345",4048
"ENSG00000196352",4477
"ENSG00000196357",3727
"ENSG00000196358",5415
"ENSG00000196363",3660
"ENSG00000196365",5085
"ENSG00000196367",13218
"ENSG00000196369",1427
"ENSG00000196371",6047
"ENSG00000196372",3003
"ENSG00000196374",446
"ENSG00000196378",2222
"ENSG00000196387",5374
"ENSG00000196396",3529
"ENSG00000196405",10585
"ENSG00000196411",6413
"ENSG00000196417",7012
"ENSG00000196418",4517
"ENSG00000196419",3280
"ENSG00000196422",5276
"ENSG00000196428",11676
"ENSG00000196437",5016
"ENSG00000196440",13347
"ENSG00000196449",1826
"ENSG00000196455",5376
"ENSG00000196456",6876
"ENSG00000196458",7699
"ENSG00000196459",6107
"ENSG00000196466",5055
"ENSG00000196470",6725
"ENSG00000196498",13975
"ENSG00000196502",8523
"ENSG00000196504",9536
"ENSG00000196505",10496
"ENSG00000196507",2305
"ENSG00000196510",6009
"ENSG00000196511",8436
"ENSG00000196517",5159
"ENSG00000196526",9315
"ENSG00000196531",10008
"ENSG00000196532",459
"ENSG00000196533",2910
"ENSG00000196535",10771
"ENSG00000196544",1913
"ENSG00000196547",10002
"ENSG00000196549",9566
"ENSG00000196559",2738
"ENSG00000196562",6657
"ENSG00000196569",10032
"ENSG00000196576",7252
"ENSG00000196586",8785
"ENSG00000196588",5538
"ENSG00000196591",15461
"ENSG00000196597",4619
"ENSG00000196605",3912
"ENSG00000196628",22377
"ENSG00000196636",2303
"ENSG00000196642",10924
"ENSG00000196646",4793
"ENSG00000196652",6056
"ENSG00000196653",3273
"ENSG00000196655",5140
"ENSG00000196659",4017
"ENSG00000196663",9384
"ENSG00000196664",5209
"ENSG00000196668",2065
"ENSG00000196670",4198
"ENSG00000196678",6761
"ENSG00000196683",1730
"ENSG00000196684",3399
"ENSG00000196693",5958
"ENSG00000196700",6018
"ENSG00000196704",4206
"ENSG00000196705",4733
"ENSG00000196712",26685
"ENSG00000196715",5899
"ENSG00000196724",4501
"ENSG00000196730",8982
"ENSG00000196743",4479
"ENSG00000196747",531
"ENSG00000196756",4186
"ENSG00000196757",3319
"ENSG00000196776",7895
"ENSG00000196781",4906
"ENSG00000196782",7030
"ENSG00000196787",2239
"ENSG00000196792",4965
"ENSG00000196793",2509
"ENSG00000196810",7820
"ENSG00000196812",1328
"ENSG00000196814",8070
"ENSG00000196821",4551
"ENSG00000196839",2852
"ENSG00000196843",3565
"ENSG00000196850",7617
"ENSG00000196865",11223
"ENSG00000196867",6964
"ENSG00000196872",4705
"ENSG00000196890",452
"ENSG00000196911",5556
"ENSG00000196912",7599
"ENSG00000196914",23687
"ENSG00000196922",9148
"ENSG00000196923",4407
"ENSG00000196924",10585
"ENSG00000196937",3422
"ENSG00000196943",6033
"ENSG00000196950",6917
"ENSG00000196954",7256
"ENSG00000196961",8746
"ENSG00000196967",8687
"ENSG00000196968",4885
"ENSG00000196975",9946
"ENSG00000196976",1253
"ENSG00000196981",4168
"ENSG00000196998",4981
"ENSG00000197006",7035
"ENSG00000197008",2845
"ENSG00000197013",5019
"ENSG00000197016",9649
"ENSG00000197019",2114
"ENSG00000197020",6609
"ENSG00000197021",2509
"ENSG00000197024",6394
"ENSG00000197037",7094
"ENSG00000197043",5427
"ENSG00000197044",4748
"ENSG00000197045",7966
"ENSG00000197050",4023
"ENSG00000197054",3044
"ENSG00000197056",4828
"ENSG00000197057",5618
"ENSG00000197061",415
"ENSG00000197062",2810
"ENSG00000197063",5220
"ENSG00000197070",3821
"ENSG00000197081",9958
"ENSG00000197102",15826
"ENSG00000197111",8400
"ENSG00000197114",3335
"ENSG00000197119",7451
"ENSG00000197121",12761
"ENSG00000197122",6531
"ENSG00000197124",4968
"ENSG00000197128",6096
"ENSG00000197134",5029
"ENSG00000197136",7972
"ENSG00000197142",4318
"ENSG00000197146",2298
"ENSG00000197147",8074
"ENSG00000197150",9339
"ENSG00000197153",842
"ENSG00000197157",6500
"ENSG00000197162",4340
"ENSG00000197170",5364
"ENSG00000197182",5728
"ENSG00000197183",9448
"ENSG00000197208",2688
"ENSG00000197217",7064
"ENSG00000197223",3581
"ENSG00000197226",11473
"ENSG00000197249",4902
"ENSG00000197256",7657
"ENSG00000197258",1828
"ENSG00000197265",2595
"ENSG00000197296",4597
"ENSG00000197299",6015
"ENSG00000197302",9816
"ENSG00000197312",12136
"ENSG00000197321",10341
"ENSG00000197323",9574
"ENSG00000197324",7112
"ENSG00000197329",4125
"ENSG00000197343",8401
"ENSG00000197345",2825
"ENSG00000197355",5283
"ENSG00000197362",3594
"ENSG00000197363",5308
"ENSG00000197372",6785
"ENSG00000197375",12788
"ENSG00000197381",10015
"ENSG00000197385",3263
"ENSG00000197386",18118
"ENSG00000197405",2951
"ENSG00000197409",865
"ENSG00000197429",3705
"ENSG00000197442",5304
"ENSG00000197448",4228
"ENSG00000197451",2144
"ENSG00000197457",2449
"ENSG00000197459",425
"ENSG00000197461",4151
"ENSG00000197471",7372
"ENSG00000197497",5808
"ENSG00000197498",3922
"ENSG00000197530",8767
"ENSG00000197535",13007
"ENSG00000197536",4475
"ENSG00000197540",940
"ENSG00000197548",8833
"ENSG00000197555",12412
"ENSG00000197557",5975
"ENSG00000197562",4180
"ENSG00000197563",6796
"ENSG00000197566",5090
"ENSG00000197579",4098
"ENSG00000197582",606
"ENSG00000197586",5327
"ENSG00000197601",7501
"ENSG00000197603",15146
"ENSG00000197608",4277
"ENSG00000197619",4871
"ENSG00000197620",4104
"ENSG00000197622",4184
"ENSG00000197629",4442
"ENSG00000197635",5009
"ENSG00000197694",11007
"ENSG00000197697",497
"ENSG00000197701",3930
"ENSG00000197705",4992
"ENSG00000197712",4871
"ENSG00000197713",2841
"ENSG00000197714",3505
"ENSG00000197721",2768
"ENSG00000197724",5569
"ENSG00000197728",1600
"ENSG00000197744",327
"ENSG00000197746",3224
"ENSG00000197747",1543
"ENSG00000197756",5958
"ENSG00000197766",1235
"ENSG00000197771",5944
"ENSG00000197774",6972
"ENSG00000197776",3006
"ENSG00000197779",8443
"ENSG00000197780",1400
"ENSG00000197782",7957
"ENSG00000197785",3069
"ENSG00000197798",3846
"ENSG00000197808",4195
"ENSG00000197818",6957
"ENSG00000197837",2578
"ENSG00000197841",3760
"ENSG00000197846",1195
"ENSG00000197852",9199
"ENSG00000197857",6460
"ENSG00000197858",3269
"ENSG00000197860",5748
"ENSG00000197863",3851
"ENSG00000197872",5448
"ENSG00000197879",8152
"ENSG00000197885",3469
"ENSG00000197892",11112
"ENSG00000197894",4863
"ENSG00000197903",820
"ENSG00000197912",10035
"ENSG00000197914",354
"ENSG00000197928",14542
"ENSG00000197930",7548
"ENSG00000197933",2459
"ENSG00000197937",5364
"ENSG00000197943",9017
"ENSG00000197948",6073
"ENSG00000197951",6170
"ENSG00000197956",971
"ENSG00000197958",2452
"ENSG00000197959",11346
"ENSG00000197961",4283
"ENSG00000197965",7069
"ENSG00000197969",20196
"ENSG00000197971",18615
"ENSG00000197982",2231
"ENSG00000197989",3377
"ENSG00000197993",3923
"ENSG00000198000",8056
"ENSG00000198001",5629
"ENSG00000198015",3949
"ENSG00000198018",3657
"ENSG00000198019",1392
"ENSG00000198026",7543
"ENSG00000198034",2982
"ENSG00000198039",8652
"ENSG00000198042",4846
"ENSG00000198053",4032
"ENSG00000198055",4355
"ENSG00000198056",2437
"ENSG00000198060",4632
"ENSG00000198081",4120
"ENSG00000198087",6751
"ENSG00000198089",12038
"ENSG00000198093",4365
"ENSG00000198105",6464
"ENSG00000198106",9173
"ENSG00000198113",4148
"ENSG00000198121",4095
"ENSG00000198130",7438
"ENSG00000198131",6953
"ENSG00000198133",6377
"ENSG00000198142",4653
"ENSG00000198146",5439
"ENSG00000198160",8273
"ENSG00000198162",9667
"ENSG00000198168",5263
"ENSG00000198169",4931
"ENSG00000198171",1832
"ENSG00000198176",3767
"ENSG00000198178",1551
"ENSG00000198182",4740
"ENSG00000198189",2435
"ENSG00000198198",17331
"ENSG00000198205",5204
"ENSG00000198216",17878
"ENSG00000198218",5499
"ENSG00000198225",1579
"ENSG00000198231",8521
"ENSG00000198242",2824
"ENSG00000198246",2684
"ENSG00000198252",4978
"ENSG00000198258",1931
"ENSG00000198265",15677
"ENSG00000198270",5393
"ENSG00000198276",3105
"ENSG00000198286",4707
"ENSG00000198298",2397
"ENSG00000198301",3491
"ENSG00000198315",7565
"ENSG00000198324",3361
"ENSG00000198327",416
"ENSG00000198331",2999
"ENSG00000198336",1636
"ENSG00000198339",1343
"ENSG00000198346",6285
"ENSG00000198355",2461
"ENSG00000198356",1652
"ENSG00000198363",13632
"ENSG00000198366",469
"ENSG00000198373",9053
"ENSG00000198374",573
"ENSG00000198380",8858
"ENSG00000198382",6352
"ENSG00000198399",12014
"ENSG00000198406",983
"ENSG00000198408",7602
"ENSG00000198420",6310
"ENSG00000198429",2931
"ENSG00000198431",6686
"ENSG00000198440",8060
"ENSG00000198453",9322
"ENSG00000198455",5638
"ENSG00000198464",4836
"ENSG00000198466",7350
"ENSG00000198467",4047
"ENSG00000198468",3094
"ENSG00000198478",4649
"ENSG00000198482",5008
"ENSG00000198492",3859
"ENSG00000198496",2096
"ENSG00000198498",3513
"ENSG00000198513",4375
"ENSG00000198517",4458
"ENSG00000198518",1409
"ENSG00000198520",3166
"ENSG00000198521",8648
"ENSG00000198522",3746
"ENSG00000198538",5974
"ENSG00000198546",3265
"ENSG00000198551",3827
"ENSG00000198554",6385
"ENSG00000198556",6683
"ENSG00000198558",364
"ENSG00000198561",8833
"ENSG00000198574",2797
"ENSG00000198585",7038
"ENSG00000198586",9405
"ENSG00000198589",15018
"ENSG00000198590",3072
"ENSG00000198604",7725
"ENSG00000198612",4743
"ENSG00000198618",498
"ENSG00000198624",4993
"ENSG00000198625",11385
"ENSG00000198642",5710
"ENSG00000198646",10529
"ENSG00000198648",4247
"ENSG00000198663",7340
"ENSG00000198668",7705
"ENSG00000198673",9255
"ENSG00000198677",8092
"ENSG00000198682",4116
"ENSG00000198689",4710
"ENSG00000198690",6194
"ENSG00000198700",11915
"ENSG00000198707",10386
"ENSG00000198712",684
"ENSG00000198715",3224
"ENSG00000198718",10274
"ENSG00000198721",4579
"ENSG00000198727",1141
"ENSG00000198728",2790
"ENSG00000198730",5562
"ENSG00000198734",7158
"ENSG00000198736",2157
"ENSG00000198740",8810
"ENSG00000198742",6276
"ENSG00000198744",547
"ENSG00000198746",2225
"ENSG00000198752",7958
"ENSG00000198755",1501
"ENSG00000198763",1042
"ENSG00000198771",5718
"ENSG00000198780",6860
"ENSG00000198783",1657
"ENSG00000198786",1812
"ENSG00000198791",6679
"ENSG00000198792",5014
"ENSG00000198793",12119
"ENSG00000198799",12456
"ENSG00000198804",1542
"ENSG00000198805",4139
"ENSG00000198814",4511
"ENSG00000198815",6893
"ENSG00000198818",3104
"ENSG00000198821",4034
"ENSG00000198824",4167
"ENSG00000198825",6184
"ENSG00000198826",6428
"ENSG00000198830",2509
"ENSG00000198832",3187
"ENSG00000198833",4290
"ENSG00000198836",8448
"ENSG00000198837",7584
"ENSG00000198839",4014
"ENSG00000198840",346
"ENSG00000198841",1714
"ENSG00000198843",4105
"ENSG00000198846",4131
"ENSG00000198848",2937
"ENSG00000198851",2844
"ENSG00000198853",5682
"ENSG00000198855",4267
"ENSG00000198856",1617
"ENSG00000198858",2961
"ENSG00000198860",2443
"ENSG00000198862",8869
"ENSG00000198863",4757
"ENSG00000198865",3431
"ENSG00000198873",2949
"ENSG00000198874",3885
"ENSG00000198876",4390
"ENSG00000198879",9955
"ENSG00000198885",2495
"ENSG00000198886",1378
"ENSG00000198887",6539
"ENSG00000198888",956
"ENSG00000198890",2650
"ENSG00000198892",1746
"ENSG00000198894",5300
"ENSG00000198898",8386
"ENSG00000198899",681
"ENSG00000198900",3738
"ENSG00000198901",5523
"ENSG00000198908",5518
"ENSG00000198909",6107
"ENSG00000198911",7531
"ENSG00000198912",4388
"ENSG00000198915",6073
"ENSG00000198917",4593
"ENSG00000198918",2141
"ENSG00000198919",6972
"ENSG00000198920",6299
"ENSG00000198924",4596
"ENSG00000198925",8136
"ENSG00000198931",1803
"ENSG00000198932",6340
"ENSG00000198933",4280
"ENSG00000198937",619
"ENSG00000198938",784
"ENSG00000198945",5111
"ENSG00000198948",8741
"ENSG00000198951",3706
"ENSG00000198952",5308
"ENSG00000198954",2699
"ENSG00000198959",6962
"ENSG00000198960",2487
"ENSG00000198961",5222
"ENSG00000198964",6338
"ENSG00000199135",75
"ENSG00000199568",116
"ENSG00000200087",204
"ENSG00000200156",116
"ENSG00000200312",313
"ENSG00000200488",332
"ENSG00000200795",141
"ENSG00000200959",198
"ENSG00000201098",113
"ENSG00000201217",113
"ENSG00000201772",137
"ENSG00000201793",299
"ENSG00000201998",182
"ENSG00000202198",331
"ENSG00000202538",141
"ENSG00000203276",1737
"ENSG00000203306",2033
"ENSG00000203326",7193
"ENSG00000203485",6497
"ENSG00000203497",778
"ENSG00000203632",1845
"ENSG00000203644",906
"ENSG00000203666",8605
"ENSG00000203667",4864
"ENSG00000203668",7078
"ENSG00000203705",3788
"ENSG00000203709",15647
"ENSG00000203710",12164
"ENSG00000203737",1472
"ENSG00000203739",2282
"ENSG00000203747",2977
"ENSG00000203791",4225
"ENSG00000203804",490
"ENSG00000203813",473
"ENSG00000203814",2201
"ENSG00000203832",16242
"ENSG00000203865",2458
"ENSG00000203872",2884
"ENSG00000203875",2206
"ENSG00000203879",5249
"ENSG00000203880",6611
"ENSG00000203896",2653
"ENSG00000203965",5704
"ENSG00000203993",1841
"ENSG00000203999",3014
"ENSG00000204010",1972
"ENSG00000204020",1197
"ENSG00000204054",12641
"ENSG00000204070",6117
"ENSG00000204084",9099
"ENSG00000204103",3393
"ENSG00000204104",4638
"ENSG00000204116",6939
"ENSG00000204120",13434
"ENSG00000204130",8137
"ENSG00000204131",5001
"ENSG00000204136",4501
"ENSG00000204138",7165
"ENSG00000204149",2772
"ENSG00000204160",5436
"ENSG00000204161",4120
"ENSG00000204178",3940
"ENSG00000204186",10282
"ENSG00000204217",11893
"ENSG00000204219",3515
"ENSG00000204237",1600
"ENSG00000204253",881
"ENSG00000204271",2222
"ENSG00000204272",1529
"ENSG00000204282",4402
"ENSG00000204323",5117
"ENSG00000204370",2126
"ENSG00000204397",1688
"ENSG00000204406",12933
"ENSG00000204514",12600
"ENSG00000204519",4709
"ENSG00000204524",2543
"ENSG00000204577",4096
"ENSG00000204604",5281
"ENSG00000204611",4891
"ENSG00000204628",6333
"ENSG00000204634",6030
"ENSG00000204673",5732
"ENSG00000204685",2285
"ENSG00000204789",4007
"ENSG00000204790",13595
"ENSG00000204822",1344
"ENSG00000204842",13934
"ENSG00000204843",10439
"ENSG00000204852",9605
"ENSG00000204856",2753
"ENSG00000204859",4503
"ENSG00000204899",2299
"ENSG00000204920",3436
"ENSG00000204922",2398
"ENSG00000204923",5666
"ENSG00000204934",3291
"ENSG00000204946",7170
"ENSG00000204947",3687
"ENSG00000204954",3096
"ENSG00000204977",8080
"ENSG00000205038",13728
"ENSG00000205045",4797
"ENSG00000205056",10626
"ENSG00000205060",7109
"ENSG00000205089",2923
"ENSG00000205133",6724
"ENSG00000205138",1131
"ENSG00000205155",1336
"ENSG00000205181",6294
"ENSG00000205189",10216
"ENSG00000205208",3730
"ENSG00000205220",1853
"ENSG00000205246",2636
"ENSG00000205250",3582
"ENSG00000205268",7425
"ENSG00000205269",8426
"ENSG00000205302",4254
"ENSG00000205309",1961
"ENSG00000205323",3396
"ENSG00000205336",8319
"ENSG00000205339",7245
"ENSG00000205352",2897
"ENSG00000205356",9096
"ENSG00000205413",6852
"ENSG00000205423",4178
"ENSG00000205485",3110
"ENSG00000205531",5194
"ENSG00000205534",4387
"ENSG00000205542",1705
"ENSG00000205581",5102
"ENSG00000205629",2606
"ENSG00000205639",4438
"ENSG00000205643",2005
"ENSG00000205659",3690
"ENSG00000205664",3054
"ENSG00000205670",4200
"ENSG00000205707",2466
"ENSG00000205726",21702
"ENSG00000205730",7693
"ENSG00000205744",4657
"ENSG00000205758",6177
"ENSG00000205765",5572
"ENSG00000205784",1638
"ENSG00000205808",2959
"ENSG00000205885",6094
"ENSG00000205903",3571
"ENSG00000205930",3503
"ENSG00000205937",8582
"ENSG00000205981",3586
"ENSG00000206053",4768
"ENSG00000206149",8363
"ENSG00000206172",835
"ENSG00000206177",916
"ENSG00000206190",8406
"ENSG00000206199",6584
"ENSG00000206418",2467
"ENSG00000206527",5351
"ENSG00000206530",12160
"ENSG00000206560",11276
"ENSG00000206561",4353
"ENSG00000206562",5712
"ENSG00000206573",6692
"ENSG00000206838",134
"ENSG00000206965",107
"ENSG00000207008",123
"ENSG00000207034",117
"ENSG00000207088",139
"ENSG00000207445",146
"ENSG00000207939",110
"ENSG00000208772",137
"ENSG00000208892",136
"ENSG00000209042",89
"ENSG00000210082",1559
"ENSG00000211450",2162
"ENSG00000211455",6921
"ENSG00000211456",7352
"ENSG00000211459",954
"ENSG00000211460",4407
"ENSG00000211584",4921
"ENSG00000211598",538
"ENSG00000211666",402
"ENSG00000211673",398
"ENSG00000211679",462
"ENSG00000211689",2730
"ENSG00000211694",512
"ENSG00000211695",1735
"ENSG00000211714",397
"ENSG00000211716",390
"ENSG00000211721",410
"ENSG00000211734",652
"ENSG00000211746",552
"ENSG00000211747",413
"ENSG00000211752",387
"ENSG00000211753",364
"ENSG00000211772",758
"ENSG00000211785",340
"ENSG00000211787",341
"ENSG00000211788",360
"ENSG00000211789",445
"ENSG00000211791",410
"ENSG00000211793",394
"ENSG00000211794",399
"ENSG00000211795",561
"ENSG00000211797",484
"ENSG00000211799",467
"ENSG00000211801",343
"ENSG00000211829",720
"ENSG00000211850",63
"ENSG00000211851",62
"ENSG00000211856",57
"ENSG00000211857",66
"ENSG00000211858",57
"ENSG00000211859",57
"ENSG00000211860",60
"ENSG00000211861",66
"ENSG00000211862",59
"ENSG00000211863",60
"ENSG00000211865",63
"ENSG00000211866",63
"ENSG00000211867",63
"ENSG00000211868",55
"ENSG00000211869",57
"ENSG00000211870",60
"ENSG00000211871",66
"ENSG00000211872",63
"ENSG00000211873",60
"ENSG00000211875",52
"ENSG00000211876",63
"ENSG00000211877",60
"ENSG00000211878",60
"ENSG00000211879",64
"ENSG00000211882",59
"ENSG00000211883",62
"ENSG00000211884",60
"ENSG00000211895",1110
"ENSG00000211898",1678
"ENSG00000211899",1461
"ENSG00000211949",430
"ENSG00000212124",1002
"ENSG00000212125",928
"ENSG00000212127",2350
"ENSG00000212128",1637
"ENSG00000212232",237
"ENSG00000212283",114
"ENSG00000212304",90
"ENSG00000212402",201
"ENSG00000212443",249
"ENSG00000212464",147
"ENSG00000212670",1783
"ENSG00000212694",4769
"ENSG00000212719",8760
"ENSG00000212743",2446
"ENSG00000212802",665
"ENSG00000212907",297
"ENSG00000212916",5450
"ENSG00000212978",3104
"ENSG00000213015",2403
"ENSG00000213020",7148
"ENSG00000213024",6020
"ENSG00000213047",13203
"ENSG00000213064",11221
"ENSG00000213066",15159
"ENSG00000213071",3286
"ENSG00000213073",3131
"ENSG00000213079",5295
"ENSG00000213080",1097
"ENSG00000213085",2625
"ENSG00000213087",398
"ENSG00000213090",2765
"ENSG00000213096",7408
"ENSG00000213131",708
"ENSG00000213139",2151
"ENSG00000213145",2485
"ENSG00000213178",410
"ENSG00000213186",7865
"ENSG00000213189",712
"ENSG00000213190",4072
"ENSG00000213203",4846
"ENSG00000213235",1414
"ENSG00000213236",728
"ENSG00000213240",6436
"ENSG00000213246",2076
"ENSG00000213252",1499
"ENSG00000213281",4449
"ENSG00000213290",1214
"ENSG00000213300",1006
"ENSG00000213315",459
"ENSG00000213326",586
"ENSG00000213337",5330
"ENSG00000213339",3430
"ENSG00000213341",6928
"ENSG00000213347",5154
"ENSG00000213366",5864
"ENSG00000213380",5784
"ENSG00000213390",6161
"ENSG00000213402",1292
"ENSG00000213420",3828
"ENSG00000213442",614
"ENSG00000213443",844
"ENSG00000213445",4668
"ENSG00000213462",4574
"ENSG00000213463",2096
"ENSG00000213465",2084
"ENSG00000213492",1663
"ENSG00000213500",1454
"ENSG00000213516",5087
"ENSG00000213523",3454
"ENSG00000213539",1002
"ENSG00000213551",3955
"ENSG00000213553",1093
"ENSG00000213563",3001
"ENSG00000213585",3164
"ENSG00000213593",2246
"ENSG00000213600",359
"ENSG00000213613",523
"ENSG00000213614",9731
"ENSG00000213619",3670
"ENSG00000213625",5105
"ENSG00000213626",4535
"ENSG00000213639",5760
"ENSG00000213672",3635
"ENSG00000213684",1005
"ENSG00000213689",2197
"ENSG00000213693",2181
"ENSG00000213694",8754
"ENSG00000213699",3902
"ENSG00000213740",1160
"ENSG00000213741",2656
"ENSG00000213742",5308
"ENSG00000213753",4969
"ENSG00000213762",3771
"ENSG00000213782",5040
"ENSG00000213799",4413
"ENSG00000213809",3030
"ENSG00000213839",708
"ENSG00000213846",745
"ENSG00000213859",3051
"ENSG00000213862",792
"ENSG00000213865",2510
"ENSG00000213866",975
"ENSG00000213876",663
"ENSG00000213881",871
"ENSG00000213889",2571
"ENSG00000213903",4465
"ENSG00000213918",11267
"ENSG00000213923",6699
"ENSG00000213928",3794
"ENSG00000213930",4363
"ENSG00000213939",402
"ENSG00000213949",18566
"ENSG00000213963",6505
"ENSG00000213965",2967
"ENSG00000213967",6289
"ENSG00000213971",5091
"ENSG00000213983",6897
"ENSG00000213985",1185
"ENSG00000213988",5017
"ENSG00000213995",3540
"ENSG00000214013",7685
"ENSG00000214019",1590
"ENSG00000214021",10403
"ENSG00000214022",4649
"ENSG00000214026",2975
"ENSG00000214029",4118
"ENSG00000214046",6020
"ENSG00000214063",5841
"ENSG00000214077",1067
"ENSG00000214078",3608
"ENSG00000214087",2597
"ENSG00000214106",2974
"ENSG00000214110",998
"ENSG00000214113",9443
"ENSG00000214114",5313
"ENSG00000214135",3502
"ENSG00000214160",3464
"ENSG00000214174",3858
"ENSG00000214176",8469
"ENSG00000214181",1454
"ENSG00000214182",1162
"ENSG00000214185",2398
"ENSG00000214193",4474
"ENSG00000214194",1896
"ENSG00000214199",1346
"ENSG00000214203",787
"ENSG00000214212",1565
"ENSG00000214226",2410
"ENSG00000214253",1795
"ENSG00000214279",8017
"ENSG00000214293",3100
"ENSG00000214331",3828
"ENSG00000214367",7067
"ENSG00000214389",784
"ENSG00000214391",1613
"ENSG00000214413",8075
"ENSG00000214425",7346
"ENSG00000214439",716
"ENSG00000214456",4815
"ENSG00000214485",760
"ENSG00000214517",7917
"ENSG00000214530",3710
"ENSG00000214535",391
"ENSG00000214552",627
"ENSG00000214558",3237
"ENSG00000214595",14422
"ENSG00000214612",434
"ENSG00000214654",1410
"ENSG00000214655",7949
"ENSG00000214688",4934
"ENSG00000214706",3712
"ENSG00000214753",5293
"ENSG00000214756",3185
"ENSG00000214765",4538
"ENSG00000214787",1369
"ENSG00000214812",557
"ENSG00000214881",345
"ENSG00000214900",7061
"ENSG00000214941",2559
"ENSG00000214954",3056
"ENSG00000214975",499
"ENSG00000214982",2674
"ENSG00000215012",6803
"ENSG00000215021",2502
"ENSG00000215022",3115
"ENSG00000215030",636
"ENSG00000215039",3411
"ENSG00000215041",6170
"ENSG00000215067",3217
"ENSG00000215068",2773
"ENSG00000215105",6209
"ENSG00000215114",5390
"ENSG00000215158",6618
"ENSG00000215190",2969
"ENSG00000215193",20042
"ENSG00000215244",3086
"ENSG00000215251",2874
"ENSG00000215252",7725
"ENSG00000215256",3593
"ENSG00000215271",5616
"ENSG00000215301",6689
"ENSG00000215305",3364
"ENSG00000215346",2179
"ENSG00000215375",4305
"ENSG00000215388",1114
"ENSG00000215417",3492
"ENSG00000215421",12190
"ENSG00000215424",7605
"ENSG00000215440",7641
"ENSG00000215447",1549
"ENSG00000215458",4874
"ENSG00000215492",1697
"ENSG00000215571",1775
"ENSG00000215712",4644
"ENSG00000215717",4574
"ENSG00000215769",3113
"ENSG00000215788",3918
"ENSG00000215790",2504
"ENSG00000215817",3237
"ENSG00000215835",1969
"ENSG00000215845",1210
"ENSG00000215908",4534
"ENSG00000216316",582
"ENSG00000216490",2481
"ENSG00000216657",1038
"ENSG00000216809",2524
"ENSG00000216866",920
"ENSG00000216895",1683
"ENSG00000216937",5690
"ENSG00000217027",519
"ENSG00000217060",1590
"ENSG00000217128",6674
"ENSG00000217130",498
"ENSG00000217241",552
"ENSG00000217416",387
"ENSG00000217512",447
"ENSG00000217527",404
"ENSG00000217555",1161
"ENSG00000217624",735
"ENSG00000218175",345
"ENSG00000218208",447
"ENSG00000218227",591
"ENSG00000218283",967
"ENSG00000218350",695
"ENSG00000218426",447
"ENSG00000218510",1424
"ENSG00000218739",4698
"ENSG00000218809",365
"ENSG00000219085",874
"ENSG00000219201",1115
"ENSG00000219481",12212
"ENSG00000219507",514
"ENSG00000219545",3549
"ENSG00000219626",4915
"ENSG00000219665",5890
"ENSG00000219682",1438
"ENSG00000219747",405
"ENSG00000219928",174
"ENSG00000220205",3268
"ENSG00000220472",730
"ENSG00000220517",1237
"ENSG00000220583",363
"ENSG00000220804",1955
"ENSG00000220842",542
"ENSG00000220848",460
"ENSG00000221491",137
"ENSG00000221817",5438
"ENSG00000221823",3363
"ENSG00000221829",3614
"ENSG00000221838",4722
"ENSG00000221866",16372
"ENSG00000221869",2178
"ENSG00000221883",1598
"ENSG00000221909",2717
"ENSG00000221914",7864
"ENSG00000221923",3719
"ENSG00000221926",5640
"ENSG00000221930",1624
"ENSG00000221944",2448
"ENSG00000221963",10121
"ENSG00000221968",6283
"ENSG00000221978",6835
"ENSG00000221983",4306
"ENSG00000221994",3659
"ENSG00000221995",6608
"ENSG00000222011",2729
"ENSG00000222041",3125
"ENSG00000222057",130
"ENSG00000222112",299
"ENSG00000222365",91
"ENSG00000222414",191
"ENSG00000222489",148
"ENSG00000223336",190
"ENSG00000223380",2356
"ENSG00000223473",1058
"ENSG00000223482",6851
"ENSG00000223496",1700
"ENSG00000223509",2846
"ENSG00000223546",4077
"ENSG00000223547",6620
"ENSG00000223559",2884
"ENSG00000223599",1309
"ENSG00000223612",704
"ENSG00000223704",6043
"ENSG00000223705",4822
"ENSG00000223745",4786
"ENSG00000223768",1391
"ENSG00000223803",360
"ENSG00000223804",2561
"ENSG00000223825",507
"ENSG00000223891",2186
"ENSG00000223959",9532
"ENSG00000223960",4001
"ENSG00000224003",1628
"ENSG00000224032",3344
"ENSG00000224051",2556
"ENSG00000224078",32477
"ENSG00000224086",3981
"ENSG00000224113",4656
"ENSG00000224152",1494
"ENSG00000224177",1650
"ENSG00000224307",583
"ENSG00000224358",2150
"ENSG00000224397",2451
"ENSG00000224411",2196
"ENSG00000224415",591
"ENSG00000224442",1115
"ENSG00000224451",569
"ENSG00000224470",8537
"ENSG00000224505",696
"ENSG00000224531",4686
"ENSG00000224546",1850
"ENSG00000224578",1377
"ENSG00000224597",4995
"ENSG00000224628",1519
"ENSG00000224631",566
"ENSG00000224660",5733
"ENSG00000224699",5287
"ENSG00000224745",499
"ENSG00000224781",1196
"ENSG00000224831",1131
"ENSG00000224861",960
"ENSG00000224870",2525
"ENSG00000224877",1376
"ENSG00000224892",997
"ENSG00000224934",2998
"ENSG00000224950",2295
"ENSG00000225014",1167
"ENSG00000225022",444
"ENSG00000225031",1813
"ENSG00000225032",2247
"ENSG00000225067",468
"ENSG00000225091",134
"ENSG00000225092",1676
"ENSG00000225093",1212
"ENSG00000225099",681
"ENSG00000225101",1081
"ENSG00000225113",596
"ENSG00000225135",1477
"ENSG00000225137",1838
"ENSG00000225138",4302
"ENSG00000225159",867
"ENSG00000225190",9233
"ENSG00000225193",396
"ENSG00000225200",627
"ENSG00000225205",2447
"ENSG00000225215",1186
"ENSG00000225217",1927
"ENSG00000225224",465
"ENSG00000225241",7729
"ENSG00000225259",1114
"ENSG00000225342",585
"ENSG00000225355",563
"ENSG00000225422",1156
"ENSG00000225423",1138
"ENSG00000225434",2458
"ENSG00000225470",4427
"ENSG00000225471",2269
"ENSG00000225484",1756
"ENSG00000225528",1287
"ENSG00000225544",392
"ENSG00000225568",826
"ENSG00000225573",370
"ENSG00000225611",897
"ENSG00000225648",1868
"ENSG00000225674",1750
"ENSG00000225697",6373
"ENSG00000225733",5131
"ENSG00000225783",11590
"ENSG00000225793",1519
"ENSG00000225808",316
"ENSG00000225828",2845
"ENSG00000225830",8840
"ENSG00000225855",3516
"ENSG00000225873",732
"ENSG00000225889",2453
"ENSG00000225891",529
"ENSG00000225921",1865
"ENSG00000225948",500
"ENSG00000225973",982
"ENSG00000225975",1138
"ENSG00000226015",1657
"ENSG00000226029",3245
"ENSG00000226049",3192
"ENSG00000226054",1540
"ENSG00000226085",827
"ENSG00000226091",5663
"ENSG00000226121",6821
"ENSG00000226137",4590
"ENSG00000226200",12420
"ENSG00000226210",1817
"ENSG00000226221",438
"ENSG00000226243",279
"ENSG00000226266",2724
"ENSG00000226284",533
"ENSG00000226318",763
"ENSG00000226328",2263
"ENSG00000226360",652
"ENSG00000226380",6692
"ENSG00000226396",455
"ENSG00000226415",750
"ENSG00000226419",3028
"ENSG00000226432",877
"ENSG00000226471",1470
"ENSG00000226479",2131
"ENSG00000226501",526
"ENSG00000226524",4880
"ENSG00000226564",548
"ENSG00000226608",540
"ENSG00000226660",421
"ENSG00000226666",2029
"ENSG00000226688",12528
"ENSG00000226696",1248
"ENSG00000226711",4661
"ENSG00000226721",843
"ENSG00000226723",780
"ENSG00000226742",2056
"ENSG00000226752",6736
"ENSG00000226761",930
"ENSG00000226777",3208
"ENSG00000226891",4326
"ENSG00000226950",1615
"ENSG00000226976",571
"ENSG00000226982",2578
"ENSG00000226986",898
"ENSG00000227008",416
"ENSG00000227018",1020
"ENSG00000227032",831
"ENSG00000227039",2438
"ENSG00000227051",7966
"ENSG00000227081",322
"ENSG00000227097",374
"ENSG00000227184",7997
"ENSG00000227191",1013
"ENSG00000227268",4277
"ENSG00000227344",1551
"ENSG00000227345",3266
"ENSG00000227347",1390
"ENSG00000227354",3747
"ENSG00000227372",6597
"ENSG00000227403",2377
"ENSG00000227508",3611
"ENSG00000227598",385
"ENSG00000227615",399
"ENSG00000227671",2163
"ENSG00000227678",1743
"ENSG00000227825",3311
"ENSG00000227986",828
"ENSG00000228002",3076
"ENSG00000228106",1069
"ENSG00000228107",596
"ENSG00000228140",5178
"ENSG00000228196",1072
"ENSG00000228205",732
"ENSG00000228217",420
"ENSG00000228223",4732
"ENSG00000228232",1005
"ENSG00000228242",1069
"ENSG00000228283",1466
"ENSG00000228300",2678
"ENSG00000228305",657
"ENSG00000228340",5137
"ENSG00000228382",870
"ENSG00000228393",1131
"ENSG00000228409",1712
"ENSG00000228427",726
"ENSG00000228446",714
"ENSG00000228451",3174
"ENSG00000228474",719
"ENSG00000228486",5591
"ENSG00000228502",1389
"ENSG00000228506",1638
"ENSG00000228519",606
"ENSG00000228589",1352
"ENSG00000228612",2737
"ENSG00000228638",583
"ENSG00000228649",2450
"ENSG00000228716",4409
"ENSG00000228753",1794
"ENSG00000228782",2096
"ENSG00000228784",4683
"ENSG00000228794",8525
"ENSG00000228817",1165
"ENSG00000228818",2720
"ENSG00000228878",4051
"ENSG00000228887",899
"ENSG00000228906",451
"ENSG00000228929",455
"ENSG00000228956",7355
"ENSG00000228998",2576
"ENSG00000229036",4471
"ENSG00000229097",440
"ENSG00000229106",1267
"ENSG00000229117",1088
"ENSG00000229119",295
"ENSG00000229124",1992
"ENSG00000229127",2199
"ENSG00000229132",1216
"ENSG00000229152",380
"ENSG00000229153",5316
"ENSG00000229161",1610
"ENSG00000229164",974
"ENSG00000229180",7092
"ENSG00000229186",2976
"ENSG00000229222",1288
"ENSG00000229241",2315
"ENSG00000229320",2047
"ENSG00000229325",690
"ENSG00000229358",2594
"ENSG00000229419",6232
"ENSG00000229473",553
"ENSG00000229474",4771
"ENSG00000229585",472
"ENSG00000229591",673
"ENSG00000229619",6585
"ENSG00000229638",1284
"ENSG00000229644",2514
"ENSG00000229645",2822
"ENSG00000229677",551
"ENSG00000229689",4978
"ENSG00000229692",1254
"ENSG00000229715",3645
"ENSG00000229729",1646
"ENSG00000229754",2503
"ENSG00000229808",1364
"ENSG00000229809",3023
"ENSG00000229816",2400
"ENSG00000229852",6660
"ENSG00000229894",2232
"ENSG00000229899",374
"ENSG00000229932",739
"ENSG00000229944",1329
"ENSG00000229980",2149
"ENSG00000229989",3250
"ENSG00000229994",886
"ENSG00000230002",2107
"ENSG00000230006",8039
"ENSG00000230043",135
"ENSG00000230055",2663
"ENSG00000230063",650
"ENSG00000230068",692
"ENSG00000230069",1355
"ENSG00000230071",1304
"ENSG00000230124",4866
"ENSG00000230155",839
"ENSG00000230177",557
"ENSG00000230183",1464
"ENSG00000230189",1830
"ENSG00000230202",474
"ENSG00000230207",1276
"ENSG00000230257",1072
"ENSG00000230311",435
"ENSG00000230330",273
"ENSG00000230364",1311
"ENSG00000230409",940
"ENSG00000230438",1455
"ENSG00000230454",2625
"ENSG00000230457",1182
"ENSG00000230487",6264
"ENSG00000230539",573
"ENSG00000230551",9564
"ENSG00000230562",691
"ENSG00000230590",6132
"ENSG00000230626",1347
"ENSG00000230629",330
"ENSG00000230633",437
"ENSG00000230673",459
"ENSG00000230701",1219
"ENSG00000230732",1109
"ENSG00000230735",437
"ENSG00000230789",388
"ENSG00000230844",2078
"ENSG00000230897",459
"ENSG00000230989",8157
"ENSG00000231025",3510
"ENSG00000231027",501
"ENSG00000231043",1741
"ENSG00000231047",575
"ENSG00000231113",1490
"ENSG00000231160",3101
"ENSG00000231167",999
"ENSG00000231177",1328
"ENSG00000231234",489
"ENSG00000231259",2277
"ENSG00000231313",724
"ENSG00000231365",5462
"ENSG00000231486",1424
"ENSG00000231607",2728
"ENSG00000231615",1337
"ENSG00000231672",4665
"ENSG00000231711",4947
"ENSG00000231721",4515
"ENSG00000231767",471
"ENSG00000231770",1119
"ENSG00000231822",735
"ENSG00000231841",762
"ENSG00000231856",569
"ENSG00000231865",2472
"ENSG00000231889",4819
"ENSG00000231890",5503
"ENSG00000231989",1991
"ENSG00000231991",1310
"ENSG00000231999",2088
"ENSG00000232004",1409
"ENSG00000232021",4799
"ENSG00000232024",588
"ENSG00000232104",890
"ENSG00000232112",1139
"ENSG00000232119",2837
"ENSG00000232229",4272
"ENSG00000232303",979
"ENSG00000232334",525
"ENSG00000232346",407
"ENSG00000232368",528
"ENSG00000232380",1007
"ENSG00000232388",1025
"ENSG00000232442",801
"ENSG00000232472",678
"ENSG00000232528",1564
"ENSG00000232533",648
"ENSG00000232553",1294
"ENSG00000232559",959
"ENSG00000232573",423
"ENSG00000232587",1385
"ENSG00000232593",2357
"ENSG00000232626",1562
"ENSG00000232702",457
"ENSG00000232742",618
"ENSG00000232801",891
"ENSG00000232842",988
"ENSG00000232855",6532
"ENSG00000232859",5380
"ENSG00000232869",402
"ENSG00000232888",486
"ENSG00000232912",702
"ENSG00000232931",2618
"ENSG00000232952",1779
"ENSG00000232956",3647
"ENSG00000232973",4138
"ENSG00000232995",3626
"ENSG00000233013",2233
"ENSG00000233016",4345
"ENSG00000233038",4662
"ENSG00000233111",606
"ENSG00000233137",6338
"ENSG00000233184",2837
"ENSG00000233225",1732
"ENSG00000233264",1469
"ENSG00000233276",1425
"ENSG00000233280",4261
"ENSG00000233287",406
"ENSG00000233328",423
"ENSG00000233355",3892
"ENSG00000233369",2629
"ENSG00000233382",7631
"ENSG00000233426",1129
"ENSG00000233429",1496
"ENSG00000233452",6011
"ENSG00000233461",1021
"ENSG00000233476",1388
"ENSG00000233527",1868
"ENSG00000233558",623
"ENSG00000233621",1395
"ENSG00000233757",1874
"ENSG00000233762",484
"ENSG00000233822",4265
"ENSG00000233830",687
"ENSG00000233846",487
"ENSG00000233859",1125
"ENSG00000233913",743
"ENSG00000233927",2119
"ENSG00000233954",516
"ENSG00000233994",608
"ENSG00000234009",891
"ENSG00000234073",546
"ENSG00000234130",2796
"ENSG00000234176",1833
"ENSG00000234188",438
"ENSG00000234219",680
"ENSG00000234241",1683
"ENSG00000234284",3883
"ENSG00000234287",255
"ENSG00000234290",3730
"ENSG00000234292",1046
"ENSG00000234297",996
"ENSG00000234329",788
"ENSG00000234335",772
"ENSG00000234337",747
"ENSG00000234383",1330
"ENSG00000234389",1327
"ENSG00000234420",10256
"ENSG00000234444",9409
"ENSG00000234506",526
"ENSG00000234518",483
"ENSG00000234545",4462
"ENSG00000234558",1510
"ENSG00000234568",1530
"ENSG00000234585",3920
"ENSG00000234608",2287
"ENSG00000234616",11234
"ENSG00000234629",939
"ENSG00000234648",158
"ENSG00000234663",2964
"ENSG00000234664",273
"ENSG00000234684",4058
"ENSG00000234709",769
"ENSG00000234741",3631
"ENSG00000234745",3012
"ENSG00000234782",519
"ENSG00000234797",805
"ENSG00000234825",1826
"ENSG00000234851",484
"ENSG00000234882",1316
"ENSG00000234912",3114
"ENSG00000234975",413
"ENSG00000235001",1220
"ENSG00000235082",304
"ENSG00000235084",462
"ENSG00000235095",1980
"ENSG00000235105",1257
"ENSG00000235106",5994
"ENSG00000235111",2975
"ENSG00000235117",697
"ENSG00000235162",2693
"ENSG00000235174",156
"ENSG00000235192",779
"ENSG00000235194",5548
"ENSG00000235217",4051
"ENSG00000235272",354
"ENSG00000235297",414
"ENSG00000235314",2703
"ENSG00000235381",3088
"ENSG00000235400",1587
"ENSG00000235437",6379
"ENSG00000235453",2206
"ENSG00000235477",1807
"ENSG00000235499",390
"ENSG00000235505",4307
"ENSG00000235530",1519
"ENSG00000235532",3340
"ENSG00000235546",1342
"ENSG00000235552",872
"ENSG00000235554",1034
"ENSG00000235568",5817
"ENSG00000235576",243
"ENSG00000235587",1006
"ENSG00000235605",438
"ENSG00000235609",7034
"ENSG00000235651",1398
"ENSG00000235655",1022
"ENSG00000235683",2061
"ENSG00000235703",6323
"ENSG00000235720",1356
"ENSG00000235750",4779
"ENSG00000235776",801
"ENSG00000235859",1371
"ENSG00000235919",1955
"ENSG00000235944",3325
"ENSG00000235954",10818
"ENSG00000235999",1986
"ENSG00000236018",766
"ENSG00000236088",5817
"ENSG00000236144",4859
"ENSG00000236194",1496
"ENSG00000236213",548
"ENSG00000236255",4058
"ENSG00000236287",9029
"ENSG00000236304",1426
"ENSG00000236320",2889
"ENSG00000236345",1454
"ENSG00000236349",1296
"ENSG00000236375",658
"ENSG00000236438",2586
"ENSG00000236525",1200
"ENSG00000236535",448
"ENSG00000236537",424
"ENSG00000236552",631
"ENSG00000236567",1937
"ENSG00000236570",1227
"ENSG00000236609",3857
"ENSG00000236698",435
"ENSG00000236778",6373
"ENSG00000236790",4418
"ENSG00000236801",474
"ENSG00000236810",1347
"ENSG00000236814",1170
"ENSG00000236830",6438
"ENSG00000236859",2278
"ENSG00000236901",5984
"ENSG00000236943",6056
"ENSG00000236977",1069
"ENSG00000237036",3831
"ENSG00000237037",6653
"ENSG00000237135",1933
"ENSG00000237161",1552
"ENSG00000237172",2917
"ENSG00000237188",3618
"ENSG00000237190",1757
"ENSG00000237214",585
"ENSG00000237248",2459
"ENSG00000237272",904
"ENSG00000237296",7046
"ENSG00000237298",16745
"ENSG00000237350",576
"ENSG00000237440",3539
"ENSG00000237484",4970
"ENSG00000237491",5517
"ENSG00000237499",4088
"ENSG00000237513",1034
"ENSG00000237522",1231
"ENSG00000237682",1792
"ENSG00000237711",774
"ENSG00000237753",2022
"ENSG00000237757",1335
"ENSG00000237765",4817
"ENSG00000237781",663
"ENSG00000237788",1653
"ENSG00000237803",2595
"ENSG00000237842",1531
"ENSG00000237854",734
"ENSG00000237892",655
"ENSG00000237940",2854
"ENSG00000237943",3489
"ENSG00000237945",14129
"ENSG00000237984",3996
"ENSG00000238005",1666
"ENSG00000238072",258
"ENSG00000238105",10957
"ENSG00000238113",3038
"ENSG00000238121",3972
"ENSG00000238132",1312
"ENSG00000238160",999
"ENSG00000238164",6137
"ENSG00000238197",4046
"ENSG00000238227",3418
"ENSG00000238243",1818
"ENSG00000238741",330
"ENSG00000238829",63
"ENSG00000238975",101
"ENSG00000239002",330
"ENSG00000239039",104
"ENSG00000239183",133
"ENSG00000239280",432
"ENSG00000239305",7599
"ENSG00000239306",3937
"ENSG00000239382",4293
"ENSG00000239521",4824
"ENSG00000239557",1231
"ENSG00000239559",287
"ENSG00000239569",736
"ENSG00000239636",1030
"ENSG00000239653",2456
"ENSG00000239665",12929
"ENSG00000239672",3438
"ENSG00000239713",5496
"ENSG00000239763",473
"ENSG00000239779",2438
"ENSG00000239789",2157
"ENSG00000239899",278
"ENSG00000239900",6021
"ENSG00000239951",400
"ENSG00000239998",2622
"ENSG00000240038",7491
"ENSG00000240225",4690
"ENSG00000240230",5542
"ENSG00000240288",1712
"ENSG00000240291",1575
"ENSG00000240303",5675
"ENSG00000240342",931
"ENSG00000240344",2914
"ENSG00000240356",2128
"ENSG00000240371",789
"ENSG00000240376",629
"ENSG00000240395",868
"ENSG00000240429",2246
"ENSG00000240445",1928
"ENSG00000240463",441
"ENSG00000240489",873
"ENSG00000240531",407
"ENSG00000240616",748
"ENSG00000240652",345
"ENSG00000240682",4102
"ENSG00000240695",730
"ENSG00000240767",290
"ENSG00000240809",1411
"ENSG00000240849",4576
"ENSG00000240857",1587
"ENSG00000240859",5149
"ENSG00000240869",307
"ENSG00000240891",2927
"ENSG00000240972",1109
"ENSG00000241007",1143
"ENSG00000241014",3346
"ENSG00000241015",2920
"ENSG00000241058",2306
"ENSG00000241061",897
"ENSG00000241112",428
"ENSG00000241120",288
"ENSG00000241127",2569
"ENSG00000241157",360
"ENSG00000241163",4520
"ENSG00000241170",1532
"ENSG00000241258",3548
"ENSG00000241343",3927
"ENSG00000241351",392
"ENSG00000241399",3839
"ENSG00000241431",403
"ENSG00000241468",2288
"ENSG00000241490",3101
"ENSG00000241506",1320
"ENSG00000241547",468
"ENSG00000241553",3608
"ENSG00000241685",2557
"ENSG00000241741",796
"ENSG00000241764",984
"ENSG00000241769",3756
"ENSG00000241772",1051
"ENSG00000241837",3336
"ENSG00000241839",3720
"ENSG00000241852",3317
"ENSG00000241878",5002
"ENSG00000241886",562
"ENSG00000241939",303
"ENSG00000241945",6922
"ENSG00000241973",11407
"ENSG00000241975",318
"ENSG00000241990",1093
"ENSG00000242013",2697
"ENSG00000242028",6393
"ENSG00000242068",1165
"ENSG00000242071",813
"ENSG00000242086",13406
"ENSG00000242094",3539
"ENSG00000242125",4088
"ENSG00000242247",3381
"ENSG00000242259",6943
"ENSG00000242262",616
"ENSG00000242294",2804
"ENSG00000242299",459
"ENSG00000242324",1720
"ENSG00000242372",1631
"ENSG00000242445",799
"ENSG00000242477",651
"ENSG00000242485",2788
"ENSG00000242498",3673
"ENSG00000242539",1941
"ENSG00000242588",1964
"ENSG00000242622",2194
"ENSG00000242687",4194
"ENSG00000242689",1886
"ENSG00000242802",6873
"ENSG00000242999",297
"ENSG00000243064",10722
"ENSG00000243147",1539
"ENSG00000243156",22361
"ENSG00000243175",1261
"ENSG00000243199",870
"ENSG00000243317",3742
"ENSG00000243335",9128
"ENSG00000243364",1263
"ENSG00000243406",3873
"ENSG00000243449",571
"ENSG00000243452",5306
"ENSG00000243466",532
"ENSG00000243498",211
"ENSG00000243536",1510
"ENSG00000243544",301
"ENSG00000243547",1386
"ENSG00000243554",447
"ENSG00000243609",846
"ENSG00000243646",2545
"ENSG00000243650",284
"ENSG00000243660",5037
"ENSG00000243667",4079
"ENSG00000243680",294
"ENSG00000243746",1390
"ENSG00000243759",1107
"ENSG00000243811",2545
"ENSG00000243829",584
"ENSG00000243836",1354
"ENSG00000243927",4299
"ENSG00000243943",4690
"ENSG00000243964",468
"ENSG00000244005",6024
"ENSG00000244026",3626
"ENSG00000244038",2674
"ENSG00000244041",2811
"ENSG00000244045",5114
"ENSG00000244073",797
"ENSG00000244153",2769
"ENSG00000244165",2295
"ENSG00000244171",2181
"ENSG00000244187",1443
"ENSG00000244313",538
"ENSG00000244398",321
"ENSG00000244462",6702
"ENSG00000244482",4190
"ENSG00000244509",2818
"ENSG00000244567",1262
"ENSG00000244617",2172
"ENSG00000244625",2847
"ENSG00000244627",3851
"ENSG00000244642",280
"ENSG00000244682",3178
"ENSG00000244687",4737
"ENSG00000244701",770
"ENSG00000244720",959
"ENSG00000244734",1179
"ENSG00000244754",10306
"ENSG00000244879",2895
"ENSG00000245025",2268
"ENSG00000245060",2453
"ENSG00000245105",2187
"ENSG00000245149",6943
"ENSG00000245164",5724
"ENSG00000245275",1972
"ENSG00000245498",4854
"ENSG00000245532",22767
"ENSG00000245534",2036
"ENSG00000245552",5320
"ENSG00000245556",1792
"ENSG00000245571",2645
"ENSG00000245680",7538
"ENSG00000245849",1696
"ENSG00000245904",7433
"ENSG00000245910",1247
"ENSG00000245937",6464
"ENSG00000245954",2011
"ENSG00000245958",5577
"ENSG00000246067",2429
"ENSG00000246082",2312
"ENSG00000246084",2014
"ENSG00000246089",2934
"ENSG00000246090",7021
"ENSG00000246223",5850
"ENSG00000246263",2355
"ENSG00000246273",3977
"ENSG00000246430",2840
"ENSG00000246526",1821
"ENSG00000246582",2445
"ENSG00000246596",1691
"ENSG00000246627",2639
"ENSG00000246705",3667
"ENSG00000246731",2522
"ENSG00000246790",2908
"ENSG00000246898",2147
"ENSG00000246922",8306
"ENSG00000247077",3881
"ENSG00000247092",1945
"ENSG00000247137",1628
"ENSG00000247240",1710
"ENSG00000247271",1995
"ENSG00000247287",4852
"ENSG00000247400",3010
"ENSG00000247556",12009
"ENSG00000247570",885
"ENSG00000247572",3884
"ENSG00000247596",1824
"ENSG00000247624",3089
"ENSG00000247626",3027
"ENSG00000247708",6107
"ENSG00000247774",3092
"ENSG00000247828",4439
"ENSG00000247982",3124
"ENSG00000248019",4510
"ENSG00000248049",5575
"ENSG00000248092",6580
"ENSG00000248124",3907
"ENSG00000248166",1738
"ENSG00000248175",2231
"ENSG00000248180",995
"ENSG00000248208",1082
"ENSG00000248275",1316
"ENSG00000248309",5807
"ENSG00000248323",2904
"ENSG00000248333",3130
"ENSG00000248334",4844
"ENSG00000248429",5639
"ENSG00000248445",2829
"ENSG00000248476",821
"ENSG00000248483",6836
"ENSG00000248487",2309
"ENSG00000248489",478
"ENSG00000248508",2975
"ENSG00000248697",1862
"ENSG00000248712",2556
"ENSG00000248734",1001
"ENSG00000248774",521
"ENSG00000248791",1294
"ENSG00000248810",3750
"ENSG00000248863",1240
"ENSG00000248905",20046
"ENSG00000248932",2120
"ENSG00000248966",2752
"ENSG00000248971",1426
"ENSG00000249087",2655
"ENSG00000249096",2768
"ENSG00000249115",5075
"ENSG00000249129",966
"ENSG00000249138",751
"ENSG00000249212",915
"ENSG00000249245",1877
"ENSG00000249264",1383
"ENSG00000249286",994
"ENSG00000249353",830
"ENSG00000249437",9513
"ENSG00000249471",4618
"ENSG00000249476",5471
"ENSG00000249485",1276
"ENSG00000249565",1181
"ENSG00000249592",1575
"ENSG00000249662",886
"ENSG00000249673",7195
"ENSG00000249709",3622
"ENSG00000249790",2279
"ENSG00000249806",512
"ENSG00000249825",3233
"ENSG00000249850",1292
"ENSG00000249855",1382
"ENSG00000249859",5493
"ENSG00000249863",1058
"ENSG00000249915",9493
"ENSG00000249936",833
"ENSG00000250130",1002
"ENSG00000250182",1392
"ENSG00000250303",5018
"ENSG00000250312",4672
"ENSG00000250317",1358
"ENSG00000250321",142
"ENSG00000250334",2231
"ENSG00000250361",1659
"ENSG00000250461",744
"ENSG00000250479",1360
"ENSG00000250492",2530
"ENSG00000250510",3295
"ENSG00000250539",1423
"ENSG00000250565",5283
"ENSG00000250568",315
"ENSG00000250569",940
"ENSG00000250571",3057
"ENSG00000250608",4200
"ENSG00000250616",1650
"ENSG00000250696",3025
"ENSG00000250859",1379
"ENSG00000250878",2337
"ENSG00000250889",793
"ENSG00000250896",918
"ENSG00000250903",13177
"ENSG00000251002",3284
"ENSG00000251022",4397
"ENSG00000251023",3157
"ENSG00000251034",4076
"ENSG00000251136",4277
"ENSG00000251192",6203
"ENSG00000251194",704
"ENSG00000251215",980
"ENSG00000251247",4736
"ENSG00000251301",2695
"ENSG00000251333",711
"ENSG00000251364",7131
"ENSG00000251369",5083
"ENSG00000251432",3283
"ENSG00000251441",3685
"ENSG00000251442",2951
"ENSG00000251474",4504
"ENSG00000251562",8708
"ENSG00000251571",1994
"ENSG00000251593",1732
"ENSG00000251606",952
"ENSG00000251661",1887
"ENSG00000251667",951
"ENSG00000251682",591
"ENSG00000251791",265
"ENSG00000251992",144
"ENSG00000252010",276
"ENSG00000252139",83
"ENSG00000252391",104
"ENSG00000252481",275
"ENSG00000252498",94
"ENSG00000252690",4325
"ENSG00000252759",96
"ENSG00000252835",139
"ENSG00000252906",143
"ENSG00000253106",2355
"ENSG00000253144",515
"ENSG00000253200",2750
"ENSG00000253210",807
"ENSG00000253251",1964
"ENSG00000253276",4232
"ENSG00000253307",397
"ENSG00000253341",1001
"ENSG00000253352",6793
"ENSG00000253372",1018
"ENSG00000253522",2301
"ENSG00000253558",2260
"ENSG00000253570",540
"ENSG00000253616",881
"ENSG00000253626",3832
"ENSG00000253636",3549
"ENSG00000253676",587
"ENSG00000253683",192
"ENSG00000253710",5785
"ENSG00000253719",3673
"ENSG00000253729",15416
"ENSG00000253738",6009
"ENSG00000253797",5529
"ENSG00000253919",2290
"ENSG00000253954",1129
"ENSG00000253981",1447
"ENSG00000253982",1322
"ENSG00000254004",5952
"ENSG00000254017",1256
"ENSG00000254087",3398
"ENSG00000254093",2802
"ENSG00000254184",3406
"ENSG00000254325",673
"ENSG00000254332",748
"ENSG00000254463",480
"ENSG00000254469",3651
"ENSG00000254470",4811
"ENSG00000254505",2413
"ENSG00000254556",1710
"ENSG00000254598",1416
"ENSG00000254612",742
"ENSG00000254614",1583
"ENSG00000254635",2943
"ENSG00000254676",905
"ENSG00000254685",4382
"ENSG00000254719",208
"ENSG00000254750",1258
"ENSG00000254783",742
"ENSG00000254826",842
"ENSG00000254838",8438
"ENSG00000254858",2135
"ENSG00000254860",1162
"ENSG00000254876",3701
"ENSG00000254887",897
"ENSG00000254893",1938
"ENSG00000254901",5372
"ENSG00000254911",354
"ENSG00000254986",3979
"ENSG00000254995",3859
"ENSG00000254996",11385
"ENSG00000254999",1233
"ENSG00000255026",860
"ENSG00000255031",1209
"ENSG00000255103",6004
"ENSG00000255112",3054
"ENSG00000255121",1506
"ENSG00000255150",1464
"ENSG00000255163",280
"ENSG00000255197",1113
"ENSG00000255198",551
"ENSG00000255284",1059
"ENSG00000255302",2298
"ENSG00000255310",1939
"ENSG00000255389",2421
"ENSG00000255398",2137
"ENSG00000255423",1679
"ENSG00000255455",3994
"ENSG00000255529",8755
"ENSG00000255559",3236
"ENSG00000255587",2747
"ENSG00000255624",2343
"ENSG00000255642",1875
"ENSG00000255717",3792
"ENSG00000255725",1324
"ENSG00000255733",2125
"ENSG00000255776",901
"ENSG00000255801",562
"ENSG00000255819",2592
"ENSG00000255837",1381
"ENSG00000255883",570
"ENSG00000255893",581
"ENSG00000255967",2285
"ENSG00000255987",421
"ENSG00000255989",710
"ENSG00000256018",467
"ENSG00000256039",868
"ENSG00000256043",2954
"ENSG00000256053",3932
"ENSG00000256060",1843
"ENSG00000256087",5985
"ENSG00000256128",1853
"ENSG00000256188",1687
"ENSG00000256210",469
"ENSG00000256211",499
"ENSG00000256223",5541
"ENSG00000256229",4261
"ENSG00000256238",3133
"ENSG00000256269",4247
"ENSG00000256274",2403
"ENSG00000256294",5284
"ENSG00000256304",2215
"ENSG00000256316",466
"ENSG00000256356",2069
"ENSG00000256436",1021
"ENSG00000256448",344
"ENSG00000256464",713
"ENSG00000256525",3388
"ENSG00000256576",1477
"ENSG00000256594",2930
"ENSG00000256628",2788
"ENSG00000256660",3667
"ENSG00000256667",2359
"ENSG00000256683",4539
"ENSG00000256712",385
"ENSG00000256720",508
"ENSG00000256745",549
"ENSG00000256751",596
"ENSG00000256771",3626
"ENSG00000256804",304
"ENSG00000256812",1016
"ENSG00000256937",863
"ENSG00000256981",910
"ENSG00000257017",5405
"ENSG00000257027",2508
"ENSG00000257043",499
"ENSG00000257093",7356
"ENSG00000257103",4748
"ENSG00000257122",3269
"ENSG00000257151",4618
"ENSG00000257167",3357
"ENSG00000257176",2380
"ENSG00000257218",2259
"ENSG00000257221",859
"ENSG00000257242",3638
"ENSG00000257261",884
"ENSG00000257267",5124
"ENSG00000257315",4250
"ENSG00000257335",10767
"ENSG00000257365",4203
"ENSG00000257433",4024
"ENSG00000257499",1905
"ENSG00000257511",1005
"ENSG00000257621",7409
"ENSG00000257704",838
"ENSG00000257727",2956
"ENSG00000257742",5008
"ENSG00000257743",8162
"ENSG00000257790",1213
"ENSG00000257815",1490
"ENSG00000257878",862
"ENSG00000257923",18329
"ENSG00000258033",1256
"ENSG00000258056",1274
"ENSG00000258082",846
"ENSG00000258111",411
"ENSG00000258128",2406
"ENSG00000258215",554
"ENSG00000258227",4129
"ENSG00000258289",5404
"ENSG00000258297",2339
"ENSG00000258301",1836
"ENSG00000258427",525
"ENSG00000258441",5715
"ENSG00000258469",588
"ENSG00000258476",1572
"ENSG00000258486",300
"ENSG00000258501",1658
"ENSG00000258565",1130
"ENSG00000258629",1479
"ENSG00000258634",4216
"ENSG00000258704",1409
"ENSG00000258727",3243
"ENSG00000258733",1563
"ENSG00000258738",2117
"ENSG00000258741",741
"ENSG00000258819",2793
"ENSG00000258839",5566
"ENSG00000258867",2120
"ENSG00000258875",787
"ENSG00000258890",8048
"ENSG00000258900",766
"ENSG00000258929",2963
"ENSG00000258944",777
"ENSG00000259000",5932
"ENSG00000259001",638
"ENSG00000259049",1426
"ENSG00000259051",333
"ENSG00000259144",2104
"ENSG00000259207",4913
"ENSG00000259330",594
"ENSG00000259377",581
"ENSG00000259379",1802
"ENSG00000259431",2875
"ENSG00000259448",1901
"ENSG00000259453",746
"ENSG00000259494",6432
"ENSG00000259531",1562
"ENSG00000259581",2705
"ENSG00000259600",1481
"ENSG00000259623",2930
"ENSG00000259626",328
"ENSG00000259651",289
"ENSG00000259660",15281
"ENSG00000259671",1102
"ENSG00000259673",6732
"ENSG00000259706",2384
"ENSG00000259758",9346
"ENSG00000259781",646
"ENSG00000259820",6253
"ENSG00000259834",3481
"ENSG00000259856",589
"ENSG00000259865",1246
"ENSG00000259877",2424
"ENSG00000259891",2231
"ENSG00000259917",1570
"ENSG00000259924",964
"ENSG00000259926",706
"ENSG00000259935",540
"ENSG00000259943",1541
"ENSG00000259948",678
"ENSG00000259953",4836
"ENSG00000259959",4218
"ENSG00000259962",395
"ENSG00000259972",1357
"ENSG00000259976",1679
"ENSG00000260006",2666
"ENSG00000260032",5339
"ENSG00000260054",1569
"ENSG00000260065",3054
"ENSG00000260078",4322
"ENSG00000260083",1815
"ENSG00000260093",3770
"ENSG00000260114",2270
"ENSG00000260231",2380
"ENSG00000260236",1911
"ENSG00000260257",1710
"ENSG00000260267",3026
"ENSG00000260290",1402
"ENSG00000260336",3921
"ENSG00000260359",3142
"ENSG00000260368",1142
"ENSG00000260401",3361
"ENSG00000260452",475
"ENSG00000260461",2388
"ENSG00000260482",2463
"ENSG00000260490",507
"ENSG00000260495",2693
"ENSG00000260517",1126
"ENSG00000260521",1441
"ENSG00000260528",4524
"ENSG00000260534",2155
"ENSG00000260539",2466
"ENSG00000260563",1195
"ENSG00000260565",7023
"ENSG00000260592",633
"ENSG00000260630",5037
"ENSG00000260682",2775
"ENSG00000260686",2178
"ENSG00000260711",3040
"ENSG00000260719",1656
"ENSG00000260747",442
"ENSG00000260766",1842
"ENSG00000260804",3148
"ENSG00000260822",4951
"ENSG00000260837",1553
"ENSG00000260841",3088
"ENSG00000260916",8790
"ENSG00000260917",4237
"ENSG00000260936",1223
"ENSG00000260940",592
"ENSG00000260942",4000
"ENSG00000260966",5113
"ENSG00000261005",2296
"ENSG00000261069",1236
"ENSG00000261072",910
"ENSG00000261087",2825
"ENSG00000261094",2674
"ENSG00000261098",4140
"ENSG00000261136",3047
"ENSG00000261167",3473
"ENSG00000261208",1949
"ENSG00000261222",3602
"ENSG00000261226",2873
"ENSG00000261229",758
"ENSG00000261254",5067
"ENSG00000261324",5428
"ENSG00000261326",5444
"ENSG00000261338",2046
"ENSG00000261355",3676
"ENSG00000261360",2797
"ENSG00000261366",2268
"ENSG00000261423",2713
"ENSG00000261428",2815
"ENSG00000261438",1224
"ENSG00000261451",4641
"ENSG00000261455",1764
"ENSG00000261461",550
"ENSG00000261468",1916
"ENSG00000261471",2434
"ENSG00000261485",1351
"ENSG00000261490",3510
"ENSG00000261526",1288
"ENSG00000261529",1603
"ENSG00000261542",2054
"ENSG00000261549",727
"ENSG00000261556",4360
"ENSG00000261589",4810
"ENSG00000261596",661
"ENSG00000261609",15406
"ENSG00000261614",1090
"ENSG00000261662",1359
"ENSG00000261716",4527
"ENSG00000261770",3666
"ENSG00000261799",3170
"ENSG00000261801",4081
"ENSG00000261804",1106
"ENSG00000261819",1902
"ENSG00000261824",7958
"ENSG00000261884",5685
"ENSG00000261971",3992
"ENSG00000261997",3828
"ENSG00000262001",3171
"ENSG00000262049",1977
"ENSG00000262246",8793
"ENSG00000262251",1112
"ENSG00000262370",1326
"ENSG00000262514",1187
"ENSG00000262580",5122
"ENSG00000262714",2142
"ENSG00000262758",2107
"ENSG00000262766",543
"ENSG00000262879",3348
"ENSG00000262944",1914
"ENSG00000263002",3904
"ENSG00000263013",1159
"ENSG00000263072",3276
"ENSG00000263244",5941
"ENSG00000263264",1558
"ENSG00000263276",3022
"ENSG00000263320",1189
"ENSG00000263327",4192
"ENSG00000263335",836
"ENSG00000263391",99
"ENSG00000263606",1341
"ENSG00000263648",339
"ENSG00000263731",2682
"ENSG00000263740",294
"ENSG00000263753",6979
"ENSG00000263766",1242
"ENSG00000263843",2527
"ENSG00000263874",2365
"ENSG00000263883",513
"ENSG00000263934",699
"ENSG00000264063",61
"ENSG00000264112",5812
"ENSG00000264198",6116
"ENSG00000264247",3742
"ENSG00000264364",6805
"ENSG00000264456",1661
"ENSG00000264462",180
"ENSG00000264469",1284
"ENSG00000264508",297
"ENSG00000264538",3776
"ENSG00000264584",297
"ENSG00000264663",1044
"ENSG00000264853",2790
"ENSG00000264868",2859
"ENSG00000264895",2170
"ENSG00000265148",3601
"ENSG00000265150",297
"ENSG00000265206",1625
"ENSG00000265273",1441
"ENSG00000265401",461
"ENSG00000265574",1029
"ENSG00000265625",1052
"ENSG00000265666",1790
"ENSG00000265681",2451
"ENSG00000265727",292
"ENSG00000265735",288
"ENSG00000265996",88
"ENSG00000266017",81
"ENSG00000266019",80
"ENSG00000266037",297
"ENSG00000266053",1432
"ENSG00000266066",3668
"ENSG00000266127",1166
"ENSG00000266173",6717
"ENSG00000266282",219
"ENSG00000266402",278
"ENSG00000266405",1429
"ENSG00000266613",2176
"ENSG00000266709",1652
"ENSG00000266714",12862
"ENSG00000266753",1654
"ENSG00000266900",1603
"ENSG00000266947",2814
"ENSG00000266962",2311
"ENSG00000266998",3419
"ENSG00000267002",1191
"ENSG00000267009",1863
"ENSG00000267010",2330
"ENSG00000267040",3879
"ENSG00000267041",7843
"ENSG00000267074",849
"ENSG00000267080",2460
"ENSG00000267083",1298
"ENSG00000267100",1983
"ENSG00000267102",627
"ENSG00000267106",4659
"ENSG00000267121",3719
"ENSG00000267152",1360
"ENSG00000267169",3186
"ENSG00000267174",685
"ENSG00000267185",478
"ENSG00000267194",2504
"ENSG00000267216",4227
"ENSG00000267274",468
"ENSG00000267278",3775
"ENSG00000267283",935
"ENSG00000267312",1070
"ENSG00000267321",1298
"ENSG00000267322",1615
"ENSG00000267350",1676
"ENSG00000267364",714
"ENSG00000267365",2442
"ENSG00000267419",1181
"ENSG00000267422",1432
"ENSG00000267427",2103
"ENSG00000267430",1153
"ENSG00000267481",921
"ENSG00000267519",1844
"ENSG00000267533",1148
"ENSG00000267554",560
"ENSG00000267575",5141
"ENSG00000267680",5544
"ENSG00000267701",281
"ENSG00000267702",4215
"ENSG00000267731",2919
"ENSG00000267742",664
"ENSG00000267796",2820
"ENSG00000267809",907
"ENSG00000267858",2968
"ENSG00000267940",1353
"ENSG00000268001",1969
"ENSG00000268006",4203
"ENSG00000268027",1440
"ENSG00000268032",1737
"ENSG00000268034",747
"ENSG00000268172",2057
"ENSG00000268205",4258
"ENSG00000268362",2191
"ENSG00000268412",408
"ENSG00000268471",3000
"ENSG00000268516",2705
"ENSG00000268521",445
"ENSG00000268555",1178
"ENSG00000268573",4382
"ENSG00000268575",5079
"ENSG00000268670",684
"ENSG00000268713",1385
"ENSG00000268734",748
"ENSG00000268758",2837
"ENSG00000268802",1904
"ENSG00000268895",2793
"ENSG00000268912",2517
"ENSG00000268913",443
"ENSG00000268995",356
"ENSG00000269001",409
"ENSG00000269044",1467
"ENSG00000269051",545
"ENSG00000269069",2039
"ENSG00000269089",1303
"ENSG00000269220",2160
"ENSG00000269293",2163
"ENSG00000269343",4595
"ENSG00000269374",639
"ENSG00000269378",609
"ENSG00000269404",4281
"ENSG00000269501",5057
"ENSG00000269514",3645
"ENSG00000269609",5660
"ENSG00000269619",620
"ENSG00000269640",2525
"ENSG00000269657",3602
"ENSG00000269688",493
"ENSG00000269728",2089
"ENSG00000269800",894
"ENSG00000269821",91667
"ENSG00000269825",2848
"ENSG00000269837",2887
"ENSG00000269858",6577
"ENSG00000269893",923
"ENSG00000269900",268
"ENSG00000269904",2539
"ENSG00000269918",2014
"ENSG00000269919",454
"ENSG00000269928",660
"ENSG00000269929",1435
"ENSG00000269938",557
"ENSG00000269939",1516
"ENSG00000269940",611
"ENSG00000269958",811
"ENSG00000269965",671
"ENSG00000269973",3231
"ENSG00000269996",1326
"ENSG00000269997",553
"ENSG00000270012",2715
"ENSG00000270015",1894
"ENSG00000270022",664
"ENSG00000270049",1640
"ENSG00000270055",2351
"ENSG00000270061",355
"ENSG00000270062",496
"ENSG00000270066",427
"ENSG00000270081",2135
"ENSG00000270101",785
"ENSG00000270108",552
"ENSG00000270116",530
"ENSG00000270120",746
"ENSG00000270127",2387
"ENSG00000270141",541
"ENSG00000270157",925
"ENSG00000270170",918
"ENSG00000270189",1818
"ENSG00000270277",1798
"ENSG00000270344",338
"ENSG00000270346",2597
"ENSG00000270426",686
"ENSG00000270562",2467
"ENSG00000270574",2117
"ENSG00000270589",1649
"ENSG00000270640",296
"ENSG00000270696",1747
"ENSG00000270704",310
"ENSG00000270804",936
"ENSG00000270820",1963
"ENSG00000270878",1261
"ENSG00000270949",3131
"ENSG00000270956",675
"ENSG00000270959",2852
"ENSG00000271011",520
"ENSG00000271109",842
"ENSG00000271122",4200
"ENSG00000271141",543
"ENSG00000271147",2711
"ENSG00000271204",1998
"ENSG00000271270",4623
"ENSG00000271327",1495
"ENSG00000271335",1412
"ENSG00000271361",631
"ENSG00000271430",3897
"ENSG00000271461",2185
"ENSG00000271533",3685
"ENSG00000271605",920
"ENSG00000271614",3632
"ENSG00000271646",2503
"ENSG00000271721",2139
"ENSG00000271722",682
"ENSG00000271780",1079
"ENSG00000271840",748
"ENSG00000271856",2592
"ENSG00000271862",1589
"ENSG00000271870",494
"ENSG00000271895",870
"ENSG00000271912",1979
"ENSG00000271927",2450
"ENSG00000271964",549
"ENSG00000271975",2188
"ENSG00000271976",2583
"ENSG00000271997",3844
"ENSG00000272005",3512
"ENSG00000272016",3597
"ENSG00000272033",1893
"ENSG00000272037",1430
"ENSG00000272047",7481
"ENSG00000272053",1030
"ENSG00000272054",3803
"ENSG00000272091",1817
"ENSG00000272106",2038
"ENSG00000272144",1047
"ENSG00000272145",1687
"ENSG00000272155",445
"ENSG00000272198",1791
"ENSG00000272201",1421
"ENSG00000272316",5352
"ENSG00000272325",9905
"ENSG00000272335",2517
"ENSG00000272341",2538
"ENSG00000272345",887
"ENSG00000272356",4315
"ENSG00000272367",925
"ENSG00000272373",2810
"ENSG00000272449",996
"ENSG00000272452",2122
"ENSG00000272455",1523
"ENSG00000272462",4130
"ENSG00000272477",956
"ENSG00000272498",564
"ENSG00000272505",2860
"ENSG00000272520",3281
"ENSG00000272529",551
"ENSG00000272533",126
"ENSG00000272562",490
"ENSG00000272565",4452
"ENSG00000272578",7012
"ENSG00000272599",833
"ENSG00000272606",465
"ENSG00000272625",720
"ENSG00000272630",3005
"ENSG00000272650",298
"ENSG00000272655",1424
"ENSG00000272688",686
"ENSG00000272750",2646
"ENSG00000272758",2891
"ENSG00000272760",963
"ENSG00000272807",740
"ENSG00000272825",652
"ENSG00000272831",557
"ENSG00000272888",4439
"ENSG00000272906",989
"ENSG00000272908",1968
"ENSG00000272918",2646
"ENSG00000272941",1145
"ENSG00000272977",3754
"ENSG00000272993",671
"ENSG00000272994",3449
"ENSG00000273015",2049
"ENSG00000273033",5456
"ENSG00000273038",2051
"ENSG00000273066",4335
"ENSG00000273112",553
"ENSG00000273131",3827
"ENSG00000273148",1539
"ENSG00000273151",6758
"ENSG00000273221",647
"ENSG00000273243",473
"ENSG00000273247",7954
"ENSG00000273253",711
"ENSG00000273270",7054
"ENSG00000273272",362
"ENSG00000273284",1003
"ENSG00000273290",3533
"ENSG00000273311",2214
"ENSG00000273329",7083
"ENSG00000273344",2256
"ENSG00000273363",542
"ENSG00000273373",2850
"ENSG00000273382",2888
