"gene","symbol","analysis","n_filters_tested","n_filters_sig","frac_sig","best_rank","median_rank","median_rank_pct","median_logFC","min_BH"
"ENSG00000134198","TSPAN2","LI_raw",30,30,1,1,1,0.008,0.7935,7.96e-17
"ENSG00000069943","PIGB","LI_raw",29,29,1,2,2,0.0158,0.6285,1.8e-15
"ENSG00000118690","ARMC2","LI_raw",26,26,1,3,3,0.0231,0.4042,1.71e-11
"ENSG00000087903","RFX2","LI_raw",27,27,1,3,4,0.0293,0.6667,1.91e-11
"ENSG00000233730","RP4-666F24.3","LI_raw",15,15,1,3,5,0.0302,0.8698,2.07e-11
"ENSG00000241163","LINC00877","LI_raw",26,26,1,5,6,0.0408,0.5842,2.98e-11
"ENSG00000064763","FAR2","LI_raw",30,30,1,2,7,0.0538,0.508,7.61e-12
"ENSG00000080823","MOK","LI_raw",14,14,1,6,7.5,0.0479,0.9605,5.92e-11
"ENSG00000179820","MYADM","LI_raw",30,30,1,3,7.5,0.0614,0.7072,1.45e-11
"ENSG00000267519","MIR24-2","LI_raw",28,28,1,5,8,0.0711,0.6622,8.68e-11
"ENSG00000136867","SLC31A2","LI_raw",31,31,1,2,10,0.0796,0.5281,1.24e-10
"ENSG00000151694","ADAM17","LI_raw",30,30,1,4,12,0.0922,0.277,4.22e-11
"ENSG00000207980","MIR23A","LI_raw",17,17,1,9,12,0.0797,0.7427,5.51e-10
"ENSG00000162769","FLVCR1","LI_raw",28,28,1,11,13,0.0978,0.3874,4.32e-09
"ENSG00000213085","CCDC19","LI_raw",21,21,1,12,14,0.1026,0.7663,7.05e-09
"ENSG00000111885","MAN1A1","LI_raw",31,31,1,1,15,0.1125,0.455,1.82e-10
"ENSG00000155744","FAM126B","LI_raw",31,31,1,3,16,0.1275,0.4963,1.82e-10
"ENSG00000243660","ZNF487","LI_raw",27,27,1,14,16,0.1231,0.4116,1.31e-08
"ENSG00000120696","KBTBD7","LI_raw",31,31,1,6,18,0.1448,0.433,2.87e-09
"ENSG00000229124","VIM-AS1","LI_raw",30,30,1,13,18,0.1432,0.31,1.37e-08
"ENSG00000135378","PRRG4","LI_raw",29,29,1,12,20,0.154,0.6912,1.41e-08
"ENSG00000158710","TAGLN2","LI_raw",31,31,1,5,21,0.1613,0.4625,2.2e-09
"ENSG00000188596","C12orf55","LI_raw",17,17,1,20,22,0.1528,0.656,4.39e-08
"ENSG00000077327","SPAG6","LI_raw",5,5,1,22,23,0.1103,1.3161,7.4e-08
"ENSG00000106714","CNTNAP3","LI_raw",29,29,1,17,23,0.1795,0.9109,8.51e-08
"ENSG00000104093","DMXL2","LI_raw",31,31,1,4,24,0.1893,0.3627,1.24e-09
"ENSG00000114346","ECT2","LI_raw",24,24,1,22,24,0.1713,0.4211,7.47e-08
"ENSG00000150054","MPP7","LI_raw",30,30,1,19,24,0.1867,0.2682,4.35e-08
"ENSG00000163659","TIPARP","LI_raw",30,30,1,15,26.5,0.2052,0.2503,5.58e-08
"ENSG00000165801","ARHGEF40","LI_raw",30,30,1,16,27,0.2173,0.5206,5.58e-08
"ENSG00000143409","FAM63A","LI_raw",30,30,1,12,28,0.2222,0.4599,4.12e-08
"ENSG00000096093","EFHC1","LI_raw",27,27,1,21,29,0.2264,0.3281,8.58e-08
"ENSG00000010404","IDS","LI_raw",30,30,1,24,30.5,0.2434,0.3498,2.23e-07
"ENSG00000163694","RBM47","LI_raw",30,30,1,14,31.5,0.2481,0.4535,4.92e-08
"ENSG00000152207","CYSLTR2","LI_raw",27,27,1,29,32,0.242,0.4262,4.14e-07
"ENSG00000067082","KLF6","LI_raw",31,31,1,12,34,0.2724,0.2854,1.04e-07
"ENSG00000204131","NHSL2","LI_raw",31,31,1,17,34,0.2713,0.4444,2.23e-07
"ENSG00000124831","LRRFIP1","LI_raw",31,31,1,9,35,0.2774,0.2509,2.99e-08
"ENSG00000203705","TATDN3","LI_raw",27,27,1,31,35,0.2585,0.2692,6.27e-07
"ENSG00000207808","MIR27A","LI_raw",7,7,1,35,37,0.1984,0.8533,1.25e-06
"ENSG00000156675","RAB11FIP1","LI_raw",31,31,1,7,38,0.3044,0.4444,1.56e-08
"ENSG00000253676","TAGLN2P1","LI_raw",28,28,1,28,38,0.2885,0.4545,5.48e-07
"ENSG00000183049","CAMK1D","LI_raw",30,30,1,29,39.5,0.3098,0.3493,3.24e-07
"ENSG00000185905","C16orf54","LI_raw",31,31,1,18,40,0.3204,0.3202,4.07e-07
"ENSG00000104450","SPAG1","LI_raw",24,24,1,35,42,0.3131,0.433,8.29e-07
"ENSG00000167987","VPS37C","LI_raw",20,20,1,40,42.5,0.3213,0.4403,2.71e-06
"ENSG00000091181","IL5RA","LI_raw",24,24,1,41,44,0.3205,0.7245,2.97e-06
"ENSG00000102580","DNAJC3","LI_raw",31,31,1,10,46,0.362,0.3719,3.62e-08
"ENSG00000134152","KATNBL1","LI_raw",30,30,1,38,46,0.3581,0.3317,2.09e-06
"ENSG00000180758","GPR157","LI_raw",23,23,1,43,46,0.333,0.4188,3.33e-06
"ENSG00000104973","MED25","LI_raw",30,30,1,33,47,0.3752,0.4123,1.17e-06
"ENSG00000198604","BAZ1A","LI_raw",31,31,1,8,47,0.3707,0.3187,2.99e-08
"ENSG00000213390","ARHGAP19","LI_raw",30,30,1,25,49.5,0.3906,0.2904,2.88e-07
"ENSG00000103381","CPPED1","LI_raw",31,31,1,13,50,0.4005,0.4577,1.04e-07
"ENSG00000114316","USP4","LI_raw",31,31,1,16,51,0.4102,0.2497,2.35e-07
"ENSG00000188396","TCTEX1D4","LI_raw",13,13,1,49,52,0.314,0.6672,4.82e-06
"ENSG00000224977","RP11-160H22.3","LI_raw",5,5,1,50,52,0.2589,0.9295,6.88e-06
"ENSG00000247400","DNAJC3-AS1","LI_raw",24,24,1,45,52,0.3819,0.472,5.38e-06
"ENSG00000052749","RRP12","LI_raw",29,29,1,40,53,0.4204,0.4604,3.47e-06
"ENSG00000164691","TAGAP","LI_raw",31,31,1,15,53,0.4274,0.2628,1.12e-07
"ENSG00000158470","B4GALT5","LI_raw",31,31,1,19,54,0.4326,0.4685,6.33e-07
"ENSG00000110422","HIPK3","LI_raw",31,31,1,14,55,0.4416,0.2505,1.04e-07
"ENSG00000136868","SLC31A1","LI_raw",29,29,1,35,57,0.4496,0.3049,1.35e-06
"ENSG00000087074","PPP1R15A","LI_raw",29,29,1,46,58,0.4609,0.3769,6.19e-06
"ENSG00000267262","CTC-232P5.3","LI_raw",5,5,1,55,58,0.2781,0.9449,1.29e-05
"ENSG00000123146","CD97","LI_raw",31,31,1,22,59,0.4726,0.4032,2e-06
"ENSG00000132155","RAF1","LI_raw",31,31,1,21,60,0.4807,0.3189,7.82e-07
"ENSG00000156313","RPGR","LI_raw",29,29,1,47,62,0.4811,0.3153,6.19e-06
"ENSG00000136026","CKAP4","LI_raw",30,30,1,37,62.5,0.495,0.4487,2.12e-06
"ENSG00000135604","STX11","LI_raw",31,31,1,24,64,0.5048,0.409,3.17e-06
"ENSG00000187049","TMEM216","LI_raw",27,27,1,48,64,0.4913,0.2583,4.36e-06
"ENSG00000123329","ARHGAP9","LI_raw",31,31,1,23,66,0.5285,0.3145,2.6e-06
"ENSG00000137094","DNAJB5","LI_raw",16,16,1,58,66.5,0.4384,0.6181,1.41e-05
"ENSG00000007237","GAS7","LI_raw",31,31,1,28,67,0.5367,0.3586,6.69e-06
"ENSG00000047578","KIAA0556","LI_raw",28,28,1,56,67.5,0.5351,0.284,1.17e-05
"ENSG00000258738","RP11-73E17.2","LI_raw",21,21,1,59,68,0.4883,0.3136,8.18e-06
"ENSG00000139668","WDFY2","LI_raw",30,30,1,63,70.5,0.5634,0.2045,1.4e-05
"ENSG00000076513","ANKRD13A","LI_raw",31,31,1,11,71,0.56,0.2796,5.72e-08
"ENSG00000170345","FOS","LI_raw",30,30,1,45,71,0.5634,0.462,1.44e-05
"ENSG00000188315","C3orf62","LI_raw",30,30,1,41,73,0.5794,0.3244,5.22e-06
"ENSG00000077150","NFKB2","LI_raw",30,30,1,49,74,0.587,0.238,1.51e-05
"ENSG00000131187","F12","LI_raw",13,13,1,71,74,0.4468,0.597,1.63e-05
"ENSG00000157514","TSC22D3","LI_raw",31,31,1,27,75,0.6074,0.3246,6.69e-06
"ENSG00000216316","RP3-354N19.3","LI_raw",15,15,1,74,76,0.4981,0.4494,2.6e-05
"ENSG00000181826","RELL1","LI_raw",30,30,1,47,77,0.6008,0.3103,1.55e-05
"ENSG00000178502","KLHL11","LI_raw",27,27,1,58,79,0.6327,-0.1641,1.47e-05
"ENSG00000110931","CAMKK2","LI_raw",31,31,1,25,80,0.6389,0.2864,6.82e-06
"ENSG00000150712","MTMR12","LI_raw",30,30,1,61,80,0.6275,0.1574,1.4e-05
"ENSG00000264584","RN7SL600P","LI_raw",25,25,1,68,80,0.5937,0.4198,2.31e-05
"ENSG00000176463","SLCO3A1","LI_raw",30,30,1,48,82,0.6518,0.2777,1.75e-05
"ENSG00000206560","ANKRD28","LI_raw",30,30,1,68,82,0.6318,0.2322,2.02e-05
"ENSG00000135870","RC3H1","LI_raw",31,31,1,20,83,0.6661,0.2005,7.81e-07
"ENSG00000167236","CCL23","LI_raw",3,3,1,82,83,0.3974,1.1017,5.25e-05
"ENSG00000169429","IL8","LI_raw",23,23,1,72,85,0.6463,-0.6413,2.32e-05
"ENSG00000180221","RP11-179B15.2","LI_raw",21,21,1,81,85,0.6149,0.4054,4.52e-05
"ENSG00000111837","MAK","LI_raw",27,27,1,70,86,0.66,0.5354,3.26e-05
"ENSG00000183690","EFHC2","LI_raw",23,23,1,80,89,0.6679,0.3654,4.61e-05
"ENSG00000204054","LINC00963","LI_raw",30,30,1,56,89,0.7114,0.3134,5.64e-05
"ENSG00000010361","FUZ","LI_raw",25,25,1,78,90,0.6747,0.3202,5.39e-05
"ENSG00000119321","FKBP15","LI_raw",31,31,1,38,90,0.7372,0.1777,1.48e-05
"ENSG00000095951","HIVEP1","LI_raw",31,31,1,62,93,0.7277,0.1785,4.02e-05
"ENSG00000164823","OSGIN2","LI_raw",30,30,1,53,93,0.748,0.3245,3.66e-05
"ENSG00000173171","MTX1","LI_raw",29,29,1,50,93,0.7336,0.3448,2.97e-05
"ENSG00000135116","HRK","LI_raw",10,10,1,91,96,0.546,0.9623,9.59e-05
"ENSG00000197818","SLC9A8","LI_raw",29,29,1,78,96,0.737,0.298,7.94e-05
"ENSG00000077514","POLD3","LI_raw",28,28,1,59,97,0.749,0.1915,2.26e-05
"ENSG00000163346","PBXIP1","LI_raw",31,31,1,44,97,0.7948,0.2675,3.22e-05
"ENSG00000264508","RN7SL473P","LI_raw",22,22,1,90,97.5,0.7118,0.4393,7.67e-05
"ENSG00000165609","NUDT5","LI_raw",30,30,1,70,98,0.7789,0.1824,6.05e-05
"ENSG00000149532","CPSF7","LI_raw",28,28,1,86,100.5,0.769,0.2494,6.92e-05
"ENSG00000072401","UBE2D1","LI_raw",30,30,1,63,101,0.8068,0.3938,6.79e-05
"ENSG00000198734","F5","LI_raw",30,30,1,52,101,0.7988,0.4031,3.52e-05
"ENSG00000149187","CELF1","LI_raw",31,31,1,77,102,0.7847,0.1482,4.51e-05
"ENSG00000238160","AC116366.5","LI_raw",30,30,1,59,102.5,0.8306,0.3989,7.99e-05
"ENSG00000197852","FAM212B","LI_raw",31,31,1,40,103,0.8282,0.4222,7.29e-05
"ENSG00000177125","ZBTB34","LI_raw",31,31,1,31,105,0.849,0.2778,2.33e-05
"ENSG00000064012","CASP8","LI_raw",31,31,1,43,106,0.844,0.1978,5.81e-05
"ENSG00000260417","CTD-2542L18.1","LI_raw",10,10,1,100,107,0.5889,0.6145,0.000133
"ENSG00000065526","SPEN","LI_raw",31,31,1,80,110,0.8676,0.1665,7.57e-05
"ENSG00000108669","CYTH1","LI_raw",31,31,1,76,110,0.8937,0.1297,4.36e-05
"ENSG00000154803","FLCN","LI_raw",30,30,1,84,110.5,0.8732,0.2134,0.000107
"ENSG00000213066","FGFR1OP","LI_raw",27,27,1,95,111,0.8259,0.1987,0.00012
"ENSG00000213203","GIMAP1","LI_raw",30,30,1,67,112,0.9009,-0.1616,0.000104
"ENSG00000197965","MPZL1","LI_raw",31,31,1,50,113,0.8992,0.4136,0.000133
"ENSG00000176871","WSB2","LI_raw",30,30,1,91,114.5,0.9021,0.2125,0.00011
"ENSG00000003402","CFLAR","LI_raw",31,31,1,34,115,0.9071,0.2453,5.6e-05
"ENSG00000185020","RP11-111G23.1","LI_raw",5,5,1,109,115,0.5514,0.9372,0.000261
"ENSG00000203804","ADAMTSL4-AS1","LI_raw",24,24,1,100,115.5,0.8675,0.4718,0.00015
"ENSG00000173846","PLK3","LI_raw",25,25,1,98,116,0.858,0.252,0.000131
"ENSG00000172197","MBOAT1","LI_raw",30,30,1,62,117,0.9182,0.193,7.47e-05
"ENSG00000171791","BCL2","LI_raw",31,31,1,42,118,0.949,-0.2327,0.00013
"ENSG00000196588","MKL1","LI_raw",30,30,1,93,118,0.9419,0.2218,0.000157
"ENSG00000105810","CDK6","LI_raw",30,30,1,69,118.5,0.9621,-0.2015,0.00011
"ENSG00000171368","TPPP","LI_raw",10,10,1,114,121,0.6804,0.5389,0.000226
"ENSG00000152242","C18orf25","LI_raw",30,30,1,102,122,0.9538,0.1368,0.000142
"ENSG00000188895","MSL1","LI_raw",31,31,1,35,122,0.9781,0.2904,5.62e-05
"ENSG00000084764","MAPRE3","LI_raw",16,16,1,117,123.5,0.8303,0.4234,0.000249
"ENSG00000160588","MPZL3","LI_raw",31,31,1,41,125,1.0026,0.3463,0.00012
"ENSG00000167552","TUBA1A","LI_raw",31,31,1,37,125,0.9945,0.3425,7.24e-05
"ENSG00000148411","NACC2","LI_raw",30,30,1,75,125.5,0.9936,0.2678,0.000147
"ENSG00000168824","NSG1","LI_raw",18,18,1,114,127.5,0.8827,-0.5791,0.000341
"ENSG00000130768","SMPDL3B","LI_raw",7,7,1,118,129,0.7026,0.7066,0.000372
"ENSG00000118495","PLAGL1","LI_raw",26,26,1,123,130.5,0.9454,0.3018,0.000314
"ENSG00000171988","JMJD1C","LI_raw",31,31,1,26,132,1.0511,0.2374,8.46e-06
"ENSG00000084731","KIF3C","LI_raw",23,23,1,123,135,0.9991,0.3678,0.000373
"ENSG00000174083","PIK3R6","LI_raw",23,23,1,128,135,0.9623,0.424,0.000377
"ENSG00000160229","ZNF66","LI_raw",26,26,1,125,135.5,0.9868,0.3187,0.00034
"ENSG00000118260","CREB1","LI_raw",31,31,1,39,136,1.1135,0.1713,7.29e-05
"ENSG00000130940","CASZ1","LI_raw",19,19,1,127,136,0.9709,0.2942,0.000356
"ENSG00000228242","AC093495.4","LI_raw",23,23,1,121,138,1.0136,0.3953,0.000374
"ENSG00000196850","PPTC7","LI_raw",30,30,1,82,138.5,1.0939,0.177,0.000197
"ENSG00000188026","RILPL1","LI_raw",18,18,1,126,139.5,0.9456,0.4102,0.000382
"ENSG00000143420","ENSA","LI_raw",29,29,1,121,140,1.0654,0.131,0.000276
"ENSG00000248936","RP11-36B15.1","LI_raw",7,7,1,132,140,0.7509,0.5012,0.000452
"ENSG00000124731","TREM1","LI_raw",31,31,1,49,141,1.1375,0.4141,0.00032
"ENSG00000133703","KRAS","LI_raw",30,30,1,107,141.5,1.1168,0.1433,2e-04
"ENSG00000273243","CTA-217C2.2","LI_raw",19,19,1,136,142,0.9916,0.3722,0.000457
"ENSG00000105204","DYRK1B","LI_raw",26,26,1,116,142.5,1.0751,0.2438,0.000309
"ENSG00000154928","EPHB1","LI_raw",30,30,1,99,143.5,1.1407,0.4427,0.000523
"ENSG00000144635","DYNC1LI1","LI_raw",30,30,1,88,145,1.1459,0.2198,0.000284
"ENSG00000165046","LETM2","LI_raw",24,24,1,119,145.5,1.0675,0.3665,0.000308
"ENSG00000259687","RP11-293M10.5","LI_raw",14,14,1,137,145.5,0.9216,0.4663,0.000521
"ENSG00000224356","RP11-151A6.4","LI_raw",16,16,1,129,149.5,0.9877,-0.3271,0.000575
"ENSG00000083223","ZCCHC6","LI_raw",31,31,1,33,151,1.2236,0.227,4.84e-05
"ENSG00000116815","CD58","LI_raw",30,30,1,122,151.5,1.2073,0.2173,0.000555
"ENSG00000125384","PTGER2","LI_raw",30,30,1,94,151.5,1.2008,-0.1844,0.000343
"ENSG00000111328","CDK2AP1","LI_raw",24,24,1,108,152.5,1.1225,0.2681,0.000167
"ENSG00000125744","RTN2","LI_raw",19,19,1,139,154,1.0673,0.4325,0.000673
"ENSG00000143384","MCL1","LI_raw",31,31,1,36,154,1.2337,0.2368,7.24e-05
"ENSG00000005238","FAM214B","LI_raw",31,31,1,58,155,1.2532,0.2873,0.00054
"ENSG00000073737","DHRS9","LI_raw",29,29,1,106,155,1.2209,0.4356,0.000618
"ENSG00000156502","SUPV3L1","LI_raw",27,27,1,111,155,1.2148,-0.1442,0.000371
"ENSG00000155755","TMEM237","LI_raw",16,16,1,126,156.5,1.0353,-0.2764,0.000709
"ENSG00000228941","UBE3AP2","LI_raw",6,6,1,135,156.5,0.795,-0.5278,0.000793
"ENSG00000139436","GIT2","LI_raw",31,31,1,52,157,1.3041,0.1637,0.000176
"ENSG00000258714","RP11-998D10.7","LI_raw",5,5,1,155,158,0.7624,0.6657,0.000748
"ENSG00000226266","AC009961.3","LI_raw",21,21,1,148,159,1.1295,0.2555,0.000776
"ENSG00000166986","MARS","LI_raw",30,30,1,94,160,1.3586,0.1425,0.000256
"ENSG00000174010","KLHL15","LI_raw",28,28,1,63,160,1.185,-0.1385,5.34e-05
"ENSG00000196372","ASB13","LI_raw",25,25,1,97,160,1.1998,-0.1813,0.000188
"ENSG00000146826","C7orf43","LI_raw",29,29,1,123,161,1.2775,0.2528,0.000832
"ENSG00000261471","RP11-61F12.1","LI_raw",19,19,1,155,163,1.1224,0.43,0.000922
"ENSG00000239250","RN7SL271P","LI_raw",1,1,1,165,165,0.6851,0.9213,0.00152
"ENSG00000023902","PLEKHO1","LI_raw",31,31,1,125,166,1.3251,0.1641,0.000557
"ENSG00000093000","NUP50","LI_raw",31,31,1,45,166,1.3592,0.1822,0.000216
"ENSG00000161638","ITGA5","LI_raw",31,31,1,57,167,1.3274,0.2527,0.00045
"ENSG00000143878","RHOB","LI_raw",31,31,1,117,168,1.3619,0.2863,0.000785
"ENSG00000172765","TMCC1","LI_raw",30,30,1,104,168.5,1.3481,0.2628,0.00065
"ENSG00000137841","PLCB2","LI_raw",31,31,1,90,170,1.3947,0.2313,0.000616
"ENSG00000100228","RAB36","LI_raw",10,10,1,152,170.5,0.9711,0.5727,0.000751
"ENSG00000107745","MICU1","LI_raw",29,29,1,121,171,1.3464,0.1532,0.000487
"ENSG00000272016","RP11-215G15.5","LI_raw",19,19,1,163,171,1.1775,0.3011,0.000986
"ENSG00000118997","DNAH7","LI_raw",14,14,1,163,171.5,1.0846,0.6104,0.00102
"ENSG00000159713","TPPP3","LI_raw",18,18,1,159,171.5,1.1611,0.4391,0.000982
"ENSG00000241770","RP11-555M1.3","LI_raw",3,3,1,162,172,0.8236,0.7081,0.00135
"ENSG00000131759","RARA","LI_raw",30,30,1,105,173,1.3655,0.3273,0.000657
"ENSG00000165879","FRAT1","LI_raw",31,31,1,72,174,1.3988,0.3064,0.000845
"ENSG00000172830","SSH3","LI_raw",26,26,1,111,176,1.3329,0.2884,0.000266
"ENSG00000176407","KCMF1","LI_raw",30,30,1,144,178,1.3705,0.1131,0.000726
"ENSG00000105287","PRKD2","LI_raw",30,30,1,126,178.5,1.415,0.2365,0.000805
"ENSG00000137409","MTCH1","LI_raw",31,31,1,143,179,1.3685,0.1267,0.000654
"ENSG00000107341","UBE2R2","LI_raw",30,30,1,107,180,1.4345,0.219,0.000672
"ENSG00000235423","RP11-282O18.3","LI_raw",6,6,1,161,180.5,0.9077,0.5408,0.00112
"ENSG00000106638","TBL2","LI_raw",28,28,1,100,181,1.4408,-0.1348,0.000383
"ENSG00000140263","SORD","LI_raw",22,22,1,159,181.5,1.3108,0.2906,0.00104
"ENSG00000150961","SEC24D","LI_raw",30,30,1,89,183,1.4563,0.1622,0.000287
"ENSG00000269194","AC006942.4","LI_raw",14,14,1,173,183.5,1.1315,0.4246,0.00126
"ENSG00000136383","ALPK3","LI_raw",12,12,1,175,185.5,1.0682,0.5035,0.00136
"ENSG00000105205","CLC","LI_raw",29,29,1,148,186,1.4877,0.6033,0.00109
"ENSG00000134815","DHX34","LI_raw",30,30,1,121,186,1.4665,0.2987,0.00101
"ENSG00000145819","ARHGAP26","LI_raw",31,31,1,51,186,1.475,0.2677,0.000443
"ENSG00000237781","RP11-54A4.2","LI_raw",22,22,1,175,186.5,1.3825,0.4624,0.00123
"ENSG00000255031","RP11-802E16.3","LI_raw",25,25,1,144,188,1.404,0.2577,0.000904
"ENSG00000180712","RP11-290F5.2","LI_raw",9,9,1,187,189,1.0083,0.5217,0.00153
"ENSG00000217128","FNIP1","LI_raw",31,31,1,47,191,1.54,0.2354,0.000285
"ENSG00000236609","ZNF853","LI_raw",18,18,1,146,191.5,1.2907,-0.2586,0.000757
"ENSG00000113161","HMGCR","LI_raw",31,31,1,48,192,1.5423,0.227,0.000285
"ENSG00000102409","BEX4","LI_raw",26,26,1,160,192.5,1.4291,-0.2019,0.00125
"ENSG00000114670","NEK11","LI_raw",19,19,1,169,193,1.322,0.2825,0.00109
"ENSG00000259418","RP11-109D20.1","LI_raw",10,10,1,185,195.5,1.1189,0.5242,0.00153
"ENSG00000100030","MAPK1","LI_raw",31,31,1,32,196,1.5822,0.1904,4.43e-05
"ENSG00000258922","CTD-2313J17.1","LI_raw",12,12,1,163,196.5,1.169,0.4394,0.00101
"ENSG00000182504","CEP97","LI_raw",29,29,1,140,197,1.4987,0.1803,0.000777
"ENSG00000035664","DAPK2","LI_raw",30,30,1,124,197.5,1.5738,0.3512,0.00119
"ENSG00000051620","HEBP2","LI_raw",31,31,1,137,198,1.6317,0.1906,0.00118
"ENSG00000151151","IPMK","LI_raw",31,31,1,59,199,1.6009,0.2933,0.000953
"ENSG00000131203","IDO1","LI_raw",19,19,1,172,200,1.4216,0.5542,0.00128
"ENSG00000197324","LRP10","LI_raw",31,31,1,64,200,1.5933,0.3018,0.00102
"ENSG00000116954","RRAGC","LI_raw",29,29,1,113,201,1.5686,0.1643,0.000618
"ENSG00000223725","AC007879.5","LI_raw",14,14,1,152,202,1.233,0.4236,0.000973
"ENSG00000227811","RP4-773A18.4","LI_raw",12,12,1,170,202.5,1.1971,0.4683,0.00109
"ENSG00000166130","IKBIP","LI_raw",29,29,1,157,203,1.6102,0.3208,0.00131
"ENSG00000145491","ROPN1L","LI_raw",26,26,1,135,204,1.5396,0.4487,0.000683
"ENSG00000196684","HSH2D","LI_raw",30,30,1,138,204,1.6214,0.2796,0.00119
"ENSG00000258820","RP11-293M10.2","LI_raw",5,5,1,190,204,0.9782,0.689,0.00191
"ENSG00000125347","IRF1","LI_raw",31,31,1,55,205,1.6342,0.2338,0.000543
"ENSG00000136925","TSTD2","LI_raw",27,27,1,136,205,1.6451,-0.1162,0.00102
"ENSG00000168675","LDLRAD4","LI_raw",30,30,1,97,205,1.6109,-0.128,0.000402
"ENSG00000248727","CTC-236F12.4","LI_raw",16,16,1,183,206.5,1.3569,0.3675,0.00124
"ENSG00000234506","RP11-274B18.2","LI_raw",23,23,1,190,208,1.5474,0.4286,0.00158
"ENSG00000112763","BTN2A1","LI_raw",30,30,1,167,211,1.6772,0.2024,0.00146
"ENSG00000174738","NR1D2","LI_raw",30,30,1,119,212.5,1.7121,-0.1591,0.000867
"ENSG00000064687","ABCA7","LI_raw",31,31,1,156,214,1.7303,0.297,0.00146
"ENSG00000155099","TMEM55A","LI_raw",30,30,1,119,214,1.7049,0.2639,0.00109
"ENSG00000163026","C2orf44","LI_raw",27,27,1,164,214,1.6818,-0.1533,0.00156
"ENSG00000004455","AK2","LI_raw",30,30,1,98,216,1.8462,-0.0844,0.000436
"ENSG00000212304","SNORD12","LI_raw",22,22,1,147,217,1.5318,0.2922,0.000788
"ENSG00000249096","RP11-290F5.1","LI_raw",22,22,1,201,217.5,1.5648,0.3626,0.00174
"ENSG00000105656","ELL","LI_raw",29,29,1,134,219,1.6903,0.2909,0.00123
"ENSG00000236021","RP11-195C7.1","LI_raw",13,13,1,200,221,1.3222,0.3631,0.00171
"ENSG00000132694","ARHGEF11","LI_raw",30,30,1,120,222,1.7545,0.2479,0.00109
"ENSG00000118515","SGK1","LI_raw",31,31,1,70,224,1.7944,0.2627,0.00125
"ENSG00000166716","ZNF592","LI_raw",30,30,1,164,225,1.7889,0.2003,0.00159
"ENSG00000110619","CARS","LI_raw",30,30,1,130,226.5,1.8545,0.1306,0.00122
"ENSG00000112759","SLC29A1","LI_raw",17,17,1,204,227,1.5213,0.4981,0.00189
"ENSG00000119729","RHOQ","LI_raw",30,30,1,167,227,1.8005,0.1638,0.00139
"ENSG00000158201","ABHD3","LI_raw",31,31,1,122,227,1.8025,0.1893,0.00149
"ENSG00000134755","DSC2","LI_raw",30,30,1,136,227.5,1.7906,0.4042,0.00148
"ENSG00000179833","SERTAD2","LI_raw",29,29,1,185,228,1.7594,0.182,0.00177
"ENSG00000151422","FER","LI_raw",28,28,1,146,229.5,1.8226,-0.1473,0.00147
"ENSG00000103355","PRSS33","LI_raw",9,9,1,217,230,1.2546,0.7894,0.00214
"ENSG00000120318","ARAP3","LI_raw",26,26,1,193,230,1.7166,0.3899,0.00204
"ENSG00000105366","SIGLEC8","LI_raw",15,15,1,217,232,1.5209,0.6903,0.00199
"ENSG00000118900","UBN1","LI_raw",31,31,1,74,232,1.8694,0.3207,0.00135
"ENSG00000174944","P2RY14","LI_raw",26,26,1,210,232,1.7018,0.375,0.002
"ENSG00000065665","SEC61A2","LI_raw",24,24,1,168,233,1.7188,0.2192,0.0011
"ENSG00000166439","RNF169","LI_raw",31,31,1,73,233,1.8905,0.1566,0.000893
"ENSG00000136710","CCDC115","LI_raw",30,30,1,102,234.5,1.8074,-0.1318,0.000543
"ENSG00000165832","TRUB1","LI_raw",26,26,1,161,234.5,1.8372,-0.1635,0.00164
"ENSG00000157450","RNF111","LI_raw",30,30,1,169,236,1.8426,0.1297,0.00138
"ENSG00000171960","PPIH","LI_raw",24,24,1,169,237,1.7093,-0.1511,0.00175
"ENSG00000181778","TMEM252","LI_raw",19,19,1,185,237,1.609,0.4882,0.00142
"ENSG00000116017","ARID3A","LI_raw",30,30,1,133,239.5,1.8914,0.2899,0.00136
"ENSG00000187566","NHLRC1","LI_raw",9,9,1,198,240,1.3033,-0.3574,0.00225
"ENSG00000185033","SEMA4B","LI_raw",29,29,1,199,242,1.9146,0.2615,0.00224
"ENSG00000249863","RP11-177C12.1","LI_raw",18,18,1,229,242.5,1.6506,0.2803,0.0022
"ENSG00000005339","CREBBP","LI_raw",31,31,1,132,243,1.964,0.219,0.00177
"ENSG00000100906","NFKBIA","LI_raw",31,31,1,92,243,1.9486,0.2118,0.00125
"ENSG00000129347","KRI1","LI_raw",28,28,1,151,243,1.8805,-0.1551,0.00161
"ENSG00000151778","SERP2","LI_raw",2,2,1,243,243,1.0862,0.706,0.00375
"ENSG00000081189","MEF2C","LI_raw",31,31,1,30,244,1.8887,-0.1895,2.24e-05
"ENSG00000174358","SLC6A19","LI_raw",4,4,1,235,244.5,1.1548,0.9717,0.00337
"ENSG00000228283","KATNBL1P6","LI_raw",20,20,1,235,247,1.7801,0.3225,0.0023
"ENSG00000120129","DUSP1","LI_raw",31,31,1,79,248,1.9971,0.3293,0.00149
"ENSG00000225358","MIPEPP1","LI_raw",5,5,1,202,248,1.1172,-0.4962,0.0029
"ENSG00000180304","OAZ2","LI_raw",31,31,1,98,249,2.0133,0.2318,0.0016
"ENSG00000238829","RNU7-45P","LI_raw",19,19,1,229,249,1.7304,0.3181,0.00218
"ENSG00000105993","DNAJB6","LI_raw",30,30,1,190,251,2.0041,0.1688,0.00205
"ENSG00000158156","XKR8","LI_raw",26,26,1,192,252,1.8872,0.2787,0.0021
"ENSG00000237788","RP5-1041C10.3","LI_raw",21,21,1,220,254,1.7955,0.2691,0.00219
"ENSG00000007255","TRAPPC6A","LI_raw",26,26,1,158,257,1.9201,-0.185,0.00179
"ENSG00000234493","GS1-421I3.2","LI_raw",7,7,1,250,260,1.3946,0.7311,0.00296
"ENSG00000169231","THBS3","LI_raw",27,27,1,188,263,2.0461,0.1893,0.00199
"ENSG00000197405","C5AR1","LI_raw",30,30,1,151,263.5,2.0805,0.3536,0.0019
"ENSG00000159596","TMEM69","LI_raw",26,26,1,137,264,2.0484,-0.1129,0.00103
"ENSG00000170956","CEACAM3","LI_raw",30,30,1,167,264.5,2.0884,0.3591,0.0023
"ENSG00000166046","TCP11L2","LI_raw",31,31,1,123,266,2.1411,0.1781,0.00177
"ENSG00000261884","CTC-479C5.12","LI_raw",24,24,1,181,266,1.9419,0.2364,0.00156
"ENSG00000136541","ERMN","LI_raw",25,25,1,224,268,1.9809,-0.1981,0.00243
"ENSG00000007516","BAIAP3","LI_raw",22,22,1,214,269.5,1.971,0.4468,0.00207
"ENSG00000118263","KLF7","LI_raw",31,31,1,95,270,2.175,0.207,0.00209
"ENSG00000156162","DPY19L4","LI_raw",28,28,1,175,270,2.164,-0.1885,0.00199
"ENSG00000163736","PPBP","LI_raw",31,31,1,182,271,2.1831,0.4467,0.00288
"ENSG00000242083","RPL7AP31","LI_raw",15,15,1,250,271,1.7932,-0.2746,0.00285
"ENSG00000142512","SIGLEC10","LI_raw",31,31,1,87,274,2.1849,0.3396,0.00206
"ENSG00000186204","CYP4F12","LI_raw",19,19,1,252,274,1.8868,0.3718,0.00308
"ENSG00000188603","CLN3","LI_raw",23,23,1,159,274,1.9162,0.1867,0.00101
"ENSG00000136238","RAC1","LI_raw",31,31,1,126,275,2.211,0.165,0.0017
"ENSG00000161905","ALOX15","LI_raw",17,17,1,263,275,1.8269,0.7874,0.00338
"ENSG00000168781","PPIP5K1","LI_raw",19,19,1,236,275,1.9102,-0.2322,0.00265
"ENSG00000171475","WIPF2","LI_raw",29,29,1,208,275,2.1149,0.1986,0.00278
"ENSG00000141012","GALNS","LI_raw",28,28,1,198,276.5,2.1133,0.2587,0.00241
"ENSG00000241839","PLEKHO2","LI_raw",30,30,1,154,278,2.2092,0.2553,0.00204
"ENSG00000205927","OLIG2","LI_raw",15,15,1,262,279,1.8131,0.6562,0.00323
"ENSG00000232373","MTCYBP3","LI_raw",5,5,1,267,279,1.3455,0.5762,0.00331
"ENSG00000248712","CCDC153","LI_raw",18,18,1,253,279.5,1.8908,0.3969,0.0033
"ENSG00000162881","OXER1","LI_raw",17,17,1,235,280,1.8468,0.4009,0.00267
"ENSG00000090372","STRN4","LI_raw",27,27,1,238,282,2.1146,0.2263,0.00318
"ENSG00000159128","IFNGR2","LI_raw",31,31,1,113,283,2.2827,0.2355,0.00268
"ENSG00000169220","RGS14","LI_raw",31,31,1,141,283,2.272,0.2012,0.00252
"ENSG00000136940","PDCL","LI_raw",27,27,1,126,284,2.1684,-0.1136,0.000796
"ENSG00000133943","C14orf159","LI_raw",31,31,1,140,285,2.3032,0.2229,0.00274
"ENSG00000144711","IQSEC1","LI_raw",31,31,1,178,286,2.3124,0.2156,0.00272
"ENSG00000100393","EP300","LI_raw",31,31,1,207,288,2.319,0.1789,0.00261
"ENSG00000209042","SNORD12C","LI_raw",17,17,1,254,288,1.926,0.3167,0.00308
"ENSG00000115840","SLC25A12","LI_raw",28,28,1,191,288.5,2.2694,-0.1284,0.00284
"ENSG00000115310","RTN4","LI_raw",31,31,1,191,289,2.106,0.1225,0.00188
"ENSG00000132510","KDM6B","LI_raw",30,30,1,194,289,2.2816,0.3434,0.00299
"ENSG00000184575","XPOT","LI_raw",29,29,1,121,289,2.2919,-0.1332,0.000941
"ENSG00000166900","STX3","LI_raw",31,31,1,104,290,2.3448,0.2846,0.00252
"ENSG00000253193","FCGR1C","LI_raw",7,7,1,284,290,1.5346,0.7838,0.00372
"ENSG00000101307","SIRPB1","LI_raw",30,30,1,178,290.5,2.2936,0.3005,0.00252
"ENSG00000102921","N4BP1","LI_raw",31,31,1,102,291,2.3184,0.2136,0.00209
"ENSG00000215086","NPM1P24","LI_raw",17,17,1,212,291,2.0039,-0.3108,0.00312
"ENSG00000168461","RAB31","LI_raw",31,31,1,77,292,2.3362,0.237,0.00192
"ENSG00000205155","PSENEN","LI_raw",28,28,1,154,292.5,2.1836,0.209,0.00107
"ENSG00000160685","ZBTB7B","LI_raw",31,31,1,196,293,2.39,0.2057,0.00283
"ENSG00000178015","GPR150","LI_raw",5,5,1,270,296,1.4289,-0.5121,0.00444
"ENSG00000177990","DPY19L2","LI_raw",10,10,1,257,297,1.6802,-0.4814,0.00404
"ENSG00000121749","TBC1D15","LI_raw",29,29,1,103,298,2.3845,-0.1511,0.000533
"ENSG00000183762","KREMEN1","LI_raw",28,28,1,246,298,2.2741,0.5474,0.00389
"ENSG00000095397","DFNB31","LI_raw",14,14,1,268,299.5,1.9429,0.4667,0.00332
"ENSG00000104660","LEPROTL1","LI_raw",30,30,1,118,299.5,2.3375,-0.1096,0.000867
"ENSG00000086712","TXLNG","LI_raw",28,28,1,169,300.5,2.3571,-0.1381,0.00196
"ENSG00000051382","PIK3CB","LI_raw",30,30,1,197,302,2.341,0.1422,0.00238
"ENSG00000149600","COMMD7","LI_raw",25,25,1,234,303,2.2496,-0.1341,0.00361
"ENSG00000167193","CRK","LI_raw",30,30,1,189,304.5,2.4058,0.1566,0.0028
"ENSG00000113732","ATP6V0E1","LI_raw",31,31,1,235,305,2.415,0.1472,0.00327
"ENSG00000171777","RASGRP4","LI_raw",30,30,1,181,305,2.4064,0.3205,0.00265
"ENSG00000136404","TM6SF1","LI_raw",30,30,1,173,305.5,2.4064,0.2461,0.0024
"ENSG00000102218","RP2","LI_raw",31,31,1,89,306,2.5272,0.2151,0.00215
"ENSG00000125962","ARMCX5","LI_raw",24,24,1,242,307.5,2.2351,-0.1707,0.00377
"ENSG00000138623","SEMA7A","LI_raw",25,25,1,273,309,2.2661,0.2823,0.00393
"ENSG00000183023","SLC8A1","LI_raw",31,31,1,112,309,2.4984,0.2543,0.00287
"ENSG00000196411","EPHB4","LI_raw",25,25,1,231,309,2.2807,0.4204,0.00337
"ENSG00000140382","HMG20A","LI_raw",29,29,1,243,310,2.2722,-0.1126,0.00329
"ENSG00000163297","ANTXR2","LI_raw",31,31,1,65,310,2.4856,0.1784,0.00136
"ENSG00000173120","KDM2A","LI_raw",31,31,1,200,312,2.5004,0.1444,0.00247
"ENSG00000154153","FAM134B","LI_raw",27,27,1,198,314,2.4787,-0.2125,0.00277
"ENSG00000134489","HRH4","LI_raw",23,23,1,287,315,2.2587,0.4366,0.00429
"ENSG00000272719","CTB-161C1.1","LI_raw",7,7,1,309,315,1.6692,0.5678,0.00476
"ENSG00000065882","TBC1D1","LI_raw",31,31,1,96,316,2.5469,0.1734,0.00171
"ENSG00000128016","ZFP36","LI_raw",30,30,1,248,318.5,2.5313,0.2118,0.00387
"ENSG00000095370","SH2D3C","LI_raw",30,30,1,229,319.5,2.5554,0.1956,0.00359
"ENSG00000103653","CSK","LI_raw",30,30,1,255,319.5,2.5499,0.1843,0.00375
"ENSG00000160055","TMEM234","LI_raw",27,27,1,251,320,2.4108,0.1938,0.00366
"ENSG00000124788","ATXN1","LI_raw",31,31,1,151,321,2.5954,0.1736,0.00271
"ENSG00000232303","RP11-205M20.7","LI_raw",17,17,1,279,321,2.1192,0.2654,0.00363
"ENSG00000160877","NACC1","LI_raw",24,24,1,299,321.5,2.3628,0.2313,0.00422
"ENSG00000251002","AE000661.37","LI_raw",18,18,1,287,321.5,2.1778,0.323,0.00372
"ENSG00000245937","CTC-228N24.3","LI_raw",28,28,1,250,323.5,2.5038,-0.1649,0.00427
"ENSG00000184014","DENND5A","LI_raw",31,31,1,93,324,2.6197,0.2178,0.00209
"ENSG00000233431","RP11-63N8.3","LI_raw",9,9,1,306,325,1.7163,0.5212,0.005
"ENSG00000256826","AC138744.2","LI_raw",3,3,1,318,326,1.5632,0.6776,0.00627
"ENSG00000085662","AKR1B1","LI_raw",28,28,1,176,328,2.5408,-0.1633,0.00243
"ENSG00000166016","ABTB2","LI_raw",17,17,1,309,329,2.1989,0.4227,0.005
"ENSG00000236317","RP11-348H3.5","LI_raw",1,1,1,329,329,1.3661,0.6297,0.00715
"ENSG00000111348","ARHGDIB","LI_raw",31,31,1,149,330,2.6718,0.1769,0.00315
"ENSG00000147475","ERLIN2","LI_raw",29,29,1,106,331,2.4175,-0.0925,0.000616
"ENSG00000197442","MAP3K5","LI_raw",31,31,1,82,332,2.6705,0.1655,0.00173
"ENSG00000154845","PPP4R1","LI_raw",31,31,1,91,334,2.675,0.2515,0.0023
"ENSG00000197635","DPP4","LI_raw",28,28,1,200,334.5,2.6007,-0.2135,0.00307
"ENSG00000119138","KLF9","LI_raw",28,28,1,216,335,2.5656,-0.1581,0.00342
"ENSG00000169884","WNT10B","LI_raw",16,16,1,285,336,2.2595,-0.3133,0.0049
"ENSG00000134146","DPH6","LI_raw",23,23,1,294,338,2.497,-0.1794,0.00489
"ENSG00000008294","SPAG9","LI_raw",31,31,1,69,339,2.7295,0.1928,0.00171
"ENSG00000142599","RERE","LI_raw",30,30,1,252,339,2.6854,0.1946,0.00369
"ENSG00000168010","ATG16L2","LI_raw",31,31,1,171,339,2.7369,0.2538,0.00375
"ENSG00000151465","CDC123","LI_raw",30,30,1,269,339.5,2.6995,0.1731,0.00448
"ENSG00000182240","BACE2","LI_raw",27,27,1,272,340,2.4776,0.2891,0.00438
"ENSG00000072518","MARK2","LI_raw",29,29,1,270,342,2.6676,0.2399,0.00419
"ENSG00000109381","ELF2","LI_raw",31,31,1,145,342,2.7623,0.1513,0.0036
"ENSG00000140678","ITGAX","LI_raw",31,31,1,128,343,2.7733,0.3145,0.00357
"ENSG00000146833","TRIM4","LI_raw",30,30,1,217,343.5,2.7259,-0.0897,0.00342
"ENSG00000205221","VIT","LI_raw",3,3,1,340,344,1.6471,-0.7169,0.00693
"ENSG00000126814","TRMT5","LI_raw",22,22,1,304,345,2.5508,-0.1956,0.0054
"ENSG00000103056","SMPD3","LI_raw",21,21,1,284,346,2.4652,0.4781,0.00497
"ENSG00000123684","LPGAT1","LI_raw",31,31,1,60,349,2.8014,0.1795,0.00138
"ENSG00000135272","MDFIC","LI_raw",30,30,1,205,350,2.8144,-0.1628,0.00336
"ENSG00000182782","HCAR2","LI_raw",30,30,1,233,350.5,2.7967,0.3581,0.00466
"ENSG00000002834","LASP1","LI_raw",31,31,1,142,351,2.8461,0.2093,0.00304
"ENSG00000128335","APOL2","LI_raw",31,31,1,233,354,2.8703,0.2208,0.00414
"ENSG00000163539","CLASP2","LI_raw",31,31,1,63,354,2.9472,-0.1022,0.00111
"ENSG00000198042","MAK16","LI_raw",28,28,1,261,354,2.727,-0.1315,0.00482
"ENSG00000091317","CMTM6","LI_raw",31,31,1,88,355,2.8038,0.212,0.00228
"ENSG00000115295","CLIP4","LI_raw",30,30,1,161,355.5,2.8473,-0.123,0.00227
"ENSG00000072864","NDE1","LI_raw",30,30,1,273,356,2.8389,0.2,0.0045
"ENSG00000186105","LRRC70","LI_raw",10,10,1,325,357,1.988,0.4109,0.00529
"ENSG00000008277","ADAM22","LI_raw",24,24,1,303,357.5,2.648,-0.2283,0.00537
"ENSG00000116729","WLS","LI_raw",31,31,1,120,359,2.8759,0.4668,0.00383
"ENSG00000179818","PCBP1-AS1","LI_raw",30,30,1,302,360,2.8233,0.1905,0.00484
"ENSG00000160712","IL6R","LI_raw",31,31,1,76,362,2.912,0.2514,0.002
"ENSG00000240429","LRRFIP1P1","LI_raw",23,23,1,312,362,2.4704,0.2036,0.00509
"ENSG00000064547","LPAR2","LI_raw",28,28,1,268,362.5,2.7934,0.279,0.00406
"ENSG00000199024","MIR103A2","LI_raw",7,7,1,314,363,1.8723,0.4975,0.0056
"ENSG00000147789","ZNF7","LI_raw",28,28,1,261,363.5,2.8907,-0.1078,0.00396
"ENSG00000119514","GALNT12","LI_raw",22,22,1,314,364,2.5879,-0.2122,0.0054
"ENSG00000125740","FOSB","LI_raw",7,7,1,328,365,1.9115,0.5494,0.0059
"ENSG00000173825","TIGD3","LI_raw",25,25,1,204,365,2.6137,0.3597,0.00238
"ENSG00000180370","PAK2","LI_raw",31,31,1,110,365,2.9041,0.1799,0.00257
"ENSG00000100138","NHP2L1","LI_raw",30,30,1,236,365.5,2.8729,-0.1095,0.00424
"ENSG00000269089","AP003733.1","LI_raw",19,19,1,311,366,2.6098,0.2731,0.00481
"ENSG00000065243","PKN2","LI_raw",31,31,1,187,368,2.948,0.1794,0.00386
"ENSG00000070718","AP3M2","LI_raw",28,28,1,285,369.5,2.7879,-0.1601,0.00557
"ENSG00000116793","PHTF1","LI_raw",29,29,1,277,371,2.9372,0.1671,0.00458
"ENSG00000250722","SEPP1","LI_raw",7,7,1,337,372,1.9952,-0.5957,0.00685
"ENSG00000260070","RP11-182J23.1","LI_raw",3,3,1,366,372,1.755,0.6733,0.00772
"ENSG00000089639","GMIP","LI_raw",30,30,1,246,374.5,3.014,0.2358,0.00476
"ENSG00000032444","PNPLA6","LI_raw",30,30,1,287,376,2.8734,0.1983,0.00476
"ENSG00000248780","RP11-632F7.1","LI_raw",3,3,1,370,376,1.8029,0.597,0.00804
"ENSG00000173868","PHOSPHO1","LI_raw",31,31,1,251,377,3.0201,0.3226,0.00478
"ENSG00000213963","AC074286.1","LI_raw",19,19,1,306,379,2.7636,-0.2243,0.00531
"ENSG00000099308","MAST3","LI_raw",30,30,1,251,380,3.0583,0.2433,0.00476
"ENSG00000123643","SLC36A1","LI_raw",29,29,1,326,380,2.94,0.2497,0.00577
"ENSG00000131795","RBM8A","LI_raw",29,29,1,79,380,2.7794,-0.1,0.000181
"ENSG00000272918","CTB-152G17.6","LI_raw",25,25,1,335,380,2.7317,0.2201,0.00583
"ENSG00000182541","LIMK2","LI_raw",31,31,1,116,381,3.0805,0.3063,0.00374
"ENSG00000172932","ANKRD13D","LI_raw",31,31,1,302,382,3.0078,0.1728,0.00484
"ENSG00000198019","FCGR1B","LI_raw",22,22,1,347,383,2.7868,0.4399,0.00639
"ENSG00000108175","ZMIZ1","LI_raw",30,30,1,286,384.5,3.0664,0.2378,0.00496
"ENSG00000186635","ARAP1","LI_raw",31,31,1,154,385,3.1148,0.2458,0.00398
"ENSG00000133169","BEX1","LI_raw",3,3,1,363,386,1.7381,-0.7105,0.00806
"ENSG00000257258","RP11-946L16.1","LI_raw",3,3,1,373,386,1.8509,0.6545,0.00819
"ENSG00000087206","UIMC1","LI_raw",30,30,1,278,387.5,3.1251,0.1304,0.00446
"ENSG00000256061","DYX1C1","LI_raw",1,1,1,388,388,1.611,0.6543,0.0104
"ENSG00000130164","LDLR","LI_raw",22,22,1,271,388.5,2.7583,0.2663,0.00444
"ENSG00000089159","PXN","LI_raw",30,30,1,221,390,3.0824,0.2619,0.00433
"ENSG00000130300","PLVAP","LI_raw",18,18,1,314,391.5,2.6278,0.5561,0.00543
"ENSG00000136518","ACTL6A","LI_raw",27,27,1,231,393,3.1014,-0.1418,0.00378
"ENSG00000248323","LUCAT1","LI_raw",30,30,1,245,393,3.1349,0.3131,0.00515
"ENSG00000175294","CATSPER1","LI_raw",17,17,1,345,394,2.6925,-0.271,0.00611
"ENSG00000187605","TET3","LI_raw",30,30,1,220,394,3.1107,0.1897,0.00417
"ENSG00000243745","RN7SL844P","LI_raw",5,5,1,383,394,1.9631,0.6904,0.00781
"ENSG00000131089","ARHGEF9","LI_raw",28,28,1,320,394.5,3.0048,-0.142,0.00544
"ENSG00000197555","SIPA1L1","LI_raw",31,31,1,125,395,3.1746,0.2117,0.00325
"ENSG00000222365","SNORD12B","LI_raw",21,21,1,327,396,2.8164,0.2856,0.00598
"ENSG00000226581","RP11-340I6.8","LI_raw",3,3,1,368,398,1.8145,-0.5859,0.00819
"ENSG00000165175","MID1IP1","LI_raw",30,30,1,260,399,3.2112,0.2267,0.00496
"ENSG00000238425","snoU13","LI_raw",13,13,1,340,399,2.3305,0.3901,0.00593
"ENSG00000168906","MAT2A","LI_raw",30,30,1,165,399.5,3.169,-0.1193,0.00249
"ENSG00000104960","PTOV1","LI_raw",30,30,1,282,401,3.138,0.1339,0.00458
"ENSG00000134982","APC","LI_raw",31,31,1,168,401,3.1726,0.1462,0.00399
"ENSG00000172530","BANP","LI_raw",30,30,1,311,401,3.2339,0.1573,0.00507
"ENSG00000202459","Y_RNA","LI_raw",3,3,1,395,402,1.894,0.5974,0.00856
"ENSG00000107438","PDLIM1","LI_raw",26,26,1,250,403,2.9774,0.2729,0.00361
"ENSG00000070413","DGCR2","LI_raw",30,30,1,275,403.5,3.2644,0.2053,0.00501
"ENSG00000008405","CRY1","LI_raw",27,27,1,271,404,3.1129,-0.1338,0.00467
"ENSG00000123066","MED13L","LI_raw",31,31,1,100,404,3.2261,0.144,0.00204
"ENSG00000102057","KCND1","LI_raw",5,5,1,381,405,2.0397,0.538,0.00781
"ENSG00000015285","WAS","LI_raw",28,28,1,277,405.5,3.0893,0.2576,0.00446
"ENSG00000136997","MYC","LI_raw",28,28,1,270,405.5,3.0234,-0.191,0.00516
"ENSG00000178982","EIF3K","LI_raw",30,30,1,216,405.5,3.2676,-0.0969,0.0038
"ENSG00000167699","GLOD4","LI_raw",30,30,1,157,407.5,3.2366,-0.1422,0.00206
"ENSG00000135899","SP110","LI_raw",30,30,1,324,408,3.29,0.1928,0.00544
"ENSG00000170006","TMEM154","LI_raw",31,31,1,84,408,3.2361,0.2359,0.00224
"ENSG00000112242","E2F3","LI_raw",29,29,1,308,410,3.2029,0.1795,0.00545
"ENSG00000267589","CTC-232P5.4","LI_raw",1,1,1,410,410,1.7024,0.6712,0.0109
"ENSG00000189319","FAM53B","LI_raw",30,30,1,294,412,3.3057,0.1699,0.00476
"ENSG00000239948","RN7SL368P","LI_raw",10,10,1,378,412.5,2.3272,0.4162,0.00701
"ENSG00000272941","RP11-134L10.1","LI_raw",22,22,1,365,413,2.978,0.3273,0.00675
"ENSG00000101940","WDR13","LI_raw",30,30,1,304,414.5,3.2322,0.138,0.00484
"ENSG00000119408","NEK6","LI_raw",30,30,1,302,415,3.2999,0.2324,0.00577
"ENSG00000196182","STK40","LI_raw",30,30,1,281,416,3.296,0.2565,0.00552
"ENSG00000135250","SRPK2","LI_raw",31,31,1,146,417,3.3066,0.1592,0.00299
"ENSG00000142327","RNPEPL1","LI_raw",30,30,1,319,419,3.3064,0.1741,0.00526
"ENSG00000141905","NFIC","LI_raw",22,22,1,363,420,2.9859,0.2756,0.00683
"ENSG00000120833","SOCS2","LI_raw",25,25,1,337,422,3.1021,-0.2084,0.00722
"ENSG00000259531","RP11-295H24.3","LI_raw",18,18,1,372,422,2.8607,0.2155,0.0067
"ENSG00000182272","B4GALNT4","LI_raw",4,4,1,411,423,2.0844,-0.6904,0.00893
"ENSG00000229591","RP5-981O7.2","LI_raw",19,19,1,361,424,2.9197,0.2487,0.00675
"ENSG00000184508","HDDC3","LI_raw",24,24,1,319,424.5,3.1558,-0.1386,0.0061
"ENSG00000110395","CBL","LI_raw",31,31,1,155,425,3.3979,0.2313,0.00444
"ENSG00000184922","FMNL1","LI_raw",31,31,1,166,426,3.4282,0.2796,0.00543
"ENSG00000071127","WDR1","LI_raw",31,31,1,198,427,3.4165,0.1489,0.00318
"ENSG00000106952","TNFSF8","LI_raw",30,30,1,207,428.5,3.4042,-0.1274,0.00371
"ENSG00000169221","TBC1D10B","LI_raw",27,27,1,353,429,3.241,0.1935,0.00646
"ENSG00000121989","ACVR2A","LI_raw",27,27,1,253,430,3.2531,-0.1733,0.00432
"ENSG00000104856","RELB","LI_raw",28,28,1,300,431,3.3367,0.2081,0.0048
"ENSG00000170876","TMEM43","LI_raw",31,31,1,135,432,3.4822,0.2071,0.0035
"ENSG00000149582","TMEM25","LI_raw",18,18,1,364,432.5,2.8602,-0.2271,0.0072
"ENSG00000155111","CDK19","LI_raw",30,30,1,215,432.5,3.3845,0.1946,0.00397
"ENSG00000059728","MXD1","LI_raw",31,31,1,105,433,3.4953,0.3008,0.00358
"ENSG00000188042","ARL4C","LI_raw",31,31,1,101,433,3.6021,-0.1434,0.00309
"ENSG00000130811","EIF3G","LI_raw",31,31,1,97,434,3.5641,-0.1082,0.00276
"ENSG00000206848","RNU6-890P","LI_raw",7,7,1,321,434,2.2399,0.3944,0.00565
"ENSG00000094880","CDC23","LI_raw",27,27,1,194,436,3.1642,-0.1348,0.00245
"ENSG00000185883","ATP6V0C","LI_raw",3,3,1,420,437,2.0954,0.6173,0.0102
"ENSG00000106012","IQCE","LI_raw",28,28,1,338,437.5,3.376,0.219,0.00607
"ENSG00000065183","WDR3","LI_raw",30,30,1,150,438.5,3.3317,-0.1578,0.00168
"ENSG00000189180","ZNF33A","LI_raw",31,31,1,287,439,3.5414,0.1402,0.00492
"ENSG00000172340","SUCLG2","LI_raw",29,29,1,208,440,3.4942,-0.1248,0.00336
"ENSG00000227825","SLC9A7P1","LI_raw",24,24,1,365,440.5,3.2713,-0.2455,0.00695
"ENSG00000214530","STARD10","LI_raw",23,23,1,295,443,3.1743,0.2695,0.00534
"ENSG00000254470","AP5B1","LI_raw",30,30,1,293,444.5,3.5494,0.3034,0.00635
"ENSG00000170846","AC093323.3","LI_raw",27,27,1,348,445,3.4075,-0.1385,0.00736
"ENSG00000177426","TGIF1","LI_raw",27,27,1,354,446,3.3681,-0.1195,0.00673
"ENSG00000237628","RP11-522L3.4","LI_raw",1,1,1,447,447,1.856,0.5762,0.0121
"ENSG00000080822","CLDND1","LI_raw",30,30,1,222,447.5,3.5564,-0.1339,0.00398
"ENSG00000066336","SPI1","LI_raw",30,30,1,253,448.5,3.5534,0.2582,0.00529
"ENSG00000244482","LILRA6","LI_raw",27,27,1,347,450,3.3752,0.2809,0.00617
"ENSG00000137270","GCM1","LI_raw",8,8,1,424,450.5,2.3348,0.4609,0.00883
"ENSG00000134900","TPP2","LI_raw",31,31,1,68,453,3.368,-0.115,0.00167
"ENSG00000182810","DDX28","LI_raw",27,27,1,339,453,3.3216,-0.1159,0.00615
"ENSG00000151552","QDPR","LI_raw",19,19,1,376,454,3.2148,-0.1914,0.00726
"ENSG00000198055","GRK6","LI_raw",31,31,1,329,454,3.581,0.1389,0.00545
"ENSG00000237990","CNTN4-AS1","LI_raw",3,3,1,421,454,2.1738,0.6566,0.0111
"ENSG00000131389","SLC6A6","LI_raw",31,31,1,130,455,3.5934,0.2667,0.00444
"ENSG00000174837","EMR1","LI_raw",30,30,1,334,455.5,3.6336,0.2999,0.00662
"ENSG00000163235","TGFA","LI_raw",30,30,1,266,456.5,3.5975,0.3045,0.00556
"ENSG00000269620","AL590560.1","LI_raw",9,9,1,381,457,2.4661,0.5101,0.00768
"ENSG00000105397","TYK2","LI_raw",31,31,1,249,458,3.6743,0.161,0.00478
"ENSG00000250616","RP11-455F5.3","LI_raw",27,27,1,308,458,3.4268,0.3987,0.00496
"ENSG00000246016","RP11-1C1.7","LI_raw",10,10,1,433,458.5,2.5829,0.5306,0.00954
"ENSG00000136828","RALGPS1","LI_raw",26,26,1,354,459,3.4952,0.1706,0.00646
"ENSG00000143207","RFWD2","LI_raw",31,31,1,180,459,3.6467,0.1656,0.00514
"ENSG00000177410","ZFAS1","LI_raw",30,30,1,361,459.5,3.5176,0.1948,0.00676
"ENSG00000114656","KIAA1257","LI_raw",22,22,1,401,460,3.335,0.3566,0.00781
"ENSG00000264878","Z85986.1","LI_raw",15,15,1,376,460,3.0094,0.3046,0.00781
"ENSG00000261997","RP11-212I21.4","LI_raw",27,27,1,357,463,3.4614,0.2442,0.00692
"ENSG00000059588","TARBP1","LI_raw",30,30,1,307,463.5,3.6698,-0.1453,0.00724
"ENSG00000173442","EHBP1L1","LI_raw",31,31,1,270,466,3.7516,0.1834,0.00543
"ENSG00000151948","GLT1D1","LI_raw",30,30,1,263,466.5,3.6902,0.2774,0.00547
"ENSG00000246705","H2AFJ","LI_raw",28,28,1,211,466.5,3.488,-0.1651,0.0033
"ENSG00000161040","FBXL13","LI_raw",27,27,1,371,468,3.4643,0.4251,0.00691
"ENSG00000184384","MAML2","LI_raw",30,30,1,135,468,3.5474,-0.1266,0.00124
"ENSG00000070190","DAPP1","LI_raw",31,31,1,253,469,3.6772,0.172,0.00543
"ENSG00000124374","PAIP2B","LI_raw",26,26,1,408,469.5,3.6224,-0.1852,0.0082
"ENSG00000243179","AC110769.3","LI_raw",14,14,1,388,469.5,2.9865,0.3812,0.00781
"ENSG00000261015","RP1-90J20.11","LI_raw",15,15,1,378,470,3.1215,0.388,0.00781
"ENSG00000016864","GLT8D1","LI_raw",28,28,1,150,470.5,3.537,-0.0959,0.00157
"ENSG00000054967","RELT","LI_raw",31,31,1,356,471,3.8729,0.2076,0.00692
"ENSG00000125900","SIRPD","LI_raw",21,21,1,440,472,3.3377,0.2659,0.0085
"ENSG00000172081","MOB3A","LI_raw",30,30,1,314,473,3.8068,0.2371,0.00675
"ENSG00000152409","JMY","LI_raw",28,28,1,310,474.5,3.8006,-0.1499,0.00637
"ENSG00000035687","ADSS","LI_raw",30,30,1,90,475,3.417,-0.1028,0.000302
"ENSG00000130939","UBE4B","LI_raw",30,30,1,320,475,3.6681,0.1433,0.00526
"ENSG00000196923","PDLIM7","LI_raw",28,28,1,319,476,3.6342,0.3344,0.00569
"ENSG00000234383","CTBP2P8","LI_raw",20,20,1,422,478,3.3536,0.4329,0.00803
"ENSG00000140450","ARRDC4","LI_raw",27,27,1,401,479,3.5404,0.3153,0.00827
"ENSG00000252050","SNORA31","LI_raw",7,7,1,426,479,2.4768,0.3978,0.00929
"ENSG00000076944","STXBP2","LI_raw",29,29,1,269,480,3.7274,0.2116,0.00531
"ENSG00000101000","PROCR","LI_raw",8,8,1,414,482,2.7328,-0.3733,0.01
"ENSG00000100483","VCPKMT","LI_raw",27,27,1,385,483,3.6703,0.153,0.00781
"ENSG00000134333","LDHA","LI_raw",30,30,1,118,483.5,3.7571,-0.1453,0.000994
"ENSG00000135636","DYSF","LI_raw",31,31,1,157,486,3.9133,0.374,0.00602
"ENSG00000065613","SLK","LI_raw",31,31,1,285,487,3.7874,0.1658,0.00462
"ENSG00000133256","PDE6B","LI_raw",20,20,1,357,487.5,3.5031,-0.2014,0.00755
"ENSG00000079257","LXN","LI_raw",24,24,1,345,488,3.5369,0.2251,0.00632
"ENSG00000148291","SURF2","LI_raw",23,23,1,357,489,3.6521,-0.1395,0.00673
"ENSG00000163349","HIPK1","LI_raw",31,31,1,227,493,3.8966,0.1612,0.00462
"ENSG00000180089","TMEM86B","LI_raw",24,24,1,398,495,3.6607,0.2942,0.00794
"ENSG00000198146","ZNF770","LI_raw",31,31,1,46,495,3.8564,-0.0986,0.000276
"ENSG00000142208","AKT1","LI_raw",31,31,1,336,496,4.0103,0.1628,0.00635
"ENSG00000132326","PER2","LI_raw",22,22,1,424,496.5,3.4215,0.1924,0.00781
"ENSG00000159840","ZYX","LI_raw",30,30,1,325,499,4.0078,0.282,0.00732
"ENSG00000179456","ZBTB18","LI_raw",31,31,1,315,499,3.9526,0.1507,0.00575
"ENSG00000134072","CAMK1","LI_raw",28,28,1,374,500,3.8337,0.22,0.00691
"ENSG00000175782","SLC35E3","LI_raw",27,27,1,312,500,3.7989,0.1412,0.00503
"ENSG00000224950","RP5-1086K13.1","LI_raw",27,27,1,456,502,3.7558,0.2324,0.00879
"ENSG00000272604","RP11-251G23.5","LI_raw",10,10,1,445,502.5,2.956,-0.3002,0.00908
"ENSG00000143951","WDPCP","LI_raw",27,27,1,393,503,3.8646,-0.1269,0.00854
"ENSG00000134905","CARS2","LI_raw",31,31,1,393,504,3.9144,0.1489,0.00754
"ENSG00000138600","SPPL2A","LI_raw",29,29,1,318,504,3.881,0.111,0.00526
"ENSG00000153317","ASAP1","LI_raw",31,31,1,221,504,4.0123,0.1986,0.00674
"ENSG00000180509","KCNE1","LI_raw",28,28,1,430,504,3.8874,0.2889,0.00899
"ENSG00000176834","VSIG10","LI_raw",18,18,1,464,505.5,3.501,0.4336,0.00958
"ENSG00000176868","AL358781.1","LI_raw",5,5,1,444,507,2.316,-0.5148,0.0115
"ENSG00000259976","RP11-553L6.5","LI_raw",23,23,1,403,507,3.7474,-0.1661,0.00896
"ENSG00000177173","NAP1L4P1","LI_raw",28,28,1,316,508.5,3.852,0.1743,0.00524
"ENSG00000144228","SPOPL","LI_raw",31,31,1,147,509,4.0646,0.1918,0.00554
"ENSG00000070010","UFD1L","LI_raw",30,30,1,341,509.5,3.7142,0.0971,0.00623
"ENSG00000111731","C2CD5","LI_raw",30,30,1,108,510.5,3.9855,-0.089,0.000651
"ENSG00000271840","RP1-224A6.9","LI_raw",26,26,1,420,511.5,3.7938,0.1789,0.00829
"ENSG00000137261","KIAA0319","LI_raw",22,22,1,454,512,3.6702,0.3962,0.00898
"ENSG00000134077","THUMPD3","LI_raw",28,28,1,346,513,3.8037,-0.1195,0.00725
"ENSG00000166503","HDGFRP3","LI_raw",17,17,1,465,515,3.5395,-0.3653,0.00974
"ENSG00000064666","CNN2","LI_raw",31,31,1,262,516,4.1336,0.244,0.00732
"ENSG00000162929","KIAA1841","LI_raw",25,25,1,404,517,3.7598,0.1559,0.00709
"ENSG00000163481","RNF25","LI_raw",26,26,1,239,517,3.803,-0.1207,0.00402
"ENSG00000136810","TXN","LI_raw",27,27,1,438,519,3.921,0.2715,0.00891
"ENSG00000234219","RP11-454L1.2","LI_raw",19,19,1,467,519,3.6056,0.2245,0.00894
"ENSG00000100218","RTDR1","LI_raw",9,9,1,423,521,2.8101,0.502,0.00797
"ENSG00000197345","MRPL21","LI_raw",22,22,1,385,522,3.7882,-0.1789,0.00756
"ENSG00000113749","HRH2","LI_raw",31,31,1,201,523,4.2287,0.2815,0.00786
"ENSG00000175003","SLC22A1","LI_raw",23,23,1,427,523,3.7917,0.3514,0.00919
"ENSG00000154127","UBASH3B","LI_raw",30,30,1,377,524,3.9582,0.121,0.00728
"ENSG00000235655","H3F3AP4","LI_raw",31,31,1,269,524,4.2367,0.244,0.00784
"ENSG00000126883","NUP214","LI_raw",31,31,1,405,525,4.1819,0.1692,0.00843
"ENSG00000127663","KDM4B","LI_raw",31,31,1,290,526,4.2909,0.2206,0.00797
"ENSG00000181444","ZNF467","LI_raw",27,27,1,386,527,3.9517,0.2935,0.00732
"ENSG00000175198","PCCA","LI_raw",25,25,1,314,528,4.0148,-0.1462,0.00632
"ENSG00000173327","MAP3K11","LI_raw",30,30,1,441,529,4.2562,0.1958,0.00911
"ENSG00000138069","RAB1A","LI_raw",30,30,1,330,530.5,4.2118,0.1137,0.00545
"ENSG00000141506","PIK3R5","LI_raw",31,31,1,399,531,4.3224,0.1608,0.00782
"ENSG00000270426","RP11-326I11.5","LI_raw",27,27,1,415,531,4,0.1985,0.00818
"ENSG00000272098","AC092299.8","LI_raw",1,1,1,532,532,2.2089,0.5917,0.0153
"ENSG00000146426","TIAM2","LI_raw",26,26,1,489,533,3.7927,0.2848,0.00934
"ENSG00000165914","TTC7B","LI_raw",19,19,1,467,536,3.7667,0.2964,0.00986
"ENSG00000081177","EXD2","LI_raw",23,23,1,438,538,3.9461,-0.1385,0.00861
"ENSG00000226337","RP11-274B18.4","LI_raw",9,9,1,521,538,2.8533,0.5,0.0111
"ENSG00000175711","B3GNTL1","LI_raw",27,27,1,445,540,4.0342,0.2696,0.00923
"ENSG00000120051","CCDC147","LI_raw",18,18,1,460,541.5,3.664,0.3438,0.009
"ENSG00000100106","TRIOBP","LI_raw",28,28,1,402,542.5,4.2208,0.1916,0.00784
"ENSG00000124575","HIST1H1D","LI_raw",30,30,1,330,542.5,4.352,-0.1844,0.00771
"ENSG00000156858","PRR14","LI_raw",27,27,1,369,543,4.1767,0.1538,0.00684
"ENSG00000182359","KBTBD3","LI_raw",22,22,1,452,543,3.9915,-0.1986,0.0101
"ENSG00000160785","SLC25A44","LI_raw",30,30,1,356,543.5,4.3341,0.2217,0.00818
"ENSG00000149269","PAK1","LI_raw",31,31,1,198,547,4.4227,0.2065,0.00592
"ENSG00000135365","PHF21A","LI_raw",31,31,1,231,548,4.4389,0.1703,0.008
"ENSG00000165943","MOAP1","LI_raw",30,30,1,191,548.5,4.2581,-0.0944,0.0032
"ENSG00000252157","RNU6-479P","LI_raw",3,3,1,535,549,2.5616,0.6014,0.014
"ENSG00000125386","FAM193A","LI_raw",28,28,1,452,550,4.1596,0.1557,0.00915
"ENSG00000101544","ADNP2","LI_raw",28,28,1,180,551,4.1152,-0.0901,0.00257
"ENSG00000234663","AC104820.2","LI_raw",24,24,1,478,553.5,4.1463,-0.2199,0.0104
"ENSG00000118308","LRMP","LI_raw",31,31,1,177,554,4.4691,0.1738,0.00607
"ENSG00000099875","MKNK2","LI_raw",31,31,1,363,555,4.4874,0.1843,0.00805
"ENSG00000105723","GSK3A","LI_raw",25,25,1,490,555,4.1141,0.16,0.00959
"ENSG00000085514","PILRA","LI_raw",28,28,1,344,555.5,4.257,0.2729,0.00597
"ENSG00000188242","CTD-2228K2.5","LI_raw",24,24,1,447,556.5,4.0719,-0.1636,0.00992
"ENSG00000243284","VSIG8","LI_raw",3,3,1,551,557,2.6383,0.5931,0.0141
"ENSG00000188186","LAMTOR4","LI_raw",30,30,1,466,558.5,4.3908,0.1832,0.00939
"ENSG00000163513","TGFBR2","LI_raw",31,31,1,225,559,4.4425,0.1291,0.00596
"ENSG00000197321","SVIL","LI_raw",31,31,1,190,559,4.4781,0.2147,0.00642
"ENSG00000140455","USP3","LI_raw",31,31,1,342,560,4.3382,0.1183,0.0059
"ENSG00000108349","CASC3","LI_raw",31,31,1,254,561,4.5359,0.1742,0.00691
"ENSG00000175197","DDIT3","LI_raw",28,28,1,468,563.5,4.2158,0.1964,0.00958
"ENSG00000093167","LRRFIP2","LI_raw",30,30,1,377,564.5,4.3347,0.1139,0.00692
"ENSG00000102032","RENBP","LI_raw",26,26,1,422,568,4.3564,0.2116,0.00823
"ENSG00000165659","DACH1","LI_raw",21,21,1,512,568,3.9113,0.2638,0.0101
"ENSG00000140995","DEF8","LI_raw",31,31,1,358,569,4.6248,0.2051,0.00844
"ENSG00000108296","CWC25","LI_raw",29,29,1,361,571,4.4484,0.1235,0.00662
"ENSG00000172965","MIR4435-1HG","LI_raw",28,28,1,395,571,4.3931,0.2019,0.0078
"ENSG00000196189","SEMA4A","LI_raw",31,31,1,172,571,4.5742,0.2953,0.00643
"ENSG00000072134","EPN2","LI_raw",22,22,1,531,572,4.0645,0.2311,0.0104
"ENSG00000135766","EGLN1","LI_raw",31,31,1,260,573,4.5921,0.2406,0.00889
"ENSG00000164024","METAP1","LI_raw",27,27,1,343,574,4.524,-0.0984,0.00735
"ENSG00000101236","RNF24","LI_raw",31,31,1,184,575,4.6491,0.2967,0.00719
"ENSG00000225450","RP3-508I15.14","LI_raw",9,9,1,552,576,3.0196,0.404,0.0125
"ENSG00000162413","KLHL21","LI_raw",31,31,1,456,577,4.7623,0.2154,0.00978
"ENSG00000172053","QARS","LI_raw",31,31,1,81,578,4.3121,-0.0882,0.00211
"ENSG00000226200","RP11-50E11.3","LI_raw",28,28,1,295,578.5,4.433,-0.1424,0.00616
"ENSG00000115828","QPCT","LI_raw",31,31,1,193,579,4.6814,0.3204,0.00749
"ENSG00000117335","CD46","LI_raw",31,31,1,108,579,4.4931,0.1841,0.00386
"ENSG00000154889","MPPE1","LI_raw",30,30,1,382,579.5,4.6576,0.1784,0.00789
"ENSG00000164659","KIAA1324L","LI_raw",25,25,1,502,581,4.4588,-0.3437,0.0111
"ENSG00000198408","MGEA5","LI_raw",31,31,1,353,581,4.5171,0.1031,0.00635
"ENSG00000155640","C10orf12","LI_raw",30,30,1,401,582.5,4.4914,0.1186,0.00784
"ENSG00000236535","RC3H1-IT1","LI_raw",19,19,1,508,584,4.0215,0.2358,0.0109
"ENSG00000256751","RP11-695J4.2","LI_raw",20,20,1,548,584.5,4.1095,0.3054,0.0113
"ENSG00000062716","VMP1","LI_raw",31,31,1,176,585,4.6784,0.1869,0.00656
"ENSG00000265195","MIR4312","LI_raw",7,7,1,553,585,3.0303,0.4999,0.0125
"ENSG00000088038","CNOT3","LI_raw",20,20,1,546,585.5,4.0311,0.2697,0.0107
"ENSG00000171488","LRRC8C","LI_raw",30,30,1,235,586,4.7274,-0.1219,0.00444
"ENSG00000185115","NDNL2","LI_raw",28,28,1,353,586,4.6988,-0.1318,0.00743
"ENSG00000197182","FLJ27365","LI_raw",21,21,1,432,586,4.0942,0.236,0.00877
"ENSG00000112425","EPM2A","LI_raw",22,22,1,475,587,4.166,-0.1747,0.0111
"ENSG00000168310","IRF2","LI_raw",30,30,1,323,588,4.6097,0.1527,0.00732
"ENSG00000207359","RNU6-925P","LI_raw",4,4,1,496,588.5,2.7878,0.5303,0.0114
"ENSG00000121933","ADORA3","LI_raw",21,21,1,558,589,4.1179,0.3361,0.0111
"ENSG00000112561","TFEB","LI_raw",30,30,1,376,595,4.7807,0.1987,0.00897
"ENSG00000256594","RP11-705C15.2","LI_raw",30,30,1,281,596,4.7327,-0.1407,0.00559
"ENSG00000088205","DDX18","LI_raw",30,30,1,200,596.5,4.4854,-0.1318,0.00333
"ENSG00000218809","RP1-229K20.5","LI_raw",22,22,1,571,596.5,4.3591,0.363,0.0118
"ENSG00000140368","PSTPIP1","LI_raw",31,31,1,436,597,4.8036,0.1519,0.00902
"ENSG00000160570","DEDD2","LI_raw",30,30,1,423,597,4.7728,0.173,0.00985
"ENSG00000124496","TRERF1","LI_raw",30,30,1,473,597.5,4.5819,0.1553,0.0097
"ENSG00000138378","STAT4","LI_raw",30,30,1,242,597.5,4.7658,-0.1405,0.00481
"ENSG00000183155","RABIF","LI_raw",28,28,1,405,600,4.5596,0.1002,0.00801
"ENSG00000033011","ALG1","LI_raw",26,26,1,479,601,4.5688,-0.1149,0.0107
"ENSG00000270346","RP1-90J20.12","LI_raw",16,16,1,528,601,3.9755,0.3399,0.0119
"ENSG00000196922","ZNF252P","LI_raw",30,30,1,280,601.5,4.7962,-0.1245,0.00556
"ENSG00000164236","ANKRD33B","LI_raw",15,15,1,552,602,3.9981,0.3001,0.0113
"ENSG00000243943","ZNF512","LI_raw",28,28,1,294,602.5,4.6614,-0.1055,0.00607
"ENSG00000109452","INPP4B","LI_raw",31,31,1,127,603,4.985,-0.1826,0.00477
"ENSG00000197971","MBP","LI_raw",31,31,1,167,603,4.7905,0.1676,0.00529
"ENSG00000124279","FASTKD3","LI_raw",26,26,1,437,604,4.6394,-0.1266,0.00998
"ENSG00000159314","ARHGAP27","LI_raw",7,7,1,574,605,3.2253,0.5857,0.0137
"ENSG00000100296","THOC5","LI_raw",30,30,1,357,607,4.8048,0.1639,0.0092
"ENSG00000124201","ZNFX1","LI_raw",31,31,1,206,609,4.8588,0.1846,0.00642
"ENSG00000227200","RP11-121A14.3","LI_raw",14,14,1,585,610,3.8671,0.3458,0.0119
"ENSG00000153162","BMP6","LI_raw",22,22,1,426,611,4.2965,0.3446,0.00866
"ENSG00000069399","BCL3","LI_raw",26,26,1,501,612,4.5825,0.2995,0.0111
"ENSG00000120868","APAF1","LI_raw",31,31,1,173,613,4.8482,0.188,0.006
"ENSG00000271646","RP11-326I11.3","LI_raw",28,28,1,468,613.5,4.7856,0.1986,0.00947
"ENSG00000170191","NANP","LI_raw",21,21,1,404,616,4.6463,-0.1688,0.00963
"ENSG00000148926","ADM","LI_raw",30,30,1,380,617.5,4.9014,0.3794,0.0104
"ENSG00000065615","CYB5R4","LI_raw",31,31,1,234,618,4.8187,0.169,0.00923
"ENSG00000126822","PLEKHG3","LI_raw",31,31,1,423,618,4.9525,0.2376,0.00942
"ENSG00000140718","FTO","LI_raw",28,28,1,400,618,4.7844,-0.115,0.00892
"ENSG00000203709","C1orf132","LI_raw",31,31,1,455,618,4.9991,0.2159,0.0103
"ENSG00000214021","TTLL3","LI_raw",27,27,1,548,618,4.5666,0.2191,0.0116
"ENSG00000230789","ARHGAP26-IT1","LI_raw",23,23,1,525,618,4.5321,0.2882,0.0111
"ENSG00000261438","RP11-399O19.9","LI_raw",26,26,1,458,618,4.5953,0.198,0.00954
"ENSG00000125827","TMX4","LI_raw",31,31,1,224,619,4.8749,0.1718,0.00734
"ENSG00000110002","VWA5A","LI_raw",25,25,1,477,621,4.6436,-0.1755,0.0104
"ENSG00000146232","NFKBIE","LI_raw",28,28,1,397,624.5,4.731,0.1376,0.0078
"ENSG00000137760","ALKBH8","LI_raw",27,27,1,359,628,5.0008,-0.1354,0.00767
"ENSG00000149091","DGKZ","LI_raw",29,29,1,526,628,4.8786,0.1732,0.0111
"ENSG00000120899","PTK2B","LI_raw",31,31,1,443,629,5.1033,0.1543,0.0092
"ENSG00000168004","HRASLS5","LI_raw",7,7,1,609,630,3.2791,0.4959,0.0143
"ENSG00000014123","UFL1","LI_raw",29,29,1,201,631,4.959,-0.1524,0.00333
"ENSG00000135596","MICAL1","LI_raw",30,30,1,409,631,5.0711,0.1753,0.00872
"ENSG00000254325","RP11-318K15.2","LI_raw",23,23,1,610,631,4.5314,0.2924,0.0125
"ENSG00000272079","LA16c-380H5.5","LI_raw",8,8,1,551,631,3.3022,0.4369,0.0108
"ENSG00000182307","C8orf33","LI_raw",26,26,1,340,633,4.928,-0.1046,0.00735
"ENSG00000123505","AMD1","LI_raw",31,31,1,399,634,4.9711,0.1455,0.00902
"ENSG00000124383","MPHOSPH10","LI_raw",28,28,1,362,634.5,4.852,-0.1382,0.0075
"ENSG00000235847","LDHAP7","LI_raw",5,5,1,519,636,2.7763,-0.4393,0.0148
"ENSG00000104331","IMPAD1","LI_raw",30,30,1,211,638.5,5.0332,-0.0983,0.00358
"ENSG00000134873","CLDN10","LI_raw",2,2,1,578,638.5,2.8758,0.7545,0.0172
"ENSG00000147439","BIN3","LI_raw",29,29,1,528,639,4.8226,0.1487,0.0118
"ENSG00000182700","IGIP","LI_raw",27,27,1,400,639,5.0359,-0.1408,0.00891
"ENSG00000183255","PTTG1IP","LI_raw",31,31,1,366,639,5.0677,0.1349,0.00784
"ENSG00000213542","RP11-467H10.1","LI_raw",10,10,1,552,639,3.6078,0.3315,0.0115
"ENSG00000196083","IL1RAP","LI_raw",31,31,1,239,640,5.1746,0.2771,0.00887
"ENSG00000113719","ERGIC1","LI_raw",31,31,1,293,642,5.1664,0.2274,0.00977
"ENSG00000145287","PLAC8","LI_raw",31,31,1,212,642,5.2311,-0.1371,0.00847
"ENSG00000120159","CAAP1","LI_raw",26,26,1,351,644.5,4.9005,-0.121,0.00749
"ENSG00000148925","BTBD10","LI_raw",30,30,1,458,648,4.9712,0.1301,0.00925
"ENSG00000112715","VEGFA","LI_raw",26,26,1,524,649,4.8348,0.2114,0.0119
"ENSG00000138095","LRPPRC","LI_raw",31,31,1,150,649,5.1588,-0.1331,0.00613
"ENSG00000141279","NPEPPS","LI_raw",30,30,1,378,649.5,5.079,0.1319,0.0082
"ENSG00000074935","TUBE1","LI_raw",27,27,1,493,651,5.1349,-0.156,0.0138
"ENSG00000100605","ITPK1","LI_raw",31,31,1,360,651,5.2216,0.2298,0.0103
"ENSG00000100823","APEX1","LI_raw",29,29,1,284,652,5.127,-0.1616,0.00566
"ENSG00000159267","HLCS","LI_raw",26,26,1,424,652,5.0582,-0.1473,0.00947
"ENSG00000198189","HSD17B11","LI_raw",31,31,1,316,652,5.0655,0.1869,0.0102
"ENSG00000099998","GGT5","LI_raw",5,5,1,619,653,3.1503,0.7482,0.0162
"ENSG00000198954","KIAA1279","LI_raw",24,24,1,528,653,4.8436,-0.111,0.0119
"ENSG00000232298","RP11-10N16.3","LI_raw",1,1,1,654,654,2.7155,0.5788,0.0213
"ENSG00000269858","EGLN2","LI_raw",29,29,1,550,655,4.9828,0.1433,0.0109
"ENSG00000079277","MKNK1","LI_raw",30,30,1,406,655.5,5.2155,0.1831,0.0108
"ENSG00000024048","UBR2","LI_raw",31,31,1,136,656,5.2318,0.1667,0.00507
"ENSG00000136536","MARCH7","LI_raw",31,31,1,327,656,5.2231,0.137,0.00902
"ENSG00000086300","SNX10","LI_raw",31,31,1,284,658,5.1806,0.2013,0.0101
"ENSG00000225611","RP11-70C1.1","LI_raw",16,16,1,503,658,4.1496,0.3824,0.0106
"ENSG00000116885","OSCP1","LI_raw",5,5,1,628,659,3.2511,0.5179,0.0152
"ENSG00000129103","SUMF2","LI_raw",30,30,1,273,661,5.2673,-0.0991,0.00549
"ENSG00000064932","SBNO2","LI_raw",31,31,1,307,662,5.3525,0.2659,0.0112
"ENSG00000125484","GTF3C4","LI_raw",28,28,1,379,662.5,5.1026,-0.1099,0.00825
"ENSG00000261490","RP11-448G15.3","LI_raw",29,29,1,528,663,4.9695,0.133,0.0113
"ENSG00000237280","RP11-96C23.9","LI_raw",5,5,1,622,664,3.1647,-0.4718,0.0184
"ENSG00000133561","GIMAP6","LI_raw",31,31,1,61,665,4.9929,-0.1253,0.00156
"ENSG00000133318","RTN3","LI_raw",31,31,1,219,668,5.35,0.187,0.0082
"ENSG00000162496","DHRS3","LI_raw",26,26,1,453,668,5.1421,-0.1649,0.0106
"ENSG00000268032","CTB-52I2.4","LI_raw",20,20,1,603,668,4.5106,0.1869,0.0124
"ENSG00000116871","MAP7D1","LI_raw",29,29,1,513,669,5.167,0.17,0.0117
"ENSG00000132589","FLOT2","LI_raw",30,30,1,373,669,5.3253,0.229,0.00996
"ENSG00000035928","RFC1","LI_raw",30,30,1,168,669.5,5.0517,-0.1189,0.00251
"ENSG00000106723","SPIN1","LI_raw",28,28,1,396,671,5.0636,-0.105,0.00892
"ENSG00000119314","PTBP3","LI_raw",31,31,1,174,673,5.3753,0.1223,0.00543
"ENSG00000121057","AKAP1","LI_raw",27,27,1,391,674,5.234,-0.1382,0.00849
"ENSG00000163811","WDR43","LI_raw",30,30,1,298,674,5.4153,-0.1244,0.00646
"ENSG00000164713","BRI3","LI_raw",30,30,1,484,674,5.3566,0.1929,0.0116
"ENSG00000159588","CCDC17","LI_raw",23,23,1,574,677,4.8618,0.2059,0.0129
"ENSG00000213999","MEF2B","LI_raw",1,1,1,677,677,2.811,0.5455,0.0237
"ENSG00000248188","RP11-442P12.2","LI_raw",7,7,1,643,677,3.513,0.4544,0.0163
"ENSG00000263391","AL512428.1","LI_raw",24,24,1,605,679,4.9638,0.1899,0.0137
"ENSG00000261338","RP11-378A13.1","LI_raw",26,26,1,615,680,4.9811,0.1378,0.0127
"ENSG00000101265","RASSF2","LI_raw",31,31,1,164,681,5.49,0.2203,0.00658
"ENSG00000204147","ASAH2B","LI_raw",7,7,1,594,682,3.6578,-0.3872,0.018
"ENSG00000101654","RNMT","LI_raw",29,29,1,329,683,5.5223,-0.1101,0.00764
"ENSG00000119862","LGALSL","LI_raw",27,27,1,542,683,5.099,0.2737,0.0135
"ENSG00000038532","CLEC16A","LI_raw",30,30,1,559,683.5,5.1907,0.1661,0.0125
"ENSG00000078618","NRD1","LI_raw",31,31,1,188,684,5.3843,0.1367,0.00659
"ENSG00000092531","SNAP23","LI_raw",31,31,1,295,684,5.4366,0.1524,0.00885
"ENSG00000108309","RUNDC3A","LI_raw",28,28,1,515,685.5,5.2976,0.4096,0.0117
"ENSG00000179134","SAMD4B","LI_raw",27,27,1,567,687,5.1515,0.2429,0.0137
"ENSG00000172795","DCP2","LI_raw",31,31,1,250,688,5.4882,0.1275,0.00897
"ENSG00000127980","PEX1","LI_raw",29,29,1,283,689,5.5661,-0.1093,0.00559
"ENSG00000188811","NHLRC3","LI_raw",29,29,1,264,689,5.3963,-0.0999,0.00528
"ENSG00000087460","GNAS","LI_raw",31,31,1,456,695,5.5212,0.1622,0.00946
"ENSG00000105849","TWISTNB","LI_raw",26,26,1,375,696,5.4024,-0.1621,0.00812
"ENSG00000265982","RP11-927P21.4","LI_raw",13,13,1,484,696,3.936,0.3587,0.0092
"ENSG00000263335","AF001548.5","LI_raw",17,17,1,490,697,4.402,0.2936,0.0101
"ENSG00000145241","CENPC","LI_raw",30,30,1,277,699,5.5147,-0.1301,0.00553
"ENSG00000169403","PTAFR","LI_raw",31,31,1,220,699,5.6239,0.2648,0.00846
"ENSG00000170325","PRDM10","LI_raw",29,29,1,416,700,5.2652,0.1041,0.00818
"ENSG00000225471","RP11-262D11.2","LI_raw",18,18,1,549,700,4.8152,0.2322,0.0123
"ENSG00000221930","FAM45B","LI_raw",28,28,1,496,700.5,5.523,0.1679,0.0109
"ENSG00000138814","PPP3CA","LI_raw",31,31,1,351,701,5.5948,0.1346,0.0094
"ENSG00000088543","C3orf18","LI_raw",24,24,1,578,702,5.3247,-0.17,0.0161
"ENSG00000136002","ARHGEF4","LI_raw",7,7,1,630,702,3.8037,-0.4732,0.0165
"ENSG00000164506","STXBP5","LI_raw",31,31,1,292,703,5.5669,0.1508,0.00932
"ENSG00000120756","PLS1","LI_raw",14,14,1,619,706.5,4.3294,-0.2543,0.016
"ENSG00000135077","HAVCR2","LI_raw",30,30,1,208,707.5,5.3162,-0.1576,0.00374
"ENSG00000167264","DUS2","LI_raw",28,28,1,535,709,5.4993,0.1211,0.0119
"ENSG00000254554","RP11-351I24.1","LI_raw",14,14,1,655,709.5,4.4528,0.4076,0.0162
"ENSG00000170832","USP32","LI_raw",31,31,1,185,710,5.7245,0.1746,0.00719
"ENSG00000104312","RIPK2","LI_raw",28,28,1,557,711,5.3324,0.1143,0.0127
"ENSG00000105971","CAV2","LI_raw",10,10,1,651,712,4.036,0.5174,0.0142
"ENSG00000125753","VASP","LI_raw",31,31,1,252,712,5.7107,0.2244,0.00959
"ENSG00000131437","KIF3A","LI_raw",27,27,1,504,712,5.6468,-0.1381,0.0118
"ENSG00000157350","ST3GAL2","LI_raw",31,31,1,464,713,5.8132,0.1802,0.0128
"ENSG00000104903","LYL1","LI_raw",31,31,1,535,714,5.66,0.2364,0.0128
"ENSG00000176095","IP6K1","LI_raw",30,30,1,466,714.5,5.6742,0.1634,0.0125
"ENSG00000156052","GNAQ","LI_raw",31,31,1,272,718,5.6191,0.1547,0.0097
"ENSG00000213073","RP11-288H12.3","LI_raw",29,29,1,523,718,5.5916,0.2468,0.0136
"ENSG00000113269","RNF130","LI_raw",31,31,1,322,719,5.7916,0.1742,0.011
"ENSG00000103494","RPGRIP1L","LI_raw",21,21,1,642,720,5.1883,-0.1824,0.0161
"ENSG00000241489","IDS","LI_raw",12,12,1,642,720.5,4.3872,0.3296,0.0136
"ENSG00000132005","RFX1","LI_raw",17,17,1,657,721,4.8495,0.2669,0.0142
"ENSG00000111912","NCOA7","LI_raw",30,30,1,227,721.5,5.562,-0.0929,0.00444
"ENSG00000260895","RP11-554A11.7","LI_raw",3,3,1,702,722,3.462,0.5811,0.0217
"ENSG00000185156","MFSD6L","LI_raw",10,10,1,658,723.5,3.9036,0.3669,0.0162
"ENSG00000196177","ACADSB","LI_raw",27,27,1,440,725,5.7186,-0.1176,0.0101
"ENSG00000227195","MIR663A","LI_raw",7,7,1,675,727,3.8992,-0.4621,0.019
"ENSG00000203721","LINC00862","LI_raw",14,14,1,687,729,4.6728,0.3746,0.0174
"ENSG00000106692","FKTN","LI_raw",28,28,1,483,732,5.8616,-0.1321,0.0127
"ENSG00000125630","POLR1B","LI_raw",29,29,1,200,732,5.5214,-0.1302,0.00331
"ENSG00000216588","IGSF23","LI_raw",3,3,1,697,732,3.5049,0.6956,0.0226
"ENSG00000260682","7SK","LI_raw",29,29,1,508,732,5.6557,0.1592,0.0134
"ENSG00000201512","SNORA71C","LI_raw",10,10,1,669,732.5,4.1209,0.3373,0.0147
"ENSG00000115290","GRB14","LI_raw",5,5,1,717,733,3.4522,0.5303,0.0203
"ENSG00000148400","NOTCH1","LI_raw",31,31,1,339,733,5.9428,0.2463,0.0136
"ENSG00000197943","PLCG2","LI_raw",31,31,1,276,734,5.9158,0.1789,0.00996
"ENSG00000260257","RP5-1085F17.3","LI_raw",24,24,1,479,734,5.3458,0.135,0.00976
"ENSG00000268758","EMR4P","LI_raw",26,26,1,661,734,5.3612,0.3364,0.0167
"ENSG00000179598","PLD6","LI_raw",19,19,1,648,737,5.2998,-0.2143,0.0172
"ENSG00000196139","AKR1C3","LI_raw",17,17,1,680,737,5.1219,-0.3243,0.0168
"ENSG00000114796","KLHL24","LI_raw",31,31,1,29,739,5.6081,-0.082,9.98e-06
"ENSG00000143624","INTS3","LI_raw",30,30,1,504,739,5.7491,0.144,0.0112
"ENSG00000184371","CSF1","LI_raw",19,19,1,642,739,5.0873,0.2932,0.0147
"ENSG00000206527","PTPLB","LI_raw",28,28,1,421,739,5.7661,-0.1051,0.00954
"ENSG00000256294","ZNF225","LI_raw",24,24,1,451,741,5.4767,-0.1246,0.0105
"ENSG00000146094","DOK3","LI_raw",30,30,1,470,742.5,5.8795,0.253,0.0146
"ENSG00000162551","ALPL","LI_raw",30,30,1,420,742.5,5.8872,0.4079,0.0126
"ENSG00000173638","SLC19A1","LI_raw",30,30,1,465,743,5.9237,0.2749,0.0136
"ENSG00000148660","CAMK2G","LI_raw",31,31,1,463,744,6.0155,0.1537,0.0128
"ENSG00000102034","ELF4","LI_raw",27,27,1,607,746,5.6585,0.2015,0.0157
"ENSG00000119979","FAM45A","LI_raw",30,30,1,546,746,5.8678,0.1485,0.0132
"ENSG00000180771","SRSF8","LI_raw",27,27,1,518,747,5.7974,-0.1457,0.0128
"ENSG00000197579","TOPORS","LI_raw",31,31,1,411,747,5.953,0.1897,0.013
"ENSG00000143797","MBOAT2","LI_raw",31,31,1,414,748,6.1257,0.191,0.015
"ENSG00000128011","LRFN1","LI_raw",17,17,1,702,749,5.0475,0.3048,0.0179
"ENSG00000070610","GBA2","LI_raw",30,30,1,512,751.5,6.0106,0.1194,0.0116
"ENSG00000119013","NDUFB3","LI_raw",22,22,1,686,754,5.3501,0.3479,0.0169
"ENSG00000156804","FBXO32","LI_raw",26,26,1,604,754.5,5.72,-0.1526,0.0152
"ENSG00000232194","RP1-313L4.3","LI_raw",1,1,1,756,756,3.139,0.5924,0.0281
"ENSG00000184117","NIPSNAP1","LI_raw",24,24,1,623,756.5,5.4804,-0.1261,0.0152
"ENSG00000197249","SERPINA1","LI_raw",31,31,1,317,757,6.0972,0.2439,0.0131
"ENSG00000203644","AC083799.1","LI_raw",26,26,1,539,757,5.6274,0.2386,0.0134
"ENSG00000100918","REC8","LI_raw",22,22,1,560,759,5.4353,0.2369,0.0143
"ENSG00000088833","NSFL1C","LI_raw",30,30,1,491,760,6.0563,0.1611,0.0128
"ENSG00000106780","MEGF9","LI_raw",31,31,1,242,760,6.0633,0.2201,0.0103
"ENSG00000198169","ZNF251","LI_raw",27,27,1,618,761,5.7198,-0.1218,0.0161
"ENSG00000117010","ZNF684","LI_raw",18,18,1,590,761.5,5.2177,-0.1848,0.0167
"ENSG00000125505","MBOAT7","LI_raw",31,31,1,314,762,6.1918,0.2774,0.0137
"ENSG00000122507","BBS9","LI_raw",28,28,1,519,763,5.9783,-0.1181,0.0142
"ENSG00000069712","KIAA1107","LI_raw",22,22,1,640,764.5,5.6638,-0.1875,0.016
"ENSG00000136718","IMP4","LI_raw",29,29,1,309,765,6.0971,-0.1021,0.00679
"ENSG00000123908","AGO2","LI_raw",31,31,1,449,767,6.0603,0.1841,0.0132
"ENSG00000137124","ALDH1B1","LI_raw",21,21,1,669,768,5.6634,-0.1687,0.0162
"ENSG00000186350","RXRA","LI_raw",31,31,1,353,769,6.2786,0.2034,0.0131
"ENSG00000138767","CNOT6L","LI_raw",31,31,1,75,771,5.9337,-0.0967,0.00194
"ENSG00000162711","NLRP3","LI_raw",29,29,1,160,771,5.8648,-0.19,0.00223
"ENSG00000114120","SLC25A36","LI_raw",30,30,1,344,772.5,6.4497,-0.1286,0.00833
"ENSG00000163577","EIF5A2","LI_raw",23,23,1,646,773,5.6908,-0.199,0.0183
"ENSG00000257156","RP11-13A1.3","LI_raw",6,6,1,754,774,4.0173,0.6452,0.0215
"ENSG00000262380","CTB-193M12.3","LI_raw",10,10,1,726,774,4.2514,0.3401,0.0195
"ENSG00000113649","TCERG1","LI_raw",30,30,1,388,774.5,6.2936,-0.1043,0.00962
"ENSG00000176788","BASP1","LI_raw",31,31,1,280,775,6.2628,0.3477,0.0125
"ENSG00000154330","PGM5","LI_raw",15,15,1,719,777,5.1604,0.6708,0.0187
"ENSG00000166579","NDEL1","LI_raw",31,31,1,359,778,6.2149,0.1894,0.0139
"ENSG00000224172","RP11-416N13.1","LI_raw",5,5,1,749,781,3.6869,0.5245,0.0231
"ENSG00000237758","BANF1P3","LI_raw",6,6,1,736,781,4.0443,-0.3959,0.0228
"ENSG00000132952","USPL1","LI_raw",29,29,1,268,783,6.2446,-0.0961,0.0054
"ENSG00000138772","ANXA3","LI_raw",29,29,1,492,783,6.0562,0.3862,0.0155
"ENSG00000198736","MSRB1","LI_raw",31,31,1,384,783,6.3308,0.2586,0.0152
"ENSG00000244041","LINC01011","LI_raw",20,20,1,618,783,5.4218,0.1792,0.0146
"ENSG00000156860","FBRS","LI_raw",30,30,1,547,783.5,6.2134,0.1683,0.0134
"ENSG00000270036","RP11-685G9.4","LI_raw",3,3,1,700,784,3.7539,0.6462,0.0244
"ENSG00000266127","RP11-474N24.2","LI_raw",21,21,1,737,785,5.5227,0.2728,0.0189
"ENSG00000179104","TMTC2","LI_raw",28,28,1,384,785.5,5.9399,-0.1356,0.00837
"ENSG00000086475","SEPHS1","LI_raw",26,26,1,484,788.5,6.1288,-0.1092,0.0112
"ENSG00000166025","AMOTL1","LI_raw",17,17,1,631,790,5.44,-0.2639,0.0174
"ENSG00000100599","RIN3","LI_raw",30,30,1,630,791,6.3142,0.1885,0.0163
"ENSG00000123405","NFE2","LI_raw",31,31,1,374,792,6.4036,0.2043,0.0141
"ENSG00000230724","LINC01001","LI_raw",5,5,1,734,792,3.9799,0.5894,0.0203
"ENSG00000133317","LGALS12","LI_raw",22,22,1,727,793.5,5.5342,0.3014,0.0188
"ENSG00000102054","RBBP7","LI_raw",30,30,1,243,796,5.9573,-0.1213,0.00511
"ENSG00000148200","NR6A1","LI_raw",21,21,1,725,796,5.6466,0.2956,0.0186
"ENSG00000052795","FNIP2","LI_raw",29,29,1,225,798,6.064,-0.1178,0.0041
"ENSG00000100330","MTMR3","LI_raw",31,31,1,285,801,6.4679,0.1818,0.0117
"ENSG00000141698","NT5C3B","LI_raw",21,21,1,692,801,5.7522,-0.2542,0.0198
"ENSG00000213149","CNN2P9","LI_raw",7,7,1,756,802,4.0843,0.4204,0.0214
"ENSG00000265625","RP11-68I3.11","LI_raw",26,26,1,708,802.5,5.9178,0.2353,0.0192
"ENSG00000151651","ADAM8","LI_raw",31,31,1,352,803,6.4926,0.2313,0.0142
"ENSG00000228903","RASA4CP","LI_raw",15,15,1,750,803,5.2068,-0.2256,0.0203
"ENSG00000243646","IL10RB","LI_raw",30,30,1,479,803.5,6.3139,0.1575,0.0144
"ENSG00000272666","CTA-384D8.35","LI_raw",7,7,1,734,804,4.1417,0.3541,0.0212
"ENSG00000256433","RP1-102E24.8","LI_raw",7,7,1,728,805,3.9885,0.4678,0.0202
"ENSG00000139508","SLC46A3","LI_raw",27,27,1,289,806,6.1952,-0.0803,0.00545
"ENSG00000156110","ADK","LI_raw",28,28,1,440,806.5,6.3423,-0.1471,0.0107
"ENSG00000186814","ZSCAN30","LI_raw",28,28,1,550,807,6.4032,-0.124,0.0157
"ENSG00000231948","HS1BP3-IT1","LI_raw",3,3,1,791,807,3.7929,0.5274,0.0252
"ENSG00000183134","PTGDR2","LI_raw",26,26,1,651,808,5.9954,0.3451,0.0178
"ENSG00000226380","MIR29B1","LI_raw",30,30,1,633,808,6.4309,0.2197,0.0164
"ENSG00000171103","TRMT61B","LI_raw",24,24,1,643,809,6.0121,-0.1512,0.0168
"ENSG00000171302","CANT1","LI_raw",30,30,1,469,809.5,6.459,0.1887,0.0145
"ENSG00000270949","RP11-288H12.4","LI_raw",27,27,1,605,812,6.0888,0.2371,0.0152
"ENSG00000146592","CREB5","LI_raw",31,31,1,265,817,6.6058,0.2943,0.0116
"ENSG00000103005","USB1","LI_raw",28,28,1,686,819,6.2343,0.1995,0.0194
"ENSG00000226928","RPS14P4","LI_raw",5,5,1,764,819,4.0986,0.4167,0.0215
"ENSG00000113249","HAVCR1","LI_raw",13,13,1,737,821,4.8352,-0.3046,0.0207
"ENSG00000264133","AC006953.1","LI_raw",3,3,1,807,821,3.9367,0.5373,0.0265
"ENSG00000223117","RN7SKP296","LI_raw",15,15,1,740,822,5.2932,0.3288,0.0206
"ENSG00000244607","CCDC13","LI_raw",14,14,1,735,822.5,5.2349,0.31,0.0203
"ENSG00000130363","RSPH3","LI_raw",27,27,1,531,823,6.2118,0.1732,0.0128
"ENSG00000224152","AC009506.1","LI_raw",23,23,1,676,823,5.982,0.2869,0.018
"ENSG00000232334","RP11-47G11.2","LI_raw",21,21,1,618,823,5.7631,0.3541,0.0148
"ENSG00000144476","ACKR3","LI_raw",17,17,1,768,824,5.5571,-0.1957,0.0203
"ENSG00000175806","MSRA","LI_raw",25,25,1,615,824,6.1544,0.1677,0.0156
"ENSG00000178105","DDX10","LI_raw",27,27,1,546,824,6.4712,-0.1032,0.0134
"ENSG00000259717","LINC00677","LI_raw",14,14,1,689,824,5.0887,0.3326,0.0171
"ENSG00000211807","TRAV26-1","LI_raw",10,10,1,766,825,4.7058,-0.3706,0.0216
"ENSG00000077420","APBB1IP","LI_raw",31,31,1,400,826,6.634,0.1626,0.0153
"ENSG00000092929","UNC13D","LI_raw",31,31,1,551,826,6.6282,0.1687,0.015
"ENSG00000205060","SLC35B4","LI_raw",27,27,1,608,827,6.3662,-0.0958,0.0163
"ENSG00000109084","TMEM97","LI_raw",17,17,1,784,831,5.7086,-0.2415,0.0206
"ENSG00000156345","CDK20","LI_raw",15,15,1,682,832,5.4393,-0.2379,0.0205
"ENSG00000155438","MKI67IP","LI_raw",26,26,1,464,832.5,6.2954,-0.1548,0.0107
"ENSG00000125246","CLYBL","LI_raw",20,20,1,744,833.5,5.7058,-0.1777,0.0193
"ENSG00000008128","CDK11A","LI_raw",17,17,1,731,834,5.6255,0.2552,0.0188
"ENSG00000099331","MYO9B","LI_raw",31,31,1,468,834,6.7203,0.1726,0.0147
"ENSG00000117602","RCAN3","LI_raw",30,30,1,410,834,6.7669,-0.1681,0.0106
"ENSG00000167548","KMT2D","LI_raw",30,30,1,570,835.5,6.6086,0.2269,0.0168
"ENSG00000072694","FCGR2B","LI_raw",28,28,1,629,836,6.3627,0.2994,0.0163
"ENSG00000116922","C1orf109","LI_raw",24,24,1,710,836.5,6.0146,-0.1273,0.0183
"ENSG00000180953","ST20","LI_raw",28,28,1,652,837,6.4006,0.2515,0.0176
"ENSG00000185052","SLC24A3","LI_raw",17,17,1,740,839,5.64,0.3147,0.0194
"ENSG00000197170","PSMD12","LI_raw",29,29,1,291,839,6.5006,-0.0895,0.00614
"ENSG00000217527","RPS16P5","LI_raw",20,20,1,716,840,5.9145,0.2163,0.0182
"ENSG00000126391","FRMD8","LI_raw",29,29,1,649,841,6.5369,0.1605,0.0176
"ENSG00000189060","H1F0","LI_raw",27,27,1,707,847,6.5468,-0.3242,0.0202
"ENSG00000267121","CTD-2020K17.1","LI_raw",29,29,1,659,849,6.5529,0.1349,0.0179
"ENSG00000164970","FAM219A","LI_raw",22,22,1,770,852,5.8314,0.1775,0.0203
"ENSG00000132781","MUTYH","LI_raw",25,25,1,707,853,6.4637,-0.1311,0.0196
"ENSG00000144118","RALB","LI_raw",31,31,1,330,853,6.8123,0.2204,0.0156
"ENSG00000170854","MINA","LI_raw",30,30,1,431,853,6.8189,-0.0976,0.0121
"ENSG00000234290","AC116366.6","LI_raw",16,16,1,829,853.5,5.7157,0.3671,0.0221
"ENSG00000173110","HSPA6","LI_raw",31,31,1,402,856,6.9211,0.2684,0.0178
"ENSG00000235568","NFAM1","LI_raw",31,31,1,403,857,6.9858,0.2405,0.0173
"ENSG00000230068","CDC42-IT1","LI_raw",18,18,1,711,858,5.8102,0.2055,0.0194
"ENSG00000174276","ZNHIT2","LI_raw",21,21,1,759,860,6.3376,-0.1546,0.0202
"ENSG00000101346","POFUT1","LI_raw",27,27,1,689,861,6.3642,-0.1102,0.0172
"ENSG00000211959","IGHV4-39","LI_raw",9,9,1,797,864,4.846,-0.5442,0.0241
"ENSG00000085788","DDHD2","LI_raw",30,30,1,453,865.5,7.0296,-0.1133,0.0136
"ENSG00000125834","STK35","LI_raw",27,27,1,739,866,6.4754,0.1499,0.0209
"ENSG00000140988","RPS2","LI_raw",31,31,1,230,866,6.9648,-0.1176,0.00938
"ENSG00000186891","TNFRSF18","LI_raw",17,17,1,789,866,5.7515,-0.3083,0.0219
"ENSG00000166199","ALKBH3","LI_raw",27,27,1,658,870,6.6414,-0.1075,0.019
"ENSG00000134717","BTF3L4","LI_raw",28,28,1,507,872,6.8693,-0.1018,0.0136
"ENSG00000163041","H3F3A","LI_raw",30,30,1,596,872,6.7982,0.1829,0.019
"ENSG00000230454","U73166.2","LI_raw",17,17,1,719,873,5.7995,0.2709,0.0181
"ENSG00000221203","MIR1262","LI_raw",3,3,1,868,874,4.1908,0.6287,0.029
"ENSG00000271722","RP11-446E9.2","LI_raw",22,22,1,737,874.5,6.3101,0.2215,0.0194
"ENSG00000229989","MIR181A1HG","LI_raw",24,24,1,662,876.5,6.5214,-0.1574,0.0175
"ENSG00000104974","LILRA1","LI_raw",30,30,1,618,877,6.9461,0.174,0.0194
"ENSG00000213965","NUDT19","LI_raw",26,26,1,688,877,6.6716,-0.1186,0.0193
"ENSG00000177685","EFCAB4A","LI_raw",9,9,1,833,879,4.7144,0.3834,0.0227
"ENSG00000196636","ACN9","LI_raw",22,22,1,703,880,6.3641,-0.1508,0.0222
"ENSG00000131061","ZNF341","LI_raw",16,16,1,778,881.5,5.8286,0.2256,0.0224
"ENSG00000270210","RP11-373D23.3","LI_raw",5,5,1,875,886,4.3716,0.5597,0.0262
"ENSG00000143314","MRPL24","LI_raw",26,26,1,360,886.5,6.5792,-0.125,0.00776
"ENSG00000261286","RP11-517C16.2","LI_raw",8,8,1,771,887,4.6088,0.3041,0.0216
"ENSG00000004961","HCCS","LI_raw",26,26,1,515,887.5,6.4748,-0.0982,0.0127
"ENSG00000141867","BRD4","LI_raw",30,30,1,679,887.5,6.9821,0.195,0.0194
"ENSG00000236493","EIF2S2P3","LI_raw",10,10,1,778,888,4.889,-0.2778,0.0225
"ENSG00000151914","DST","LI_raw",28,28,1,516,890,7.1149,-0.1971,0.014
"ENSG00000233154","RP4-655J12.4","LI_raw",15,15,1,761,890,5.7729,0.2999,0.0215
"ENSG00000197062","RP5-874C20.3","LI_raw",27,27,1,526,891,7.0109,-0.1059,0.0129
"ENSG00000233406","RP11-296A18.5","LI_raw",1,1,1,891,891,3.6996,-0.5241,0.0353
"ENSG00000237827","RP11-332O19.2","LI_raw",16,16,1,814,891,5.9033,0.2909,0.0229
"ENSG00000155016","CYP2U1","LI_raw",27,27,1,602,895,7.0486,-0.1369,0.0159
"ENSG00000109680","TBC1D19","LI_raw",25,25,1,806,898,6.7936,-0.1728,0.0232
"ENSG00000121957","GPSM2","LI_raw",28,28,1,667,898.5,6.9313,0.1907,0.0182
"ENSG00000119537","KDSR","LI_raw",28,28,1,545,900,7.0394,-0.102,0.0156
"ENSG00000174080","CTSF","LI_raw",21,21,1,754,900,6.4466,-0.2087,0.0196
"ENSG00000181396","OGFOD3","LI_raw",25,25,1,580,902,6.7117,-0.1254,0.0147
"ENSG00000118960","HS1BP3","LI_raw",28,28,1,716,902.5,6.8352,0.1543,0.0222
"ENSG00000178789","CD300LB","LI_raw",30,30,1,659,903.5,7.1872,0.2208,0.0208
"ENSG00000125780","TGM3","LI_raw",20,20,1,780,904.5,6.3807,0.5197,0.021
"ENSG00000252908","RNU6-1003P","LI_raw",7,7,1,816,905,4.5213,0.4434,0.0242
"ENSG00000196329","GIMAP5","LI_raw",31,31,1,189,908,7.3185,-0.1267,0.00719
"ENSG00000265113","RP11-70O5.2","LI_raw",1,1,1,909,909,3.7743,0.4947,0.036
"ENSG00000273311","DGCR11","LI_raw",25,25,1,704,909,6.7346,0.1986,0.0206
"ENSG00000184857","TMEM186","LI_raw",21,21,1,679,910,6.4592,-0.1386,0.0176
"ENSG00000173349","SFT2D3","LI_raw",27,27,1,691,912,7.0358,-0.1168,0.0217
"ENSG00000172840","PDP2","LI_raw",21,21,1,774,916,6.6033,-0.1562,0.0233
"ENSG00000179101","RP11-349N19.2","LI_raw",18,18,1,839,920,6.2377,0.2713,0.024
"ENSG00000226328","CTA-217C2.1","LI_raw",27,27,1,705,924,6.8161,0.199,0.0218
"ENSG00000234444","ZNF736","LI_raw",30,30,1,415,927,7.4716,-0.1072,0.0106
"ENSG00000146828","SLC12A9","LI_raw",31,31,1,558,929,7.5194,0.1759,0.0211
"ENSG00000167536","DHRS13","LI_raw",29,29,1,728,930,7.2338,0.2427,0.0232
"ENSG00000092020","PPP2R3C","LI_raw",29,29,1,713,932,6.9803,0.1603,0.0207
"ENSG00000270081","RP5-935K16.1","LI_raw",24,24,1,796,935.5,6.9003,-0.1178,0.0235
"ENSG00000185650","ZFP36L1","LI_raw",30,30,1,743,936,7.1454,0.1492,0.0213
"ENSG00000166147","FBN1","LI_raw",16,16,1,857,938,6.174,0.401,0.0256
"ENSG00000259453","RP11-815J21.1","LI_raw",22,22,1,817,938.5,6.8288,0.1724,0.0235
"ENSG00000186141","POLR3C","LI_raw",27,27,1,623,939,7.2477,-0.0935,0.017
"ENSG00000082269","FAM135A","LI_raw",28,28,1,564,942.5,7.4935,-0.1219,0.0162
"ENSG00000141068","KSR1","LI_raw",29,29,1,736,944,7.3139,0.2105,0.0226
"ENSG00000159164","SV2A","LI_raw",7,7,1,814,944,5.0308,-0.3936,0.0286
"ENSG00000238651","snoU13","LI_raw",3,3,1,929,944,4.4546,0.5716,0.0313
"ENSG00000270190","RP11-803D5.4","LI_raw",5,5,1,916,944,4.6253,0.5146,0.03
"ENSG00000139718","SETD1B","LI_raw",28,28,1,680,949.5,7.2616,0.1969,0.0196
"ENSG00000152556","PFKM","LI_raw",24,24,1,813,955.5,7.1263,-0.1481,0.0229
"ENSG00000221430","MIR1294","LI_raw",1,1,1,957,957,3.9736,0.5311,0.0384
"ENSG00000240669","RP11-555K12.2","LI_raw",15,15,1,876,960,6.2579,0.3144,0.0265
"ENSG00000255608","RP3-377H17.2","LI_raw",1,1,1,960,960,3.986,0.479,0.0387
"ENSG00000185716","C16orf52","LI_raw",28,28,1,607,965,7.8344,-0.121,0.0182
"ENSG00000125868","DSTN","LI_raw",26,26,1,561,969.5,7.3997,-0.1182,0.0139
"ENSG00000144036","EXOC6B","LI_raw",27,27,1,837,970,7.5012,-0.1245,0.0259
"ENSG00000136630","HLX","LI_raw",28,28,1,640,971,7.4904,0.2773,0.0173
"ENSG00000269657","AC079210.1","LI_raw",27,27,1,725,971,7.3034,0.2112,0.022
"ENSG00000160172","FAM86C2P","LI_raw",5,5,1,884,972,4.6608,-0.4021,0.031
"ENSG00000260361","CTD-2313J17.5","LI_raw",9,9,1,921,973,5.2186,0.3677,0.0276
"ENSG00000164402","SEPT8","LI_raw",21,21,1,828,974,6.9946,-0.1819,0.0251
"ENSG00000208028","MIR616","LI_raw",5,5,1,939,974,4.7163,0.476,0.0298
"ENSG00000100271","TTLL1","LI_raw",20,20,1,813,975.5,7.206,-0.1648,0.0247
"ENSG00000222112","RN7SKP16","LI_raw",18,18,1,921,976.5,6.6559,0.3587,0.0275
"ENSG00000007129","CEACAM21","LI_raw",28,28,1,432,979.5,7.3268,-0.1208,0.01
"ENSG00000204577","LILRB3","LI_raw",27,27,1,592,983,7.4418,0.2644,0.015
"ENSG00000105501","SIGLEC5","LI_raw",24,24,1,726,991.5,7.243,0.3479,0.0233
"ENSG00000151491","EPS8","LI_raw",15,15,1,889,992,6.3891,-0.31,0.0286
"ENSG00000187091","PLCD1","LI_raw",27,27,1,765,995,7.0883,-0.1283,0.0204
"ENSG00000136636","KCTD3","LI_raw",22,22,1,857,996,7.3141,-0.1758,0.0259
"ENSG00000185271","KLHL33","LI_raw",3,3,1,947,999,4.5344,-0.5479,0.0337
"ENSG00000238349","snoU13","LI_raw",3,3,1,876,1000,4.795,0.5123,0.0344
"ENSG00000181722","ZBTB20","LI_raw",30,30,1,394,1001,7.8342,-0.106,0.01
"ENSG00000252965","Y_RNA","LI_raw",5,5,1,960,1001,4.9653,0.3736,0.0308
"ENSG00000198468","FLVCR1-AS1","LI_raw",18,18,1,896,1001.5,6.8053,0.3187,0.0274
"ENSG00000248166","AC008984.2","LI_raw",17,17,1,879,1002,6.8043,0.3454,0.0256
"ENSG00000241772","AC092620.2","LI_raw",23,23,1,877,1011,7.2529,0.236,0.0271
"ENSG00000181016","LSMEM1","LI_raw",22,22,1,919,1012,7.1854,0.2735,0.0287
"ENSG00000273141","RP11-820I16.4","LI_raw",15,15,1,925,1012,6.7211,0.3157,0.0292
"ENSG00000234335","RPS4XP11","LI_raw",22,22,1,920,1015.5,7.2972,-0.1824,0.028
"ENSG00000253838","RP11-44K6.2","LI_raw",3,3,1,984,1016,4.7183,0.587,0.034
"ENSG00000107537","PHYH","LI_raw",18,18,1,956,1017.5,7.0793,-0.1817,0.0289
"ENSG00000230839","RP5-968J1.1","LI_raw",15,15,1,896,1019,6.7278,0.3412,0.027
"ENSG00000250069","CTB-131B5.2","LI_raw",7,7,1,924,1019,5.1917,0.4632,0.029
"ENSG00000172426","RSPH9","LI_raw",7,7,1,936,1020,5.4706,0.4006,0.0302
"ENSG00000249087","C1orf213","LI_raw",18,18,1,838,1029,7.1623,-0.1964,0.0231
"ENSG00000054179","ENTPD2","LI_raw",3,3,1,973,1032,4.9485,0.5805,0.0368
"ENSG00000242110","AMACR","LI_raw",15,15,1,963,1033,6.8624,0.2602,0.0301
"ENSG00000225940","AC022431.2","LI_raw",5,5,1,1014,1038,5.2669,0.4712,0.0332
"ENSG00000080493","SLC4A4","LI_raw",22,22,1,930,1038.5,7.2392,-0.2498,0.0285
"ENSG00000159784","FAM131B","LI_raw",12,12,1,963,1038.5,6.1775,-0.3442,0.0294
"ENSG00000267416","CTD-2319I12.2","LI_raw",6,6,1,950,1042.5,5.3197,0.4354,0.0311
"ENSG00000143185","XCL2","LI_raw",13,13,1,917,1043,6.3334,-0.399,0.0273
"ENSG00000146373","RNF217","LI_raw",26,26,1,631,1044,8.0701,-0.1703,0.0175
"ENSG00000260929","RP11-327F22.1","LI_raw",12,12,1,903,1049.5,6.0261,0.2409,0.0273
"ENSG00000222722","AL161790.1","LI_raw",1,1,1,1059,1059,4.3971,0.4588,0.0451
"ENSG00000169203","RP11-231C14.4","LI_raw",7,7,1,949,1060,5.6586,0.413,0.0311
"ENSG00000079150","FKBP7","LI_raw",7,7,1,905,1061,5.3962,-0.4135,0.0282
"ENSG00000243911","RN7SL430P","LI_raw",7,7,1,961,1061,5.5028,0.3279,0.031
"ENSG00000235119","RP11-9M16.2","LI_raw",9,9,1,954,1063,5.5207,0.2991,0.0305
"ENSG00000175886","RPL7AP66","LI_raw",19,19,1,909,1066,7.54,-0.1886,0.027
"ENSG00000158023","WDR66","LI_raw",10,10,1,997,1069,5.8854,0.3706,0.0326
"ENSG00000144935","TRPC1","LI_raw",22,22,1,965,1074,7.8998,-0.2336,0.0312
"ENSG00000213279","RP1-29C18.9","LI_raw",5,5,1,970,1078,5.2229,0.5469,0.0315
"ENSG00000170509","HSD17B13","LI_raw",13,13,1,930,1081,6.5749,0.2928,0.0294
"ENSG00000259843","RP11-429P3.3","LI_raw",1,1,1,1081,1081,4.4885,0.4854,0.0458
"ENSG00000110079","MS4A4A","LI_raw",20,20,1,929,1082.5,7.7521,-0.2796,0.0283
"ENSG00000244723","ASLP1","LI_raw",6,6,1,1024,1088.5,5.6236,0.3626,0.0337
"ENSG00000214142","AC073842.18","LI_raw",1,1,1,1116,1116,4.6338,0.5381,0.0487
"ENSG00000207001","SNORD116-2","LI_raw",1,1,1,1126,1126,4.6753,0.5189,0.0496
"ENSG00000257818","RP11-1143G9.2","LI_raw",13,13,1,1039,1137,6.8034,-0.2462,0.0339
"ENSG00000183077","AFMID","LI_raw",16,16,1,961,1152,7.6586,-0.1999,0.0324
"ENSG00000250479","CHCHD10","LI_raw",19,19,1,979,1152,8.1047,-0.1756,0.0312
"ENSG00000228719","RP5-1119A7.14","LI_raw",10,10,1,1053,1166.5,6.2943,0.3919,0.0364
"ENSG00000065809","FAM107B","LI_raw",31,30,0.968,161,235,1.7522,0.1217,0.00095
"ENSG00000159322","ADPGK","LI_raw",31,30,0.968,376,521,3.9063,0.0935,0.0068
"ENSG00000108256","NUFIP2","LI_raw",31,30,0.968,375,566,4.3661,0.1023,0.00725
"ENSG00000143418","CERS2","LI_raw",31,30,0.968,357,566,4.3981,0.1232,0.00654
"ENSG00000117616","C1orf63","LI_raw",31,30,0.968,467,649,4.9511,0.1355,0.00939
"ENSG00000197622","CDC42SE1","LI_raw",31,30,0.968,266,740,5.9552,0.1263,0.00846
"ENSG00000167395","ZNF646","LI_raw",31,30,0.968,608,745,6.1287,0.1518,0.0153
"ENSG00000142864","SERBP1","LI_raw",31,30,0.968,107,782,6.082,-0.0999,0.0037
"ENSG00000134698","AGO4","LI_raw",31,30,0.968,274,830,6.7084,0.1742,0.011
"ENSG00000076685","NT5C2","LI_raw",31,30,0.968,320,831,6.6292,0.1651,0.0139
"ENSG00000069275","NUCKS1","LI_raw",31,30,0.968,161,840,6.5436,-0.1302,0.00639
"ENSG00000163714","U2SURP","LI_raw",31,30,0.968,106,849,6.7497,-0.1038,0.00361
"ENSG00000140199","SLC12A6","LI_raw",31,30,0.968,288,886,7.1485,0.1662,0.0133
"ENSG00000135074","ADAM19","LI_raw",31,30,0.968,494,896,7.2445,0.1819,0.0184
"ENSG00000120802","TMPO","LI_raw",31,30,0.968,148,898,7.0121,-0.1136,0.00613
"ENSG00000146414","SHPRH","LI_raw",31,30,0.968,165,985,8.0084,-0.0966,0.00667
"ENSG00000130779","CLIP1","LI_raw",30,29,0.967,405,740.5,5.76,0.1088,0.0094
"ENSG00000055130","CUL1","LI_raw",30,29,0.967,257,829,6.3448,-0.1044,0.00511
"ENSG00000133657","ATP13A3","LI_raw",30,29,0.967,147,829,6.1042,-0.1042,0.00155
"ENSG00000159110","IFNAR2","LI_raw",30,29,0.967,619,839,6.6912,0.1063,0.0156
"ENSG00000004487","KDM1A","LI_raw",30,29,0.967,285,855,6.4956,-0.1163,0.00627
"ENSG00000148672","GLUD1","LI_raw",30,29,0.967,217,862.5,6.517,-0.1233,0.0038
"ENSG00000126934","MAP2K2","LI_raw",30,29,0.967,647,879,6.8645,0.1379,0.0174
"ENSG00000125826","RBCK1","LI_raw",30,29,0.967,646,896.5,7.1546,0.1471,0.0174
"ENSG00000175029","CTBP2","LI_raw",30,29,0.967,666,901,7.0848,0.1305,0.0199
"ENSG00000033627","ATP6V0A1","LI_raw",30,29,0.967,709,939.5,7.2585,0.1399,0.0211
"ENSG00000002919","SNX11","LI_raw",30,29,0.967,567,946.5,7.4364,0.1662,0.0163
"ENSG00000117020","AKT3","LI_raw",30,29,0.967,552,1000.5,8.1204,-0.1349,0.0172
"ENSG00000118596","SLC16A7","LI_raw",30,29,0.967,507,1012.5,8.2923,-0.1102,0.0143
"ENSG00000100852","ARHGAP5","LI_raw",30,29,0.967,586,1036.5,8.47,-0.1577,0.0181
"ENSG00000107937","GTPBP4","LI_raw",29,28,0.966,322,841,6.386,-0.1125,0.00741
"ENSG00000165733","BMS1","LI_raw",29,28,0.966,209,896,6.849,-0.1311,0.00351
"ENSG00000139722","VPS37B","LI_raw",29,28,0.966,686,916,7.1137,0.1595,0.0203
"ENSG00000079134","THOC1","LI_raw",29,28,0.966,518,922,7.4547,-0.1081,0.0145
"ENSG00000115365","LANCL1","LI_raw",29,28,0.966,455,993,7.8559,-0.1179,0.0125
"ENSG00000167470","MIDN","LI_raw",29,28,0.966,750,994,7.7706,0.2016,0.0244
"ENSG00000173083","HPSE","LI_raw",28,27,0.964,646,866.5,6.7184,0.2185,0.0181
"ENSG00000136715","SAP130","LI_raw",28,27,0.964,658,887,6.779,0.1191,0.0178
"ENSG00000102241","HTATSF1","LI_raw",28,27,0.964,382,902,6.6965,-0.1612,0.00828
"ENSG00000088035","ALG6","LI_raw",28,27,0.964,454,934,7.3102,-0.0888,0.0115
"ENSG00000181915","ADO","LI_raw",28,27,0.964,547,946,7.3958,-0.0975,0.0156
"ENSG00000124275","MTRR","LI_raw",28,27,0.964,560,982.5,7.762,-0.0979,0.016
"ENSG00000102103","PQBP1","LI_raw",28,27,0.964,449,1002.5,7.3868,-0.1013,0.0113
"ENSG00000205189","ZBTB10","LI_raw",28,27,0.964,643,1008,8.053,-0.1424,0.0205
"ENSG00000231025","RP11-175O19.4","LI_raw",27,26,0.963,731,854,6.5206,0.1186,0.0196
"ENSG00000150768","DLAT","LI_raw",27,26,0.963,613,987,7.6826,-0.1227,0.0166
"ENSG00000198721","ECI2","LI_raw",27,26,0.963,858,989,7.4582,-0.112,0.0253
"ENSG00000196890","HIST3H2BB","LI_raw",27,26,0.963,853,1081,8.3215,-0.2776,0.0269
"ENSG00000138660","AP1AR","LI_raw",27,26,0.963,560,1087,8.3908,-0.1644,0.0139
"ENSG00000172005","MAL","LI_raw",27,26,0.963,866,1093,8.5187,-0.1863,0.0275
"ENSG00000136933","RABEPK","LI_raw",26,25,0.962,569,705,5.0352,0.1242,0.0113
"ENSG00000167333","TRIM68","LI_raw",26,25,0.962,585,929.5,7.0543,-0.1111,0.015
"ENSG00000137054","POLR1E","LI_raw",26,25,0.962,740,1027.5,7.8862,-0.1189,0.022
"ENSG00000165521","EML5","LI_raw",26,25,0.962,1007,1136.5,8.6508,-0.1709,0.0331
"ENSG00000138050","THUMPD2","LI_raw",25,24,0.96,765,1047,7.8509,-0.1344,0.0233
"ENSG00000214077","GNAQP1","LI_raw",23,22,0.957,853,954,6.907,0.185,0.0247
"ENSG00000124171","PARD6B","LI_raw",23,22,0.957,892,1029,7.6782,-0.1549,0.0271
"ENSG00000134460","IL2RA","LI_raw",23,22,0.957,969,1076,8.0229,-0.1758,0.0308
"ENSG00000170631","ZNF16","LI_raw",23,22,0.957,912,1090,7.8982,-0.1406,0.0292
"ENSG00000141040","ZNF287","LI_raw",23,22,0.957,1041,1164,8.4556,-0.1507,0.0361
"ENSG00000118520","ARG1","LI_raw",22,21,0.955,946,1055.5,7.5934,0.4249,0.0305
"ENSG00000125898","FAM110A","LI_raw",22,21,0.955,958,1103,7.486,0.1755,0.0296
"ENSG00000248863","RP11-83A24.1","LI_raw",19,18,0.947,779,997,6.8346,0.1819,0.022
"ENSG00000214552","COPS8P2","LI_raw",18,17,0.944,873,1037.5,7.2223,-0.2081,0.0252
"ENSG00000064545","TMEM161A","LI_raw",18,17,0.944,998,1135.5,7.9668,-0.1652,0.0314
"ENSG00000003756","RBM5","LI_raw",31,29,0.935,382,679,5.1115,0.0837,0.0071
"ENSG00000079950","STX7","LI_raw",31,29,0.935,549,794,6.4602,0.1116,0.0132
"ENSG00000156931","VPS8","LI_raw",31,29,0.935,346,818,6.3339,0.1323,0.0103
"ENSG00000127528","KLF2","LI_raw",31,29,0.935,626,845,6.5805,0.1164,0.0161
"ENSG00000164054","SHISA5","LI_raw",31,29,0.935,594,847,6.8301,0.1764,0.0162
"ENSG00000130775","THEMIS2","LI_raw",31,29,0.935,308,857,6.9017,0.1922,0.013
"ENSG00000156471","PTDSS1","LI_raw",31,29,0.935,121,878,6.409,-0.0861,0.0044
"ENSG00000105514","RAB3D","LI_raw",31,29,0.935,407,893,7.2202,0.2316,0.0174
"ENSG00000177663","IL17RA","LI_raw",31,29,0.935,334,906,7.3198,0.1966,0.0156
"ENSG00000140749","IGSF6","LI_raw",31,29,0.935,375,908,7.2314,0.21,0.0174
"ENSG00000175538","KCNE3","LI_raw",31,29,0.935,457,915,7.2492,0.1888,0.0186
"ENSG00000172354","GNB2","LI_raw",31,29,0.935,525,918,7.4854,0.1844,0.0196
"ENSG00000142347","MYO1F","LI_raw",31,29,0.935,304,919,7.3829,0.2146,0.0145
"ENSG00000167996","FTH1","LI_raw",31,29,0.935,600,949,7.6326,0.1719,0.0203
"ENSG00000148841","ITPRIP","LI_raw",31,29,0.935,527,959,7.7701,0.222,0.0216
"ENSG00000204160","ZDHHC18","LI_raw",31,29,0.935,419,965,7.8377,0.2468,0.0208
"ENSG00000129657","SEC14L1","LI_raw",31,29,0.935,379,971,7.7694,0.235,0.0186
"ENSG00000168769","TET2","LI_raw",31,29,0.935,321,978,7.9075,0.159,0.0154
"ENSG00000121060","TRIM25","LI_raw",31,29,0.935,438,985,7.9902,0.2201,0.0222
"ENSG00000008952","SEC62","LI_raw",31,29,0.935,134,1018,7.9884,-0.1323,0.00502
"ENSG00000185009","AP3M1","LI_raw",30,28,0.933,174,848,6.1419,-0.0855,0.00244
"ENSG00000148358","GPR107","LI_raw",30,28,0.933,582,889.5,7.1988,0.1258,0.015
"ENSG00000197548","ATG7","LI_raw",30,28,0.933,710,932.5,7.2887,0.1324,0.0211
"ENSG00000182923","CEP63","LI_raw",30,28,0.933,554,941,7.3875,0.1738,0.0195
"ENSG00000177105","RHOG","LI_raw",30,28,0.933,581,964.5,7.7174,0.1956,0.0209
"ENSG00000197536","C5orf56","LI_raw",30,28,0.933,799,982.5,7.6043,0.1796,0.0243
"ENSG00000068323","TFE3","LI_raw",30,28,0.933,584,988.5,7.9319,0.1812,0.0209
"ENSG00000067182","TNFRSF1A","LI_raw",30,28,0.933,640,997.5,7.972,0.2018,0.0232
"ENSG00000181222","POLR2A","LI_raw",30,28,0.933,702,1017,8.0736,0.1924,0.0211
"ENSG00000110446","SLC15A3","LI_raw",30,28,0.933,628,1018,8.109,0.1916,0.0235
"ENSG00000155130","MARCKS","LI_raw",30,28,0.933,611,1019.5,8.0558,0.2248,0.0223
"ENSG00000257027","RP11-705C15.3","LI_raw",30,28,0.933,385,1038,8.1974,-0.1391,0.0107
"ENSG00000167995","BEST1","LI_raw",30,28,0.933,651,1040,8.2657,0.24,0.0245
"ENSG00000106348","IMPDH1","LI_raw",30,28,0.933,696,1067.5,8.439,0.1922,0.0234
"ENSG00000173726","TOMM20","LI_raw",30,28,0.933,451,1092,8.824,-0.099,0.0124
"ENSG00000167280","ENGASE","LI_raw",30,28,0.933,494,1109,8.741,-0.1293,0.0154
"ENSG00000107960","OBFC1","LI_raw",29,27,0.931,526,712,5.1131,0.1162,0.0104
"ENSG00000095261","PSMD5","LI_raw",29,27,0.931,386,990,7.5301,-0.0788,0.00954
"ENSG00000120709","FAM53C","LI_raw",29,27,0.931,775,996,7.8427,0.2144,0.0251
"ENSG00000163655","GMPS","LI_raw",29,27,0.931,448,1079,8.7209,-0.0986,0.0124
"ENSG00000156026","MCU","LI_raw",28,26,0.929,568,886,6.7916,0.1068,0.0141
"ENSG00000143614","GATAD2B","LI_raw",28,26,0.929,718,952.5,7.2818,0.1651,0.0215
"ENSG00000261996","CTC-281F24.1","LI_raw",14,13,0.929,764,963,6.0059,-0.2558,0.0245
"ENSG00000125352","RNF113A","LI_raw",28,26,0.929,403,970.5,7.5038,-0.0926,0.00906
"ENSG00000146701","MDH2","LI_raw",28,26,0.929,442,1021.5,7.8379,-0.0994,0.0109
"ENSG00000124588","NQO2","LI_raw",28,26,0.929,823,1051,7.9975,0.3197,0.027
"ENSG00000085760","MTIF2","LI_raw",28,26,0.929,588,1103.5,8.4846,-0.1005,0.0175
"ENSG00000167220","HDHD2","LI_raw",28,26,0.929,694,1114.5,8.5751,-0.0915,0.0223
"ENSG00000257594","GALNT4","LI_raw",14,13,0.929,887,1124.5,7.1046,0.2022,0.0268
"ENSG00000011523","CEP68","LI_raw",28,26,0.929,757,1168.5,9.1205,-0.1257,0.025
"ENSG00000137338","PGBD1","LI_raw",14,13,0.929,1051,1175,7.0017,-0.235,0.0334
"ENSG00000005194","CIAPIN1","LI_raw",27,25,0.926,555,971,7.4628,-0.1073,0.0139
"ENSG00000117597","DIEXF","LI_raw",27,25,0.926,671,976,7.6749,-0.109,0.0186
"ENSG00000120217","CD274","LI_raw",27,25,0.926,817,1032,7.7609,0.2936,0.027
"ENSG00000251441","RTEL1P1","LI_raw",27,25,0.926,854,1036,7.641,0.2718,0.0294
"ENSG00000063245","EPN1","LI_raw",27,25,0.926,884,1050,7.7759,0.1734,0.0298
"ENSG00000168575","SLC20A2","LI_raw",27,25,0.926,663,1085,8.4897,-0.0987,0.018
"ENSG00000106049","HIBADH","LI_raw",27,25,0.926,713,1093,8.4283,-0.1111,0.0205
"ENSG00000143315","PIGM","LI_raw",27,25,0.926,915,1098,8.5266,-0.1,0.0292
"ENSG00000170088","TMEM192","LI_raw",26,24,0.923,588,1005.5,7.6387,-0.1052,0.0151
"ENSG00000222041","LINC00152","LI_raw",25,23,0.92,763,1029,7.7056,0.1787,0.022
"ENSG00000196369","SRGAP2B","LI_raw",24,22,0.917,740,999,7.3369,0.1444,0.0208
"ENSG00000160214","RRP1","LI_raw",24,22,0.917,737,1030,7.4404,-0.1294,0.0208
"ENSG00000197114","ZGPAT","LI_raw",24,22,0.917,888,1058,7.7888,0.1369,0.025
"ENSG00000011143","MKS1","LI_raw",24,22,0.917,934,1154,8.6215,-0.1354,0.0315
"ENSG00000106404","CLDN15","LI_raw",23,21,0.913,650,981,7.1461,0.1509,0.017
"ENSG00000076201","PTPN23","LI_raw",23,21,0.913,898,1008,7.2015,0.1743,0.0254
"ENSG00000230673","PABPC1P3","LI_raw",23,21,0.913,835,1042,7.322,0.1206,0.0253
"ENSG00000265666","CTD-2267D19.2","LI_raw",23,21,0.913,787,1064,7.6918,0.2499,0.0233
"ENSG00000239779","WBP1","LI_raw",22,20,0.909,908,1119,8.2708,-0.1182,0.0283
"ENSG00000204922","C11orf83","LI_raw",22,20,0.909,1063,1153.5,8.4032,-0.1371,0.0339
"ENSG00000182134","TDRKH","LI_raw",21,19,0.905,911,1094,7.789,-0.149,0.027
"ENSG00000108509","CAMTA2","LI_raw",21,19,0.905,1063,1162,8.0292,0.2492,0.0352
"ENSG00000183726","TMEM50A","LI_raw",31,28,0.903,555,798,6.3842,0.1338,0.0134
"ENSG00000115935","WIPF1","LI_raw",31,28,0.903,621,910,7.2583,0.113,0.0158
"ENSG00000165288","BRWD3","LI_raw",31,28,0.903,461,921,7.2659,0.1188,0.0134
"ENSG00000110876","SELPLG","LI_raw",31,28,0.903,472,936,7.6642,0.1842,0.0169
"ENSG00000109756","RAPGEF2","LI_raw",31,28,0.903,416,970,7.8105,0.1733,0.0174
"ENSG00000145901","TNIP1","LI_raw",31,28,0.903,645,984,7.8967,0.1455,0.0209
"ENSG00000135049","AGTPBP1","LI_raw",31,28,0.903,531,1001,7.8846,0.1379,0.0194
"ENSG00000110719","TCIRG1","LI_raw",31,28,0.903,597,1038,8.3846,0.1797,0.0224
"ENSG00000100504","PYGL","LI_raw",31,28,0.903,329,1045,8.4492,0.2559,0.0181
"ENSG00000142634","EFHD2","LI_raw",31,28,0.903,580,1052,8.5154,0.1652,0.024
"ENSG00000102910","LONP2","LI_raw",31,28,0.903,158,1058,8.2484,-0.081,0.00639
"ENSG00000229164","TRAC","LI_raw",31,28,0.903,159,1110,8.6585,-0.1712,0.00639
"ENSG00000100226","GTPBP1","LI_raw",31,28,0.903,579,1114,8.9834,0.1636,0.0251
"ENSG00000156642","NPTN","LI_raw",30,27,0.9,452,908.5,7.3287,0.1298,0.014
"ENSG00000011198","ABHD5","LI_raw",30,27,0.9,623,1006.5,7.9944,0.2495,0.0228
"ENSG00000164062","APEH","LI_raw",30,27,0.9,239,1017,7.6544,-0.0875,0.00504
"ENSG00000123609","NMI","LI_raw",30,27,0.9,768,1028.5,8.017,0.1704,0.0243
"ENSG00000259448","RP11-16E12.1","LI_raw",20,18,0.9,840,1032,7.3441,0.1806,0.0246
"ENSG00000026103","FAS","LI_raw",30,27,0.9,775,1062.5,8.2688,0.1634,0.0244
"ENSG00000106367","AP1S1","LI_raw",20,18,0.9,919,1069,7.7073,-0.1564,0.0274
"ENSG00000181220","ZNF746","LI_raw",30,27,0.9,655,1071.5,8.4642,0.194,0.0246
"ENSG00000167173","C15orf39","LI_raw",30,27,0.9,738,1081.5,8.5678,0.2516,0.0281
"ENSG00000163545","NUAK2","LI_raw",30,27,0.9,701,1109,8.725,0.1989,0.0263
"ENSG00000196209","SIRPB2","LI_raw",30,27,0.9,772,1111.5,8.7612,0.2096,0.027
"ENSG00000116016","EPAS1","LI_raw",20,18,0.9,1039,1127.5,7.7785,0.2772,0.034
"ENSG00000153933","DGKE","LI_raw",30,27,0.9,608,1130.5,9.2134,-0.1269,0.0232
"ENSG00000215196","AC091878.1","LI_raw",10,9,0.9,1080,1140.5,6.39,0.4747,0.0365
"ENSG00000186395","KRT10","LI_raw",20,18,0.9,989,1182,8.5413,-0.1626,0.0307
"ENSG00000070495","JMJD6","LI_raw",29,26,0.897,718,968,7.3354,0.0993,0.0204
"ENSG00000126775","ATG14","LI_raw",29,26,0.897,499,1029,8.2502,-0.0849,0.014
"ENSG00000166526","ZNF3","LI_raw",29,26,0.897,488,1031,8.2356,-0.0744,0.0136
"ENSG00000163389","POGLUT1","LI_raw",29,26,0.897,634,1069,8.3175,-0.0932,0.0203
"ENSG00000196262","PPIA","LI_raw",29,26,0.897,536,1141,9.185,-0.1124,0.0151
"ENSG00000198948","MFAP3L","LI_raw",29,26,0.897,840,1160,8.9562,0.2406,0.0281
"ENSG00000258944","RP4-647C14.3","LI_raw",19,17,0.895,990,1119,7.7703,0.2209,0.0311
"ENSG00000225470","JPX","LI_raw",28,25,0.893,702,888.5,6.7207,0.1101,0.0186
"ENSG00000176597","B3GNT5","LI_raw",28,25,0.893,810,1056,8.1108,0.2353,0.0268
"ENSG00000103353","UBFD1","LI_raw",28,25,0.893,480,1073,8.1013,-0.1134,0.0126
"ENSG00000149573","MPZL2","LI_raw",26,23,0.885,780,1072,7.9642,0.2304,0.0256
"ENSG00000259671","RP11-925D8.6","LI_raw",17,15,0.882,1090,1142,7.5513,0.3617,0.036
"ENSG00000149485","FADS1","LI_raw",25,22,0.88,913,1189,9.1734,-0.2006,0.0331
"ENSG00000088826","SMOX","LI_raw",25,22,0.88,936,1202,8.7684,0.2892,0.0339
"ENSG00000149016","TUT1","LI_raw",16,14,0.875,1048,1149,7.5916,-0.2069,0.0336
"ENSG00000184083","FAM120C","LI_raw",24,21,0.875,1032,1196,8.8683,-0.1243,0.0325
"ENSG00000012174","MBTPS2","LI_raw",24,21,0.875,1045,1223,9.3361,-0.1215,0.0351
"ENSG00000157916","RER1","LI_raw",31,27,0.871,440,648,4.7899,0.0746,0.00916
"ENSG00000108799","EZH1","LI_raw",31,27,0.871,584,805,6.1168,0.0834,0.0136
"ENSG00000140396","NCOA2","LI_raw",31,27,0.871,333,965,7.6599,0.1272,0.0137
"ENSG00000184602","SNN","LI_raw",31,27,0.871,631,987,7.9213,0.1757,0.022
"ENSG00000263244","RP11-473I1.10","LI_raw",31,27,0.871,679,1026,8.1265,0.1358,0.0232
"ENSG00000026025","VIM","LI_raw",31,27,0.871,624,1031,8.2111,0.1621,0.0211
"ENSG00000124406","ATP8A1","LI_raw",31,27,0.871,85,1111,8.3656,-0.0927,0.00225
"ENSG00000184260","HIST2H2AC","LI_raw",31,27,0.871,215,1201,9.4021,-0.096,0.00847
"ENSG00000107643","MAPK8","LI_raw",30,26,0.867,270,1006,7.7196,-0.0858,0.00546
"ENSG00000177463","NR2C2","LI_raw",30,26,0.867,684,1068,8.3156,0.1083,0.0202
"ENSG00000178035","IMPDH2","LI_raw",30,26,0.867,388,1075.5,8.2488,-0.1114,0.0107
"ENSG00000160221","C21orf33","LI_raw",30,26,0.867,406,1109,8.5169,-0.0819,0.0105
"ENSG00000109854","HTATIP2","LI_raw",30,26,0.867,836,1115,8.722,0.1454,0.0276
"ENSG00000181896","ZNF101","LI_raw",30,26,0.867,531,1137.5,9.1023,-0.093,0.016
"ENSG00000128915","NARG2","LI_raw",30,26,0.867,614,1176.5,9.6777,-0.1045,0.0191
"ENSG00000186496","ZNF396","LI_raw",22,19,0.864,1097,1197,8.4946,0.2183,0.0364
"ENSG00000139146","FAM60A","LI_raw",29,25,0.862,604,1133,8.9367,-0.1018,0.0225
"ENSG00000137055","PLAA","LI_raw",28,24,0.857,266,1004,7.7494,-0.0673,0.00499
"ENSG00000158793","NIT1","LI_raw",28,24,0.857,694,1014.5,7.6033,0.0846,0.0192
"ENSG00000198301","SDAD1","LI_raw",28,24,0.857,595,1086.5,8.4555,-0.1125,0.0178
"ENSG00000259379","RP11-925D8.5","LI_raw",21,18,0.857,1020,1125,7.9948,0.3423,0.035
"ENSG00000241157","RP11-3K24.1","LI_raw",21,18,0.857,1066,1147,8.2533,0.2156,0.0352
"ENSG00000090889","KIF4A","LI_raw",7,6,0.857,1126,1165,6.0629,0.4184,0.0409
"ENSG00000207546","MIR548C","LI_raw",7,6,0.857,1049,1197,5.9372,0.3721,0.036
"ENSG00000171659","GPR34","LI_raw",21,18,0.857,1105,1221,8.3046,0.2607,0.0372
"ENSG00000187189","TSPYL4","LI_raw",27,23,0.852,892,1132,8.4883,-0.093,0.0287
"ENSG00000167604","NFKBID","LI_raw",27,23,0.852,803,1141,8.7135,0.1205,0.0256
"ENSG00000256804","RP13-977J11.5","LI_raw",20,17,0.85,934,1169,8.1589,-0.1806,0.0278
"ENSG00000178404","DDC8","LI_raw",20,17,0.85,1118,1217.5,8.3608,0.3089,0.0376
"ENSG00000205352","PRR13","LI_raw",26,22,0.846,933,1118,8.4325,0.1615,0.0316
"ENSG00000139055","ERP27","LI_raw",26,22,0.846,822,1152,8.6518,0.1334,0.0263
"ENSG00000259529","RP11-468E2.4","LI_raw",13,11,0.846,1113,1202,7.559,0.313,0.0386
"ENSG00000261596","CTB-31N19.3","LI_raw",25,21,0.84,907,1148,8.3519,0.1805,0.0316
"ENSG00000187257","RSBN1L","LI_raw",31,26,0.839,559,880,7.056,0.103,0.0136
"ENSG00000183530","PRR14L","LI_raw",31,26,0.839,491,907,6.7966,0.0803,0.0107
"ENSG00000117151","CTBS","LI_raw",31,26,0.839,529,1068,8.5733,0.163,0.0235
"ENSG00000182831","C16orf72","LI_raw",31,26,0.839,599,1090,8.7972,0.1348,0.0252
"ENSG00000172493","AFF1","LI_raw",31,26,0.839,683,1102,8.7276,0.1319,0.0223
"ENSG00000137770","CTDSPL2","LI_raw",30,25,0.833,392,1007.5,7.8303,-0.0889,0.00992
"ENSG00000180530","NRIP1","LI_raw",30,25,0.833,375,1090,8.5482,-0.1288,0.00931
"ENSG00000100647","KIAA0247","LI_raw",30,25,0.833,719,1135,8.9927,0.1891,0.0283
"ENSG00000169871","TRIM56","LI_raw",30,25,0.833,896,1159,8.7395,0.1315,0.0301
"ENSG00000158079","PTPDC1","LI_raw",24,20,0.833,1048,1173,8.7899,-0.1327,0.0333
"ENSG00000180611","MB21D2","LI_raw",18,15,0.833,1014,1176.5,8.146,-0.2099,0.0316
"ENSG00000171517","LPAR3","LI_raw",6,5,0.833,1150,1192,6.0648,-0.519,0.0407
"ENSG00000142552","RCN3","LI_raw",18,15,0.833,1079,1201,8.2999,0.2725,0.0365
"ENSG00000257499","RP11-571M6.8","LI_raw",18,15,0.833,1084,1210.5,8.1096,0.2095,0.0358
"ENSG00000166432","ZMAT1","LI_raw",29,24,0.828,597,1170,9.4391,-0.1198,0.0182
"ENSG00000259626","RP11-925D8.2","LI_raw",17,14,0.824,1017,1160,7.812,0.3449,0.0321
"ENSG00000242999","RN7SL239P","LI_raw",17,14,0.824,1028,1197,8.1158,0.2122,0.0331
"ENSG00000012048","BRCA1","LI_raw",26,21,0.808,991,1139,8.5568,0.1654,0.033
"ENSG00000167565","SERTAD3","LI_raw",26,21,0.808,855,1153,8.8879,0.1331,0.0298
"ENSG00000223496","EXOSC6","LI_raw",26,21,0.808,659,1162,8.7307,-0.1138,0.0179
"ENSG00000187240","DYNC2H1","LI_raw",26,21,0.808,771,1172.5,8.8675,-0.1629,0.0236
"ENSG00000160058","BSDC1","LI_raw",31,25,0.806,597,913,6.9333,0.0711,0.015
"ENSG00000141298","SSH2","LI_raw",31,25,0.806,389,1081,8.5818,0.1877,0.019
"ENSG00000143622","RIT1","LI_raw",31,25,0.806,545,1085,8.585,0.1406,0.0227
"ENSG00000147459","DOCK5","LI_raw",31,25,0.806,401,1091,8.7553,0.2172,0.0209
"ENSG00000162704","ARPC5","LI_raw",31,25,0.806,514,1120,8.9555,0.1535,0.0244
"ENSG00000162702","ZNF281","LI_raw",31,25,0.806,517,1132,8.8833,0.153,0.0248
"ENSG00000257315","ZBED6","LI_raw",30,24,0.8,686,1042,8.022,0.107,0.0187
"ENSG00000163428","LRRC58","LI_raw",30,24,0.8,427,1088,8.7144,-0.0974,0.0116
"ENSG00000234432","RP11-1275H24.1","LI_raw",15,12,0.8,817,1092,6.6828,0.2723,0.0228
"ENSG00000115866","DARS","LI_raw",30,24,0.8,429,1122.5,8.8273,-0.106,0.0119
"ENSG00000126773","PCNXL4","LI_raw",30,24,0.8,246,1130,8.7915,-0.0707,0.00483
"ENSG00000248559","RP11-215P8.3","LI_raw",15,12,0.8,937,1130,7.2162,0.2368,0.0281
"ENSG00000270108","RP11-73M18.6","LI_raw",20,16,0.8,768,1162,7.8495,0.1823,0.0217
"ENSG00000261061","RP11-303E16.2","LI_raw",5,4,0.8,1050,1165,5.3052,0.3956,0.0388
"ENSG00000047644","WWC3","LI_raw",30,24,0.8,825,1170,9.3001,0.1462,0.0277
"ENSG00000236709","DAPK1-IT1","LI_raw",5,4,0.8,1119,1174,5.9421,0.4589,0.0404
"ENSG00000066933","MYO9A","LI_raw",30,24,0.8,517,1176,9.3582,-0.0983,0.0144
"ENSG00000263831","MIR378E","LI_raw",5,4,0.8,1150,1185,5.9852,0.409,0.0426
"ENSG00000251726","RNU7-41P","LI_raw",5,4,0.8,1088,1192,5.8583,0.4405,0.039
"ENSG00000105641","SLC5A5","LI_raw",5,4,0.8,1127,1212,5.8116,-0.3856,0.0424
"ENSG00000167005","NUDT21","LI_raw",30,24,0.8,476,1227,9.828,-0.1187,0.013
"ENSG00000102886","GDPD3","LI_raw",20,16,0.8,1133,1232.5,8.6275,0.2001,0.0379
"ENSG00000154978","VOPP1","LI_raw",29,23,0.793,783,1092,8.1497,0.1024,0.0235
"ENSG00000145016","KIAA0226","LI_raw",29,23,0.793,847,1173,9.1046,0.1416,0.0283
"ENSG00000174007","CEP19","LI_raw",29,23,0.793,737,1177,9.2686,0.238,0.0298
"ENSG00000100578","KIAA0586","LI_raw",29,23,0.793,335,1192,9.2274,-0.0802,0.00806
"ENSG00000233426","EIF3FP3","LI_raw",29,23,0.793,530,1220,9.5803,-0.1099,0.015
"ENSG00000176396","EID2","LI_raw",24,19,0.792,627,1158.5,8.2101,-0.1406,0.0161
"ENSG00000174206","C12orf66","LI_raw",24,19,0.792,965,1181,8.71,-0.1293,0.0323
"ENSG00000092931","MFSD11","LI_raw",28,22,0.786,767,1076,8.3028,0.0718,0.0218
"ENSG00000147224","PRPS1","LI_raw",28,22,0.786,553,1112,8.4426,-0.1177,0.0157
"ENSG00000128245","YWHAH","LI_raw",28,22,0.786,737,1183,8.7524,0.1141,0.0226
"ENSG00000264653","MIR5194","LI_raw",14,11,0.786,1122,1207,7.7238,0.2755,0.0378
"ENSG00000142892","PIGK","LI_raw",28,22,0.786,660,1226,9.6569,-0.1472,0.0208
"ENSG00000153936","HS2ST1","LI_raw",28,22,0.786,459,1248,9.576,-0.1056,0.0115
"ENSG00000205810","KLRC3","LI_raw",9,7,0.778,1130,1167,6.5206,-0.4207,0.0377
"ENSG00000146350","TBC1D32","LI_raw",27,21,0.778,716,1210,9.2457,-0.1341,0.0207
"ENSG00000163281","GNPDA2","LI_raw",27,21,0.778,872,1220,9.8642,-0.1311,0.0276
"ENSG00000157540","DYRK1A","LI_raw",31,24,0.774,516,959,7.7343,0.0808,0.0117
"ENSG00000164548","TRA2A","LI_raw",31,24,0.774,599,976,7.258,0.0735,0.0149
"ENSG00000152061","RABGAP1L","LI_raw",31,24,0.774,589,999,7.7145,0.1066,0.0147
"ENSG00000147548","WHSC1L1","LI_raw",31,24,0.774,557,1028,7.746,0.0809,0.0135
"ENSG00000136560","TANK","LI_raw",31,24,0.774,740,1058,8.4524,0.1015,0.022
"ENSG00000119682","AREL1","LI_raw",31,24,0.774,489,1099,8.779,0.1323,0.0204
"ENSG00000163635","ATXN7","LI_raw",31,24,0.774,741,1100,8.4879,0.0997,0.0227
"ENSG00000135709","KIAA0513","LI_raw",31,24,0.774,562,1112,8.9446,0.1778,0.0244
"ENSG00000120063","GNA13","LI_raw",31,24,0.774,554,1114,8.6976,0.1166,0.0182
"ENSG00000012660","ELOVL5","LI_raw",31,24,0.774,540,1115,8.8549,0.1268,0.0214
"ENSG00000108061","SHOC2","LI_raw",31,24,0.774,666,1124,9.1022,0.1173,0.0244
"ENSG00000197081","IGF2R","LI_raw",31,24,0.774,362,1127,9.0472,0.2473,0.0199
"ENSG00000123636","BAZ2B","LI_raw",31,24,0.774,343,1133,8.9193,0.179,0.019
"ENSG00000076662","ICAM3","LI_raw",31,24,0.774,387,1138,9.159,0.2068,0.0221
"ENSG00000008130","NADK","LI_raw",31,24,0.774,509,1141,9.193,0.2107,0.0249
"ENSG00000137642","SORL1","LI_raw",31,24,0.774,404,1167,9.3706,0.2071,0.0232
"ENSG00000129355","CDKN2D","LI_raw",31,24,0.774,771,1193,9.5943,0.1509,0.0303
"ENSG00000141526","SLC16A3","LI_raw",31,24,0.774,563,1199,9.6121,0.2162,0.0289
"ENSG00000168298","HIST1H1E","LI_raw",31,24,0.774,203,1219,9.423,-0.1255,0.00807
"ENSG00000164985","PSIP1","LI_raw",31,24,0.774,162,1259,9.7561,-0.094,0.00639
"ENSG00000118922","KLF12","LI_raw",31,24,0.774,255,1285,10.5592,-0.1221,0.011
"ENSG00000254415","SIGLEC14","LI_raw",13,10,0.769,1107,1170,7.5892,0.5675,0.0371
"ENSG00000155858","LSM11","LI_raw",26,20,0.769,856,1199.5,9.2156,-0.0969,0.027
"ENSG00000173914","RBM4B","LI_raw",26,20,0.769,830,1208,9.0334,-0.0855,0.0256
"ENSG00000012232","EXTL3","LI_raw",30,23,0.767,743,1161.5,9.1751,0.1946,0.0293
"ENSG00000108244","KRT23","LI_raw",30,23,0.767,760,1164.5,9.276,0.3524,0.0307
"ENSG00000100784","RPS6KA5","LI_raw",30,23,0.767,786,1170,9.1864,0.1432,0.0252
"ENSG00000249936","RAC1P2","LI_raw",30,23,0.767,679,1175.5,9.3478,0.1671,0.0235
"ENSG00000197208","SLC22A4","LI_raw",30,23,0.767,714,1198.5,9.4691,0.2379,0.0293
"ENSG00000112195","TREML2","LI_raw",30,23,0.767,779,1199.5,9.5095,0.2307,0.0322
"ENSG00000132359","RAP1GAP2","LI_raw",30,23,0.767,861,1199.5,9.4805,0.1682,0.0287
"ENSG00000185104","FAF1","LI_raw",30,23,0.767,514,1210.5,9.8497,-0.074,0.0142
"ENSG00000172007","RAB33B","LI_raw",30,23,0.767,892,1224.5,9.5678,0.1604,0.0303
"ENSG00000164180","TMEM161B","LI_raw",30,23,0.767,568,1226,10.0968,-0.1036,0.0191
"ENSG00000135597","REPS1","LI_raw",30,23,0.767,491,1239.5,9.8549,-0.0854,0.0136
"ENSG00000164134","NAA15","LI_raw",30,23,0.767,546,1241,9.8629,-0.1063,0.0154
"ENSG00000138078","PREPL","LI_raw",30,23,0.767,511,1245,9.638,-0.0983,0.0142
"ENSG00000151150","ANK3","LI_raw",30,23,0.767,549,1247,9.9222,-0.1901,0.0186
"ENSG00000174953","DHX36","LI_raw",30,23,0.767,496,1252.5,10.069,-0.0789,0.0139
"ENSG00000185697","MYBL1","LI_raw",30,23,0.767,473,1272.5,9.8834,-0.1945,0.0146
"ENSG00000138138","ATAD1","LI_raw",30,23,0.767,513,1291,10.4379,-0.105,0.0142
"ENSG00000252906","SCARNA3","LI_raw",17,13,0.765,1171,1307,8.5874,0.2191,0.0416
"ENSG00000255587","RAB44","LI_raw",21,16,0.762,1112,1279,8.89,0.2847,0.0395
"ENSG00000089876","DHX32","LI_raw",25,19,0.76,539,1253,9.1142,-0.1337,0.0131
"ENSG00000163161","ERCC3","LI_raw",29,22,0.759,317,1110,8.5624,-0.0715,0.00711
"ENSG00000170837","GPR27","LI_raw",29,22,0.759,750,1224,9.6531,0.2904,0.0299
"ENSG00000118246","FASTKD2","LI_raw",29,22,0.759,639,1230,9.945,-0.1042,0.0247
"ENSG00000241975","TCEB1P19","LI_raw",20,15,0.75,933,1164.5,8.3072,0.19,0.0286
"ENSG00000176659","C20orf197","LI_raw",24,18,0.75,970,1181,8.7245,-0.1573,0.0303
"ENSG00000187676","B3GALTL","LI_raw",24,18,0.75,841,1185,8.891,-0.1228,0.0274
"ENSG00000132017","DCAF15","LI_raw",28,21,0.75,701,1235.5,9.3304,0.1092,0.0209
"ENSG00000249286","CTD-2210P15.2","LI_raw",20,15,0.75,1038,1261.5,8.9312,0.1827,0.0338
"ENSG00000092978","GPATCH2","LI_raw",28,21,0.75,687,1279,10.1663,-0.0991,0.0221
"ENSG00000186104","CYP2R1","LI_raw",28,21,0.75,779,1281.5,10.2298,-0.1096,0.0263
"ENSG00000169224","GCSAML","LI_raw",16,12,0.75,1184,1293.5,8.5386,0.4203,0.0411
"ENSG00000130429","ARPC1B","LI_raw",31,23,0.742,694,1083,8.5219,0.1136,0.0207
"ENSG00000053254","FOXN3","LI_raw",31,23,0.742,717,1106,8.6389,0.1059,0.0215
"ENSG00000136754","ABI1","LI_raw",31,23,0.742,666,1110,8.9586,0.0825,0.0181
"ENSG00000185215","TNFAIP2","LI_raw",31,23,0.742,612,1130,9.1576,0.1968,0.0256
"ENSG00000100055","CYTH4","LI_raw",31,23,0.742,582,1180,9.5408,0.1572,0.0279
"ENSG00000171310","CHST11","LI_raw",31,23,0.742,546,1223,9.8149,0.1572,0.0259
"ENSG00000072110","ACTN1","LI_raw",31,23,0.742,570,1257,9.9888,0.2087,0.0295
"ENSG00000066084","DIP2B","LI_raw",31,23,0.742,515,1270,10.0108,0.1379,0.0252
"ENSG00000112096","SOD2","LI_raw",31,23,0.742,456,1295,10.3522,0.2376,0.0275
"ENSG00000125877","ITPA","LI_raw",27,20,0.741,942,1227,9.1932,-0.1061,0.031
"ENSG00000136261","BZW2","LI_raw",27,20,0.741,672,1238,9.778,-0.0917,0.0187
"ENSG00000072062","PRKACA","LI_raw",27,20,0.741,965,1245,9.3501,0.1838,0.0361
"ENSG00000138411","HECW2","LI_raw",27,20,0.741,984,1246,9.2906,0.316,0.0368
"ENSG00000213145","CRIP1","LI_raw",23,17,0.739,903,1265,9.1816,0.1628,0.0303
"ENSG00000177302","TOP3A","LI_raw",30,22,0.733,812,1208,9.5629,0.1109,0.0263
"ENSG00000112624","GLTSCR1L","LI_raw",30,22,0.733,793,1220,9.4805,0.1129,0.0252
"ENSG00000182117","NOP10","LI_raw",30,22,0.733,974,1234.5,9.5832,0.1583,0.0343
"ENSG00000166181","API5","LI_raw",30,22,0.733,425,1235.5,9.4791,-0.0997,0.0111
"ENSG00000040341","STAU2","LI_raw",30,22,0.733,279,1244,9.2745,-0.0772,0.00606
"ENSG00000162889","MAPKAPK2","LI_raw",30,22,0.733,865,1244,9.9159,0.133,0.029
"ENSG00000186431","FCAR","LI_raw",30,22,0.733,715,1251,9.912,0.2684,0.0293
"ENSG00000166326","TRIM44","LI_raw",30,22,0.733,345,1256,9.5089,-0.0908,0.00833
"ENSG00000051009","FAM160A2","LI_raw",30,22,0.733,870,1271,10.0949,0.1293,0.0293
"ENSG00000264868","CTB-167B5.2","LI_raw",30,22,0.733,801,1282,10.0662,0.273,0.0341
"ENSG00000116991","SIPA1L2","LI_raw",30,22,0.733,774,1292.5,10.2368,0.2869,0.032
"ENSG00000157600","TMEM164","LI_raw",30,22,0.733,924,1296.5,10.2327,0.2687,0.0365
"ENSG00000135956","TMEM127","LI_raw",30,22,0.733,844,1308,10.3788,0.1584,0.0331
"ENSG00000185359","HGS","LI_raw",30,22,0.733,822,1316,10.4388,0.1177,0.027
"ENSG00000166997","CNPY4","LI_raw",26,19,0.731,603,1225,9.426,-0.1135,0.0161
"ENSG00000155380","SLC16A1","LI_raw",26,19,0.731,528,1280,9.1175,-0.1386,0.013
"ENSG00000105197","TIMM50","LI_raw",26,19,0.731,642,1298.5,9.7836,-0.097,0.0177
"ENSG00000156869","FRRS1","LI_raw",22,16,0.727,1138,1287,9.2771,0.2267,0.038
"ENSG00000131697","NPHP4","LI_raw",22,16,0.727,1158,1323.5,9.5217,0.1701,0.0393
"ENSG00000198646","NCOA6","LI_raw",29,21,0.724,891,1208,9.2171,0.1144,0.0308
"ENSG00000273064","RP11-474G23.3","LI_raw",14,10,0.714,1112,1233.5,7.9411,0.2271,0.0393
"ENSG00000163214","DHX57","LI_raw",28,20,0.714,524,1234.5,9.4475,-0.1065,0.0145
"ENSG00000129250","KIF1C","LI_raw",28,20,0.714,814,1271.5,9.9715,0.1242,0.0263
"ENSG00000167065","DUSP18","LI_raw",28,20,0.714,761,1272.5,9.6258,0.1447,0.0239
"ENSG00000035862","TIMP2","LI_raw",28,20,0.714,939,1310.5,9.9978,0.2017,0.0339
"ENSG00000261226","RP11-830F9.7","LI_raw",21,15,0.714,1213,1311,9.0759,0.2429,0.041
"ENSG00000124224","PPP4R1L","LI_raw",28,20,0.714,930,1311.5,10.1003,0.1673,0.0331
"ENSG00000113140","SPARC","LI_raw",28,20,0.714,845,1314.5,10.051,0.3204,0.0281
"ENSG00000114353","GNAI2","LI_raw",31,22,0.71,642,1210,9.7965,0.1432,0.0261
"ENSG00000198909","MAP3K3","LI_raw",31,22,0.71,651,1237,9.9069,0.1434,0.0288
"ENSG00000106829","TLE4","LI_raw",31,22,0.71,595,1302,10.138,0.1132,0.0253
"ENSG00000137177","KIF13A","LI_raw",31,22,0.71,460,1310,10.379,0.1915,0.0267
"ENSG00000156697","UTP14A","LI_raw",24,17,0.708,1058,1266,9.4105,-0.1191,0.0347
"ENSG00000148090","AUH","LI_raw",27,19,0.704,780,1243,9.4351,-0.0741,0.0241
"ENSG00000158769","F11R","LI_raw",27,19,0.704,948,1260,9.5816,0.1845,0.0353
"ENSG00000128973","CLN6","LI_raw",27,19,0.704,902,1271,9.6732,0.1947,0.0306
"ENSG00000125812","GZF1","LI_raw",27,19,0.704,592,1274,9.9774,-0.0812,0.0154
"ENSG00000180104","EXOC3","LI_raw",30,21,0.7,791,1183,9.3305,0.1098,0.0251
"ENSG00000185753","CXorf38","LI_raw",30,21,0.7,765,1209,9.3129,0.0906,0.0242
"ENSG00000127947","PTPN12","LI_raw",30,21,0.7,898,1254.5,9.8388,0.1349,0.0323
"ENSG00000160584","SIK3","LI_raw",30,21,0.7,878,1257.5,9.7711,0.1349,0.0302
"ENSG00000075785","RAB7A","LI_raw",30,21,0.7,754,1297,10.1894,0.15,0.029
"ENSG00000168591","TMUB2","LI_raw",30,21,0.7,895,1329,10.4118,0.1158,0.031
"ENSG00000107815","C10orf2","LI_raw",23,16,0.696,1136,1302,9.6703,-0.1425,0.0388
"ENSG00000102858","MGRN1","LI_raw",29,20,0.69,1005,1301,9.9896,0.1995,0.0371
"ENSG00000198718","FAM179B","LI_raw",29,20,0.69,485,1337,10.4943,-0.0838,0.0136
"ENSG00000185010","F8","LI_raw",19,13,0.684,1139,1307,9.0001,-0.1819,0.039
"ENSG00000125247","TMTC4","LI_raw",25,17,0.68,1098,1304,9.8123,-0.1444,0.0373
"ENSG00000108306","FBXL20","LI_raw",28,19,0.679,986,1251.5,9.6109,0.1204,0.037
"ENSG00000126602","TRAP1","LI_raw",28,19,0.679,729,1273,9.6964,-0.1224,0.0238
"ENSG00000095787","WAC","LI_raw",31,21,0.677,720,1247,9.7829,0.0706,0.0216
"ENSG00000111596","CNOT2","LI_raw",31,21,0.677,71,1284,9.5655,-0.0685,0.00176
"ENSG00000168264","IRF2BP2","LI_raw",31,21,0.677,111,1288,9.7671,-0.0678,0.00386
"ENSG00000139053","PDE6H","LI_raw",3,2,0.667,1125,1166,5.3944,0.5037,0.0414
"ENSG00000267275","CTD-2562J15.6","LI_raw",9,6,0.667,955,1210,6.3443,0.282,0.0284
"ENSG00000232742","RHOQP2","LI_raw",18,12,0.667,941,1227,8.1196,0.2035,0.0294
"ENSG00000248874","C5orf17","LI_raw",3,2,0.667,1240,1253,5.9373,-0.7297,0.0477
"ENSG00000125779","PANK2","LI_raw",30,20,0.667,788,1257.5,9.5782,0.0866,0.025
"ENSG00000232437","RP11-487I5.4","LI_raw",9,6,0.667,1166,1268,7.1492,0.2581,0.0392
"ENSG00000200075","SNORA25","LI_raw",9,6,0.667,1116,1269,6.5693,0.3118,0.0404
"ENSG00000138764","CCNG2","LI_raw",30,20,0.667,917,1286,10.1657,0.1194,0.0323
"ENSG00000162735","PEX19","LI_raw",27,18,0.667,794,1297,9.7113,-0.0687,0.0244
"ENSG00000007944","MYLIP","LI_raw",30,20,0.667,928,1308,10.2104,0.1454,0.0335
"ENSG00000154174","TOMM70A","LI_raw",30,20,0.667,463,1309,10.254,-0.1121,0.0126
"ENSG00000163737","PF4","LI_raw",30,20,0.667,1045,1318,10.2721,0.2776,0.0383
"ENSG00000157500","APPL1","LI_raw",30,20,0.667,424,1318.5,10.1949,-0.0898,0.011
"ENSG00000170892","TSEN34","LI_raw",30,20,0.667,805,1338.5,10.5947,0.2012,0.0341
"ENSG00000182463","TSHZ2","LI_raw",24,16,0.667,989,1357.5,10.1773,-0.2247,0.0321
"ENSG00000175130","MARCKSL1","LI_raw",24,16,0.667,975,1364.5,10.0513,0.1606,0.0364
"ENSG00000117697","NSL1","LI_raw",29,19,0.655,857,1273,9.6301,0.0889,0.028
"ENSG00000145685","LHFPL2","LI_raw",29,19,0.655,860,1325,10.1282,0.185,0.0287
"ENSG00000247626","MARS2","LI_raw",26,17,0.654,1047,1248,9.5833,-0.1131,0.0346
"ENSG00000115602","IL1RL1","LI_raw",23,15,0.652,1205,1370,9.8384,0.383,0.044
"ENSG00000213539","YBX1P6","LI_raw",20,13,0.65,1130,1312.5,9.3034,0.2046,0.0384
"ENSG00000233369","RP11-396K3.1","LI_raw",17,11,0.647,1088,1249,8.5371,0.2568,0.0363
"ENSG00000189195","BTBD8","LI_raw",17,11,0.647,1209,1281,9.1131,-0.1805,0.0412
"ENSG00000173230","GOLGB1","LI_raw",31,20,0.645,739,1299,10.3479,0.1004,0.0227
"ENSG00000166750","SLFN5","LI_raw",31,20,0.645,226,1332,10.7159,-0.128,0.00928
"ENSG00000112658","SRF","LI_raw",28,18,0.643,1004,1264.5,9.794,0.1063,0.0369
"ENSG00000169021","UQCRFS1","LI_raw",28,18,0.643,605,1272.5,9.3414,-0.093,0.0181
"ENSG00000132423","COQ3","LI_raw",14,9,0.643,1172,1285.5,8.2012,-0.2212,0.0402
"ENSG00000153815","CMIP","LI_raw",28,18,0.643,1009,1353,10.3468,0.2036,0.0372
"ENSG00000165475","CRYL1","LI_raw",25,16,0.64,1018,1289,9.6127,-0.1353,0.0332
"ENSG00000224307","RP11-344B5.2","LI_raw",22,14,0.636,1266,1367,9.8648,0.2576,0.0448
"ENSG00000183475","ASB7","LI_raw",30,19,0.633,757,1257.5,9.6246,0.0759,0.0232
"ENSG00000087152","ATXN7L3","LI_raw",30,19,0.633,846,1267,9.8356,0.0961,0.0283
"ENSG00000161021","MAML1","LI_raw",30,19,0.633,952,1320,10.3116,0.1391,0.0347
"ENSG00000079785","DDX1","LI_raw",30,19,0.633,621,1334.5,10.6951,-0.1001,0.0193
"ENSG00000011422","PLAUR","LI_raw",30,19,0.633,854,1355.5,10.7264,0.2328,0.0364
"ENSG00000061273","HDAC7","LI_raw",30,19,0.633,998,1359,10.438,0.1417,0.0367
"ENSG00000125735","TNFSF14","LI_raw",30,19,0.633,893,1372,10.7834,0.1982,0.0369
"ENSG00000136937","NCBP1","LI_raw",30,19,0.633,559,1373.5,10.908,-0.0741,0.0172
"ENSG00000223559","RP11-700P18.1","LI_raw",19,12,0.632,963,1225,8.4955,-0.1665,0.0293
"ENSG00000270640","RP11-373D23.2","LI_raw",19,12,0.632,1177,1339,9.3722,0.2594,0.0399
"ENSG00000163291","PAQR3","LI_raw",27,17,0.63,1102,1291,9.7097,-0.1037,0.0382
"ENSG00000137992","DBT","LI_raw",27,17,0.63,1068,1337,10.1593,-0.0814,0.0357
"ENSG00000260521","CTD-2576F9.1","LI_raw",27,17,0.63,1093,1351,10.5848,-0.1434,0.0373
"ENSG00000153531","ADPRHL1","LI_raw",8,5,0.625,1217,1384.5,7.2243,0.3121,0.045
"ENSG00000174529","TMEM81","LI_raw",21,13,0.619,1152,1329,9.6583,0.1393,0.04
"ENSG00000215492","HNRNPA1P7","LI_raw",21,13,0.619,958,1336,9.5189,-0.1704,0.0313
"ENSG00000005483","KMT2E","LI_raw",31,19,0.613,714,1211,9.149,0.0805,0.0213
"ENSG00000087266","SH3BP2","LI_raw",31,19,0.613,871,1296,10.075,0.146,0.0348
"ENSG00000116754","SRSF11","LI_raw",31,19,0.613,202,1326,10.5272,-0.0863,0.00807
"ENSG00000150593","PDCD4","LI_raw",31,19,0.613,54,1377,10.2621,-0.0787,7e-04
"ENSG00000003436","TFPI","LI_raw",18,11,0.611,1034,1288,8.6906,0.2924,0.0326
"ENSG00000266111","RP11-296K13.4","LI_raw",10,6,0.6,1042,1324.5,7.2702,0.2491,0.0322
"ENSG00000106028","SSBP1","LI_raw",30,18,0.6,664,1342.5,10.6279,-0.0851,0.0234
"ENSG00000187531","SIRT7","LI_raw",30,18,0.6,938,1348.5,10.4337,0.1059,0.0339
"ENSG00000144736","SHQ1","LI_raw",27,16,0.593,701,1348,10.1729,-0.0973,0.0201
"ENSG00000163608","C3orf17","LI_raw",29,17,0.586,398,1312,10.3486,-0.0744,0.01
"ENSG00000175548","ALG10B","LI_raw",24,14,0.583,1176,1325.5,9.7037,-0.1381,0.0425
"ENSG00000100129","EIF3L","LI_raw",31,18,0.581,213,1328,10.4775,-0.0854,0.00847
"ENSG00000040933","INPP4A","LI_raw",31,18,0.581,915,1330,9.8684,0.0846,0.0313
"ENSG00000106948","AKNA","LI_raw",31,18,0.581,863,1348,10.7036,0.1547,0.0356
"ENSG00000067560","RHOA","LI_raw",31,18,0.581,606,1362,10.9372,0.1236,0.0275
"ENSG00000171049","FPR2","LI_raw",31,18,0.581,534,1363,10.8694,0.2785,0.032
"ENSG00000074370","ATP2A3","LI_raw",31,18,0.581,965,1365,10.6769,0.1403,0.0367
"ENSG00000161217","PCYT1A","LI_raw",31,18,0.581,824,1365,10.5996,0.1113,0.0289
"ENSG00000073910","FRY","LI_raw",31,18,0.581,561,1384,11.0115,0.1716,0.0322
"ENSG00000111879","FAM184A","LI_raw",19,11,0.579,1200,1381,9.6725,-0.2575,0.0404
"ENSG00000159618","GPR114","LI_raw",26,15,0.577,1177,1323,9.7141,0.2182,0.0408
"ENSG00000223224","SNORD71","LI_raw",7,4,0.571,1078,1228,6.5862,0.2954,0.0385
"ENSG00000234436","AC008984.7","LI_raw",7,4,0.571,1189,1268,6.4831,0.4692,0.0441
"ENSG00000114491","UMPS","LI_raw",28,16,0.571,912,1292.5,9.9888,-0.1043,0.033
"ENSG00000218073","RP1-13D10.2","LI_raw",7,4,0.571,1188,1333,6.8115,0.3464,0.043
"ENSG00000239827","SUGT1P3","LI_raw",14,8,0.571,1267,1360,8.5566,-0.2129,0.0437
"ENSG00000260966","RP11-690D19.3","LI_raw",21,12,0.571,1142,1365,9.9605,-0.1526,0.039
"ENSG00000160190","SLC37A1","LI_raw",28,16,0.571,981,1385,10.374,0.1099,0.035
"ENSG00000235499","AC073046.25","LI_raw",21,12,0.571,1174,1385,9.9022,0.191,0.042
"ENSG00000104915","STX10","LI_raw",30,17,0.567,1012,1372,10.745,0.1266,0.0372
"ENSG00000204519","ZNF551","LI_raw",27,15,0.556,1025,1354,10.6646,-0.1068,0.0342
"ENSG00000104442","ARMC1","LI_raw",27,15,0.556,834,1361,10.5749,-0.1086,0.0256
"ENSG00000117174","ZNHIT6","LI_raw",27,15,0.556,755,1387,10.6483,-0.1117,0.0231
"ENSG00000102445","KIAA0226L","LI_raw",27,15,0.556,1117,1424,10.535,0.2415,0.0437
"ENSG00000228393","LINC01004","LI_raw",20,11,0.55,1133,1423,9.8709,0.1537,0.0399
"ENSG00000188921","PTPLAD2","LI_raw",31,17,0.548,944,1324,10.3928,0.1094,0.0333
"ENSG00000127084","FGD3","LI_raw",31,17,0.548,747,1388,11.0743,0.1414,0.0328
"ENSG00000116584","ARHGEF2","LI_raw",31,17,0.548,791,1412,11.0883,0.1168,0.0315
"ENSG00000168610","STAT3","LI_raw",31,17,0.548,524,1414,11.3244,0.1812,0.0298
"ENSG00000154309","DISP1","LI_raw",22,12,0.545,1186,1338,9.5692,-0.139,0.0404
"ENSG00000170296","GABARAP","LI_raw",24,13,0.542,723,1417.5,9.6996,0.1548,0.0205
"ENSG00000168672","FAM84B","LI_raw",28,15,0.536,794,1368,10.9262,-0.1396,0.0265
"ENSG00000184634","MED12","LI_raw",28,15,0.536,1055,1420,10.9715,0.1949,0.0392
"ENSG00000078177","N4BP2","LI_raw",30,16,0.533,618,1367,11.2438,-0.1244,0.0191
"ENSG00000159842","ABR","LI_raw",30,16,0.533,967,1382.5,10.9192,0.1463,0.0354
"ENSG00000077157","PPP1R12B","LI_raw",30,16,0.533,996,1402.5,10.9186,0.188,0.0383
"ENSG00000184154","LRTOMT","LI_raw",17,9,0.529,1260,1411,9.6699,0.2151,0.0438
"ENSG00000186481","ANKRD20A5P","LI_raw",19,10,0.526,1258,1349,9.3005,-0.2326,0.0435
"ENSG00000226029","RP4-798A10.2","LI_raw",23,12,0.522,1165,1411,9.7929,0.1599,0.0395
"ENSG00000069998","CECR5","LI_raw",27,14,0.519,858,1351,10.3786,-0.0942,0.027
"ENSG00000166938","DIS3L","LI_raw",29,15,0.517,713,1381,10.8689,-0.0928,0.0231
"ENSG00000198399","ITSN2","LI_raw",31,16,0.516,688,1297,10.6977,0.0749,0.0204
"ENSG00000177733","HNRNPA0","LI_raw",31,16,0.516,129,1381,10.3565,-0.1194,0.00482
"ENSG00000198053","SIRPA","LI_raw",31,16,0.516,542,1421,11.4225,0.1975,0.0355
"ENSG00000203886","CYP17A1-AS1","LI_raw",4,2,0.5,1144,1217,5.976,0.4379,0.0414
"ENSG00000234985","RP11-3L10.3","LI_raw",4,2,0.5,1215,1287.5,5.9105,-0.4232,0.0461
"ENSG00000101391","CDK5RAP1","LI_raw",28,14,0.5,987,1343,10.2984,-0.0788,0.0333
"ENSG00000163155","LYSMD1","LI_raw",12,6,0.5,1226,1345,8.1477,0.2453,0.0455
"ENSG00000052802","MSMO1","LI_raw",26,13,0.5,1138,1371.5,10.3962,-0.1243,0.0428
"ENSG00000196542","SPTSSB","LI_raw",12,6,0.5,1264,1384,8.3554,-0.3592,0.0435
"ENSG00000176476","CCDC101","LI_raw",26,13,0.5,1107,1385,10.0513,-0.1206,0.0378
"ENSG00000111670","GNPTAB","LI_raw",30,15,0.5,408,1394,10.5824,-0.1078,0.0122
"ENSG00000183628","DGCR6","LI_raw",14,7,0.5,1164,1395.5,8.4806,-0.2266,0.0402
"ENSG00000111554","MDM1","LI_raw",30,15,0.5,907,1399.5,10.4911,0.1048,0.0309
"ENSG00000170852","KBTBD2","LI_raw",31,15,0.484,882,1387,11.0646,0.0962,0.0311
"ENSG00000115091","ACTR3","LI_raw",31,15,0.484,676,1396,10.9849,0.1011,0.0286
"ENSG00000145675","PIK3R1","LI_raw",31,15,0.484,131,1418,10.7536,-0.0909,0.00483
"ENSG00000171681","ATF7IP","LI_raw",31,15,0.484,872,1448,10.8467,0.0784,0.029
"ENSG00000113812","ACTR8","LI_raw",29,14,0.483,370,1341,10.2199,-0.0721,0.00916
"ENSG00000124767","GLO1","LI_raw",29,14,0.483,627,1362,10.7229,-0.1244,0.024
"ENSG00000198932","GPRASP1","LI_raw",29,14,0.483,573,1435,11.0443,-0.1553,0.0165
"ENSG00000175792","RUVBL1","LI_raw",27,13,0.481,804,1425,10.697,-0.1145,0.0247
"ENSG00000124217","MOCS3","LI_raw",25,12,0.48,1146,1372,10.4796,-0.0944,0.0387
"ENSG00000128654","MTX2","LI_raw",23,11,0.478,953,1419,10.1043,-0.152,0.0326
"ENSG00000189046","ALKBH2","LI_raw",21,10,0.476,1281,1393,10.0512,-0.1534,0.0439
"ENSG00000073150","PANX2","LI_raw",19,9,0.474,1199,1438,9.7688,0.3065,0.0399
"ENSG00000196118","C16orf93","LI_raw",19,9,0.474,1236,1440,10.1363,0.1942,0.0427
"ENSG00000103260","METRN","LI_raw",15,7,0.467,1192,1337,8.7268,-0.2361,0.0407
"ENSG00000099917","MED15","LI_raw",30,14,0.467,1129,1414,10.7064,0.1433,0.0406
"ENSG00000232450","RP4-730K3.3","LI_raw",13,6,0.462,1193,1366,8.4319,0.227,0.0415
"ENSG00000131844","MCCC2","LI_raw",26,12,0.462,837,1418.5,10.845,-0.093,0.0257
"ENSG00000237892","KLF7-IT1","LI_raw",24,11,0.458,953,1440.5,10.5892,0.1734,0.0334
"ENSG00000257169","RP11-117N2.2","LI_raw",11,5,0.455,1069,1370,8.0772,0.2635,0.0339
"ENSG00000165886","UBTD1","LI_raw",22,10,0.455,1183,1431,10.31,0.2209,0.0445
"ENSG00000175054","ATR","LI_raw",31,14,0.452,275,1398,11.1207,-0.0925,0.012
"ENSG00000100485","SOS2","LI_raw",31,14,0.452,601,1456,11.4585,0.1369,0.0364
"ENSG00000113966","ARL6","LI_raw",20,9,0.45,1217,1393,9.9053,-0.1741,0.0438
"ENSG00000130826","DKC1","LI_raw",29,13,0.448,453,1427,10.9153,-0.1084,0.0125
"ENSG00000164244","PRRC1","LI_raw",29,13,0.448,407,1441,10.6314,-0.1009,0.0105
"ENSG00000140092","FBLN5","LI_raw",18,8,0.444,1178,1439,9.8556,-0.2818,0.0391
"ENSG00000231047","GCNT1P3","LI_raw",16,7,0.438,1227,1372.5,9.007,0.2787,0.0455
"ENSG00000109534","GAR1","LI_raw",16,7,0.438,1161,1418.5,9.3292,-0.1885,0.039
"ENSG00000105053","VRK3","LI_raw",30,13,0.433,937,1406.5,11.0962,0.1013,0.0339
"ENSG00000101849","TBL1X","LI_raw",30,13,0.433,923,1449.5,11.3785,0.1693,0.038
"ENSG00000127527","EPS15L1","LI_raw",28,12,0.429,1072,1449.5,11.0219,0.1742,0.04
"ENSG00000023330","ALAS1","LI_raw",28,12,0.429,913,1458.5,11.297,0.1096,0.0322
"ENSG00000135838","NPL","LI_raw",31,13,0.419,618,1433,11.3687,0.1846,0.0367
"ENSG00000080815","PSEN1","LI_raw",31,13,0.419,536,1438,11.3454,0.1241,0.0277
"ENSG00000012779","ALOX5","LI_raw",31,13,0.419,572,1478,11.8041,0.1825,0.035
"ENSG00000121316","PLBD1","LI_raw",31,13,0.419,560,1483,11.8591,0.1971,0.0357
"ENSG00000163162","RNF149","LI_raw",31,13,0.419,479,1491,11.9745,0.1806,0.0305
"ENSG00000169967","MAP3K2","LI_raw",31,13,0.419,453,1510,12,0.138,0.0274
"ENSG00000054219","LY75","LI_raw",29,12,0.414,910,1450,11.0797,0.1079,0.0317
"ENSG00000129749","CHRNA10","LI_raw",17,7,0.412,1192,1493,9.8396,0.2035,0.0397
"ENSG00000163599","CTLA4","LI_raw",22,9,0.409,1283,1384.5,10.1798,-0.1654,0.0442
"ENSG00000118804","FAM47E-STBD1","LI_raw",5,2,0.4,1149,1245,5.9602,-0.3547,0.0433
"ENSG00000111087","GLI1","LI_raw",5,2,0.4,1157,1256,6.2623,0.3994,0.0423
"ENSG00000233623","PGAM1P11","LI_raw",5,2,0.4,1203,1296,6.4775,0.4059,0.0445
"ENSG00000095739","BAMBI","LI_raw",5,2,0.4,1210,1314,6.5152,0.4975,0.0448
"ENSG00000186994","KANK3","LI_raw",10,4,0.4,1238,1356,7.5802,-0.3063,0.0429
"ENSG00000116251","RPL22","LI_raw",30,12,0.4,740,1396.5,11.2554,-0.1179,0.0253
"ENSG00000128699","ORMDL1","LI_raw",30,12,0.4,563,1397,11.1994,-0.0956,0.0161
"ENSG00000141551","CSNK1D","LI_raw",30,12,0.4,1043,1425,11.2221,0.1458,0.0383
"ENSG00000072952","MRVI1","LI_raw",30,12,0.4,909,1493,11.795,0.2353,0.0396
"ENSG00000116473","RAP1A","LI_raw",30,12,0.4,977,1592,11.6154,0.0799,0.0347
"ENSG00000143198","MGST3","LI_raw",28,11,0.393,837,1400,10.8227,-0.12,0.0294
"ENSG00000125746","EML2","LI_raw",28,11,0.393,623,1406.5,10.6323,-0.1042,0.0197
"ENSG00000169738","DCXR","LI_raw",28,11,0.393,745,1424.5,10.6789,-0.1225,0.0245
"ENSG00000005882","PDK2","LI_raw",23,9,0.391,1250,1389,10.3881,-0.1775,0.0433
"ENSG00000198034","RPS4X","LI_raw",31,12,0.387,299,1416,11.3835,-0.1252,0.0144
"ENSG00000113580","NR3C1","LI_raw",31,12,0.387,794,1436,11.778,0.0898,0.0252
"ENSG00000070961","ATP2B1","LI_raw",31,12,0.387,749,1444,11.5548,0.1146,0.0274
"ENSG00000170271","FAXDC2","LI_raw",31,12,0.387,660,1446,11.4783,0.3434,0.04
"ENSG00000134516","DOCK2","LI_raw",31,12,0.387,752,1452,11.5517,0.1043,0.0284
"ENSG00000105339","DENND3","LI_raw",31,12,0.387,630,1465,11.7669,0.1941,0.0383
"ENSG00000117676","RPS6KA1","LI_raw",31,12,0.387,652,1468,11.7249,0.1439,0.0346
"ENSG00000114268","PFKFB4","LI_raw",31,12,0.387,640,1484,11.9624,0.1991,0.0397
"ENSG00000196663","TECPR2","LI_raw",31,12,0.387,565,1524,12.2871,0.2249,0.0379
"ENSG00000100461","RBM23","LI_raw",31,12,0.387,753,1526,12.009,0.1254,0.0353
"ENSG00000170871","KIAA0232","LI_raw",31,12,0.387,591,1541,12.271,0.1356,0.0374
"ENSG00000078369","GNB1","LI_raw",31,12,0.387,721,1569,12.2642,0.1077,0.0318
"ENSG00000207709","MIR197","LI_raw",13,5,0.385,1145,1368,8.6827,0.2321,0.0384
"ENSG00000264885","RP11-815I9.4","LI_raw",13,5,0.385,1296,1412,8.4551,-0.2353,0.0445
"ENSG00000135249","RINT1","LI_raw",26,10,0.385,760,1463.5,10.9213,-0.1025,0.0232
"ENSG00000067533","RRP15","LI_raw",26,10,0.385,968,1500,11.2566,-0.131,0.0315
"ENSG00000167447","SMG8","LI_raw",29,11,0.379,411,1422,10.3008,-0.076,0.0106
"ENSG00000166136","NDUFB8","LI_raw",24,9,0.375,1189,1422.5,10.3954,-0.1066,0.0407
"ENSG00000114023","FAM162A","LI_raw",24,9,0.375,1221,1448,10.5934,-0.1198,0.0428
"ENSG00000157077","ZFYVE9","LI_raw",24,9,0.375,1162,1466,11.0122,-0.1772,0.0432
"ENSG00000162817","C1orf115","LI_raw",16,6,0.375,1311,1496,9.5839,-0.252,0.0446
"ENSG00000105520","DKFZP761J1410","LI_raw",27,10,0.37,833,1522,11.1528,0.2277,0.0277
"ENSG00000249806","RP11-223C24.1","LI_raw",19,7,0.368,1327,1416,9.719,-0.2378,0.0449
"ENSG00000175155","YPEL2","LI_raw",30,11,0.367,162,1440,10.9094,-0.0706,0.00209
"ENSG00000162783","IER5","LI_raw",30,11,0.367,927,1467,10.9042,0.1005,0.033
"ENSG00000181192","DHTKD1","LI_raw",30,11,0.367,1007,1482,11.6846,0.1192,0.0372
"ENSG00000163636","PSMD6","LI_raw",30,11,0.367,144,1494,10.9362,-0.0559,0.00172
"ENSG00000129450","SIGLEC9","LI_raw",30,11,0.367,868,1521,11.9452,0.177,0.038
"ENSG00000233850","AC103563.8","LI_raw",11,4,0.364,1294,1376,7.9423,-0.2593,0.0446
"ENSG00000164885","CDK5","LI_raw",22,8,0.364,1229,1429,10.4776,-0.1342,0.042
"ENSG00000270532","PEBP1P2","LI_raw",14,5,0.357,1276,1449.5,8.935,-0.2074,0.0439
"ENSG00000170473","WIBG","LI_raw",28,10,0.357,764,1456,10.9508,-0.0879,0.0257
"ENSG00000109103","UNC119","LI_raw",31,11,0.355,884,1443,11.469,0.1284,0.0383
"ENSG00000181274","FRAT2","LI_raw",31,11,0.355,639,1489,11.8502,0.2157,0.0403
"ENSG00000116701","NCF2","LI_raw",31,11,0.355,490,1575,12.5396,0.1843,0.0324
"ENSG00000160593","AMICA1","LI_raw",31,11,0.355,593,1578,12.5489,0.1542,0.0385
"ENSG00000211714","TRBV7-3","LI_raw",17,6,0.353,1006,1495,9.7307,-0.2207,0.0312
"ENSG00000212127","TAS2R14","LI_raw",23,8,0.348,1228,1506,10.4993,-0.1618,0.041
"ENSG00000125510","OPRL1","LI_raw",23,8,0.348,1140,1522,11.1968,0.1897,0.0424
"ENSG00000142197","DOPEY2","LI_raw",29,10,0.345,1051,1464,11.1993,0.102,0.0387
"ENSG00000225194","LINC00092","LI_raw",3,1,0.333,1277,1313,6.1144,-0.4884,0.0496
"ENSG00000255989","RP11-711M9.1","LI_raw",21,7,0.333,1272,1411,9.9663,0.2006,0.0438
"ENSG00000164114","MAP9","LI_raw",21,7,0.333,1192,1458,10.377,-0.1792,0.0416
"ENSG00000069345","DNAJA2","LI_raw",30,10,0.333,252,1463.5,11.3919,-0.0848,0.00511
"ENSG00000156711","MAPK13","LI_raw",27,9,0.333,1067,1515,11.2782,0.1649,0.0397
"ENSG00000149923","PPP4C","LI_raw",30,10,0.333,1038,1528,12.1014,0.131,0.0392
"ENSG00000091483","FH","LI_raw",27,9,0.333,813,1531,11.3666,-0.1027,0.025
"ENSG00000165030","NFIL3","LI_raw",30,10,0.333,932,1545,12.0948,0.2117,0.0405
"ENSG00000140262","TCF12","LI_raw",31,10,0.323,350,1434,11.9055,-0.0701,0.019
"ENSG00000168685","IL7R","LI_raw",31,10,0.323,268,1459,11.5477,-0.1359,0.0118
"ENSG00000121892","PDS5A","LI_raw",31,10,0.323,240,1519,11.8788,-0.0936,0.0102
"ENSG00000160710","ADAR","LI_raw",31,10,0.323,623,1575,12.6294,0.1668,0.0381
"ENSG00000251474","RPL32P3","LI_raw",28,9,0.321,1149,1496,10.8806,0.1114,0.0385
"ENSG00000164181","ELOVL7","LI_raw",25,8,0.32,969,1506,11.0003,0.2687,0.0316
"ENSG00000168060","NAALADL1","LI_raw",22,7,0.318,1252,1460,10.6947,-0.1605,0.0434
"ENSG00000163743","RCHY1","LI_raw",29,9,0.31,533,1455,11.5404,-0.0864,0.015
"ENSG00000069849","ATP1B3","LI_raw",29,9,0.31,451,1471,10.9148,-0.1024,0.014
"ENSG00000128050","PAICS","LI_raw",26,8,0.308,807,1481,11.2462,-0.1354,0.0248
"ENSG00000100427","MLC1","LI_raw",23,7,0.304,1014,1548,10.8151,-0.2215,0.0352
"ENSG00000134014","ELP3","LI_raw",30,9,0.3,521,1471,11.6546,-0.0952,0.0173
"ENSG00000111252","SH2B3","LI_raw",30,9,0.3,1002,1478.5,11.6082,0.1271,0.0369
"ENSG00000144580","RQCD1","LI_raw",30,9,0.3,732,1482,11.7867,-0.0711,0.0294
"ENSG00000100938","GMPR2","LI_raw",30,9,0.3,982,1507.5,11.8658,0.1075,0.0363
"ENSG00000166925","TSC22D4","LI_raw",30,9,0.3,1064,1510.5,11.8418,0.1551,0.0398
"ENSG00000223361","FTH1P10","LI_raw",10,3,0.3,1262,1550.5,8.6236,0.249,0.0434
"ENSG00000162869","PPP1R21","LI_raw",30,9,0.3,929,1573,11.5947,0.0711,0.0326
"ENSG00000129680","MAP7D3","LI_raw",24,7,0.292,1271,1499,10.3624,-0.127,0.042
"ENSG00000048740","CELF2","LI_raw",31,9,0.29,979,1485,11.6048,0.0999,0.0361
"ENSG00000198821","CD247","LI_raw",31,9,0.29,248,1527,12.0707,-0.129,0.0109
"ENSG00000186407","CD300E","LI_raw",31,9,0.29,214,1553,11.9614,-0.1839,0.00847
"ENSG00000156599","ZDHHC5","LI_raw",31,9,0.29,912,1554,11.9198,0.0725,0.0322
"ENSG00000134954","ETS1","LI_raw",31,9,0.29,222,1577,12.2656,-0.1326,0.00864
"ENSG00000185963","BICD2","LI_raw",31,9,0.29,853,1584,12.4302,0.1155,0.038
"ENSG00000163399","ATP1A1","LI_raw",31,9,0.29,237,1589,12.1067,-0.1285,0.0101
"ENSG00000198668","CALM1","LI_raw",31,9,0.29,83,1688,12.5794,-0.06,0.00224
"ENSG00000133874","RNF122","LI_raw",21,6,0.286,1259,1468,10.5969,0.1558,0.0451
"ENSG00000234902","AC007879.2","LI_raw",7,2,0.286,1115,1482,7.8669,0.3787,0.0402
"ENSG00000186416","NKRF","LI_raw",25,7,0.28,766,1645,11.6588,-0.1132,0.0233
"ENSG00000162630","B3GALT2","LI_raw",18,5,0.278,1344,1431.5,9.611,-0.2766,0.0462
"ENSG00000185973","TMLHE","LI_raw",29,8,0.276,1082,1523,11.7199,0.0915,0.0403
"ENSG00000161911","TREML1","LI_raw",22,6,0.273,1050,1523.5,10.683,0.349,0.0361
"ENSG00000151229","SLC2A13","LI_raw",26,7,0.269,1219,1521.5,11.42,-0.0958,0.043
"ENSG00000171148","TADA3","LI_raw",30,8,0.267,1088,1501,11.6386,0.1097,0.0408
"ENSG00000117450","PRDX1","LI_raw",30,8,0.267,580,1511,11.8588,-0.1235,0.0187
"ENSG00000096717","SIRT1","LI_raw",30,8,0.267,308,1563,12.0646,-0.0914,0.00673
"ENSG00000171115","GIMAP8","LI_raw",30,8,0.267,353,1579,11.9764,-0.1221,0.00897
"ENSG00000168827","GFM1","LI_raw",30,8,0.267,454,1581,11.8966,-0.0822,0.0125
"ENSG00000143393","PI4KB","LI_raw",30,8,0.267,924,1595.5,11.9993,0.0919,0.0329
"ENSG00000163947","ARHGEF3","LI_raw",30,8,0.267,518,1595.5,11.9913,-0.0888,0.0146
"ENSG00000072609","CHFR","LI_raw",30,8,0.267,1022,1615,12.2744,0.079,0.0377
"ENSG00000125676","THOC2","LI_raw",30,8,0.267,381,1623,12.3454,-0.0911,0.00931
"ENSG00000113569","NUP155","LI_raw",30,8,0.267,496,1630,12.1843,-0.0898,0.016
"ENSG00000111880","RNGTT","LI_raw",30,8,0.267,1014,1741.5,12.6841,0.0912,0.0372
"ENSG00000114742","WDR48","LI_raw",30,8,0.267,173,1981.5,14.0951,-0.0604,0.00265
"ENSG00000225113","RP5-1160K1.3","LI_raw",23,6,0.261,1166,1522,11.2177,0.1447,0.0435
"ENSG00000160993","ALKBH4","LI_raw",23,6,0.261,1129,1568,11.0608,-0.1113,0.037
"ENSG00000175595","ERCC4","LI_raw",27,7,0.259,1264,1543,11.0228,-0.0869,0.0437
"ENSG00000105373","GLTSCR2","LI_raw",31,8,0.258,338,1457,11.8079,-0.1299,0.0185
"ENSG00000006007","GDE1","LI_raw",31,8,0.258,818,1507,11.8948,0.1229,0.0365
"ENSG00000163840","DTX3L","LI_raw",31,8,0.258,807,1564,12.1009,0.14,0.0374
"ENSG00000124226","RNF114","LI_raw",31,8,0.258,1008,1591,11.8779,0.0743,0.0371
"ENSG00000115053","NCL","LI_raw",31,8,0.258,246,1622,12.7616,-0.153,0.0107
"ENSG00000087253","LPCAT2","LI_raw",31,8,0.258,526,1626,12.9853,0.169,0.0344
"ENSG00000121807","CCR2","LI_raw",31,8,0.258,144,1646,12.6032,-0.1593,0.00595
"ENSG00000115364","MRPL19","LI_raw",28,7,0.25,823,1471.5,11.7267,-0.093,0.0288
"ENSG00000198707","CEP290","LI_raw",28,7,0.25,820,1493.5,11.7304,-0.1519,0.0283
"ENSG00000164323","KIAA1430","LI_raw",29,7,0.241,537,1475,11.6187,-0.1192,0.0152
"ENSG00000147684","NDUFB9","LI_raw",29,7,0.241,861,1505,11.7319,-0.0895,0.0304
"ENSG00000163104","SMARCAD1","LI_raw",29,7,0.241,528,1561,12.2008,-0.1115,0.0149
"ENSG00000260528","FAM157C","LI_raw",25,6,0.24,1162,1521,11.2552,0.2702,0.046
"ENSG00000117713","ARID1A","LI_raw",30,7,0.233,1054,1520.5,11.924,0.1512,0.039
"ENSG00000133794","ARNTL","LI_raw",30,7,0.233,1105,1586.5,12.1744,0.096,0.0413
"ENSG00000100220","RTCB","LI_raw",30,7,0.233,529,1633.5,12.2683,-0.0842,0.0149
"ENSG00000147050","KDM6A","LI_raw",30,7,0.233,954,1650,12.4774,0.0797,0.0348
"ENSG00000163386","NBPF10","LI_raw",30,7,0.233,978,1656,12.8368,0.1063,0.0361
"ENSG00000134987","WDR36","LI_raw",30,7,0.233,479,1702,12.8274,-0.1136,0.0132
"ENSG00000006744","ELAC2","LI_raw",30,7,0.233,445,1713.5,12.7918,-0.0851,0.0122
"ENSG00000172775","FAM192A","LI_raw",30,7,0.233,1144,1751.5,13.1268,0.0605,0.0427
"ENSG00000160695","VPS11","LI_raw",30,7,0.233,335,1799,13.5062,-0.0971,0.00826
"ENSG00000170633","RNF34","LI_raw",30,7,0.233,983,1896.5,13.7464,0.0552,0.0357
"ENSG00000125166","GOT2","LI_raw",26,6,0.231,710,1778,12.8138,-0.1236,0.0202
"ENSG00000109332","UBE2D3","LI_raw",31,7,0.226,1070,1604,13.1784,0.0741,0.0395
"ENSG00000158615","PPP1R15B","LI_raw",31,7,0.226,1089,1604,12.9378,0.0789,0.0403
"ENSG00000100201","DDX17","LI_raw",31,7,0.226,1120,1662,12.2011,0.0682,0.0423
"ENSG00000138964","PARVG","LI_raw",31,7,0.226,1104,1674,12.7588,0.0882,0.0413
"ENSG00000116044","NFE2L2","LI_raw",31,7,0.226,1044,1680,13.1232,0.0853,0.0383
"ENSG00000108599","AKAP10","LI_raw",31,7,0.226,1062,1687,13.1275,0.0704,0.0393
"ENSG00000254087","LYN","LI_raw",31,7,0.226,566,1690,13.3628,0.1743,0.037
"ENSG00000072818","ACAP1","LI_raw",31,7,0.226,1129,1693,12.6412,0.0922,0.0427
"ENSG00000077097","TOP2B","LI_raw",31,7,0.226,133,1704,13.3651,-0.1153,0.00502
"ENSG00000181038","METTL23","LI_raw",27,6,0.222,1194,1465,11.2952,-0.1025,0.0437
"ENSG00000184898","RBM43","LI_raw",27,6,0.222,838,1479,11.5702,-0.1203,0.0259
"ENSG00000114767","RRP9","LI_raw",23,5,0.217,1157,1788,12.3124,-0.1204,0.0432
"ENSG00000172731","LRRC20","LI_raw",14,3,0.214,1258,1563.5,9.5732,-0.2007,0.0444
"ENSG00000130935","NOL11","LI_raw",28,6,0.214,855,1615.5,12.4895,-0.1018,0.0301
"ENSG00000126464","PRR12","LI_raw",19,4,0.211,1304,1540,10.799,0.2306,0.046
"ENSG00000259962","RP11-44F14.4","LI_raw",19,4,0.211,1212,1565,10.5931,0.2729,0.0405
"ENSG00000090097","PCBP4","LI_raw",19,4,0.211,1100,1569,10.4997,-0.162,0.0351
"ENSG00000120306","CYSTM1","LI_raw",29,6,0.207,968,1611,12.4569,0.2361,0.0433
"ENSG00000250574","CTD-2275D10.2","LI_raw",5,1,0.2,1298,1367,6.9476,0.4866,0.0499
"ENSG00000184939","ZFP90","LI_raw",30,6,0.2,733,1483.5,11.9569,-0.1232,0.0296
"ENSG00000134759","ELP2","LI_raw",30,6,0.2,694,1501.5,12.243,-0.0864,0.0236
"ENSG00000189343","RPS2P46","LI_raw",30,6,0.2,819,1523.5,12.2786,-0.1136,0.0316
"ENSG00000158373","HIST1H2BD","LI_raw",30,6,0.2,529,1524.5,11.7669,-0.1083,0.0172
"ENSG00000119522","DENND1A","LI_raw",30,6,0.2,1113,1543,11.9584,0.135,0.0418
"ENSG00000182095","TNRC18","LI_raw",30,6,0.2,1027,1554.5,12.3141,0.187,0.0432
"ENSG00000240219","RP11-430C7.5","LI_raw",15,3,0.2,1310,1598,9.9449,0.2277,0.0465
"ENSG00000166333","ILK","LI_raw",30,6,0.2,961,1660.5,12.8132,0.1142,0.0352
"ENSG00000145191","EIF2B5","LI_raw",30,6,0.2,545,1662,12.729,-0.0734,0.0154
"ENSG00000102879","CORO1A","LI_raw",31,6,0.194,801,1596,12.7437,0.1267,0.0383
"ENSG00000137076","TLN1","LI_raw",31,6,0.194,610,1631,12.9957,0.2286,0.041
"ENSG00000084093","REST","LI_raw",31,6,0.194,124,1773,13.7307,-0.0706,0.0047
"ENSG00000102531","FNDC3A","LI_raw",31,6,0.194,99,1786,13.4622,-0.069,0.0028
"ENSG00000187695","RP11-723O4.6","LI_raw",16,3,0.188,1332,1500.5,10.0718,0.2884,0.0463
"ENSG00000138821","SLC39A8","LI_raw",27,5,0.185,909,1539,12.1324,-0.1196,0.0298
"ENSG00000014914","MTMR11","LI_raw",27,5,0.185,1007,1551,12.1701,-0.1569,0.0331
"ENSG00000156853","ZNF689","LI_raw",27,5,0.185,769,1607,12.4919,-0.082,0.0233
"ENSG00000140022","STON2","LI_raw",27,5,0.185,869,1746,12.7648,0.2218,0.0293
"ENSG00000170906","NDUFA3","LI_raw",28,5,0.179,743,1531.5,11.7246,-0.1008,0.0245
"ENSG00000173208","ABCD2","LI_raw",29,5,0.172,725,1495,12.2732,-0.1627,0.0246
"ENSG00000117528","ABCD3","LI_raw",29,5,0.172,532,1628,12.5314,-0.0925,0.015
"ENSG00000262712","RP11-295D4.1","LI_raw",6,1,0.167,1172,1403,7.0668,0.3638,0.0422
"ENSG00000222267","RNU6-892P","LI_raw",6,1,0.167,1025,1441,7.1943,0.3528,0.0351
"ENSG00000103254","FAM173A","LI_raw",24,4,0.167,1290,1508.5,11.1621,-0.1357,0.0442
"ENSG00000035115","SH3YL1","LI_raw",30,5,0.167,728,1509,12.3064,-0.1409,0.0293
"ENSG00000068383","INPP5A","LI_raw",30,5,0.167,1195,1571,12.36,0.1287,0.0463
"ENSG00000166825","ANPEP","LI_raw",30,5,0.167,966,1594,12.644,0.2874,0.0432
"ENSG00000067248","DHX29","LI_raw",30,5,0.167,457,1604.5,12.5523,-0.0867,0.0125
"ENSG00000260861","RP4-576H24.4","LI_raw",12,2,0.167,1259,1678.5,9.8282,0.2645,0.0434
"ENSG00000068354","TBC1D25","LI_raw",24,4,0.167,1039,1730.5,12.3617,0.1457,0.0384
"ENSG00000155463","OXA1L","LI_raw",30,5,0.167,490,1804.5,13.2379,-0.0657,0.0153
"ENSG00000101266","CSNK2A1","LI_raw",30,5,0.167,299,1934.5,13.917,-0.0629,0.00676
"ENSG00000122359","ANXA11","LI_raw",31,5,0.161,837,1606,12.8177,0.1274,0.0413
"ENSG00000103187","COTL1","LI_raw",31,5,0.161,833,1612,12.8113,0.1304,0.0411
"ENSG00000140853","NLRC5","LI_raw",31,5,0.161,1078,1633,12.7045,0.1409,0.0442
"ENSG00000170571","EMB","LI_raw",31,5,0.161,200,1634,13.0301,-0.0877,0.00807
"ENSG00000242071","RPL7AP6","LI_raw",31,5,0.161,363,1684,13.6826,-0.1129,0.0199
"ENSG00000197969","VPS13A","LI_raw",31,5,0.161,335,1705,14.475,-0.101,0.0184
"ENSG00000115875","SRSF7","LI_raw",31,5,0.161,355,1713,14.133,-0.0842,0.0193
"ENSG00000063046","EIF4B","LI_raw",31,5,0.161,258,1723,13.3381,-0.1014,0.0112
"ENSG00000111716","LDHB","LI_raw",31,5,0.161,332,1723,13.9149,-0.1419,0.0184
"ENSG00000172809","RPL38","LI_raw",31,5,0.161,325,1776,14.6022,-0.1067,0.018
"ENSG00000204628","GNB2L1","LI_raw",31,5,0.161,385,1796,14.2788,-0.0849,0.0219
"ENSG00000137145","DENND4C","LI_raw",31,5,0.161,204,1808,14.012,-0.0763,0.00815
"ENSG00000138594","TMOD3","LI_raw",31,5,0.161,932,1831,14.4764,0.0769,0.0333
"ENSG00000010810","FYN","LI_raw",31,5,0.161,197,1835,14.1111,-0.0861,0.00807
"ENSG00000100568","VTI1B","LI_raw",31,5,0.161,169,1842,13.6876,-0.0892,0.00674
"ENSG00000165929","TC2N","LI_raw",31,5,0.161,348,1851,15.3129,-0.1236,0.019
"ENSG00000170989","S1PR1","LI_raw",31,5,0.161,291,1856,14.6184,-0.1092,0.0138
"ENSG00000126777","KTN1","LI_raw",31,5,0.161,445,1943,15.6036,-0.1065,0.0263
"ENSG00000115232","ITGA4","LI_raw",31,5,0.161,354,1946,15.326,-0.1051,0.0191
"ENSG00000135905","DOCK10","LI_raw",31,5,0.161,300,1956,15.1601,-0.0946,0.0149
"ENSG00000162191","UBXN1","LI_raw",31,5,0.161,163,2049,15.0602,-0.0647,0.00646
"ENSG00000100353","EIF3D","LI_raw",31,5,0.161,273,2061,15.2321,-0.0708,0.012
"ENSG00000140943","MBTPS1","LI_raw",31,5,0.161,376,2072,15.9833,-0.0571,0.0208
"ENSG00000163946","FAM208A","LI_raw",31,5,0.161,306,2074,16.123,-0.0893,0.0155
"ENSG00000139163","ETNK1","LI_raw",31,5,0.161,319,2085,15.9798,-0.1049,0.0173
"ENSG00000106263","EIF3B","LI_raw",31,5,0.161,277,2099,15.9671,-0.1253,0.0123
"ENSG00000165732","DDX21","LI_raw",31,5,0.161,232,2116,16.6193,-0.1096,0.00944
"ENSG00000027075","PRKCH","LI_raw",31,5,0.161,271,2171,16.3542,-0.099,0.0119
"ENSG00000149308","NPAT","LI_raw",31,5,0.161,236,2181,16.9545,-0.0774,0.0101
"ENSG00000083097","DOPEY1","LI_raw",31,5,0.161,287,2191,17.203,-0.0915,0.0133
"ENSG00000125944","HNRNPR","LI_raw",31,5,0.161,261,2206,17.3608,-0.0866,0.0112
"ENSG00000095564","BTAF1","LI_raw",31,5,0.161,192,2302,17.7668,-0.0663,0.00778
"ENSG00000127914","AKAP9","LI_raw",31,5,0.161,199,2458,19.2653,-0.0849,0.00807
"ENSG00000107223","EDF1","LI_raw",31,5,0.161,247,2459,18.189,-0.0664,0.0107
"ENSG00000152234","ATP5A1","LI_raw",31,5,0.161,257,2507,18.891,-0.0754,0.011
"ENSG00000138757","G3BP2","LI_raw",31,5,0.161,94,2519,19.1513,-0.081,0.00253
"ENSG00000145907","G3BP1","LI_raw",31,5,0.161,264,2526,19.451,-0.0669,0.0114
"ENSG00000143924","EML4","LI_raw",31,5,0.161,238,2531,19.4425,-0.0655,0.0101
"ENSG00000134602","MST4","LI_raw",31,5,0.161,119,2569,19.7271,-0.0894,0.0044
"ENSG00000119638","NEK9","LI_raw",31,5,0.161,216,2610,19.2775,-0.0579,0.00847
"ENSG00000077684","PHF17","LI_raw",31,5,0.161,56,2719,20.7683,-0.0678,0.00105
"ENSG00000116977","LGALS8","LI_raw",31,5,0.161,67,2802,20.5104,-0.0538,0.00168
"ENSG00000144357","UBR3","LI_raw",31,5,0.161,78,3250,24.806,-0.0552,0.00203
"ENSG00000135387","CAPRIN1","LI_raw",31,5,0.161,86,3267,24.7358,-0.0544,0.00225
"ENSG00000138798","EGF","LI_raw",19,3,0.158,1369,1652,11.3808,0.3235,0.0479
"ENSG00000143374","TARS2","LI_raw",26,4,0.154,999,1635.5,12.0575,-0.1146,0.0324
"ENSG00000106346","USP42","LI_raw",26,4,0.154,1125,1762.5,12.836,0.0921,0.0424
"ENSG00000110723","EXPH5","LI_raw",20,3,0.15,1400,1583.5,11.2896,-0.2188,0.0481
"ENSG00000115504","EHBP1","LI_raw",27,4,0.148,1023,1470,11.4877,-0.0878,0.0338
"ENSG00000121058","COIL","LI_raw",27,4,0.148,997,1494,11.8851,-0.0966,0.0323
"ENSG00000244171","PBX2P1","LI_raw",27,4,0.148,1100,1687,12.7614,0.1645,0.0411
"ENSG00000123810","B9D2","LI_raw",27,4,0.148,1040,1802,13.429,0.1699,0.0383
"ENSG00000173614","NMNAT1","LI_raw",27,4,0.148,919,1976,13.9813,0.1093,0.0328
"ENSG00000175868","CALCB","LI_raw",7,1,0.143,1297,1358,7.1816,-0.3608,0.0448
"ENSG00000198860","TSEN15","LI_raw",28,4,0.143,871,1545.5,12.1734,-0.1073,0.0309
"ENSG00000125124","BBS2","LI_raw",28,4,0.143,857,1593,12.4686,-0.1172,0.0302
"ENSG00000227725","GCOM2","LI_raw",14,2,0.143,1320,1619.5,10.1093,-0.2136,0.0466
"ENSG00000129187","DCTD","LI_raw",28,4,0.143,1006,1667,12.6694,-0.0798,0.037
"ENSG00000144426","NBEAL1","LI_raw",29,4,0.138,583,1574,12.7264,-0.0859,0.0172
"ENSG00000164654","MIOS","LI_raw",29,4,0.138,497,1592,12.7736,-0.0861,0.0139
"ENSG00000197563","PIGN","LI_raw",29,4,0.138,470,1678,13.1735,-0.0734,0.0128
"ENSG00000198242","RPL23A","LI_raw",30,4,0.133,709,1545.5,12.6154,-0.1452,0.0286
"ENSG00000254783","RP11-320L11.2","LI_raw",15,2,0.133,1261,1550,10.3629,0.1774,0.0434
"ENSG00000135297","MTO1","LI_raw",30,4,0.133,723,1589.5,12.8183,-0.0802,0.0241
"ENSG00000106443","PHF14","LI_raw",30,4,0.133,736,1630,13.0114,-0.1055,0.0259
"ENSG00000117115","PADI2","LI_raw",30,4,0.133,982,1657,13.1152,0.3355,0.0447
"ENSG00000148303","RPL7A","LI_raw",30,4,0.133,832,1689.5,13.6561,-0.1268,0.0355
"ENSG00000135976","ANKRD36","LI_raw",30,4,0.133,685,1700,13.384,-0.1307,0.0275
"ENSG00000167635","ZNF146","LI_raw",30,4,0.133,718,1704,13.6108,-0.1119,0.0241
"ENSG00000115216","NRBP1","LI_raw",30,4,0.133,995,1726,13.4752,0.0838,0.0365
"ENSG00000065150","IPO5","LI_raw",30,4,0.133,757,1730,13.9013,-0.0926,0.0264
"ENSG00000198000","NOL8","LI_raw",30,4,0.133,651,1789,14.4479,-0.079,0.0216
"ENSG00000074966","TXK","LI_raw",30,4,0.133,710,1792.5,14.1329,-0.149,0.0268
"ENSG00000135316","SYNCRIP","LI_raw",30,4,0.133,687,1801,14.5038,-0.0917,0.0233
"ENSG00000177613","CSTF2T","LI_raw",30,4,0.133,502,1817.5,14.1299,-0.0836,0.014
"ENSG00000196227","FAM217B","LI_raw",30,4,0.133,255,1823.5,14.051,-0.0759,0.00496
"ENSG00000183943","PRKX","LI_raw",30,4,0.133,663,1826,14.4963,-0.0757,0.0262
"ENSG00000091157","WDR7","LI_raw",30,4,0.133,507,1826.5,14.2982,-0.0599,0.0141
"ENSG00000156136","DCK","LI_raw",30,4,0.133,672,1828,14.4,-0.0857,0.0234
"ENSG00000171492","LRRC8D","LI_raw",30,4,0.133,472,1835,14.1242,-0.0823,0.0129
"ENSG00000171867","PRNP","LI_raw",30,4,0.133,441,1850,14.2578,-0.1105,0.0137
"ENSG00000115484","CCT4","LI_raw",30,4,0.133,721,1852,14.5392,-0.0913,0.0241
"ENSG00000115738","ID2","LI_raw",30,4,0.133,592,1881,14.3946,-0.1078,0.0213
"ENSG00000102786","INTS6","LI_raw",30,4,0.133,1142,1897.5,14.1955,0.07,0.0427
"ENSG00000103018","CYB5B","LI_raw",30,4,0.133,644,1902,14.4498,-0.072,0.0214
"ENSG00000108622","ICAM2","LI_raw",30,4,0.133,624,1902,14.4596,-0.0873,0.0222
"ENSG00000119041","GTF3C3","LI_raw",30,4,0.133,839,1909,15.337,-0.09,0.0315
"ENSG00000085365","SCAMP1","LI_raw",30,4,0.133,419,1922.5,14.6476,-0.0849,0.0124
"ENSG00000111481","COPZ1","LI_raw",30,4,0.133,501,1926,14.6102,-0.0699,0.014
"ENSG00000039123","SKIV2L2","LI_raw",30,4,0.133,665,1931,15.1321,-0.0892,0.0222
"ENSG00000174840","PDE12","LI_raw",30,4,0.133,705,1967,15.5198,-0.0631,0.0235
"ENSG00000257093","KIAA1147","LI_raw",30,4,0.133,745,1969,15.4585,-0.0941,0.0257
"ENSG00000091409","ITGA6","LI_raw",30,4,0.133,726,1975,15.4789,-0.1312,0.0292
"ENSG00000165322","ARHGAP12","LI_raw",30,4,0.133,800,1977.5,16.0902,-0.0986,0.0285
"ENSG00000198805","PNP","LI_raw",30,4,0.133,681,1980.5,15.5215,-0.1021,0.0272
"ENSG00000014824","SLC30A9","LI_raw",30,4,0.133,759,1984,16.0175,-0.0833,0.0262
"ENSG00000161671","EMC10","LI_raw",30,4,0.133,636,1999,15.1866,-0.0869,0.0244
"ENSG00000134899","ERCC5","LI_raw",30,4,0.133,487,2006.5,14.6995,-0.0644,0.0156
"ENSG00000158669","AGPAT6","LI_raw",30,4,0.133,351,2014,15.0043,-0.0565,0.00897
"ENSG00000067955","CBFB","LI_raw",30,4,0.133,580,2018.5,15.9867,-0.0666,0.017
"ENSG00000130741","EIF2S3","LI_raw",30,4,0.133,396,2021.5,15.616,-0.0636,0.00996
"ENSG00000163683","SMIM14","LI_raw",30,4,0.133,437,2031,15.551,-0.0807,0.0136
"ENSG00000018510","AGPS","LI_raw",30,4,0.133,681,2051.5,15.9936,-0.0767,0.0232
"ENSG00000107771","CCSER2","LI_raw",30,4,0.133,673,2053.5,16.1266,-0.0901,0.0227
"ENSG00000198887","SMC5","LI_raw",30,4,0.133,739,2064.5,16.3809,-0.0868,0.0251
"ENSG00000001631","KRIT1","LI_raw",30,4,0.133,786,2081.5,16.6534,-0.0704,0.0275
"ENSG00000136628","EPRS","LI_raw",30,4,0.133,643,2102,16.0453,-0.1134,0.025
"ENSG00000113448","PDE4D","LI_raw",30,4,0.133,632,2164,16.419,-0.1076,0.0244
"ENSG00000069248","NUP133","LI_raw",30,4,0.133,493,2175,16.3106,-0.0765,0.0142
"ENSG00000163516","ANKZF1","LI_raw",30,4,0.133,393,2235.5,16.7048,-0.064,0.0115
"ENSG00000163961","RNF168","LI_raw",30,4,0.133,350,2243.5,16.6664,-0.0702,0.00887
"ENSG00000124535","WRNIP1","LI_raw",30,4,0.133,558,2309.5,17.3284,-0.0564,0.0199
"ENSG00000113013","HSPA9","LI_raw",30,4,0.133,591,2316,17.5389,-0.1111,0.02
"ENSG00000136100","VPS36","LI_raw",30,4,0.133,677,2322.5,18.0362,-0.0691,0.023
"ENSG00000138593","SECISBP2L","LI_raw",30,4,0.133,339,2346.5,17.4303,-0.0621,0.00823
"ENSG00000135624","CCT7","LI_raw",30,4,0.133,602,2379.5,17.9316,-0.0795,0.0222
"ENSG00000203880","PCMTD2","LI_raw",30,4,0.133,661,2403,18.3968,-0.0691,0.022
"ENSG00000141720","PIP4K2B","LI_raw",30,4,0.133,543,2463.5,18.5709,-0.078,0.0171
"ENSG00000112992","NNT","LI_raw",30,4,0.133,609,2468,18.6793,-0.0738,0.0188
"ENSG00000130479","MAP1S","LI_raw",23,3,0.13,1257,1733,12.5967,0.1488,0.0476
"ENSG00000134250","NOTCH2","LI_raw",31,4,0.129,727,1646,13.1966,0.146,0.0415
"ENSG00000104325","DECR1","LI_raw",31,4,0.129,1135,1679,13.1346,0.0923,0.043
"ENSG00000159720","ATP6V0D1","LI_raw",31,4,0.129,741,1685,13.2873,0.157,0.043
"ENSG00000143119","CD53","LI_raw",31,4,0.129,832,1717,13.43,0.0996,0.0386
"ENSG00000125952","MAX","LI_raw",31,4,0.129,1085,1740,13.4692,0.0886,0.0403
"ENSG00000127954","STEAP4","LI_raw",31,4,0.129,598,1748,13.8386,0.2339,0.0447
"ENSG00000121067","SPOP","LI_raw",31,4,0.129,1061,1866,14.456,0.0651,0.0393
"ENSG00000240342","RPS2P5","LI_raw",31,4,0.129,420,1877,15.1439,-0.1116,0.0239
"ENSG00000112308","C6orf62","LI_raw",31,4,0.129,1102,1949,14.4962,0.0643,0.0411
"ENSG00000057757","PITHD1","LI_raw",31,4,0.129,426,2084,16.6895,-0.2279,0.0243
"ENSG00000153283","CD96","LI_raw",31,4,0.129,382,2099,16.7493,-0.1051,0.0219
"ENSG00000088179","PTPN4","LI_raw",31,4,0.129,310,2122,17.1163,-0.1037,0.0163
"ENSG00000211772","TRBC2","LI_raw",31,4,0.129,386,2243,17.8849,-0.1208,0.0221
"ENSG00000205268","PDE7A","LI_raw",31,4,0.129,312,2333,18.6565,-0.0758,0.0169
"ENSG00000198677","TTC37","LI_raw",31,4,0.129,406,2381,18.8868,-0.0962,0.0234
"ENSG00000124177","CHD6","LI_raw",31,4,0.129,294,2462,18.402,-0.079,0.0139
"ENSG00000134440","NARS","LI_raw",31,4,0.129,143,2478,19.2223,-0.0997,0.00583
"ENSG00000145734","BDP1","LI_raw",31,4,0.129,341,2574,20.0226,-0.0807,0.0188
"ENSG00000164151","KIAA0947","LI_raw",31,4,0.129,370,2596,20.8533,-0.0606,0.0203
"ENSG00000170458","CD14","LI_raw",31,4,0.129,235,2654,20.7451,-0.187,0.01
"ENSG00000111860","CEP85L","LI_raw",31,4,0.129,326,2659,20.81,-0.0787,0.0181
"ENSG00000155561","NUP205","LI_raw",31,4,0.129,365,2670,20.6655,-0.0761,0.0201
"ENSG00000153201","RANBP2","LI_raw",31,4,0.129,175,2927,22.6898,-0.0886,0.00674
"ENSG00000162613","FUBP1","LI_raw",31,4,0.129,311,2940,22.8454,-0.0782,0.0167
"ENSG00000003056","M6PR","LI_raw",31,4,0.129,245,3019,23.1661,-0.0664,0.0104
"ENSG00000247556","OIP5-AS1","LI_raw",31,4,0.129,361,3024,23.8523,-0.0513,0.0196
"ENSG00000047315","POLR2B","LI_raw",31,4,0.129,194,3321,26.195,-0.0829,0.00793
"ENSG00000099622","CIRBP","LI_raw",31,4,0.129,210,3458,25.953,-0.0502,0.0083
"ENSG00000152270","PDE3B","LI_raw",31,4,0.129,109,3459,26.2478,-0.0735,0.00386
"ENSG00000152601","MBNL1","LI_raw",31,4,0.129,211,3467,26.9567,-0.052,0.0083
"ENSG00000181467","RAP2B","LI_raw",31,4,0.129,208,3567,27.2184,-0.0568,0.0083
"ENSG00000084754","HADHA","LI_raw",31,4,0.129,191,3640,27.3229,-0.0533,0.00761
"ENSG00000129675","ARHGEF6","LI_raw",31,4,0.129,115,3831,29.847,-0.0522,0.00388
"ENSG00000136450","SRSF1","LI_raw",31,4,0.129,195,3850,29.3895,-0.0435,0.00793
"ENSG00000187555","USP7","LI_raw",31,4,0.129,114,3957,31.2115,-0.0517,0.00386
"ENSG00000117859","OSBPL9","LI_raw",31,4,0.129,53,4484,34.9897,-0.0523,0.000497
"ENSG00000046647","GEMIN8","LI_raw",24,3,0.125,1308,1488.5,10.9717,-0.1215,0.0473
"ENSG00000166788","SAAL1","LI_raw",24,3,0.125,1318,1495.5,11.4346,-0.1106,0.0473
"ENSG00000163344","PMVK","LI_raw",24,3,0.125,1326,1504,11.3558,-0.112,0.0455
"ENSG00000174721","FGFBP3","LI_raw",16,2,0.125,1191,1582,10.9334,-0.1954,0.0449
"ENSG00000122140","MRPS2","LI_raw",24,3,0.125,1343,1590,11.665,-0.1159,0.047
"ENSG00000233382","NKAPP1","LI_raw",25,3,0.12,1101,1588,12.181,-0.1241,0.0374
"ENSG00000139116","KIF21A","LI_raw",25,3,0.12,1091,1637,12.0715,-0.1722,0.0371
"ENSG00000170430","MGMT","LI_raw",26,3,0.115,1368,1558,11.5993,-0.1284,0.0484
"ENSG00000104490","NCALD","LI_raw",26,3,0.115,1147,1643,12.2702,-0.1656,0.0401
"ENSG00000240233","RN7SL587P","LI_raw",9,1,0.111,1274,1426,7.503,0.2872,0.0483
"ENSG00000161048","NAPEPLD","LI_raw",27,3,0.111,1278,1462,11.5318,-0.1076,0.0453
"ENSG00000264853","RP11-16C1.2","LI_raw",27,3,0.111,1231,1497,11.2101,0.1954,0.0478
"ENSG00000043514","TRIT1","LI_raw",27,3,0.111,1238,1625,12.5403,-0.0926,0.0439
"ENSG00000149474","CSRP2BP","LI_raw",27,3,0.111,941,1737,13.0983,-0.0966,0.031
"ENSG00000156709","AIFM1","LI_raw",27,3,0.111,808,2005,14.5202,-0.1169,0.0248
"ENSG00000121864","ZNF639","LI_raw",28,3,0.107,958,1520.5,12.1826,-0.113,0.0345
"ENSG00000185238","PRMT3","LI_raw",28,3,0.107,993,1560.5,12.361,-0.0855,0.0362
"ENSG00000130023","ERMARD","LI_raw",28,3,0.107,1054,1576.5,12.4955,-0.0972,0.0392
"ENSG00000255302","EID1","LI_raw",28,3,0.107,864,1606.5,12.7808,-0.1534,0.0305
"ENSG00000169189","NSMCE1","LI_raw",28,3,0.107,923,1631.5,12.525,-0.0939,0.0331
"ENSG00000065518","NDUFB4","LI_raw",28,3,0.107,887,1660.5,12.8163,-0.0833,0.0319
"ENSG00000085721","RRN3","LI_raw",28,3,0.107,813,1848,13.7032,-0.1201,0.0281
"ENSG00000072422","RHOBTB1","LI_raw",19,2,0.105,1104,1550,10.6329,0.2725,0.0391
"ENSG00000133142","TCEAL4","LI_raw",19,2,0.105,1343,1582,11.1693,-0.1799,0.0464
"ENSG00000165516","KLHDC2","LI_raw",29,3,0.103,519,1620,12.6104,-0.083,0.0145
"ENSG00000113522","RAD50","LI_raw",29,3,0.103,708,1663,13.1172,-0.1062,0.0236
"ENSG00000083720","OXCT1","LI_raw",29,3,0.103,819,1719,13.8745,-0.103,0.0295
"ENSG00000130520","LSM4","LI_raw",29,3,0.103,948,1744,13.6983,-0.0837,0.0359
"ENSG00000155850","SLC26A2","LI_raw",29,3,0.103,780,1746,13.9712,-0.0755,0.0269
"ENSG00000141385","AFG3L2","LI_raw",29,3,0.103,547,1809,13.6664,-0.08,0.0155
"ENSG00000135775","COG2","LI_raw",29,3,0.103,832,1892,14.6831,-0.0716,0.0309
"ENSG00000176595","KBTBD11","LI_raw",29,3,0.103,497,1894,14.1587,-0.129,0.0161
"ENSG00000176623","RMDN1","LI_raw",29,3,0.103,797,1919,15.5158,-0.0811,0.0284
"ENSG00000160049","DFFA","LI_raw",29,3,0.103,685,1994,15.0438,-0.0761,0.0232
"ENSG00000099810","MTAP","LI_raw",29,3,0.103,1038,1999,15.8779,-0.0858,0.0408
"ENSG00000089220","PEBP1","LI_raw",29,3,0.103,729,2064,15.7584,-0.1268,0.0293
"ENSG00000119203","CPSF3","LI_raw",29,3,0.103,785,2075,15.8174,-0.0713,0.0274
"ENSG00000167721","TSR1","LI_raw",29,3,0.103,774,2077,15.3652,-0.0971,0.0268
"ENSG00000198689","SLC9A6","LI_raw",29,3,0.103,390,2248,16.4774,-0.0853,0.00982
"ENSG00000154217","PITPNC1","LI_raw",29,3,0.103,509,2269,17.1734,-0.0666,0.0142
"ENSG00000109445","ZNF330","LI_raw",29,3,0.103,593,2457,18.6045,-0.0694,0.0213
"ENSG00000225830","ERCC6","LI_raw",29,3,0.103,605,2555,19.5019,-0.0658,0.0187
"ENSG00000044446","PHKA2","LI_raw",30,3,0.1,1094,1670.5,13.0129,0.0985,0.041
"ENSG00000132109","TRIM21","LI_raw",30,3,0.1,1132,1699.5,13.3066,0.1518,0.0442
"ENSG00000130684","ZNF337","LI_raw",30,3,0.1,872,1753,13.7483,-0.0973,0.0381
"ENSG00000145741","BTF3","LI_raw",30,3,0.1,800,1802,14.6159,-0.117,0.034
"ENSG00000107679","PLEKHA1","LI_raw",30,3,0.1,871,1982.5,16.3378,-0.107,0.0346
"ENSG00000198087","CD2AP","LI_raw",30,3,0.1,759,1986.5,15.6636,-0.1167,0.0288
"ENSG00000196968","FUT11","LI_raw",30,3,0.1,712,2027,15.6426,-0.0975,0.0286
"ENSG00000150347","ARID5B","LI_raw",30,3,0.1,850,2079,16.4822,-0.099,0.0369
"ENSG00000136717","BIN1","LI_raw",30,3,0.1,855,2084,16.4539,-0.1169,0.0371
"ENSG00000171490","RSL1D1","LI_raw",30,3,0.1,961,2088,16.9437,-0.101,0.0366
"ENSG00000115652","UXS1","LI_raw",30,3,0.1,931,2109,16.9258,-0.0884,0.0405
"ENSG00000198315","ZKSCAN8","LI_raw",30,3,0.1,812,2169,17.0053,-0.0766,0.0345
"ENSG00000197713","RPE","LI_raw",30,3,0.1,953,2172.5,17.4446,-0.08,0.0426
"ENSG00000160131","VMA21","LI_raw",30,3,0.1,845,2183,17.3558,-0.082,0.0319
"ENSG00000131378","RFTN1","LI_raw",30,3,0.1,822,2203.5,17.3859,-0.0844,0.0335
"ENSG00000005700","IBTK","LI_raw",30,3,0.1,827,2215.5,17.4597,-0.0893,0.0307
"ENSG00000115368","WDR75","LI_raw",30,3,0.1,863,2233.5,17.5165,-0.0935,0.0326
"ENSG00000152404","CWF19L2","LI_raw",30,3,0.1,783,2295.5,17.9825,-0.086,0.0274
"ENSG00000116199","FAM20B","LI_raw",30,3,0.1,629,2306.5,17.2587,-0.0917,0.0227
"ENSG00000180011","ZADH2","LI_raw",30,3,0.1,963,2307,18.4629,-0.0725,0.0396
"ENSG00000259834","RP11-284N8.3","LI_raw",30,3,0.1,896,2312,18.1898,-0.1114,0.034
"ENSG00000112339","HBS1L","LI_raw",30,3,0.1,825,2314.5,18.2828,-0.0726,0.0305
"ENSG00000065675","PRKCQ","LI_raw",30,3,0.1,917,2342.5,18.4625,-0.1009,0.0394
"ENSG00000175348","TMEM9B","LI_raw",30,3,0.1,717,2350.5,17.8938,-0.0667,0.0293
"ENSG00000169727","GPS1","LI_raw",30,3,0.1,740,2358,17.9187,-0.0867,0.0298
"ENSG00000132305","IMMT","LI_raw",30,3,0.1,661,2374,17.9875,-0.0897,0.0222
"ENSG00000116171","SCP2","LI_raw",30,3,0.1,787,2378,18.3926,-0.0783,0.0329
"ENSG00000141627","DYM","LI_raw",30,3,0.1,785,2399.5,18.4151,-0.0527,0.0329
"ENSG00000139350","NEDD1","LI_raw",30,3,0.1,682,2464.5,18.7904,-0.0877,0.0232
"ENSG00000047932","GOPC","LI_raw",30,3,0.1,881,2525.5,19.9677,-0.0748,0.0335
"ENSG00000139684","ESD","LI_raw",30,3,0.1,887,2543.5,19.754,-0.0759,0.0338
"ENSG00000134684","YARS","LI_raw",30,3,0.1,766,2553,19.339,-0.0915,0.0277
"ENSG00000167792","NDUFV1","LI_raw",30,3,0.1,816,2580,19.2903,-0.0782,0.034
"ENSG00000119285","HEATR1","LI_raw",30,3,0.1,834,2607.5,19.816,-0.0841,0.0311
"ENSG00000143621","ILF2","LI_raw",30,3,0.1,923,2621,20.1754,-0.0847,0.0348
"ENSG00000149313","AASDHPPT","LI_raw",30,3,0.1,738,2636,20.1463,-0.0709,0.0251
"ENSG00000060339","CCAR1","LI_raw",30,3,0.1,855,2662,20.5148,-0.0637,0.0323
"ENSG00000147202","DIAPH2","LI_raw",30,3,0.1,713,2673.5,20.4152,-0.0725,0.0269
"ENSG00000196305","IARS","LI_raw",30,3,0.1,875,2680,20.1821,-0.0778,0.0345
"ENSG00000138698","RAP1GDS1","LI_raw",30,3,0.1,873,2684,20.4894,-0.0705,0.0357
"ENSG00000213614","HEXA","LI_raw",30,3,0.1,884,2705,20.7054,-0.058,0.0345
"ENSG00000171824","EXOSC10","LI_raw",30,3,0.1,658,2715,20.5538,-0.0761,0.0246
"ENSG00000152683","SLC30A6","LI_raw",30,3,0.1,752,2766.5,21.2886,-0.0618,0.0259
"ENSG00000136478","TEX2","LI_raw",30,3,0.1,764,2767.5,21.077,-0.0748,0.0308
"ENSG00000100941","PNN","LI_raw",30,3,0.1,884,2872,22.4644,-0.0617,0.0335
"ENSG00000163050","ADCK3","LI_raw",30,3,0.1,619,2894.5,21.9821,-0.1288,0.0235
"ENSG00000122203","KIAA1191","LI_raw",30,3,0.1,776,2902.5,22.1033,-0.0722,0.032
"ENSG00000168291","PDHB","LI_raw",30,3,0.1,693,2926,21.9627,-0.0603,0.0278
"ENSG00000168286","THAP11","LI_raw",30,3,0.1,897,2936,22.0992,-0.0672,0.0394
"ENSG00000134453","RBM17","LI_raw",30,3,0.1,859,3027.5,23.3392,-0.0505,0.0326
"ENSG00000168003","SLC3A2","LI_raw",30,3,0.1,621,3031.5,23.2286,-0.0906,0.0238
"ENSG00000168438","CDC40","LI_raw",30,3,0.1,644,3103,24.116,-0.0586,0.021
"ENSG00000168944","CEP120","LI_raw",30,3,0.1,907,3188,24.5752,-0.0567,0.0343
"ENSG00000110031","LPXN","LI_raw",30,3,0.1,843,3278.5,24.92,-0.0617,0.0361
"ENSG00000168259","DNAJC7","LI_raw",30,3,0.1,782,3607.5,27.544,-0.037,0.0272
"ENSG00000066739","ATG2B","LI_raw",30,3,0.1,551,3645.5,27.7623,-0.0591,0.0159
"ENSG00000129636","ITFG1","LI_raw",30,3,0.1,468,3671.5,27.6474,-0.0466,0.0128
"ENSG00000168538","TRAPPC11","LI_raw",30,3,0.1,471,3829.5,28.9507,-0.0522,0.0153
"ENSG00000091009","RBM27","LI_raw",30,3,0.1,706,3867.5,29.6554,-0.0617,0.0275
"ENSG00000100221","JOSD1","LI_raw",30,3,0.1,657,4213.5,32.4294,-0.0528,0.0258
"ENSG00000133961","NUMB","LI_raw",31,3,0.097,655,1694,13.2645,0.1466,0.0447
"ENSG00000132912","DCTN4","LI_raw",31,3,0.097,992,1728,13.6176,0.0705,0.0365
"ENSG00000173020","ADRBK1","LI_raw",31,3,0.097,992,1735,13.6998,0.11,0.0406
"ENSG00000177885","GRB2","LI_raw",31,3,0.097,682,1768,14.0366,0.1337,0.0416
"ENSG00000065413","ANKRD44","LI_raw",31,3,0.097,1011,1783,14.1584,0.0794,0.0372
"ENSG00000110934","BIN2","LI_raw",31,3,0.097,1062,1877,14.5678,0.0892,0.0436
"ENSG00000100503","NIN","LI_raw",31,3,0.097,638,1906,15.0631,0.0974,0.0415
"ENSG00000143549","TPM3","LI_raw",31,3,0.097,1098,1994,15.6569,0.0856,0.041
"ENSG00000186432","KPNA4","LI_raw",31,3,0.097,1121,1997,15.5373,0.0597,0.0422
"ENSG00000108298","RPL19","LI_raw",31,3,0.097,417,2128,17.1715,-0.1171,0.0239
"ENSG00000161016","RPL8","LI_raw",31,3,0.097,442,2261,18.6701,-0.106,0.0262
"ENSG00000215021","PHB2","LI_raw",31,3,0.097,505,2323,18.7823,-0.0684,0.0332
"ENSG00000185477","GPRIN3","LI_raw",31,3,0.097,434,2353,19.6908,-0.1013,0.0257
"ENSG00000111605","CPSF6","LI_raw",31,3,0.097,446,2359,19.0407,-0.1148,0.0263
"ENSG00000099204","ABLIM1","LI_raw",31,3,0.097,415,2366,18.9683,-0.1173,0.0239
"ENSG00000147274","RBMX","LI_raw",31,3,0.097,412,2462,19.9985,-0.0727,0.0238
"ENSG00000182568","SATB1","LI_raw",31,3,0.097,393,2497,20.2439,-0.0896,0.0225
"ENSG00000100100","PIK3IP1","LI_raw",31,3,0.097,398,2642,21.0108,-0.1126,0.023
"ENSG00000163644","PPM1K","LI_raw",31,3,0.097,437,2704,21.3748,-0.0822,0.0262
"ENSG00000149212","SESN3","LI_raw",31,3,0.097,391,2753,21.3454,-0.1258,0.0225
"ENSG00000111530","CAND1","LI_raw",31,3,0.097,436,2792,21.8295,-0.0809,0.0262
"ENSG00000119335","SET","LI_raw",31,3,0.097,357,2895,22.1831,-0.0854,0.0193
"ENSG00000149823","VPS51","LI_raw",31,3,0.097,430,2904,22.7111,-0.0798,0.025
"ENSG00000167658","EEF2","LI_raw",31,3,0.097,324,2910,22.0636,-0.0846,0.0179
"ENSG00000147649","MTDH","LI_raw",31,3,0.097,388,2982,23.2016,-0.0799,0.0222
"ENSG00000187837","HIST1H1C","LI_raw",31,3,0.097,435,3006,23.5113,-0.0951,0.0257
"ENSG00000152795","HNRNPDL","LI_raw",31,3,0.097,424,3202,24.5997,-0.0692,0.0243
"ENSG00000120137","PANK3","LI_raw",31,3,0.097,371,3215,24.7332,-0.0602,0.0203
"ENSG00000152332","UHMK1","LI_raw",31,3,0.097,381,3216,24.9623,-0.0647,0.0219
"ENSG00000047365","ARAP2","LI_raw",31,3,0.097,344,3313,25.0628,-0.0801,0.019
"ENSG00000180596","HIST1H2BC","LI_raw",31,3,0.097,223,3332,25.07,-0.0685,0.00892
"ENSG00000244038","DDOST","LI_raw",31,3,0.097,367,3584,28.017,-0.0733,0.0201
"ENSG00000078674","PCM1","LI_raw",31,3,0.097,241,3604,28.4272,-0.0672,0.0103
"ENSG00000085719","CPNE3","LI_raw",31,3,0.097,181,3782,29.8312,-0.0709,0.00683
"ENSG00000077147","TM9SF3","LI_raw",31,3,0.097,366,3902,29.9174,-0.065,0.0201
"ENSG00000132294","EFR3A","LI_raw",31,3,0.097,207,4251,33.5305,-0.0545,0.00821
"ENSG00000150459","SAP18","LI_raw",31,3,0.097,217,4421,34.1615,-0.0508,0.00857
"ENSG00000116747","TROVE2","LI_raw",31,3,0.097,301,4449,34.1831,-0.0631,0.015
"ENSG00000155903","RASA2","LI_raw",31,3,0.097,183,4469,34.7025,-0.0536,0.00713
"ENSG00000056097","ZFR","LI_raw",31,3,0.097,302,4671,36.8434,-0.05,0.015
"ENSG00000118873","RAB3GAP2","LI_raw",31,3,0.097,209,4892,38.5865,-0.0444,0.0083
"ENSG00000083799","CYLD","LI_raw",31,3,0.097,228,4942,38.7775,-0.0413,0.00936
"ENSG00000106609","TMEM248","LI_raw",31,3,0.097,153,5302,41.7653,-0.0423,0.00628
"ENSG00000118482","PHF3","LI_raw",31,3,0.097,138,5359,42.0315,-0.0474,0.00568
"ENSG00000223380","SEC22B","LI_raw",31,3,0.097,139,5481,43.2324,-0.0418,0.00568
"ENSG00000166848","TERF2IP","LI_raw",31,3,0.097,118,5584,44.0448,-0.0451,0.00408
"ENSG00000173744","AGFG1","LI_raw",31,3,0.097,229,5713,44.7849,-0.0408,0.00936
"ENSG00000079332","SAR1A","LI_raw",31,3,0.097,160,5756,45.2437,-0.0359,0.00639
"ENSG00000114098","ARMC8","LI_raw",31,3,0.097,218,6060,47.4612,-0.0261,0.00857
"ENSG00000168036","CTNNB1","LI_raw",31,3,0.097,103,6137,48.4067,-0.0404,0.00327
"ENSG00000110367","DDX6","LI_raw",31,3,0.097,66,7023,55.2959,-0.0301,0.00167
"ENSG00000104427","ZC2HC1A","LI_raw",22,2,0.091,1387,1498.5,11.0298,-0.2087,0.0487
"ENSG00000222162","RN7SKP151","LI_raw",11,1,0.091,1262,1574,9.0879,0.2581,0.0434
"ENSG00000267312","RP11-1094M14.7","LI_raw",22,2,0.091,1315,1688,12.1598,-0.1488,0.047
"ENSG00000082458","DLG3","LI_raw",22,2,0.091,1372,1718.5,12.3418,-0.1496,0.0472
"ENSG00000176105","YES1","LI_raw",23,2,0.087,1316,1513,11.301,-0.1655,0.0466
"ENSG00000214160","ALG3","LI_raw",23,2,0.087,1385,1582,11.8626,-0.1187,0.0475
"ENSG00000006282","SPATA20","LI_raw",23,2,0.087,1241,1591,11.675,-0.2817,0.0486
"ENSG00000139890","REM2","LI_raw",23,2,0.087,1254,1615,11.7339,0.2411,0.0476
"ENSG00000176533","GNG7","LI_raw",24,2,0.083,1317,1508,10.8003,0.1742,0.0472
"ENSG00000140365","COMMD4","LI_raw",24,2,0.083,1333,1589,12.0222,-0.1215,0.0469
"ENSG00000269970","RP11-498E2.9","LI_raw",12,1,0.083,1404,2022.5,11.7505,0.2548,0.0483
"ENSG00000135093","USP30","LI_raw",25,2,0.08,1292,1613,12.2092,-0.1007,0.0471
"ENSG00000214018","RRM2P3","LI_raw",13,1,0.077,1398,1622,10.1365,0.2633,0.0499
"ENSG00000159921","GNE","LI_raw",26,2,0.077,835,2065,14.8878,-0.1003,0.0256
"ENSG00000119927","GPAM","LI_raw",27,2,0.074,1117,1555,12.0801,-0.1093,0.0386
"ENSG00000109814","UGDH","LI_raw",27,2,0.074,1275,1562,11.8926,-0.12,0.0453
"ENSG00000181904","C5orf24","LI_raw",27,2,0.074,905,1609,12.9551,-0.0962,0.0298
"ENSG00000182093","WRB","LI_raw",27,2,0.074,1158,1700,13.0539,0.1311,0.0442
"ENSG00000133246","PRAM1","LI_raw",27,2,0.074,1177,1745,13.0849,0.2078,0.0452
"ENSG00000166532","RIMKLB","LI_raw",27,2,0.074,1051,1749,13.8947,-0.1187,0.0391
"ENSG00000013503","POLR3B","LI_raw",27,2,0.074,1161,1763,13.1179,-0.0824,0.0411
"ENSG00000080200","CRYBG3","LI_raw",27,2,0.074,1050,2177,15.6436,-0.1136,0.0346
"ENSG00000062822","POLD1","LI_raw",27,2,0.074,992,2297,17.0531,-0.1067,0.0362
"ENSG00000086827","ZW10","LI_raw",27,2,0.074,877,2325,16.7692,-0.0845,0.0282
"ENSG00000164815","ORC5","LI_raw",28,2,0.071,1004,1576,12.6839,-0.1023,0.0367
"ENSG00000078070","MCCC1","LI_raw",28,2,0.071,950,1635.5,12.9681,-0.0802,0.0339
"ENSG00000175602","CCDC85B","LI_raw",28,2,0.071,996,1653,12.9149,-0.118,0.0363
"ENSG00000151500","THYN1","LI_raw",28,2,0.071,1031,1692,12.7804,-0.0977,0.0378
"ENSG00000116604","MEF2D","LI_raw",28,2,0.071,1112,1713.5,13.0485,0.1481,0.0418
"ENSG00000154874","CCDC144B","LI_raw",28,2,0.071,1027,1718.5,13.3498,-0.286,0.0378
"ENSG00000165983","PTER","LI_raw",28,2,0.071,844,1724.5,13.4626,-0.1084,0.0294
"ENSG00000174600","CMKLR1","LI_raw",28,2,0.071,880,1738,13.3304,-0.1965,0.0313
"ENSG00000102189","EEA1","LI_raw",28,2,0.071,815,1778.5,13.7189,-0.1065,0.0282
"ENSG00000256043","CTSO","LI_raw",28,2,0.071,808,1809,13.3504,-0.1027,0.0276
"ENSG00000100335","MIEF1","LI_raw",28,2,0.071,876,1810.5,14.023,-0.0798,0.031
"ENSG00000139324","TMTC3","LI_raw",28,2,0.071,953,1859,14.637,-0.1104,0.0341
"ENSG00000135847","ACBD6","LI_raw",28,2,0.071,1052,1861,14.6029,-0.0799,0.0391
"ENSG00000145388","METTL14","LI_raw",28,2,0.071,941,1904.5,14.9241,-0.0869,0.0335
"ENSG00000083290","ULK2","LI_raw",28,2,0.071,895,1911,14.7384,-0.0861,0.0324
"ENSG00000196290","NIF3L1","LI_raw",28,2,0.071,1041,1931.5,15.1466,-0.0972,0.0387
"ENSG00000128513","POT1","LI_raw",28,2,0.071,1071,1947,15.5476,-0.1163,0.0394
"ENSG00000108506","INTS2","LI_raw",28,2,0.071,1099,2014,15.8566,-0.0884,0.0409
"ENSG00000116005","PCYOX1","LI_raw",28,2,0.071,927,2023.5,15.0978,-0.1018,0.0333
"ENSG00000168283","BMI1","LI_raw",28,2,0.071,1110,2075,16.2037,-0.1321,0.0415
"ENSG00000109618","SEPSECS","LI_raw",28,2,0.071,698,2086,16.2295,-0.0793,0.0234
"ENSG00000121481","RNF2","LI_raw",28,2,0.071,836,2106,16.423,-0.0849,0.0294
"ENSG00000074071","MRPS34","LI_raw",28,2,0.071,920,2131,16.0643,-0.084,0.0331
"ENSG00000010165","METTL13","LI_raw",28,2,0.071,915,2183.5,16.676,-0.0734,0.033
"ENSG00000131828","PDHA1","LI_raw",28,2,0.071,913,2221,17.115,-0.067,0.033
"ENSG00000253797","UTP14C","LI_raw",28,2,0.071,891,2238.5,17.2442,-0.071,0.0322
"ENSG00000108932","SLC16A6","LI_raw",28,2,0.071,728,2310.5,17.5351,-0.1093,0.0238
"ENSG00000117533","VAMP4","LI_raw",28,2,0.071,744,2336.5,18.1699,-0.0987,0.0255
"ENSG00000139437","TCHP","LI_raw",28,2,0.071,849,2461,18.4944,-0.062,0.0296
"ENSG00000151623","NR3C2","LI_raw",29,2,0.069,1052,1771,14.0201,-0.1432,0.0415
"ENSG00000165097","KDM1B","LI_raw",29,2,0.069,1191,1799,13.805,0.1233,0.0458
"ENSG00000162664","ZNF326","LI_raw",29,2,0.069,953,1996,16.3117,-0.0875,0.0363
"ENSG00000155158","TTC39B","LI_raw",29,2,0.069,925,2000,16.2407,-0.116,0.0349
"ENSG00000034053","APBA2","LI_raw",29,2,0.069,986,2019,15.6719,-0.1624,0.0375
"ENSG00000237943","PRKCQ-AS1","LI_raw",29,2,0.069,1056,2096,16.6824,-0.1429,0.0418
"ENSG00000067057","PFKP","LI_raw",29,2,0.069,1156,2115,16.3992,-0.1094,0.0449
"ENSG00000109519","GRPEL1","LI_raw",29,2,0.069,1039,2134,16.3906,-0.0653,0.0387
"ENSG00000205937","RNPS1","LI_raw",29,2,0.069,936,2253,17.8441,-0.0698,0.0354
"ENSG00000147044","CASK","LI_raw",29,2,0.069,1091,2278,18.0233,-0.0903,0.0432
"ENSG00000166197","NOLC1","LI_raw",29,2,0.069,687,2307,17.1794,-0.124,0.0275
"ENSG00000116750","UCHL5","LI_raw",29,2,0.069,807,2398,18.5025,-0.0958,0.0288
"ENSG00000136045","PWP1","LI_raw",29,2,0.069,1009,2461,18.9429,-0.0817,0.0394
"ENSG00000181804","SLC9A9","LI_raw",29,2,0.069,1097,2556,19.9495,-0.0693,0.0438
"ENSG00000092201","SUPT16H","LI_raw",29,2,0.069,667,2669,19.5693,-0.1088,0.0222
"ENSG00000090621","PABPC4","LI_raw",29,2,0.069,831,2742,20.8471,-0.0731,0.0309
"ENSG00000128595","CALU","LI_raw",29,2,0.069,699,2769,20.7471,-0.0757,0.0234
"ENSG00000119912","IDE","LI_raw",29,2,0.069,654,2908,21.6236,-0.0729,0.0219
"ENSG00000101365","IDH3B","LI_raw",29,2,0.069,603,2996,22.7765,-0.0827,0.0186
"ENSG00000080802","CNOT4","LI_raw",29,2,0.069,811,3003,23.2473,-0.0563,0.0292
"ENSG00000122882","ECD","LI_raw",29,2,0.069,627,3036,22.9787,-0.0443,0.0194
"ENSG00000176142","TMEM39A","LI_raw",29,2,0.069,913,3068,23.0433,-0.0498,0.0346
"ENSG00000180398","MCFD2","LI_raw",29,2,0.069,602,3433,25.9056,-0.0548,0.0185
"ENSG00000024862","CCDC28A","LI_raw",29,2,0.069,930,3435,26.1404,-0.0803,0.0352
"ENSG00000115685","PPP1R7","LI_raw",29,2,0.069,813,3622,27.9811,-0.0644,0.0292
"ENSG00000101146","RAE1","LI_raw",29,2,0.069,728,4386,33.3603,-0.0438,0.0246
"ENSG00000088832","FKBP1A","LI_raw",30,2,0.067,1193,1698.5,13.3222,0.113,0.0461
"ENSG00000135486","HNRNPA1","LI_raw",30,2,0.067,968,2026.5,16.4848,-0.0965,0.0368
"ENSG00000147403","RPL10","LI_raw",30,2,0.067,1062,2180.5,17.7139,-0.112,0.0439
"ENSG00000164466","SFXN1","LI_raw",30,2,0.067,978,2280,18.3944,-0.0768,0.0373
"ENSG00000088387","DOCK9","LI_raw",30,2,0.067,990,2416,19.1542,-0.105,0.0447
"ENSG00000001629","ANKIB1","LI_raw",30,2,0.067,941,2505.5,20.0313,-0.0636,0.0357
"ENSG00000164209","SLC25A46","LI_raw",30,2,0.067,966,2603,21.0435,-0.0939,0.0368
"ENSG00000071575","TRIB2","LI_raw",30,2,0.067,1080,2622,20.9598,-0.0962,0.0446
"ENSG00000113328","CCNG1","LI_raw",30,2,0.067,1014,2643,21.0516,-0.0833,0.0394
"ENSG00000023516","AKAP11","LI_raw",30,2,0.067,973,2663,20.7672,-0.0855,0.0376
"ENSG00000177485","ZBTB33","LI_raw",30,2,0.067,972,2665,20.8952,-0.1126,0.0384
"ENSG00000116984","MTR","LI_raw",30,2,0.067,935,2687.5,20.9004,-0.0722,0.0369
"ENSG00000172315","TP53RK","LI_raw",30,2,0.067,1049,2715.5,21.8801,-0.0754,0.0415
"ENSG00000188177","ZC3H6","LI_raw",30,2,0.067,1060,2813.5,22.6671,-0.0678,0.0489
"ENSG00000115947","ORC4","LI_raw",30,2,0.067,861,2844,22.2382,-0.0763,0.0326
"ENSG00000176624","MEX3C","LI_raw",30,2,0.067,1075,2957,23.3826,-0.071,0.0489
"ENSG00000159131","GART","LI_raw",30,2,0.067,892,2974,22.4834,-0.0739,0.034
"ENSG00000154265","ABCA5","LI_raw",30,2,0.067,1033,3024,23.5704,-0.0823,0.0406
"ENSG00000122068","FYTTD1","LI_raw",30,2,0.067,940,3188.5,24.0971,-0.0713,0.0357
"ENSG00000164252","AGGF1","LI_raw",30,2,0.067,910,3189,24.704,-0.0672,0.0345
"ENSG00000143033","MTF2","LI_raw",30,2,0.067,999,3194.5,24.8479,-0.0607,0.0381
"ENSG00000132507","EIF5A","LI_raw",30,2,0.067,904,3227.5,24.7702,-0.0715,0.0396
"ENSG00000107560","RAB11FIP2","LI_raw",30,2,0.067,874,3248,25.5585,-0.0575,0.0331
"ENSG00000105866","SP4","LI_raw",30,2,0.067,959,3249,24.7527,-0.0652,0.0366
"ENSG00000113407","TARS","LI_raw",30,2,0.067,848,3260.5,24.8485,-0.0659,0.0321
"ENSG00000253719","ATXN7L3B","LI_raw",30,2,0.067,1052,3261,25.2191,-0.0535,0.0438
"ENSG00000169762","TAPT1","LI_raw",30,2,0.067,835,3327.5,25.7721,-0.0628,0.0314
"ENSG00000162636","FAM102B","LI_raw",30,2,0.067,879,3349,25.5254,-0.0665,0.0334
"ENSG00000088812","ATRN","LI_raw",30,2,0.067,902,3391.5,25.3545,-0.0646,0.0366
"ENSG00000146731","CCT6A","LI_raw",30,2,0.067,913,3420.5,26.2394,-0.0751,0.0397
"ENSG00000112685","EXOC2","LI_raw",30,2,0.067,950,3445,26.386,-0.0685,0.0425
"ENSG00000072210","ALDH3A2","LI_raw",30,2,0.067,1034,3491,26.4936,-0.0608,0.0407
"ENSG00000083520","DIS3","LI_raw",30,2,0.067,981,3599,27.5605,-0.0596,0.0374
"ENSG00000124702","KLHDC3","LI_raw",30,2,0.067,856,3677.5,27.3895,-0.0526,0.0371
"ENSG00000105983","LMBR1","LI_raw",30,2,0.067,920,3758,29.1095,-0.0451,0.0348
"ENSG00000147140","NONO","LI_raw",30,2,0.067,965,3795.5,28.9331,-0.0512,0.0432
"ENSG00000120948","TARDBP","LI_raw",30,2,0.067,1049,3827,29.5412,-0.0492,0.0415
"ENSG00000112234","FBXL4","LI_raw",30,2,0.067,976,3878,29.3479,-0.059,0.037
"ENSG00000070214","SLC44A1","LI_raw",30,2,0.067,971,3903.5,29.6625,-0.0656,0.0417
"ENSG00000180574","EIF2S3L","LI_raw",30,2,0.067,939,3929,30.3747,-0.0546,0.0415
"ENSG00000128908","INO80","LI_raw",30,2,0.067,959,3938.5,30.1343,-0.0524,0.0375
"ENSG00000075856","SART3","LI_raw",30,2,0.067,768,3959.5,30.463,-0.06,0.0313
"ENSG00000131558","EXOC4","LI_raw",30,2,0.067,780,4019,31.0482,-0.0465,0.0286
"ENSG00000145715","RASA1","LI_raw",30,2,0.067,945,4075,31.6306,-0.0428,0.0382
"ENSG00000170606","HSPA4","LI_raw",30,2,0.067,962,4095.5,31.5369,-0.0743,0.0403
"ENSG00000159459","UBR1","LI_raw",30,2,0.067,916,4100.5,31.5312,-0.0448,0.0346
"ENSG00000198492","YTHDF2","LI_raw",30,2,0.067,876,4170,32.1927,-0.0593,0.0383
"ENSG00000104447","TRPS1","LI_raw",30,2,0.067,960,4173,32.2202,-0.0599,0.0394
"ENSG00000131370","SH3BP5","LI_raw",30,2,0.067,761,4219,32.4024,-0.0646,0.0307
"ENSG00000186480","INSIG1","LI_raw",30,2,0.067,942,4223.5,32.2631,-0.066,0.0416
"ENSG00000145833","DDX46","LI_raw",30,2,0.067,849,4244,32.8897,-0.0593,0.0369
"ENSG00000124228","DDX27","LI_raw",30,2,0.067,1021,4297.5,33.0547,-0.0667,0.0445
"ENSG00000155876","RRAGA","LI_raw",30,2,0.067,821,4587.5,34.8314,-0.0422,0.0327
"ENSG00000163755","HPS3","LI_raw",30,2,0.067,817,4668.5,35.7832,-0.041,0.0294
"ENSG00000147471","PROSC","LI_raw",30,2,0.067,981,4728.5,36.8628,-0.0424,0.0424
"ENSG00000063601","MTMR1","LI_raw",30,2,0.067,863,5202.5,40.0897,-0.0413,0.0377
"ENSG00000122692","SMU1","LI_raw",30,2,0.067,838,5431,41.9642,-0.0408,0.0355
"ENSG00000196455","PIK3R4","LI_raw",30,2,0.067,858,5477,42.3567,-0.0425,0.0354
"ENSG00000023228","NDUFS1","LI_raw",30,2,0.067,603,5665,43.3999,-0.0354,0.0224
"ENSG00000117036","ETV3","LI_raw",30,2,0.067,562,5894.5,45.2407,-0.0332,0.0202
"ENSG00000114302","PRKAR2A","LI_raw",30,2,0.067,809,6630,51.558,-0.0348,0.0341
"ENSG00000239998","LILRA2","LI_raw",31,2,0.065,734,1736,13.6846,0.1861,0.0478
"ENSG00000073331","ALPK1","LI_raw",31,2,0.065,662,1792,14.146,0.18,0.0481
"ENSG00000163932","PRKCD","LI_raw",31,2,0.065,691,1799,14.1595,0.1817,0.048
"ENSG00000130703","OSBPL2","LI_raw",31,2,0.065,697,1823,14.258,0.1519,0.0475
"ENSG00000168214","RBPJ","LI_raw",31,2,0.065,764,1827,14.5278,0.1166,0.0452
"ENSG00000100813","ACIN1","LI_raw",31,2,0.065,1152,1889,13.9022,0.078,0.0437
"ENSG00000147416","ATP6V1B2","LI_raw",31,2,0.065,622,1956,15.4399,0.1488,0.043
"ENSG00000163681","SLMAP","LI_raw",31,2,0.065,1211,1994,15.3272,0.0714,0.0482
"ENSG00000164924","YWHAZ","LI_raw",31,2,0.065,1145,2166,17.0065,0.0688,0.0433
"ENSG00000110696","C11orf58","LI_raw",31,2,0.065,421,2555,20.6441,-0.0727,0.0241
"ENSG00000122482","ZNF644","LI_raw",31,2,0.065,470,2574,21.1867,-0.1051,0.0298
"ENSG00000138061","CYP1B1","LI_raw",31,2,0.065,486,2668,21.3731,-0.1974,0.0323
"ENSG00000136819","C9orf78","LI_raw",31,2,0.065,337,2779,21.8365,-0.1858,0.0184
"ENSG00000127152","BCL11B","LI_raw",31,2,0.065,476,2808,22.2752,-0.105,0.0303
"ENSG00000162777","DENND2D","LI_raw",31,2,0.065,465,2854,22.7119,-0.0802,0.0293
"ENSG00000113263","ITK","LI_raw",31,2,0.065,408,2911,23.0273,-0.0978,0.0234
"ENSG00000015479","MATR3","LI_raw",31,2,0.065,451,3046,23.5878,-0.0864,0.0273
"ENSG00000100219","XBP1","LI_raw",31,2,0.065,413,3391,26.2825,-0.0897,0.0238
"ENSG00000162909","CAPN2","LI_raw",31,2,0.065,409,3470,27.3418,-0.087,0.0234
"ENSG00000185658","BRWD1","LI_raw",31,2,0.065,364,3509,26.6858,-0.0632,0.0199
"ENSG00000112739","PRPF4B","LI_raw",31,2,0.065,428,3573,27.6676,-0.0633,0.025
"ENSG00000144674","GOLGA4","LI_raw",31,2,0.065,392,3636,27.8492,-0.0658,0.0225
"ENSG00000170242","USP47","LI_raw",31,2,0.065,458,3689,28.3465,-0.0677,0.0278
"ENSG00000133313","CNDP2","LI_raw",31,2,0.065,394,3690,28.7821,-0.0819,0.0227
"ENSG00000099968","BCL2L13","LI_raw",31,2,0.065,440,3998,30.552,-0.0702,0.0262
"ENSG00000108021","FAM208B","LI_raw",31,2,0.065,444,4020,31.7085,-0.0544,0.0262
"ENSG00000133574","GIMAP4","LI_raw",31,2,0.065,289,4074,30.9935,-0.075,0.0133
"ENSG00000109606","DHX15","LI_raw",31,2,0.065,342,4195,32.6993,-0.0479,0.0188
"ENSG00000189241","TSPYL1","LI_raw",31,2,0.065,349,4222,33.1885,-0.0662,0.019
"ENSG00000110955","ATP5B","LI_raw",31,2,0.065,244,4394,34.6585,-0.0645,0.0104
"ENSG00000011405","PIK3C2A","LI_raw",31,2,0.065,368,4573,36.0365,-0.0478,0.0201
"ENSG00000077254","USP33","LI_raw",31,2,0.065,297,5095,40.1877,-0.0442,0.0144
"ENSG00000145216","FIP1L1","LI_raw",31,2,0.065,256,5517,43.3349,-0.034,0.011
"ENSG00000152413","HOMER1","LI_raw",17,1,0.059,1304,1513,10.1973,-0.1942,0.0486
"ENSG00000123178","SPRYD7","LI_raw",18,1,0.056,1287,1523.5,10.5884,-0.1482,0.0472
"ENSG00000229899","AC084290.2","LI_raw",19,1,0.053,1437,1886,12.5566,0.2443,0.0498
"ENSG00000259600","RP11-925D8.3","LI_raw",20,1,0.05,1381,1484,10.1054,0.287,0.0482
"ENSG00000005448","WDR54","LI_raw",21,1,0.048,1416,1601,11.6322,-0.1645,0.0491
"ENSG00000167981","ZNF597","LI_raw",23,1,0.043,1426,1618,12.076,-0.1194,0.0488
"ENSG00000255801","RP11-561P12.5","LI_raw",23,1,0.043,996,1734,12.599,0.3592,0.0363
"ENSG00000102543","CDADC1","LI_raw",24,1,0.042,1013,2002,14.7025,-0.102,0.0331
"ENSG00000244617","ASPRV1","LI_raw",25,1,0.04,1290,1652,12.1867,0.2777,0.0494
"ENSG00000152382","TADA1","LI_raw",25,1,0.04,1001,1661,12.7465,-0.1083,0.0327
"ENSG00000171817","ZNF540","LI_raw",25,1,0.04,1145,1850,13.8122,-0.1559,0.0399
"ENSG00000227345","PARG","LI_raw",25,1,0.04,1190,1949,14.0304,-0.0962,0.0482
"ENSG00000101442","ACTR5","LI_raw",26,1,0.038,1110,1783,13.5861,-0.1015,0.0378
"ENSG00000168280","KIF5C","LI_raw",26,1,0.038,1209,1810.5,13.9458,-0.1735,0.0425
"ENSG00000178700","DHFRL1","LI_raw",26,1,0.038,1262,1860,14.4009,-0.1149,0.0445
"ENSG00000136143","SUCLA2","LI_raw",26,1,0.038,1294,2241,16.6826,-0.1051,0.0465
"ENSG00000105447","GRWD1","LI_raw",26,1,0.038,1235,2396,17.7103,-0.1182,0.0439
"ENSG00000157869","RAB28","LI_raw",26,1,0.038,1174,2456.5,18.9205,-0.0682,0.0416
"ENSG00000249565","SERBP1P5","LI_raw",26,1,0.038,1208,2496.5,18.0894,-0.1073,0.0425
"ENSG00000025156","HSF2","LI_raw",26,1,0.038,1182,2564.5,18.353,-0.1251,0.0417
"ENSG00000164338","UTP15","LI_raw",26,1,0.038,1348,2730,20.2139,-0.1031,0.0485
"ENSG00000178397","FAM220A","LI_raw",26,1,0.038,1033,2744,20.0662,-0.0841,0.0343
"ENSG00000138785","INTS12","LI_raw",26,1,0.038,1229,3373.5,24.7464,-0.0718,0.0435
"ENSG00000197582","GPX1P1","LI_raw",27,1,0.037,1192,1633,12.465,0.2189,0.0459
"ENSG00000257218","GATC","LI_raw",27,1,0.037,1351,1653,12.5525,-0.0994,0.0486
"ENSG00000117632","STMN1","LI_raw",27,1,0.037,1129,1680,12.92,-0.1641,0.0391
"ENSG00000122515","ZMIZ2","LI_raw",27,1,0.037,1244,1685,12.698,0.1708,0.0498
"ENSG00000148187","MRRF","LI_raw",27,1,0.037,1383,1715,12.7623,-0.0879,0.049
"ENSG00000173674","EIF1AX","LI_raw",27,1,0.037,1190,1718,13.446,-0.1421,0.042
"ENSG00000198612","COPS8","LI_raw",27,1,0.037,1134,1785,13.8347,-0.107,0.0394
"ENSG00000186222","BLOC1S4","LI_raw",27,1,0.037,1379,1802,13.7822,-0.0844,0.0498
"ENSG00000121578","B4GALT4","LI_raw",27,1,0.037,1165,1805,14.0522,-0.0994,0.0415
"ENSG00000133114","GPALPP1","LI_raw",27,1,0.037,1337,1813,14.6588,-0.1014,0.0485
"ENSG00000185515","BRCC3","LI_raw",27,1,0.037,1181,1882,14.4617,-0.0811,0.0417
"ENSG00000105793","GTPBP10","LI_raw",27,1,0.037,1284,1949,15.1077,-0.1031,0.0459
"ENSG00000153575","TUBGCP5","LI_raw",27,1,0.037,1175,1960,15.33,-0.1053,0.0416
"ENSG00000163626","COX18","LI_raw",27,1,0.037,1273,1971,15.5609,-0.0813,0.0451
"ENSG00000215105","TTC3P1","LI_raw",27,1,0.037,1113,1972,15.0812,-0.1105,0.038
"ENSG00000111843","TMEM14C","LI_raw",27,1,0.037,1242,2025,15.8135,-0.1368,0.0484
"ENSG00000163558","PRKCI","LI_raw",27,1,0.037,1340,2045,16.0918,-0.1056,0.0485
"ENSG00000122687","FTSJ2","LI_raw",27,1,0.037,1163,2056,15.5218,-0.0881,0.0414
"ENSG00000084092","NOA1","LI_raw",27,1,0.037,1330,2155,16.3985,-0.0713,0.0477
"ENSG00000205808","PPAPDC2","LI_raw",27,1,0.037,1193,2192,16.5958,-0.104,0.042
"ENSG00000133103","COG6","LI_raw",27,1,0.037,1336,2376,18.184,-0.0954,0.0485
"ENSG00000133997","MED6","LI_raw",27,1,0.037,953,2406,18.1623,-0.0619,0.0311
"ENSG00000120805","ARL1","LI_raw",27,1,0.037,1374,2543,19.3678,-0.0907,0.0494
"ENSG00000117305","HMGCL","LI_raw",27,1,0.037,1296,2929,22.6606,-0.0649,0.0465
"ENSG00000170791","CHCHD7","LI_raw",28,1,0.036,1166,1657,13.0045,-0.0866,0.0449
"ENSG00000114739","ACVR2B","LI_raw",28,1,0.036,1148,1833.5,14.4936,-0.147,0.0444
"ENSG00000071462","WBSCR22","LI_raw",28,1,0.036,1183,1939.5,15.0856,-0.1022,0.0457
"ENSG00000252139","SCARNA18","LI_raw",28,1,0.036,1203,2049.5,15.9997,-0.1713,0.0463
"ENSG00000006530","AGK","LI_raw",28,1,0.036,1143,2063,16.1292,-0.0908,0.0443
"ENSG00000148688","RPP30","LI_raw",28,1,0.036,1237,2069,16.4081,-0.0875,0.0482
"ENSG00000187713","TMEM203","LI_raw",28,1,0.036,1072,2099.5,15.9712,-0.0796,0.0394
"ENSG00000138443","ABI2","LI_raw",28,1,0.036,1186,2126,16.754,-0.1015,0.0457
"ENSG00000114902","SPCS1","LI_raw",28,1,0.036,999,2210,16.5217,-0.0729,0.0365
"ENSG00000204116","CHIC1","LI_raw",28,1,0.036,1160,2215,17.0037,-0.1228,0.0447
"ENSG00000004478","FKBP4","LI_raw",28,1,0.036,1258,2251,17.1758,-0.1058,0.0497
"ENSG00000113552","GNPDA1","LI_raw",28,1,0.036,951,2265,17.1459,-0.0916,0.0339
"ENSG00000229419","RALGAPA1P","LI_raw",28,1,0.036,1241,2268.5,17.8856,-0.0871,0.0484
"ENSG00000001561","ENPP4","LI_raw",28,1,0.036,1217,2318.5,17.9718,-0.1527,0.0473
"ENSG00000081307","UBA5","LI_raw",28,1,0.036,1212,2321.5,18.0668,-0.1032,0.0468
"ENSG00000196597","ZNF782","LI_raw",28,1,0.036,1149,2339.5,18.0722,-0.089,0.0444
"ENSG00000163933","RFT1","LI_raw",28,1,0.036,988,2346.5,17.7062,-0.0686,0.0361
"ENSG00000140990","NDUFB10","LI_raw",28,1,0.036,1205,2367.5,17.7623,-0.0829,0.0465
"ENSG00000156735","BAG4","LI_raw",28,1,0.036,1067,2428,19.0624,-0.0846,0.0393
"ENSG00000124570","SERPINB6","LI_raw",28,1,0.036,1118,2498.5,19.2096,-0.0944,0.0419
"ENSG00000120685","PROSER1","LI_raw",28,1,0.036,1210,2504,19.2514,-0.0674,0.0467
"ENSG00000126698","DNAJC8","LI_raw",28,1,0.036,1139,2586,19.7722,-0.0846,0.0438
"ENSG00000183207","RUVBL2","LI_raw",28,1,0.036,1240,2619,19.6709,-0.0883,0.0483
"ENSG00000104823","ECH1","LI_raw",28,1,0.036,1189,2643,19.9932,-0.0926,0.0459
"ENSG00000082516","GEMIN5","LI_raw",28,1,0.036,1076,2659,19.843,-0.1039,0.0397
"ENSG00000076321","KLHL20","LI_raw",28,1,0.036,1131,2985,23.3942,-0.0583,0.0454
"ENSG00000172974","AC007318.5","LI_raw",28,1,0.036,1232,3549,26.7302,-0.0673,0.0477
"ENSG00000245958","RP11-33B1.1","LI_raw",28,1,0.036,1130,3771.5,28.2679,-0.0839,0.0454
"ENSG00000249353","NPM1P27","LI_raw",29,1,0.034,1194,2103,16.8149,-0.133,0.0494
"ENSG00000126264","HCST","LI_raw",29,1,0.034,1186,2426,18.9856,-0.1227,0.0489
"ENSG00000119684","MLH3","LI_raw",29,1,0.034,1077,2481,20.1407,-0.0883,0.0428
"ENSG00000105202","FBL","LI_raw",29,1,0.034,1163,2551,20.4212,-0.1012,0.0471
"ENSG00000138640","FAM13A","LI_raw",29,1,0.034,951,2561,20.3317,-0.144,0.0426
"ENSG00000135372","NAT10","LI_raw",29,1,0.034,971,2875,21.3283,-0.0845,0.0369
"ENSG00000138085","ATRAID","LI_raw",29,1,0.034,1061,2887,22.1179,-0.0637,0.0422
"ENSG00000163875","MEAF6","LI_raw",29,1,0.034,1037,2918,22.5946,-0.0673,0.0484
"ENSG00000168564","CDKN2AIP","LI_raw",29,1,0.034,868,2922,22.7706,-0.0752,0.0328
"ENSG00000146223","RPL7L1","LI_raw",29,1,0.034,1070,2945,22.5138,-0.0685,0.0427
"ENSG00000178234","GALNT11","LI_raw",29,1,0.034,1109,2981,23.0162,-0.0607,0.0441
"ENSG00000107959","PITRM1","LI_raw",29,1,0.034,792,3191,23.876,-0.0811,0.0279
"ENSG00000180773","SLC36A4","LI_raw",29,1,0.034,886,3294,25.0126,-0.0825,0.0338
"ENSG00000141141","DDX52","LI_raw",29,1,0.034,1173,3320,25.2746,-0.0512,0.0477
"ENSG00000111361","EIF2B1","LI_raw",29,1,0.034,1023,3499,26.5876,-0.0564,0.0397
"ENSG00000087191","PSMC5","LI_raw",29,1,0.034,766,3570,26.5815,-0.0653,0.0264
"ENSG00000131791","PRKAB2","LI_raw",29,1,0.034,1177,3594,27.3085,-0.0601,0.0483
"ENSG00000136870","ZNF189","LI_raw",29,1,0.034,1053,3653,28.0287,-0.0677,0.0417
"ENSG00000163541","SUCLG1","LI_raw",29,1,0.034,1007,4008,31.0968,-0.0503,0.0386
"ENSG00000170445","HARS","LI_raw",29,1,0.034,975,4097,31.5492,-0.0471,0.0369
"ENSG00000106105","GARS","LI_raw",29,1,0.034,1046,4144,31.0476,-0.0541,0.0411
"ENSG00000174839","DENND6A","LI_raw",29,1,0.034,1132,4265,31.9621,-0.0465,0.0454
"ENSG00000196511","TPK1","LI_raw",29,1,0.034,1094,4538,34.6382,-0.0545,0.0435
"ENSG00000121274","PAPD5","LI_raw",29,1,0.034,889,4928,37.2882,-0.0466,0.0339
"ENSG00000101138","CSTF1","LI_raw",29,1,0.034,1030,5170,39.3839,-0.0386,0.048
"ENSG00000178927","C17orf62","LI_raw",30,1,0.033,1220,1577,12.35,0.1479,0.0487
"ENSG00000213462","ERV3-1","LI_raw",30,1,0.033,1156,1670.5,13.1042,0.1769,0.0486
"ENSG00000214655","ZSWIM8","LI_raw",30,1,0.033,1091,1711.5,13.5972,0.1433,0.0432
"ENSG00000076108","BAZ2A","LI_raw",30,1,0.033,1167,1736.5,13.5293,0.1401,0.0452
"ENSG00000170525","PFKFB3","LI_raw",30,1,0.033,1048,1861,14.6128,0.2193,0.0491
"ENSG00000188786","MTF1","LI_raw",30,1,0.033,1148,1912,14.6975,0.1115,0.0452
"ENSG00000111737","RAB35","LI_raw",30,1,0.033,1217,2028.5,15.5925,0.1054,0.0486
"ENSG00000072849","DERL2","LI_raw",30,1,0.033,1137,2176,15.2037,0.0533,0.0427
"ENSG00000180917","CMTR2","LI_raw",30,1,0.033,1029,2480,19.9837,-0.1053,0.0399
"ENSG00000175390","EIF3F","LI_raw",30,1,0.033,1137,2587.5,20.7188,-0.0731,0.0456
"ENSG00000014641","MDH1","LI_raw",30,1,0.033,1140,2591,20.8717,-0.089,0.0458
"ENSG00000148229","POLE3","LI_raw",30,1,0.033,956,2687.5,20.9728,-0.0751,0.0429
"ENSG00000176978","DPP7","LI_raw",30,1,0.033,1126,2742,21.7287,-0.0909,0.0454
"ENSG00000115523","GNLY","LI_raw",30,1,0.033,998,2757.5,21.7722,-0.232,0.0452
"ENSG00000174780","SRP72","LI_raw",30,1,0.033,997,2763,21.894,-0.0924,0.0381
"ENSG00000108561","C1QBP","LI_raw",30,1,0.033,1153,2782.5,22.3257,-0.0818,0.0469
"ENSG00000004766","CCDC132","LI_raw",30,1,0.033,1019,2787.5,22.0722,-0.0916,0.0396
"ENSG00000185127","C6orf120","LI_raw",30,1,0.033,987,2872,22.7396,-0.0814,0.0375
"ENSG00000036549","ZZZ3","LI_raw",30,1,0.033,1144,2884,22.7999,-0.0828,0.0461
"ENSG00000167984","NLRC3","LI_raw",30,1,0.033,1084,2951,22.9387,-0.0891,0.0469
"ENSG00000175455","CCDC14","LI_raw",30,1,0.033,1090,2958,23.0178,-0.0861,0.0439
"ENSG00000168724","DNAJC21","LI_raw",30,1,0.033,1120,2973,23.6472,-0.0674,0.0448
"ENSG00000115073","ACTR1B","LI_raw",30,1,0.033,1015,2974.5,22.9246,-0.0638,0.0469
"ENSG00000132953","XPO4","LI_raw",30,1,0.033,1098,2995,23.0992,-0.0725,0.0452
"ENSG00000126261","UBA2","LI_raw",30,1,0.033,1179,3338,25.9658,-0.0808,0.0484
"ENSG00000161204","ABCF3","LI_raw",30,1,0.033,839,3436.5,26.7096,-0.0713,0.0355
"ENSG00000145041","VPRBP","LI_raw",30,1,0.033,1154,3452.5,26.4029,-0.0746,0.0471
"ENSG00000100815","TRIP11","LI_raw",30,1,0.033,1051,3544,27.3417,-0.0713,0.0415
"ENSG00000143157","POGK","LI_raw",30,1,0.033,1086,3614,27.2995,-0.0456,0.048
"ENSG00000128829","EIF2AK4","LI_raw",30,1,0.033,1039,3620.5,27.4675,-0.0697,0.0408
"ENSG00000108055","SMC3","LI_raw",30,1,0.033,1174,4039,30.9342,-0.0839,0.049
"ENSG00000067704","IARS2","LI_raw",30,1,0.033,1088,4165,32.0982,-0.0741,0.0442
"ENSG00000135945","REV1","LI_raw",30,1,0.033,1037,4258,32.9535,-0.043,0.0407
"ENSG00000073578","SDHA","LI_raw",30,1,0.033,1008,4373,33.8259,-0.0515,0.0461
"ENSG00000179950","PUF60","LI_raw",30,1,0.033,954,4552.5,35.2965,-0.0598,0.0427
"ENSG00000163510","CWC22","LI_raw",30,1,0.033,1060,4734,36.1994,-0.0579,0.0422
"ENSG00000155975","VPS37A","LI_raw",30,1,0.033,1159,4738.5,36.6273,-0.0433,0.0471
"ENSG00000113391","FAM172A","LI_raw",30,1,0.033,1140,4944.5,37.9689,-0.0459,0.0462
"ENSG00000154781","CCDC174","LI_raw",30,1,0.033,692,5197.5,39.241,-0.0368,0.0277
"ENSG00000081019","RSBN1","LI_raw",30,1,0.033,1093,5238,40.2551,-0.0404,0.0436
"ENSG00000136986","DERL1","LI_raw",30,1,0.033,1071,5279.5,40.8786,-0.0283,0.0428
"ENSG00000103035","PSMD7","LI_raw",30,1,0.033,1145,6129.5,47.8482,-0.0368,0.0463
"ENSG00000167522","ANKRD11","LI_raw",31,1,0.032,956,1677,13.2829,0.1322,0.0497
"ENSG00000058668","ATP2B4","LI_raw",31,1,0.032,950,1763,13.8374,0.1202,0.0467
"ENSG00000235750","KIAA0040","LI_raw",31,1,0.032,823,1780,14.0854,0.13,0.0492
"ENSG00000013364","MVP","LI_raw",31,1,0.032,851,1793,14.0348,0.1334,0.0468
"ENSG00000079805","DNM2","LI_raw",31,1,0.032,1143,1818,14.0794,0.0958,0.0452
"ENSG00000116903","EXOC8","LI_raw",31,1,0.032,1229,1839,14.4005,0.0897,0.0484
"ENSG00000169223","LMAN2","LI_raw",31,1,0.032,1190,1843,14.3501,0.0881,0.0458
"ENSG00000051523","CYBA","LI_raw",31,1,0.032,967,1858,14.5068,0.1215,0.0487
"ENSG00000131504","DIAPH1","LI_raw",31,1,0.032,830,1876,14.7124,0.1273,0.0473
"ENSG00000100368","CSF2RB","LI_raw",31,1,0.032,667,1905,15.1761,0.1988,0.0498
"ENSG00000101336","HCK","LI_raw",31,1,0.032,668,1907,15.1361,0.1748,0.0482
"ENSG00000177156","TALDO1","LI_raw",31,1,0.032,634,1944,15.3689,0.1845,0.0468
"ENSG00000149177","PTPRJ","LI_raw",31,1,0.032,669,1962,15.445,0.16,0.0495
"ENSG00000107099","DOCK8","LI_raw",31,1,0.032,825,2013,15.6278,0.1186,0.0477
"ENSG00000010818","HIVEP2","LI_raw",31,1,0.032,1226,2050,14.9587,0.0768,0.0482
"ENSG00000007168","PAFAH1B1","LI_raw",31,1,0.032,1172,2137,17.0552,0.0735,0.0452
"ENSG00000130255","RPL36","LI_raw",31,1,0.032,521,2379,19.2144,-0.1267,0.034
"ENSG00000215030","RPL13P12","LI_raw",31,1,0.032,508,2492,20.4856,-0.1061,0.0332
"ENSG00000144713","RPL32","LI_raw",31,1,0.032,543,2555,20.6481,-0.1362,0.0369
"ENSG00000063177","RPL18","LI_raw",31,1,0.032,467,2582,20.8765,-0.0885,0.0295
"ENSG00000234851","RP11-3P17.3","LI_raw",31,1,0.032,482,2811,23.0557,-0.1062,0.0318
"ENSG00000111371","SLC38A1","LI_raw",31,1,0.032,507,2828,23.1267,-0.08,0.0332
"ENSG00000108107","RPL28","LI_raw",31,1,0.032,511,2872,23.0073,-0.1185,0.0332
"ENSG00000127334","DYRK2","LI_raw",31,1,0.032,519,2886,23.9142,-0.0775,0.0339
"ENSG00000139239","RPL14P1","LI_raw",31,1,0.032,577,3049,24.5701,-0.1202,0.0426
"ENSG00000114062","UBE3A","LI_raw",31,1,0.032,510,3114,24.5797,-0.0705,0.0332
"ENSG00000174748","RPL15","LI_raw",31,1,0.032,592,3169,25.8031,-0.1053,0.0462
"ENSG00000163527","STT3B","LI_raw",31,1,0.032,474,3299,25.7034,-0.0713,0.0303
"ENSG00000112249","ASCC3","LI_raw",31,1,0.032,432,3334,25.7224,-0.0721,0.0255
"ENSG00000198589","LRBA","LI_raw",31,1,0.032,395,3375,26.1038,-0.0714,0.0228
"ENSG00000197756","RPL37A","LI_raw",31,1,0.032,586,3384,27.2204,-0.1101,0.0441
"ENSG00000172575","RASGRP1","LI_raw",31,1,0.032,485,3390,26.7207,-0.0775,0.0323
"ENSG00000129351","ILF3","LI_raw",31,1,0.032,500,3454,26.6288,-0.0607,0.033
"ENSG00000182670","TTC3","LI_raw",31,1,0.032,535,3456,27.1927,-0.0694,0.0349
"ENSG00000198755","RPL10A","LI_raw",31,1,0.032,607,3464,27.8829,-0.1163,0.0499
"ENSG00000147677","EIF3H","LI_raw",31,1,0.032,553,3510,28.6638,-0.0708,0.0391
"ENSG00000134352","IL6ST","LI_raw",31,1,0.032,548,3534,28.0352,-0.0962,0.0374
"ENSG00000140740","UQCRC2","LI_raw",31,1,0.032,496,3552,27.5619,-0.0502,0.0326
"ENSG00000227097","RP11-742N3.1","LI_raw",31,1,0.032,608,3577,28.5414,-0.0935,0.0499
"ENSG00000115355","CCDC88A","LI_raw",31,1,0.032,523,3590,28.1635,-0.1078,0.0341
"ENSG00000174197","MGA","LI_raw",31,1,0.032,513,3615,28.2934,-0.0581,0.0333
"ENSG00000143799","PARP1","LI_raw",31,1,0.032,503,3662,28.8847,-0.109,0.0331
"ENSG00000149311","ATM","LI_raw",31,1,0.032,475,3664,27.9213,-0.0671,0.0303
"ENSG00000153147","SMARCA5","LI_raw",31,1,0.032,462,3912,29.9318,-0.0743,0.028
"ENSG00000112200","ZNF451","LI_raw",31,1,0.032,487,3998,31.7271,-0.0495,0.0323
"ENSG00000152558","TMEM123","LI_raw",31,1,0.032,578,4019,31.3512,-0.0935,0.0427
"ENSG00000185989","RASA3","LI_raw",31,1,0.032,497,4035,31.3526,-0.0834,0.0327
"ENSG00000197629","MPEG1","LI_raw",31,1,0.032,336,4169,32.0287,-0.1028,0.0184
"ENSG00000038427","VCAN","LI_raw",31,1,0.032,493,4174,32.6049,-0.1258,0.0324
"ENSG00000100097","LGALS1","LI_raw",31,1,0.032,589,4190,33.054,-0.0933,0.0451
"ENSG00000196531","NACA","LI_raw",31,1,0.032,549,4193,32.8261,-0.0683,0.0374
"ENSG00000084090","STARD7","LI_raw",31,1,0.032,483,4198,33.1125,-0.0582,0.0318
"ENSG00000129003","VPS13C","LI_raw",31,1,0.032,499,4287,33.2625,-0.0643,0.033
"ENSG00000120008","WDR11","LI_raw",31,1,0.032,504,4321,34.019,-0.0552,0.0331
"ENSG00000147854","UHRF2","LI_raw",31,1,0.032,516,4377,33.6345,-0.0506,0.0335
"ENSG00000136527","TRA2B","LI_raw",31,1,0.032,605,4379,34.878,-0.0456,0.0496
"ENSG00000065427","KARS","LI_raw",31,1,0.032,448,4439,35.0134,-0.0544,0.0265
"ENSG00000170540","ARL6IP1","LI_raw",31,1,0.032,583,4538,35.3027,-0.0754,0.0434
"ENSG00000177200","CHD9","LI_raw",31,1,0.032,422,4578,35.1023,-0.0528,0.0241
"ENSG00000071073","MGAT4A","LI_raw",31,1,0.032,581,4619,36.1155,-0.0567,0.0428
"ENSG00000169045","HNRNPH1","LI_raw",31,1,0.032,588,4632,36.2004,-0.0604,0.0448
"ENSG00000115306","SPTBN1","LI_raw",31,1,0.032,604,4687,36.9696,-0.0833,0.0487
"ENSG00000089737","DDX24","LI_raw",31,1,0.032,443,4688,36.9774,-0.0645,0.0262
"ENSG00000136709","WDR33","LI_raw",31,1,0.032,459,4770,37.6242,-0.0411,0.0278
"ENSG00000111144","LTA4H","LI_raw",31,1,0.032,568,4861,37.8762,-0.0878,0.0409
"ENSG00000115966","ATF2","LI_raw",31,1,0.032,369,4862,37.7201,-0.0413,0.0201
"ENSG00000126882","FAM78A","LI_raw",31,1,0.032,533,4889,38.4051,-0.0512,0.0347
"ENSG00000135829","DHX9","LI_raw",31,1,0.032,328,4890,38.5708,-0.055,0.0181
"ENSG00000165168","CYBB","LI_raw",31,1,0.032,441,4931,38.2242,-0.0961,0.0262
"ENSG00000067167","TRAM1","LI_raw",31,1,0.032,555,4961,38.1718,-0.0603,0.0399
"ENSG00000177853","ZNF518A","LI_raw",31,1,0.032,557,4988,38.219,-0.0727,0.0399
"ENSG00000110324","IL10RA","LI_raw",31,1,0.032,480,4994,39.3765,-0.0543,0.0311
"ENSG00000180628","PCGF5","LI_raw",31,1,0.032,484,5047,38.6212,-0.0636,0.0321
"ENSG00000186298","PPP1CC","LI_raw",31,1,0.032,502,5072,39.0664,-0.0425,0.033
"ENSG00000197714","ZNF460","LI_raw",31,1,0.032,372,5119,40.2703,-0.0419,0.0203
"ENSG00000038274","MAT2B","LI_raw",31,1,0.032,243,5127,40.3077,-0.0486,0.0104
"ENSG00000153914","SREK1","LI_raw",31,1,0.032,569,5219,40.1077,-0.0499,0.0412
"ENSG00000211456","SACM1L","LI_raw",31,1,0.032,390,5226,40.7028,-0.0424,0.0225
"ENSG00000168172","HOOK3","LI_raw",31,1,0.032,431,5247,40.963,-0.0479,0.025
"ENSG00000179010","MRFAP1","LI_raw",31,1,0.032,259,5303,40.8905,-0.0533,0.0112
"ENSG00000121966","CXCR4","LI_raw",31,1,0.032,283,5375,41.3605,-0.075,0.0126
"ENSG00000116679","IVNS1ABP","LI_raw",31,1,0.032,170,5390,41.3788,-0.0579,0.00674
"ENSG00000048649","RSF1","LI_raw",31,1,0.032,377,5462,42.0795,-0.0362,0.0211
"ENSG00000107077","KDM4C","LI_raw",31,1,0.032,584,5517,42.6043,-0.0452,0.0435
"ENSG00000101347","SAMHD1","LI_raw",31,1,0.032,564,5567,43.7144,-0.0706,0.0408
"ENSG00000137776","SLTM","LI_raw",31,1,0.032,447,5605,44.2104,-0.041,0.0264
"ENSG00000196504","PRPF40A","LI_raw",31,1,0.032,469,5649,44.0909,-0.0486,0.0296
"ENSG00000121741","ZMYM2","LI_raw",31,1,0.032,323,5666,44.33,-0.0388,0.0176
"ENSG00000177565","TBL1XR1","LI_raw",31,1,0.032,378,5687,43.7244,-0.0514,0.0211
"ENSG00000147162","OGT","LI_raw",31,1,0.032,528,5712,44.6636,-0.0389,0.0344
"ENSG00000090863","GLG1","LI_raw",31,1,0.032,575,5747,45.2982,-0.0588,0.0424
"ENSG00000162402","USP24","LI_raw",31,1,0.032,522,5757,45.3706,-0.053,0.0341
"ENSG00000148700","ADD3","LI_raw",31,1,0.032,550,5830,45.7875,-0.0497,0.0377
"ENSG00000021776","AQR","LI_raw",31,1,0.032,298,5853,46.1666,-0.0361,0.0144
"ENSG00000083642","PDS5B","LI_raw",31,1,0.032,309,5871,45.9007,-0.0454,0.0161
"ENSG00000135018","UBQLN1","LI_raw",31,1,0.032,418,5930,46.339,-0.0367,0.0239
"ENSG00000189079","ARID2","LI_raw",31,1,0.032,433,5961,47.0185,-0.0391,0.0255
"ENSG00000092148","HECTD1","LI_raw",31,1,0.032,397,6090,48.0191,-0.0398,0.0228
"ENSG00000133639","BTG1","LI_raw",31,1,0.032,282,6095,46.486,-0.045,0.0126
"ENSG00000080503","SMARCA2","LI_raw",31,1,0.032,281,6144,48.4619,-0.0395,0.0125
"ENSG00000009335","UBE3C","LI_raw",31,1,0.032,506,6150,48.4225,-0.0266,0.0332
"ENSG00000197006","METTL9","LI_raw",31,1,0.032,538,6161,47.3537,-0.0569,0.0359
"ENSG00000165934","CPSF2","LI_raw",31,1,0.032,429,6208,48.9667,-0.0495,0.025
"ENSG00000136813","KIAA0368","LI_raw",31,1,0.032,501,6229,49.1324,-0.0355,0.033
"ENSG00000107581","EIF3A","LI_raw",31,1,0.032,571,6277,49.3619,-0.055,0.0415
"ENSG00000072736","NFATC3","LI_raw",31,1,0.032,603,6292,49.6293,-0.0392,0.0485
"ENSG00000079459","FDFT1","LI_raw",31,1,0.032,471,6295,49.5339,-0.0383,0.03
"ENSG00000052841","TTC17","LI_raw",31,1,0.032,590,6410,50.4366,-0.0267,0.0461
"ENSG00000257103","LSM14A","LI_raw",31,1,0.032,278,6558,51.7274,-0.0282,0.0123
"ENSG00000100650","SRSF5","LI_raw",31,1,0.032,439,6593,52.0035,-0.0282,0.0262
"ENSG00000113282","CLINT1","LI_raw",31,1,0.032,530,6631,52.3032,-0.042,0.0344
"ENSG00000114439","BBX","LI_raw",31,1,0.032,383,6645,52.4136,-0.0322,0.0219
"ENSG00000133872","TMEM66","LI_raw",31,1,0.032,427,6741,52.9007,-0.033,0.0246
"ENSG00000116478","HDAC1","LI_raw",31,1,0.032,450,6747,53.2182,-0.0358,0.0271
"ENSG00000009307","CSDE1","LI_raw",31,1,0.032,303,6778,53.4627,-0.0352,0.0155
"ENSG00000104419","NDRG1","LI_raw",31,1,0.032,492,6851,54.0049,-0.0476,0.0324
"ENSG00000075292","ZNF638","LI_raw",31,1,0.032,396,6866,53.8891,-0.0307,0.0228
"ENSG00000198231","DDX42","LI_raw",31,1,0.032,539,6873,54.212,-0.032,0.0359
"ENSG00000138279","ANXA7","LI_raw",31,1,0.032,466,6951,54.8273,-0.0481,0.0295
"ENSG00000131171","SH3BGRL","LI_raw",31,1,0.032,541,6973,53.8312,-0.0439,0.0366
"ENSG00000164543","STK17A","LI_raw",31,1,0.032,559,7073,54.456,-0.0329,0.0403
"ENSG00000138041","SMEK2","LI_raw",31,1,0.032,552,7117,55.8892,-0.0323,0.0382
"ENSG00000069329","VPS35","LI_raw",31,1,0.032,331,7212,56.8859,-0.0378,0.0184
"ENSG00000105401","CDC37","LI_raw",31,1,0.032,481,7277,57.3986,-0.0356,0.0313
"ENSG00000119778","ATAD2B","LI_raw",31,1,0.032,425,7397,57.9075,-0.0264,0.0243
"ENSG00000066777","ARFGEF1","LI_raw",31,1,0.032,152,7691,60.6641,-0.0255,0.00628
"ENSG00000141646","SMAD4","LI_raw",31,1,0.032,318,7724,60.6808,-0.0208,0.0173
"ENSG00000078304","PPP2R5C","LI_raw",31,1,0.032,473,7809,61.5949,-0.0215,0.03
"ENSG00000166946","CCNDBP1","LI_raw",31,1,0.032,520,7906,62.0418,-0.0372,0.034
"ENSG00000204120","GIGYF2","LI_raw",31,1,0.032,345,8277,65.2863,-0.0231,0.019
"ENSG00000028528","SNX1","LI_raw",31,1,0.032,296,8470,66.8086,-0.0172,0.0144
"ENSG00000135341","MAP3K7","LI_raw",31,1,0.032,574,8621,67.9997,-0.0206,0.0421
"ENSG00000134444","KIAA1468","LI_raw",31,1,0.032,576,8780,68.9845,-0.018,0.0424
"ENSG00000153187","HNRNPU","LI_raw",31,1,0.032,454,8797,69.3879,-0.0231,0.0274
"ENSG00000120616","EPC1","LI_raw",31,1,0.032,518,9029,70.8603,-0.0153,0.0338
"ENSG00000112282","MED23","LI_raw",31,1,0.032,567,9049,71.3756,-0.0203,0.0408
"ENSG00000115020","PIKFYVE","LI_raw",31,1,0.032,512,9059,71.4545,-0.0221,0.0332
"ENSG00000065883","CDK13","LI_raw",31,1,0.032,267,9196,72.5351,-0.0131,0.0116
"ENSG00000166233","ARIH1","LI_raw",31,1,0.032,544,9996,78.8452,-0.0109,0.0369
"ENSG00000112297","AIM1","LI_raw",31,1,0.032,498,10284,81.1169,-0.0134,0.0328
"ENSG00000119820","YIPF4","LI_raw",31,1,0.032,602,10711,84.4849,-0.0109,0.0481
"ENSG00000177189","RPS6KA3","LI_raw",31,1,0.032,532,10964,86.4805,-0.0094,0.0347
"ENSG00000132356","PRKAA1","LI_raw",31,1,0.032,556,11014,86.9515,-0.0091,0.0399
"ENSG00000134198","TSPAN2","LI_ilr",30,30,1,1,1,0.008,0.6296,3.39e-18
"ENSG00000069943","PIGB","LI_ilr",29,29,1,2,2,0.0158,0.4891,9.77e-17
"ENSG00000087903","RFX2","LI_ilr",27,27,1,3,3,0.0225,0.5221,6.57e-13
"ENSG00000241163","LINC00877","LI_ilr",26,26,1,4,4,0.0296,0.451,3.47e-12
"ENSG00000064763","FAR2","LI_ilr",30,30,1,2,5,0.0397,0.3882,9.5e-12
"ENSG00000267519","MIR24-2","LI_ilr",28,28,1,5,6,0.0461,0.4995,4.51e-11
"ENSG00000136867","SLC31A2","LI_ilr",31,31,1,2,7,0.0579,0.3753,3.71e-11
"ENSG00000179820","MYADM","LI_ilr",30,30,1,3,7,0.056,0.5487,2.94e-11
"ENSG00000118690","ARMC2","LI_ilr",26,26,1,8,9,0.0668,0.3608,1.39e-10
"ENSG00000155744","FAM126B","LI_ilr",31,31,1,1,10,0.075,0.332,2.43e-11
"ENSG00000080823","MOK","LI_ilr",14,14,1,10,11,0.0698,0.8303,5.47e-10
"ENSG00000143409","FAM63A","LI_ilr",30,30,1,7,11,0.0884,0.2899,1.47e-10
"ENSG00000163694","RBM47","LI_ilr",30,30,1,6,12,0.0962,0.2824,1.47e-10
"ENSG00000233730","RP4-666F24.3","LI_ilr",15,15,1,12,13,0.0863,0.73,3.3e-09
"ENSG00000213085","CCDC19","LI_ilr",21,21,1,13,14,0.1051,0.5525,4.57e-09
"ENSG00000104093","DMXL2","LI_ilr",31,31,1,3,16,0.1393,0.2922,3.18e-10
"ENSG00000207980","MIR23A","LI_ilr",17,17,1,13,16,0.1063,0.5887,3.39e-09
"ENSG00000151694","ADAM17","LI_ilr",30,30,1,8,17,0.131,0.2144,7.87e-10
"ENSG00000169429","IL8","LI_ilr",23,23,1,14,17,0.1247,-0.8007,7.78e-09
"ENSG00000132155","RAF1","LI_ilr",31,31,1,10,18,0.1446,0.1593,6.78e-09
"ENSG00000158710","TAGLN2","LI_ilr",31,31,1,7,19,0.1539,0.3004,4.52e-09
"ENSG00000165801","ARHGEF40","LI_ilr",30,30,1,15,19.5,0.1618,0.3462,2.3e-08
"ENSG00000120696","KBTBD7","LI_ilr",31,31,1,9,21,0.1724,0.2986,2.32e-08
"ENSG00000111885","MAN1A1","LI_ilr",31,31,1,4,22,0.181,0.3582,1.73e-09
"ENSG00000162769","FLVCR1","LI_ilr",28,28,1,18,22,0.1787,0.3567,5.42e-08
"ENSG00000135378","PRRG4","LI_ilr",29,29,1,16,23,0.1907,0.4603,5.69e-08
"ENSG00000158470","B4GALT5","LI_ilr",31,31,1,8,26,0.2052,0.2727,2.01e-08
"ENSG00000156675","RAB11FIP1","LI_ilr",31,31,1,5,27,0.2243,0.2693,2.3e-09
"ENSG00000243660","ZNF487","LI_ilr",27,27,1,25,27,0.2083,0.2961,2.44e-07
"ENSG00000067082","KLF6","LI_ilr",31,31,1,16,29,0.241,0.179,2.47e-07
"ENSG00000077327","SPAG6","LI_ilr",5,5,1,27,29,0.1391,1.1742,6.73e-07
"ENSG00000188596","C12orf55","LI_ilr",17,17,1,25,29,0.1927,0.4952,2.74e-07
"ENSG00000229124","VIM-AS1","LI_ilr",30,30,1,25,29,0.2386,0.24,3.09e-07
"ENSG00000114316","USP4","LI_ilr",31,31,1,15,30,0.2549,0.1396,6.64e-08
"ENSG00000253676","TAGLN2P1","LI_ilr",28,28,1,23,31,0.2392,0.3031,3.58e-07
"ENSG00000152207","CYSLTR2","LI_ilr",27,27,1,28,32,0.2475,0.4304,6.59e-07
"ENSG00000114346","ECT2","LI_ilr",24,24,1,32,34,0.2606,0.3926,7.56e-07
"ENSG00000204131","NHSL2","LI_ilr",31,31,1,17,35,0.2713,0.2884,4.26e-07
"ENSG00000106714","CNTNAP3","LI_ilr",29,29,1,25,37,0.283,0.6348,1.49e-06
"ENSG00000096093","EFHC1","LI_ilr",27,27,1,30,38,0.2896,0.3076,6.72e-07
"ENSG00000136026","CKAP4","LI_ilr",30,30,1,23,38,0.2994,0.2831,6.1e-07
"ENSG00000124831","LRRFIP1","LI_ilr",31,31,1,14,39,0.3041,0.1666,3.65e-07
"ENSG00000091181","IL5RA","LI_ilr",24,24,1,36,41,0.3073,0.7455,2.91e-06
"ENSG00000188315","C3orf62","LI_ilr",30,30,1,29,41,0.3219,0.1713,1.54e-06
"ENSG00000150054","MPP7","LI_ilr",30,30,1,28,42,0.3378,0.2233,1.56e-06
"ENSG00000135604","STX11","LI_ilr",31,31,1,20,43,0.3525,0.2567,2.68e-06
"ENSG00000163659","TIPARP","LI_ilr",30,30,1,26,43.5,0.3381,0.1946,1.23e-06
"ENSG00000010404","IDS","LI_ilr",30,30,1,33,45,0.3621,0.2503,4.19e-06
"ENSG00000076513","ANKRD13A","LI_ilr",31,31,1,6,45,0.3558,0.1581,2.89e-09
"ENSG00000103381","CPPED1","LI_ilr",31,31,1,12,48,0.3786,0.275,3.24e-07
"ENSG00000104973","MED25","LI_ilr",30,30,1,37,48,0.3782,0.2986,7.62e-06
"ENSG00000185905","C16orf54","LI_ilr",31,31,1,24,48,0.3881,0.1958,5.6e-06
"ENSG00000007237","GAS7","LI_ilr",31,31,1,18,51,0.4124,0.2921,3.49e-06
"ENSG00000102580","DNAJC3","LI_ilr",31,31,1,11,51,0.4023,0.2401,1.45e-07
"ENSG00000136868","SLC31A1","LI_ilr",29,29,1,33,51,0.4005,0.2479,4.19e-06
"ENSG00000207808","MIR27A","LI_ilr",7,7,1,47,51,0.2746,0.6718,1.68e-05
"ENSG00000213390","ARHGAP19","LI_ilr",30,30,1,30,54,0.4256,0.1884,2.62e-06
"ENSG00000167987","VPS37C","LI_ilr",20,20,1,50,55,0.3944,0.3433,2.4e-05
"ENSG00000188895","MSL1","LI_ilr",31,31,1,23,55,0.4547,0.1202,6.27e-06
"ENSG00000183049","CAMK1D","LI_ilr",30,30,1,34,55.5,0.4374,0.2565,6.07e-06
"ENSG00000087074","PPP1R15A","LI_ilr",29,29,1,51,57,0.4609,0.2304,3.08e-05
"ENSG00000180758","GPR157","LI_ilr",23,23,1,53,57,0.4127,0.351,3.1e-05
"ENSG00000198604","BAZ1A","LI_ilr",31,31,1,13,57,0.4561,0.2108,6.28e-07
"ENSG00000203705","TATDN3","LI_ilr",27,27,1,53,57,0.4524,0.2152,2.55e-05
"ENSG00000103154","NECAB2","LI_ilr",7,7,1,49,59,0.3164,-0.6504,5.25e-05
"ENSG00000052749","RRP12","LI_ilr",29,29,1,49,61,0.4887,0.331,3.31e-05
"ENSG00000123329","ARHGAP9","LI_ilr",31,31,1,27,61,0.4811,0.1809,1.14e-05
"ENSG00000110931","CAMKK2","LI_ilr",31,31,1,32,62,0.5047,0.174,2.4e-05
"ENSG00000110422","HIPK3","LI_ilr",31,31,1,19,65,0.5127,0.1725,4.57e-06
"ENSG00000162711","NLRP3","LI_ilr",29,29,1,38,65,0.514,-0.2384,1.59e-05
"ENSG00000167236","CCL23","LI_ilr",3,3,1,63,65,0.3112,1.0829,0.000148
"ENSG00000123146","CD97","LI_ilr",31,31,1,28,66,0.5255,0.2584,2.54e-05
"ENSG00000119321","FKBP15","LI_ilr",31,31,1,33,68,0.565,0.1245,2.62e-05
"ENSG00000224977","RP11-160H22.3","LI_ilr",5,5,1,64,68,0.3309,0.7815,0.00016
"ENSG00000104450","SPAG1","LI_ilr",24,24,1,57,68.5,0.5064,0.3186,3.35e-05
"ENSG00000176463","SLCO3A1","LI_ilr",30,30,1,52,69.5,0.5554,0.1708,0.000114
"ENSG00000003402","CFLAR","LI_ilr",31,31,1,42,70,0.5528,0.1226,8.5e-05
"ENSG00000170345","FOS","LI_ilr",30,30,1,48,70,0.5549,0.2598,9.99e-05
"ENSG00000047578","KIAA0556","LI_ilr",28,28,1,66,73,0.5648,0.2087,0.000167
"ENSG00000164691","TAGAP","LI_ilr",31,31,1,21,73,0.6088,0.1684,9.2e-06
"ENSG00000156313","RPGR","LI_ilr",29,29,1,54,74,0.5741,0.1857,9.64e-05
"ENSG00000134152","KATNBL1","LI_ilr",30,30,1,51,76,0.5996,0.2204,0.000118
"ENSG00000238160","AC116366.5","LI_ilr",30,30,1,65,77,0.6036,0.1936,0.000209
"ENSG00000206560","ANKRD28","LI_ilr",30,30,1,49,77.5,0.6116,0.2192,0.000125
"ENSG00000258476","RP11-76E17.3","LI_ilr",21,21,1,68,79,0.5458,-0.5268,0.000261
"ENSG00000062282","DGAT2","LI_ilr",31,31,1,30,80,0.6549,-0.1893,6.31e-05
"ENSG00000187049","TMEM216","LI_ilr",27,27,1,64,80,0.5924,0.1994,0.000113
"ENSG00000137094","DNAJB5","LI_ilr",16,16,1,75,81,0.5347,0.4908,0.000285
"ENSG00000264584","RN7SL600P","LI_ilr",25,25,1,73,82,0.6074,0.2628,0.000208
"ENSG00000111837","MAK","LI_ilr",27,27,1,71,83,0.616,0.3158,0.000193
"ENSG00000135116","HRK","LI_ilr",10,10,1,79,83.5,0.4834,0.9316,0.000382
"ENSG00000142046","TMEM91","LI_ilr",27,27,1,67,84,0.6626,-0.2203,0.000272
"ENSG00000177125","ZBTB34","LI_ilr",31,31,1,34,84,0.6797,0.1315,9.4e-05
"ENSG00000188396","TCTEX1D4","LI_ilr",13,13,1,75,84,0.5248,0.4825,0.000202
"ENSG00000150712","MTMR12","LI_ilr",30,30,1,45,84.5,0.6747,0.1367,6.82e-05
"ENSG00000267262","CTC-232P5.3","LI_ilr",5,5,1,81,87,0.4411,0.7255,0.000439
"ENSG00000159713","TPPP3","LI_ilr",18,18,1,85,90,0.6088,0.4673,0.000373
"ENSG00000173171","MTX1","LI_ilr",29,29,1,58,90,0.721,0.1915,0.000271
"ENSG00000197852","FAM212B","LI_ilr",31,31,1,46,90,0.729,0.1992,0.00033
"ENSG00000167434","CA4","LI_ilr",25,25,1,79,91,0.7115,-0.3173,0.000364
"ENSG00000174083","PIK3R6","LI_ilr",23,23,1,87,91,0.682,0.4325,0.000422
"ENSG00000077514","POLD3","LI_ilr",28,28,1,56,92,0.7124,0.1375,9.83e-05
"ENSG00000131187","F12","LI_ilr",13,13,1,88,92,0.5675,0.4765,0.000391
"ENSG00000258738","RP11-73E17.2","LI_ilr",21,21,1,78,92,0.6449,0.2079,0.000236
"ENSG00000185020","RP11-111G23.1","LI_ilr",5,5,1,87,93,0.4603,0.721,0.000484
"ENSG00000139668","WDFY2","LI_ilr",30,30,1,66,93.5,0.7526,0.1647,0.000391
"ENSG00000135870","RC3H1","LI_ilr",31,31,1,26,94,0.754,0.115,2.29e-05
"ENSG00000196372","ASB13","LI_ilr",25,25,1,75,96,0.7308,-0.1743,0.000317
"ENSG00000181826","RELL1","LI_ilr",30,30,1,59,96.5,0.7727,0.2099,0.000418
"ENSG00000077150","NFKB2","LI_ilr",30,30,1,57,97.5,0.7733,0.1718,0.000359
"ENSG00000204054","LINC00963","LI_ilr",30,30,1,75,98,0.7807,0.1862,0.000508
"ENSG00000260417","CTD-2542L18.1","LI_ilr",10,10,1,92,98.5,0.5489,0.5749,0.000572
"ENSG00000227825","SLC9A7P1","LI_ilr",24,24,1,80,101.5,0.7638,-0.2547,0.000599
"ENSG00000178502","KLHL11","LI_ilr",27,27,1,76,102,0.8122,-0.1217,0.000325
"ENSG00000213373","LINC00671","LI_ilr",10,10,1,83,102,0.5755,-0.546,0.000726
"ENSG00000108932","SLC16A6","LI_ilr",28,28,1,69,102.5,0.8225,-0.1716,0.000476
"ENSG00000105205","CLC","LI_ilr",29,29,1,62,104,0.8251,0.6474,0.000558
"ENSG00000081189","MEF2C","LI_ilr",31,31,1,29,106,0.855,-0.1891,6.31e-05
"ENSG00000143420","ENSA","LI_ilr",29,29,1,92,106,0.8011,0.1281,0.000747
"ENSG00000157514","TSC22D3","LI_ilr",31,31,1,38,106,0.844,0.197,0.00029
"ENSG00000216316","RP3-354N19.3","LI_ilr",15,15,1,104,107,0.7108,0.346,0.000795
"ENSG00000131203","IDO1","LI_ilr",19,19,1,94,108,0.7437,0.5939,0.000851
"ENSG00000130940","CASZ1","LI_ilr",19,19,1,101,109,0.7712,0.2801,0.000791
"ENSG00000247400","DNAJC3-AS1","LI_ilr",24,24,1,100,109,0.792,0.3212,0.000898
"ENSG00000010361","FUZ","LI_ilr",25,25,1,96,112,0.8323,0.2364,0.00106
"ENSG00000113532","ST8SIA4","LI_ilr",31,31,1,22,112,0.8913,-0.1476,1.29e-05
"ENSG00000197818","SLC9A8","LI_ilr",29,29,1,100,113,0.8812,0.1893,0.00121
"ENSG00000198734","F5","LI_ilr",30,30,1,64,113,0.8974,0.2585,0.000632
"ENSG00000149187","CELF1","LI_ilr",31,31,1,54,114,0.9298,0.1195,0.000711
"ENSG00000105366","SIGLEC8","LI_ilr",15,15,1,108,116,0.7706,0.7411,0.00115
"ENSG00000024862","CCDC28A","LI_ilr",29,29,1,77,118,0.9293,-0.1456,0.000861
"ENSG00000112759","SLC29A1","LI_ilr",17,17,1,114,118,0.7903,0.5333,0.00119
"ENSG00000163464","CXCR1","LI_ilr",31,31,1,37,118,0.9386,-0.2035,0.000241
"ENSG00000183690","EFHC2","LI_ilr",23,23,1,100,118,0.8654,0.2815,0.00119
"ENSG00000188107","EYS","LI_ilr",15,15,1,101,120,0.7837,-0.4018,0.00112
"ENSG00000236345","RP11-59D5__B.2","LI_ilr",20,20,1,103,120,0.8392,-0.2847,0.0011
"ENSG00000108669","CYTH1","LI_ilr",31,31,1,57,123,1.0677,0.1031,0.000744
"ENSG00000168824","NSG1","LI_ilr",18,18,1,118,125,0.8658,-0.5329,0.00175
"ENSG00000196588","MKL1","LI_ilr",30,30,1,80,125.5,1.0015,0.1807,0.00178
"ENSG00000149532","CPSF7","LI_ilr",28,28,1,95,126,0.9578,0.1966,0.00161
"ENSG00000170458","CD14","LI_ilr",31,31,1,41,127,1.0026,-0.2637,0.000363
"ENSG00000172197","MBOAT1","LI_ilr",30,30,1,81,127.5,1.0166,0.1143,0.000975
"ENSG00000111328","CDK2AP1","LI_ilr",24,24,1,90,128,0.9469,0.2425,0.000601
"ENSG00000174010","KLHL15","LI_ilr",28,28,1,71,129,0.9976,-0.1347,0.000476
"ENSG00000070950","RAD18","LI_ilr",26,26,1,107,130,0.9698,0.1392,0.00164
"ENSG00000105810","CDK6","LI_ilr",30,30,1,73,132,1.0493,-0.144,0.00079
"ENSG00000134072","CAMK1","LI_ilr",28,28,1,94,133,1.0271,0.2402,0.00179
"ENSG00000203804","ADAMTSL4-AS1","LI_ilr",24,24,1,115,133.5,0.9832,0.3008,0.00253
"ENSG00000176871","WSB2","LI_ilr",30,30,1,85,135,1.0597,0.1737,0.00176
"ENSG00000235423","RP11-282O18.3","LI_ilr",6,6,1,125,135.5,0.6972,0.5421,0.00208
"ENSG00000130768","SMPDL3B","LI_ilr",7,7,1,132,138,0.7431,0.5586,0.0029
"ENSG00000180221","RP11-179B15.2","LI_ilr",21,21,1,123,138,0.9823,0.237,0.00254
"ENSG00000140263","SORD","LI_ilr",22,22,1,122,138.5,0.9986,0.2823,0.00244
"ENSG00000154803","FLCN","LI_ilr",30,30,1,84,139,1.0986,0.1605,0.00222
"ENSG00000213145","CRIP1","LI_ilr",23,23,1,115,140,1.0054,0.2205,0.00226
"ENSG00000103355","PRSS33","LI_ilr",9,9,1,139,141,0.767,0.8175,0.00314
"ENSG00000163803","PLB1","LI_ilr",27,27,1,103,141,1.0648,-0.3534,0.00242
"ENSG00000169087","HSPBAP1","LI_ilr",29,29,1,72,141,1.1043,-0.1472,0.000735
"ENSG00000248936","RP11-36B15.1","LI_ilr",7,7,1,130,141,0.7484,0.4264,0.00268
"ENSG00000169439","SDC2","LI_ilr",15,15,1,124,142,0.9032,-0.532,0.00223
"ENSG00000264508","RN7SL473P","LI_ilr",22,22,1,129,142,1.027,0.2735,0.00277
"ENSG00000164823","OSGIN2","LI_ilr",30,30,1,83,143,1.1353,0.1824,0.00201
"ENSG00000064012","CASP8","LI_ilr",31,31,1,65,144,1.191,0.111,0.00197
"ENSG00000165609","NUDT5","LI_ilr",30,30,1,98,145,1.1924,0.1078,0.00276
"ENSG00000171791","BCL2","LI_ilr",31,31,1,45,145,1.1514,-0.1669,0.00103
"ENSG00000163739","CXCL1","LI_ilr",18,18,1,125,146,0.9975,-0.3003,0.00229
"ENSG00000143384","MCL1","LI_ilr",31,31,1,40,147,1.1852,0.1068,0.00029
"ENSG00000095951","HIVEP1","LI_ilr",31,31,1,61,148,1.2401,0.1174,0.0026
"ENSG00000175294","CATSPER1","LI_ilr",17,17,1,134,148,1.0363,-0.2858,0.00296
"ENSG00000104660","LEPROTL1","LI_ilr",30,30,1,79,150.5,1.1952,-0.0989,0.00167
"ENSG00000228941","UBE3AP2","LI_ilr",6,6,1,138,151.5,0.7702,-0.4895,0.0037
"ENSG00000130164","LDLR","LI_ilr",22,22,1,122,153,1.0994,0.291,0.00276
"ENSG00000171368","TPPP","LI_ilr",10,10,1,142,153.5,0.8646,0.4668,0.00323
"ENSG00000118495","PLAGL1","LI_ilr",26,26,1,145,154.5,1.1215,0.2363,0.00414
"ENSG00000163346","PBXIP1","LI_ilr",31,31,1,51,155,1.2884,0.1943,0.00162
"ENSG00000084731","KIF3C","LI_ilr",23,23,1,142,156,1.1367,0.227,0.00425
"ENSG00000121749","TBC1D15","LI_ilr",29,29,1,81,156,1.2817,-0.1494,0.00171
"ENSG00000182240","BACE2","LI_ilr",27,27,1,125,157,1.1773,0.3101,0.00445
"ENSG00000167552","TUBA1A","LI_ilr",31,31,1,47,158,1.2597,0.1746,0.00122
"ENSG00000173846","PLK3","LI_ilr",25,25,1,125,158,1.1706,0.1886,0.00358
"ENSG00000205927","OLIG2","LI_ilr",15,15,1,143,158,1.0361,0.6775,0.00434
"ENSG00000118785","SPP1","LI_ilr",7,7,1,148,159,0.8635,-0.944,0.00387
"ENSG00000213203","GIMAP1","LI_ilr",30,30,1,83,159.5,1.3289,-0.1029,0.0018
"ENSG00000148411","NACC2","LI_ilr",30,30,1,89,160,1.2635,0.1649,0.00325
"ENSG00000105204","DYRK1B","LI_ilr",26,26,1,120,161,1.1938,0.1956,0.00438
"ENSG00000160588","MPZL3","LI_ilr",31,31,1,63,162,1.3084,0.1567,0.00344
"ENSG00000178996","SNX18","LI_ilr",31,31,1,52,163,1.3409,-0.1355,0.00211
"ENSG00000155755","TMEM237","LI_ilr",16,16,1,146,163.5,1.0722,-0.2316,0.00443
"ENSG00000103056","SMPD3","LI_ilr",21,21,1,142,164,1.149,0.5094,0.00518
"ENSG00000150961","SEC24D","LI_ilr",30,30,1,71,167.5,1.3201,0.115,0.00099
"ENSG00000084764","MAPRE3","LI_ilr",16,16,1,152,168,1.0993,0.3052,0.00522
"ENSG00000213066","FGFR1OP","LI_ilr",27,27,1,125,168,1.3221,0.1458,0.00503
"ENSG00000161905","ALOX15","LI_ilr",17,17,1,159,169,1.1426,0.8076,0.00588
"ENSG00000174837","EMR1","LI_ilr",30,30,1,94,171.5,1.3384,0.2984,0.00395
"ENSG00000154153","FAM134B","LI_ilr",27,27,1,123,172,1.3829,-0.1747,0.00478
"ENSG00000139946","PELI2","LI_ilr",31,31,1,25,174,1.3418,-0.1191,2.26e-05
"ENSG00000159618","GPR114","LI_ilr",26,26,1,155,174,1.2866,0.2786,0.00633
"ENSG00000176659","C20orf197","LI_ilr",24,24,1,147,174,1.3014,-0.2018,0.00618
"ENSG00000207939","MIR223","LI_ilr",29,29,1,114,174,1.4119,-0.1559,0.00539
"ENSG00000114796","KLHL24","LI_ilr",31,31,1,31,176,1.4147,-0.0956,6.67e-05
"ENSG00000163736","PPBP","LI_ilr",31,31,1,66,176,1.3988,0.4512,0.00476
"ENSG00000237628","RP11-522L3.4","LI_ilr",1,1,1,176,176,0.7308,0.6333,0.00972
"ENSG00000225358","MIPEPP1","LI_ilr",5,5,1,158,177,0.8056,-0.4831,0.00637
"ENSG00000196227","FAM217B","LI_ilr",30,30,1,97,178,1.4974,-0.1048,0.00322
"ENSG00000249244","RP11-548H18.2","LI_ilr",7,7,1,164,178,0.9708,-0.4078,0.00671
"ENSG00000114670","NEK11","LI_ilr",19,19,1,150,179,1.2373,0.2551,0.00575
"ENSG00000182389","CACNB4","LI_ilr",24,24,1,156,180.5,1.3589,-0.3768,0.00769
"ENSG00000117859","OSBPL9","LI_ilr",31,31,1,36,181,1.4609,-0.0948,0.000241
"ENSG00000106638","TBL2","LI_ilr",28,28,1,131,182,1.4482,-0.1185,0.00643
"ENSG00000136541","ERMN","LI_ilr",25,25,1,144,182,1.3503,-0.1942,0.00666
"ENSG00000173597","SULT1B1","LI_ilr",31,31,1,53,183,1.475,-0.1814,0.00237
"ENSG00000131759","RARA","LI_ilr",30,30,1,112,183.5,1.4529,0.1615,0.00714
"ENSG00000072401","UBE2D1","LI_ilr",30,30,1,106,184,1.4377,0.2434,0.00639
"ENSG00000174358","SLC6A19","LI_ilr",4,4,1,180,184,0.8816,0.9398,0.00937
"ENSG00000234493","GS1-421I3.2","LI_ilr",7,7,1,181,184,0.9761,0.73,0.00819
"ENSG00000224356","RP11-151A6.4","LI_ilr",16,16,1,171,186,1.2212,-0.2783,0.00699
"ENSG00000065526","SPEN","LI_ilr",31,31,1,73,188,1.4805,0.1065,0.00465
"ENSG00000273243","CTA-217C2.2","LI_ilr",19,19,1,167,189,1.3322,0.3048,0.00806
"ENSG00000121966","CXCR4","LI_ilr",31,31,1,43,192,1.5132,-0.1559,0.000984
"ENSG00000203710","CR1","LI_ilr",31,31,1,50,192,1.5421,-0.1834,0.00183
"ENSG00000151778","SERP2","LI_ilr",2,2,1,186,193,0.865,0.6708,0.0116
"ENSG00000174944","P2RY14","LI_ilr",26,26,1,161,193,1.435,0.3502,0.00865
"ENSG00000032444","PNPLA6","LI_ilr",30,30,1,113,194,1.5251,0.1864,0.00739
"ENSG00000136002","ARHGEF4","LI_ilr",7,7,1,178,196,1.0619,-0.5394,0.00744
"ENSG00000242083","RPL7AP31","LI_ilr",15,15,1,176,196,1.307,-0.2592,0.00801
"ENSG00000077684","PHF17","LI_ilr",31,31,1,48,197,1.5747,-0.1045,0.00168
"ENSG00000138623","SEMA7A","LI_ilr",25,25,1,162,197,1.4594,0.267,0.0091
"ENSG00000160229","ZNF66","LI_ilr",26,26,1,166,197,1.4754,0.2535,0.00908
"ENSG00000023902","PLEKHO1","LI_ilr",31,31,1,106,200,1.612,0.1056,0.00756
"ENSG00000188026","RILPL1","LI_ilr",18,18,1,178,201.5,1.3559,0.2965,0.00842
"ENSG00000172830","SSH3","LI_ilr",26,26,1,122,202,1.506,0.1944,0.00458
"ENSG00000187566","NHLRC1","LI_ilr",9,9,1,185,203,1.1169,-0.3315,0.00826
"ENSG00000184384","MAML2","LI_ilr",30,30,1,105,204,1.6264,-0.1243,0.0041
"ENSG00000137841","PLCB2","LI_ilr",31,31,1,77,206,1.6471,0.1655,0.00742
"ENSG00000197965","MPZL1","LI_ilr",31,31,1,83,206,1.6643,0.2296,0.00739
"ENSG00000228242","AC093495.4","LI_ilr",23,23,1,163,206,1.5141,0.2004,0.00905
"ENSG00000258714","RP11-998D10.7","LI_ilr",5,5,1,198,207,1.0661,0.504,0.0102
"ENSG00000124731","TREM1","LI_ilr",31,31,1,79,208,1.6564,0.1853,0.00737
"ENSG00000158089","GALNT14","LI_ilr",18,18,1,163,210,1.3942,-0.4399,0.00729
"ENSG00000100228","RAB36","LI_ilr",10,10,1,184,211.5,1.1665,0.4306,0.00894
"ENSG00000130300","PLVAP","LI_ilr",18,18,1,180,211.5,1.4358,0.5504,0.00889
"ENSG00000272016","RP11-215G15.5","LI_ilr",19,19,1,199,213,1.5218,0.2388,0.0113
"ENSG00000237781","RP11-54A4.2","LI_ilr",22,22,1,198,213.5,1.5452,0.3137,0.0118
"ENSG00000005238","FAM214B","LI_ilr",31,31,1,67,214,1.7303,0.1989,0.00538
"ENSG00000241770","RP11-555M1.3","LI_ilr",3,3,1,188,215,1.0309,0.6181,0.0117
"ENSG00000166016","ABTB2","LI_ilr",17,17,1,205,218,1.4283,0.3967,0.0124
"ENSG00000107960","OBFC1","LI_ilr",29,29,1,175,219,1.7009,0.1293,0.0123
"ENSG00000236317","RP11-348H3.5","LI_ilr",1,1,1,219,219,0.9093,0.6233,0.0173
"ENSG00000107438","PDLIM1","LI_ilr",26,26,1,138,221,1.6307,0.2713,0.00732
"ENSG00000108840","HDAC5","LI_ilr",30,30,1,109,222,1.7742,-0.1357,0.00737
"ENSG00000139508","SLC46A3","LI_ilr",27,27,1,144,222,1.7527,-0.0882,0.00789
"ENSG00000227811","RP4-773A18.4","LI_ilr",12,12,1,203,222.5,1.3401,0.3615,0.0109
"ENSG00000105287","PRKD2","LI_ilr",30,30,1,126,223,1.7586,0.1649,0.0117
"ENSG00000102409","BEX4","LI_ilr",26,26,1,185,224,1.7199,-0.155,0.014
"ENSG00000147475","ERLIN2","LI_ilr",29,29,1,141,224,1.7356,-0.0851,0.0116
"ENSG00000162929","KIAA1841","LI_ilr",25,25,1,194,226,1.6527,0.161,0.0128
"ENSG00000125810","CD93","LI_ilr",31,31,1,62,228,1.7984,-0.2274,0.00412
"ENSG00000223725","AC007879.5","LI_ilr",14,14,1,185,229,1.3922,0.3294,0.00901
"ENSG00000156502","SUPV3L1","LI_ilr",27,27,1,150,232,1.7707,-0.1023,0.0093
"ENSG00000132825","PPP1R3D","LI_ilr",30,30,1,144,234.5,1.9074,-0.1,0.0139
"ENSG00000176595","KBTBD11","LI_ilr",29,29,1,131,235,1.8299,-0.1634,0.0145
"ENSG00000226200","RP11-50E11.3","LI_ilr",28,28,1,172,235,1.8536,-0.1497,0.0141
"ENSG00000125744","RTN2","LI_ilr",19,19,1,184,236,1.6,0.2751,0.01
"ENSG00000132326","PER2","LI_ilr",22,22,1,219,237,1.676,0.1954,0.0157
"ENSG00000136710","CCDC115","LI_ilr",30,30,1,138,238.5,1.9047,-0.1097,0.0139
"ENSG00000185156","MFSD6L","LI_ilr",10,10,1,226,238.5,1.3236,0.3973,0.0146
"ENSG00000236609","ZNF853","LI_ilr",18,18,1,178,239.5,1.6132,-0.2085,0.00886
"ENSG00000233406","RP11-296A18.5","LI_ilr",1,1,1,240,240,0.9965,-0.5932,0.0243
"ENSG00000245937","CTC-228N24.3","LI_ilr",28,28,1,175,240,1.8864,-0.1145,0.0144
"ENSG00000165914","TTC7B","LI_ilr",19,19,1,223,241,1.6871,0.3008,0.0151
"ENSG00000226581","RP11-340I6.8","LI_ilr",3,3,1,230,241,1.1086,-0.5768,0.019
"ENSG00000232373","MTCYBP3","LI_ilr",5,5,1,235,242,1.2114,0.5268,0.0173
"ENSG00000154928","EPHB1","LI_ilr",30,30,1,135,243,1.8956,0.2038,0.0173
"ENSG00000134489","HRH4","LI_ilr",23,23,1,221,244,1.7234,0.408,0.0173
"ENSG00000268758","EMR4P","LI_ilr",26,26,1,209,245.5,1.8426,0.3698,0.0198
"ENSG00000268032","CTB-52I2.4","LI_ilr",20,20,1,227,246,1.6915,0.1982,0.0166
"ENSG00000205221","VIT","LI_ilr",3,3,1,240,247,1.1492,-0.6775,0.0204
"ENSG00000207001","SNORD116-2","LI_ilr",1,1,1,247,247,1.0256,0.6181,0.025
"ENSG00000095397","DFNB31","LI_ilr",14,14,1,220,247.5,1.5543,0.4143,0.0173
"ENSG00000228340","RP5-1043L13.1","LI_ilr",24,24,1,187,248,1.867,-0.2286,0.0157
"ENSG00000105352","CEACAM4","LI_ilr",30,30,1,153,251,1.9942,-0.1896,0.019
"ENSG00000266604","RP11-856M7.6","LI_ilr",1,1,1,253,253,1.0505,-0.6189,0.0259
"ENSG00000248727","CTC-236F12.4","LI_ilr",16,16,1,222,254,1.6614,0.309,0.0153
"ENSG00000213279","RP1-29C18.9","LI_ilr",5,5,1,240,255,1.2872,0.6509,0.0176
"ENSG00000177990","DPY19L2","LI_ilr",10,10,1,234,256.5,1.451,-0.4139,0.019
"ENSG00000252157","RNU6-479P","LI_ilr",3,3,1,252,259,1.2419,0.6224,0.0233
"ENSG00000258831","RP11-76E17.4","LI_ilr",9,9,1,248,259,1.3946,-0.4916,0.019
"ENSG00000007516","BAIAP3","LI_ilr",22,22,1,204,260.5,1.8858,0.3608,0.0185
"ENSG00000156869","FRRS1","LI_ilr",22,22,1,231,262.5,1.8738,0.2723,0.0234
"ENSG00000250722","SEPP1","LI_ilr",7,7,1,242,263,1.4159,-0.5761,0.0209
"ENSG00000189060","H1F0","LI_ilr",27,27,1,216,264,1.9693,-0.3434,0.0244
"ENSG00000007129","CEACAM21","LI_ilr",28,28,1,180,266.5,2.0868,-0.1366,0.0206
"ENSG00000133169","BEX1","LI_ilr",3,3,1,265,269,1.2689,-0.685,0.0233
"ENSG00000253193","FCGR1C","LI_ilr",7,7,1,265,275,1.4269,0.6847,0.0244
"ENSG00000236312","RPL34P34","LI_ilr",3,3,1,271,277,1.2994,0.7183,0.0247
"ENSG00000261286","RP11-517C16.2","LI_ilr",8,8,1,267,282.5,1.5284,0.3262,0.0251
"ENSG00000236493","EIF2S2P3","LI_ilr",10,10,1,270,285.5,1.5931,-0.3003,0.0238
"ENSG00000141179","PCTP","LI_ilr",30,30,1,169,288,2.3079,-0.1452,0.0241
"ENSG00000235847","LDHAP7","LI_ilr",5,5,1,264,288,1.3138,-0.452,0.0233
"ENSG00000264878","Z85986.1","LI_ilr",15,15,1,266,288,1.8463,0.2894,0.0277
"ENSG00000256826","AC138744.2","LI_ilr",3,3,1,276,292,1.4001,0.6247,0.0317
"ENSG00000239250","RN7SL271P","LI_ilr",1,1,1,297,297,1.2332,0.6778,0.0421
"ENSG00000178015","GPR150","LI_ilr",5,5,1,289,301,1.4433,-0.4392,0.0315
"ENSG00000121933","ADORA3","LI_ilr",21,21,1,281,303,2.1329,0.3345,0.0322
"ENSG00000168004","HRASLS5","LI_ilr",7,7,1,296,304,1.5876,0.4999,0.0343
"ENSG00000237990","CNTN4-AS1","LI_ilr",3,3,1,287,305,1.4625,0.6342,0.037
"ENSG00000253838","RP11-44K6.2","LI_ilr",3,3,1,308,310,1.4769,0.6485,0.0373
"ENSG00000133116","KL","LI_ilr",10,10,1,290,311.5,1.743,-0.3477,0.03
"ENSG00000118997","DNAH7","LI_ilr",14,14,1,319,328.5,2.1155,0.3914,0.036
"ENSG00000171988","JMJD1C","LI_ilr",31,30,0.968,39,196,1.5348,0.1262,0.00029
"ENSG00000145819","ARHGAP26","LI_ilr",31,30,0.968,69,229,1.848,0.128,0.00578
"ENSG00000198146","ZNF770","LI_ilr",31,30,0.968,49,240,1.893,-0.0949,0.00174
"ENSG00000163636","PSMD6","LI_ilr",30,29,0.967,108,197,1.5661,-0.0728,0.00407
"ENSG00000152242","C18orf25","LI_ilr",30,29,0.967,140,221.5,1.761,0.0849,0.00905
"ENSG00000140374","ETFA","LI_ilr",30,29,0.967,175,242.5,1.9331,0.0966,0.0141
"ENSG00000174738","NR1D2","LI_ilr",30,29,0.967,119,244.5,1.915,-0.1001,0.00648
"ENSG00000116017","ARID3A","LI_ilr",30,29,0.967,142,248,1.9674,0.1378,0.0191
"ENSG00000168675","LDLRAD4","LI_ilr",30,29,0.967,146,252,2.0337,-0.1018,0.0156
"ENSG00000057704","TMCC3","LI_ilr",30,29,0.967,99,254,1.9805,-0.138,0.00425
"ENSG00000142327","RNPEPL1","LI_ilr",30,29,0.967,163,274,2.1862,0.1498,0.0232
"ENSG00000106952","TNFSF8","LI_ilr",30,29,0.967,202,279,2.2347,-0.1165,0.0197
"ENSG00000038532","CLEC16A","LI_ilr",30,29,0.967,161,279.5,2.2092,0.1692,0.027
"ENSG00000131795","RBM8A","LI_ilr",29,28,0.966,91,220,1.6737,-0.0965,0.00261
"ENSG00000159596","TMEM69","LI_ilr",26,25,0.962,161,255.5,1.9335,-0.098,0.0123
"ENSG00000007255","TRAPPC6A","LI_ilr",26,25,0.962,191,291.5,2.1951,-0.1468,0.0249
"ENSG00000255031","RP11-802E16.3","LI_ilr",25,24,0.96,172,248,1.8516,0.1586,0.0159
"ENSG00000165046","LETM2","LI_ilr",24,23,0.958,170,262,1.9213,0.2026,0.012
"ENSG00000160877","NACC1","LI_ilr",24,23,0.958,247,270,1.9596,0.1862,0.0246
"ENSG00000076201","PTPN23","LI_ilr",23,22,0.957,264,285,2.0387,0.1956,0.0284
"ENSG00000261471","RP11-61F12.1","LI_ilr",19,18,0.947,262,292,2.0534,0.248,0.0284
"ENSG00000100030","MAPK1","LI_ilr",31,29,0.935,35,201,1.5783,0.0886,0.000208
"ENSG00000083223","ZCCHC6","LI_ilr",31,29,0.935,44,215,1.7201,0.1063,0.000984
"ENSG00000139436","GIT2","LI_ilr",31,29,0.935,80,215,1.7384,0.0829,0.00449
"ENSG00000116679","IVNS1ABP","LI_ilr",31,29,0.935,58,273,2.1951,-0.1123,0.00382
"ENSG00000197324","LRP10","LI_ilr",31,29,0.935,86,275,2.2156,0.1648,0.0184
"ENSG00000109452","INPP4B","LI_ilr",31,29,0.935,78,289,2.3286,-0.1263,0.0116
"ENSG00000166986","MARS","LI_ilr",30,28,0.933,92,215.5,1.6976,0.0988,0.00378
"ENSG00000124496","TRERF1","LI_ilr",30,28,0.933,143,264.5,2.0899,0.1498,0.0195
"ENSG00000132694","ARHGEF11","LI_ilr",30,28,0.933,138,265.5,2.1056,0.1407,0.0176
"ENSG00000134815","DHX34","LI_ilr",30,28,0.933,165,266.5,2.1581,0.1318,0.0242
"ENSG00000125384","PTGER2","LI_ilr",30,28,0.933,148,279.5,2.2385,-0.1156,0.0164
"ENSG00000134333","LDHA","LI_ilr",30,28,0.933,135,279.5,2.2155,-0.1327,0.0116
"ENSG00000035664","DAPK2","LI_ilr",30,28,0.933,168,285,2.2736,0.1505,0.0284
"ENSG00000198363","ASPH","LI_ilr",30,28,0.933,153,315.5,2.5139,-0.1784,0.019
"ENSG00000138758","SEPT11","LI_ilr",29,27,0.931,154,245,1.8971,0.1334,0.0121
"ENSG00000146826","C7orf43","LI_ilr",29,27,0.931,210,278,2.2182,0.1401,0.0276
"ENSG00000261716","RP11-196G18.22","LI_ilr",29,27,0.931,160,302,2.4136,-0.1296,0.022
"ENSG00000259687","RP11-293M10.5","LI_ilr",14,13,0.929,267,309,1.9628,0.2886,0.0288
"ENSG00000156162","DPY19L4","LI_ilr",28,26,0.929,210,323,2.5718,-0.126,0.0294
"ENSG00000136940","PDCL","LI_ilr",27,25,0.926,156,273,2.0784,-0.0961,0.0118
"ENSG00000137171","KLC4","LI_ilr",26,24,0.923,258,306.5,2.3354,-0.1288,0.0282
"ENSG00000136383","ALPK3","LI_ilr",12,11,0.917,265,302.5,1.7604,0.3394,0.0287
"ENSG00000166483","WEE1","LI_ilr",23,21,0.913,256,296,2.1507,0.1853,0.0283
"ENSG00000165879","FRAT1","LI_ilr",31,28,0.903,144,273,2.2381,0.1281,0.026
"ENSG00000152270","PDE3B","LI_ilr",31,28,0.903,64,294,2.3476,-0.1138,0.00434
"ENSG00000165650","PDZD8","LI_ilr",31,28,0.903,75,306,2.4833,-0.1384,0.0108
"ENSG00000107341","UBE2R2","LI_ilr",30,27,0.9,155,264,2.1259,0.0993,0.0219
"ENSG00000186105","LRRC70","LI_ilr",10,9,0.9,281,313,1.7129,0.3611,0.03
"ENSG00000073737","DHRS9","LI_ilr",29,26,0.897,156,301,2.3043,0.2544,0.0252
"ENSG00000138463","DIRC2","LI_ilr",29,26,0.897,159,324,2.5872,-0.1256,0.0218
"ENSG00000108309","RUNDC3A","LI_ilr",28,25,0.893,196,311.5,2.367,0.4076,0.0279
"ENSG00000136828","RALGPS1","LI_ilr",26,23,0.885,211,287.5,2.2258,0.154,0.0259
"ENSG00000162881","OXER1","LI_ilr",17,15,0.882,249,309,1.9996,0.2939,0.0291
"ENSG00000215086","NPM1P24","LI_ilr",17,15,0.882,278,335,2.2388,-0.2461,0.0278
"ENSG00000116815","CD58","LI_ilr",30,26,0.867,196,299,2.4285,0.1282,0.0277
"ENSG00000249096","RP11-290F5.1","LI_ilr",22,19,0.864,271,298,2.0675,0.2118,0.0303
"ENSG00000212304","SNORD12","LI_ilr",22,19,0.864,197,310,2.1927,0.1786,0.0181
"ENSG00000107745","MICU1","LI_ilr",29,25,0.862,164,263,2.0486,0.0902,0.0128
"ENSG00000179833","SERTAD2","LI_ilr",29,25,0.862,192,290,2.2882,0.1433,0.0276
"ENSG00000129347","KRI1","LI_ilr",28,24,0.857,186,296.5,2.2442,-0.122,0.0246
"ENSG00000226266","AC009961.3","LI_ilr",21,18,0.857,267,316,2.272,0.1681,0.0297
"ENSG00000197635","DPP4","LI_ilr",28,24,0.857,181,321.5,2.4905,-0.1524,0.0268
"ENSG00000128311","TST","LI_ilr",28,24,0.857,203,324.5,2.5109,-0.1536,0.0297
"ENSG00000065809","FAM107B","LI_ilr",31,26,0.839,98,259,2.0748,0.0983,0.0149
"ENSG00000196850","PPTC7","LI_ilr",30,25,0.833,121,251.5,1.9719,0.0918,0.00981
"ENSG00000065665","SEC61A2","LI_ilr",24,20,0.833,203,295.5,2.1511,0.1542,0.0218
"ENSG00000035687","ADSS","LI_ilr",30,25,0.833,117,296.5,2.3278,-0.0959,0.00646
"ENSG00000145491","ROPN1L","LI_ilr",26,21,0.808,159,317,2.3334,0.1725,0.0117
"ENSG00000133703","KRAS","LI_ilr",30,24,0.8,127,256.5,2.0321,0.0959,0.0117
"ENSG00000172765","TMCC1","LI_ilr",30,24,0.8,147,294,2.3212,0.1182,0.0203
"ENSG00000144635","DYNC1LI1","LI_ilr",30,24,0.8,133,301,2.3316,0.1297,0.0172
"ENSG00000168781","PPIP5K1","LI_ilr",19,15,0.789,248,323,2.1831,-0.1876,0.0287
"ENSG00000186204","CYP4F12","LI_ilr",19,15,0.789,310,330,2.2714,0.2833,0.0366
"ENSG00000185022","MAFF","LI_ilr",19,15,0.789,299,333,2.2653,-0.2325,0.0342
"ENSG00000161638","ITGA5","LI_ilr",31,24,0.774,92,285,2.3002,0.1271,0.0146
"ENSG00000165832","TRUB1","LI_ilr",26,20,0.769,219,337,2.5909,-0.1021,0.0301
"ENSG00000004455","AK2","LI_ilr",30,23,0.767,151,274.5,2.3623,-0.0615,0.0176
"ENSG00000135272","MDFIC","LI_ilr",30,23,0.767,154,313.5,2.5684,-0.0996,0.0214
"ENSG00000168916","ZNF608","LI_ilr",17,13,0.765,314,350,2.2173,-0.2984,0.0372
"ENSG00000182504","CEP97","LI_ilr",29,22,0.759,196,316,2.4787,0.1299,0.0241
"ENSG00000146232","NFKBIE","LI_ilr",28,21,0.75,185,307.5,2.3766,0.1216,0.0201
"ENSG00000125347","IRF1","LI_ilr",31,23,0.742,87,295,2.3269,0.1164,0.0163
"ENSG00000137409","MTCH1","LI_ilr",31,23,0.742,213,295,2.4051,0.0824,0.0233
"ENSG00000118260","CREB1","LI_ilr",31,23,0.742,59,300,2.3495,0.0949,0.00386
"ENSG00000113161","HMGCR","LI_ilr",31,23,0.742,68,315,2.4483,0.1289,0.00578
"ENSG00000093000","NUP50","LI_ilr",31,23,0.742,74,317,2.5135,0.094,0.0104
"ENSG00000100393","EP300","LI_ilr",31,23,0.742,102,321,2.5841,0.1356,0.027
"ENSG00000142512","SIGLEC10","LI_ilr",31,23,0.742,71,323,2.5566,0.2266,0.00811
"ENSG00000136925","TSTD2","LI_ilr",27,20,0.741,186,309,2.4256,-0.0789,0.0228
"ENSG00000163026","C2orf44","LI_ilr",27,20,0.741,221,325,2.507,-0.0996,0.0315
"ENSG00000105656","ELL","LI_ilr",29,21,0.724,202,318,2.5074,0.1384,0.0336
"ENSG00000125740","FOSB","LI_ilr",7,5,0.714,298,331,1.7753,0.487,0.0372
"ENSG00000124942","AHNAK","LI_ilr",31,22,0.71,94,323,2.5638,0.1273,0.0225
"ENSG00000110619","CARS","LI_ilr",30,21,0.7,160,315,2.5212,0.0711,0.0253
"ENSG00000185033","SEMA4B","LI_ilr",29,20,0.69,256,322,2.5555,0.1599,0.0393
"ENSG00000101940","WDR13","LI_ilr",30,20,0.667,178,332.5,2.6902,0.1079,0.0317
"ENSG00000125962","ARMCX5","LI_ilr",24,16,0.667,297,340,2.4437,-0.1304,0.0336
"ENSG00000136997","MYC","LI_ilr",28,18,0.643,236,337,2.5842,-0.1514,0.0372
"ENSG00000086712","TXLNG","LI_ilr",28,18,0.643,165,338,2.6029,-0.0966,0.0219
"ENSG00000246705","H2AFJ","LI_ilr",28,18,0.643,222,347,2.7316,-0.1475,0.0367
"ENSG00000103653","CSK","LI_ilr",30,19,0.633,182,339.5,2.7359,0.1424,0.037
"ENSG00000251002","AE000661.37","LI_ilr",18,11,0.611,325,355.5,2.4327,0.2522,0.0361
"ENSG00000112763","BTN2A1","LI_ilr",30,18,0.6,189,343.5,2.7005,0.1266,0.037
"ENSG00000226904","RP11-561O23.8","LI_ilr",10,6,0.6,315,348,2.0636,-0.3654,0.0367
"ENSG00000169679","BUB1","LI_ilr",20,12,0.6,335,354,2.4776,0.2994,0.0424
"ENSG00000198339","HIST1H4I","LI_ilr",25,15,0.6,252,358,2.6601,0.1956,0.0393
"ENSG00000134755","DSC2","LI_ilr",30,17,0.567,170,353.5,2.7485,0.276,0.0304
"ENSG00000110042","DTX4","LI_ilr",25,14,0.56,313,350,2.595,-0.1971,0.0389
"ENSG00000180712","RP11-290F5.2","LI_ilr",9,5,0.556,314,342,1.7237,0.3144,0.0359
"ENSG00000005339","CREBBP","LI_ilr",31,17,0.548,105,344,2.7909,0.1477,0.0342
"ENSG00000166716","ZNF592","LI_ilr",30,16,0.533,184,338.5,2.7592,0.1265,0.0371
"ENSG00000116954","RRAGC","LI_ilr",29,15,0.517,167,355,2.7077,0.0915,0.0214
"ENSG00000230837","RPL31P2","LI_ilr",2,1,0.5,319,330,1.4728,0.7495,0.0414
"ENSG00000178146","RP1-232L22__B.1","LI_ilr",28,14,0.5,195,362,2.7482,-0.1477,0.029
"ENSG00000187091","PLCD1","LI_ilr",27,13,0.481,278,341,2.5301,-0.1371,0.0334
"ENSG00000115310","RTN4","LI_ilr",31,14,0.452,134,342,2.7675,0.0908,0.0309
"ENSG00000120318","ARAP3","LI_ilr",26,11,0.423,281,352,2.6361,0.2291,0.0455
"ENSG00000150593","PDCD4","LI_ilr",31,13,0.419,55,354,2.8484,-0.0853,0.00364
"ENSG00000008277","ADAM22","LI_ilr",24,10,0.417,326,366,2.6897,-0.1571,0.0403
"ENSG00000072134","EPN2","LI_ilr",22,9,0.409,325,363,2.6142,0.2155,0.0455
"ENSG00000102057","KCND1","LI_ilr",5,2,0.4,317,338,1.731,0.493,0.0372
"ENSG00000259418","RP11-109D20.1","LI_ilr",10,4,0.4,342,365.5,2.0196,0.3712,0.0387
"ENSG00000163050","ADCK3","LI_ilr",30,11,0.367,149,366.5,2.849,-0.1764,0.0212
"ENSG00000196684","HSH2D","LI_ilr",30,10,0.333,215,354,2.8556,0.1313,0.0381
"ENSG00000155099","TMEM55A","LI_ilr",30,10,0.333,204,366.5,2.9203,0.0995,0.0353
"ENSG00000176407","KCMF1","LI_ilr",30,10,0.333,263,375.5,2.9894,0.0578,0.0352
"ENSG00000228903","RASA4CP","LI_ilr",15,5,0.333,332,376,2.4241,-0.2278,0.0443
"ENSG00000149091","DGKZ","LI_ilr",29,9,0.31,277,361,2.7894,0.1624,0.0456
"ENSG00000114742","WDR48","LI_ilr",30,9,0.3,118,387.5,3.0962,-0.0712,0.00646
"ENSG00000140450","ARRDC4","LI_ilr",27,8,0.296,272,361,2.7338,0.2746,0.0454
"ENSG00000261884","CTC-479C5.12","LI_ilr",24,7,0.292,262,374.5,2.8029,0.1619,0.0396
"ENSG00000166900","STX3","LI_ilr",31,9,0.29,192,360,2.9737,0.0896,0.0404
"ENSG00000217128","FNIP1","LI_ilr",31,9,0.29,82,420,3.3066,0.1055,0.0151
"ENSG00000101544","ADNP2","LI_ilr",28,8,0.286,188,357.5,2.8347,-0.0816,0.0279
"ENSG00000125386","FAM193A","LI_ilr",28,8,0.286,273,362.5,2.8489,0.1399,0.0458
"ENSG00000205047","FLJ00104","LI_ilr",7,2,0.286,344,392,2.1024,0.3797,0.0458
"ENSG00000119729","RHOQ","LI_ilr",30,8,0.267,210,378.5,2.9806,0.1077,0.0402
"ENSG00000254783","RP11-320L11.2","LI_ilr",15,4,0.267,344,405,2.5961,0.2039,0.0461
"ENSG00000180304","OAZ2","LI_ilr",31,8,0.258,175,375,3.0841,0.0985,0.0415
"ENSG00000180089","TMEM86B","LI_ilr",24,6,0.25,281,365,2.674,0.2588,0.047
"ENSG00000258922","CTD-2313J17.1","LI_ilr",12,3,0.25,282,502.5,2.7914,0.2578,0.0305
"ENSG00000181778","TMEM252","LI_ilr",19,4,0.211,308,407,2.7519,0.2702,0.0415
"ENSG00000101665","SMAD7","LI_ilr",24,5,0.208,242,397.5,2.8917,0.1558,0.0314
"ENSG00000184575","XPOT","LI_ilr",29,6,0.207,139,396,2.9431,-0.0839,0.0141
"ENSG00000014257","ACPP","LI_ilr",30,6,0.2,195,372.5,2.8714,-0.1714,0.0414
"ENSG00000244041","LINC01011","LI_ilr",20,4,0.2,346,385.5,2.7884,0.1792,0.041
"ENSG00000197405","C5AR1","LI_ilr",30,6,0.2,192,395,3.1377,0.1443,0.0414
"ENSG00000177548","RABEP2","LI_ilr",28,5,0.179,225,413,3.1412,0.1216,0.034
"ENSG00000188603","CLN3","LI_ilr",23,4,0.174,222,437,3.0444,0.1339,0.0257
"ENSG00000124406","ATP8A1","LI_ilr",31,5,0.161,85,418,3.3346,-0.088,0.0167
"ENSG00000223380","SEC22B","LI_ilr",31,5,0.161,97,437,3.5061,-0.0749,0.0303
"ENSG00000125885","MCM8","LI_ilr",26,4,0.154,265,382,2.9001,0.1202,0.0426
"ENSG00000236021","RP11-195C7.1","LI_ilr",13,2,0.154,358,394,2.4175,0.2632,0.0481
"ENSG00000163406","SLC15A2","LI_ilr",27,4,0.148,253,409,3.0738,0.1562,0.0424
"ENSG00000266256","LINC00683","LI_ilr",7,1,0.143,362,382,2.0488,-0.5438,0.0487
"ENSG00000141012","GALNS","LI_ilr",28,4,0.143,244,386.5,3.0015,0.1777,0.0403
"ENSG00000205155","PSENEN","LI_ilr",28,4,0.143,219,463.5,3.4649,0.1172,0.0308
"ENSG00000206848","RNU6-890P","LI_ilr",7,1,0.143,337,477,2.4499,0.3352,0.0438
"ENSG00000213523","SRA1","LI_ilr",29,4,0.138,248,372,2.964,-0.1018,0.0392
"ENSG00000087338","GMCL1","LI_ilr",30,4,0.133,174,390,3.1357,-0.1017,0.0283
"ENSG00000073756","PTGS2","LI_ilr",30,4,0.133,145,392,3.0806,-0.1791,0.0201
"ENSG00000241839","PLEKHO2","LI_ilr",30,4,0.133,180,405.5,3.2236,0.1215,0.0373
"ENSG00000111731","C2CD5","LI_ilr",30,4,0.133,140,427.5,3.3062,-0.0753,0.0141
"ENSG00000051382","PIK3CB","LI_ilr",30,4,0.133,188,441.5,3.431,0.0994,0.0395
"ENSG00000175155","YPEL2","LI_ilr",30,4,0.133,166,450,3.5906,-0.0724,0.0248
"ENSG00000069345","DNAJA2","LI_ilr",30,4,0.133,170,467,3.6863,-0.0854,0.0258
"ENSG00000164985","PSIP1","LI_ilr",31,4,0.129,100,443,3.5388,-0.0832,0.0338
"ENSG00000153207","AHCTF1","LI_ilr",31,4,0.129,56,586,4.5512,-0.0962,0.00364
"ENSG00000171940","ZNF217","LI_ilr",31,4,0.129,60,604,4.6172,-0.0637,0.00391
"ENSG00000169231","THBS3","LI_ilr",27,3,0.111,261,394,3.0563,0.133,0.0431
"ENSG00000122515","ZMIZ2","LI_ilr",27,3,0.111,274,399,3.0152,0.2038,0.0456
"ENSG00000160190","SLC37A1","LI_ilr",28,3,0.107,266,403.5,3.1338,0.1206,0.044
"ENSG00000272993","RP11-196G18.24","LI_ilr",20,2,0.1,348,396.5,2.7813,-0.1652,0.0475
"ENSG00000135077","HAVCR2","LI_ilr",30,3,0.1,186,433.5,3.3648,-0.1104,0.0341
"ENSG00000185009","AP3M1","LI_ilr",30,3,0.1,210,478.5,3.8354,-0.0776,0.0437
"ENSG00000065183","WDR3","LI_ilr",30,3,0.1,167,507.5,3.8096,-0.1164,0.0287
"ENSG00000118900","UBN1","LI_ilr",31,3,0.097,128,416,3.3696,0.132,0.0412
"ENSG00000166946","CCNDBP1","LI_ilr",31,3,0.097,89,435,3.5652,-0.0952,0.0229
"ENSG00000186407","CD300E","LI_ilr",31,3,0.097,107,450,3.6068,-0.1583,0.0379
"ENSG00000065882","TBC1D1","LI_ilr",31,3,0.097,110,505,4.0148,0.0819,0.0304
"ENSG00000166439","RNF169","LI_ilr",31,3,0.097,152,516,4.283,0.0614,0.0414
"ENSG00000164463","CREBRF","LI_ilr",31,3,0.097,70,643,5.0008,-0.0896,0.007
"ENSG00000134900","TPP2","LI_ilr",31,3,0.097,76,680,5.2714,-0.0701,0.0108
"ENSG00000183134","PTGDR2","LI_ilr",26,2,0.077,282,386,2.8808,0.3443,0.0494
"ENSG00000106346","USP42","LI_ilr",26,2,0.077,264,457,3.3848,0.1031,0.0436
"ENSG00000136305","CIDEB","LI_ilr",28,2,0.071,231,424,3.272,-0.1039,0.0401
"ENSG00000016864","GLT8D1","LI_ilr",28,2,0.071,229,501,3.7718,-0.0766,0.0383
"ENSG00000145685","LHFPL2","LI_ilr",29,2,0.069,183,487,3.683,0.1641,0.0373
"ENSG00000170956","CEACAM3","LI_ilr",30,2,0.067,237,370.5,2.9496,0.1505,0.0492
"ENSG00000171777","RASGRP4","LI_ilr",30,2,0.067,201,398.5,3.1638,0.1628,0.0443
"ENSG00000101307","SIRPB1","LI_ilr",30,2,0.067,200,414.5,3.2946,0.1544,0.0442
"ENSG00000154781","CCDC174","LI_ilr",30,2,0.067,215,452,3.5448,-0.064,0.0461
"ENSG00000226121","AHCTF1P1","LI_ilr",30,2,0.067,205,667.5,5.1478,-0.1114,0.0426
"ENSG00000168461","RAB31","LI_ilr",31,2,0.065,122,454,3.678,0.1011,0.0453
"ENSG00000163349","HIPK1","LI_ilr",31,2,0.065,103,542,4.2044,0.1115,0.0378
"ENSG00000071127","WDR1","LI_ilr",31,2,0.065,119,585,4.6237,0.0842,0.0373
"ENSG00000123684","LPGAT1","LI_ilr",31,2,0.065,99,610,4.8283,0.0795,0.0329
"ENSG00000068366","ACSL4","LI_ilr",31,2,0.065,96,631,4.9492,-0.1204,0.0297
"ENSG00000138767","CNOT6L","LI_ilr",31,2,0.065,81,646,5.0954,-0.0722,0.0151
"ENSG00000170006","TMEM154","LI_ilr",31,2,0.065,126,729,5.8138,0.0698,0.0491
"ENSG00000163539","CLASP2","LI_ilr",31,2,0.065,93,783,6.184,-0.0586,0.0276
"ENSG00000166025","AMOTL1","LI_ilr",17,1,0.059,354,412,2.8646,-0.2468,0.0477
"ENSG00000185010","F8","LI_ilr",19,1,0.053,357,401,2.7889,-0.2045,0.0486
"ENSG00000237788","RP5-1041C10.3","LI_ilr",21,1,0.048,322,396,2.796,0.1863,0.0454
"ENSG00000148291","SURF2","LI_ilr",23,1,0.043,370,465,3.3083,-0.1172,0.0487
"ENSG00000171960","PPIH","LI_ilr",24,1,0.042,361,449,3.2123,-0.094,0.0487
"ENSG00000124374","PAIP2B","LI_ilr",26,1,0.038,282,384.5,2.9489,-0.1351,0.05
"ENSG00000163481","RNF25","LI_ilr",26,1,0.038,241,409,3.0953,-0.1047,0.0353
"ENSG00000177426","TGIF1","LI_ilr",27,1,0.037,338,409,3.0426,-0.0975,0.0442
"ENSG00000136518","ACTL6A","LI_ilr",27,1,0.037,251,419,3.129,-0.1011,0.0407
"ENSG00000113108","APBB3","LI_ilr",28,1,0.036,257,375.5,2.9592,-0.1329,0.0453
"ENSG00000070718","AP3M2","LI_ilr",28,1,0.036,297,394.5,3.0466,-0.1043,0.0486
"ENSG00000081913","PHLPP1","LI_ilr",28,1,0.036,261,394.5,3.0236,-0.1256,0.0489
"ENSG00000152409","JMY","LI_ilr",28,1,0.036,253,413.5,3.2775,-0.0819,0.0495
"ENSG00000138600","SPPL2A","LI_ilr",29,1,0.034,283,494,3.7892,0.0806,0.0495
"ENSG00000112245","PTP4A1","LI_ilr",29,1,0.034,216,539,4.262,-0.1109,0.0469
"ENSG00000108175","ZMIZ1","LI_ilr",30,1,0.033,207,403,3.2031,0.1686,0.0453
"ENSG00000196922","ZNF252P","LI_ilr",30,1,0.033,258,429.5,3.4848,-0.1053,0.05
"ENSG00000187605","TET3","LI_ilr",30,1,0.033,194,463,3.6566,0.1171,0.0414
"ENSG00000040341","STAU2","LI_ilr",30,1,0.033,225,465.5,3.7001,-0.0794,0.0479
"ENSG00000089159","PXN","LI_ilr",30,1,0.033,220,471,3.7342,0.158,0.049
"ENSG00000189319","FAM53B","LI_ilr",30,1,0.033,218,474.5,3.7824,0.1223,0.0482
"ENSG00000111554","MDM1","LI_ilr",30,1,0.033,224,485,3.8022,0.1119,0.0496
"ENSG00000107643","MAPK8","LI_ilr",30,1,0.033,220,549.5,4.3356,-0.0771,0.0479
"ENSG00000111880","RNGTT","LI_ilr",30,1,0.033,222,568,4.4674,0.0977,0.0496
"ENSG00000167699","GLOD4","LI_ilr",30,1,0.033,208,582.5,4.6032,-0.0951,0.0453
"ENSG00000171488","LRRC8C","LI_ilr",30,1,0.033,197,632.5,5.0082,-0.0708,0.0366
"ENSG00000136161","RCBTB2","LI_ilr",30,1,0.033,214,637.5,5.0179,-0.0863,0.0467
"ENSG00000109458","GAB1","LI_ilr",30,1,0.033,219,665,5.1122,-0.0937,0.0476
"ENSG00000133657","ATP13A3","LI_ilr",30,1,0.033,203,727.5,5.5865,-0.0847,0.0419
"ENSG00000138378","STAT4","LI_ilr",30,1,0.033,221,754.5,5.9082,-0.0749,0.0479
"ENSG00000118263","KLF7","LI_ilr",31,1,0.032,116,508,4.0077,0.0942,0.0468
"ENSG00000100906","NFKBIA","LI_ilr",31,1,0.032,154,526,4.2125,0.106,0.0484
"ENSG00000124788","ATXN1","LI_ilr",31,1,0.032,148,549,4.3661,0.0994,0.0496
"ENSG00000121807","CCR2","LI_ilr",31,1,0.032,104,572,4.5072,-0.1411,0.0379
"ENSG00000112062","MAPK14","LI_ilr",31,1,0.032,109,584,4.6575,-0.091,0.0394
"ENSG00000188042","ARL4C","LI_ilr",31,1,0.032,125,585,4.5844,-0.0797,0.0491
"ENSG00000059728","MXD1","LI_ilr",31,1,0.032,133,590,4.6611,0.0763,0.0442
"ENSG00000153317","ASAP1","LI_ilr",31,1,0.032,121,604,4.7023,0.1386,0.0479
"ENSG00000058668","ATP2B4","LI_ilr",31,1,0.032,114,614,4.8189,0.12,0.0445
"ENSG00000065613","SLK","LI_ilr",31,1,0.032,118,623,4.8474,0.1198,0.0473
"ENSG00000155926","SLA","LI_ilr",31,1,0.032,129,696,5.5891,-0.0841,0.0493
"ENSG00000131504","DIAPH1","LI_ilr",31,1,0.032,111,718,5.7302,0.1222,0.0428
"ENSG00000108100","CCNY","LI_ilr",31,1,0.032,112,741,5.9695,-0.0652,0.0442
"ENSG00000196189","SEMA4A","LI_ilr",31,1,0.032,117,744,5.9281,0.1331,0.0473
"ENSG00000100644","HIF1A","LI_ilr",31,1,0.032,101,769,6.0864,-0.1109,0.0338
"ENSG00000197629","MPEG1","LI_ilr",31,1,0.032,108,783,6.1761,-0.1105,0.0394
"ENSG00000163714","U2SURP","LI_ilr",31,1,0.032,127,882,7.01,-0.0725,0.0491
"ENSG00000118482","PHF3","LI_ilr",31,1,0.032,90,960,7.4489,-0.0721,0.0234
"ENSG00000118217","ATF6","LI_ilr",31,1,0.032,123,1002,7.6975,-0.0687,0.0488
"ENSG00000144357","UBR3","LI_ilr",31,1,0.032,95,1029,8.1582,-0.0621,0.0296
"ENSG00000111596","CNOT2","LI_ilr",31,1,0.032,88,1067,8.4701,-0.0542,0.0229
"ENSG00000237984","PTENP1","LI_ilr",31,1,0.032,115,1102,8.7317,-0.0887,0.0468
"ENSG00000105851","PIK3CG","LI_ilr",31,1,0.032,84,1118,8.4654,-0.0604,0.0167
"ENSG00000110367","DDX6","LI_ilr",31,1,0.032,72,1125,8.542,-0.0569,0.0102
"ENSG00000116977","LGALS8","LI_ilr",31,1,0.032,113,1140,9.0695,-0.054,0.0442
"ENSG00000166848","TERF2IP","LI_ilr",31,1,0.032,124,1207,9.3548,-0.0674,0.0488
"ENSG00000132824","SERINC3","LI_ilr",31,1,0.032,91,1227,9.4525,-0.0696,0.0256
"ENSG00000145675","PIK3R1","LI_ilr",31,1,0.032,120,1294,10.2709,-0.0636,0.0479
"ENSG00000203872","C6orf163","BPD_raw",24,17,0.708,1,1,0.0072,0.2717,0.0237
"ENSG00000234663","AC104820.2","BPD_raw",24,17,0.708,2,3,0.0204,0.288,0.0237
"ENSG00000111850","SMIM8","BPD_raw",25,17,0.68,1,2,0.0181,0.2022,0.0237
"ENSG00000071127","WDR1","BPD_raw",31,18,0.581,1,4,0.0357,-0.189,0.027
"ENSG00000122507","BBS9","BPD_raw",28,14,0.5,1,5,0.0352,0.1727,0.0237
"ENSG00000056972","TRAF3IP2","BPD_raw",19,9,0.474,4,5,0.0367,0.2505,0.0395
"ENSG00000131016","AKAP12","BPD_raw",16,7,0.438,3,7,0.0493,-1.0529,0.0361
"ENSG00000261824","LINC00662","BPD_raw",28,10,0.357,3,7,0.0548,0.2001,0.0382
"ENSG00000242134","RPL5P13","BPD_raw",9,3,0.333,5,7,0.0377,0.4719,0.0432
"ENSG00000012174","MBTPS2","BPD_raw",24,8,0.333,7,9,0.0695,0.1905,0.0407
"ENSG00000110841","PPFIBP1","BPD_raw",19,6,0.316,7,9,0.0598,0.3189,0.0432
"ENSG00000122507","BBS9","BPD_ilr",28,9,0.321,1,3,0.0195,0.1468,0.0238
"ENSG00000203872","C6orf163","BPD_ilr",24,7,0.292,1,1,0.0074,0.2602,0.0238
"ENSG00000234663","AC104820.2","BPD_ilr",24,7,0.292,1,2,0.0148,0.2322,0.0238
