"comparison","symbol","gene","lineage","rank","logFC","AveExpr","t","P","BH","significant"
"WB_LI","TSPAN2","ENSG00000134198",NA,1,0.793457145511375,6.14981565862763,10.1168729501211,5.65152580672635e-20,6.98980711775915e-16,TRUE
"WB_LI","PIGB","ENSG00000069943",NA,2,0.628473650870354,6.27769256287548,9.70116411050109,9.95359868974834e-19,6.15530542974037e-15,TRUE
"WB_LI","ARMC2","ENSG00000118690",NA,3,0.402690221412909,3.61092712257508,8.34260181645248,8.26168074077099e-15,2.7645351611553e-11,TRUE
"WB_LI","RFX2","ENSG00000087903",NA,4,0.665893750281047,4.02306297353223,8.33027576075231,8.94092872301197e-15,2.7645351611553e-11,TRUE
"WB_LI","LINC00877","ENSG00000241163",NA,5,0.582661568604292,4.38995626016288,8.21699450293575,1.84318413550193e-14,4.55930027757757e-11,TRUE
"WB_LI","FAR2","ENSG00000064763",NA,6,0.508200389164393,6.08685833533434,8.09387523471098,4.0233860896576e-14,8.29353985948086e-11,TRUE
"WB_LI","MYADM","ENSG00000179820",NA,7,0.707123330140744,6.02773400939701,8.05475575542904,5.1495189022663e-14,9.09846425474708e-11,TRUE
"WB_LI","MIR24-2","ENSG00000267519",NA,8,0.661275781954129,4.91530203273235,7.98954119311406,7.75960730054294e-14,1.19963528866394e-10,TRUE
"WB_LI","SLC31A2","ENSG00000136867",NA,9,0.528244724353309,7.42795107344926,7.65791899665542,6.07436464356385e-13,8.34752687906641e-10,TRUE
"WB_LI","ADAM17","ENSG00000151694",NA,10,0.276975160589515,6.44586707818932,7.37743906167547,3.33521160522362e-12,4.12498971334058e-09,TRUE
"WB_LI","FLVCR1","ENSG00000162769",NA,11,0.387417302092986,5.18252155518425,7.25586875036543,6.90003841027586e-12,7.75815227802653e-09,TRUE
"WB_LI","CCDC19","ENSG00000213085",NA,12,0.762666595878783,2.75770122887772,7.18596489380872,1.04478635998128e-11,1.053874863931e-08,TRUE
"WB_LI","MAN1A1","ENSG00000111885",NA,13,0.454723324440275,7.3810159077792,7.17607646976618,1.10772746047081e-11,1.053874863931e-08,TRUE
"WB_LI","FAM126B","ENSG00000155744",NA,14,0.496233865050211,8.45881420617873,7.08594575246874,1.88387755697638e-11,1.66427125890599e-08,TRUE
"WB_LI","ZNF487","ENSG00000243660",NA,15,0.411149509312223,4.17329313409707,7.0542064325657,2.26911266174713e-11,1.87095902669923e-08,TRUE
"WB_LI","KBTBD7","ENSG00000120696",NA,16,0.43302828572602,6.1246120413654,6.98064468150188,3.48581342092961e-11,2.69453377437859e-08,TRUE
"WB_LI","VIM-AS1","ENSG00000229124",NA,17,0.310140028575553,5.41171948708735,6.96214547906394,3.88157716967275e-11,2.82396155497133e-08,TRUE
"WB_LI","PRRG4","ENSG00000135378",NA,18,0.691190364073255,5.49373795062595,6.87240499162207,6.52398513140263e-11,4.48270267251043e-08,TRUE
"WB_LI","TAGLN2","ENSG00000158710",NA,19,0.463011843402683,8.72015907200318,6.83929768568569,7.89331733067104e-11,5.1381341445126e-08,TRUE
"WB_LI","DMXL2","ENSG00000104093",NA,20,0.362054495519654,8.80358251344941,6.66900742232941,2.08447877375932e-10,1.21112404679503e-07,TRUE
"WB_LI","CNTNAP3","ENSG00000106714",NA,21,0.91105731627261,6.17431718724623,6.66622780364971,2.11751713237694e-10,1.21112404679503e-07,TRUE
"WB_LI","ECT2","ENSG00000114346",NA,22,0.420494323976215,3.88736329200389,6.66318058965715,2.15432802631716e-10,1.21112404679503e-07,TRUE
"WB_LI","MPP7","ENSG00000150054",NA,23,0.26824216198659,6.26884646887488,6.6434880147647,2.40786172072116e-10,1.2948014679078e-07,TRUE
"WB_LI","C12orf55","ENSG00000188596",NA,24,0.644963670674551,2.09821135896362,6.62165406574585,2.72333671022553e-10,1.40342618466955e-07,TRUE
"WB_LI","TIPARP","ENSG00000163659",NA,25,0.250280179334797,6.46982542078356,6.58893635873585,3.2735477218862e-10,1.61948952897154e-07,TRUE
"WB_LI","FAM63A","ENSG00000143409",NA,26,0.460057049861522,6.09141118371526,6.51342315182009,4.99481290113138e-10,2.29051184901659e-07,TRUE
"WB_LI","ARHGEF40","ENSG00000165801",NA,27,0.520596801594905,6.34430677736702,6.51322589083963,5.00030885538875e-10,2.29051184901659e-07,TRUE
"WB_LI","EFHC1","ENSG00000096093",NA,28,0.327704256057672,3.76325474769962,6.46001523242154,6.72194169917153e-10,2.96917767626262e-07,TRUE
"WB_LI","RBM47","ENSG00000163694",NA,29,0.453548955620557,7.10340756343201,6.3288858986157,1.38445399673834e-09,5.82734182165509e-07,TRUE
"WB_LI","IDS","ENSG00000010404",NA,30,0.349844320523682,6.65640972946798,6.32420517031355,1.4203738982575e-09,5.82734182165509e-07,TRUE
"WB_LI","CYSLTR2","ENSG00000152207",NA,31,0.426458269877074,4.1563479185115,6.31909864731241,1.4606047580151e-09,5.82734182165509e-07,TRUE
"WB_LI","KLF6","ENSG00000067082",NA,32,0.285645574755753,8.77049500333375,6.18263347904538,3.06428697821658e-09,1.1665589271e-06,TRUE
"WB_LI","NHSL2","ENSG00000204131",NA,33,0.444499789063121,6.65325754538316,6.17973216854822,3.11258445943565e-09,1.1665589271e-06,TRUE
"WB_LI","LRRFIP1","ENSG00000124831",NA,34,0.250867654469184,8.79360815351574,6.17251897768367,3.23591808055713e-09,1.17711278883325e-06,TRUE
"WB_LI","TATDN3","ENSG00000203705",NA,35,0.269126439905909,4.39423576639961,6.16643129808312,3.34372473801971e-09,1.18157678742365e-06,TRUE
"WB_LI","TAGLN2P1","ENSG00000253676",NA,36,0.452939941687542,4.91834875549904,6.10266805104152,4.70709567855766e-09,1.61714887090003e-06,TRUE
"WB_LI","RAB11FIP1","ENSG00000156675",NA,37,0.445059087614199,8.9454826856531,6.08468764158652,5.18143565902251e-09,1.73199989812947e-06,TRUE
"WB_LI","CAMK1D","ENSG00000183049",NA,38,0.349397764277397,6.33964840965579,6.03399624642478,6.78524068884526e-09,2.20841728525364e-06,TRUE
"WB_LI","C16orf54","ENSG00000185905",NA,39,0.320454483710397,7.57137763552752,5.98223175501457,8.92248019833112e-09,2.8295701305887e-06,TRUE
"WB_LI","SPAG1","ENSG00000104450",NA,40,0.431378179713152,3.52748675774426,5.96569044049624,9.7351362375808e-09,3.01010412465998e-06,TRUE
"WB_LI","IL5RA","ENSG00000091181",NA,41,0.724129744760911,4.19849216306181,5.92674768581852,1.19450661137158e-08,3.60333116327896e-06,TRUE
"WB_LI","DNAJC3","ENSG00000102580",NA,42,0.372104872146075,7.57526665184138,5.9000141953948,1.37389441607019e-08,4.01127321710986e-06,TRUE
"WB_LI","BAZ1A","ENSG00000198604",NA,43,0.31889274463487,8.12208540796137,5.89715062657741,1.39460501565107e-08,4.01127321710986e-06,TRUE
"WB_LI","KATNBL1","ENSG00000134152",NA,44,0.331761237626357,6.31532885264291,5.88665045951998,1.47319232245149e-08,4.14100969183637e-06,TRUE
"WB_LI","VPS37C","ENSG00000167987",NA,45,0.437167560402261,2.29830508730697,5.87461467519082,1.56860750040152e-08,4.31123056999244e-06,TRUE
"WB_LI","MED25","ENSG00000104973",NA,46,0.412316292321105,4.9478138106322,5.86315663813533,1.66504421466418e-08,4.47679714064492e-06,TRUE
"WB_LI","GPR157","ENSG00000180758",NA,47,0.41524559203637,2.9802524367277,5.85496349486391,1.73753252161326e-08,4.57229834623676e-06,TRUE
"WB_LI","ARHGAP19","ENSG00000213390",NA,48,0.290423780202576,5.70764430575745,5.83288835484417,1.94854425502868e-08,5.02074903045724e-06,TRUE
"WB_LI","CPPED1","ENSG00000103381",NA,49,0.458356894464005,8.7731644469833,5.81540452703975,2.13326108502081e-08,5.38452512235456e-06,TRUE
"WB_LI","USP4","ENSG00000114316",NA,50,0.249777533722287,7.40827798755194,5.78809469168194,2.45653356390473e-08,6.07648142367473e-06,TRUE
"WB_LI","TAGAP","ENSG00000164691",NA,51,0.263282089810922,8.5725501441273,5.77558563888453,2.62014454127496e-08,6.35410738950759e-06,TRUE
"WB_LI","RRP12","ENSG00000052749",NA,52,0.460111983337935,5.06827195176089,5.76452222036076,2.77368511739913e-08,6.59710337153701e-06,TRUE
"WB_LI","B4GALT5","ENSG00000158470",NA,53,0.468773684481536,7.38287179821209,5.75168190450832,2.96292471495242e-08,6.91423639142105e-06,TRUE
"WB_LI","HIPK3","ENSG00000110422",NA,54,0.250120695181368,8.89380211208612,5.74306440181039,3.09694120042776e-08,7.03697376479279e-06,TRUE
"WB_LI","DNAJC3-AS1","ENSG00000247400",NA,55,0.469865813136747,3.51491131469156,5.74103742759543,3.12931401248062e-08,7.03697376479279e-06,TRUE
"WB_LI","SLC31A1","ENSG00000136868",NA,56,0.304716896966477,4.98261427722158,5.72224514187595,3.44561807117884e-08,7.60989362577498e-06,TRUE
"WB_LI","PPP1R15A","ENSG00000087074",NA,57,0.376798609421969,5.77945811450301,5.66748239131598,4.5560836767967e-08,9.88590226572308e-06,TRUE
"WB_LI","CD97","ENSG00000123146",NA,58,0.403328328852905,8.32328253435704,5.65575061212903,4.83591219113338e-08,1.03121658586099e-05,TRUE
"WB_LI","RAF1","ENSG00000132155",NA,59,0.31914373974273,8.4207955953384,5.6335622868727,5.41173693819737e-08,1.1159306095987e-05,TRUE
"WB_LI","RPGR","ENSG00000156313",NA,60,0.3151334916061,5.36124738377397,5.63349303364095,5.41363491073108e-08,1.1159306095987e-05,TRUE
"WB_LI","CKAP4","ENSG00000136026",NA,61,0.44873843686216,5.98275728247507,5.6097636491275,6.10369911288219e-08,1.23298809074577e-05,TRUE
"WB_LI","RP11-73E17.2","ENSG00000258738",NA,62,0.314310694508121,2.62669253883579,5.60595625981094,6.22212977257683e-08,1.23298809074577e-05,TRUE
"WB_LI","TMEM216","ENSG00000187049",NA,63,0.258144374378755,3.69762460745942,5.60410304917679,6.28058293313254e-08,1.23298809074577e-05,TRUE
"WB_LI","STX11","ENSG00000135604",NA,64,0.408993138232026,6.74532338452885,5.58806617126736,6.80929608564678e-08,1.31589646855124e-05,TRUE
"WB_LI","ARHGAP9","ENSG00000123329",NA,65,0.314512449081621,7.13910377352991,5.56387476312006,7.68990991623871e-08,1.46321239760062e-05,TRUE
"WB_LI","GAS7","ENSG00000007237",NA,66,0.358503582716536,6.41780765251466,5.52776446279739,9.21439402578493e-08,1.72672159561982e-05,TRUE
"WB_LI","KIAA0556","ENSG00000047578",NA,67,0.283413106030337,4.69913383378712,5.51088808748892,1.00242784853624e-07,1.85045188517854e-05,TRUE
"WB_LI","ANKRD13A","ENSG00000076513",NA,68,0.27973835485146,8.52589158622935,5.46953170571459,1.23134184439188e-07,2.23959351932923e-05,TRUE
"WB_LI","DNAJB5","ENSG00000137094",NA,69,0.604248001667328,2.10075225390658,5.46298276903198,1.27198034846996e-07,2.27997868838789e-05,TRUE
"WB_LI","FOS","ENSG00000170345",NA,70,0.462164119690632,6.46156911695175,5.45077773234639,1.35123143190395e-07,2.38743290711257e-05,TRUE
"WB_LI","WDFY2","ENSG00000139668",NA,71,0.204689167658823,5.72794342265704,5.4282223710136,1.51053524119283e-07,2.63130983986943e-05,TRUE
"WB_LI","C3orf62","ENSG00000188315",NA,72,0.324288787736876,5.39699274572301,5.40444689070633,1.69823264446827e-07,2.91718629816439e-05,TRUE
"WB_LI","NFKB2","ENSG00000077150",NA,73,0.237933771228783,5.3539984479875,5.37916652356446,1.92269447069572e-07,3.25751852240611e-05,TRUE
"WB_LI","TSC22D3","ENSG00000157514",NA,74,0.325250866604305,8.50153492007033,5.34519585050827,2.27025568371298e-07,3.79439490488677e-05,TRUE
"WB_LI","RN7SL600P","ENSG00000264584",NA,75,0.419604687245088,3.4988437996952,5.33912102975554,2.33854366431295e-07,3.85641440536301e-05,TRUE
"WB_LI","KLHL11","ENSG00000178502",NA,76,-0.163422078165418,3.94098509719949,-5.33424352973662,2.39481473944397e-07,3.8972458812425e-05,TRUE
"WB_LI","RELL1","ENSG00000181826",NA,77,0.310216781232246,5.51459955357255,5.33124691817131,2.4300370958456e-07,3.90320763654784e-05,TRUE
"WB_LI","MTMR12","ENSG00000150712",NA,78,0.157400912089228,5.37747455037007,5.3140411620889,2.64223955041017e-07,4.18964343070166e-05,TRUE
"WB_LI","ANKRD28","ENSG00000206560",NA,79,0.232219929632252,6.29772917022991,5.30746425490481,2.72802585593902e-07,4.27091440332326e-05,TRUE
"WB_LI","CAMKK2","ENSG00000110931",NA,80,0.286504951664129,6.66026426282462,5.29958907345009,2.83431338296964e-07,4.34794071455675e-05,TRUE
"WB_LI","IL8","ENSG00000169429",NA,81,-0.644854690286895,3.62348303780203,-5.29862955304344,2.84753555853086e-07,4.34794071455675e-05,TRUE
"WB_LI","RC3H1","ENSG00000135870",NA,82,0.20047929686032,8.07973488423721,5.28675423414805,3.01622464481915e-07,4.5493495618443e-05,TRUE
"WB_LI","SLCO3A1","ENSG00000176463",NA,83,0.277705300210438,6.61994513206814,5.26092674649524,3.41732279630842e-07,5.09222269213766e-05,TRUE
"WB_LI","MAK","ENSG00000111837",NA,84,0.534679624685653,4.99761244097955,5.25717756919693,3.47969595802034e-07,5.12343804866614e-05,TRUE
"WB_LI","RP11-179B15.2","ENSG00000180221",NA,85,0.401479020201338,2.38877023749093,5.235269220712,3.86690767320264e-07,5.62657812966709e-05,TRUE
"WB_LI","RP3-354N19.3","ENSG00000216316",NA,86,0.447725174277906,1.52544649961103,5.21935004727027,4.17420512036834e-07,6.00308941031578e-05,TRUE
"WB_LI","FUZ","ENSG00000010361",NA,87,0.31868430635359,3.44062708127043,5.19048590570937,4.79296532538053e-07,6.81372357980534e-05,TRUE
"WB_LI","EFHC2","ENSG00000183690",NA,88,0.363895896364443,3.12340384367912,5.18334798331592,4.9592115581044e-07,6.96994642620855e-05,TRUE
"WB_LI","LINC00963","ENSG00000204054",NA,89,0.313345676869328,5.96151442591743,5.15640215438245,5.63874630288245e-07,7.83595666000564e-05,TRUE
"WB_LI","HIVEP1","ENSG00000095951",NA,90,0.178519735360699,6.57239110958537,5.12449877011545,6.56058605772726e-07,8.80683771985915e-05,TRUE
"WB_LI","OSGIN2","ENSG00000164823",NA,91,0.324624793162894,6.45353369777941,5.12443905984592,6.56244138467936e-07,8.80683771985915e-05,TRUE
"WB_LI","MTX1","ENSG00000173171",NA,92,0.34422255736972,4.79976976740325,5.122860762744,6.61166747382011e-07,8.80683771985915e-05,TRUE
"WB_LI","FKBP15","ENSG00000119321",NA,93,0.177524968870919,7.20374211635695,5.12252397734538,6.62221788443484e-07,8.80683771985915e-05,TRUE
"WB_LI","RN7SL473P","ENSG00000264508",NA,94,0.439190922305507,2.96850918463851,5.11760009696016,6.77834519982749e-07,8.91857164164536e-05,TRUE
"WB_LI","POLD3","ENSG00000077514",NA,95,0.191029386178579,4.82961529995389,5.10457399728753,7.20879705253702e-07,9.35725482150343e-05,TRUE
"WB_LI","SLC9A8","ENSG00000197818",NA,96,0.298276441520165,5.25606507388676,5.10298549190872,7.26306971914885e-07,9.35725482150343e-05,TRUE
"WB_LI","PBXIP1","ENSG00000163346",NA,97,0.267695674888376,7.80962138180551,5.08859945705322,7.77297175157381e-07,9.9109396519036e-05,TRUE
"WB_LI","NUDT5","ENSG00000165609",NA,98,0.182335328874107,6.15073385244478,5.08363023302582,7.95704047034102e-07,0.000100421098507324,TRUE
"WB_LI","CPSF7","ENSG00000149532",NA,99,0.249449021444729,4.76754867928488,5.06999120012613,8.48424300602942e-07,0.000105993047978355,TRUE
"WB_LI","F5","ENSG00000198734",NA,100,0.403613492706628,5.81237266547212,5.06274972159443,8.77776242939765e-07,0.00010856336572679,TRUE
"WB_LI","UBE2D1","ENSG00000072401",NA,101,0.393934512395969,7.24304040269391,5.05602717457976,9.05904413796324e-07,0.000110932928612207,TRUE
"WB_LI","CELF1","ENSG00000149187",NA,102,0.14815750517262,7.66031358162661,5.04774548257997,9.41759197970565e-07,0.000114192919220588,TRUE
"WB_LI","FAM212B","ENSG00000197852",NA,103,0.422463197332784,7.31875304096904,5.03237682383102,1.01197521067994e-06,0.000121515625297956,TRUE
"WB_LI","AC116366.5","ENSG00000238160",NA,104,0.398608271348795,5.68222038873894,5.02868168429139,1.02959946260761e-06,0.000122443136091644,TRUE
"WB_LI","ZBTB34","ENSG00000177125",NA,105,0.278006712126664,7.36533852616647,5.02110272854781,1.06668339960226e-06,0.000125645145583626,TRUE
"WB_LI","CASP8","ENSG00000064012",NA,106,0.197785882922659,8.24052414514679,5.0101045589423,1.12280846560309e-06,0.000131008444363953,TRUE
"WB_LI","CYTH1","ENSG00000108669",NA,107,0.129712754817179,8.59586057326516,4.94211595086699,1.53881181912825e-06,0.000177869388588581,TRUE
"WB_LI","FGFR1OP","ENSG00000213066",NA,108,0.198675278535589,4.67434998355964,4.92892586387566,1.63524446245174e-06,0.000187265773255584,TRUE
"WB_LI","FLCN","ENSG00000154803",NA,109,0.213460312878199,5.32950922767341,4.90959759740558,1.78719087339089e-06,0.000202788777266959,TRUE
"WB_LI","SPEN","ENSG00000065526",NA,110,0.166485864161289,7.41342253493958,4.90727852367694,1.80631479278967e-06,0.000203095466883842,TRUE
"WB_LI","GIMAP1","ENSG00000213203",NA,111,-0.161650707237887,6.76229792042094,-4.89992437814763,1.86827815498804e-06,0.000208169947935965,TRUE
"WB_LI","ADAMTSL4-AS1","ENSG00000203804",NA,112,0.471393090865492,3.07741500089598,4.89159280671765,1.94096204433839e-06,0.000214337665753368,TRUE
"WB_LI","MPZL1","ENSG00000197965",NA,113,0.413566696584045,6.73471301118515,4.8736958616431,2.10645776750855e-06,0.000229586089666802,TRUE
"WB_LI","PLK3","ENSG00000173846",NA,114,0.251924788758301,3.86518792799861,4.87026957421642,2.1396611831514e-06,0.000229586089666802,TRUE
"WB_LI","CFLAR","ENSG00000003402",NA,115,0.244436609851218,10.0985477395959,4.86918387959716,2.15028760338684e-06,0.000229586089666802,TRUE
"WB_LI","WSB2","ENSG00000176871",NA,116,0.212441504764588,5.63449641601086,4.8688772791473,2.15329773620222e-06,0.000229586089666802,TRUE
"WB_LI","MBOAT1","ENSG00000172197",NA,117,0.193014157589996,5.87681428134417,4.85661836264357,2.27704843563583e-06,0.000240705427794393,TRUE
"WB_LI","CDK6","ENSG00000105810",NA,118,-0.201558730261904,6.55275297763277,-4.84716623491881,2.37713228707925e-06,0.000249155695988103,TRUE
"WB_LI","BCL2","ENSG00000171791",NA,119,-0.232673995460535,6.88214568551972,-4.8344036916081,2.51903761079239e-06,0.000261810564456137,TRUE
"WB_LI","MKL1","ENSG00000196588",NA,120,0.222163313879843,5.03615233089702,4.82466357847353,2.6328107884301e-06,0.000271355031927529,TRUE
"WB_LI","C18orf25","ENSG00000152242",NA,121,0.136724253619293,6.62934884743444,4.80072390816229,2.93394698698746e-06,0.000299893027562486,TRUE
"WB_LI","MSL1","ENSG00000188895",NA,122,0.290629236463625,8.26267666242276,4.78296522465314,3.17855749698487e-06,0.000322232779694335,TRUE
"WB_LI","TUBA1A","ENSG00000167552",NA,123,0.342812749566987,7.72698527182377,4.74456120661191,3.77670571224167e-06,0.000379758506089471,TRUE
"WB_LI","MPZL3","ENSG00000160588",NA,124,0.346533725188801,7.68526086805616,4.7354421124465,3.93394835037306e-06,0.000389484818707508,TRUE
"WB_LI","NACC2","ENSG00000148411",NA,125,0.267590156426137,5.90184792356926,4.73530178370448,3.93641674793326e-06,0.000389484818707508,TRUE
"WB_LI","RILPL1","ENSG00000188026",NA,126,0.413763205170955,1.88838948620083,4.7094627687519,4.41733028276955e-06,0.000433599531248364,TRUE
"WB_LI","NSG1","ENSG00000168824",NA,127,-0.57285696361456,2.11076598443572,-4.69417048320724,4.72814161128455e-06,0.000457287138293833,TRUE
"WB_LI","PLAGL1","ENSG00000118495",NA,128,0.301201078574853,3.87418985029111,4.69344077868134,4.74348805438414e-06,0.000457287138293833,TRUE
"WB_LI","KIF3C","ENSG00000084731",NA,129,0.366131943968317,2.89587145776783,4.69220582471772,4.76956992560677e-06,0.000457287138293833,TRUE
"WB_LI","JMJD1C","ENSG00000171988",NA,130,0.237082533470151,9.15611067054965,4.67549561045131,5.13637146447379e-06,0.000488666479020091,TRUE
"WB_LI","AC093495.4","ENSG00000228242",NA,131,0.393974114553394,3.15204505468685,4.66964369200443,5.27114211910997e-06,0.000497660196405742,TRUE
"WB_LI","CREB1","ENSG00000118260",NA,132,0.171394370736111,7.91254889494843,4.65739226691601,5.56442086233202e-06,0.00052136937291911,TRUE
"WB_LI","ZNF66","ENSG00000160229",NA,133,0.31773611512347,4.68177047346261,4.65439482330158,5.63853441633476e-06,0.000524341305723521,TRUE
"WB_LI","PIK3R6","ENSG00000174083",NA,134,0.417467097205471,2.72816896307741,4.64004306497152,6.00677288688679e-06,0.000554416172126983,TRUE
"WB_LI","PPTC7","ENSG00000196850",NA,135,0.17694293039474,6.84362194269117,4.61635781754688,6.66570345583621e-06,0.000610677187716905,TRUE
"WB_LI","KRAS","ENSG00000133703",NA,136,0.143265710683783,6.71456977404292,4.61400068419209,6.73496423537354e-06,0.000612485571052206,TRUE
"WB_LI","DYRK1B","ENSG00000105204",NA,137,0.243944377793325,3.07846843553177,4.60956286169202,6.8672484573186e-06,0.00061995714540231,TRUE
"WB_LI","ENSA","ENSG00000143420",NA,138,0.130953462917565,5.300505635584,4.60489671111284,7.00903641177164e-06,0.000628172190875302,TRUE
"WB_LI","LETM2","ENSG00000165046",NA,139,0.365411556578992,3.14455460210544,4.60193010764476,7.10064256414195e-06,0.00063180393693027,TRUE
"WB_LI","CASZ1","ENSG00000130940",NA,140,0.291758009067371,1.99376907389109,4.59540842675661,7.30609717227222e-06,0.000645441498761877,TRUE
"WB_LI","TREM1","ENSG00000124731",NA,141,0.414373060126156,7.64482179441967,4.58916942100306,7.50799596936103e-06,0.000658573717369201,TRUE
"WB_LI","DYNC1LI1","ENSG00000144635",NA,142,0.219798776117594,6.48430760794127,4.58022736688264,7.80675848684397e-06,0.000679957668769621,TRUE
"WB_LI","EPHB1","ENSG00000154928",NA,143,0.442769318481321,6.34917431023609,4.57736175523112,7.90489931596976e-06,0.000683690872307091,TRUE
"WB_LI","RTN2","ENSG00000125744",NA,144,0.430884300768573,1.94812222814519,4.55724266633556,8.62814246510662e-06,0.000741061569503046,TRUE
"WB_LI","KLHL15","ENSG00000174010",NA,145,-0.138481351941548,4.74182364244902,-4.54238695891423,9.20261286210606e-06,0.000784951143989846,TRUE
"WB_LI","CDK2AP1","ENSG00000111328",NA,146,0.268294909052607,3.13169170036413,4.53520983538594,9.49316641584453e-06,0.000804188234460035,TRUE
"WB_LI","CTA-217C2.2","ENSG00000273243",NA,147,0.366030897086429,2.11350378456829,4.53224791082162,9.6156295081632e-06,0.000809021127598384,TRUE
"WB_LI","SUPV3L1","ENSG00000156502",NA,148,-0.143821038333537,4.25299354317453,-4.52540724015381,9.9042965989786e-06,0.000827677975244374,TRUE
"WB_LI","PTGER2","ENSG00000125384",NA,149,-0.184288943501027,5.56125639675314,-4.50832789300485,1.06618610074179e-05,0.000885006019729831,TRUE
"WB_LI","ZCCHC6","ENSG00000083223",NA,150,0.227106314242863,8.67125206466392,4.49684210870163,1.12023241637824e-05,0.000923668968384403,TRUE
"WB_LI","DHRS9","ENSG00000073737",NA,151,0.435553431885365,5.43762050419283,4.49368640838434,1.13553674643092e-05,0.000923836574251708,TRUE
"WB_LI","CD58","ENSG00000116815",NA,152,0.217283763760111,5.74364998167667,4.49349396357512,1.13647652655435e-05,0.000923836574251708,TRUE
"WB_LI","MCL1","ENSG00000143384",NA,153,0.236649223983507,11.2399368841682,4.49177804240064,1.14488912726223e-05,0.000923836574251708,TRUE
"WB_LI","ASB13","ENSG00000196372",NA,154,-0.182207622931318,3.4885187398629,-4.49067794945815,1.15031397505468e-05,0.000923836574251708,TRUE
"WB_LI","FAM214B","ENSG00000005238",NA,155,0.287523827068823,5.9460181678529,4.48031761391344,1.20263009817391e-05,0.000959621229304189,TRUE
"WB_LI","GIT2","ENSG00000139436",NA,156,0.163664725828404,7.50786867857768,4.46321427845821,1.29403483711662e-05,0.00102581223310979,TRUE
"WB_LI","AC009961.3","ENSG00000226266",NA,157,0.253097939748519,2.36852380453739,4.46174858514081,1.30217109151226e-05,0.00102581223310979,TRUE
"WB_LI","C7orf43","ENSG00000146826",NA,158,0.252703531566714,5.14529021753752,4.45791963394258,1.32365863151127e-05,0.00103613987053996,TRUE
"WB_LI","MARS","ENSG00000166986",NA,159,0.142560778645815,6.31563690845493,4.45033496365619,1.36723257351053e-05,0.00106351776535712,TRUE
"WB_LI","ZNF853","ENSG00000236609",NA,160,-0.269286718454372,1.79812962318965,-4.4484193378202,1.37845386253173e-05,0.00106554483573703,TRUE
"WB_LI","SSH3","ENSG00000172830",NA,161,0.287903200909054,3.48160101990345,4.42696500498957,1.51032560970987e-05,0.00115933657458436,TRUE
"WB_LI","NUP50","ENSG00000093000",NA,162,0.18235380261989,7.56904091529446,4.42568945922057,1.51853594018974e-05,0.00115933657458436,TRUE
"WB_LI","RP11-215G15.5","ENSG00000272016",NA,163,0.301082623459994,1.97296030330809,4.41959845809045,1.5583363853741e-05,0.00118242358369981,TRUE
"WB_LI","ITGA5","ENSG00000161638",NA,164,0.252848791117168,7.33537417531469,4.40661026542642,1.64657581651335e-05,0.00124175912796568,TRUE
"WB_LI","MICU1","ENSG00000107745",NA,165,0.153113093404605,4.89158030951851,4.40187489751234,1.67992433654956e-05,0.00124744464496024,TRUE
"WB_LI","PLEKHO1","ENSG00000023902",NA,166,0.164202001910904,7.08543003797625,4.40123625874475,1.68447120229929e-05,0.00124744464496024,TRUE
"WB_LI","TMCC1","ENSG00000172765",NA,167,0.262876437700314,6.49474989180388,4.40012471189018,1.69241317038582e-05,0.00124744464496024,TRUE
"WB_LI","RHOB","ENSG00000143878",NA,168,0.286304412131597,6.84189403259088,4.39983917845143,1.69445909082568e-05,0.00124744464496024,TRUE
"WB_LI","RARA","ENSG00000131759",NA,169,0.327244618759478,5.8002185258147,4.39574070485663,1.72408848244002e-05,0.00126174712135019,TRUE
"WB_LI","PLCB2","ENSG00000137841",NA,170,0.231309674065132,6.88957846338161,4.39312842210477,1.74323235093168e-05,0.00126512480198306,TRUE
"WB_LI","KCMF1","ENSG00000176407",NA,171,0.113090548984276,6.3603427829904,4.39159188422468,1.75458780458211e-05,0.00126512480198306,TRUE
"WB_LI","RP11-61F12.1","ENSG00000261471",NA,172,0.41865779069333,1.99971095977471,4.39094483384201,1.75939089538394e-05,0.00126512480198306,TRUE
"WB_LI","FRAT1","ENSG00000165879",NA,173,0.306395470965131,6.87948035155196,4.38668879398886,1.79129949299116e-05,0.00127939299709237,TRUE
"WB_LI","SORD","ENSG00000140263",NA,174,0.290798591140359,2.77078369962695,4.38555115561274,1.79992223070886e-05,0.00127939299709237,TRUE
"WB_LI","TBL2","ENSG00000106638",NA,175,-0.134982389049876,4.20681985556642,-4.38257953559276,1.82263388385874e-05,0.00128651568771274,TRUE
"WB_LI","TPPP3","ENSG00000159713",NA,176,0.432836851318619,2.01502392075219,4.38152663883799,1.83074677423547e-05,0.00128651568771274,TRUE
"WB_LI","RP11-802E16.3","ENSG00000255031",NA,177,0.257045051833981,3.56974000702218,4.37957405631859,1.84588378595169e-05,0.00128982433133618,TRUE
"WB_LI","PRKD2","ENSG00000105287",NA,178,0.236518983837209,5.27911637249221,4.37299791384187,1.89775196482775e-05,0.00131861776971852,TRUE
"WB_LI","MTCH1","ENSG00000137409",NA,179,0.126685559124326,6.42819333678139,4.37055291507621,1.91739061065897e-05,0.00132482050685085,TRUE
"WB_LI","SEC24D","ENSG00000150961",NA,180,0.162548945938539,5.32861372951883,4.36633335747525,1.95174206064181e-05,0.00134106365588988,TRUE
"WB_LI","UBE2R2","ENSG00000107341",NA,181,0.218931875461548,6.1094818191684,4.36123306532292,1.99405164107607e-05,0.001362565231869,TRUE
"WB_LI","RP11-54A4.2","ENSG00000237781",NA,182,0.460991951631397,3.10915496911934,4.35729092298522,2.02735486425709e-05,0.00137771016269954,TRUE
"WB_LI","CEP97","ENSG00000182504",NA,183,0.180461355971154,5.42090425902835,4.3555685003529,2.04207269675419e-05,0.00138012869472436,TRUE
"WB_LI","CLC","ENSG00000105205",NA,184,0.603827700878341,5.72777525541916,4.35068330308073,2.08437529435294e-05,0.00140106269785637,TRUE
"WB_LI","DHX34","ENSG00000134815",NA,185,0.298622107869185,6.22143147084565,4.34865394172739,2.1021940796769e-05,0.00140540196634832,TRUE
"WB_LI","ARHGAP26","ENSG00000145819",NA,186,0.267527976098333,8.38990554128797,4.34069374231065,2.17350844899178e-05,0.00144526626328658,TRUE
"WB_LI","HMGCR","ENSG00000113161",NA,187,0.227045380238327,6.68743578712313,4.33350074386106,2.23993901579317e-05,0.00147973286012052,TRUE
"WB_LI","BEX4","ENSG00000102409",NA,188,-0.201951969902111,3.89358767415477,-4.33159503199068,2.25786253982737e-05,0.00147973286012052,TRUE
"WB_LI","IDO1","ENSG00000131203",NA,189,0.553963708307515,2.95346983021427,4.33017654321349,2.27129278632875e-05,0.00147973286012052,TRUE
"WB_LI","NEK11","ENSG00000114670",NA,190,0.286819488979642,2.35521656021865,4.32997587010787,2.27319892806354e-05,0.00147973286012052,TRUE
"WB_LI","FNIP1","ENSG00000217128",NA,191,0.235468499249042,7.53252989562979,4.32818576969714,2.29027058690856e-05,0.0014830401371144,TRUE
"WB_LI","TMEM237","ENSG00000155755",NA,192,-0.277041628519912,1.6964627902415,-4.32640954591215,2.30733128924175e-05,0.00148630590548656,TRUE
"WB_LI","SNORD12","ENSG00000212304",NA,193,0.294092404532763,2.71042331000073,4.32357809785985,2.33477949278124e-05,0.00149619444387142,TRUE
"WB_LI","RRAGC","ENSG00000116954",NA,194,0.164214258186558,5.19534012362139,4.30910369090072,2.48005312794703e-05,0.00158109778796128,TRUE
"WB_LI","ROPN1L","ENSG00000145491",NA,195,0.449054148276147,3.74528686198413,4.30638354638173,2.50830362479524e-05,0.00159090765289577,TRUE
"WB_LI","MAPK1","ENSG00000100030",NA,196,0.190394895058061,9.24439231865119,4.30268914220739,2.5471663904047e-05,0.00160310894936869,TRUE
"WB_LI","DAPK2","ENSG00000035664",NA,197,0.351191013522613,5.79614879811275,4.30209553466333,2.55346428707659e-05,0.00160310894936869,TRUE
"WB_LI","IPMK","ENSG00000151151",NA,198,0.293499489850254,6.95755183615612,4.29662698475828,2.61218878874744e-05,0.00162753858659744,TRUE
"WB_LI","TMEM252","ENSG00000181778",NA,199,0.492936440319254,2.445884189693,4.29598018506237,2.61921942697145e-05,0.00162753858659744,TRUE
"WB_LI","LRP10","ENSG00000197324",NA,200,0.30179867854808,6.3080002573729,4.29482199485421,2.63185411804243e-05,0.00162753858659744,TRUE
"WB_LI","LDLRAD4","ENSG00000168675",NA,201,-0.127903351713442,5.62744950370029,-4.28819103956347,2.70532228668927e-05,0.00166464806177974,TRUE
"WB_LI","IKBIP","ENSG00000166130",NA,202,0.320703635797862,5.92427844479118,4.27971695906949,2.80207282471262e-05,0.00170218413630763,TRUE
"WB_LI","TSTD2","ENSG00000136925",NA,203,-0.116490742619293,4.41071877094101,-4.27970310282902,2.80223370404925e-05,0.00170218413630763,TRUE
"WB_LI","HEBP2","ENSG00000051620",NA,204,0.190744339318254,7.31471556430609,4.27924024022527,2.80761290270664e-05,0.00170218413630763,TRUE
"WB_LI","HSH2D","ENSG00000196684",NA,205,0.279437153459425,6.12884706164895,4.27508675606803,2.85632731886418e-05,0.00172327103803474,TRUE
"WB_LI","IRF1","ENSG00000125347",NA,206,0.23398889702303,9.560082469812,4.27071538866617,2.90847058168362e-05,0.00174621185214869,TRUE
"WB_LI","AK2","ENSG00000004455",NA,207,-0.0844764933957867,6.07575077566066,-4.26133145786836,3.02349957654457e-05,0.00180337812497828,TRUE
"WB_LI","C2orf44","ENSG00000163026",NA,208,-0.15422562583671,3.8470602467893,-4.26058389990928,3.03284807564265e-05,0.00180337812497828,TRUE
"WB_LI","BTN2A1","ENSG00000112763",NA,209,0.202409729083854,5.64872627174317,4.25879536170306,3.05532681004484e-05,0.00180805176969543,TRUE
"WB_LI","RP11-290F5.1","ENSG00000249096",NA,210,0.361265404045037,3.11908873071307,4.25349611125993,3.12286866360457e-05,0.00183922093483149,TRUE
"WB_LI","RP11-274B18.2","ENSG00000234506",NA,211,0.427322825098684,3.29711121881721,4.25104577140547,3.15458038423333e-05,0.00184909242617051,TRUE
"WB_LI","NR1D2","ENSG00000174738",NA,212,-0.159055034160332,5.86577674476283,-4.24546478286933,3.22796215959809e-05,0.00188318094292025,TRUE
"WB_LI","TMEM55A","ENSG00000155099",NA,213,0.263909721626065,6.39261489617276,4.22488238488949,3.51296002800028e-05,0.00203982580405199,TRUE
"WB_LI","ABCA7","ENSG00000064687",NA,214,0.297029555836795,6.68227337969561,4.22066689435652,3.57422739451576e-05,0.00206570301006406,TRUE
"WB_LI","SEC61A2","ENSG00000065665",NA,215,0.218790235125995,3.48222587668264,4.21532495032919,3.65333497046827e-05,0.00210160218208147,TRUE
"WB_LI","ELL","ENSG00000105656",NA,216,0.290863755927814,5.27119818978354,4.21200330138172,3.70336550309015e-05,0.00212051965473236,TRUE
"WB_LI","ARAP3","ENSG00000120318",NA,217,0.389358020239022,3.86517829861403,4.19942268721807,3.89885701339054e-05,0.0022221688268025,TRUE
"WB_LI","ARHGEF11","ENSG00000132694",NA,218,0.248030164614846,5.24923385002423,4.19379689515829,3.98943296901134e-05,0.00226336270462074,TRUE
"WB_LI","SERTAD2","ENSG00000179833",NA,219,0.182173135917371,5.09299898615764,4.19013098790639,4.0495327677324e-05,0.00227663186771037,TRUE
"WB_LI","DSC2","ENSG00000134755",NA,220,0.404105697303708,5.97834219261263,4.19012472099284,4.04963624592725e-05,0.00227663186771037,TRUE
"WB_LI","SGK1","ENSG00000118515",NA,221,0.263012883483103,7.28063908033407,4.18407364284111,4.15073833388876e-05,0.00232291093726408,TRUE
"WB_LI","RHOQ","ENSG00000119729",NA,222,0.163911485126755,6.33813499503403,4.18111949012637,4.20096830813208e-05,0.00232952350885652,TRUE
"WB_LI","TRUB1","ENSG00000165832",NA,223,-0.164316272723079,4.46734789384662,-4.18090477359773,4.20464171847748e-05,0.00232952350885652,TRUE
"WB_LI","ZNF592","ENSG00000166716",NA,224,0.200259373381887,5.83004392418404,4.18006376634381,4.21905939508296e-05,0.00232952350885652,TRUE
"WB_LI","P2RY14","ENSG00000174944",NA,225,0.374775063544627,4.52090236770502,4.17849847512437,4.24601955947111e-05,0.00233398977384616,TRUE
"WB_LI","CCDC115","ENSG00000136710",NA,226,-0.131619246642748,4.87270063743763,-4.1761319556182,4.2870925621393e-05,0.00233771404900232,TRUE
"WB_LI","ABHD3","ENSG00000158201",NA,227,0.189299192793008,6.76590681696425,4.17593101872942,4.29059742176202e-05,0.00233771404900232,TRUE
"WB_LI","CARS","ENSG00000110619",NA,228,0.130613686073048,5.80343675228732,4.17185370174579,4.3623104063187e-05,0.00236636206602411,TRUE
"WB_LI","FAM107B","ENSG00000065809",NA,229,0.12184782334461,7.90997108797009,4.16959819555875,4.40247119895463e-05,0.00237771894273672,TRUE
"WB_LI","FER","ENSG00000151422",NA,230,-0.147858117526642,4.78135727811505,-4.16850395242509,4.4220819025336e-05,0.00237792647697981,TRUE
"WB_LI","KRI1","ENSG00000129347",NA,231,-0.155669018352534,4.3376986212584,-4.15605779929961,4.65109044167644e-05,0.00247539276237033,TRUE
"WB_LI","UBN1","ENSG00000118900",NA,232,0.320862802051538,7.10121769233049,4.15456633242806,4.67928117710891e-05,0.00247539276237033,TRUE
"WB_LI","RNF169","ENSG00000166439",NA,233,0.156747358876957,7.83294455188844,4.15435539720011,4.68328128025332e-05,0.00247539276237033,TRUE
"WB_LI","RP5-1041C10.3","ENSG00000237788",NA,234,0.272270902936593,2.39093980315984,4.15434956801295,4.68339186929703e-05,0.00247539276237033,TRUE
"WB_LI","RNF111","ENSG00000157450",NA,235,0.129701345290068,6.08266778094476,4.14575538522732,4.84917742924305e-05,0.00255211176361183,TRUE
"WB_LI","ARID3A","ENSG00000116017",NA,236,0.289917556571661,5.62561453535718,4.14456276094842,4.87262159682415e-05,0.00255358406396276,TRUE
"WB_LI","CLN3","ENSG00000188603",NA,237,0.192233323872436,2.95961531635085,4.14117573701038,4.93979383589782e-05,0.00257786371993182,TRUE
"WB_LI","SEMA4B","ENSG00000185033",NA,238,0.261601587183209,4.88209510174242,4.13968657528388,4.96960613040568e-05,0.0025825247319688,TRUE
"WB_LI","MEF2C","ENSG00000081189",NA,239,-0.189422148240942,6.61394768685155,-4.13862214907814,4.99102057960665e-05,0.0025828009426182,TRUE
"WB_LI","RNU7-45P","ENSG00000238829",NA,240,0.316380664838958,2.0032108955444,4.13565046432267,5.0512729703826e-05,0.00260308933740383,TRUE
"WB_LI","NFKBIA","ENSG00000100906",NA,241,0.211957532670488,7.3829256936577,4.12684700727542,5.2338684419176e-05,0.00268599522363638,TRUE
"WB_LI","PPIH","ENSG00000171960",NA,242,-0.150057433095662,3.44469942448134,-4.12510497890036,5.27073922088286e-05,0.00269373978032559,TRUE
"WB_LI","CREBBP","ENSG00000005339",NA,243,0.219004434415428,6.783502578207,4.11611538877868,5.4649804644486e-05,0.00278151762898355,TRUE
"WB_LI","XKR8","ENSG00000158156",NA,244,0.276817494712332,4.38501526552329,4.10433983118499,5.72976726188336e-05,0.00290433448749891,TRUE
"WB_LI","ERMN","ENSG00000136541",NA,245,-0.200502083315067,3.57300345917623,-4.09669210172643,5.90824099073856e-05,0.00298257651320223,TRUE
"WB_LI","PPIP5K1","ENSG00000168781",NA,246,-0.239156826844893,2.12318788546656,-4.09535584179745,5.93996412728955e-05,0.00298640147667956,TRUE
"WB_LI","DUSP1","ENSG00000120129",NA,247,0.330043146195959,8.37943892206236,4.09272078135806,6.00299762272713e-05,0.00300587346550159,TRUE
"WB_LI","BAIAP3","ENSG00000007516",NA,248,0.449823008702072,3.04794657857367,4.08670975495712,6.14918309092343e-05,0.00305094297635633,TRUE
"WB_LI","OAZ2","ENSG00000180304",NA,249,0.231962302365998,7.10548571220094,4.08600908449184,6.16644226205926e-05,0.00305094297635633,TRUE
"WB_LI","CTC-479C5.12","ENSG00000261884",NA,250,0.236712749679737,3.14565090170751,4.08598608508779,6.16700957381212e-05,0.00305094297635633,TRUE
"WB_LI","TRAPPC6A","ENSG00000007255",NA,251,-0.184815306305604,3.45330918128552,-4.08269849132758,6.24861642297122e-05,0.00307899951869753,TRUE
"WB_LI","DNAJB6","ENSG00000105993",NA,252,0.168738888256618,6.56559456427168,4.07806942468685,6.36526897424658e-05,0.00312403359815404,TRUE
"WB_LI","TMEM69","ENSG00000159596",NA,253,-0.114041967077736,4.24321732142972,-4.07618545146483,6.41333690959502e-05,0.00313127754006562,TRUE
"WB_LI","SNORD12C","ENSG00000209042",NA,254,0.318579966634067,1.61850842388808,4.07550964126466,6.43066377083335e-05,0.00313127754006562,TRUE
"WB_LI","KATNBL1P6","ENSG00000228283",NA,255,0.317304012023654,2.64666496750428,4.07303746379881,6.49442792936892e-05,0.00314992488746803,TRUE
"WB_LI","RP11-177C12.1","ENSG00000249863",NA,256,0.272115840012413,2.22540499905408,4.05834395421016,6.88602457261161e-05,0.00332539786171369,TRUE
"WB_LI","PDCL","ENSG00000136940",NA,257,-0.113587783271348,4.72713200765728,-4.05739926082297,6.91195641111565e-05,0.00332539786171369,TRUE
"WB_LI","THBS3","ENSG00000169231",NA,258,0.188274170771994,4.01425554976557,4.05649467076616,6.93687458216472e-05,0.00332539786171369,TRUE
"WB_LI","CEACAM3","ENSG00000170956",NA,259,0.359329292624255,5.07371844103059,4.04770659657772,7.18344946907305e-05,0.0034303051364284,TRUE
"WB_LI","C5AR1","ENSG00000197405",NA,260,0.353489128984067,5.82386483481133,4.0402722790327,7.39853695434681e-05,0.00351942711736005,TRUE
"WB_LI","CCDC153","ENSG00000248712",NA,261,0.393088966545641,1.61907253242762,4.0336165870431,7.5962879987154e-05,0.00359965095663265,TRUE
"WB_LI","TCP11L2","ENSG00000166046",NA,262,0.1781329804646,8.29766095881911,4.02512791559857,7.85580839035639e-05,0.00370842130427205,TRUE
"WB_LI","ALOX15","ENSG00000161905",NA,263,0.771191791367302,2.33678585983106,4.01666261570251,8.12300520766843e-05,0.00381177700197289,TRUE
"WB_LI","GALNS","ENSG00000141012",NA,264,0.258539090317187,4.08663200747365,4.01624545985023,8.13639334185674e-05,0.00381177700197289,TRUE
"WB_LI","CYP4F12","ENSG00000186204",NA,265,0.366755301931504,1.99826227573427,4.01310420816704,8.2378847519777e-05,0.00384476070235699,TRUE
"WB_LI","DPY19L4","ENSG00000156162",NA,266,-0.187554806366234,4.3547295783977,-4.01110949131482,8.30295668621464e-05,0.003860562717861,TRUE
"WB_LI","WIPF2","ENSG00000171475",NA,267,0.198975702954221,4.92595954089782,4.00847471804457,8.38965863005535e-05,0.00388626584031927,TRUE
"WB_LI","SIGLEC10","ENSG00000142512",NA,268,0.339829927314219,6.47975682095579,4.00478342555503,8.51257720187863e-05,0.00392849085197145,TRUE
"WB_LI","KLF7","ENSG00000118263",NA,269,0.207040621071302,6.29288982210381,4.00345502880097,8.55723008217496e-05,0.00393441716194572,TRUE
"WB_LI","PPBP","ENSG00000163736",NA,270,0.446910178553037,7.25087598833504,3.99430938213825,8.8707558503468e-05,0.00406346327248479,TRUE
"WB_LI","RTN4","ENSG00000115310",NA,271,0.122577311661741,6.55167439748392,3.99167388020082,8.96311350083045e-05,0.00407857706538658,TRUE
"WB_LI","HMG20A","ENSG00000140382",NA,272,-0.112613657964446,5.33521680185498,-3.99117288836257,8.98077323260245e-05,0.00407857706538658,TRUE
"WB_LI","STRN4","ENSG00000090372",NA,273,0.226238198353284,4.43179664930457,3.99055269466771,9.00268061813175e-05,0.00407857706538658,TRUE
"WB_LI","PLEKHO2","ENSG00000241839",NA,274,0.255384000209897,6.08026684602111,3.98902689325519,9.05679374296138e-05,0.00408223014132944,TRUE
"WB_LI","RAC1","ENSG00000136238",NA,275,0.165029948424366,6.20111328374664,3.98846619136371,9.07675686340231e-05,0.00408223014132944,TRUE
"WB_LI","XPOT","ENSG00000184575",NA,276,-0.133198209220265,5.17643533073872,-3.98583406252656,9.17103130401673e-05,0.00410968533217677,TRUE
"WB_LI","SLC25A12","ENSG00000115840",NA,277,-0.129016799746483,4.61745414661235,-3.97926576678588,9.41036457437831e-05,0.00418948821470695,TRUE
"WB_LI","PSENEN","ENSG00000205155",NA,278,0.208963220076556,3.80643606457841,3.97908962350923,9.41686387199654e-05,0.00418948821470695,TRUE
"WB_LI","TXLNG","ENSG00000086712",NA,279,-0.138786372111512,4.62302597233687,-3.97392865642104,9.6091977299833e-05,0.00425973324460335,TRUE
"WB_LI","LEPROTL1","ENSG00000104660",NA,280,-0.10963059842117,7.12815321126343,-3.97025192412814,9.74849038690866e-05,0.00430604746804594,TRUE
"WB_LI","RGS14","ENSG00000169220",NA,281,0.201207538821189,6.5485838183004,3.96347343980107,0.000100103387569738,0.00439858633366085,TRUE
"WB_LI","KDM6B","ENSG00000132510",NA,282,0.343730140528456,5.26608251757581,3.96299379289965,0.000100291182575385,0.00439858633366085,TRUE
"WB_LI","IFNGR2","ENSG00000159128",NA,283,0.235825229176278,7.88039291092224,3.96021204209012,0.000101386934322929,0.0044309314618586,TRUE
"WB_LI","SIRPB1","ENSG00000101307",NA,284,0.300612748570582,5.38341939690983,3.95702635856386,0.000102655773235127,0.00445873696097534,TRUE
"WB_LI","C14orf159","ENSG00000133943",NA,285,0.222963368575114,7.35447089727262,3.9568057885781,0.00010274418126439,0.00445873696097534,TRUE
"WB_LI","IQSEC1","ENSG00000144711",NA,286,0.21549373451718,7.25682938173973,3.95426796513427,0.000103766601379834,0.004487361279251,TRUE
"WB_LI","EP300","ENSG00000100393",NA,287,0.178673571931421,6.89514234680949,3.95236089032393,0.000104541264508434,0.00449340692436865,TRUE
"WB_LI","KREMEN1","ENSG00000183762",NA,288,0.547368751702721,4.89848371428054,3.95213589510286,0.000104633020231094,0.00449340692436865,TRUE
"WB_LI","SLC29A1","ENSG00000112759",NA,289,0.462242305719529,1.86476479321943,3.94649368011245,0.000106959160171292,0.004577407934251,TRUE
"WB_LI","STX3","ENSG00000166900",NA,290,0.284706885803566,7.53041772272143,3.94227630814607,0.00010872987216581,0.00463235137196157,TRUE
"WB_LI","N4BP1","ENSG00000102921",NA,291,0.213574228094243,6.93948722716744,3.94165731242605,0.000108992096478074,0.00463235137196157,TRUE
"WB_LI","RAB31","ENSG00000168461",NA,292,0.236961869589512,8.05092389343756,3.93880766474492,0.000110207056912957,0.00466794821883376,TRUE
"WB_LI","ZBTB7B","ENSG00000160685",NA,293,0.205744849081125,6.69994610467445,3.93639031382859,0.000111247780230972,0.00469594725562,TRUE
"WB_LI","TBC1D15","ENSG00000121749",NA,294,-0.151051298069333,6.01088882761068,-3.93494171516153,0.000111875900020152,0.00470639840628994,TRUE
"WB_LI","COMMD7","ENSG00000149600",NA,295,-0.134828648176373,3.26206513437263,-3.93372057042649,0.000112408009746911,0.0047094464220583,TRUE
"WB_LI","PIK3CB","ENSG00000051382",NA,296,0.142197678363831,5.86527338181759,3.93303017973608,0.000112709907901783,0.0047094464220583,TRUE
"WB_LI","CRK","ENSG00000167193",NA,297,0.156640397140337,6.54383269845576,3.92959101682337,0.000114225313236099,0.00474986047338548,TRUE
"WB_LI","RASGRP4","ENSG00000171777",NA,298,0.320882326093616,4.67721571139811,3.92909556059958,0.000114445215157574,0.00474986047338548,TRUE
"WB_LI","ERLIN2","ENSG00000147475",NA,299,-0.0924608351208727,4.99843293946025,-3.92283869923854,0.00011725706725342,0.00483671349577789,TRUE
"WB_LI","EPHB4","ENSG00000196411",NA,300,0.418649540121399,3.63921473052723,3.92270024794473,0.000117320023345195,0.00483671349577789,TRUE
"WB_LI","TM6SF1","ENSG00000136404",NA,301,0.246085500047922,5.72616731266622,3.9208509015178,0.000118164035200111,0.00484118508020551,TRUE
"WB_LI","SEMA7A","ENSG00000138623",NA,302,0.279930705349049,3.47374668596778,3.92074761445542,0.000118211343323259,0.00484118508020551,TRUE
"WB_LI","ATP6V0E1","ENSG00000113732",NA,303,0.14726827355111,7.32259528363565,3.91755422244224,0.000119682903090442,0.00488527440733525,TRUE
"WB_LI","ANTXR2","ENSG00000163297",NA,304,0.178505976883371,7.90962661878643,3.90302676293065,0.00012659963699074,0.00514964864084883,TRUE
"WB_LI","AKR1B1","ENSG00000085662",NA,305,-0.163029729927575,4.40596439045911,-3.90222447105746,0.000126992467291308,0.00514964864084883,TRUE
"WB_LI","RP2","ENSG00000102218",NA,306,0.215203740966653,7.14583567702296,3.89797510984905,0.000129092466034809,0.00519941854223871,TRUE
"WB_LI","TMEM234","ENSG00000160055",NA,307,0.193442643000463,3.48278021404309,3.89737817445758,0.000129390092818817,0.00519941854223871,TRUE
"WB_LI","ARMCX5","ENSG00000125962",NA,308,-0.170197448764332,3.38968985449628,-3.89719612183892,0.00012948099215795,0.00519941854223871,TRUE
"WB_LI","SLC8A1","ENSG00000183023",NA,309,0.253013309587334,7.06387654191984,3.89420050653163,0.000130985439916674,0.0052428088054674,TRUE
"WB_LI","DPH6","ENSG00000134146",NA,310,-0.182206840901671,3.56933391242903,-3.88905962776877,0.000133606000762133,0.00533044844330987,TRUE
"WB_LI","FAM134B","ENSG00000154153",NA,311,-0.21269312646142,4.46866588710438,-3.88687909376117,0.000134732482975928,0.00535810723294622,TRUE
"WB_LI","KDM2A","ENSG00000173120",NA,312,0.144447976301928,7.11436469183506,3.8847244951539,0.000135854412275753,0.00538540824046961,TRUE
"WB_LI","NACC1","ENSG00000160877",NA,313,0.23022791709971,3.1337142416532,3.88198096832752,0.000137295834048108,0.00542334106469888,TRUE
"WB_LI","CTC-228N24.3","ENSG00000245937",NA,314,-0.165368582764567,4.21947179531704,-3.88123867060848,0.000137688316163927,0.00542334106469888,TRUE
"WB_LI","TBC1D1","ENSG00000065882",NA,315,0.17350006197051,7.40858254538078,3.88001059958006,0.000138339983404185,0.00543171084045385,TRUE
"WB_LI","BACE2","ENSG00000182240",NA,316,0.289426282748008,3.88359857541045,3.87876175475048,0.000139005673366632,0.00543557945400404,TRUE
"WB_LI","CSK","ENSG00000103653",NA,317,0.184470612855215,5.85292858135671,3.87817873579467,0.00013931748762284,0.00543557945400404,TRUE
"WB_LI","ZFP36","ENSG00000128016",NA,318,0.211574376844835,5.7519609659608,3.87552675156485,0.000140744230536974,0.00547397686566446,TRUE
"WB_LI","KLF9","ENSG00000119138",NA,319,-0.158637778306096,4.88121331830146,-3.87345864280654,0.000141866458450079,0.00549160378799088,TRUE
"WB_LI","SMPD3","ENSG00000103056",NA,320,0.477974471437303,3.06322852584353,3.87218967591759,0.000142559239129919,0.00549160378799088,TRUE
"WB_LI","ATXN1","ENSG00000124788",NA,321,0.173257536234953,7.35376344338218,3.87189992446794,0.000142717875505368,0.00549160378799088,TRUE
"WB_LI","SH2D3C","ENSG00000095370",NA,322,0.195530769664849,5.75558562997601,3.87143363955421,0.000142973513885274,0.00549160378799088,TRUE
"WB_LI","PLVAP","ENSG00000130300",NA,323,0.560841899171913,2.27694195287931,3.86917328226451,0.00014421890954248,0.00552228939077829,TRUE
"WB_LI","DENND5A","ENSG00000184014",NA,324,0.217941295529083,8.03875325858818,3.86788540617454,0.000144933087125767,0.00553250747398609,TRUE
"WB_LI","CLASP2","ENSG00000163539",NA,325,-0.102199724888754,6.56236575666446,-3.86654389172616,0.000145680574192961,0.00553938121346057,TRUE
"WB_LI","DPP4","ENSG00000197635",NA,326,-0.213279694652967,5.39198582307408,-3.86595667837741,0.000146008916202146,0.00553938121346057,TRUE
"WB_LI","HRH4","ENSG00000134489",NA,327,0.427501654850989,3.41624969892141,3.86164350599327,0.000148442230973513,0.00561447557394622,TRUE
"WB_LI","TRMT5","ENSG00000126814",NA,328,-0.196339472800971,2.99959026379899,-3.85893415853689,0.000149990339286981,0.00565573328140664,TRUE
"WB_LI","RBM8A","ENSG00000131795",NA,329,-0.0999874396100923,5.19285625217105,-3.85151997302687,0.000154305391006882,0.00580075706982708,TRUE
"WB_LI","ARHGDIB","ENSG00000111348",NA,330,0.177125945757073,9.32834550174769,3.84883366866435,0.00015589765533394,0.00583811820762821,TRUE
"WB_LI","TRIM4","ENSG00000146833",NA,331,-0.0895782832421244,5.74796210894228,-3.84825396960022,0.000156243299379442,0.00583811820762821,TRUE
"WB_LI","MAP3K5","ENSG00000197442",NA,332,0.165499570368163,7.78583337124744,3.84444576307763,0.00015853205191538,0.00590243573535883,TRUE
"WB_LI","MARK2","ENSG00000072518",NA,333,0.240410392914975,4.65120124376623,3.84380696081766,0.000158919073405117,0.00590243573535883,TRUE
"WB_LI","PPP4R1","ENSG00000154845",NA,334,0.251689083511382,8.03261765532362,3.84056822081196,0.000160895094533239,0.00595334872707674,TRUE
"WB_LI","SPAG9","ENSG00000008294",NA,335,0.192907578272266,8.22004591084086,3.83998633457873,0.00016125257305714,0.00595334872707674,TRUE
"WB_LI","TIGD3","ENSG00000173825",NA,336,0.359531976985472,3.23298056473364,3.83741786930861,0.000162839505852092,0.00599404466779367,TRUE
"WB_LI","MAK16","ENSG00000198042",NA,337,-0.132001666138405,4.50751584428008,-3.83307241308054,0.000165558098115744,0.00607603132787987,TRUE
"WB_LI","CDC123","ENSG00000151465",NA,338,0.173210768100957,6.19613042893337,3.83045843606087,0.000167214098077119,0.00611865078407635,TRUE
"WB_LI","ATG16L2","ENSG00000168010",NA,339,0.253677958993295,8.0881324962812,3.82946614440401,0.000167846830833117,0.00612368614673745,TRUE
"WB_LI","RERE","ENSG00000142599",NA,340,0.194624589809598,5.83135486664263,3.82641682182043,0.000169805447221787,0.00617230539060322,TRUE
"WB_LI","CLIP4","ENSG00000115295",NA,341,-0.123003308271054,6.08828984439704,-3.82582549505024,0.000170187760800383,0.00617230539060322,TRUE
"WB_LI","ELF2","ENSG00000109381",NA,342,0.151300977397091,7.30012861034682,3.8243526431515,0.000171143558487243,0.00617230539060322,TRUE
"WB_LI","ITGAX","ENSG00000140678",NA,343,0.313192679561285,7.5128829231989,3.82430328801256,0.000171175675046645,0.00617230539060322,TRUE
"WB_LI","MDFIC","ENSG00000135272",NA,344,-0.162796546669848,6.59429768055093,-3.82036288500126,0.000173758287832349,0.00624721658113514,TRUE
"WB_LI","LPGAT1","ENSG00000123684",NA,345,0.179199161907619,8.27402171071167,3.8175584824305,0.000175618772939765,0.0062958057499102,TRUE
"WB_LI","LPAR2","ENSG00000064547",NA,346,0.278832476298298,4.51265818846263,3.81517165829475,0.000177217072832272,0.00633474207164607,TRUE
"WB_LI","AP3M2","ENSG00000070718",NA,347,-0.160687777264023,4.88607589867682,-3.81436481033435,0.000177760473746271,0.00633585458009763,TRUE
"WB_LI","HCAR2","ENSG00000182782",NA,348,0.357984417400839,5.72734833641086,3.81318122383366,0.000178560457989264,0.00634607972531959,TRUE
"WB_LI","CMTM6","ENSG00000091317",NA,349,0.211426684910138,9.26682460864889,3.80746519918087,0.000182472121897266,0.00646651920809567,TRUE
"WB_LI","NHP2L1","ENSG00000100138",NA,350,-0.10941630302901,5.46613944557229,-3.80613230324534,0.000183395858467573,0.00648068565007698,TRUE
"WB_LI","PNPLA6","ENSG00000032444",NA,351,0.198680236399147,4.85098950724395,3.80291118434503,0.000185646497195849,0.00654152671600645,TRUE
"WB_LI","LASP1","ENSG00000002834",NA,352,0.209376246150209,7.47395942118259,3.80051542511344,0.000187337371532883,0.00658235400885992,TRUE
"WB_LI","WLS","ENSG00000116729",NA,353,0.466752661173147,6.2428913971694,3.79525254177425,0.000191103115768347,0.00668980010010866,TRUE
"WB_LI","NDE1","ENSG00000072864",NA,354,0.199961510380739,6.2682110790634,3.79473519079231,0.000191477137406086,0.00668980010010866,TRUE
"WB_LI","APOL2","ENSG00000128335",NA,355,0.220822348803525,6.79436163134244,3.79265767977677,0.00019298607222792,0.006723526031873,TRUE
"WB_LI","IL6R","ENSG00000160712",NA,356,0.251552151412605,8.85420293589646,3.79178002780973,0.000193626901814961,0.00672487600019928,TRUE
"WB_LI","LDLR","ENSG00000130164",NA,357,0.268111144209114,2.94355379783741,3.7911170966666,0.00019411228428777,0.00672487600019928,TRUE
"WB_LI","PAK2","ENSG00000180370",NA,358,0.179882050374491,6.77976801708742,3.78869911779808,0.000195892446304338,0.0067570839392603,TRUE
"WB_LI","SNORD12B","ENSG00000222365",NA,359,0.287006551244229,2.49731386532878,3.7883717662624,0.000196134632454273,0.0067570839392603,TRUE
"WB_LI","ADAM22","ENSG00000008277",NA,360,-0.226561657790102,3.25029312997004,-3.785833769846,0.000198021966525373,0.00678769291225949,TRUE
"WB_LI","PCBP1-AS1","ENSG00000179818",NA,361,0.190534548627597,5.82949304553567,3.78570159353089,0.000198120726174456,0.00678769291225949,TRUE
"WB_LI","LRRFIP1P1","ENSG00000240429",NA,362,0.201874387404534,3.06337596551712,3.78031897835399,0.000202182330889482,0.00690771013381523,TRUE
"WB_LI","PKN2","ENSG00000065243",NA,363,0.179431862048439,7.53670335332451,3.77701728209317,0.000204712558366211,0.00697362396707132,TRUE
"WB_LI","AE000661.37","ENSG00000251002",NA,364,0.313166374227761,2.2277295580176,3.77633484923609,0.000205239256469434,0.00697362396707132,TRUE
"WB_LI","PHTF1","ENSG00000116793",NA,365,0.167492204654921,5.11625338809272,3.77529460535573,0.000206044577666083,0.00698180640157293,TRUE
"WB_LI","FCGR1B","ENSG00000198019",NA,366,0.437847813309731,3.00816820934541,3.77317817798271,0.000207692277727927,0.0070184100845328,TRUE
"WB_LI","SLC36A1","ENSG00000123643",NA,367,0.250032033411463,5.12488533509093,3.77001596407009,0.000210177387578984,0.00708303523045471,TRUE
"WB_LI","MAT2A","ENSG00000168906",NA,368,-0.119256331072068,5.98971194477832,-3.76836692767925,0.000211484455357875,0.00710771669528859,TRUE
"WB_LI","MYC","ENSG00000136997",NA,369,-0.191634092448502,4.82643120466489,-3.76679194671522,0.000212739997914128,0.00713053738266106,TRUE
"WB_LI","ACTL6A","ENSG00000136518",NA,370,-0.142062843812983,4.54841298358259,-3.76358224884629,0.000215320552582306,0.00717891230213143,TRUE
"WB_LI","ZNF7","ENSG00000147789",NA,371,-0.108177066567223,4.39446395968737,-3.76285596938088,0.000215908563561497,0.00717891230213143,TRUE
"WB_LI","ANKRD13D","ENSG00000172932",NA,372,0.172773596379986,6.68065177683536,3.7628361958631,0.000215924593822194,0.00717891230213143,TRUE
"WB_LI","PHOSPHO1","ENSG00000173868",NA,373,0.322707293000101,6.71936504250831,3.76072837926749,0.000217639854661677,0.00720381689609698,TRUE
"WB_LI","GMIP","ENSG00000089639",NA,374,0.235836599216424,5.98540372907338,3.75979849257088,0.000218400648727005,0.00720381689609698,TRUE
"WB_LI","PDLIM1","ENSG00000107438",NA,375,0.27378759124273,3.68062397014117,3.75977361988461,0.000218421032991297,0.00720381689609698,TRUE
"WB_LI","ARHGEF9","ENSG00000131089",NA,376,-0.142393252754989,4.16427676886446,-3.75900095750759,0.000219055160394643,0.0072055165525557,TRUE
"WB_LI","RP11-205M20.7","ENSG00000232303",NA,377,0.263140789304154,1.78879842581062,3.75758452464349,0.000220222154989921,0.00722468862842266,TRUE
"WB_LI","ARAP1","ENSG00000186635",NA,378,0.245701163107305,7.47333571577137,3.75645565876536,0.000221156429717013,0.00723614476915347,TRUE
"WB_LI","MAST3","ENSG00000099308",NA,379,0.243372821001672,6.20405156146604,3.75167526918899,0.000225154470858178,0.00729418135034701,TRUE
"WB_LI","GLOD4","ENSG00000167699",NA,380,-0.142053749677998,5.1622144696715,-3.75076655121443,0.000225922156079534,0.00729418135034701,TRUE
"WB_LI","LIMK2","ENSG00000182541",NA,381,0.306075994204172,7.51077209099961,3.75063449112119,0.000226033926144652,0.00729418135034701,TRUE
"WB_LI","PXN","ENSG00000089159",NA,382,0.262037204063106,5.83974498387744,3.7504500813822,0.000226190090172612,0.00729418135034701,TRUE
"WB_LI","WAS","ENSG00000015285",NA,383,0.257601340013606,4.20424418462956,3.75006890073989,0.000226513209328077,0.00729418135034701,TRUE
"WB_LI","ZMIZ1","ENSG00000108175",NA,384,0.237994939763074,4.9701290917877,3.74855901094681,0.00022779740374053,0.00729418135034701,TRUE
"WB_LI","CRY1","ENSG00000008405",NA,385,-0.134411248159104,3.88988714977019,-3.74841739925598,0.000227918199865417,0.00729418135034701,TRUE
"WB_LI","RP11-134L10.1","ENSG00000272941",NA,386,0.327482504517194,2.64009418596096,3.7480457542224,0.000228235504588651,0.00729418135034701,TRUE
"WB_LI","GALNT12","ENSG00000119514",NA,387,-0.209567785065975,2.56538203047691,-3.7470834335896,0.000229059059970558,0.00729418135034701,TRUE
"WB_LI","DDX28","ENSG00000182810",NA,388,-0.116492499028271,3.99018891162858,-3.74701579371354,0.000229117051777575,0.00729418135034701,TRUE
"WB_LI","CDC23","ENSG00000094880",NA,389,-0.134714007971201,4.68142802682038,-3.74666553363417,0.000229417573195746,0.00729418135034701,TRUE
"WB_LI","PTOV1","ENSG00000104960",NA,390,0.133680328546879,5.2147439028983,3.74408638622593,0.000231641966173561,0.00734602009649897,TRUE
"WB_LI","TET3","ENSG00000187605",NA,391,0.189797955904263,6.19477392166812,3.74186206870874,0.000233576686413033,0.00738386503702437,TRUE
"WB_LI","LUCAT1","ENSG00000248323",NA,392,0.313163614383012,6.77621163299678,3.74134415329189,0.000234029357577098,0.00738386503702437,TRUE
"WB_LI","APC","ENSG00000134982",NA,393,0.146403875072027,7.49820423489681,3.73823745397614,0.000236762137223864,0.00745107916840903,TRUE
"WB_LI","STARD10","ENSG00000214530",NA,394,0.27175570010487,2.94897829720834,3.7344111596425,0.000240169339122154,0.00752086307683554,TRUE
"WB_LI","SIPA1L1","ENSG00000197555",NA,395,0.211641564821116,7.32749366747052,3.73438171183053,0.00024019574024499,0.00752086307683554,TRUE
"WB_LI","UIMC1","ENSG00000087206",NA,396,0.130356608758576,6.29831228958594,3.73186504992036,0.000242462183201421,0.00757265727736155,TRUE
"WB_LI","CTB-152G17.6","ENSG00000272918",NA,397,0.217039037133355,3.71530146973328,3.72719143906164,0.000246724808917883,0.00766838316314483,TRUE
"WB_LI","MID1IP1","ENSG00000165175",NA,398,0.226770262222421,6.55404934245647,3.72703482299693,0.000246868870944209,0.00766838316314483,TRUE
"WB_LI","MED13L","ENSG00000123066",NA,399,0.143849564981434,8.36247258448724,3.72647203878016,0.000247387199393175,0.00766838316314483,TRUE
"WB_LI","TMEM154","ENSG00000170006",NA,400,0.235948631163054,9.77934771268785,3.72393350921243,0.000249738004127276,0.00770870530248365,TRUE
"WB_LI","SOCS2","ENSG00000120833",NA,401,-0.209163876748041,3.77214838316333,-3.72372226437631,0.000249934575217977,0.00770870530248365,TRUE
"WB_LI","WDR13","ENSG00000101940",NA,402,0.138092055419695,5.38567857694842,3.72287750367253,0.000250722117519132,0.00771375907830005,TRUE
"WB_LI","SRPK2","ENSG00000135250",NA,403,0.159228824415453,7.10971539188639,3.71908640419363,0.000254285377919814,0.00780397407968302,TRUE
"WB_LI","BANP","ENSG00000172530",NA,404,0.157353709147604,6.07449905941638,3.71791889505509,0.000255392316599723,0.00781854497946875,TRUE
"WB_LI","DGCR2","ENSG00000070413",NA,405,0.205289879420041,6.67642044312123,3.71678354671059,0.000256473125226685,0.00782545244589005,TRUE
"WB_LI","RP11-295H24.3","ENSG00000259531",NA,406,0.215137710615764,1.92262278927111,3.71635376795223,0.000256883383977309,0.00782545244589005,TRUE
"WB_LI","EIF3K","ENSG00000178982",NA,407,-0.0969712101373732,6.51764211422067,-3.71433303617524,0.000258820655720267,0.0078468148183082,TRUE
"WB_LI","RNPEPL1","ENSG00000142327",NA,408,0.174047509419204,5.19485367142686,3.71399676179035,0.000259144376960076,0.0078468148183082,TRUE
"WB_LI","WDR3","ENSG00000065183",NA,409,-0.15763326269096,5.11155386160716,-3.71364027459006,0.000259487973858995,0.0078468148183082,TRUE
"WB_LI","E2F3","ENSG00000112242",NA,410,0.17952657842555,5.21079325601922,3.71272132603001,0.000260375678339785,0.00785445460904014,TRUE
"WB_LI","SP110","ENSG00000135899",NA,411,0.192725977212702,6.87497021753187,3.70802240649325,0.000264959821593721,0.00797329214956482,TRUE
"WB_LI","FAM53B","ENSG00000189319",NA,412,0.169848044331499,6.4992498396553,3.70362261987197,0.000269321109110766,0.00808486280942223,TRUE
"WB_LI","NEK6","ENSG00000119408",NA,413,0.232432643213602,5.99264242241176,3.70208138656481,0.000270864815322455,0.00809780413389492,TRUE
"WB_LI","TPP2","ENSG00000134900",NA,414,-0.115054297629415,7.25971203517236,-3.70160520923089,0.000271343442722032,0.00809780413389492,TRUE
"WB_LI","TBC1D10B","ENSG00000169221",NA,415,0.193647165519937,3.78912122194863,3.70123468776556,0.000271716422668693,0.00809780413389492,TRUE
"WB_LI","STK40","ENSG00000196182",NA,416,0.256503499971276,5.94366788506382,3.69908117392873,0.000273893821514431,0.00814307400117905,TRUE
"WB_LI","TNFSF8","ENSG00000106952",NA,417,-0.127541025884032,5.42587246064335,-3.69580937223056,0.000277233446633341,0.00822259776489486,TRUE
"WB_LI","CBL","ENSG00000110395",NA,418,0.230099673143958,7.0461831851933,3.69514568513926,0.000277915562822678,0.00822310928466719,TRUE
"WB_LI","CDK19","ENSG00000155111",NA,419,0.194613562810195,6.27120795433266,3.69299773126837,0.000280134032440072,0.00825521459492632,TRUE
"WB_LI","EIF3G","ENSG00000130811",NA,420,-0.10822528451299,6.82138606136269,-3.69220342449284,0.00028095863937854,0.00825521459492632,TRUE
"WB_LI","ADSS","ENSG00000035687",NA,421,-0.102739093926615,5.73996961985846,-3.69183727941124,0.000281339522326667,0.00825521459492632,TRUE
"WB_LI","HDDC3","ENSG00000184508",NA,422,-0.13964474156095,3.35838705932505,-3.69102550258302,0.000282185712372657,0.00825521459492632,TRUE
"WB_LI","GLT8D1","ENSG00000016864",NA,423,-0.0958151661818343,4.80980205106798,-3.69062603768825,0.000282602992528164,0.00825521459492632,TRUE
"WB_LI","FMNL1","ENSG00000184922",NA,424,0.279092430469001,6.03116431331199,3.69024132169582,0.000283005416255559,0.00825521459492632,TRUE
"WB_LI","ARL4C","ENSG00000188042",NA,425,-0.143359052872379,7.2260693807849,-3.68870476038365,0.000284618100487972,0.0082827215690241,TRUE
"WB_LI","RELB","ENSG00000104856",NA,426,0.207393934208536,4.2350549398149,3.68778810485844,0.00028558429259005,0.00828338144555252,TRUE
"WB_LI","WDR1","ENSG00000071127",NA,427,0.148926890910342,8.23500909568002,3.68741328191627,0.000285980261744092,0.00828338144555252,TRUE
"WB_LI","QDPR","ENSG00000151552",NA,428,-0.198589495855403,2.47412079620834,-3.6860190426519,0.000287457710067917,0.00830672186476634,TRUE
"WB_LI","TMEM43","ENSG00000170876",NA,429,0.207107821750847,6.98877279614423,3.68448930966539,0.000289087020891226,0.00832403419755228,TRUE
"WB_LI","ACVR2A","ENSG00000121989",NA,430,-0.1733169867085,3.96437862336443,-3.6841937048361,0.000289402870710501,0.00832403419755228,TRUE
"WB_LI","IQCE","ENSG00000106012",NA,431,0.219038833154545,4.54262205888554,3.68174807905763,0.00029202850403532,0.00836690635285777,TRUE
"WB_LI","CLDND1","ENSG00000080822",NA,432,-0.133892984041924,6.08214451038417,-3.68154604938312,0.000292246405597878,0.00836690635285777,TRUE
"WB_LI","MXD1","ENSG00000059728",NA,433,0.300810174151511,9.90289848076661,3.67877769095091,0.000295247742117461,0.00843331195036664,TRUE
"WB_LI","AC093323.3","ENSG00000170846",NA,434,-0.139424111844763,4.19339092178442,-3.67625219818485,0.000298011108350966,0.00848496166988696,TRUE
"WB_LI","KIAA1257","ENSG00000114656",NA,435,0.354840081050651,2.7794722821478,3.67587305116056,0.000298428066494245,0.00848496166988696,TRUE
"WB_LI","RP11-455F5.3","ENSG00000250616",NA,436,0.398151060254199,4.12304351228302,3.67513464721534,0.000299241688595859,0.00848858074438895,TRUE
"WB_LI","SLC9A7P1","ENSG00000227825",NA,437,-0.244093482726455,2.87983688603097,-3.67126196547729,0.000303543229038332,0.00857593626020066,TRUE
"WB_LI","ZNF33A","ENSG00000189180",NA,438,0.140346189941646,7.63986568639589,3.67098893874793,0.000303848680315641,0.00857593626020066,TRUE
"WB_LI","TGIF1","ENSG00000177426",NA,439,-0.120051676323949,4.59859755577231,-3.66992133213774,0.000305045859944194,0.00857593626020066,TRUE
"WB_LI","SUCLG2","ENSG00000172340",NA,440,-0.12474645603422,4.95786624481032,-3.66926176014095,0.000305787703758322,0.00857593626020066,TRUE
"WB_LI","MAML2","ENSG00000184384",NA,441,-0.126546850988851,5.93563692789414,-3.66926136014108,0.000305788154167892,0.00857593626020066,TRUE
"WB_LI","LILRA6","ENSG00000244482",NA,442,0.280924992704499,4.2942333907038,3.6678398694869,0.000307392743997079,0.00860143316234361,TRUE
"WB_LI","GRK6","ENSG00000198055",NA,443,0.138933081592174,6.82961559132918,3.66556965867233,0.000309971848317663,0.00865402216702675,TRUE
"WB_LI","SPI1","ENSG00000066336",NA,444,0.2583064841838,5.3135031182515,3.66275387628662,0.000313199102240581,0.0087244290461971,TRUE
"WB_LI","AP5B1","ENSG00000254470",NA,445,0.303348236417674,5.41212474219351,3.66164516153084,0.000314478503708186,0.00874038232328729,TRUE
"WB_LI","TGFA","ENSG00000163235",NA,446,0.304702184802279,5.49512072299606,3.65919585873747,0.00031732236028865,0.00879440553807865,TRUE
"WB_LI","RP11-212I21.4","ENSG00000261997",NA,447,0.244219164140194,4.38069863963202,3.65874851328352,0.000317844378680559,0.00879440553807865,TRUE
"WB_LI","CATSPER1","ENSG00000175294",NA,448,-0.268488506553902,1.61973268905122,-3.65698670812318,0.000319908153722222,0.0088317501009742,TRUE
"WB_LI","LXN","ENSG00000079257",NA,449,0.226043081145275,3.34810728386037,3.65611683944899,0.000320931767066686,0.00884027638102623,TRUE
"WB_LI","EMR1","ENSG00000174837",NA,450,0.300266022764458,5.51672497645363,3.65491181009156,0.000322354879730339,0.00885974478334406,TRUE
"WB_LI","PDLIM7","ENSG00000196923",NA,451,0.334433775753716,4.18941621366457,3.65364342106171,0.000323859241906625,0.008878370467892,TRUE
"WB_LI","TARBP1","ENSG00000059588",NA,452,-0.145422060124362,5.52802479689401,-3.65279983206742,0.000324863434257907,0.008878370467892,TRUE
"WB_LI","RALGPS1","ENSG00000136828",NA,453,0.170737934427357,3.98422084570309,3.65143769247279,0.000326491095747838,0.008878370467892,TRUE
"WB_LI","PAIP2B","ENSG00000124374",NA,454,-0.186270642182962,3.54316967466605,-3.65082346888443,0.000327227561066608,0.008878370467892,TRUE
"WB_LI","SLC6A6","ENSG00000131389",NA,455,0.266729768395832,8.69802938458079,3.65081210613892,0.000327241199941969,0.008878370467892,TRUE
"WB_LI","CTBP2P8","ENSG00000234383",NA,456,0.429341594937446,2.44958146386125,3.65073008962405,0.000327339661494077,0.008878370467892,TRUE
"WB_LI","RFWD2","ENSG00000143207",NA,457,0.165662276064198,7.65114647335662,3.64639725839668,0.000332581136463432,0.00900079539557928,TRUE
"WB_LI","TYK2","ENSG00000105397",NA,458,0.161002106199575,7.63981287912893,3.64550162020996,0.00033367441680737,0.00901066634732216,TRUE
"WB_LI","FBXL13","ENSG00000161040",NA,459,0.423951273886737,4.43119831214015,3.64356752664111,0.000336046871742162,0.00905496233051646,TRUE
"WB_LI","GLT1D1","ENSG00000151948",NA,460,0.277443313385462,6.71043878397508,3.64204245414196,0.000337928797341246,0.00907999159687274,TRUE
"WB_LI","STXBP2","ENSG00000076944",NA,461,0.211586493541779,3.87894577405222,3.64162629194905,0.000338444059359503,0.00907999159687274,TRUE
"WB_LI","H2AFJ","ENSG00000246705",NA,462,-0.165090643899994,4.40187772024972,-3.64015280302991,0.000340274382595529,0.00910933671848809,TRUE
"WB_LI","DAPP1","ENSG00000070190",NA,463,0.172117355108487,7.59286168722147,3.6383114143388,0.00034257480771805,0.00915111279018755,TRUE
"WB_LI","AC074286.1","ENSG00000213963",NA,464,-0.22123755421571,1.88245994921664,-3.6364669891078,0.000344893705776577,0.00919320119190669,TRUE
"WB_LI","LDHA","ENSG00000134333",NA,465,-0.145245737248554,5.99595908675773,-3.63542515359464,0.000346210076228161,0.00920844348987073,TRUE
"WB_LI","JMY","ENSG00000152409",NA,466,-0.149846557038425,5.17284011338381,-3.63450253064345,0.000347379769768319,0.00921972745170507,TRUE
"WB_LI","TMEM25","ENSG00000149582",NA,467,-0.226235884176278,1.77887279351811,-3.63306096890988,0.000349214823018104,0.00924858443487776,TRUE
"WB_LI","CCDC147","ENSG00000120051",NA,468,0.345820127707,2.25119963480361,3.63225074822432,0.000350250206694315,0.00925618494956258,TRUE
"WB_LI","SLK","ENSG00000065613",NA,469,0.165938892731951,7.47968456603844,3.63039091904536,0.000352637833435963,0.00929941305743281,TRUE
"WB_LI","ARRDC4","ENSG00000140450",NA,470,0.315095893953979,4.58508785837321,3.62787906047416,0.000355886864582546,0.00934534584829899,TRUE
"WB_LI","ZNF770","ENSG00000198146",NA,471,-0.0986111012472566,6.69321859467962,-3.62778526067855,0.000356008736709949,0.00934534584829899,TRUE
"WB_LI","EHBP1L1","ENSG00000173442",NA,472,0.183307097947998,7.60019066418898,3.62729493567281,0.000356646445698345,0.00934534584829899,TRUE
"WB_LI","ZFAS1","ENSG00000177410",NA,473,0.194833676294056,5.87360245543674,3.62537950210191,0.000359147951036401,0.00939099758650784,TRUE
"WB_LI","UBE4B","ENSG00000130939",NA,474,0.143422613303087,5.58227972405273,3.61993775468149,0.000366345165852187,0.00955898103641318,TRUE
"WB_LI","SIRPD","ENSG00000125900",NA,475,0.262217032746563,2.45677905317255,3.61799946863542,0.000368941362141674,0.00960645635151205,TRUE
"WB_LI","MOB3A","ENSG00000172081",NA,476,0.237173665383329,6.17297383316234,3.61705411883633,0.000370213865115919,0.00961933841124724,TRUE
"WB_LI","MRPL21","ENSG00000197345",NA,477,-0.182793317317768,3.02898656449196,-3.61495596301104,0.000373052895881177,0.00967278452045786,TRUE
"WB_LI","VCPKMT","ENSG00000100483",NA,478,0.152684034710644,4.642948970042,3.61432939537832,0.000373904674870777,0.00967458790544304,TRUE
"WB_LI","RELT","ENSG00000054967",NA,479,0.207605893868558,6.83223049184363,3.61135828307715,0.00037796869267321,0.00975932524213416,TRUE
"WB_LI","SPPL2A","ENSG00000138600",NA,480,0.111085508706971,5.26533913505754,3.60926406653407,0.000380858193106977,0.00981344610905645,TRUE
"WB_LI","KIAA0319","ENSG00000137261",NA,481,0.394622796588249,2.90623209770316,3.60868498124949,0.000381660848770159,0.00981368269769092,TRUE
"WB_LI","WDPCP","ENSG00000143951",NA,482,-0.127826289371087,4.18181382460029,-3.60722861798588,0.000383686519201792,0.00984530055910325,TRUE
"WB_LI","HIPK1","ENSG00000163349",NA,483,0.15979133861146,8.16616700484985,3.60477864091369,0.000387117059403036,0.00991276147142185,TRUE
"WB_LI","DYSF","ENSG00000135636",NA,484,0.372515356410649,7.15056448373946,3.60319838678438,0.000389345073481414,0.00994921460499613,TRUE
"WB_LI","C2CD5","ENSG00000111731",NA,485,-0.0889582963646782,6.45155501118536,-3.60168387895016,0.000391491709297083,0.00998344218677592,TRUE
"WB_LI","NFIC","ENSG00000141905",NA,486,0.267881860222396,2.30957817494983,3.60013034857488,0.000393705220988109,0.0100170116377011,TRUE
"WB_LI","UBASH3B","ENSG00000154127",NA,487,0.12120195145555,5.24943097463366,3.59962490017296,0.000394427932370668,0.0100170116377011,TRUE
"WB_LI","CAMK1","ENSG00000134072",NA,488,0.219949386854578,4.5607360896595,3.59843100617091,0.000396139971069888,0.0100398753323614,TRUE
"WB_LI","RNF25","ENSG00000163481",NA,489,-0.119947933366786,3.48749136765343,-3.59748736149221,0.000397498097228466,0.0100536942055658,TRUE
"WB_LI","AF001548.5","ENSG00000263335",NA,490,0.310220473442529,1.47896116797737,3.59614283045527,0.000399440761288502,0.0100822108890126,TRUE
"WB_LI","ZBTB18","ENSG00000179456",NA,491,0.150787032902025,6.879375346378,3.59475426437541,0.000401456422294759,0.0101124501648505,TRUE
"WB_LI","SLC35E3","ENSG00000175782",NA,492,0.139844510718013,4.0628129604828,3.59356882644939,0.000403184786482314,0.0101353443886448,TRUE
"WB_LI","ZYX","ENSG00000159840",NA,493,0.282058452482667,5.28040608703372,3.58601011656207,0.00041437102180788,0.0103590454998004,TRUE
"WB_LI","RP5-1086K13.1","ENSG00000224950",NA,494,0.232613386121171,3.69789382295565,3.58576656762291,0.000414736261257749,0.0103590454998004,TRUE
"WB_LI","THUMPD3","ENSG00000134077",NA,495,-0.11991753565445,4.21943269981031,-3.58551690497303,0.000415110983382024,0.0103590454998004,TRUE
"WB_LI","AKT1","ENSG00000142208",NA,496,0.162899262345189,7.25688874350354,3.58502841643733,0.000415845083644287,0.0103590454998004,TRUE
"WB_LI","NAP1L4P1","ENSG00000177173",NA,497,0.17420933937762,3.84117306568928,3.58474505663144,0.000416271475857117,0.0103590454998004,TRUE
"WB_LI","SLC22A1","ENSG00000175003",NA,498,0.349925266238632,2.75918429344951,3.58246284610526,0.000419720705553897,0.0104239070005835,TRUE
"WB_LI","TMEM86B","ENSG00000180089",NA,499,0.291446900812886,2.80878452805387,3.58051972714101,0.00042267861017146,0.0104551131222922,TRUE
"WB_LI","KCNE1","ENSG00000180509",NA,500,0.288760925661441,4.30112125839075,3.58049617882047,0.000422714576407284,0.0104551131222922,TRUE
"WB_LI","SPOPL","ENSG00000144228",NA,501,0.191892403583658,7.66640565745471,3.57997375544617,0.000423513233689229,0.0104551131222922,TRUE
"WB_LI","ZNF467","ENSG00000181444",NA,502,0.293477571849035,3.8358785332832,3.57615423319792,0.000429395594757728,0.0105792125816007,TRUE
"WB_LI","RP11-70C1.1","ENSG00000225611",NA,503,0.395441948435127,1.74851459322784,3.57545754174122,0.000430476802351728,0.0105847655894357,TRUE
"WB_LI","UFD1L","ENSG00000070010",NA,504,0.0972892060351497,5.03540873436783,3.57236506088879,0.0004353070428691,0.0106822966392957,TRUE
"WB_LI","CNN2","ENSG00000064666",NA,505,0.243971822129771,6.73502088162439,3.56690540252362,0.00044395923982438,0.0108294996532611,TRUE
"WB_LI","CARS2","ENSG00000134905",NA,506,0.148870939458319,6.72904519964002,3.56665742023313,0.000444356041577699,0.0108294996532611,TRUE
"WB_LI","ASAP1","ENSG00000153317",NA,507,0.198349105826052,6.73705569412302,3.56625205217732,0.000445005397455782,0.0108294996532611,TRUE
"WB_LI","RP1-224A6.9","ENSG00000271840",NA,508,0.177133512856847,3.7602634978994,3.56609517097379,0.000445256943477515,0.0108294996532611,TRUE
"WB_LI","RP11-553L6.5","ENSG00000259976",NA,509,-0.165482813338187,2.9768380184843,-3.56573926775654,0.000445828100341806,0.0108294996532611,TRUE
"WB_LI","TXN","ENSG00000136810",NA,510,0.271966871069157,4.47188012650399,3.56528429257589,0.000446559251549416,0.0108294996532611,TRUE
"WB_LI","KBTBD3","ENSG00000182359",NA,511,-0.199192056754549,2.94459975091983,-3.56257730942847,0.000450932758975267,0.0109141611800511,TRUE
"WB_LI","EXD2","ENSG00000081177",NA,512,-0.138486922637885,2.94062833917284,-3.55917694187141,0.000456483566465775,0.0110269311524389,TRUE
"WB_LI","ADPGK","ENSG00000159322",NA,513,0.0935471328492176,7.34837782554077,3.55579149725158,0.000462073741551832,0.0111273887678177,TRUE
"WB_LI","PCCA","ENSG00000175198",NA,514,-0.146222497664426,3.53015083811602,-3.55557006571693,0.000462441609529292,0.0111273887678177,TRUE
"WB_LI","ADNP2","ENSG00000101544",NA,515,-0.0905497956479535,4.35654619807452,-3.55431505958118,0.00046453177666055,0.0111559786674518,TRUE
"WB_LI","KIAA1841","ENSG00000162929",NA,516,0.155472544378125,3.64199188540301,3.55245570056762,0.000467644791744217,0.0111775434127745,TRUE
"WB_LI","AC104820.2","ENSG00000234663",NA,517,-0.222380507290866,3.37470354326192,-3.5522763577819,0.000467946088784729,0.0111775434127745,TRUE
"WB_LI","CTD-2228K2.5","ENSG00000188242",NA,518,-0.164307634857321,3.10064157385784,-3.55216041666712,0.000468140967643694,0.0111775434127745,TRUE
"WB_LI","PER2","ENSG00000132326",NA,519,0.189567413838817,2.58671606591532,3.55101346758838,0.000470072921105282,0.0112020460274184,TRUE
"WB_LI","TIAM2","ENSG00000146426",NA,520,0.282988703651758,4.13470617822094,3.54851309220032,0.000474310613052976,0.0112812955043062,TRUE
"WB_LI","PRR14","ENSG00000156858",NA,521,0.152622013467649,3.58701032629433,3.5463163585139,0.000478063270307736,0.0113271811945564,TRUE
"WB_LI","RP11-326I11.5","ENSG00000270426",NA,522,0.198173828731731,4.20882778126325,3.54601846412925,0.000478574301941626,0.0113271811945564,TRUE
"WB_LI","HRH2","ENSG00000113749",NA,523,0.281600417255007,6.23789361252535,3.54577789494369,0.00047898736778404,0.0113271811945564,TRUE
"WB_LI","H3F3AP4","ENSG00000235655",NA,524,0.244096248700387,6.8674941836846,3.54414552225957,0.000481799066165275,0.0113525910595552,TRUE
"WB_LI","FLJ27365","ENSG00000197182",NA,525,0.241476697122722,3.05477405763895,3.54408844244498,0.000481897663831378,0.0113525910595552,TRUE
"WB_LI","MOAP1","ENSG00000165943",NA,526,-0.0942634948563821,5.11992958322929,-3.54249213870341,0.000484662749845393,0.0113960245058704,TRUE
"WB_LI","RAB1A","ENSG00000138069",NA,527,0.113707069323184,6.26420556483359,3.54045770980849,0.000488208343432174,0.0114254125243826,TRUE
"WB_LI","AP003733.1","ENSG00000269089",NA,528,0.255568398418017,1.97702115552154,3.54001161052679,0.000488989052227293,0.0114254125243826,TRUE
"WB_LI","PILRA","ENSG00000085514",NA,529,0.272140138757185,4.34355160535671,3.53983325821534,0.000489301510687884,0.0114254125243826,TRUE
"WB_LI","RP11-454L1.2","ENSG00000234219",NA,530,0.22099107019236,1.88818282076711,3.53965856020164,0.000489607748861804,0.0114254125243826,TRUE
"WB_LI","B3GNTL1","ENSG00000175711",NA,531,0.268990254642627,4.49683944846295,3.53608366189286,0.000495914052489324,0.0115499462715745,TRUE
"WB_LI","NUP214","ENSG00000126883",NA,532,0.169201377111447,6.85605757943003,3.53542658274269,0.000497081438707044,0.0115499462715745,TRUE
"WB_LI","DDIT3","ENSG00000175197",NA,533,0.196643000034552,4.08388597939796,3.53499706987705,0.000497845917801292,0.0115499462715745,TRUE
"WB_LI","KDM4B","ENSG00000127663",NA,534,0.220547119754242,6.54888481676733,3.53421554943925,0.000499239758398551,0.0115499462715745,TRUE
"WB_LI","MAP3K11","ENSG00000173327",NA,535,0.195792674847785,6.0021284392739,3.53400627510499,0.000499613620253264,0.0115499462715745,TRUE
"WB_LI","TRIOBP","ENSG00000100106",NA,536,0.191330327891184,3.97864576902965,3.53328762575667,0.000500899466101352,0.0115580682775028,TRUE
"WB_LI","HDGFRP3","ENSG00000166503",NA,537,-0.362351504760994,1.98638748255857,-3.53186450929031,0.000503454954788393,0.011586961022417,TRUE
"WB_LI","HIST1H1D","ENSG00000124575",NA,538,-0.184682906171644,6.62134212448127,-3.53154781226502,0.000504025309674995,0.011586961022417,TRUE
"WB_LI","PIK3R5","ENSG00000141506",NA,539,0.160816249185137,6.88922965265577,3.52662913775901,0.000512961816923879,0.0117103226267122,TRUE
"WB_LI","NUFIP2","ENSG00000108256",NA,540,0.102193127606419,8.608672759359,3.52639175683602,0.000513396842471695,0.0117103226267122,TRUE
"WB_LI","RENBP","ENSG00000102032",NA,541,0.211200638430744,3.28240163222043,3.52629910329828,0.000513566733770884,0.0117103226267122,TRUE
"WB_LI","FAM193A","ENSG00000125386",NA,542,0.155990168238651,4.51947062979393,3.5262842509202,0.000513593972281928,0.0117103226267122,TRUE
"WB_LI","SLC25A44","ENSG00000160785",NA,543,0.221615715727633,5.46695502804778,3.525774777739,0.000514529141731261,0.0117103226267122,TRUE
"WB_LI","VSIG10","ENSG00000176834",NA,544,0.423808382139734,2.55871530634868,3.52547921080805,0.000515072405314639,0.0117103226267122,TRUE
"WB_LI","QARS","ENSG00000172053",NA,545,-0.0881982763628155,6.72273730889226,-3.5237167124178,0.000518323138784033,0.0117626065696898,TRUE
"WB_LI","BMP6","ENSG00000153162",NA,546,0.345424459532787,2.69558909366812,3.51841163341872,0.000528224345358601,0.0119653456106139,TRUE
"WB_LI","PAK1","ENSG00000149269",NA,547,0.206580324861559,7.21922878842011,3.51761709835303,0.000529722427417772,0.0119773436605174,TRUE
"WB_LI","GSK3A","ENSG00000105723",NA,548,0.159782811621053,3.00152501447306,3.51664001692046,0.00053157016293744,0.0119971893708216,TRUE
"WB_LI","PHF21A","ENSG00000135365",NA,549,0.170337700720262,6.4680010100016,3.51576060362008,0.000533238369475384,0.0120129183126986,TRUE
"WB_LI","METAP1","ENSG00000164024",NA,550,-0.0985554381183358,4.70863163217357,-3.51402587171958,0.000536543486549307,0.0120511606095241,TRUE
"WB_LI","TGFBR2","ENSG00000163513",NA,551,0.129122846756695,8.82629461358411,3.51384737292519,0.000536884661695325,0.0120511606095241,TRUE
"WB_LI","CD46","ENSG00000117335",NA,552,0.184156149917948,9.38552863806516,3.51329960277228,0.00053793291775133,0.0120528158093269,TRUE
"WB_LI","EPN2","ENSG00000072134",NA,553,0.230608654536445,3.0602808534385,3.51245966153656,0.00053954402541684,0.0120639395509413,TRUE
"WB_LI","LRMP","ENSG00000118308",NA,554,0.173972986713045,7.74243581095314,3.51164720883346,0.00054110671265445,0.0120639395509413,TRUE
"WB_LI","MKNK2","ENSG00000099875",NA,555,0.184262961878578,6.72400645550083,3.51150916679936,0.000541372646980049,0.0120639395509413,TRUE
"WB_LI","DDX18","ENSG00000088205",NA,556,-0.131683392017223,5.89289143404541,-3.51101220457736,0.000542331047083067,0.0120639395509413,TRUE
"WB_LI","SVIL","ENSG00000197321",NA,557,0.214658407280103,6.70662489200282,3.50909319070354,0.000546046857111425,0.0121124227552091,TRUE
"WB_LI","RP5-981O7.2","ENSG00000229591",NA,558,0.235824240067428,1.92195116409625,3.50887581476628,0.000546469267254742,0.0121124227552091,TRUE
"WB_LI","LRRFIP2","ENSG00000093167",NA,559,0.113944943767889,6.34338979667922,3.50594111768079,0.000552202124956688,0.0121937389699704,TRUE
"WB_LI","USP3","ENSG00000140455",NA,560,0.118145191383625,7.59008590839512,3.505299448609,0.000553463101875342,0.0121937389699704,TRUE
"WB_LI","CASC3","ENSG00000108349",NA,561,0.174232140518078,6.22840308193686,3.50523710746633,0.000553585755490377,0.0121937389699704,TRUE
"WB_LI","LAMTOR4","ENSG00000188186",NA,562,0.183180059248355,6.36317070019115,3.50471116820421,0.000554621534403223,0.0121937389699704,TRUE
"WB_LI","PDE6B","ENSG00000133256",NA,563,-0.197678484582251,2.18599862013921,-3.50448499491671,0.000555067516178312,0.0121937389699704,TRUE
"WB_LI","MGEA5","ENSG00000198408",NA,564,0.102999472025299,8.98069636088465,3.5025604124798,0.000558876151597002,0.012238148606289,TRUE
"WB_LI","CWC25","ENSG00000108296",NA,565,0.123315039525234,5.32249865709134,3.50246375500378,0.000559068075885615,0.012238148606289,TRUE
"WB_LI","CERS2","ENSG00000143418",NA,566,0.123214374432018,6.67822455837581,3.50155849132101,0.000560868581374358,0.0122558703435301,TRUE
"WB_LI","SEMA4A","ENSG00000196189",NA,567,0.295535130829919,5.83290159977901,3.5001262973069,0.000563728224321185,0.0122947517265567,TRUE
"WB_LI","MIR4435-1HG","ENSG00000172965",NA,568,0.201490576476038,4.51014411222965,3.4996730430677,0.000564636075411075,0.0122947517265567,TRUE
"WB_LI","SURF2","ENSG00000148291",NA,569,-0.136188386044672,2.87226224288357,-3.49859498922384,0.000566800887620206,0.0123201992585004,TRUE
"WB_LI","C10orf12","ENSG00000155640",NA,570,0.11843575348309,5.65576689324244,3.49804186559266,0.000567914619457432,0.0123227509007886,TRUE
"WB_LI","RP11-50E11.3","ENSG00000226200",NA,571,-0.142681401480282,4.08350207730092,-3.49504164821876,0.000573991487333608,0.0124071234472378,TRUE
"WB_LI","DEF8","ENSG00000140995",NA,572,0.205227865810675,6.89605015614911,3.49461208773433,0.000574866524377584,0.0124071234472378,TRUE
"WB_LI","DACH1","ENSG00000165659",NA,573,0.260096005075136,2.5499960668698,3.4939111799917,0.000576296995557983,0.0124071234472378,TRUE
"WB_LI","TRERF1","ENSG00000124496",NA,574,0.155612749506058,5.57922243045299,3.4930151891358,0.000578130468423965,0.0124071234472378,TRUE
"WB_LI","RNF24","ENSG00000101236",NA,575,0.296030699879628,6.84568045828255,3.49279079250228,0.000578590508463514,0.0124071234472378,TRUE
"WB_LI","EGLN1","ENSG00000135766",NA,576,0.240817918957894,7.76090649364977,3.49277138306069,0.000578630316270503,0.0124071234472378,TRUE
"WB_LI","MPPE1","ENSG00000154889",NA,577,0.178375204835742,6.69460558583971,3.49267637382664,0.000578825212569229,0.0124071234472378,TRUE
"WB_LI","RP11-705C15.2","ENSG00000256594",NA,578,-0.140746754118952,6.52280010889439,-3.49187647423612,0.00058046852091388,0.0124141201883388,TRUE
"WB_LI","QPCT","ENSG00000115828",NA,579,0.320662039724865,7.24253109236173,3.49154096637814,0.000581159087083455,0.0124141201883388,TRUE
"WB_LI","NDNL2","ENSG00000185115",NA,580,-0.132277439004118,4.5841533289311,-3.48971507470787,0.00058493078729274,0.012473144788339,TRUE
"WB_LI","KIAA1324L","ENSG00000164659",NA,581,-0.343320050574329,3.41986996991286,-3.48654722145878,0.000591529035620303,0.0125732546931373,TRUE
"WB_LI","ALG1","ENSG00000033011",NA,582,-0.115070009504448,3.54756984875039,-3.4864853233692,0.000591658653897631,0.0125732546931373,TRUE
"WB_LI","ADORA3","ENSG00000121933",NA,583,0.33396022433966,2.63417299992085,3.48586715187463,0.000592954603030158,0.012579181012482,TRUE
"WB_LI","CNOT3","ENSG00000088038",NA,584,0.269590678893793,2.34836084371584,3.48291590380733,0.000599178420901505,0.0126873792200291,TRUE
"WB_LI","VMP1","ENSG00000062716",NA,585,0.186232136786298,9.08220674624268,3.48247829838094,0.00060010647183999,0.0126873792200291,TRUE
"WB_LI","LRRC8C","ENSG00000171488",NA,586,-0.121895485323661,6.57407115934904,-3.48073472223068,0.000603817550448673,0.0127330901850004,TRUE
"WB_LI","ZNF252P","ENSG00000196922",NA,587,-0.12435991321647,5.35272570595857,-3.48049586411407,0.00060432761469884,0.0127330901850004,TRUE
"WB_LI","RABIF","ENSG00000183155",NA,588,0.0996087763123849,4.5431179404004,3.47798674249817,0.000609710115146113,0.0128246508573591,TRUE
"WB_LI","KLHL21","ENSG00000162413",NA,589,0.215374738664618,6.52005570997679,3.47595368431046,0.000614104286274678,0.0128351661943353,TRUE
"WB_LI","BCL3","ENSG00000069399",NA,590,0.300116101676713,3.32858546641486,3.47590097956388,0.000614218593810984,0.0128351661943353,TRUE
"WB_LI","IRF2","ENSG00000168310",NA,591,0.152742708875529,6.11823527665814,3.47557978436377,0.000614915642034251,0.0128351661943353,TRUE
"WB_LI","STAT4","ENSG00000138378",NA,592,-0.140545433841921,6.47771209074144,-3.47552580337417,0.000615032862685548,0.0128351661943353,TRUE
"WB_LI","ARHGAP26-IT1","ENSG00000230789",NA,593,0.287368297267826,2.90445057695268,3.47535730402897,0.000615398896607441,0.0128351661943353,TRUE
"WB_LI","ZNF512","ENSG00000243943",NA,594,-0.105476993768745,4.61620538864704,-3.47308817456229,0.000620348087048457,0.0129166079808339,TRUE
"WB_LI","FTO","ENSG00000140718",NA,595,-0.115609539473725,4.72100502658354,-3.47202835632605,0.000622672405804111,0.0129432139747651,TRUE
"WB_LI","FASTKD3","ENSG00000124279",NA,596,-0.126704021425673,3.63566086266766,-3.47130933941812,0.000624253945338007,0.0129543167717122,TRUE
"WB_LI","TFEB","ENSG00000112561",NA,597,0.198637751389203,5.10351382268182,3.46715909423341,0.000633456558487432,0.0131183351815016,TRUE
"WB_LI","PSTPIP1","ENSG00000140368",NA,598,0.151920909033688,6.85282366622192,3.46639933679322,0.000635154918564483,0.0131183351815016,TRUE
"WB_LI","EPM2A","ENSG00000112425",NA,599,-0.173788737808382,2.79082270446952,-3.46631674078805,0.000635339810294263,0.0131183351815016,TRUE
"WB_LI","THOC5","ENSG00000100296",NA,600,0.16395470780793,5.84480450501172,3.46516259777723,0.000637928646609226,0.0131498358354382,TRUE
"WB_LI","DEDD2","ENSG00000160570",NA,601,0.17300337317099,6.46605149300382,3.46155320346144,0.000646088714676345,0.0132643214261497,TRUE
"WB_LI","RP11-399O19.9","ENSG00000261438",NA,602,0.197290737973838,3.6664055541651,3.46118986640267,0.000646915534862944,0.0132643214261497,TRUE
"WB_LI","MBP","ENSG00000197971",NA,603,0.167566055771483,8.71385917491569,3.46109672910914,0.00064712764024267,0.0132643214261497,TRUE
"WB_LI","TTLL3","ENSG00000214021",NA,604,0.219058350766457,3.72886101702749,3.4608137460387,0.000647772488793211,0.0132643214261497,TRUE
"WB_LI","VWA5A","ENSG00000110002",NA,605,-0.174935994931482,3.27628746003279,-3.46007316801125,0.000649462932371762,0.0132769546240892,TRUE
"WB_LI","RP11-695J4.2","ENSG00000256751",NA,606,0.30031173007941,2.3405078047422,3.45858211537558,0.000652878947914927,0.0133247637422637,TRUE
"WB_LI","DGKZ","ENSG00000149091",NA,607,0.173604742986174,4.73375146977972,3.45391593111267,0.000663678240547046,0.0135228541665335,TRUE
"WB_LI","RP1-229K20.5","ENSG00000218809",NA,608,0.357356697706651,2.88741077830204,3.45223863839656,0.000667600816814372,0.0135512040654892,TRUE
"WB_LI","ZNFX1","ENSG00000124201",NA,609,0.184679473624402,7.99969465931057,3.45206536055942,0.000668007285054801,0.0135512040654892,TRUE
"WB_LI","CAAP1","ENSG00000120159",NA,610,-0.122337627077205,4.29372436318374,-3.45191652431291,0.000668356604135543,0.0135512040654892,TRUE
"WB_LI","ADM","ENSG00000148926",NA,611,0.379444038993361,5.48380207665646,3.45104734146583,0.000670399996285625,0.0135703881408521,TRUE
"WB_LI","C8orf33","ENSG00000182307",NA,612,-0.105479487617451,4.24292286842706,-3.45017492895742,0.000672456860838643,0.0135897817889744,TRUE
"WB_LI","APAF1","ENSG00000120868",NA,613,0.188107883763756,8.05651134649137,3.44863835338056,0.000676093977349472,0.013640995614777,TRUE
"WB_LI","INPP4B","ENSG00000109452",NA,614,-0.182602437274349,7.59966368646139,-3.4468101727755,0.00068044531655061,0.0137064294382703,TRUE
"WB_LI","IMPAD1","ENSG00000104331",NA,615,-0.0982649949700792,5.83146171955018,-3.4449243131233,0.000684961396102559,0.0137749634910511,TRUE
"WB_LI","NFKBIE","ENSG00000146232",NA,616,0.137058436376505,4.48473149713685,3.44274246729731,0.000690221272517851,0.0138582089261376,TRUE
"WB_LI","RP11-326I11.3","ENSG00000271646",NA,617,0.198362514727983,4.52750118107204,3.44203180198277,0.000691942651096193,0.013861865040313,TRUE
"WB_LI","CYB5R4","ENSG00000065615",NA,618,0.169093279611602,7.75011359153131,3.44164497794447,0.000692881306723307,0.013861865040313,TRUE
"WB_LI","TMX4","ENSG00000125827",NA,619,0.171933907875218,7.87928994482693,3.44112551499001,0.000694143694561374,0.013861865040313,TRUE
"WB_LI","HLCS","ENSG00000159267",NA,620,-0.148663330563465,3.90191725580649,-3.44082026611489,0.000694886507518926,0.013861865040313,TRUE
"WB_LI","RER1","ENSG00000157916",NA,621,0.0746431232915273,6.6202276690106,3.43991118095544,0.000697103144686491,0.0138836903276691,TRUE
"WB_LI","ALKBH8","ENSG00000137760",NA,622,-0.135453649985038,4.27962110626832,-3.43785166401552,0.000702149395860122,0.0139617101736302,TRUE
"WB_LI","PLEKHG3","ENSG00000126822",NA,623,0.237746807319704,7.56287176299559,3.43632353428946,0.000705915702877333,0.014014069684088,TRUE
"WB_LI","UFL1","ENSG00000014123",NA,624,-0.152454290708447,5.67458332616213,-3.43388670070255,0.000711960773713336,0.0141114276430874,TRUE
"WB_LI","VEGFA","ENSG00000112715",NA,625,0.211759680939458,3.45811925510171,3.43330656126296,0.000713407049876405,0.014113027754344,TRUE
"WB_LI","AMD1","ENSG00000123505",NA,626,0.145743461694935,7.62637448478612,3.43293944293663,0.000714323688083711,0.014113027754344,TRUE
"WB_LI","RP11-318K15.2","ENSG00000254325",NA,627,0.291883491254617,2.96597302336628,3.43114569361788,0.000718818270174199,0.0141455948135239,TRUE
"WB_LI","KIAA1279","ENSG00000198954",NA,628,-0.111097861711131,3.36117339369006,-3.43108736787501,0.000718964859613526,0.0141455948135239,TRUE
"WB_LI","IGIP","ENSG00000182700",NA,629,-0.14134578624307,4.21135323377482,-3.43091301356493,0.000719403229115988,0.0141455948135239,TRUE
"WB_LI","NPEPPS","ENSG00000141279",NA,630,0.131826881376441,6.46590027262261,3.42863954273254,0.000725142225307624,0.01421646784141,TRUE
"WB_LI","C1orf132","ENSG00000203709",NA,631,0.215740343912145,7.2405899439305,3.42857470105923,0.000725306533629503,0.01421646784141,TRUE
"WB_LI","MICAL1","ENSG00000135596",NA,632,0.175582250526423,5.30739497340229,3.42793009470947,0.000726941856305157,0.0142259760740224,TRUE
"WB_LI","MPHOSPH10","ENSG00000124383",NA,633,-0.137799728481762,4.43723933804284,-3.42672914821181,0.000729997777848205,0.0142632109264243,TRUE
"WB_LI","LRPPRC","ENSG00000138095",NA,634,-0.132971721913836,6.41404657096757,-3.42524603744309,0.000733788274535857,0.0143146583272232,TRUE
"WB_LI","RFC1","ENSG00000035928",NA,635,-0.118877269436213,6.04619639319192,-3.42160353228294,0.000743175959747767,0.0144670857566292,TRUE
"WB_LI","PTK2B","ENSG00000120899",NA,636,0.154089569209335,7.0577932878902,3.42125183050234,0.000744088307934034,0.0144670857566292,TRUE
"WB_LI","GIMAP6","ENSG00000133561",NA,637,-0.125354159268767,7.95956375495841,-3.42045281083602,0.000746164935699427,0.0144670857566292,TRUE
"WB_LI","SPIN1","ENSG00000106723",NA,638,-0.105471105941153,4.75269153482045,-3.4199797974267,0.000747396835538893,0.0144670857566292,TRUE
"WB_LI","PTTG1IP","ENSG00000183255",NA,639,0.135119203550039,7.73081756353981,3.41995920797297,0.000747450501171251,0.0144670857566292,TRUE
"WB_LI","IL1RAP","ENSG00000196083",NA,640,0.277193702108939,7.54907550853155,3.41909463241378,0.000749707239694357,0.0144880924070934,TRUE
"WB_LI","RBM5","ENSG00000003756",NA,641,0.0836525257659105,8.19603124134616,3.4167461639483,0.000755869473947932,0.0145843894754883,TRUE
"WB_LI","ERGIC1","ENSG00000113719",NA,642,0.227574159317993,8.0177239511288,3.41461545810555,0.000761501254934175,0.0146558872584333,TRUE
"WB_LI","CCDC17","ENSG00000159588",NA,643,0.206893046705919,2.78676223433148,3.41444820776413,0.000761944979557943,0.0146558872584333,TRUE
"WB_LI","GTF3C4","ENSG00000125484",NA,644,-0.110360867995427,4.34459823093234,-3.41372374820246,0.000763869804395552,0.0146637070114476,TRUE
"WB_LI","DHRS3","ENSG00000162496",NA,645,-0.166115459919072,3.88530969161373,-3.41324135384435,0.000765154003584488,0.0146637070114476,TRUE
"WB_LI","C1orf63","ENSG00000117616",NA,646,0.13565335860235,8.3733898651506,3.41295833743855,0.000765908370746698,0.0146637070114476,TRUE
"WB_LI","PLAC8","ENSG00000145287",NA,647,-0.13712913278494,6.44622007753409,-3.40851299746556,0.000777848817283447,0.0148576462409734,TRUE
"WB_LI","BIN3","ENSG00000147439",NA,648,0.148571953564375,5.48504530375991,3.40829430131833,0.00077844071508334,0.0148576462409734,TRUE
"WB_LI","TUBE1","ENSG00000074935",NA,649,-0.15672553348426,4.3098771556153,-3.40619395057831,0.000784146757663395,0.0149434932184605,TRUE
"WB_LI","BTBD10","ENSG00000148925",NA,650,0.130055985998795,5.86390320539191,3.40544160446993,0.000786200154953443,0.0149595746407141,TRUE
"WB_LI","UBR2","ENSG00000024048",NA,651,0.166663210173306,8.86039102481551,3.40458274970674,0.000788550391393249,0.0149812461455479,TRUE
"WB_LI","APEX1","ENSG00000100823",NA,652,-0.161624687255179,5.25305662803194,-3.40134425680429,0.000797471637861402,0.0151075177279228,TRUE
"WB_LI","ITPK1","ENSG00000100605",NA,653,0.229830194033296,6.59943060386497,3.40128311626698,0.000797640968461967,0.0151075177279228,TRUE
"WB_LI","HSD17B11","ENSG00000198189",NA,654,0.187153677491016,7.87782880078319,3.40084284601167,0.000798861302883369,0.0151075177279228,TRUE
"WB_LI","MARCH7","ENSG00000136536",NA,655,0.137073558350251,8.57277488033083,3.39770007662992,0.0008076231886129,0.0152498986210143,TRUE
"WB_LI","MKNK1","ENSG00000079277",NA,656,0.183058692550312,6.53628290897917,3.3953344906339,0.00081427746397797,0.0152981712376288,TRUE
"WB_LI","EGLN2","ENSG00000269858",NA,657,0.143130399338595,5.65842083216842,3.39507370017188,0.000815014180919653,0.0152981712376288,TRUE
"WB_LI","SNX10","ENSG00000086300",NA,658,0.201572076895596,7.42511429181003,3.39504348330637,0.000815099581940725,0.0152981712376288,TRUE
"WB_LI","SUMF2","ENSG00000129103",NA,659,-0.0990466292074412,5.79066252131922,-3.39503366522944,0.000815127332276632,0.0152981712376288,TRUE
"WB_LI","AKAP1","ENSG00000121057",NA,660,-0.138813063111604,3.99545209201695,-3.38893277364285,0.000832542928678756,0.015601349911968,TRUE
"WB_LI","MAP7D1","ENSG00000116871",NA,661,0.170160058922013,4.8033488447338,3.38816096993618,0.00083477071694899,0.0156194315086613,TRUE
"WB_LI","SBNO2","ENSG00000064932",NA,662,0.265884792706429,6.81982632667394,3.38491663876268,0.000844196413091594,0.015758073257371,TRUE
"WB_LI","RP11-448G15.3","ENSG00000261490",NA,663,0.133048535464693,5.77737408574894,3.38432709180611,0.000845919848521552,0.015758073257371,TRUE
"WB_LI","TTC7B","ENSG00000165914",NA,664,0.283003200004531,2.1646779948689,3.38429879926001,0.000846002639302585,0.015758073257371,TRUE
"WB_LI","PTBP3","ENSG00000119314",NA,665,0.12229610398045,8.57036038378757,3.3803387272041,0.000857665701417447,0.0159314748736222,TRUE
"WB_LI","FLOT2","ENSG00000132589",NA,666,0.229204151058039,5.92700501447235,3.3802636425113,0.000857888281519437,0.0159314748736222,TRUE
"WB_LI","AL512428.1","ENSG00000263391",NA,667,0.188389683158543,3.25316385824528,3.37803812078091,0.000864510132156162,0.0160303767833694,TRUE
"WB_LI","RTN3","ENSG00000133318",NA,668,0.18695151523024,6.79249504496627,3.37676334551506,0.000868324581780061,0.0160770036339159,TRUE
"WB_LI","WDR43","ENSG00000163811",NA,669,-0.124245348443806,5.58704491907023,-3.37240006792237,0.000881499868411682,0.0162965476420264,TRUE
"WB_LI","CSF1","ENSG00000184371",NA,670,0.297389109580087,1.86464500118912,3.37077599320243,0.000886451377732085,0.0163402266684671,TRUE
"WB_LI","PRDM10","ENSG00000170325",NA,671,0.103401261155725,4.71621903195941,3.37075849787429,0.000886504858873011,0.0163402266684671,TRUE
"WB_LI","KLHL24","ENSG00000114796",NA,672,-0.0820177833176162,7.10676800287111,-3.36636051279436,0.00090004492362627,0.0165408054769668,TRUE
"WB_LI","RUNDC3A","ENSG00000108309",NA,673,0.40920652052287,4.92001857923218,3.3663551286062,0.000900061617561338,0.0165408054769668,TRUE
"WB_LI","PEX1","ENSG00000127980",NA,674,-0.109277187991588,5.32428685172312,-3.36571236638226,0.000902056610427388,0.0165520969519645,TRUE
"WB_LI","NRD1","ENSG00000078618",NA,675,0.136626675601877,7.95306650948695,3.36511529183925,0.000903913495005078,0.0165520969519645,TRUE
"WB_LI","CLEC16A","ENSG00000038532",NA,676,0.16624333099022,5.63452168137084,3.36486564723589,0.000904690939483184,0.0165520969519645,TRUE
"WB_LI","RC3H1-IT1","ENSG00000236535",NA,677,0.226654541092587,1.95562039748815,3.3638627718732,0.000907820391478833,0.0165848192050372,TRUE
"WB_LI","LGALSL","ENSG00000119862",NA,678,0.27317777576725,4.58012681756289,3.36325883343486,0.000909709839127244,0.0165948249119849,TRUE
"WB_LI","RASSF2","ENSG00000101265",NA,679,0.220399458919416,10.1508477096477,3.36154947839414,0.000915077540135622,0.0166681576088327,TRUE
"WB_LI","SAMD4B","ENSG00000179134",NA,680,0.243032252170371,3.81793656556578,3.35935955780816,0.00092199749322161,0.0167695073473013,TRUE
"WB_LI","DUS2","ENSG00000167264",NA,681,0.121157033590545,4.41649819594552,3.35882387819663,0.000923697608890784,0.0167757592169768,TRUE
"WB_LI","BRI3","ENSG00000164713",NA,682,0.192756437811144,5.64681743581392,3.3583557057642,0.000925185867967371,0.0167781507551619,TRUE
"WB_LI","RNMT","ENSG00000101654",NA,683,-0.110062898729814,5.2611414311308,-3.35782482387566,0.000926876178694052,0.0167841941114027,TRUE
"WB_LI","SNAP23","ENSG00000092531",NA,684,0.152643650785393,7.85391819663234,3.35725204914824,0.000928703105609634,0.0167926900733625,TRUE
"WB_LI","TWISTNB","ENSG00000105849",NA,685,-0.16183428308945,4.08155210756147,-3.35662069165078,0.000930720780603747,0.0168046052766528,TRUE
"WB_LI","CENPC","ENSG00000145241",NA,686,-0.130012790018105,5.63690263904632,-3.35584516431923,0.000933204786162148,0.0168248932875415,TRUE
"WB_LI","NHLRC3","ENSG00000188811",NA,687,-0.0998628958988415,5.20520905794701,-3.35518124330272,0.000935336229915269,0.0168292376902975,TRUE
"WB_LI","DCP2","ENSG00000172795",NA,688,0.127322956339369,8.81900831853483,3.35492279768788,0.00093616716776558,0.0168292376902975,TRUE
"WB_LI","STXBP5","ENSG00000164506",NA,689,0.150795871391658,7.56084537264209,3.35448027569812,0.000937591535349722,0.0168303804197465,TRUE
"WB_LI","FAM45B","ENSG00000221930",NA,690,0.167601204596453,4.44483480849562,3.35301530309624,0.000942321352161725,0.0168907688167191,TRUE
"WB_LI","RPGRIP1L","ENSG00000103494",NA,691,-0.184857645307364,2.72164650798867,-3.35245409487071,0.000944139160144671,0.0168988612629078,TRUE
"WB_LI","POLR1B","ENSG00000125630",NA,692,-0.13013784628112,4.9158349349003,-3.3508753564594,0.000949270404752545,0.0169661508178894,TRUE
"WB_LI","NCOA7","ENSG00000111912",NA,693,-0.0928734747705405,5.63031089754372,-3.34943760335387,0.000953966034339164,0.0170254717355076,TRUE
"WB_LI","HAVCR2","ENSG00000135077",NA,694,-0.157382150571792,4.87285804414425,-3.34857401426912,0.0009567968770682,0.0170513887256189,TRUE
"WB_LI","GNAS","ENSG00000087460",NA,695,0.162365232067368,8.4385759605976,3.3474615841258,0.000960454965992914,0.0170919525458998,TRUE
"WB_LI","RFX1","ENSG00000132005",NA,696,0.267304771431086,1.7049076557099,3.34674503536655,0.000962818149699292,0.0171093891889093,TRUE
"WB_LI","RIPK2","ENSG00000104312",NA,697,0.114152572821768,4.65241477925321,3.34606858808948,0.000965054052898552,0.0171245172543031,TRUE
"WB_LI","RP11-378A13.1","ENSG00000261338",NA,698,0.136302228538856,3.75466455932269,3.34287718265266,0.000975668261463583,0.0172880588220367,TRUE
"WB_LI","PTAFR","ENSG00000169403",NA,699,0.26508190612601,8.56988825550575,3.34061633713558,0.000983253304914272,0.0173975348715017,TRUE
"WB_LI","C3orf18","ENSG00000088543",NA,700,-0.170238006890715,3.29548511251781,-3.34000257273694,0.000985321927063104,0.0174092308484521,TRUE
"WB_LI","PPP3CA","ENSG00000138814",NA,701,0.134604347568568,6.90476103837891,3.33798912223034,0.000992136551727047,0.0175046289183454,TRUE
"WB_LI","PTPLB","ENSG00000206527",NA,702,-0.105585399690865,4.97911674270783,-3.33555216311098,0.00100044332932179,0.0176260442977947,TRUE
"WB_LI","KIF3A","ENSG00000131437",NA,703,-0.138080154063835,4.01611577022424,-3.33444812292519,0.00100422793068888,0.0176280793224038,TRUE
"WB_LI","ZNF225","ENSG00000256294",NA,704,-0.128028823975848,3.4730604610372,-3.33433928787713,0.00100460173416086,0.0176280793224038,TRUE
"WB_LI","FBXO32","ENSG00000156804",NA,705,-0.154073474327183,3.85231784454334,-3.33427146931407,0.00100483472851671,0.0176280793224038,TRUE
"WB_LI","RP5-1085F17.3","ENSG00000260257",NA,706,0.134278453309046,3.40760452086312,3.33164626605762,0.00101389256268739,0.0177617892568239,TRUE
"WB_LI","ACADSB","ENSG00000196177",NA,707,-0.117600776209148,4.40555663413769,-3.33064268922604,0.00101737530189725,0.0177975922685504,TRUE
"WB_LI","USP32","ENSG00000170832",NA,708,0.174578349838055,7.96565767060518,3.32898145053969,0.00102316485474264,0.0178735916997979,TRUE
"WB_LI","GNAQ","ENSG00000156052",NA,709,0.154654026293777,7.40249343231693,3.32801424953789,0.00102654975581226,0.0178854287410263,TRUE
"WB_LI","RABEPK","ENSG00000136933",NA,710,0.123308422030373,3.66467397078584,3.32796149766883,0.00102673467061196,0.0178854287410263,TRUE
"WB_LI","OBFC1","ENSG00000107960",NA,711,0.116199399932009,5.298734891049,3.32706648650256,0.00102987675014391,0.0179149305847819,TRUE
"WB_LI","VASP","ENSG00000125753",NA,712,0.224689697658293,8.459859716844,3.3258707692374,0.00103408848882443,0.0179629303789052,TRUE
"WB_LI","IP6K1","ENSG00000176095",NA,713,0.16341573624928,5.84936832910703,3.3235872271892,0.00104217655733947,0.0180595134214508,TRUE
"WB_LI","INTS3","ENSG00000143624",NA,714,0.144016672267544,5.32151721767093,3.32331826890532,0.00104313304975042,0.0180595134214508,TRUE
"WB_LI","LYL1","ENSG00000104903",NA,715,0.236486925999975,6.80757145025336,3.32305510200084,0.00104406973796091,0.0180595134214508,TRUE
"WB_LI","REC8","ENSG00000100918",NA,716,0.236994544632137,2.53872644047626,3.32265668963465,0.00104548929574376,0.0180595134214508,TRUE
"WB_LI","AKR1C3","ENSG00000196139",NA,717,-0.326812996909053,2.34448679777825,-3.3221855223737,0.00104717040252886,0.0180633243214462,TRUE
"WB_LI","RP11-288H12.3","ENSG00000213073",NA,718,0.247093377614305,5.00529824332243,3.32081229218002,0.00105208441239297,0.01812281338785,TRUE
"WB_LI","U73166.2","ENSG00000230454",NA,719,0.27869895182885,1.80534710005155,3.31973876967376,0.00105594089086865,0.01813946872762,TRUE
"WB_LI","EMR4P","ENSG00000268758",NA,720,0.336649849926131,4.09803621036436,3.3197266244687,0.00105598459604515,0.01813946872762,TRUE
"WB_LI","RNF130","ENSG00000113269",NA,721,0.17436697338225,8.20967640888113,3.31910766586885,0.0010582141845932,0.0181525562205946,TRUE
"WB_LI","7SK","ENSG00000260682",NA,722,0.159176419351584,5.17150270696488,3.31822559353087,0.0010613991295705,0.0181819729010082,TRUE
"WB_LI","RP1-90J20.12","ENSG00000270346",NA,723,0.321542817151303,1.87122303980391,3.31721431133692,0.00106506160542565,0.0182194770897709,TRUE
"WB_LI","ST3GAL2","ENSG00000157350",NA,724,0.180262468285403,6.70612084636813,3.31619816445452,0.00106875355321609,0.0182573811411279,TRUE
"WB_LI","KIAA1107","ENSG00000069712",NA,725,-0.188139332422316,2.92222630315477,-3.31578702138148,0.00107025073623386,0.0182577394561936,TRUE
"WB_LI","AC083799.1","ENSG00000203644",NA,726,0.238623759320483,4.07265892858943,3.31212963649143,0.00108365539564901,0.0184517591617643,TRUE
"WB_LI","CNOT6L","ENSG00000138767",NA,727,-0.0967046264655494,7.61671709326107,-3.31187139208576,0.00108460777090901,0.0184517591617643,TRUE
"WB_LI","ZNF251","ENSG00000198169",NA,728,-0.123320464739676,3.78763129050943,-3.31056933941368,0.00108942147310194,0.0185081933781935,TRUE
"WB_LI","FKTN","ENSG00000106692",NA,729,-0.132088937688203,4.44258146080236,-3.30876315800399,0.0010961318904909,0.0185966518814697,TRUE
"WB_LI","ELF4","ENSG00000102034",NA,730,0.201809861041353,4.50685621553014,3.3053444591505,0.00110893870212275,0.0187749288710541,TRUE
"WB_LI","CDK11A","ENSG00000008128",NA,731,0.262248397036996,1.40355013332698,3.30514875788186,0.00110967601914137,0.0187749288710541,TRUE
"WB_LI","ALPL","ENSG00000162551",NA,732,0.408146690838592,6.06327949972595,3.30109472685926,0.00112505287476063,0.0190047136687012,TRUE
"WB_LI","CLIP1","ENSG00000130779",NA,733,0.108798526929335,6.4494159452035,3.30076022295539,0.0011263304591816,0.0190047136687012,TRUE
"WB_LI","PLCG2","ENSG00000197943",NA,734,0.178849459908247,7.69320141447767,3.2995487287129,0.00113096888009228,0.0190569797125087,TRUE
"WB_LI","NOTCH1","ENSG00000148400",NA,735,0.246224704376109,6.5889360856696,3.29758301258712,0.00113853281962406,0.0191370964793576,TRUE
"WB_LI","CDC42SE1","ENSG00000197622",NA,736,0.126343344350115,9.59114035316545,3.29750909638743,0.00113881816047923,0.0191370964793576,TRUE
"WB_LI","NANP","ENSG00000170191",NA,737,-0.162756435376425,2.4521945204248,-3.29685767412383,0.00114133574441686,0.0191533792224528,TRUE
"WB_LI","SRSF8","ENSG00000180771",NA,738,-0.145441883614423,3.8925337263106,-3.29576741793215,0.00114556090437246,0.0191982347768002,TRUE
"WB_LI","DOK3","ENSG00000146094",NA,739,0.252987539158649,5.8385399675527,3.29176197300788,0.00116120883373269,0.0194247005291196,TRUE
"WB_LI","SLC24A3","ENSG00000185052",NA,740,0.322130679890051,1.49646000897809,3.2911958870201,0.00116343631486982,0.0194247005291196,TRUE
"WB_LI","NLRP3","ENSG00000162711",NA,741,-0.190006927254299,5.56476662474776,-3.29110715484279,0.00116378582568545,0.0194247005291196,TRUE
"WB_LI","SLC19A1","ENSG00000173638",NA,742,0.274633569419812,5.81391863137453,3.29011814213301,0.00116768810735242,0.0194635667274054,TRUE
"WB_LI","GBA2","ENSG00000070610",NA,743,0.119409395862892,5.6072654054562,3.28890935837228,0.00117247405820351,0.019498194725907,TRUE
"WB_LI","CAMK2G","ENSG00000148660",NA,744,0.153717033054244,6.58807724292292,3.28879732145047,0.00117291857018716,0.019498194725907,TRUE
"WB_LI","LRFN1","ENSG00000128011",NA,745,0.303370612703792,1.52479976139353,3.28817721984624,0.00117538169062096,0.0195106871549902,TRUE
"WB_LI","FAM45A","ENSG00000119979",NA,746,0.148504898509476,5.09889530077827,3.28781440113113,0.00117682508227868,0.0195106871549902,TRUE
"WB_LI","TOPORS","ENSG00000197579",NA,747,0.190016590697746,6.9939024576357,3.28600858056255,0.00118403369032678,0.0195114473522037,TRUE
"WB_LI","TRMT61B","ENSG00000171103",NA,748,-0.153651328153655,3.32722659984718,-3.2858389808936,0.00118471281682468,0.0195114473522037,TRUE
"WB_LI","ATP13A3","ENSG00000133657",NA,749,-0.104200907352859,6.68957814209884,-3.28578642264547,0.00118492334890552,0.0195114473522037,TRUE
"WB_LI","SLC46A3","ENSG00000139508",NA,750,-0.0805252367439988,4.98816592883699,-3.28537159133733,0.00118658625666823,0.0195114473522037,TRUE
"WB_LI","RBBP7","ENSG00000102054",NA,751,-0.121138353415698,5.71543114476535,-3.28488626893117,0.0011885344932402,0.0195114473522037,TRUE
"WB_LI","SERBP1","ENSG00000142864",NA,752,-0.0999233985676012,7.12857712059087,-3.28476738561579,0.00118901218173753,0.0195114473522037,TRUE
"WB_LI","NIPSNAP1","ENSG00000184117",NA,753,-0.126370839134582,3.10994123033602,-3.28427967654159,0.00119097372958179,0.0195114473522037,TRUE
"WB_LI","NR6A1","ENSG00000148200",NA,754,0.295940782320575,2.64226613188493,3.28407775890078,0.0011917867156596,0.0195114473522037,TRUE
"WB_LI","PLD6","ENSG00000179598",NA,755,-0.212772835284177,2.14249668025637,-3.28392861368842,0.00119238755424121,0.0195114473522037,TRUE
"WB_LI","RP11-47G11.2","ENSG00000232334",NA,756,0.355892513570918,2.51448909845059,3.28386431168202,0.00119264668485333,0.0195114473522037,TRUE
"WB_LI","SERPINA1","ENSG00000197249",NA,757,0.243629772956677,7.21180918434962,3.28329460854985,0.00119494482028127,0.0195191048494864,TRUE
"WB_LI","ZNF646","ENSG00000167395",NA,758,0.151701889627585,6.20316449182141,3.28296627990995,0.00119627114132525,0.0195191048494864,TRUE
"WB_LI","SEPHS1","ENSG00000086475",NA,759,-0.109971663464686,4.08792179790328,-3.28165821045652,0.00120156884453071,0.0195797147156203,TRUE
"WB_LI","MEGF9","ENSG00000106780",NA,760,0.220043421392698,8.39590797502896,3.28040167721193,0.0012066783673209,0.0196371026934538,TRUE
"WB_LI","NDUFB3","ENSG00000119013",NA,761,0.346153985560182,3.16838449680694,3.27921666113998,0.00121151558471814,0.0196859832348021,TRUE
"WB_LI","BBS9","ENSG00000122507",NA,762,-0.118721176043452,4.92889846031278,-3.27880598854132,0.00121319614765767,0.0196859832348021,TRUE
"WB_LI","NSFL1C","ENSG00000088833",NA,763,0.161082321942567,6.42971388643829,3.27849820585361,0.00121445708345359,0.0196859832348021,TRUE
"WB_LI","ALDH1B1","ENSG00000137124",NA,764,-0.167879700373165,2.53471916453145,-3.27624746589588,0.00122371511300602,0.019810089682799,TRUE
"WB_LI","IMP4","ENSG00000136718",NA,765,-0.102131612281565,4.81461425411006,-3.27171089431308,0.00124257530579303,0.0200891129177101,TRUE
"WB_LI","EZH1","ENSG00000108799",NA,766,0.0833635202113859,6.6066487228958,3.27056317361301,0.0012473894543367,0.0201353488131236,TRUE
"WB_LI","AGO2","ENSG00000123908",NA,767,0.184115003096774,6.25551557156747,3.27025354158845,0.00124869118205577,0.0201353488131236,TRUE
"WB_LI","SLC25A36","ENSG00000114120",NA,768,-0.128568316665878,6.07486112429261,-3.26902119499372,0.0012538846317054,0.020172214010553,TRUE
"WB_LI","CLYBL","ENSG00000125246",NA,769,-0.18426335270957,2.76907234206899,-3.26871453308537,0.00125518010648417,0.020172214010553,TRUE
"WB_LI","CTB-52I2.4","ENSG00000268032",NA,770,0.179053179485399,1.92266619978171,3.26855125458666,0.00125587037420163,0.020172214010553,TRUE
"WB_LI","MBOAT7","ENSG00000125505",NA,771,0.277526875860437,6.62895554596795,3.2674775185554,0.00126041844322244,0.0202190081786967,TRUE
"WB_LI","AP3M1","ENSG00000185009",NA,772,-0.0853550350095361,5.70367032694129,-3.26430621704365,0.00127394080839747,0.0204094558526682,TRUE
"WB_LI","ANXA3","ENSG00000138772",NA,773,0.386191328089161,5.73256144238973,3.26387063495409,0.00127580861886962,0.0204129379019139,TRUE
"WB_LI","TCERG1","ENSG00000113649",NA,774,-0.104235716766794,6.00935840258381,-3.26309786772149,0.00127912857093226,0.0204396152006333,TRUE
"WB_LI","BASP1","ENSG00000176788",NA,775,0.347890616878453,7.66451347099895,3.26215770681522,0.00128317850441106,0.020472775819441,TRUE
"WB_LI","MBOAT2","ENSG00000143797",NA,776,0.191007546129839,6.86115799533619,3.26184819494053,0.00128451439488084,0.020472775819441,TRUE
"WB_LI","USPL1","ENSG00000132952",NA,777,-0.0961051346155503,5.4949653211914,-3.26075490331584,0.00128924352676937,0.0205217039113044,TRUE
"WB_LI","FNIP2","ENSG00000052795",NA,778,-0.117981130094135,4.9604189881598,-3.26007132537746,0.00129220862117774,0.0205424630163577,TRUE
"WB_LI","FBRS","ENSG00000156860",NA,779,0.168303530397259,4.9268707621131,3.25909715997717,0.0012964451229989,0.0205833546614254,TRUE
"WB_LI","NDEL1","ENSG00000166579",NA,780,0.189380731495196,7.47573970003573,3.25836898475273,0.00129962027581038,0.0206073122707985,TRUE
"WB_LI","TMTC2","ENSG00000179104",NA,781,-0.135170589140796,4.3693250735589,-3.25699312986149,0.00130563932143999,0.0206700348844148,TRUE
"WB_LI","RPS16P5","ENSG00000217527",NA,782,0.218605175153096,2.23929732677961,3.25670150362806,0.00130691844110708,0.0206700348844148,TRUE
"WB_LI","MSRB1","ENSG00000198736",NA,783,0.258927186132454,7.86338186696219,3.25623178989065,0.0013089811296831,0.0206762178951731,TRUE
"WB_LI","TMEM97","ENSG00000109084",NA,784,-0.245975724949978,1.78674112991774,-3.25565357431702,0.00131152444416961,0.0206899672519002,TRUE
"WB_LI","RXRA","ENSG00000186350",NA,785,0.2036045454084,7.66842386943563,3.25499470655777,0.00131442810851359,0.0207093590396128,TRUE
"WB_LI","RP11-68I3.11","ENSG00000265625",NA,786,0.234376752158385,3.7115985889745,3.25225158037101,0.00132658152703397,0.0208481478958772,TRUE
"WB_LI","PTGDR2","ENSG00000183134",NA,787,0.344681335975934,3.95884795938171,3.25224554623456,0.00132660837597472,0.0208481478958772,TRUE
"WB_LI","AC009506.1","ENSG00000224152",NA,788,0.286321093306165,3.23416521061906,3.25155853384197,0.00132966854631545,0.020869721549276,TRUE
"WB_LI","CUL1","ENSG00000055130",NA,789,-0.104301645864521,5.87357395602472,-3.24516444978054,0.00135846602010226,0.0212946866116917,TRUE
"WB_LI","MSRA","ENSG00000175806",NA,790,0.167414798700323,3.55458905494743,3.24345883591286,0.00136624499370326,0.021389516559648,TRUE
"WB_LI","ADK","ENSG00000156110",NA,791,-0.14800569305209,4.85219830593916,-3.24274155919063,0.00136952869365407,0.0214138190684115,TRUE
"WB_LI","NFE2","ENSG00000123405",NA,792,0.204499949699533,7.83550061597606,3.24199162976778,0.00137296971426105,0.0214405169519958,TRUE
"WB_LI","RP11-288H12.4","ENSG00000270949",NA,793,0.23708538037665,4.95143911760413,3.23959837473393,0.001384004837135,0.0215705236484857,TRUE
"WB_LI","GTPBP4","ENSG00000107937",NA,794,-0.112409484121336,4.89122306192274,-3.23929482651385,0.00138541034601005,0.0215705236484857,TRUE
"WB_LI","VPS8","ENSG00000156931",NA,795,0.132277671513645,7.94316137389312,3.23905385978847,0.00138652702947495,0.0215705236484857,TRUE
"WB_LI","RIN3","ENSG00000100599",NA,796,0.188401582289998,5.05549754521859,3.23804217718092,0.00139122447637426,0.0216164124670815,TRUE
"WB_LI","RP11-446E9.2","ENSG00000271722",NA,797,0.222993807999316,2.81134099452915,3.23673672504184,0.00139730779113144,0.0216836922970059,TRUE
"WB_LI","ACKR3","ENSG00000144476",NA,798,-0.199675378620486,2.04629069544938,-3.23621616151992,0.00139974046069838,0.0216942230800971,TRUE
"WB_LI","STX7","ENSG00000079950",NA,799,0.111581481694789,8.53821814845712,3.2352344701096,0.00140433875118328,0.0217270019880659,TRUE
"WB_LI","SLC35B4","ENSG00000205060",NA,800,-0.0962822653093086,4.53714710977072,-3.233763905413,0.00141125319271053,0.0217270019880659,TRUE
"WB_LI","MTMR3","ENSG00000100330",NA,801,0.181535812054153,7.68784871413224,3.23375322546019,0.00141130352412918,0.0217270019880659,TRUE
"WB_LI","EIF5A2","ENSG00000163577",NA,802,-0.195949626911526,3.17585033283415,-3.23359138444091,0.00141206643636226,0.0217270019880659,TRUE
"WB_LI","ADAM8","ENSG00000151651",NA,803,0.231340645873622,7.66170631040692,3.23354081702657,0.00141230488766265,0.0217270019880659,TRUE
"WB_LI","PSMD12","ENSG00000197170",NA,804,-0.0894559481969941,5.04875075037561,-3.23352156808777,0.00141239566610648,0.0217270019880659,TRUE
"WB_LI","RSPH3","ENSG00000130363",NA,805,0.171710139857228,4.1515494583867,3.23281634541901,0.00141572524958766,0.0217511675613666,TRUE
"WB_LI","LGALS12","ENSG00000133317",NA,806,0.297233466630119,3.04539772886454,3.23160060190968,0.00142148227933992,0.0218125221226751,TRUE
"WB_LI","ZSCAN30","ENSG00000186814",NA,807,-0.124509230603215,4.48883476128319,-3.23087278067586,0.00142493919396316,0.0218237049658626,TRUE
"WB_LI","TMEM186","ENSG00000184857",NA,808,-0.144542761401945,2.50164451976005,-3.23018836564563,0.0014281970609097,0.0218237049658626,TRUE
"WB_LI","NUCKS1","ENSG00000069275",NA,809,-0.130162531709533,7.00676836052301,-3.23012905927697,0.00142847968893389,0.0218237049658626,TRUE
"WB_LI","MIR29B1","ENSG00000226380",NA,810,0.219379648338872,5.87768105913311,3.22936427412809,0.00143212897218142,0.0218237049658626,TRUE
"WB_LI","DDX10","ENSG00000178105",NA,811,-0.103962394755867,4.51483904194863,-3.22899595655762,0.00143388953823816,0.0218237049658626,TRUE
"WB_LI","IL10RB","ENSG00000243646",NA,812,0.157550145630374,5.98773384696351,3.22887551981327,0.00143446566420115,0.0218237049658626,TRUE
"WB_LI","USB1","ENSG00000103005",NA,813,0.200253565280056,4.39491792084532,3.22885522808524,0.00143456275365834,0.0218237049658626,TRUE
"WB_LI","CANT1","ENSG00000171302",NA,814,0.188479280890992,5.68730473996134,3.22721866204006,0.00144241331395235,0.0219161767407404,TRUE
"WB_LI","KLF2","ENSG00000127528",NA,815,0.116370039561055,6.86257050117923,3.22638279089089,0.00144643832895256,0.0219503671809634,TRUE
"WB_LI","GLUD1","ENSG00000148672",NA,816,-0.123165706013468,6.1473880251378,-3.22355898530815,0.00146011316647797,0.0221307348566171,TRUE
"WB_LI","CREB5","ENSG00000146592",NA,817,0.294151206981919,7.75976148015769,3.22300529305145,0.00146280855915198,0.0221444507461342,TRUE
"WB_LI","KDM1A","ENSG00000004487",NA,818,-0.116208198960709,5.474743344444,-3.22157332017243,0.00146980087751157,0.0222231017763608,TRUE
"WB_LI","NT5C3B","ENSG00000141698",NA,819,-0.252564034795783,2.75867328703683,-3.21926265325528,0.00148114928301681,0.0223673435071452,TRUE
"WB_LI","TMEM50A","ENSG00000183726",NA,820,0.133821348603452,6.88228066315459,3.21840016388348,0.0014854060322118,0.0224042704956043,TRUE
"WB_LI","MUTYH","ENSG00000132781",NA,821,-0.131763235397897,3.37591580237381,-3.21798150238061,0.00148747639266267,0.0224081705535346,TRUE
"WB_LI","C1orf109","ENSG00000116922",NA,822,-0.126271815472787,3.41219579236843,-3.21597838903356,0.00149741926519453,0.0225053416625221,TRUE
"WB_LI","CTSF","ENSG00000174080",NA,823,-0.210475922810452,2.38488204838216,-3.21594892162367,0.00149756599193529,0.0225053416625221,TRUE
"WB_LI","RCAN3","ENSG00000117602",NA,824,-0.168145115053974,6.61700346108879,-3.21307652657755,0.00151193265772816,0.0226308504042791,TRUE
"WB_LI","TGM3","ENSG00000125780",NA,825,0.520371012181677,2.72806916357636,3.21305145587829,0.00151205861303286,0.0226308504042791,TRUE
"WB_LI","MKI67IP","ENSG00000155438",NA,826,-0.155884839211379,4.08036670407074,-3.21274721448656,0.00151358789902703,0.0226308504042791,TRUE
"WB_LI","UNC13D","ENSG00000092929",NA,827,0.168744908542293,6.5138641581068,3.21250609645122,0.0015148009108832,0.0226308504042791,TRUE
"WB_LI","POFUT1","ENSG00000101346",NA,828,-0.11068697492805,4.25057462153775,-3.21232525058364,0.00151571129838025,0.0226308504042791,TRUE
"WB_LI","ST20","ENSG00000180953",NA,829,0.251403479902052,4.94713437213125,3.21184425322391,0.00151813513445902,0.0226308504042791,TRUE
"WB_LI","AGO4","ENSG00000134698",NA,830,0.174300749559318,8.32873711436454,3.21136038668316,0.00152057705564841,0.0226308504042791,TRUE
"WB_LI","NT5C2","ENSG00000076685",NA,831,0.165174037462917,7.79997254790642,3.21135683815621,0.00152059497738842,0.0226308504042791,TRUE
"WB_LI","FCGR2B","ENSG00000072694",NA,832,0.29871445712837,4.59919173699211,3.21100244908806,0.00152238579692434,0.0226308504042791,TRUE
"WB_LI","RP11-474N24.2","ENSG00000266127",NA,833,0.268177878349867,2.65424048844806,3.21032091374339,0.00152583527031851,0.0226548987074422,TRUE
"WB_LI","APBB1IP","ENSG00000077420",NA,834,0.1626259907478,6.81728037721731,3.20917406934703,0.00153165619086604,0.0226602495548878,TRUE
"WB_LI","U2SURP","ENSG00000163714",NA,835,-0.103744561617848,7.23431595966173,-3.20910088664686,0.00153202833488885,0.0226602495548878,TRUE
"WB_LI","IFNAR2","ENSG00000159110",NA,836,0.106261791579718,6.82122368693499,3.20895675380232,0.00153276151529499,0.0226602495548878,TRUE
"WB_LI","MIR181A1HG","ENSG00000229989",NA,837,-0.158353288634187,3.12758913580093,-3.2088068636969,0.00153352432708935,0.0226602495548878,TRUE
"WB_LI","ZNHIT2","ENSG00000174276",NA,838,-0.155534113042308,2.32561456013997,-3.20816697697846,0.0015367847616029,0.0226813292738718,TRUE
"WB_LI","KMT2D","ENSG00000167548",NA,839,0.22583765514318,6.32089414247683,3.20656740574512,0.00154496324638209,0.0227748574865956,TRUE
"WB_LI","MINA","ENSG00000170854",NA,840,-0.0977337689687643,5.36070648807373,-3.20392691142218,0.00155855224205276,0.0229478263448911,TRUE
"WB_LI","FRMD8","ENSG00000126391",NA,841,0.160489384505828,5.14783937327054,3.20228601450093,0.00156705267026763,0.0230455498524019,TRUE
"WB_LI","MYO9B","ENSG00000099331",NA,842,0.172520957708428,7.42820757963025,3.19875072594836,0.00158551297797422,0.0232786714726895,TRUE
"WB_LI","CTD-2020K17.1","ENSG00000267121",NA,843,0.134480448936288,5.13981551473797,3.19853064354667,0.00158666882693057,0.0232786714726895,TRUE
"WB_LI","PTDSS1","ENSG00000156471",NA,844,-0.086082316776568,6.6129429861171,-3.19563152791585,0.0016019677578806,0.0234752810775678,TRUE
"WB_LI","H1F0","ENSG00000189060",NA,845,-0.322802083897909,4.33782570949321,-3.19502532775475,0.00160518397255583,0.0234945744054088,TRUE
"WB_LI","HTATSF1","ENSG00000102241",NA,846,-0.161106949410129,4.94544504705203,-3.19248280950057,0.00161873868087575,0.0236649645450015,TRUE
"WB_LI","MRPL24","ENSG00000143314",NA,847,-0.126050781727083,3.63219797724922,-3.19147700026496,0.00162413008580999,0.0237157507689468,TRUE
"WB_LI","SHISA5","ENSG00000164054",NA,848,0.176605280302586,7.36610769851684,3.1903391065155,0.00163024955765137,0.0237770360012172,TRUE
"WB_LI","BTF3L4","ENSG00000134717",NA,849,-0.102097556858349,4.83055001460465,-3.18877809183661,0.00163867929242639,0.0238718321422021,TRUE
"WB_LI","AC116366.6","ENSG00000234290",NA,850,0.36198689743523,1.87317974319283,3.18755833809503,0.00164529425150355,0.0239399991795245,TRUE
"WB_LI","HPSE","ENSG00000173083",NA,851,0.218688240062098,5.12173793764923,3.18704653460386,0.00164807722172551,0.0239523138405418,TRUE
"WB_LI","BMS1","ENSG00000165733",NA,852,-0.130900468780945,5.163017600475,-3.18661626212925,0.00165042023469753,0.0239582129844355,TRUE
"WB_LI","RALB","ENSG00000144118",NA,853,0.220561383843626,7.36640147751829,3.18616368930822,0.00165288801221015,0.0239659073095137,TRUE
"WB_LI","DDHD2","ENSG00000085788",NA,854,-0.113244699923195,5.65276247959841,-3.185434393082,0.00165687189408107,0.0239955404988228,TRUE
"WB_LI","TMPO","ENSG00000120802",NA,855,-0.113604765634352,7.64811486055867,-3.18191277796558,0.00167623469639331,0.0242447165234251,TRUE
"WB_LI","HSPA6","ENSG00000173110",NA,856,0.268403453069537,7.06958298932755,3.18154159251679,0.00167828773994426,0.0242447165234251,TRUE
"WB_LI","THEMIS2","ENSG00000130775",NA,857,0.192351416020102,8.71565219350756,3.18123990143373,0.0016799581226209,0.0242447165234251,TRUE
"WB_LI","MCU","ENSG00000156026",NA,858,0.106329775028158,4.69943781781549,3.18042044614591,0.00168450300206763,0.0242819733444901,TRUE
"WB_LI","NUDT19","ENSG00000213965",NA,859,-0.119060171038713,3.57396300136157,-3.17840616654298,0.00169572308591609,0.0244147598723168,TRUE
"WB_LI","RPS2","ENSG00000140988",NA,860,-0.117602532095719,7.38143906726844,-3.17805919271774,0.00169766279836614,0.0244147598723168,TRUE
"WB_LI","MAP2K2","ENSG00000126934",NA,861,0.137960210286865,5.26013593826811,3.17615594328493,0.0017083392687321,0.0245397677998591,TRUE
"WB_LI","SAP130","ENSG00000136715",NA,862,0.119009868163034,4.21219569380999,3.17342420774165,0.00172377191771377,0.0247264773587745,TRUE
"WB_LI","BSDC1","ENSG00000160058",NA,863,0.0710892116458273,6.49567821763811,3.17314869549317,0.00172533554015382,0.0247264773587745,TRUE
"WB_LI","NFAM1","ENSG00000235568",NA,864,0.240500236587083,6.62958124575683,3.17193344413416,0.00173224817511971,0.0247968118401396,TRUE
"WB_LI","FAM219A","ENSG00000164970",NA,865,0.173611801930153,2.56833226231649,3.17092936097982,0.00173797897274145,0.0248417114188646,TRUE
"WB_LI","STK35","ENSG00000125834",NA,866,0.149739901360944,4.51968199803478,3.17068053606071,0.00173940185064171,0.0248417114188646,TRUE
"WB_LI","GPSM2","ENSG00000121957",NA,867,0.191221394950366,4.16075503484321,3.16781264942981,0.00175587957877775,0.0250441989593152,TRUE
"WB_LI","PDP2","ENSG00000172840",NA,868,-0.158569112745363,2.61945841560039,-3.16746702707983,0.0017578751136283,0.0250441989593152,TRUE
"WB_LI","OGFOD3","ENSG00000181396",NA,869,-0.125426730726007,3.45865330062218,-3.16715911884495,0.00175965466491307,0.0250441989593152,TRUE
"WB_LI","ALKBH3","ENSG00000166199",NA,870,-0.108360515768628,4.04214375602467,-3.16666890210125,0.0017624913069758,0.0250557384881342,TRUE
"WB_LI","RP11-349N19.2","ENSG00000179101",NA,871,0.269101001091912,2.0741410616256,3.16503468248292,0.00177197833331506,0.0251344939898955,TRUE
"WB_LI","HCCS","ENSG00000004961",NA,872,-0.0975559618767482,3.74157911393644,-3.16501452777778,0.00177209563059418,0.0251344939898955,TRUE
"WB_LI","PRR14L","ENSG00000183530",NA,873,0.0803034340215665,7.33844869970947,3.16399327456041,0.0017780485839819,0.0251880399596058,TRUE
"WB_LI","ACN9","ENSG00000196636",NA,874,-0.150447636966419,2.78802779128451,-3.16366877892663,0.00177994396221665,0.0251880399596058,TRUE
"WB_LI","H3F3A","ENSG00000163041",NA,875,0.18295238932381,6.81558875082593,3.16275626390077,0.00178528398833728,0.0252347341345776,TRUE
"WB_LI","TBC1D19","ENSG00000109680",NA,876,-0.173382598720752,3.61784116349004,-3.16222561865806,0.00178839613176195,0.0252498668466116,TRUE
"WB_LI","BRD4","ENSG00000141867",NA,877,0.195352656465696,5.0885018299581,3.15851386074098,0.00181030573838932,0.0255300585774221,TRUE
"WB_LI","LILRA1","ENSG00000104974",NA,878,0.17396649215536,5.45387643009549,3.15636460414434,0.0018231055606137,0.0256812865303761,TRUE
"WB_LI","AC008984.2","ENSG00000248166",NA,879,0.348466720497336,1.81479087637474,3.15473160569735,0.00183288675135485,0.0257448808998839,TRUE
"WB_LI","RSBN1L","ENSG00000187257",NA,880,0.10306299169824,6.98009904277777,3.1546474104438,0.00183339237045657,0.0257448808998839,TRUE
"WB_LI","RP11-175O19.4","ENSG00000231025",NA,881,0.117922232541438,3.93736642073421,3.15446031811404,0.00183451638102497,0.0257448808998839,TRUE
"WB_LI","RP5-874C20.3","ENSG00000197062",NA,882,-0.106116549353553,4.14635117429348,-3.1542224453431,0.00183594639017607,0.0257448808998839,TRUE
"WB_LI","JPX","ENSG00000225470",NA,883,0.110099207767032,4.83837908214214,3.15199466392859,0.00184938918933452,0.0258552941629513,TRUE
"WB_LI","KDSR","ENSG00000119537",NA,884,-0.102212642942623,4.43127286013206,-3.15198518578187,0.00184944657604764,0.0258552941629513,TRUE
"WB_LI","TRIM68","ENSG00000167333",NA,885,-0.11173576293677,3.51267749448336,-3.15170996100577,0.00185111368002705,0.0258552941629513,TRUE
"WB_LI","SLC12A6","ENSG00000140199",NA,886,0.165389949025979,8.08029086265509,3.15153366222417,0.00185218229530844,0.0258552941629513,TRUE
"WB_LI","DST","ENSG00000151914",NA,887,-0.197396023043209,5.06605111451208,-3.14938101216828,0.00186527644699795,0.0260087250242059,TRUE
"WB_LI","DGCR11","ENSG00000273311",NA,888,0.198598667551153,3.29640082771411,3.14900339586289,0.00186758222208597,0.0260115505886929,TRUE
"WB_LI","HS1BP3","ENSG00000118960",NA,889,0.154229141849743,4.61704541473503,3.14834004894054,0.00187163909060754,0.0260387314652802,TRUE
"WB_LI","GIMAP5","ENSG00000196329",NA,890,-0.126712459773768,8.09540248330675,-3.14793274371842,0.00187413410765324,0.0260441467903992,TRUE
"WB_LI","GPR107","ENSG00000148358",NA,891,0.125688779410898,5.55553459429901,3.1461226077374,0.00188525966065396,0.026169350710402,TRUE
"WB_LI","CLDN15","ENSG00000106404",NA,892,0.156107693770439,2.71478588568776,3.14276356936429,0.00190606715709011,0.0264285186086217,TRUE
"WB_LI","RAB3D","ENSG00000105514",NA,893,0.231645678349333,6.79848575445129,3.14191778681286,0.00191133970274901,0.0264719478651733,TRUE
"WB_LI","PLCD1","ENSG00000187091",NA,894,-0.128752160494601,3.93688099199231,-3.13998100755651,0.00192346428059299,0.0266017762168747,TRUE
"WB_LI","CYP2U1","ENSG00000155016",NA,895,-0.136528868214075,3.8193312534954,-3.13973405646021,0.00192501533910922,0.0266017762168747,TRUE
"WB_LI","ADAM19","ENSG00000135074",NA,896,0.181894101313653,6.59241259853754,3.13841972614868,0.00193328990123757,0.0266648808371144,TRUE
"WB_LI","CTA-217C2.1","ENSG00000226328",NA,897,0.19897640597872,4.32044538358516,3.13832401192648,0.00193389376705139,0.0266648808371144,TRUE
"WB_LI","RP5-935K16.1","ENSG00000270081",NA,898,-0.119813713121161,3.21717130443213,-3.13666617198305,0.00194438086862425,0.0267796242573994,TRUE
"WB_LI","VPS37B","ENSG00000139722",NA,899,0.159516594872769,5.08427213496409,3.13594583440578,0.00194895391646249,0.0268056675709275,TRUE
"WB_LI","CD300LB","ENSG00000178789",NA,900,0.220768825419869,5.2481067234106,3.13568591176891,0.00195060646942389,0.0268056675709275,TRUE
"WB_LI","ALG6","ENSG00000088035",NA,901,-0.0893543711676461,5.09362493504145,-3.1346956649002,0.00195691419979543,0.0268263007893022,TRUE
"WB_LI","BRWD3","ENSG00000165288",NA,902,0.118796398852388,7.30375189467942,3.13446060477401,0.00195841426548816,0.0268263007893022,TRUE
"WB_LI","RBCK1","ENSG00000125826",NA,903,0.146906979902006,5.52788047571043,3.13442917128166,0.00195861494281532,0.0268263007893022,TRUE
"WB_LI","RRP1","ENSG00000160214",NA,904,-0.13234222168937,3.2517913581119,-3.13333271411136,0.00196562683822128,0.0268738335726584,TRUE
"WB_LI","PPP2R3C","ENSG00000092020",NA,905,0.160263098612877,5.72093237380457,3.13320718791503,0.00196643106268239,0.0268738335726584,TRUE
"WB_LI","IL17RA","ENSG00000177663",NA,906,0.196407219298683,7.69906428245767,3.13042078265594,0.00198436156790772,0.0270889446709521,TRUE
"WB_LI","CTBP2","ENSG00000175029",NA,907,0.130432975951212,5.61127240511874,3.13003078849566,0.00198688319830286,0.0270934635023261,TRUE
"WB_LI","IGSF6","ENSG00000140749",NA,908,0.210243938409834,7.93689739701193,3.1293794975513,0.00199110092872804,0.0270959565406711,TRUE
"WB_LI","NPTN","ENSG00000156642",NA,909,0.129842609433866,6.30883404474677,3.12932601497958,0.00199144764678768,0.0270959565406711,TRUE
"WB_LI","C1orf213","ENSG00000249087",NA,910,-0.207776705829522,1.78147878987098,-3.12889137374488,0.00199426741897819,0.027098373962103,TRUE
"WB_LI","PSMD5","ENSG00000095261",NA,911,-0.0788094313514843,4.87137708647115,-3.12839834797134,0.00199747043200957,0.027098373962103,TRUE
"WB_LI","POLR3C","ENSG00000186141",NA,912,-0.0937480667358294,4.35436514595778,-3.128158014565,0.00199903351554604,0.027098373962103,TRUE
"WB_LI","DHRS13","ENSG00000167536",NA,913,0.2426802351059,5.32245168208024,3.12794968820662,0.00200038934568241,0.027098373962103,TRUE
"WB_LI","ZNF736","ENSG00000234444",NA,914,-0.10720522528307,6.13630318792231,-3.12684882019757,0.00200756813814605,0.0271658673223089,TRUE
"WB_LI","KCNE3","ENSG00000175538",NA,915,0.189049995794825,7.70155627933001,3.12526550179746,0.00201793475097295,0.0272763027322769,TRUE
"WB_LI","SFT2D3","ENSG00000173349",NA,916,-0.116325957197565,4.11395385824313,-3.12429483755945,0.00202431450688067,0.027332665743559,TRUE
"WB_LI","TRA2A","ENSG00000164548",NA,917,0.0734735620643829,6.84205637937047,3.12341772549448,0.00203009540748529,0.0273510175320147,TRUE
"WB_LI","PFKM","ENSG00000152556",NA,918,-0.1485195236319,3.2434436010475,-3.123175430835,0.00203169501799365,0.0273510175320147,TRUE
"WB_LI","MYO1F","ENSG00000142347",NA,919,0.214975581700806,9.37017388295114,3.12308263136369,0.00203230798123557,0.0273510175320147,TRUE
"WB_LI","ATG7","ENSG00000197548",NA,920,0.132443944044943,6.25392785557304,3.12262175314835,0.00203535472685342,0.0273622470236121,TRUE
"WB_LI","RN7SKP16","ENSG00000222112",NA,921,0.355851090394679,2.09441602210374,3.12125547070989,0.00204441167818873,0.0274541624710513,TRUE
"WB_LI","THOC1","ENSG00000079134",NA,922,-0.108126202165,5.40327685648275,-3.12079566499306,0.00204746804829447,0.0274653848387267,TRUE
"WB_LI","CIAPIN1","ENSG00000005194",NA,923,-0.107601399174271,3.85464580685715,-3.11941411417683,0.00205667675395618,0.0275341374689657,TRUE
"WB_LI","RP11-815J21.1","ENSG00000259453",NA,924,0.171914626369242,2.94702510703281,3.11935885976123,0.002057045845838,0.0275341374689657,TRUE
"WB_LI","GNAQP1","ENSG00000214077",NA,925,0.183881900221613,2.97565677818813,3.11869860762899,0.00206146097533826,0.0275634046951175,TRUE
"WB_LI","GATAD2B","ENSG00000143614",NA,926,0.165092155005822,4.73126787751311,3.11826869525832,0.00206434051826752,0.0275720988444198,TRUE
"WB_LI","KSR1","ENSG00000141068",NA,927,0.21052534144195,4.72434215779147,3.11697412871046,0.00207303394757592,0.0276583428949503,TRUE
"WB_LI","WIPF1","ENSG00000115935",NA,928,0.112812523890949,8.41571225831481,3.11657328093106,0.00207573261716924,0.02766450539779,TRUE
"WB_LI","SETD1B","ENSG00000139718",NA,929,0.196458625746242,3.86145976794842,3.11599447973862,0.00207963506674154,0.0276866808454891,TRUE
"WB_LI","SLC12A9","ENSG00000146828",NA,930,0.175904436235273,6.86786697751298,3.11499043142122,0.00208642073506917,0.0277129406805294,TRUE
"WB_LI","ECI2","ENSG00000198721",NA,931,-0.113696185064739,4.55827792150946,-3.11487657378039,0.00208719150964355,0.0277129406805294,TRUE
"WB_LI","DIEXF","ENSG00000117597",NA,932,-0.109606756116555,5.02526274363996,-3.11446828088797,0.0020899576659758,0.0277129406805294,TRUE
"WB_LI","FAM135A","ENSG00000082269",NA,933,-0.122315335613844,4.79759990874699,-3.11437791959395,0.00209057031492027,0.0277129406805294,TRUE
"WB_LI","GNB2","ENSG00000172354",NA,934,0.184541371007909,7.13799224455583,3.1134034653663,0.00209718765421522,0.0277626713828681,TRUE
"WB_LI","ZFP36L1","ENSG00000185650",NA,935,0.149067382024968,6.17145805251551,3.11316480979195,0.00209881126641184,0.0277626713828681,TRUE
"WB_LI","ADO","ENSG00000181915",NA,936,-0.0978208380184597,4.71075287618423,-3.11179269991579,0.0021081684931853,0.0278509188332233,TRUE
"WB_LI","LILRB3","ENSG00000204577",NA,937,0.264470814773893,4.03004265797677,3.11136087690809,0.00211112130906197,0.0278509188332233,TRUE
"WB_LI","RNF113A","ENSG00000125352",NA,938,-0.0931489281755357,4.23312574511254,-3.11099198744857,0.00211364680804988,0.0278509188332233,TRUE
"WB_LI","CEP63","ENSG00000182923",NA,939,0.173804307747765,6.37651651447847,3.11086891094075,0.00211449003754824,0.0278509188332233,TRUE
"WB_LI","ZNF684","ENSG00000117010",NA,940,-0.17771478829797,2.04367737758154,-3.10818958779991,0.00213292394441999,0.0280638333453048,TRUE
"WB_LI","JMJD6","ENSG00000070495",NA,941,0.0991079273306078,5.12689400238074,3.10658890881238,0.00214400739488967,0.0281796848671577,TRUE
"WB_LI","CEACAM21","ENSG00000007129",NA,942,-0.121362484259179,4.05337387859696,-3.10572092121764,0.00215003973988466,0.0282289718714368,TRUE
"WB_LI","LANCL1","ENSG00000115365",NA,943,-0.117940922125061,5.41251247058735,-3.10450436355751,0.00215852095115659,0.0283102726658587,TRUE
"WB_LI","DSTN","ENSG00000125868",NA,944,-0.11887388771616,4.4717400733027,-3.10403616339994,0.0021617932224422,0.028323155270302,TRUE
"WB_LI","SNX11","ENSG00000002919",NA,945,0.165812109533759,5.28994218301189,3.10317406542506,0.00216783044374015,0.028372197807596,TRUE
"WB_LI","LINC01011","ENSG00000244041",NA,946,0.178095412160822,2.29447807742478,3.10265832639439,0.00217144956969633,0.0283895224926048,TRUE
"WB_LI","RP11-262D11.2","ENSG00000225471",NA,947,0.221745676792345,1.94706005756849,3.10120592986519,0.00218167154579176,0.0284927812920209,TRUE
"WB_LI","SELPLG","ENSG00000110876",NA,948,0.184426747524165,8.2217059598575,3.10088232805831,0.00218395509903265,0.0284927812920209,TRUE
"WB_LI","FTH1","ENSG00000167996",NA,949,0.171872992679322,6.82769119365365,3.09854272786112,0.00220053064359137,0.0286787808218525,TRUE
"WB_LI","COPS8P2","ENSG00000214552",NA,950,-0.214059515941089,1.92264475562169,-3.09806237406516,0.00220394817565382,0.0286930853015647,TRUE
"WB_LI","SIGLEC5","ENSG00000105501",NA,951,0.346659855849509,2.99625559857287,3.09749311333319,0.00220800458768953,0.0287156684968918,TRUE
"WB_LI","MDH2","ENSG00000146701",NA,952,-0.100069438532065,4.59871281087536,-3.09677727846235,0.00221311522965308,0.0287365551646865,TRUE
"WB_LI","ATP6V0A1","ENSG00000033627",NA,953,0.1398788523147,5.41087081593358,3.09627028329973,0.00221674147914816,0.0287365551646865,TRUE
"WB_LI","EXOC6B","ENSG00000144036",NA,954,-0.126080817124377,4.48925201144801,-3.09604046724519,0.00221838702854657,0.0287365551646865,TRUE
"WB_LI","PLAA","ENSG00000137055",NA,955,-0.0675704354802328,4.77327012540061,-3.0959682377278,0.00221890444552681,0.0287365551646865,TRUE
"WB_LI","SRGAP2B","ENSG00000196369",NA,956,0.144364376058043,3.40119639758441,3.09545489579627,0.00222258498565969,0.0287541120320493,TRUE
"WB_LI","TNFRSF18","ENSG00000186891",NA,957,-0.298441081976622,1.54561768662415,-3.09468091334198,0.00222814490713371,0.0287959208060917,TRUE
"WB_LI","HLX","ENSG00000136630",NA,958,0.276947313874473,4.46799287908914,3.09432382101878,0.00223071441213242,0.0287990353332503,TRUE
"WB_LI","DYRK1A","ENSG00000157540",NA,959,0.0807651839353048,8.17907546373633,3.09308566877246,0.0022396448892273,0.0288841793430273,TRUE
"WB_LI","PARD6B","ENSG00000124171",NA,960,-0.156994517125381,2.74259743122822,-3.09232867775735,0.00224512110908953,0.0289246436221034,TRUE
"WB_LI","ITPRIP","ENSG00000148841",NA,961,0.222024660276146,6.81576804686168,3.09096777630511,0.00225499721233975,0.0290216498670323,TRUE
"WB_LI","C16orf52","ENSG00000185716",NA,962,-0.121040115300503,4.81459639090893,-3.0894916336591,0.00226575492595284,0.0291282588396015,TRUE
"WB_LI","MTRR","ENSG00000124275",NA,963,-0.0981123867386073,5.24019984805083,-3.08880672377061,0.00227076241848944,0.0291282588396015,TRUE
"WB_LI","DLAT","ENSG00000150768",NA,964,-0.12274360746081,3.92189451176181,-3.08869295842433,0.00227159516423352,0.0291282588396015,TRUE
"WB_LI","AC079210.1","ENSG00000269657",NA,965,0.209889959766307,4.31971523728422,3.08854190231886,0.00227270130823217,0.0291282588396015,TRUE
"WB_LI","APEH","ENSG00000164062",NA,966,-0.0873553310335775,5.64463435571825,-3.08815129174735,0.00227556395026548,0.0291347566634405,TRUE
"WB_LI","TMEM192","ENSG00000170088",NA,967,-0.105478534136667,3.9269665140122,-3.08745259511245,0.00228069273910565,0.0291551678847448,TRUE
"WB_LI","MAPK8","ENSG00000107643",NA,968,-0.0857985556642933,5.64464521476436,-3.08707199221964,0.00228349104185692,0.0291551678847448,TRUE
"WB_LI","RABGAP1L","ENSG00000152061",NA,969,0.106929856870131,8.18261743733815,3.08673086979655,0.00228600176347551,0.0291551678847448,TRUE
"WB_LI","NCOA2","ENSG00000140396",NA,970,0.127160615282601,8.14804551082111,3.08637046545882,0.00228865716933022,0.0291551678847448,TRUE
"WB_LI","SEC14L1","ENSG00000129657",NA,971,0.235036107366422,8.11835636904217,3.08605473986057,0.00229098572627328,0.0291551678847448,TRUE
"WB_LI","RHOG","ENSG00000177105",NA,972,0.195414592168656,5.54783554558176,3.0857939643941,0.00229291065946893,0.0291551678847448,TRUE
"WB_LI","FLVCR1-AS1","ENSG00000198468",NA,973,0.313975428989256,1.81271733426041,3.08569259732162,0.00229365931046707,0.0291551678847448,TRUE
"WB_LI","ZDHHC18","ENSG00000204160",NA,974,0.24703127825368,8.03947383514964,3.08536068176426,0.00229611226544351,0.0291563824425106,TRUE
"WB_LI","CTDSPL2","ENSG00000137770",NA,975,-0.088902350593298,6.25900094266166,-3.08271106683299,0.00231578062781903,0.0293482291859661,TRUE
"WB_LI","RAPGEF2","ENSG00000109756",NA,976,0.173291379514955,7.22800788589039,3.082686147827,0.00231596633938413,0.0293482291859661,TRUE
"WB_LI","WHSC1L1","ENSG00000147548",NA,977,0.0808599250343307,8.00192726741962,3.08231854882838,0.0023187075064465,0.0293528909311467,TRUE
"WB_LI","TET2","ENSG00000168769",NA,978,0.158847066100372,8.96311218850815,3.0818248792542,0.00232239348236289,0.0293694914006791,TRUE
"WB_LI","RP11-73M18.6","ENSG00000270108",NA,979,0.19025638585725,2.45323073247239,3.08076649929229,0.00233031407541388,0.0294096962242464,TRUE
"WB_LI","RHOQP2","ENSG00000232742",NA,980,0.210300268550392,1.73818759741401,3.08076458119701,0.00233032845243867,0.0294096962242464,TRUE
"WB_LI","RP11-16E12.1","ENSG00000259448",NA,981,0.182101739303269,2.5882848485621,3.08014380584226,0.00233498575421741,0.0294384340552099,TRUE
"WB_LI","SEPT8","ENSG00000164402",NA,982,-0.181915692965234,2.51253975798823,-3.07884121735434,0.00234478619800224,0.0295318897117024,TRUE
"WB_LI","C5orf56","ENSG00000197536",NA,983,0.179910906073345,5.3484773391794,3.07800760980726,0.00235107799972869,0.0295810098684073,TRUE
"WB_LI","PQBP1","ENSG00000102103",NA,984,-0.101667913096211,4.37211019411778,-3.07648016240771,0.00236264708824252,0.0296963609627881,TRUE
"WB_LI","SHPRH","ENSG00000146414",NA,985,-0.0966049945944353,6.90204393440888,-3.07578202127336,0.00236795235765245,0.0297328271669498,TRUE
"WB_LI","ZBTB20","ENSG00000181722",NA,986,-0.106003663861149,5.90204087682667,-3.07387848952314,0.00238247339691027,0.0298848184310205,TRUE
"WB_LI","CTD-2267D19.2","ENSG00000265666",NA,987,0.251342087936735,3.14788168092555,3.07164886321719,0.00239958639843084,0.0300689813331232,TRUE
"WB_LI","SEC62","ENSG00000008952",NA,988,-0.132685528214497,7.0456295901398,-3.07117809229204,0.00240321415136532,0.0300839601458364,TRUE
"WB_LI","TRIM25","ENSG00000121060",NA,989,0.220009015228387,7.87795501644291,3.07016426782786,0.00241104383658987,0.0301514561890228,TRUE
"WB_LI","TNIP1","ENSG00000145901",NA,990,0.145481196540944,6.54581666450384,3.06943928867125,0.00241665720196173,0.0301911275493562,TRUE
"WB_LI","MIDN","ENSG00000167470",NA,991,0.201678944525516,4.93711076838432,3.06828876670408,0.00242559018647899,0.0302721487652595,TRUE
"WB_LI","NIT1","ENSG00000158793",NA,992,0.084336242484922,4.48940737823756,3.06534171258159,0.00244861094428852,0.0305286493537908,TRUE
"WB_LI","ZNF3","ENSG00000166526",NA,993,-0.074683520606768,4.97200802011983,-3.06448244265857,0.0024553608932013,0.0305819773686946,TRUE
"WB_LI","ZBTB10","ENSG00000205189",NA,994,-0.143063131335363,4.91069216942422,-3.063771286082,0.00246096030718489,0.0306208823735037,TRUE
"WB_LI","SNN","ENSG00000184602",NA,995,0.176048738271934,7.35816873884131,3.06138944223238,0.00247979996506788,0.0308242874049845,TRUE
"WB_LI","FAM53C","ENSG00000120709",NA,996,0.214462783277929,5.97927694964543,3.06081540688612,0.00248436023492101,0.0308499672545212,TRUE
"WB_LI","RPS4XP11","ENSG00000234335",NA,997,-0.181501074670322,2.97891383167316,-3.06043750254573,0.00248736661027768,0.0308563191934949,TRUE
"WB_LI","TFE3","ENSG00000068323",NA,998,0.181031728866724,5.50977566041393,3.05940935729936,0.00249556287415461,0.0309269755787016,TRUE
"WB_LI","TNFRSF1A","ENSG00000067182",NA,999,0.201811994449271,6.42710245292741,3.05757098743496,0.00251028020116575,0.0310534774290337,TRUE
"WB_LI","SLC16A7","ENSG00000118596",NA,1000,-0.110294284319149,5.97811381289303,-3.05750721656526,0.00251079215952731,0.0310534774290337,TRUE
"WB_LI","POLR1E","ENSG00000137054",NA,1001,-0.119886854790451,4.04099458957436,-3.05611075115306,0.002522027250207,0.0311612717588014,TRUE
"WB_LI","AP1S1","ENSG00000106367",NA,1002,-0.160880617026443,2.54673293242064,-3.05482542840777,0.00253240905895726,0.0312583186039754,TRUE
"WB_LI","THUMPD2","ENSG00000138050",NA,1003,-0.136454450628103,3.68152335018845,-3.0532370446392,0.00254529312067378,0.0313860272347889,TRUE
"WB_LI","AGTPBP1","ENSG00000135049",NA,1004,0.137884106394537,8.14753367562821,3.0523716120137,0.0025523383935664,0.0314144748356648,TRUE
"WB_LI","ABHD5","ENSG00000011198",NA,1005,0.249572339160584,7.20588397849889,3.05219538712365,0.00255377519555156,0.0314144748356648,TRUE
"WB_LI","AKT3","ENSG00000117020",NA,1006,-0.134972515300257,5.94719394807192,-3.05201826558213,0.00255522005859304,0.0314144748356648,TRUE
"WB_LI","PHYH","ENSG00000107537",NA,1007,-0.184167305435931,2.10127296138304,-3.0514467678722,0.00255988716629161,0.031440600270799,TRUE
"WB_LI","RP11-705C15.3","ENSG00000257027",NA,1008,-0.139263962681712,6.80194583226712,-3.05030632114711,0.00256922403666078,0.0315048806320687,TRUE
"WB_LI","RTEL1P1","ENSG00000251441",NA,1009,0.271730994178053,4.28837160399715,3.04994671552114,0.00257217463438995,0.0315048806320687,TRUE
"WB_LI","CD274","ENSG00000120217",NA,1010,0.293507158014249,4.63167141664664,3.04984656959701,0.00257299689629012,0.0315048806320687,TRUE
"WB_LI","LINC00152","ENSG00000222041",NA,1011,0.178783558096955,3.35103137633902,3.04956500485503,0.0025753100193258,0.0315048806320687,TRUE
"WB_LI","POLR2A","ENSG00000181222",NA,1012,0.192782894686866,5.002703978693,3.04838578983521,0.00258501837374064,0.0315923984648461,TRUE
"WB_LI","POGLUT1","ENSG00000163389",NA,1013,-0.0941310356474386,5.05502417319733,-3.04751263970979,0.00259222862683859,0.0316492434913521,TRUE
"WB_LI","ARG1","ENSG00000118520",NA,1014,0.426117327447205,3.56328215014852,3.04336618339723,0.00262672241749326,0.0320387602165252,TRUE
"WB_LI","MARCKS","ENSG00000155130",NA,1015,0.224891910577204,6.60382470897003,3.04266063993818,0.00263263362301311,0.0320792242851489,TRUE
"WB_LI","TDRKH","ENSG00000182134",NA,1016,-0.151196379800734,2.53654360546068,-3.04202401563863,0.0026379779136526,0.0321127075158025,TRUE
"WB_LI","RP11-925D8.2","ENSG00000259626",NA,1017,0.345196204261301,1.99161537433709,3.04168306626579,0.00264084419647748,0.0321132542232037,TRUE
"WB_LI","ATG14","ENSG00000126775",NA,1018,-0.0849920452632927,5.02153221228915,-3.04140121932009,0.00264321578260199,0.0321132542232037,TRUE
"WB_LI","AC092620.2","ENSG00000241772",NA,1019,0.232666328804252,3.35451927072539,3.04046716777735,0.00265108932856549,0.0321773040389577,TRUE
"WB_LI","UBFD1","ENSG00000103353",NA,1020,-0.112937501723056,4.4279595960307,-3.04000121181901,0.00265502514783948,0.0321934814004693,TRUE
"WB_LI","SLC15A3","ENSG00000110446",NA,1021,0.191613670773182,5.76300732547425,3.03758267162964,0.00267554051167427,0.0324083816797124,TRUE
"WB_LI","EPN1","ENSG00000063245",NA,1022,0.173589561461689,3.63065514974249,3.03729517985257,0.00267798884837209,0.0324083816797124,TRUE
"WB_LI","RPL7AP66","ENSG00000175886",NA,1023,-0.189164581335389,2.11525510558389,-3.03479658956429,0.00269935431509278,0.0326350089629203,TRUE
"WB_LI","ZBED6","ENSG00000257315",NA,1024,0.107011791997917,5.82089466117536,3.03445403972563,0.0027022956551922,0.0326386647103683,TRUE
"WB_LI","MS4A4A","ENSG00000110079",NA,1025,-0.279841450949708,2.28686016006451,-3.03402798621111,0.00270595812287913,0.03265101469636,TRUE
"WB_LI","B3GNT5","ENSG00000176597",NA,1026,0.235563957990592,4.71022564083042,3.0334682905331,0.00271077635388819,0.0326772728507691,TRUE
"WB_LI","IMPDH2","ENSG00000178035",NA,1027,-0.111353142194421,5.55668286311051,-3.03240340051541,0.00271996543360975,0.0327269243783483,TRUE
"WB_LI","EID2","ENSG00000176396",NA,1028,-0.144711491543103,3.28634784500704,-3.0323777139192,0.00272018744024435,0.0327269243783483,TRUE
"WB_LI","TRPC1","ENSG00000144935",NA,1029,-0.233773755920559,2.87265414031989,-3.03181162477098,0.00272508432490052,0.0327524137022792,TRUE
"WB_LI","SLC4A4","ENSG00000080493",NA,1030,-0.24718538381767,2.47766334988015,-3.03152089819145,0.00272760237009602,0.0327524137022792,TRUE
"WB_LI","ZNF341","ENSG00000131061",NA,1031,0.223036923450988,1.63533062796651,3.03016481369713,0.00273937600894203,0.0328618840723522,TRUE
"WB_LI","ARHGAP5","ENSG00000100852",NA,1032,-0.157597497756122,6.31966566461536,-3.02941850072807,0.00274587548584597,0.0329079341171927,TRUE
"WB_LI","PTPN23","ENSG00000076201",NA,1033,0.172275968057093,2.75890809444725,3.02686409541066,0.00276822875095804,0.0330613598535742,TRUE
"WB_LI","BEST1","ENSG00000167995",NA,1034,0.240008792763703,5.7127511813085,3.02678141673895,0.00276895504940845,0.0330613598535742,TRUE
"WB_LI","LONP2","ENSG00000102910",NA,1035,-0.0810203346986377,7.25506458247279,-3.02674851034542,0.00276924416742451,0.0330613598535742,TRUE
"WB_LI","NQO2","ENSG00000124588",NA,1036,0.319700810897007,5.35657068659926,3.02672336275451,0.00276946513474056,0.0330613598535742,TRUE
"WB_LI","NR2C2","ENSG00000177463",NA,1037,0.108308804452834,5.397803936487,3.02643009877664,0.00277204318953399,0.0330613598535742,TRUE
"WB_LI","TCIRG1","ENSG00000110719",NA,1038,0.179699082792821,7.4456439409119,3.02475583249856,0.00278680381657996,0.0331866115436596,TRUE
"WB_LI","NMI","ENSG00000123609",NA,1039,0.170425922241133,6.22715303083025,3.02463051988109,0.00278791149691642,0.0331866115436596,TRUE
"WB_LI","VIM","ENSG00000026025",NA,1040,0.161975564555216,10.1892434505042,3.02382378236089,0.00279505221970932,0.0332171665025752,TRUE
"WB_LI","RP11-473I1.10","ENSG00000263244",NA,1041,0.135707635789147,7.97328730228859,3.02350627625435,0.00279786718923956,0.0332171665025752,TRUE
"WB_LI","PABPC1P3","ENSG00000230673",NA,1042,0.119017240741712,2.73688106415691,3.02343093534743,0.00279853553490325,0.0332171665025752,TRUE
"WB_LI","IL2RA","ENSG00000134460",NA,1043,-0.17704406598525,3.32436799899909,-3.02221542314913,0.00280933859700352,0.0333130533485138,TRUE
"WB_LI","VOPP1","ENSG00000154978",NA,1044,0.102366968325098,5.14324449128351,3.02191652776072,0.00281200094565398,0.0333130533485138,TRUE
"WB_LI","PYGL","ENSG00000100504",NA,1045,0.255680938600954,8.53549139618919,3.02038824991657,0.00282565005539513,0.0334427175934229,TRUE
"WB_LI","ATP8A1","ENSG00000124406",NA,1046,-0.0926642063870684,7.61323754246725,-3.0199216230506,0.00282982964069575,0.0334601653882649,TRUE
"WB_LI","MPZL2","ENSG00000149573",NA,1047,0.229213342647971,3.92761000496941,3.01890614869524,0.00283894491360738,0.0335358841370545,TRUE
"WB_LI","TUT1","ENSG00000149016",NA,1048,-0.215524043893907,1.51197413206073,-3.01813808474779,0.00284585726022235,0.0335854604908683,TRUE
"WB_LI","TCEB1P19","ENSG00000241975",NA,1049,0.192332962648237,2.27452387717812,3.01747808710436,0.00285180939869523,0.0336236212040635,TRUE
"WB_LI","SLC20A2","ENSG00000168575",NA,1050,-0.0994258811713899,4.47069436907188,-3.01663741754799,0.00285940748477114,0.0336810969253805,TRUE
"WB_LI","SDAD1","ENSG00000198301",NA,1051,-0.11282420328025,4.71184811818453,-3.01615926394291,0.00286373739995419,0.0337000039606408,TRUE
"WB_LI","RNF217","ENSG00000146373",NA,1052,-0.170665164260567,3.78854186339527,-3.01459773665027,0.00287791980945068,0.0338347074175723,TRUE
"WB_LI","PRPS1","ENSG00000147224",NA,1053,-0.117954132842409,4.61765230855858,-3.01181581117534,0.00290334642053005,0.0340827280860338,TRUE
"WB_LI","RP11-700P18.1","ENSG00000223559",NA,1054,-0.172930559746091,2.04683862059282,-3.01168714050841,0.00290452744200191,0.0340827280860338,TRUE
"WB_LI","C21orf33","ENSG00000160221",NA,1055,-0.0817257682159479,5.39480720523117,-3.00859281950062,0.0029330624080443,0.0343194175776843,TRUE
"WB_LI","NRIP1","ENSG00000180530",NA,1056,-0.128698808938558,6.07316675153015,-3.00842216652735,0.00293464359219661,0.0343194175776843,TRUE
"WB_LI","AP1AR","ENSG00000138660",NA,1057,-0.164361926858079,4.2617651274032,-3.00778616777319,0.002940543336386,0.0343194175776843,TRUE
"WB_LI","FAS","ENSG00000026103",NA,1058,0.163353207168365,6.5473691472199,3.00759308507401,0.00294233659351826,0.0343194175776843,TRUE
"WB_LI","ERCC3","ENSG00000163161",NA,1059,-0.0715130069325832,5.3944054794539,-3.00716029402257,0.00294635979486976,0.0343194175776843,TRUE
"WB_LI","ZGPAT","ENSG00000197114",NA,1060,0.135760818969864,3.24011353364519,3.00701154348994,0.00294774373821616,0.0343194175776843,TRUE
"WB_LI","EXOSC6","ENSG00000223496",NA,1061,-0.117046309937106,3.87169310424837,-3.00694152995674,0.00294839533594892,0.0343194175776843,TRUE
"WB_LI","LRRC58","ENSG00000163428",NA,1062,-0.0973873655165667,6.22011079250498,-3.00693530377775,0.00294845328778354,0.0343194175776843,TRUE
"WB_LI","IMPDH1","ENSG00000106348",NA,1063,0.191766547324225,5.62633426812477,3.00680441580389,0.00294967180506779,0.0343194175776843,TRUE
"WB_LI","EFHD2","ENSG00000142634",NA,1064,0.165213071371379,7.32754241355785,3.0062496642357,0.00295484146929601,0.034347254973922,TRUE
"WB_LI","KCTD3","ENSG00000136636",NA,1065,-0.172453496399536,2.98242139139685,-3.00548701307509,0.00296196211424062,0.0343976971163643,TRUE
"WB_LI","CDC42-IT1","ENSG00000230068",NA,1066,0.199918817258215,2.21173169249113,3.00462532108014,0.00297002644040586,0.0344589934474106,TRUE
"WB_LI","MAL","ENSG00000172005",NA,1067,-0.187763187460067,4.4921065875535,-3.00432643690899,0.00297282831917486,0.0344591758683736,TRUE
"WB_LI","CTBS","ENSG00000117151",NA,1068,0.163011675349575,7.27327361911261,3.00343496911173,0.00298119978048467,0.0345238566339273,TRUE
"WB_LI","ZNF746","ENSG00000181220",NA,1069,0.193954025045974,5.97983233072873,3.00268171914814,0.00298829016041253,0.0345735946716391,TRUE
"WB_LI","LSMEM1","ENSG00000181016",NA,1070,0.265780570302367,3.36331104478693,3.00219412055238,0.00299288820648351,0.0345944311568113,TRUE
"WB_LI","RP13-977J11.5","ENSG00000256804",NA,1071,-0.184200665229666,1.98900930945704,-3.0018777859162,0.00299587471128851,0.0345966185146745,TRUE
"WB_LI","TFPI","ENSG00000003436",NA,1072,0.302939165563863,1.94193815233166,3.00022563241253,0.00301151716945918,0.0346569692926249,TRUE
"WB_LI","PCNXL4","ENSG00000126773",NA,1073,-0.070621646271159,6.28152038251704,-3.00000915383489,0.00301357232081631,0.0346569692926249,TRUE
"WB_LI","HDHD2","ENSG00000167220",NA,1074,-0.092143868959611,4.9853941562548,-2.99999573563701,0.00301369974960799,0.0346569692926249,TRUE
"WB_LI","HIST3H2BB","ENSG00000196890",NA,1075,-0.275917572870162,3.89879868061211,-2.99951442176649,0.00301827392389516,0.0346569692926249,TRUE
"WB_LI","MFSD11","ENSG00000092931",NA,1076,0.0715368713581978,4.5878978819737,2.99947663455531,0.0030186333050975,0.0346569692926249,TRUE
"WB_LI","TANK","ENSG00000136560",NA,1077,0.101520342086314,7.67007812962271,2.99936370343449,0.00301970758850267,0.0346569692926249,TRUE
"WB_LI","TSPYL4","ENSG00000187189",NA,1078,-0.0937027455505294,3.98075503723038,-2.99925775249702,0.00302071579054412,0.0346569692926249,TRUE
"WB_LI","GMPS","ENSG00000163655",NA,1079,-0.0985249197914669,5.35380835816743,-2.99729890324591,0.00303941148258622,0.0348391484862154,TRUE
"WB_LI","TRAC","ENSG00000229164",NA,1080,-0.171130015660113,7.21483394487895,-2.99648485932701,0.00304721210767576,0.0348582351155862,TRUE
"WB_LI","SSH2","ENSG00000141298",NA,1081,0.187463154603696,8.89577744426162,2.99633629631285,0.00304863770397735,0.0348582351155862,TRUE
"WB_LI","C15orf39","ENSG00000167173",NA,1082,0.25213012441117,5.08181989456274,2.9962431448948,0.00304953188834607,0.0348582351155862,TRUE
"WB_LI","RP4-647C14.3","ENSG00000258944",NA,1083,0.219131930340756,2.03949165520994,2.99518567522184,0.00305969971071697,0.0349421662254362,TRUE
"WB_LI","MB21D2","ENSG00000180611",NA,1084,-0.210647877175943,2.40536216523625,-2.99476431863107,0.00306375982077337,0.034956255962477,TRUE
"WB_LI","RIT1","ENSG00000143622",NA,1085,0.140671033261861,6.71004920220929,2.99344058957905,0.0030765472214353,0.0350698027969694,TRUE
"WB_LI","AMOTL1","ENSG00000166025",NA,1086,-0.247696620907886,1.50160097772787,-2.99076995962908,0.00310249515319063,0.0353248237787472,TRUE
"WB_LI","GNA13","ENSG00000120063",NA,1087,0.116718989768848,8.32764651704562,2.99055098705634,0.00310463158534106,0.0353248237787472,TRUE
"WB_LI","PIGM","ENSG00000143315",NA,1088,-0.101300348911893,4.07489563206143,-2.99012964770998,0.00310874623326414,0.0353391299751938,TRUE
"WB_LI","CTB-31N19.3","ENSG00000261596",NA,1089,0.181034257239299,3.11617800771274,2.98945338777658,0.00311536081052388,0.0353818021162161,TRUE
"WB_LI","DOCK5","ENSG00000147459",NA,1090,0.217152810605083,8.68871047408466,2.98849022982391,0.00312480387656348,0.0354564902250799,TRUE
"WB_LI","ENGASE","ENSG00000167280",NA,1091,-0.129477139186625,5.35872103265771,-2.98712962963597,0.00313818835448067,0.0355757227939661,TRUE
"WB_LI","ATXN7","ENSG00000163635",NA,1092,0.0996555798445131,7.10128512161545,2.98600140940707,0.00314932675369963,0.0356509177518895,TRUE
"WB_LI","ARPC1B","ENSG00000130429",NA,1093,0.113816563607923,8.25305567225508,2.98587404495389,0.00315058644104263,0.0356509177518895,TRUE
"WB_LI","TOMM20","ENSG00000173726",NA,1094,-0.0989428261468789,5.87520846209015,-2.9845577410757,0.00316363234708059,0.0357658179786954,TRUE
"WB_LI","DYNC2H1","ENSG00000187240",NA,1095,-0.164193033246408,3.79456131472971,-2.9839431219742,0.00316974080870358,0.0358021500657954,TRUE
"WB_LI","RP11-925D8.5","ENSG00000259379",NA,1096,0.340197468870847,2.76908688390673,2.98351596492396,0.00317399253094092,0.0358174631593771,TRUE
"WB_LI","C16orf72","ENSG00000182831",NA,1097,0.134891226955641,7.82731410182712,2.98041385867387,0.00320502681206229,0.0361261531508931,TRUE
"WB_LI","ZNF101","ENSG00000181896",NA,1098,-0.0929722771218977,6.50090611623989,-2.98006473988281,0.0032085368634502,0.0361261531508931,TRUE
"WB_LI","AREL1","ENSG00000119682",NA,1099,0.132277414509405,7.18337040191487,2.97990837063896,0.00321011014819143,0.0361261531508931,TRUE
"WB_LI","HIBADH","ENSG00000106049",NA,1100,-0.110820618078781,3.82039352057742,-2.9794723449569,0.00321450089202892,0.0361426791205579,TRUE
"WB_LI","DARS","ENSG00000115866",NA,1101,-0.105891446065979,5.75916881252021,-2.97838614591411,0.00322546280157555,0.0362329917619314,TRUE
"WB_LI","RP11-396K3.1","ENSG00000233369",NA,1102,0.257783299964332,1.93784108384665,2.97768471638972,0.00323255983490111,0.0362797640998702,TRUE
"WB_LI","AFF1","ENSG00000172493",NA,1103,0.131441213449608,7.28398075042412,2.97714682146403,0.0032380119348239,0.036282775983297,TRUE
"WB_LI","FOXN3","ENSG00000053254",NA,1104,0.105857266875056,7.0633450153225,2.97707945074131,0.00323869539825031,0.036282775983297,TRUE
"WB_LI","PTPDC1","ENSG00000158079",NA,1105,-0.135143593250582,3.38510423163539,-2.97630600981526,0.00324655129922573,0.0363182913811464,TRUE
"WB_LI","SERTAD3","ENSG00000167565",NA,1106,0.133215309796097,3.58714749328551,2.97618927114558,0.00324773854039036,0.0363182913811464,TRUE
"WB_LI","NUAK2","ENSG00000163545",NA,1107,0.198653974163053,5.70478391529626,2.97406325865233,0.00326943004394254,0.0365278326860717,TRUE
"WB_LI","ABI1","ENSG00000136754",NA,1108,0.0825502220122156,7.66019978419121,2.9734332697456,0.00327588323816833,0.0365668988173879,TRUE
"WB_LI","SIRPB2","ENSG00000196209",NA,1109,0.209489439416906,6.04204952487591,2.97246031537569,0.00328587250417649,0.0366200109872364,TRUE
"WB_LI","KRT10","ENSG00000186395",NA,1110,-0.166407872902742,2.53492285235928,-2.97239315342479,0.00328656308181051,0.0366200109872364,TRUE
"WB_LI","MTIF2","ENSG00000085760",NA,1111,-0.100243467264818,4.40178141310071,-2.97174309638855,0.00329325402977039,0.0366615354097211,TRUE
"WB_LI","FAM60A","ENSG00000139146",NA,1112,-0.101810775025714,5.19247576392866,-2.9710904463997,0.00329998423278396,0.0367034217545612,TRUE
"WB_LI","C11orf83","ENSG00000204922",NA,1113,-0.139669013014049,2.65322312648625,-2.97052202486526,0.00330585613707567,0.0367356951512596,TRUE
"WB_LI","GTPBP1","ENSG00000100226",NA,1114,0.163696315869278,5.80312790883249,2.97010685993539,0.00331015092453635,0.0367504009287841,TRUE
"WB_LI","ELOVL5","ENSG00000012660",NA,1115,0.126861869958319,8.01731677763375,2.96864301752551,0.0033253349041872,0.0368858673497643,TRUE
"WB_LI","C20orf197","ENSG00000176659",NA,1116,-0.158603185072883,3.11946154159032,-2.96828828698962,0.00332902401456619,0.0368936998316798,TRUE
"WB_LI","HTATIP2","ENSG00000109854",NA,1117,0.145419529704989,5.71042067892877,2.96751541129113,0.00333707473153437,0.0369375029052347,TRUE
"WB_LI","KIAA0513","ENSG00000135709",NA,1118,0.177817676413558,6.8606026396948,2.96733567092424,0.00333894956727461,0.0369375029052347,TRUE
"WB_LI","NFKBID","ENSG00000167604",NA,1119,0.1199111874696,3.76181790141835,2.96645789749678,0.00334811932931311,0.0370058443833284,TRUE
"WB_LI","ARPC5","ENSG00000162704",NA,1120,0.153808689187145,9.16257106057791,2.96593463599781,0.0033535966207138,0.037033288397311,TRUE
"WB_LI","RBM4B","ENSG00000173914",NA,1121,-0.0856408731633818,3.77414647250127,-2.96511739028576,0.00336216765901105,0.0370823058738679,TRUE
"WB_LI","EML5","ENSG00000165521",NA,1122,-0.171075878461679,3.61415845418218,-2.96493988344673,0.00336403195265846,0.0370823058738679,TRUE
"WB_LI","ZNF16","ENSG00000170631",NA,1123,-0.139484234314293,2.88185395748538,-2.96321920966847,0.0033821527858963,0.0372488563276629,TRUE
"WB_LI","BAZ2B","ENSG00000123636",NA,1124,0.179009652551107,8.58312911177961,2.96234238787345,0.00339142118746577,0.0373177021766696,TRUE
"WB_LI","PRR13","ENSG00000205352",NA,1125,0.161156644346039,3.55010807789886,2.96188692901905,0.00339624477597839,0.0373375603460451,TRUE
"WB_LI","DGKE","ENSG00000153933",NA,1126,-0.127058277870297,5.32852860581633,-2.96008728617877,0.00341536567915339,0.0375025789886659,TRUE
"WB_LI","IGF2R","ENSG00000197081",NA,1127,0.246640201753759,9.72695895548908,2.95985250267681,0.00341786747769811,0.0375025789886659,TRUE
"WB_LI","B3GALTL","ENSG00000187676",NA,1128,-0.122697631557516,3.15645895362355,-2.95947027582903,0.00342194399190218,0.0375025789886659,TRUE
"WB_LI","KIAA0226","ENSG00000145016",NA,1129,0.141576017188482,4.71258425435035,2.95933536824541,0.00342338386790134,0.0375025789886659,TRUE
"WB_LI","LSM11","ENSG00000155858",NA,1130,-0.0983445790589766,3.6959469549597,-2.95758477853738,0.0034421184310932,0.0376744431466909,TRUE
"WB_LI","BRCA1","ENSG00000012048",NA,1131,0.164190686289419,4.37336732534361,2.95729605900876,0.00344521727786325,0.0376750197105329,TRUE
"WB_LI","ZNF281","ENSG00000162702",NA,1132,0.153231868940537,6.87677030513446,2.95684339550867,0.00345008089376652,0.0376907149968516,TRUE
"WB_LI","ERP27","ENSG00000139055",NA,1133,0.133104002111405,3.69558500193458,2.95656966921717,0.00345302498166997,0.0376907149968516,TRUE
"WB_LI","KIAA0247","ENSG00000100647",NA,1134,0.189157130116467,5.8403920746418,2.95631233541269,0.00345579485821715,0.0376907149968516,TRUE
"WB_LI","YWHAH","ENSG00000128245",NA,1135,0.113869479752146,4.19932837086243,2.95602575715742,0.00345888191106407,0.0376911466749255,TRUE
"WB_LI","PPIA","ENSG00000196262",NA,1136,-0.112362591120843,5.90182186635844,-2.95501768137716,0.00346976110640679,0.0377456894448483,TRUE
"WB_LI","FAM120C","ENSG00000184083",NA,1137,-0.12589406699998,3.27486670090998,-2.95476481193268,0.00347249499876467,0.0377456894448483,TRUE
"WB_LI","ICAM3","ENSG00000076662",NA,1138,0.20714322364665,9.12342130750459,2.95471415613218,0.00347304290008387,0.0377456894448483,TRUE
"WB_LI","MYO9A","ENSG00000066933",NA,1139,-0.0983227896196437,6.39672564105573,-2.95367999446633,0.00348424589140605,0.0378341994599737,TRUE
"WB_LI","TNFAIP2","ENSG00000185215",NA,1140,0.196913884963441,8.0438069505404,2.95219402603153,0.00350040124921444,0.0379762830265651,TRUE
"WB_LI","CEP68","ENSG00000011523",NA,1141,-0.126525423827802,4.54676713836258,-2.95168173518855,0.0035059867339542,0.0380035441941678,TRUE
"WB_LI","NADK","ENSG00000008130",NA,1142,0.21095879355793,7.92989817978872,2.94937562052921,0.00353123145834999,0.0382042419963852,TRUE
"WB_LI","TRIM56","ENSG00000169871",NA,1143,0.131442827493285,5.98852785912418,2.94931527779327,0.00353189425217719,0.0382042419963852,TRUE
"WB_LI","KIAA0586","ENSG00000100578",NA,1144,-0.0801902913264737,5.49322751069304,-2.94903689529602,0.00353495343167579,0.0382042419963852,TRUE
"WB_LI","MKS1","ENSG00000011143",NA,1145,-0.134785723276851,2.65171519108362,-2.94886371233664,0.00353685778507932,0.0382042419963852,TRUE
"WB_LI","TBC1D32","ENSG00000146350",NA,1146,-0.134940825352874,4.3391523616846,-2.94837094483021,0.0035422814947769,0.0382068351733712,TRUE
"WB_LI","RP11-3K24.1","ENSG00000241157",NA,1147,0.213463367534796,2.61150731078701,2.94828064728231,0.00354327619209709,0.0382068351733712,TRUE
"WB_LI","SHOC2","ENSG00000108061",NA,1148,0.117324879898284,7.59241377982224,2.94641481227682,0.00356388715983733,0.0383956066139966,TRUE
"WB_LI","STAU2","ENSG00000040341",NA,1149,-0.0770284106773023,5.59285174040802,-2.94422608733495,0.00358820487265329,0.0386239494038084,TRUE
"WB_LI","RCN3","ENSG00000142552",NA,1150,0.270950790032093,1.77836239358199,2.94374227008855,0.00359360076630584,0.03864788895231,TRUE
"WB_LI","EXOC3","ENSG00000180104",NA,1151,0.109763878903836,5.37045547619285,2.94346660256709,0.0035966785401123,0.03864788895231,TRUE
"WB_LI","HIST2H2AC","ENSG00000184260",NA,1152,-0.0961466393232037,6.4362199921069,-2.94260779946639,0.00360628239012723,0.0387174484384493,TRUE
"WB_LI","RN7SL239P","ENSG00000242999",NA,1153,0.215487570578556,1.72582554882131,2.941966039054,0.00361347441388528,0.0387543468822301,TRUE
"WB_LI","ZNF287","ENSG00000141040",NA,1154,-0.150690587269357,3.12021438024582,-2.94174218966118,0.00361598611756902,0.0387543468822301,TRUE
"WB_LI","RPS6KA5","ENSG00000100784",NA,1155,0.143158418670364,6.48687570578573,2.9406786715388,0.00362794118615851,0.0388488109007865,TRUE
"WB_LI","CNOT2","ENSG00000111596",NA,1156,-0.0685054199682363,7.04462189686193,-2.94009759873727,0.00363448833809526,0.0388852523923548,TRUE
"WB_LI","PEX19","ENSG00000162735",NA,1157,-0.069181923209764,4.56576301236247,-2.9394363067213,0.00364195250932134,0.0389247330191593,TRUE
"WB_LI","DCAF15","ENSG00000132017",NA,1158,0.108809756094971,3.93899610668766,2.93921329161696,0.00364447290072659,0.0389247330191593,TRUE
"WB_LI","HIST1H1E","ENSG00000168298",NA,1159,-0.125716744936201,7.59393167811136,-2.93887992986014,0.0036482433459472,0.0389313836951467,TRUE
"WB_LI","MFAP3L","ENSG00000198948",NA,1160,0.239474851113164,5.08852147503249,2.93826533746422,0.003655203977527,0.0389720368914258,TRUE
"WB_LI","GAR1","ENSG00000109534",NA,1161,-0.203863582449144,1.56535980313677,-2.93684107771968,0.00367138134586747,0.0390476066713342,TRUE
"WB_LI","WWC3","ENSG00000047644",NA,1162,0.146095969555707,6.04449223957748,2.93681864572201,0.00367163666186905,0.0390476066713342,TRUE
"WB_LI","SLC16A1","ENSG00000155380",NA,1163,-0.138505736902864,3.90398833692984,-2.93680753360801,0.00367176314349626,0.0390476066713342,TRUE
"WB_LI","SORL1","ENSG00000137642",NA,1164,0.206039108284849,11.3434330705421,2.93625783248127,0.00367802499874648,0.0390805955193268,TRUE
"WB_LI","EXTL3","ENSG00000012232",NA,1165,0.194616083993609,6.43995036669502,2.93519806440781,0.00369012482137362,0.0391755053997845,TRUE
"WB_LI","KRT23","ENSG00000108244",NA,1166,0.352627841203825,6.90855946588392,2.93328919655946,0.00371201114501184,0.039374059898376,TRUE
"WB_LI","CEP19","ENSG00000174007",NA,1167,0.237927056502843,5.40914613043294,2.93287631556075,0.00371676067711839,0.0393906564306771,TRUE
"WB_LI","TRBV7-3","ENSG00000211714",NA,1168,-0.235513102272886,1.97790274691837,-2.93186715390784,0.00372839288160983,0.0394608642351745,TRUE
"WB_LI","CNPY4","ENSG00000166997",NA,1169,-0.114278419955377,3.61846154007949,-2.93174818726777,0.0037297663559928,0.0394608642351745,TRUE
"WB_LI","ZMAT1","ENSG00000166432",NA,1170,-0.119787705175844,5.17433369504336,-2.93118737774424,0.00373624716221124,0.03949564521558,TRUE
"WB_LI","DHX57","ENSG00000163214",NA,1171,-0.106973406140618,4.81507965261991,-2.93053851692422,0.00374375836331673,0.0395412497331352,TRUE
"WB_LI","API5","ENSG00000166181",NA,1172,-0.0996019790657178,5.89446314715831,-2.92709430624959,0.00378386035656595,0.0399307038310646,TRUE
"WB_LI","NCOA6","ENSG00000198646",NA,1173,0.114365553172269,4.94972996328415,2.92653645871715,0.00379039240925566,0.039965535650191,TRUE
"WB_LI","CAMTA2","ENSG00000108509",NA,1174,0.244935614498365,2.37818662507667,2.92557317046814,0.00380169622022898,0.0400505782383237,TRUE
"WB_LI","TTLL1","ENSG00000100271",NA,1175,-0.158520795665948,2.12404328138965,-2.92529681148993,0.00380494487378629,0.0400506878289266,TRUE
"WB_LI","NARG2","ENSG00000128915",NA,1176,-0.104503477704689,6.03655739170988,-2.92434674759892,0.00381613244412144,0.0401136283829846,TRUE
"WB_LI","KMT2E","ENSG00000005483",NA,1177,0.0804391003998714,7.4918340474451,2.92423832386237,0.00381741110986197,0.0401136283829846,TRUE
"WB_LI","DHX32","ENSG00000089876",NA,1178,-0.133864531658105,3.76744315203016,-2.92383231509897,0.00382220274629112,0.040129884181773,TRUE
"WB_LI","RAC1P2","ENSG00000249936",NA,1179,0.166834658657605,5.33999725265099,2.92288390684749,0.00383341712249246,0.0401505385554828,TRUE
"WB_LI","CYTH4","ENSG00000100055",NA,1180,0.157318189255367,8.85450790017696,2.92264692471706,0.00383622399480893,0.0401505385554828,TRUE
"WB_LI","PREPL","ENSG00000138078",NA,1181,-0.0981892982729662,5.51952721982646,-2.92259159166827,0.00383687964319718,0.0401505385554828,TRUE
"WB_LI","MARS2","ENSG00000247626",NA,1182,-0.114860674429504,4.15820182387591,-2.92232590080043,0.00384002927643791,0.0401505385554828,TRUE
"WB_LI","HS2ST1","ENSG00000153936",NA,1183,-0.105621696397427,4.8862917982118,-2.92229450536917,0.00384040160989135,0.0401505385554828,TRUE
"WB_LI","MBTPS2","ENSG00000012174",NA,1184,-0.122111445262781,3.28772531113209,-2.92160484033845,0.0038485890133569,0.0402021528016876,TRUE
"WB_LI","UTP14A","ENSG00000156697",NA,1185,-0.12105829114526,3.37530240855896,-2.92129938745457,0.00385222031662199,0.0402061273215028,TRUE
"WB_LI","EPAS1","ENSG00000116016",NA,1186,0.268576832951621,1.95777280664607,2.91990522970335,0.00386883425801081,0.0403347274711116,TRUE
"WB_LI","GLTSCR1L","ENSG00000112624",NA,1187,0.112856218133146,5.90542007371594,2.91971852479002,0.003871064158167,0.0403347274711116,TRUE
"WB_LI","HNRNPA1P7","ENSG00000215492",NA,1188,-0.175241319082245,2.48798863771801,-2.91882541175207,0.00388174727673683,0.0404119952177451,TRUE
"WB_LI","SLC22A4","ENSG00000197208",NA,1189,0.237957186780629,5.5525087970003,2.91771190078103,0.00389510448788856,0.0405079825974584,TRUE
"WB_LI","FADS1","ENSG00000149485",NA,1190,-0.199874756430477,3.47071831556378,-2.91728553921832,0.0039002300622216,0.0405079825974584,TRUE
"WB_LI","SMOX","ENSG00000088826",NA,1191,0.287203369603629,3.76431799791987,2.91667407884205,0.00390759159890765,0.0405079825974584,TRUE
"WB_LI","RAP1GAP2","ENSG00000132359",NA,1192,0.16801442993508,5.99762384249208,2.91666848325197,0.00390765902436342,0.0405079825974584,TRUE
"WB_LI","ITPA","ENSG00000125877",NA,1193,-0.106716589765986,4.03370689001634,-2.91648661164015,0.00390985111101129,0.0405079825974584,TRUE
"WB_LI","TRAP1","ENSG00000126602",NA,1194,-0.123206417174221,4.48172335887413,-2.91642295462994,0.00391061863044674,0.0405079825974584,TRUE
"WB_LI","CTD-2210P15.2","ENSG00000249286",NA,1195,0.183029586082139,2.01307248318945,2.91504642781871,0.00392724930349098,0.040646208690859,TRUE
"WB_LI","FAF1","ENSG00000185104",NA,1196,-0.0740386296194114,5.49355979968281,-2.91446943681847,0.00393423950550317,0.0406845102040662,TRUE
"WB_LI","PIGK","ENSG00000142892",NA,1197,-0.147143885701389,5.00707232212851,-2.9141921640365,0.00393760268981017,0.0406852715685649,TRUE
"WB_LI","TREML2","ENSG00000112195",NA,1198,0.230871166959567,6.38382081893843,2.91378427454964,0.0039425549697943,0.0407024372841535,TRUE
"WB_LI","SLC16A3","ENSG00000141526",NA,1199,0.216469523702683,8.12735074166909,2.91307578362466,0.00395117046031995,0.0407573613454855,TRUE
"WB_LI","TRIM44","ENSG00000166326",NA,1200,-0.0907057165805972,5.43868299354761,-2.911666222244,0.00396836241986435,0.0409001290386495,TRUE
"WB_LI","CXorf38","ENSG00000185753",NA,1201,0.0906901130706051,5.34648654516126,2.91111297556646,0.00397512885819467,0.0409001290386495,TRUE
"WB_LI","CDKN2D","ENSG00000129355",NA,1202,0.150851343141819,6.46453210626417,2.91084521287928,0.00397840749438516,0.0409001290386495,TRUE
"WB_LI","AUH","ENSG00000148090",NA,1203,-0.0749287979114497,4.32988513852645,-2.9107901650966,0.00397908183654077,0.0409001290386495,TRUE
"WB_LI","FAM110A","ENSG00000125898",NA,1204,0.1696404156442,2.92688346778769,2.91046018072736,0.00398312637713787,0.0409001290386495,TRUE
"WB_LI","ZNF396","ENSG00000186496",NA,1205,0.216213557012891,2.72254613157523,2.91031944526399,0.00398485248153078,0.0409001290386495,TRUE
"WB_LI","GZF1","ENSG00000125812",NA,1206,-0.0814745704951233,4.35648455965773,-2.90880490694363,0.00400347144731393,0.0410571599173953,TRUE
"WB_LI","TOP3A","ENSG00000177302",NA,1207,0.110845815151429,5.56054991231084,2.90813629028971,0.00401171635687588,0.0411076287504895,TRUE
"WB_LI","IRF2BP2","ENSG00000168264",NA,1208,-0.067898773312335,6.98733868566158,-2.90713676419535,0.00402407075640734,0.0411806992566471,TRUE
"WB_LI","BTBD8","ENSG00000189195",NA,1209,-0.184892907534982,1.59554341658213,-2.90702078152495,0.00402550658160465,0.0411806992566471,TRUE
"WB_LI","WBP1","ENSG00000239779",NA,1210,-0.116246762948051,2.81053623128525,-2.90659530776747,0.00403077780977337,0.0411819619788661,TRUE
"WB_LI","HECW2","ENSG00000138411",NA,1211,0.315325744486645,4.25919350830674,2.9064733874228,0.00403228945313768,0.0411819619788661,TRUE
"WB_LI","AFMID","ENSG00000183077",NA,1212,-0.203944516442071,1.66140459388865,-2.90587262401662,0.00403974565705221,0.0412240711934173,TRUE
"WB_LI","F11R","ENSG00000158769",NA,1213,0.184361015951407,4.83456435363341,2.90456147854505,0.00405606234758885,0.0413564543404608,TRUE
"WB_LI","FBXL20","ENSG00000108306",NA,1214,0.120238369814752,5.12179194616362,2.9041271649977,0.00406148047502141,0.0413775869152099,TRUE
"WB_LI","NUDT21","ENSG00000167005",NA,1215,-0.118570272118369,6.11559329820509,-2.90356745925366,0.00406847264372378,0.0414147075370993,TRUE
"WB_LI","SRF","ENSG00000112658",NA,1216,0.106596921908491,4.2197416569385,2.9030009915213,0.00407556048656276,0.0414206833767474,TRUE
"WB_LI","C12orf66","ENSG00000174206",NA,1217,-0.128243818393083,3.49201141959381,-2.90298524008202,0.00407575773524431,0.0414206833767474,TRUE
"WB_LI","PSIP1","ENSG00000164985",NA,1218,-0.0940114377880808,6.69293611117844,-2.90200763892737,0.00408801691192036,0.0414832205592497,TRUE
"WB_LI","GPR27","ENSG00000170837",NA,1219,0.290216206379509,4.91410070169523,2.9019375843619,0.00408889669283463,0.0414832205592497,TRUE
"WB_LI","GNPDA2","ENSG00000163281",NA,1220,-0.131099211613673,4.09167572541287,-2.90149530903897,0.00409445500693084,0.0414832205592497,TRUE
"WB_LI","TMEM161B","ENSG00000164180",NA,1221,-0.103671303957069,5.83951912573224,-2.90127498778961,0.00409722647928922,0.0414832205592497,TRUE
"WB_LI","NAA15","ENSG00000164134",NA,1222,-0.106290433602767,5.90064334129634,-2.90028340907025,0.00410972100981049,0.0414832205592497,TRUE
"WB_LI","CHST11","ENSG00000171310",NA,1223,0.157264464286598,7.74006634385507,2.90025585152752,0.00411006874929132,0.0414832205592497,TRUE
"WB_LI","RAB33B","ENSG00000172007",NA,1224,0.160503172580772,5.76715857889221,2.90007875826483,0.00411230407196278,0.0414832205592497,TRUE
"WB_LI","RP11-373D23.2","ENSG00000270640",NA,1225,0.260854676256469,2.03006673308541,2.89975512906176,0.00411639188388871,0.0414832205592497,TRUE
"WB_LI","BZW2","ENSG00000136261",NA,1226,-0.0924922173566714,4.59182121123863,-2.89967756043735,0.00411737221694624,0.0414832205592497,TRUE
"WB_LI","CRIP1","ENSG00000213145",NA,1227,0.164238404403505,2.6956773121627,2.89962821625657,0.0041179959529296,0.0414832205592497,TRUE
"WB_LI","CHRNA10","ENSG00000129749",NA,1228,0.214663758851565,1.7303322304408,2.89931199212181,0.00412199523954015,0.0414832205592497,TRUE
"WB_LI","GDPD3","ENSG00000102886",NA,1229,0.197837674248066,1.97432689847606,2.89929895013589,0.00412216025770682,0.0414832205592497,TRUE
"WB_LI","FASTKD2","ENSG00000118246",NA,1230,-0.10425018754624,5.12155970827169,-2.89830298257062,0.00413477992148299,0.0415763886739038,TRUE
"WB_LI","TIMM50","ENSG00000105197",NA,1231,-0.0970356783372842,3.76447288651033,-2.89778258417148,0.00414138779391123,0.0415806883157701,TRUE
"WB_LI","EIF3FP3","ENSG00000233426",NA,1232,-0.109887454313821,5.33643785679839,-2.8977398037672,0.00414193143637037,0.0415806883157701,TRUE
"WB_LI","ANK3","ENSG00000151150",NA,1233,-0.190379992604466,6.01554309464888,-2.89746538408839,0.00414542024235217,0.0415819607116072,TRUE
"WB_LI","GNAI2","ENSG00000114353",NA,1234,0.14326430705772,7.47394128807042,2.8964094781482,0.00415886944591007,0.0416830610267551,TRUE
"WB_LI","REPS1","ENSG00000135597",NA,1235,-0.0853592177292284,5.85992482654374,-2.89508991834457,0.0041757328703311,0.0417608990008376,TRUE
"WB_LI","MYBL1","ENSG00000185697",NA,1236,-0.194326357192119,6.09485132337495,-2.895074787287,0.00417592660063917,0.0417608990008376,TRUE
"WB_LI","MAP3K3","ENSG00000198909",NA,1237,0.14341703806377,6.622727979299,2.89500929650766,0.00417676520569503,0.0417608990008376,TRUE
"WB_LI","SIK3","ENSG00000160584",NA,1238,0.135007110137311,6.17705823548981,2.89395860260119,0.00419024031930268,0.0418617869702226,TRUE
"WB_LI","PRKACA","ENSG00000072062",NA,1239,0.183770220311575,3.69327977915305,2.89115556889012,0.00422638363224941,0.0421887915768045,TRUE
"WB_LI","ATXN7L3","ENSG00000087152",NA,1240,0.0961522664637944,6.03145814367318,2.89068629330183,0.00423246238736692,0.0422153990378662,TRUE
"WB_LI","FRRS1","ENSG00000156869",NA,1241,0.226684802934977,2.80152777636387,2.88952363150113,0.00424755732360855,0.0423318202887917,TRUE
"WB_LI","MAPKAPK2","ENSG00000162889",NA,1242,0.132948258495663,6.23658023499569,2.88886055472887,0.0042561881030201,0.0423692017406963,TRUE
"WB_LI","RP11-83A24.1","ENSG00000248863",NA,1243,0.170539413848218,1.96084768708786,2.88870926388615,0.00425815958632644,0.0423692017406963,TRUE
"WB_LI","ASB7","ENSG00000183475",NA,1244,0.075824875764348,5.62555441465505,2.88786964565824,0.00426911588315078,0.042385342463941,TRUE
"WB_LI","NOP10","ENSG00000182117",NA,1245,0.158254578382355,6.1669391524364,2.8877296243899,0.00427094554276807,0.042385342463941,TRUE
"WB_LI","NSL1","ENSG00000117697",NA,1246,0.0889158185876125,5.55753055105244,2.88706364556104,0.0042796577016485,0.042385342463941,TRUE
"WB_LI","WAC","ENSG00000095787",NA,1247,0.0705482338853443,8.00793928669589,2.8870218732372,0.00428020469657452,0.042385342463941,TRUE
"WB_LI","DUSP18","ENSG00000167065",NA,1248,0.1441778700314,4.32155720088683,2.88675825604901,0.00428365815030254,0.042385342463941,TRUE
"WB_LI","YBX1P6","ENSG00000213539",NA,1249,0.204528349040339,2.27270432938138,2.88671861064813,0.00428417773538259,0.042385342463941,TRUE
"WB_LI","FCAR","ENSG00000186431",NA,1250,0.268622039275476,5.21681480618934,2.88630114303998,0.00428965248063297,0.042385342463941,TRUE
"WB_LI","GABARAP","ENSG00000170296",NA,1251,0.158585093140227,3.13610672533259,2.88614951265124,0.00429164256966936,0.042385342463941,TRUE
"WB_LI","DHX36","ENSG00000174953",NA,1252,-0.0789692779083324,6.38837320958799,-2.88601584942124,0.0042933975458341,0.042385342463941,TRUE
"WB_LI","PCBP4","ENSG00000090097",NA,1253,-0.172606857940423,1.94371239089374,-2.88596602371072,0.00429405191682714,0.042385342463941,TRUE
"WB_LI","UQCRFS1","ENSG00000169021",NA,1254,-0.0933254652651134,4.60614821886373,-2.8850570631237,0.00430600547124023,0.042469438331977,TRUE
"WB_LI","PAQR3","ENSG00000163291",NA,1255,-0.104302161219831,4.24269302314492,-2.88427747875018,0.00431628181810109,0.0425108465542523,TRUE
"WB_LI","KIF1C","ENSG00000129250",NA,1256,0.123672847357596,4.35844955653409,2.88421713380351,0.004317078207644,0.0425108465542523,TRUE
"WB_LI","PTPN12","ENSG00000127947",NA,1257,0.134891194868624,6.33771514832195,2.88247084799847,0.0043401826304204,0.0427043586102144,TRUE
"WB_LI","GPR34","ENSG00000171659",NA,1258,0.254491529529304,2.83693481371393,2.88172305611117,0.00435011084309932,0.0427557125704376,TRUE
"WB_LI","ACTN1","ENSG00000072110",NA,1259,0.208895127225662,7.26781903183737,2.88155718853478,0.00435231582520867,0.0427557125704376,TRUE
"WB_LI","PANK2","ENSG00000125779",NA,1260,0.0865691427291536,6.33313455632531,2.88055894251945,0.00436560769718664,0.0428522507927019,TRUE
"WB_LI","SHQ1","ENSG00000144736",NA,1261,-0.0977473950536103,4.16060690433172,-2.87997244543839,0.004373434307134,0.04288987266278,TRUE
"WB_LI","TMTC4","ENSG00000125247",NA,1262,-0.146531972696602,3.86943177980465,-2.87961778031897,0.00437817340765393,0.04288987266278,TRUE
"WB_LI","FBLN5","ENSG00000140092",NA,1263,-0.28826374749131,2.07058507245317,-2.87949284852005,0.00437984388527581,0.04288987266278,TRUE
"WB_LI","ACTR8","ENSG00000113812",NA,1264,-0.0721099259482167,5.21733621212898,-2.87916515587983,0.00438422826604517,0.042898841134847,TRUE
"WB_LI","CRYL1","ENSG00000165475",NA,1265,-0.135292810344544,3.58689119929364,-2.87814306709743,0.00439792909959163,0.0429754429539659,TRUE
"WB_LI","FAM160A2","ENSG00000051009",NA,1266,0.129277864731925,4.84137629310977,2.87806282550823,0.00439900636964108,0.0429754429539659,TRUE
"WB_LI","APPL1","ENSG00000157500",NA,1267,-0.0897758246057938,6.20896065105366,-2.87739987749382,0.00440791588535118,0.043025422923966,TRUE
"WB_LI","C10orf2","ENSG00000107815",NA,1268,-0.142458868640367,2.9100249599567,-2.87716474020627,0.00441107990520609,0.043025422923966,TRUE
"WB_LI","CLN6","ENSG00000128973",NA,1269,0.194282766789334,3.7310594401438,2.87654480645072,0.00441943170462082,0.0430729167239955,TRUE
"WB_LI","DIP2B","ENSG00000066084",NA,1270,0.137935701933593,7.92449095011548,2.87627116930399,0.00442312275542835,0.0430731314991429,TRUE
"WB_LI","RAB44","ENSG00000255587",NA,1271,0.282096462006892,2.37291246425109,2.87568902851777,0.0044309845256512,0.0430731314991429,TRUE
"WB_LI","CYP2R1","ENSG00000186104",NA,1272,-0.109890032013137,4.37554111545554,-2.87553667675702,0.00443304412952067,0.0430731314991429,TRUE
"WB_LI","C16orf93","ENSG00000196118",NA,1273,0.196616865256788,1.82638096513855,2.87537578662037,0.00443522010980387,0.0430731314991429,TRUE
"WB_LI","SMG8","ENSG00000167447",NA,1274,-0.0760355342272315,4.77111372375512,-2.87525407395247,0.00443686687660964,0.0430731314991429,TRUE
"WB_LI","PDCD4","ENSG00000150593",NA,1275,-0.0787246467037954,7.60972710431033,-2.87403087854168,0.00445344765916052,0.0432001887439194,TRUE
"WB_LI","MARCKSL1","ENSG00000175130",NA,1276,0.161358397206284,2.97398635850068,2.87293072159238,0.00446840888873531,0.0433113488525692,TRUE
"WB_LI","FAM184A","ENSG00000111879",NA,1277,-0.259656940095405,2.20795552423291,-2.871955481969,0.00448170967184705,0.0434052184695876,TRUE
"WB_LI","TSHZ2","ENSG00000182463",NA,1278,-0.22709029643512,3.75780365763158,-2.87154531463988,0.00448731451173341,0.0434052184695876,TRUE
"WB_LI","DDC8","ENSG00000178404",NA,1279,0.301526561150477,2.35848216589604,2.87144971330487,0.00448862180001638,0.0434052184695876,TRUE
"WB_LI","CTB-167B5.2","ENSG00000264868",NA,1280,0.273035471829979,6.18392519636157,2.87080302129675,0.00449747403562631,0.0434545863430904,TRUE
"WB_LI","MYLIP","ENSG00000007944",NA,1281,0.145596629838955,6.87232765282977,2.87056370344308,0.00450075397036698,0.0434545863430904,TRUE
"WB_LI","GPATCH2","ENSG00000092978",NA,1282,-0.0990914520563079,4.89218809433059,-2.86968801705,0.00451277416644492,0.0435366543608352,TRUE
"WB_LI","DBT","ENSG00000137992",NA,1283,-0.0828386326573652,4.73551783262752,-2.86927986409825,0.00451838671740784,0.043556825347545,TRUE
"WB_LI","RP11-925D8.6","ENSG00000259671",NA,1284,0.345623076863867,2.14167552260597,2.86862895285995,0.00452735063632913,0.0436092466278183,TRUE
"WB_LI","KLF12","ENSG00000118922",NA,1285,-0.122130187512471,7.36462663658305,-2.86830089551204,0.00453187457008256,0.0436188518932148,TRUE
"WB_LI","CECR5","ENSG00000069998",NA,1286,-0.0941594397944725,4.41399301340541,-2.86800154489267,0.00453600623343728,0.0436246695918758,TRUE
"WB_LI","PANX2","ENSG00000073150",NA,1287,0.306542772089332,1.94934817662218,2.86749592085491,0.00454299270365439,0.0436579127884985,TRUE
"WB_LI","TOMM70A","ENSG00000154174",NA,1288,-0.111949642977818,5.60377991234224,-2.86492827496088,0.004578622904862,0.0439661553473084,TRUE
"WB_LI","MTX2","ENSG00000128654",NA,1289,-0.15452321025769,3.00812171525906,-2.86414703457457,0.0045895143228788,0.0440365501515632,TRUE
"WB_LI","NPHP4","ENSG00000131697",NA,1290,0.170656252863934,2.43571789356067,2.86371608463537,0.00459553238203818,0.0440442326545296,TRUE
"WB_LI","TMEM164","ENSG00000157600",NA,1291,0.268950566276359,6.40331995881987,2.86354659888039,0.00459790115982127,0.0440442326545296,TRUE
"WB_LI","CCNG2","ENSG00000138764",NA,1292,0.119381233846631,6.63396862985169,2.86332510961889,0.0046009984305993,0.0440442326545296,TRUE
"WB_LI","NCBP1","ENSG00000136937",NA,1293,-0.0740515964528586,6.03705045953907,-2.86294473230553,0.0046063220062607,0.0440610909307288,TRUE
"WB_LI","TIMP2","ENSG00000035862",NA,1294,0.201727657109003,4.59518681289397,2.86226366831979,0.00461586787945442,0.0441023106680443,TRUE
"WB_LI","SOD2","ENSG00000112096",NA,1295,0.237184253018714,11.3151862130613,2.86212861374059,0.00461776296208905,0.0441023106680443,TRUE
"WB_LI","MGRN1","ENSG00000102858",NA,1296,0.199851632785473,4.44693391669046,2.86130141373313,0.00462938570038685,0.0441511961806092,TRUE
"WB_LI","ITSN2","ENSG00000198399",NA,1297,0.0749639278327456,8.19880329329092,2.86125624365313,0.00463002113892708,0.0441511961806092,TRUE
"WB_LI","SLFN5","ENSG00000166750",NA,1298,-0.128465284504237,7.80228080598633,-2.86068933807185,0.00463800295405166,0.0441789657490242,TRUE
"WB_LI","GOLGB1","ENSG00000173230",NA,1299,0.100523629514631,7.48376236983763,2.86038659774883,0.00464227055944272,0.0441789657490242,TRUE
"WB_LI","SIPA1L2","ENSG00000116991",NA,1300,0.286896620999617,6.05740315849763,2.86028883994759,0.0046436493753017,0.0441789657490242,TRUE
"WB_LI","SH3BP2","ENSG00000087266",NA,1301,0.145758203673885,6.83313720353004,2.85995661771057,0.00464833796403321,0.0441895802760667,TRUE
"WB_LI","SRSF11","ENSG00000116754",NA,1302,-0.0864157397125507,7.70248804215249,-2.8596011509717,0.00465335937702433,0.044203340072993,TRUE
"WB_LI","ATAD1","ENSG00000138138",NA,1303,-0.104949658020709,5.58832365348345,-2.85931422690188,0.00465741614525775,0.0442079223979646,TRUE
"WB_LI","TLE4","ENSG00000106829",NA,1304,0.113247708635654,7.09727698011339,2.85761034342095,0.00468157354588787,0.0444031454106911,TRUE
"WB_LI","HGS","ENSG00000185359",NA,1305,0.117659580512879,5.1205605597013,2.85675957326952,0.00469367834035271,0.0444838419260401,TRUE
"WB_LI","C3orf17","ENSG00000163608",NA,1306,-0.074349331266301,5.65704131894564,-2.85650051030816,0.00469736996161448,0.0444847409534823,TRUE
"WB_LI","GPR114","ENSG00000159618",NA,1307,0.217753053509775,3.7870811684064,2.85571130188855,0.00470863242043754,0.0445572806243087,TRUE
"WB_LI","UMPS","ENSG00000114491",NA,1308,-0.104417853197356,4.18848694184106,-2.85508075232939,0.0047176484076375,0.0446084675119729,TRUE
"WB_LI","MOCS3","ENSG00000124217",NA,1309,-0.0949204077020246,3.48996450701101,-2.85457169423391,0.00472493871094151,0.0446432711817606,TRUE
"WB_LI","RAB7A","ENSG00000075785",NA,1310,0.150288993063466,5.47581378117305,2.85340671640595,0.00474166119851111,0.0447670730558667,TRUE
"WB_LI","TMEM127","ENSG00000135956",NA,1311,0.158485516295517,6.11876001271667,2.85306105860482,0.00474663325389447,0.0447699861339887,TRUE
"WB_LI","PPP4R1L","ENSG00000124224",NA,1312,0.16640561266126,4.54570875007795,2.85288209470488,0.00474920939584356,0.0447699861339887,TRUE
"WB_LI","KIF13A","ENSG00000137177",NA,1313,0.191519909288466,6.96279933503316,2.85246931202506,0.0047551561618491,0.0447919051102434,TRUE
"WB_LI","INPP4A","ENSG00000040933",NA,1314,0.0843884123946543,7.84033457212089,2.85182301307643,0.00476448071790432,0.0448387195188196,TRUE
"WB_LI","DIS3L","ENSG00000166938",NA,1315,-0.0927831099141883,4.9467076611734,-2.85162251640531,0.00476737679230658,0.0448387195188196,TRUE
"WB_LI","SPARC","ENSG00000113140",NA,1316,0.318230144587905,4.69213690366199,2.85120666752202,0.00477338863660302,0.0448611479160381,TRUE
"WB_LI","TMEM81","ENSG00000174529",NA,1317,0.138764855143477,2.45019590442934,2.85040784017137,0.00478495650913641,0.0449357191381922,TRUE
"WB_LI","CDK5RAP1","ENSG00000101391",NA,1318,-0.0791432252630999,4.59316906490709,-2.8497520921589,0.00479447152482948,0.0449909133680508,TRUE
"WB_LI","ZNF551","ENSG00000204519",NA,1319,-0.108050164860278,4.5169280261478,-2.84948961028348,0.00479828501079828,0.0449925617995096,TRUE
"WB_LI","CTD-2576F9.1","ENSG00000260521",NA,1320,-0.144813751531491,4.08488959376376,-2.84711015236865,0.00483298142180961,0.0452136889701576,TRUE
"WB_LI","MAP9","ENSG00000164114",NA,1321,-0.181940958554432,3.00225494431318,-2.84705706651231,0.00483375810089518,0.0452136889701576,TRUE
"WB_LI","SSBP1","ENSG00000106028",NA,1322,-0.0850190069885262,5.42529026391351,-2.8469807870152,0.00483487431645045,0.0452136889701576,TRUE
"WB_LI","RUVBL1","ENSG00000175792",NA,1323,-0.114821267983237,4.42447932741571,-2.84687039140301,0.00483649017686922,0.0452136889701576,TRUE
"WB_LI","CHCHD10","ENSG00000250479",NA,1324,-0.17101649551866,2.04521766129478,-2.84582252162187,0.00485185236112368,0.0453025426452987,TRUE
"WB_LI","LHFPL2","ENSG00000145685",NA,1325,0.185005915522198,4.5699499295216,2.84572253086369,0.00485332058578758,0.0453025426452987,TRUE
"WB_LI","ALG10B","ENSG00000175548",NA,1326,-0.138451371755513,3.21298240996491,-2.8448506973972,0.00486613940236985,0.0453879427816819,TRUE
"WB_LI","GNPTAB","ENSG00000111670",NA,1327,-0.107759476701504,6.36399486316982,-2.84397663365223,0.00487902196377287,0.0454738083255033,TRUE
"WB_LI","EIF3L","ENSG00000100129",NA,1328,-0.0853812477901375,7.54744815165765,-2.84359493401994,0.00488465745821227,0.0454920507855191,TRUE
"WB_LI","DDX1","ENSG00000079785",NA,1329,-0.0999230100686331,5.08075384106021,-2.84272807227353,0.00489747801772503,0.0455771317706721,TRUE
"WB_LI","PIK3R1","ENSG00000145675",NA,1330,-0.0908994305393183,7.47983822726501,-2.84223085742106,0.00490484546223002,0.0456113749450082,TRUE
"WB_LI","MAML1","ENSG00000161021",NA,1331,0.139028502720793,5.56728710582253,2.84130899042054,0.00491853187148296,0.0457042841371159,TRUE
"WB_LI","ARMC1","ENSG00000104442",NA,1332,-0.108690358150029,4.7356014849865,-2.84062438930018,0.00492871823110364,0.0457645548665839,TRUE
"WB_LI","IL1RL1","ENSG00000115602",NA,1333,0.380695522937023,3.40508334935486,2.84014180129889,0.00493591032527647,0.0457969534156185,TRUE
"WB_LI","TMUB2","ENSG00000168591",NA,1334,0.115621653329189,5.13429872992842,2.83943369525272,0.00494648065572861,0.0458606242504134,TRUE
"WB_LI","ATP2A3","ENSG00000074370",NA,1335,0.140360394276987,6.25858115411363,2.83856000868007,0.00495955111317291,0.0459473619233877,TRUE
"WB_LI","PTPLAD2","ENSG00000188921",NA,1336,0.109516876880054,7.61000765126865,2.83781723710525,0.00497068779116252,0.0460160678151932,TRUE
"WB_LI","FAM179B","ENSG00000198718",NA,1337,-0.0837766604936777,5.1130281789452,-2.83568959555877,0.0050027145359401,0.0462779157670211,TRUE
"WB_LI","PF4","ENSG00000163737",NA,1338,0.277233884862398,5.85856402260393,2.83510828635939,0.00501149742459513,0.0463245143104578,TRUE
"WB_LI","GLO1","ENSG00000124767",NA,1339,-0.124394472212367,5.12831816310517,-2.83450447716135,0.00502063512274459,0.0463743205362995,TRUE
"WB_LI","ALKBH2","ENSG00000189046",NA,1340,-0.15363734318524,2.3271170753841,-2.83422984170896,0.00502479631262028,0.0463781199958863,TRUE
"WB_LI","PRRC1","ENSG00000164244",NA,1341,-0.100883823196217,5.31018519803115,-2.83372080729685,0.00503251734545299,0.0464147461063106,TRUE
"WB_LI","TSEN34","ENSG00000170892",NA,1342,0.201291985411132,6.5979614386844,2.83243765599715,0.00505202813036821,0.0464464525142341,TRUE
"WB_LI","HDAC7","ENSG00000061273",NA,1343,0.141696447506682,5.69179178150246,2.83242954372763,0.00505215169912189,0.0464464525142341,TRUE
"WB_LI","CMIP","ENSG00000153815",NA,1344,0.203843718207303,4.48355525507464,2.83240423447544,0.00505253723564523,0.0464464525142341,TRUE
"WB_LI","HNRNPA0","ENSG00000177733",NA,1345,-0.119136491360639,5.96528616197355,-2.83205519400817,0.00505785691061443,0.0464464525142341,TRUE
"WB_LI","MDM1","ENSG00000111554",NA,1346,0.104937254629869,5.25609281153873,2.83170879306514,0.00506314139701078,0.0464464525142341,TRUE
"WB_LI","RP11-830F9.7","ENSG00000261226",NA,1347,0.237817592128156,2.61881028271807,2.83169073993309,0.00506341694257014,0.0464464525142341,TRUE
"WB_LI","AKNA","ENSG00000106948",NA,1348,0.153834195538553,7.43314378193949,2.83167066120727,0.00506372342086774,0.0464464525142341,TRUE
"WB_LI","TMEM161A","ENSG00000064545",NA,1349,-0.162039049443595,1.89397282792827,-2.83152167196195,0.00506599809522169,0.0464464525142341,TRUE
"WB_LI","DKC1","ENSG00000130826",NA,1350,-0.108410289200739,4.78069215556899,-2.83108126270734,0.00507272742653696,0.0464736983788215,TRUE
"WB_LI","ZNHIT6","ENSG00000117174",NA,1351,-0.111961731512322,4.37496134711187,-2.83077963127733,0.00507734096439901,0.0464815344542464,TRUE
"WB_LI","SIRT7","ENSG00000187531",NA,1352,0.105669099877504,5.80293810350136,2.8298544944346,0.00509151502327535,0.0465768179052289,TRUE
"WB_LI","CTLA4","ENSG00000163599",NA,1353,-0.165237242112009,3.1288040155066,-2.82916333806383,0.00510212774976923,0.0466394057717264,TRUE
"WB_LI","TAS2R14","ENSG00000212127",NA,1354,-0.164482034280719,3.26814626236938,-2.82841452751004,0.00511364847603619,0.04671019523753,TRUE
"WB_LI","RINT1","ENSG00000135249",NA,1355,-0.104373850442726,4.09630691941779,-2.82761294850064,0.00512600729559115,0.0467885300604216,TRUE
"WB_LI","DCXR","ENSG00000169738",NA,1356,-0.122429835027773,3.61843485298576,-2.82668746024378,0.00514031036395358,0.0468844827296297,TRUE
"WB_LI","ATR","ENSG00000175054",NA,1357,-0.0924535219939442,6.81977639709485,-2.82582537077264,0.00515366628820623,0.0469716614978148,TRUE
"WB_LI","RP11-44F14.4","ENSG00000259962",NA,1358,0.275597897052865,2.09019943641857,2.82525680883742,0.0051624920076264,0.0470174529825651,TRUE
"WB_LI","MLC1","ENSG00000100427",NA,1359,-0.224523655126516,2.97098628899881,-2.82373245600381,0.00518622225857998,0.0471942361485565,TRUE
"WB_LI","PLAUR","ENSG00000011422",NA,1360,0.232806493488202,6.12939007823348,2.82351259315052,0.00518965313471831,0.0471942361485565,TRUE
"WB_LI","CCDC101","ENSG00000176476",NA,1361,-0.119257274237164,3.63275166424245,-2.823275819275,0.00519335021007321,0.0471942361485565,TRUE
"WB_LI","GPRASP1","ENSG00000198932",NA,1362,-0.155259310764929,5.14327507520677,-2.82262994089,0.00520344738171066,0.0471983758473988,TRUE
"WB_LI","FAM84B","ENSG00000168672",NA,1363,-0.139384088793671,4.41165797080878,-2.82252993048312,0.00520501246423397,0.0471983758473988,TRUE
"WB_LI","YPEL2","ENSG00000175155",NA,1364,-0.0705882394564534,6.25894005070214,-2.82251448208555,0.00520525425742658,0.0471983758473988,TRUE
"WB_LI","PCYT1A","ENSG00000161217",NA,1365,0.111310599571834,6.78003544270933,2.82104610811532,0.00522828345881614,0.0472967644558604,TRUE
"WB_LI","RP11-344B5.2","ENSG00000224307",NA,1366,0.255806947321867,2.79720596818025,2.82104366686504,0.00522832182314677,0.0472967644558604,TRUE
"WB_LI","FPR2","ENSG00000171049",NA,1367,0.279324885593298,8.29479018926949,2.8209529932231,0.00522974694389493,0.0472967644558604,TRUE
"WB_LI","ALKBH4","ENSG00000160993",NA,1368,-0.114695559691566,2.95873185934231,-2.8206078188209,0.00523517529538607,0.0472967644558604,TRUE
"WB_LI","SLC37A1","ENSG00000160190",NA,1369,0.108961371420288,4.44182719519346,2.82060461996671,0.00523522562581443,0.0472967644558604,TRUE
"WB_LI","TNFSF14","ENSG00000125735",NA,1370,0.19812503994527,5.98343450087142,2.81899762501367,0.00526056563437536,0.0474910042087259,TRUE
"WB_LI","N4BP2","ENSG00000078177",NA,1371,-0.124373396123233,6.04821337975819,-2.81871844343936,0.00526497928493832,0.0474961807411503,TRUE
"WB_LI","PSMD6","ENSG00000163636",NA,1372,-0.0558892860451421,6.00815109118905,-2.81821370511558,0.00527296736792749,0.0475335717248741,TRUE
"WB_LI","EML2","ENSG00000125746",NA,1373,-0.103922006946561,4.09793510095401,-2.81782320954474,0.00527915498492774,0.0475546896238793,TRUE
"WB_LI","DISP1","ENSG00000154309",NA,1374,-0.137160423114217,2.62760642623083,-2.81750165465132,0.00528425515605779,0.0475659881878622,TRUE
"WB_LI","STX10","ENSG00000104915",NA,1375,0.12657382280139,6.11992705279135,2.81682289593744,0.0052950356408612,0.0475776123936063,TRUE
"WB_LI","KLF7-IT1","ENSG00000237892",NA,1376,0.173224322291085,3.11537249195518,2.81678746064281,0.0052955989961016,0.0475776123936063,TRUE
"WB_LI","MCCC2","ENSG00000131844",NA,1377,-0.0936766737327353,4.31644640039479,-2.81668581935968,0.00529721520577702,0.0475776123936063,TRUE
"WB_LI","ABR","ENSG00000159842",NA,1378,0.14636454655266,5.46446041089013,2.81645206569999,0.00530093385174559,0.0475776123936063,TRUE
"WB_LI","ZFYVE9","ENSG00000157077",NA,1379,-0.17823012750208,3.14344411373988,-2.81494029179951,0.00532504113203684,0.0477581549059927,TRUE
"WB_LI","UBTD1","ENSG00000165886",NA,1380,0.219406967909347,2.53899520937406,2.81470687595628,0.00532877213537111,0.0477581549059927,TRUE
"WB_LI","KIAA0226L","ENSG00000102445",NA,1381,0.241267341888757,4.92751494587311,2.81420913804294,0.00533673609856286,0.0477948965003804,TRUE
"WB_LI","PRR12","ENSG00000126464",NA,1382,0.232345824123802,1.65260418875005,2.81305117348245,0.00535530579017248,0.0479264992857115,TRUE
"WB_LI","MED12","ENSG00000184634",NA,1383,0.195683949398488,4.32938927210426,2.81240426015055,0.00536570557247305,0.0479691667217151,TRUE
"WB_LI","FRY","ENSG00000073910",NA,1384,0.171522620050802,8.10581508193551,2.81216150067146,0.00536961291100662,0.0479691667217151,TRUE
"WB_LI","AC073046.25","ENSG00000235499",NA,1385,0.188095957086123,2.52423976901843,2.81203134373431,0.00537170891895014,0.0479691667217151,TRUE
"WB_LI","SCARNA3","ENSG00000252906",NA,1386,0.215620998824839,1.95024273617738,2.81132447240556,0.00538310515658933,0.0480362514983383,TRUE
"WB_LI","KBTBD2","ENSG00000170852",NA,1387,0.0963266445139735,7.25960758071608,2.81029557698493,0.00539973237793995,0.0481181537647621,TRUE
"WB_LI","FGD3","ENSG00000127084",NA,1388,0.141413870981636,7.08320879152051,2.81027505612015,0.00540006447489406,0.0481181537647621,TRUE
"WB_LI","MED15","ENSG00000099917",NA,1389,0.143433672446536,5.38730910821491,2.80454304520344,0.00549355806360077,0.0489160015339196,TRUE
"WB_LI","MSMO1","ENSG00000052802",NA,1390,-0.123016385177818,4.00277010223183,-2.8041015660078,0.00550081959572921,0.0489338109342016,TRUE
"WB_LI","RHOA","ENSG00000067560",NA,1391,0.123684914466189,8.9233179624146,2.80394049237434,0.00550347113595362,0.0489338109342016,TRUE
"WB_LI","TCF12","ENSG00000140262",NA,1392,-0.0700585308046913,6.32563514284567,-2.80260205845027,0.00552554895161957,0.0490597600260846,TRUE
"WB_LI","MGST3","ENSG00000143198",NA,1393,-0.12052580831664,4.77052240359386,-2.80260080452919,0.00552556967305433,0.0490597600260846,TRUE
"WB_LI","ORMDL1","ENSG00000128699",NA,1394,-0.0956074412779118,6.2561263003293,-2.80223723939644,0.0055315806787958,0.0490778980167479,TRUE
"WB_LI","ATF7IP","ENSG00000171681",NA,1395,0.0783742351261318,7.45184112407772,2.80176180068826,0.00553945031240302,0.0491124885045165,TRUE
"WB_LI","ACTR3","ENSG00000115091",NA,1396,0.100532801672723,9.31269450169395,2.80142196831641,0.00554508157381195,0.04912719835595,TRUE
"WB_LI","RRP15","ENSG00000067533",NA,1397,-0.132892344409785,4.13201093379462,-2.80037328534037,0.00556249179528285,0.0491273221656836,TRUE
"WB_LI","PPP1R12B","ENSG00000077157",NA,1398,0.188005482269988,7.04119740660059,2.80032693163378,0.00556326250386471,0.0491273221656836,TRUE
"WB_LI","NAALADL1","ENSG00000168060",NA,1399,-0.161636378625905,2.69637102502226,-2.80030166888324,0.00556368258056243,0.0491273221656836,TRUE
"WB_LI","FH","ENSG00000091483",NA,1400,-0.102612040634513,4.36222885587547,-2.8002967785141,0.00556376390243695,0.0491273221656836,TRUE
"WB_LI","RNF122","ENSG00000133874",NA,1401,0.155931854689369,2.49122354902363,2.79997853270624,0.0055690583296193,0.0491273221656836,TRUE
"WB_LI","F8","ENSG00000185010",NA,1402,-0.179941008260344,2.33699652432648,-2.799825527046,0.00557160540402863,0.0491273221656836,TRUE
"WB_LI","CDK5","ENSG00000164885",NA,1403,-0.133695853662705,2.4834724457622,-2.79974775539759,0.00557290046882715,0.0491273221656836,TRUE
"WB_LI","RQCD1","ENSG00000144580",NA,1404,-0.0710281623986618,5.51893341755053,-2.7991609130476,0.00558268147415235,0.0491784932139005,TRUE
"WB_LI","EXPH5","ENSG00000110723",NA,1405,-0.22368123642389,2.23742648152286,-2.79813692013242,0.00559978590182383,0.0492940583870157,TRUE
"WB_LI","RP5-1160K1.3","ENSG00000225113",NA,1406,0.145168424265841,2.83153767378567,2.79788653831663,0.00560397543111597,0.0492958521565024,TRUE
"WB_LI","RPL22","ENSG00000116251",NA,1407,-0.117887487104666,6.09001302278668,-2.79716271899662,0.00561610280156498,0.0493674196515677,TRUE
"WB_LI","RP11-571M6.8","ENSG00000257499",NA,1408,0.201822802666926,1.53794104293499,2.79645226421137,0.00562802943248775,0.0494312740909452,TRUE
"WB_LI","LINC01004","ENSG00000228393",NA,1409,0.154616098780265,2.12555438379276,2.79625408799637,0.00563136038115636,0.0494312740909452,TRUE
"WB_LI","EGF","ENSG00000138798",NA,1410,0.329160921975311,2.41207478603044,2.79601488441867,0.00563538330346129,0.0494315040405739,TRUE
"WB_LI","RP4-798A10.2","ENSG00000226029",NA,1411,0.159632152443698,3.03581980432552,2.79550072811965,0.0056440392137935,0.0494432329723123,TRUE
"WB_LI","ARHGEF2","ENSG00000116584",NA,1412,0.116836039110157,7.32931668676946,2.79546056973412,0.00564471579535131,0.0494432329723123,TRUE
"WB_LI","LRTOMT","ENSG00000184154",NA,1413,0.212693391049154,1.37341015196561,2.79383640075085,0.00567214133137853,0.0496482972303536,TRUE
"WB_LI","OPRL1","ENSG00000125510",NA,1414,0.191156929466417,2.90391784909779,2.79266749213336,0.00569195422181156,0.0497452162456233,TRUE
"WB_LI","LY75","ENSG00000054219",NA,1415,0.107874725914452,5.20022908412912,2.79259037389404,0.00569326357608537,0.0497452162456233,TRUE
"WB_LI","PDK2","ENSG00000005882",NA,1416,-0.176239553841824,2.93229457767991,-2.79247162716198,0.00569528025580551,0.0497452162456233,TRUE
"WB_LI","DNAJA2","ENSG00000069345",NA,1417,-0.0847054234030782,6.37192173963864,-2.7919289639078,0.00570450458292717,0.0497906229228251,TRUE
"WB_LI","RPS4X","ENSG00000198034",NA,1418,-0.125082146160572,8.24245043799057,-2.79119584084323,0.00571698793956429,0.0498193254229419,TRUE
"WB_LI","VRK3","ENSG00000105053",NA,1419,0.101207684421247,5.86475762128706,2.7908852627856,0.00572228382778664,0.0498193254229419,TRUE
"WB_LI","ALAS1","ENSG00000023330",NA,1420,0.109164264738837,4.58695504893389,2.79084188730779,0.00572302380844468,0.0498193254229419,TRUE
"WB_LI","SIRPA","ENSG00000198053",NA,1421,0.197602685184985,6.21782313189394,2.79043652308815,0.00572994347703607,0.0498193254229419,TRUE
"WB_LI","ATP1B3","ENSG00000069849",NA,1422,-0.102452907263454,4.5689807056459,-2.79043168119979,0.00573002617517489,0.0498193254229419,TRUE
"WB_LI","STAT3","ENSG00000168610",NA,1423,0.181132797698437,7.89564157470867,2.79031838693848,0.00573196151979676,0.0498193254229419,TRUE
"WB_LI","EPS15L1","ENSG00000127527",NA,1424,0.174312358587034,4.73281049073363,2.79005000609221,0.00573654849333564,0.0498241796106567,TRUE
"WB_LI","CSNK1D","ENSG00000141551",NA,1425,0.14573924324794,5.85742208697277,2.78957713378252,0.00574463859938713,0.0498362472768973,TRUE
"WB_LI","PAICS","ENSG00000128050",NA,1426,-0.134786086217001,3.6729622325568,-2.78949780438105,0.00574599681572247,0.0498362472768973,TRUE
"WB_BPD","C6orf163","ENSG00000203872",NA,1,0.266222191827702,3.24752118752421,4.59078721102699,6.51027305332189e-06,0.0488697415892512,TRUE
"WB_BPD","AC104820.2","ENSG00000234663",NA,2,0.283000986499285,3.48096253729934,4.45905265713813,1.16604233968979e-05,0.0488697415892512,TRUE
"WB_BPD","SMIM8","ENSG00000111850",NA,3,0.196875479787843,3.73138361536162,4.41695985433189,1.40073918880163e-05,0.0488697415892512,TRUE
"WB_BPD","WDR1","ENSG00000071127",NA,4,-0.195691287047948,8.32058756071266,-4.38906769135464,1.58052204363684e-05,0.0488697415892512,TRUE
"CT_LI","TSPAN2","ENSG00000134198","T",1,0.465048440874338,3.34701938186261,7.40817757442549,2.41406342914382e-12,2.98571364916508e-08,TRUE
"CT_LI","MIR24-2","ENSG00000267519","T",2,0.481671169789276,2.87864268083839,6.76750593632238,1.07596576314968e-10,6.65377227931764e-07,TRUE
"CT_LI","TSPAN2","ENSG00000134198","mono",1,0.384626706914159,3.81192908739536,6.74643672034311,1.28161209784192e-10,1.58509784261089e-06,TRUE
"CT_LI","TSPAN2","ENSG00000134198","gran",1,0.715036356829275,6.44560988637711,6.34197924713047,1.10281099437981e-09,1.36395663784895e-05,TRUE
"CT_LI","LINC00877","ENSG00000241163","T",3,0.26154187673597,1.00934890504729,6.3416993927792,1.1902945866199e-09,4.90718781577165e-06,TRUE
"CT_LI","PIGB","ENSG00000069943","T",4,0.3692071728326,3.57842323490995,6.22464618067092,2.26371666874549e-09,6.99941193976105e-06,TRUE
"CT_LI","IL8","ENSG00000169429","mono",2,-0.700739525641232,2.48048073682886,-6.17545919501675,3.0775436747879e-09,1.90315300848884e-05,TRUE
"CT_LI","IL8","ENSG00000169429","gran",2,-0.828863521153146,3.21905734976981,-5.97864472317542,8.01214173592920e-09,4.95470844949861e-05,TRUE
"CT_LI","RFX2","ENSG00000087903","mono",3,0.198912684600263,0.703535364223899,5.91770520605907,1.21596979025839e-08,5.01303812197192e-05,TRUE
"CT_LI","MIR24-2","ENSG00000267519","mono",4,0.306841219748322,3.20494141205692,5.79199390142427,2.34251753395122e-08,7.24306421497716e-05,TRUE
"CT_LI","PIGB","ENSG00000069943","mono",5,0.228601495737528,3.52009167509107,5.66794499599405,4.43144485747636e-08,0.000109616219994535,TRUE
"CT_LI","PIGB","ENSG00000069943","gran",3,0.556227376340487,5.80651237096493,5.53868478090051,7.92234815996354e-08,0.000326612006808097,TRUE
"CT_LI","RFX2","ENSG00000087903","NK",1,0.0912485124612099,2.35545679470606,5.38125105827356,1.83809356900479e-07,0.00227335412614512,TRUE
"CT_LI","PRRG4","ENSG00000135378","T",5,0.36303789159324,1.38188871283089,5.35866081022406,2.03297305511357e-07,0.000502876214912892,TRUE
"CT_LI","RFX2","ENSG00000087903","gran",4,0.418174311821965,3.1491174125184,5.3423220551157,2.11510623070113e-07,0.000601862220329063,TRUE
"CT_LI","C20orf197","ENSG00000176659","gran",5,-0.368578893787958,2.27899552998681,-5.31388399347494,2.4331428700237e-07,0.000601862220329063,TRUE
"CT_LI","LINC00877","ENSG00000241163","mono",6,0.234607827775042,2.53546159951325,5.30412930285799,2.7175133541581e-07,0.000560170086070456,TRUE
"CT_LI","CNTNAP3","ENSG00000106714","T",6,0.400075000387219,1.10320825456537,5.27230364693483,3.10126214517874e-07,0.000595076215513015,TRUE
"CT_LI","CCDC19","ENSG00000213085","T",7,0.276200985701891,0.634975031951675,5.25531244290354,3.36799281095659e-07,0.000595076215513015,TRUE
"CT_LI","CCDC19","ENSG00000213085","NK",2,0.11956413806539,2.37916792185794,5.12231359707027,6.4383007085027e-07,0.00390420812293821,TRUE
"CT_LI","MIR24-2","ENSG00000267519","gran",6,0.460182980825943,6.20141977480673,5.07640655399336,7.67075450907409e-07,0.00136995293473871,TRUE
"CT_LI","PLB1","ENSG00000163803","gran",7,-0.584381655365942,3.31654054642787,-5.07414584042755,7.75361460476307e-07,0.00136995293473871,TRUE
"CT_LI","CCDC19","ENSG00000213085","mono",7,0.253305574215066,0.807691299506995,5.07559819669848,8.12316635553412e-07,0.00140477466204877,TRUE
"CT_LI","RP5-1043L13.1","ENSG00000228340","gran",8,-0.366462811603823,2.0866765263027,-5.04201852164333,9.02917808506198e-07,0.00139591093195058,TRUE
"CT_LI","MYADM","ENSG00000179820","mono",8,0.367545522847766,3.47383904047866,5.05178816228025,9.08651139746938e-07,0.00140477466204877,TRUE
"CT_LI","IL8","ENSG00000169429","NK",3,-0.269629535011313,3.07172605853284,-5.04067724584186,9.47010379108557e-07,0.00390420812293821,TRUE
"CT_LI","RFX2","ENSG00000087903","T",8,0.160230549922807,0.393162632168421,5.02066909895618,1.03172543161261e-06,0.00159504751727309,TRUE
"CT_LI","CYSLTR2","ENSG00000152207","T",9,0.29272976197202,3.2547904903826,4.89928544374844,1.81406837629835e-06,0.00243008204859156,TRUE
"CT_LI","ZNF608","ENSG00000168916","gran",9,-0.368051434508014,1.51361313865382,-4.87576037508127,1.96299725541886e-06,0.00252756808508377,TRUE
"CT_LI","MYADM","ENSG00000179820","T",10,0.408641521569023,2.82734960855381,4.8817268771584,1.96670274138939e-06,0.00243008204859156,TRUE
"CT_LI","CNTNAP3","ENSG00000106714","gran",10,0.705552975148383,6.18827907217435,4.86702618074357,2.04363525637433e-06,0.00252756808508377,TRUE
"CT_LI","MYADM","ENSG00000179820","NK",4,0.12258072306109,4.95878935933364,4.86758824888437,2.11402230806048e-06,0.00653655697652301,TRUE
"CT_LI","IL5RA","ENSG00000091181","T",11,0.380778607635396,3.10693800562267,4.86116089463054,2.1612954830617e-06,0.00243008204859156,TRUE
"CT_LI","FAR2","ENSG00000064763","T",12,0.262195245458653,2.45921639702735,4.78741349141813,3.02404058455082e-06,0.00311677782914371,TRUE
"CT_LI","RNF217","ENSG00000146373","gran",11,-0.233635078242239,0.718021514145202,-4.77046775686212,3.17770995546219e-06,0.00324381891642242,TRUE
"CT_LI","TMEM91","ENSG00000142046","gran",12,-0.465539123969008,4.15902249093764,-4.76007169943268,3.33105665031269e-06,0.00324381891642242,TRUE
"CT_LI","IL5RA","ENSG00000091181","gran",13,0.64492322869529,2.66283122460037,4.75492595271842,3.40957680413094e-06,0.00324381891642242,TRUE
"CT_LI","SLC31A2","ENSG00000136867","T",13,0.284067790368336,4.26120360953133,4.74907168290145,3.59558921369795e-06,0.0033694200092828,TRUE
"CT_LI","IL8","ENSG00000169429","T",14,-0.456406697007426,3.37820692935688,-4.73595619172753,3.81402653055944e-06,0.0033694200092828,TRUE
"CT_LI","ARMC2","ENSG00000118690","gran",14,0.339297739179394,2.77202084781947,4.72131407113682,3.96816923353379e-06,0.00343175587432004,TRUE
"CT_LI","CXCL1","ENSG00000163739","gran",15,-0.448366027407678,3.26612423898466,-4.71070785228433,4.16205838573744e-06,0.00343175587432004,TRUE
"CT_LI","LINC00877","ENSG00000241163","gran",16,0.377458092178853,3.94458397856364,4.67555797505562,4.87210382604366e-06,0.00376613625753175,TRUE
"CT_LI","FAM126B","ENSG00000155744","T",15,0.291758696688633,3.77469564994819,4.65782148025746,5.40596378348616e-06,0.00445739733827712,TRUE
"CT_LI","H2AFJ","ENSG00000246705","gran",17,-0.373803161510796,2.18258541054068,-4.5854318825643,7.26669232987458e-06,0.00528673239622875,TRUE
"CT_LI","FLVCR1","ENSG00000162769","mono",9,0.18532803476494,2.66872937900095,4.56465886554231,8.2572055553325e-06,0.0109312635385065,TRUE
"CT_LI","CCDC19","ENSG00000213085","gran",18,0.443579356998522,3.89391529851943,4.5541818189826,8.33557296257756e-06,0.0057274648000644,TRUE
"CT_LI","CNTNAP3","ENSG00000106714","mono",10,0.407902956415083,1.85377096833856,4.54903496150901,8.83834374070703e-06,0.0109312635385065,TRUE
"CT_LI","NSG1","ENSG00000168824","T",16,-0.328411564523346,2.75022943073832,-4.5075041576583,1.04461691559872e-05,0.00807488875757808,TRUE
"CT_LI","RP11-76E17.3","ENSG00000258476","gran",19,-0.703274196730943,3.69472332791168,-4.49209719122079,1.09248458097573e-05,0.00679825305314937,TRUE
"CT_LI","CA4","ENSG00000167434","gran",20,-0.618973419103959,5.17633473092005,-4.49065595165809,1.09932940704227e-05,0.00679825305314937,TRUE
"CT_LI","SLC26A8","ENSG00000112053","gran",21,-0.434866704059597,2.98451882284544,-4.43273519188138,1.41119379942546e-05,0.00831125948156862,TRUE
"CT_LI","PRRG4","ENSG00000135378","mono",11,0.266930304351354,2.4628471789964,4.42757863048391,1.49067372926861e-05,0.016760593348722,TRUE
"CT_LI","DDX10P1","ENSG00000237135","gran",22,-0.460349058848238,3.53604396860867,-4.41704809463758,1.50929896471867e-05,0.00848500436165478,TRUE
"CT_LI","ARHGEF40","ENSG00000165801","mono",12,0.185018139630608,3.40404968244631,4.40275944680388,1.65653192689045e-05,0.0170733223931509,TRUE
"CT_LI","HSPBAP1","ENSG00000169087","gran",23,-0.374726487752353,3.98640107632364,-4.39254947958418,1.67571494267666e-05,0.0090109749613152,TRUE
"CT_LI","MYADM","ENSG00000179820","gran",24,0.558529406136246,6.2790709336326,4.37455150186657,1.80903845702872e-05,0.00905062846287758,TRUE
"CT_LI","RP11-196G18.24","ENSG00000272993","gran",25,-0.388372520527834,4.03034537979609,-4.36343538865004,1.89640065918616e-05,0.00905062846287758,TRUE
"CT_LI","GALNT14","ENSG00000158089","gran",26,-0.541097267333138,2.78271506500874,-4.36266255676834,1.90262241295939e-05,0.00905062846287758,TRUE
"CT_LI","ZNF487","ENSG00000243660","T",17,0.183970957583331,2.14502409733622,4.34684050373346,2.07412675376734e-05,0.0137355210521713,TRUE
"CT_LI","AC116366.5","ENSG00000238160","T",18,0.238805241488486,3.96902465428652,4.34427926127481,2.09660775474638e-05,0.0137355210521713,TRUE
"CT_LI","FLVCR1","ENSG00000162769","T",19,0.185738297087908,3.40934636848053,4.34275677348336,2.11008166228375e-05,0.0137355210521713,TRUE
"CT_LI","DNAJB5","ENSG00000137094","mono",13,0.184348766514838,0.531345890200667,4.34441471501459,2.11902878699924e-05,0.020160113875082,TRUE
"CT_LI","ASPH","ENSG00000198363","gran",27,-0.435105595152026,3.27695155517289,-4.3321048029092,2.16492582159833e-05,0.00991696391167709,TRUE
"CT_LI","KIAA1958","ENSG00000165185","gran",28,-0.184566215101618,1.00447035407232,-4.31299104639385,2.34624188818683e-05,0.0101366034910336,TRUE
"CT_LI","TTC18","ENSG00000156042","gran",29,-0.179963164438546,1.19042811487641,-4.30648286724261,2.4112324155502e-05,0.0101366034910336,TRUE
"CT_LI","CATSPER1","ENSG00000175294","gran",30,-0.257900331725792,0.755661638882232,-4.29764584947268,2.50224234722336e-05,0.0101366034910336,TRUE
"CT_LI","C12orf55","ENSG00000188596","T",20,0.0878335802241925,0.274329226088919,4.29727045042377,2.55313335299879e-05,0.0157885766549445,TRUE
"CT_LI","SLC16A6","ENSG00000108932","gran",31,-0.391749044813391,3.53219380438603,-4.29217427250996,2.5602309157021e-05,0.0101366034910336,TRUE
"CT_LI","FAR2","ENSG00000064763","mono",14,0.190601103700472,4.06856620873515,4.2989313544852,2.56300000885101e-05,0.021693120332817,TRUE
"CT_LI","MIR223","ENSG00000207939","gran",32,-0.444753684335135,9.53847689279162,-4.28641419108636,2.62266584502811e-05,0.0101366034910336,TRUE
"CT_LI","SLC31A2","ENSG00000136867","mono",15,0.198249329640603,6.52451254608838,4.29264539426873,2.63095734954928e-05,0.021693120332817,TRUE
"CT_LI","IDO1","ENSG00000131203","T",21,0.291260126829998,1.96181048896755,4.26864028547704,2.87628175454285e-05,0.0161921338851299,TRUE
"CT_LI","ARHGEF40","ENSG00000165801","T",22,0.263426160552517,1.28667646589302,4.26075273112679,2.97196761277488e-05,0.0161921338851299,TRUE
"CT_LI","MAN1A1","ENSG00000111885","T",23,0.278558353382593,4.24914775628148,4.25759273398755,3.0111503829074e-05,0.0161921338851299,TRUE
"CT_LI","MIR181A1HG","ENSG00000229989","gran",33,-0.272401556248124,1.48153863363817,-4.24345018422353,3.13652743599483e-05,0.0117553246449649,TRUE
"CT_LI","CACNB4","ENSG00000182389","gran",34,-0.302903327226291,1.14463292806249,-4.23193277715017,3.28985640212461e-05,0.0119673364651404,TRUE
"CT_LI","NLRP3","ENSG00000162711","gran",35,-0.499663140718832,3.24038982304273,-4.21634336307673,3.50884128904358e-05,0.0123739577774402,TRUE
"CT_LI","RP11-50E11.3","ENSG00000226200","gran",36,-0.234524035935433,1.23272351759697,-4.21000952745032,3.60173415255376e-05,0.0123739577774402,TRUE
"CT_LI","MS4A4A","ENSG00000110079","gran",37,-0.345468950503686,0.916135081473472,-4.19981277496622,3.75623512673399e-05,0.012414898385514,TRUE
"CT_LI","MRPL21","ENSG00000197345","gran",38,-0.275291663784912,1.10411283270375,-4.19607693614725,3.81440927109905e-05,0.012414898385514,TRUE
"CT_LI","RBM47","ENSG00000163694","T",24,0.244436192421873,2.01770641735206,4.18264933613938,4.09911029664171e-05,0.0211240817286936,TRUE
"CT_LI","CLEC4D","ENSG00000166527","gran",39,-0.611815879719882,4.96199813175905,-4.16992476173117,4.24641390667465e-05,0.0134665762045518,TRUE
"CT_LI","RP11-1220K2.2","ENSG00000257743","gran",40,-0.42087936960944,3.73921666062223,-4.16144325049873,4.39627883443473e-05,0.0135932941560722,TRUE
"CT_LI","CLC","ENSG00000105205","T",25,0.405281702274332,7.67069059037957,4.16116968788739,4.4745166111491e-05,0.0221363285786768,TRUE
"CT_LI","SMARCD3","ENSG00000082014","gran",41,-0.336454065389388,1.96971763727073,-4.15395206662111,4.53283136592727e-05,0.0136736727643387,TRUE
"CT_LI","ARMC2","ENSG00000118690","T",26,0.155043312511066,2.36731853079131,4.1487256381011,4.70679077102153e-05,0.0223898416369209,TRUE
"CT_LI","FAM126B","ENSG00000155744","mono",16,0.157869865918681,3.82460988474804,4.1485064694486,4.75589298118771e-05,0.0345957430149534,TRUE
"CT_LI","ARMC2","ENSG00000118690","mono",17,0.148285582920763,1.58717403155652,4.13776334568928,4.96737280531082e-05,0.0345957430149534,TRUE
"CT_LI","IL5RA","ENSG00000091181","mono",18,0.389615606736718,3.26187318089467,4.13442204108092,5.03495613089555e-05,0.0345957430149534,TRUE
"CT_LI","CR1","ENSG00000203710","gran",42,-0.485978494697942,5.77621284730235,-4.10369609190744,5.55916061069527e-05,0.0163704043888284,TRUE
"CT_LI","MAN1A1","ENSG00000111885","mono",19,0.182370420817199,5.09230661157197,4.10038392517253,5.77531705198358e-05,0.0375942743678594,TRUE
"CT_LI","LOXHD1","ENSG00000167210","gran",43,-0.448932600503952,1.7442327143899,-4.0751133969336,6.23804029330545e-05,0.0171158885674108,TRUE
"CT_LI","ZNF487","ENSG00000243660","mono",20,0.153204560907967,1.4360834229184,4.07509338744343,6.39145163010557e-05,0.0395247368805729,TRUE
"CT_LI","RP11-59D5__B.2","ENSG00000236345","gran",44,-0.393523869641517,3.51800618131265,-4.0670536893301,6.44330861668465e-05,0.0171158885674108,TRUE
"CT_LI","SLC9A7P1","ENSG00000227825","gran",45,-0.304905090242425,1.02712059143981,-4.06582888897129,6.4750599495259e-05,0.0171158885674108,TRUE
"CT_LI","MEF2C-AS1","ENSG00000248309","gran",46,-0.19215109886374,1.29930959578987,-4.0623200284431,6.56684952181813e-05,0.0171158885674108,TRUE
"CT_LI","AC093391.2","ENSG00000231890","gran",47,-0.160912750255314,0.835865588753068,-4.0595351185454,6.64058162055531e-05,0.0171158885674108,TRUE
"CT_LI","RP11-443B7.3","ENSG00000258082","gran",48,-0.392488985233478,4.68004048294236,-4.05945751114946,6.64264756820599e-05,0.0171158885674108,TRUE
"CT_LI","SULT1B1","ENSG00000173597","gran",49,-0.457558062246966,5.7367354819453,-4.04472882883217,7.0460094469857e-05,0.0177847030286366,TRUE
"CT_LI","SLC31A2","ENSG00000136867","gran",50,0.405962410937302,7.7746660946233,4.01112038096268,8.05548078298763e-05,0.0199260372647982,TRUE
"CT_LI","FOS","ENSG00000170345","T",27,0.345280300505646,2.99501468563253,4.01171068894362,8.15379567268204e-05,0.0373504240295302,TRUE
"CT_LI","FLVCR1","ENSG00000162769","gran",51,0.301029906748251,3.05003243192538,4.00016405069313,8.41329393920743e-05,0.0204030626353172,TRUE
"CT_LI","GPR157","ENSG00000180758","gran",52,0.27756530008494,2.10308678082658,3.98897143275463,8.7943992107743e-05,0.0209171402767032,TRUE
"CT_LI","PCTP","ENSG00000141179","gran",53,-0.301494914407236,3.62257060245182,-3.97745960951904,9.20346086682332e-05,0.0214770573586549,TRUE
"CT_LI","RP11-67L2.2","ENSG00000273033","gran",54,-0.309085393970206,3.34969865783221,-3.95507157439694,0.000100513299240808,0.0229975233513166,TRUE
"CT_LI","F8","ENSG00000185010","gran",55,-0.219751648638175,0.7536569483997,-3.95066056588648,0.000102269064062291,0.0229975233513166,TRUE
"CT_LI","ALOX15","ENSG00000161905","T",28,0.341267169841018,1.46188666434314,3.93248480763306,0.000111304805776338,0.0491649227800625,TRUE
"CT_LI","RP11-196G18.22","ENSG00000261716","gran",56,-0.350823413366047,4.29205311600714,-3.92830550738366,0.000111624331956367,0.0241534869283998,TRUE
"CT_LI","CREM","ENSG00000095794","gran",57,-0.270034177433266,1.64584868455806,-3.92798999624436,0.000111762007016099,0.0241534869283998,TRUE
"CT_LI","PRRG4","ENSG00000135378","gran",58,0.426010646329505,5.65055454790128,3.92456192151335,0.000113268292516752,0.0241534869283998,TRUE
"CT_LI","APBB3","ENSG00000113108","gran",59,-0.311553438676152,2.73524634774582,-3.91744275055246,0.000116458211093997,0.0244127992340772,TRUE
"CT_LI","FAR2","ENSG00000064763","gran",60,0.39838548910805,5.06143303095002,3.90792365850746,0.000120856848384085,0.0248086727465711,TRUE
"CT_LI","CCNDBP1","ENSG00000166946","gran",61,-0.358787990385035,5.98580338622604,-3.90474922463326,0.000122358428002979,0.0248086727465711,TRUE
"CT_LI","AHCY","ENSG00000101444","gran",62,-0.232668357818946,1.06051325382665,-3.89984460079896,0.000124713268606144,0.0248782855825933,TRUE
"CT_LI","TMTC2","ENSG00000179104","gran",63,-0.232567416812447,1.35121097379731,-3.89519561853579,0.000126985000003965,0.024929372699191,TRUE
"CT_LI","KBTBD3","ENSG00000182359","gran",64,-0.194214702371593,0.690065508536484,-3.89000539308781,0.000129567559048259,0.0250389307860761,TRUE
"CT_LI","DIRC2","ENSG00000138463","gran",65,-0.34922026630969,4.61350561250202,-3.88451818313746,0.000132352013227287,0.0251835338399244,TRUE
"CT_LI","HIST2H2AC","ENSG00000184260","gran",66,-0.312534629181357,7.09153162931838,-3.87362580269423,0.000138048238635642,0.0258694032643277,TRUE
"CT_LI","TNFSF8","ENSG00000106952","gran",67,-0.303830899419063,3.84682794172486,-3.85238802353728,0.000149829393551399,0.0276046510206018,TRUE
"CT_LI","MEF2C","ENSG00000081189","gran",68,-0.42084097745609,2.97886387511871,-3.84903891923786,0.000151772014020126,0.0276046510206018,TRUE
"CT_LI","PTP4A1","ENSG00000112245","gran",69,-0.315865816572738,3.34819419012603,-3.83596071053522,0.000159588797401979,0.0286057137140243,TRUE
"CT_LI","TBC1D15","ENSG00000121749","gran",70,-0.362537571592295,2.97375255487681,-3.81579217267853,0.00017239471075758,0.0304596826092822,TRUE
"CT_LI","RP11-33B1.1","ENSG00000245958","gran",71,-0.283047001645704,2.94395175137998,-3.80275987171422,0.00018118031942288,0.0315611012763688,TRUE
"CT_LI","FAM134B","ENSG00000154153","gran",72,-0.346977522642562,1.97243374760768,-3.78563963110411,0.000193366690291263,0.0332161003544769,TRUE
"CT_LI","PDZD8","ENSG00000165650","gran",73,-0.397613994674974,5.36309376728848,-3.76536756735928,0.000208798700429532,0.0353756483138692,TRUE
"CT_LI","ZNF438","ENSG00000183621","gran",74,-0.364589778636394,4.61140560904202,-3.75800749528868,0.000214684117183776,0.0358812589368775,TRUE
"CT_LI","RP13-516M14.1","ENSG00000260563","gran",75,-0.304726478582922,2.40507717416167,-3.74217153575903,0.000227882849705254,0.0371034404767458,TRUE
"CT_LI","AC099522.2","ENSG00000255883","gran",76,-0.326369859295237,2.01328068742151,-3.74203890523319,0.000227996561791129,0.0371034404767458,TRUE
"CT_LI","CASP5","ENSG00000137757","gran",77,-0.567697741925082,4.71653739441539,-3.73403493357256,0.000234958903696901,0.0375943728628552,TRUE
"CT_LI","FAM19A2","ENSG00000198673","gran",78,-0.332541497630818,2.54184255219246,-3.73162683916488,0.000237092584355005,0.0375943728628552,TRUE
"CT_LI","HS2ST1","ENSG00000153936","gran",79,-0.260551768191159,1.76809939779972,-3.72387235970066,0.000244088374927209,0.0382137344443003,TRUE
"CT_LI","EEF1A1P10","ENSG00000243746","gran",80,-0.313095974845052,2.1177055813271,-3.71636355211604,0.000251047850586138,0.038811997700617,TRUE
"CT_LI","ACN9","ENSG00000196636","gran",81,-0.250482879979343,1.56923594143572,-3.71122589033511,0.000255917088598479,0.0388983301233345,TRUE
"CT_LI","NIPAL2","ENSG00000104361","gran",82,-0.298902181278326,1.38126672292642,-3.70813208813729,0.000258892094345192,0.0388983301233345,TRUE
"CT_LI","MAFF","ENSG00000185022","gran",83,-0.309865487556497,1.76619284932142,-3.70591764428498,0.000261041510368432,0.0388983301233345,TRUE
"CT_LI","SLC46A3","ENSG00000139508","gran",84,-0.301325793667306,3.04439922609749,-3.6974365794277,0.000269430232192025,0.0396703941875115,TRUE
"CT_LI","CYSLTR2","ENSG00000152207","gran",85,0.352499518206886,2.70351330124756,3.6900903706099,0.000276901320615861,0.0397060605360775,TRUE
"CT_LI","SLC26A6","ENSG00000225697","gran",86,-0.223590406180899,1.18192540990517,-3.68795742513405,0.000279106852280849,0.0397060605360775,TRUE
"CT_LI","ACPP","ENSG00000014257","gran",87,-0.369661903642747,3.96810987709007,-3.68707444019853,0.000280024725050101,0.0397060605360775,TRUE
"CT_LI","ALOX15","ENSG00000161905","gran",88,0.440145360242733,1.3649368772589,3.68469343265955,0.000282514014163552,0.0397060605360775,TRUE
"CT_LI","CEACAM4","ENSG00000105352","gran",89,-0.40346424300413,6.56854057236171,-3.68007599140831,0.000287401018082378,0.0399390538386837,TRUE
"CT_LI","TMEM14B","ENSG00000137210","gran",90,-0.195792622741727,1.56151264915081,-3.67294780082902,0.000295102087835251,0.0405535846927376,TRUE
"CT_LI","HIST1H3H","ENSG00000203813","gran",91,-0.363581295255177,5.75689026995409,-3.66052543595287,0.000308989570575868,0.0419954176800257,TRUE
"CT_LI","SEC62","ENSG00000008952","gran",92,-0.359402232112367,3.73985544854496,-3.65743233958576,0.000312541989829523,0.042016514458821,TRUE
"CT_LI","TNFRSF18","ENSG00000186891","gran",93,-0.324420736194857,1.17211346410833,-3.64877264247192,0.000322693385232731,0.0427745535716284,TRUE
"CT_LI","CDADC1","ENSG00000102543","gran",94,-0.243585019602164,1.77928076163899,-3.64675926198474,0.000325097674299246,0.0427745535716284,TRUE
"CT_LI","ERMN","ENSG00000136541","gran",95,-0.282731415260947,1.64990816992914,-3.63896017505331,0.000334571157441771,0.0433917404031319,TRUE
"CT_LI","HIST3H2BB","ENSG00000196890","gran",96,-0.552199946939838,4.35000910236348,-3.63434971752022,0.000340293049596021,0.0433917404031319,TRUE
"CT_LI","CEACAM21","ENSG00000007129","gran",97,-0.331273931232602,3.20541487295725,-3.63371840953841,0.000341083678468983,0.0433917404031319,TRUE
"CT_LI","CPEB3","ENSG00000107864","gran",98,-0.191405974916559,1.48730936877073,-3.63154248416937,0.000343822005134778,0.0433917404031319,TRUE
"CT_LI","AMOTL1","ENSG00000166025","gran",99,-0.127168721452347,0.359731727121332,-3.62156355484061,0.000356647301018961,0.0441176144295154,TRUE
"CT_LI","TUBE1","ENSG00000074935","gran",100,-0.217583202190225,1.25540591758272,-3.62151732675852,0.000356707749268397,0.0441176144295154,TRUE
"CT_LI","HIST1H2BC","ENSG00000180596","gran",101,-0.308382360928872,6.72485787694409,-3.61509731016954,0.000365196896313532,0.044720348649562,TRUE
"CT_LI","TRMT5","ENSG00000126814","gran",102,-0.194736532387543,0.728023759611064,-3.61130768519812,0.000370296726353953,0.044900293250448,TRUE
"CT_LI","ASB13","ENSG00000196372","gran",103,-0.284324545167583,1.42944982745716,-3.60844726901753,0.000374190373257644,0.044931908120879,TRUE
"CT_LI","MAPK14","ENSG00000112062","gran",104,-0.379667783334078,7.25563445073353,-3.59761231393632,0.000389291059749354,0.0462956906440386,TRUE
"CT_LI","ADAM22","ENSG00000008277","gran",105,-0.169131299326093,0.674302965521664,-3.59105041565844,0.000398713039560318,0.046964598793162,TRUE
"CT_LI","METTL9","ENSG00000197006","gran",106,-0.297629309910612,4.58301854788548,-3.58784556066105,0.000403392296749331,0.0470675087376955,TRUE
"CT_LI","PTGS2","ENSG00000073756","gran",107,-0.379729908217206,4.7607056634689,-3.5843687941571,0.000408526908206902,0.0472211289785323,TRUE
"CT_LI","NSG1","ENSG00000168824","gran",108,-0.251972560720762,0.601746073143023,-3.580213685831,0.000414743886764733,0.0472442160467826,TRUE
"CT_LI","SNX18","ENSG00000178996","gran",109,-0.366246236141199,5.73111247728099,-3.57913891881721,0.00041636639303843,0.0472442160467826,TRUE
