Mixture,B cells naive,B cells memory,Plasma cells,T cells CD8,T cells CD4 naive,T cells CD4 memory resting,T cells CD4 memory activated,T cells follicular helper,T cells regulatory (Tregs),T cells gamma delta,NK cells resting,NK cells activated,Monocytes,Macrophages M0,Macrophages M1,Macrophages M2,Dendritic cells resting,Dendritic cells activated,Mast cells resting,Mast cells activated,Eosinophils,Neutrophils,P-value,Correlation,RMSE
089357B,0.000540064862441328,0,0.00817159179301741,0.0124524476926453,0.0378260890895629,0.0639317406045376,0.0505013589127667,0,0,0.0278809780889259,0.0512561805738341,0,0.262204108401665,0.0207703699214828,0,0,0.0035678220214049,0.00696194796201676,0.0292644529361957,0,0,0.424670847139504,0,0.891826017194404,0.503552355709141
089366A,0.0250341310796019,0,0,0.0448160687296815,0.113395993732911,0.097384982404819,0.0561384101791371,0,0,0.0162233907074188,0.0930182139436401,0,0.22522618300633,0,0,0,0,0.00138075963522774,0.0154119636446918,0,0,0.311969902936541,0,0.901302555923158,0.546199613865106
089412B,0.013037189148047,0,0.0037648397729985,0.0123385576889801,0.0398462445135895,0.119686327263116,0.0616442014295251,0,0,0.0346286491226624,0.079011740517376,0,0.251476658630979,0.0163771933415396,0,0,0,0.00267713837875477,0.0222277434186253,0,0,0.343283516773806,0,0.906906869026409,0.523365799069276
089425B,0.0214882818800089,0,0,0.0884603428267252,0.143794713784959,0.0732355510665092,0.0442375823380825,0,0,0.00728510544224832,0.0548267504780562,0,0.197812222631953,0,0,0,0,0.00434133439765677,0.0119214025243154,0,0,0.352596712629485,0,0.892314210152815,0.540314822659284
089687A,0.0186123500464018,0,0.00583408297831039,0.0355537418066575,0.0796986109782122,0.06614621007713,0.0373483241628654,0,0.00532695330233662,0.00670447616502992,0.0464495392015687,0,0.26599123306072,0,0,0,0.00182661831810971,0.00712756863896426,0.0327201205647825,0,0,0.390660170698911,0,0.917799493973732,0.485960876675343
089851B,0.0403982941854709,0,0.00253634372349057,0.0726537480237474,0.129493428903883,0,0.0280544606045836,0,0.00647626526766562,0,0.0937010590232881,0,0.251299320389988,0.00322047306058483,0,0,0,0,0.0120912803485641,0,0,0.360075326468734,0,0.920246283517667,0.497353624843472
099147B,0.0317153028640946,0,0,0.0481485056580226,0.0828388409326652,0.141438551027523,0.0442127855528611,0,0,0.0155205493646628,0.0740735749361053,0,0.316800844015911,4.10033071955296e-05,0,0,0,0.00295604563525369,0.0312078993660333,0,0,0.211046097339672,0,0.906570401776763,0.571727070593326
099175B,0.00849067805742205,0,0.0057082696442495,0.0216923189304349,0.0746459303901057,0.088673209550333,0.0193177840506802,0,0,0,0.0508808005815652,0,0.344237203867787,0,0,0,0,0.00571556573586049,0.0286894401000714,0,0,0.351948799091491,0,0.91608680333524,0.488414297714756
099192A,0.00514568351188486,0,0.00105365091110752,0.0405163741344961,0.0172762089507497,0.0691833978807701,0.0471516662938389,0,0,0.00245091075654893,0.0572086646980837,0,0.261857194334536,0.00134880788086097,0,0,0,0.00137377489171501,0.0336750330332271,0,0,0.461758632722181,0,0.929819755444294,0.431908784278194
099207A,0.0222309707525879,0,0.00761973769903307,0.0423088197601321,0.058533185774201,0.0416260087034174,0.0606521670732101,0,0,0.00362729257655176,0.0875173857145648,0,0.246777247656421,0.000402843355414042,0,0,0.00120529132288347,0.00718412586643573,0.0293513474689058,0,0,0.390963576276242,0,0.932951295356427,0.47056045047866
099219A,0.0263008083493081,0,0.00252477572823618,0.0135355986368347,0.0944857829097099,0.0226566146119753,0.0731654896785411,0,0,0,0.101553544286717,0,0.213797459427529,0,0,0,0,0.00157252969075569,0.0327106857374668,0,0,0.417696710942926,0,0.928777629822875,0.467934756505665
099328A,0.00915327572908771,0,0.00212132395290921,0.0410785147379185,0.0621291547592205,0.0431319163044099,0.0332028226717575,0,0.00315944236806795,0,0.1743134795678,0,0.244166551791097,0,0,0,0,0.00401697997646859,0.008404998626786,0,0,0.375121539514477,0,0.896780004556694,0.514121431887741
099329A,0.000962868238793989,0,0.00151015295864425,0.0167418834233566,0.046881453692339,0.0405505675154603,0.0495925165945,0,0,0,0.109599430951939,0,0.332689181413577,0,0,0,0,0.0036395725754393,0.0192595898318787,0,0,0.378572782804072,0,0.916876435795656,0.474864907501224
099394A,0.0125463491501255,0,0.00114647462506963,0.0264732355929654,0.0404909746792226,0.0464261207087429,0.0576692241132957,0,0,0,0.0957823421626408,0,0.176126616030991,0.00456075497047452,0,0,0,0.00165048797899132,0.0369520901797082,0,0,0.500175329807772,0,0.936999485600795,0.417304528702904
099407A,0.0227027028395499,0,0.0011522639712305,0.0996026757511431,0.052584398540138,0.0529094455284082,0.0625566638451084,0,0,0.00112043442483043,0.117614741988431,0,0.263863294651353,0,0,0,0.00311347791625163,0.00622266478780953,0.016186121164171,0,0,0.300371114591576,0,0.917712832058523,0.527600153494063
099408A,0.0291172635063474,0,0.00561247742427701,0.0627131939974008,0.0727253209579228,0.0148313979251589,0.0652400429648265,0,0.000866813725836719,0.0134640414950592,0.0876800552995822,0,0.233107836624029,0,0,0,0.00716628133950141,0.00576677157227835,0.0222009823475057,0,0,0.379507520820274,0,0.930456676397642,0.481992961521635
099598A,0.00334558569916064,0,0,0.0405593351856822,0.11107234134562,0.130447586568223,0.0555576624405483,0,0,0,0.175070775513628,0,0.218949624307625,0,0,0,0,0.000998733290254128,0.0189310515027559,0,0,0.245067304146503,0,0.886774383024681,0.578932709200547
108032A,0.0249264690064586,0,0.00076712733375727,0.0253022700556237,0.0605683189947991,0.0726061515561289,0.0332641278207982,0,0,0,0.0896332631147129,0,0.236789542760604,0,0,0,0,0.000840349581920814,0.0205695782957546,0,0,0.434732801479442,0,0.929657244413003,0.450402919081829
108082A,0,0,0.00126885015276898,0.00624938666175044,0.0408014574828239,0.0687844366198482,0.0478191359403312,0,0,0,0.1246538281771,0,0.230787862204181,0.00468095814735943,0,0,0,0.00346550084538455,0.0346512468049322,0,0,0.436837336963521,0,0.900575764706384,0.490901402777429
108180B,0.0164704333156491,0,0.000964705818259799,0.0461994565830316,0.032256303648664,0.0624831854527561,0.0488928261972169,0,0,0.00475394697713454,0.0423106430287342,0,0.262755652276296,0.000970259772443562,0,0,0,0.00201431220448844,0.0289084556547967,0,0,0.451019819070529,0,0.932861113511013,0.432662714768812
108338A,0.0200363639012511,0,0.00271022723347501,0.00782576896919987,0.0507491847197213,0.0265953346600195,0.0397724363480871,0,0,0.0245126355468715,0.0900368405554031,0,0.387564211932524,0,0.00612764585724982,0,0,0.0283779872559296,0.0182334852485657,0,0,0.297457877771702,0,0.85799711429218,0.569939747414579
108350A,0.0231959251566496,0,0,0.0057333677055666,0.0675183137611381,0.0943747958301677,0.0367824840326223,0,0,0,0.0595706754497324,0,0.285193548898678,0,0,0,0,0.00391113258231551,0.0286121837876469,0,0,0.395107572795483,0,0.928106507867154,0.464575285220578
108499A,0.00474998760996802,0,0.00588158935380775,0.0181566744488195,0.0628725447121926,0.0903317247258547,0.0284072346670695,0,0,0.0138524683621237,0.0475319834197327,0,0.33666260631055,0.0201449687981669,0,0,0,0.00505222794351184,0.0290643751488181,0,0,0.337291614499385,0,0.895706342963031,0.521867415628244
108555A,0.0183281641896247,0,0.00212908146026838,0.0692564981477097,0.069844775506251,0.0456011848374718,0.0323702055806956,0,0,0,0.100302289419998,0,0.325292870212999,0.00623328443860717,0,0,0,0,0.0152771167838637,0,0,0.315364529422511,0,0.915589299319774,0.509137689873031
108611B,0.0241289162344527,0,0,0.0619378449794561,0.0503216356169383,0.123496061666367,0.0480069134392442,0,0,0,0.15079599165049,0,0.237872093751174,0,0,0,0,4.11870524159045e-05,0.0178302286937568,0,0,0.285569126915705,0,0.899147415716373,0.553773902383857
108741B,0.0135496699899443,0,0.000451553340447529,0.02741648139916,0.0990762831315655,0.0964127626575749,0.0786020935199793,0,0,0,0.11626055554208,0,0.248308289006062,0.00432426639054609,0,0,0,0.00131329345050823,0.0324275357891351,0,0,0.281857215782997,0,0.895985444855037,0.565148808259535
108747B,0.0173486748121844,0,0.00191793288256937,0.0338714280089626,0.05556998925684,0.115900277608977,0.0474366203548736,0,0,0.0257750156109918,0.0785622919611922,0,0.307602399599086,0,0,0,0,0.00332977209048406,0.0243343159715177,0,0,0.288351281842322,0,0.915744688869273,0.528361121967988
108765B,0,0,0.00337160499214128,0,0.0233211799778106,0.147607184915145,0.0538079603690077,0,0,0.0221394234919061,0.0730913708974539,0,0.317858915692733,0,0,0,0,0.00411798931390886,0.0284475403562859,0,0,0.326236829993608,0,0.912873832602784,0.511409457668993
108816A,0.0492560179825722,0,0.00262233864507223,0.0180937867316153,0.107941689231628,0.100264900561971,0.0472825584096482,0,0,0.00189018425136149,0.13821321300593,0,0.292708524294355,0.0033273061250566,0,0,0,0.00501865540087504,0.0246803174768166,0,0,0.208700507883098,0,0.903130182671687,0.580514067123765
108844A,0.0144660394030856,0,0.00337982450985904,0.0789240810034981,0.0688929203864447,0,0.0353267619687954,0,0,0,0.102501700790092,0,0.24286993088091,0.0154036940084546,0,0,0,0,0.0267429095621644,0,0,0.411492137486695,0,0.917990852190748,0.476049577772187
108857A,0.00884777046515097,0,0,0.0566842430804941,0.0696246289006323,0.0764212380096553,0.0364331366584128,0,0,0,0.130582911581664,0,0.289719843128034,0.00556269483740805,0,0,0,0.00223979081764502,0.0286604315048556,0,0,0.295223311016048,0,0.905067618265351,0.537193773557533
108931A,0.00738976300765854,0,8.86190134260832e-05,0.0369415884216797,0.092564224300797,0.0716125594810264,0.0536652983558322,0,0,0,0.0936637792415522,0,0.274290567328513,0.000720376489898937,0,0,0,0.00119112670334275,0.018837655615421,0,0,0.349034442040853,0,0.927462652936568,0.490540453099236
108932A,0.0253303457773738,0,0.000330305863765928,0.0207922767104086,0.104788712738527,0.10773510749708,0.0702932397179055,0,0,0.0331695976250514,0.0639064779556566,0,0.297682049132611,0,0,0,0.000316798878851023,0.00132548649639167,0.023696602952924,0,0,0.250632998653454,0,0.89285062675325,0.572074487591861
108981B,0.0039108776216525,0,0.000752403553859219,0.0590216870129158,0.0392740209045651,0.0745977286154003,0.0454904830159246,0,0,0,0.109733019585641,0,0.235834209074208,0.00273147351691826,0,0,0,0.000609999707169312,0.0293239529624392,0,0,0.398720144429308,0,0.928102788004902,0.470374934140428
108983B,0.00582042035726891,0,0.00187047574621424,0.0302086033755038,0.0260984329135847,0.0347543577366222,0.0423095596815194,0,0,0,0.0866642286683871,0,0.164588654212393,0.0158711179029,0,0,0,0.000500835855423598,0.009818895825964,0,0,0.581494417724219,0,0.911109993538341,0.431141394177233
108990A,0.0119004117825525,0,0.000326656905517575,0.100139991611518,0.0804240758687818,0.0544921266877825,0.0671627477894056,0,0,0.0137328190775095,0.0537097480678482,0,0.283450722249892,0,0,0,0.00036455132091373,0.00266075057644033,0.0303206817354537,0,0,0.301314716326385,0,0.927791881253071,0.515146187554871
109014B,0.0160858423074418,0,0,0.0963935585664108,0.0655435167164623,0.0515028677218943,0.0596383569465589,0,0,0,0.141783802592534,0,0.288858241095159,0.0141894852951791,0,0,0,0,0.0166672053269521,0,0.0130533677406778,0.23628375569073,0,0.895833731063828,0.56958034557991
109042B,0.0224063642995206,0,0.00122435408318466,0.0096161759770943,0.0833836962401525,0.10211312649965,0.0230722621458296,0,0,0.00784691115138504,0.051395927228683,0,0.309778805456944,0,0,0,0,0.00273702040413359,0.0139070834005851,0,0,0.372518273112838,0,0.928037767544798,0.468595993038779
109056A,0.0369509084927011,0,0.00191270208569388,0.021309879526439,0.101596823999037,0.115335686546756,0.0328474372901306,0,0,0,0.101056941827812,0,0.273069974104086,0.00659101345391527,0,0,0.000954081797065672,0,0.0173750720819575,0,0,0.290999478794406,0,0.911211200287332,0.539149077425488
109078B,0,0,0.000623759449492539,0.078376388297981,0.0801353234353712,0.0802314639313486,0.0223841403230273,0,0,0,0.103318131129063,0,0.325295755693979,0,0,0,0,0,0.0320014508949061,0,0.000493745883453162,0.277139840961379,0,0.904976453482249,0.537819805521711
109087A,0.032027727932286,0,0,0.0454125387006618,0.108534231489667,0.100995001683773,0.0530920495066678,0,0,0,0.0735175282770174,0,0.373361015729939,0,0,0,0,0.00412616059928324,0.0207631058731632,0,0,0.188170640207542,0,0.912058335813997,0.56530986060802
109088B,0.0341445154230535,0,0.000441185267877188,0.0331687187080229,0.057001569159598,0.0767358477839378,0.0312137475382092,0,0,0,0.0733283609905638,0,0.240767526554576,0,0,0,0.001768402054921,0.000920981091319443,0.0215440554039852,0,0,0.428965090023936,0,0.922226114059243,0.464087220371676
109089A,0.0203683046178803,0,0,0.0318830740387825,0.0668058366581518,0.0991958338560218,0.0529766430774076,0,0,0.0212016491953001,0.0561693911113414,0,0.303371351723596,0.00383616138605219,0,0,0,0.00216373211728649,0.032848917424228,0,0,0.309179104793952,0,0.90987084462302,0.527667981129761
109105B,0.0136007847247791,0,0.00172173782316352,0.0210844335254961,0.0682590813232859,0.067619307071389,0.0241636309688592,0,0,0.0164235085560427,0.0630173633116675,0,0.253880361428797,0,0,0,0,0.00380893436803965,0.0297312542620824,0,0,0.436689602636398,0,0.93162736900019,0.442498933727877
109106B,0.0189578172074399,0,0,0.00999816928474357,0.0970193026187633,0.0699816692060575,0.0626763894882603,0,0,0,0.11795140021596,0,0.26290542279354,0,0,0,0.00134513520887205,0.00158713421455589,0.0198179046764565,0,0,0.337759655085351,0,0.9294061980816,0.497706389450117
109137A,0.0195811342000874,0,0.0015346941806404,0.0316477041231942,0.0700413436129841,0.121126288728521,0.0353426434865067,0,0,0,0.0529996489949223,0,0.262306784722134,0,0,0,0.000714352307129054,0.00180933322933103,0.0273276461579341,0,0,0.375568426256616,0,0.922907331118374,0.486482514045574
109138B,0,0,0.00821629788253182,0.0168435927424196,0.0520148798555995,0.0391391984976736,0.0431171101706992,0,0,0.0164277998821791,0.048609277169677,0,0.263274220244928,0.00495150800825145,0,0,0.00146684924899341,0.00796675234304589,0.0237454230733019,0,0,0.4742270908807,0,0.926592516189285,0.430365408901843
109156B,0.0241331468653987,0,0.00114626433106553,0.0109265274377496,0.0397106834858568,0.0952461521664839,0.040157602738254,0,0,0.0324871823156493,0.0705942266257697,0,0.289980031771824,0.0191992536982682,0,0,0,0.00174223369039215,0.0116401504500993,0,0,0.363036544423189,0,0.919783597684302,0.488149378184639
109157A,0,0,0.0109092715060527,0.0133889294291939,0.124472464358194,0.0409845030523826,0.0449061549402034,0,0,0,0.0792891027337513,0,0.260557750059004,0,0,0,0.00240942157211998,0.00737792889956494,0.0253105059576904,0,0,0.390393967491842,0,0.904816504030644,0.503180826047228
109184A,0.00640629579765043,0,0.00225564318358812,0.0193083921845862,0.0931644363460735,0.0915661779421057,0.0329812806317488,0,0,0,0.105317444325246,0,0.330178820129977,0,0,0,0,0.00215607144278452,0.0184822205345237,0,0,0.298183217481716,0,0.918212151109914,0.51411875274504
109188B,0.000742442665926801,0,0.000966443797740488,0.0591088321089344,0.0594502488094388,0.0611910598119104,0.0280285021038713,0,0,0.0029605655423916,0.0939224163047882,0,0.257093345874829,0,0,0,0,0.00427138444459452,0.0223731284804834,0,0,0.409891630055091,0,0.916018720662037,0.476487278291952
109189A,0.0303868762265039,0,0.000214454086130235,0.0286572318166458,0.0755482609920969,0.0887173515357852,0.0136602570528483,0,0.0014505642420582,0,0.10897660942099,0,0.288039071158083,0.00408629077161075,0,0,0,0.000809997955320418,0.0307026141858833,0,0,0.328750420556044,0,0.912650519179816,0.515535827715671
109191B,0.0232406528652495,0,0,0.0790292854122383,0.0789533156377908,0.096431811453032,0.0383473896630157,0,0,0,0.0846208171988547,0,0.290547928456898,0.0100872369231783,0,0,0,0,0.0347862833594924,0,0,0.26395527903025,0,0.903612913097568,0.55659380917669
109213B,0.0296319506109943,0,0.00150680035313668,0.0225272290709168,0.0924380806605934,0.0835819806256427,0.0340956267976429,0,0,0.0131659173392902,0.0513692073742242,0,0.297366903011272,0,0,0,0,0.00390128263185783,0.0331802027772002,0,0.00628307197687601,0.330951746770352,0,0.883283322494287,0.547822754960349
109254B,0.0139291661341019,0,0.00112057644896801,0.0132581054446113,0.0496276672106099,0.0446333046730433,0.0603622372529617,0,0,0.00343386354917859,0.11778973215804,0,0.329756814023067,0,0,0,0,0.00197536980820976,0.0170208483858071,0,0,0.347092314911401,0,0.914490182147561,0.494465843942024
109274B,0.0229473221527771,0,0.0040657947607528,0.0844003176231836,0.0660749613971871,0.0439749818118626,0.0722105084094376,0,0,0.00376612994066331,0.127267830543819,0,0.275063974989208,0,0,0,0.00134571923327017,0.0067258688558134,0.0126651009705785,0,0,0.279491489311447,0,0.910840129378363,0.542560411444388
109275B,0.0251947780437607,0,0.00115861095201846,0,0.0669605364109744,0.108196827822447,0.0496315661491803,0,0,0.0395603500920797,0.0719022941244468,0,0.27423797337595,0,0,0,0,0.00223265773465563,0.0196018406518874,0,0,0.341322564642599,0,0.918887018567077,0.505202333875131
109281B,0.00188835710185906,0,0.000205716955947949,0.0539194306140963,0.123520447907512,0.0811291359317359,0.0250187072982761,0,0,0,0.137982629650306,0,0.307468910581865,0,0,0,0,0,0.0124179302335976,0,0,0.256448733724803,0,0.896765776124412,0.554203986637402
109326A,0.0160085551325517,0,0.000556415986494035,0.00635099675767255,0.075144175454192,0.0893266367099603,0.0410363095402808,0,0,0,0.134718754830352,0,0.265602880342838,0.00262656980845001,0,0,0,0.000498200810004121,0.0174576135556121,0,0,0.350672891071593,0,0.921062657449636,0.497476481066862
109327A,0.00871410535984627,0,0.00214332487237083,0.0129383525801081,0.0541466523388769,0.083675905997337,0.0631348536820474,0,0,0.0327415574522271,0.0715247478884486,0,0.231080821101392,0.00245257870529005,0,0,0,0.00398114803617811,0.0199106179361747,0,0,0.413555334049703,0,0.930179267039093,0.461836223085115
109329A,0.00670877583719309,0,0.00262948877110211,0.0142496210373023,0.0309061835982677,0.0810246531957253,0.0620862735343635,0,0,0,0.14899645116546,0,0.333518470273366,0,0,0,0,0.003511481730638,0.0126036848516827,0,0,0.303764916004899,0,0.910548756797653,0.516964655016437
109350B,0.0109551651253032,0,0.00159890831490937,0.00768866036770433,0.0687159218801719,0.0429348765012118,0.0384365565488685,0,0,0,0.145523143700203,0,0.237769443022117,0.000918820637976803,0,0,0,0.000392446672999549,0.0162313709228651,0,0,0.42883468630567,0,0.926520627925647,0.454267192218194
109368A,0.006383349107651,0,0.000706673448573918,0.0020506714816175,0.0698017753487736,0.080874021326773,0.0326837284813841,0,0,0,0.0932017238175851,0,0.253933441147432,0.00713924851061726,0,0,0,0.000418350338136155,0.0297165629713803,0,0,0.423090454020076,0,0.913132613643491,0.47614578220853
109381B,0.0111400810324591,0,0.0033906047947881,0.026110176763901,0.102393578769619,0.0400059896090408,0.0403449757488843,0,0,0,0.0591476393643518,0,0.275024940345691,0.00896707660268057,0,0,0,0.00647702737424001,0.0277095781226925,0,0,0.399288331471651,0,0.923833502605487,0.470138789634189
109384A,0.0456694073398771,0,0,0.0526548653151034,0.148461962964343,0.194903218802706,0.0283001386161624,0,0,0,0.12279785756571,0,0.300906521726225,0,0,0,0,0.00159613984619841,0.00542861790362912,0,0.00437617627920724,0.0949050936408385,0,0.874577216734334,0.620235374701398
109424B,0.0163992034761029,0,0.000145614535360807,0.0711848170990566,0.0940549789986594,0.071631331222511,0.0400154404099224,0,0,0,0.108147790807716,0,0.311048566003259,0,0,0,0,0.00179164504962745,0.00796970208609934,0,0,0.277610910311685,0,0.915262654203061,0.529218948475461
109434A,0.0287758115038527,0,0,0.0028479747772825,0.0644064182063313,0.138084480187539,0.0489539284546599,0,0,0.00634282359370505,0.0737025904469363,0,0.307325812822504,0.0124928342430229,0,0,0,0.00381724696510859,0.022781790230863,0,0,0.290468288568195,0,0.913760090735024,0.532336730993559
109435B,0.0161648272855289,0,0.00174310301810576,0.0821654177520513,0.0528137874358899,0.067860639365006,0.0785212229428682,0,0,0.0189306020512948,0.121561080271463,0,0.250898997315037,0.00570943684383331,0,0,0,0.00107386784715865,0.0293339570946585,0,0,0.273223060777105,0,0.902328565681772,0.557867697430989
109464A,0.0180765937956729,0,0.00750407617576928,0.0400933708394009,0.0555917065991478,0.117075028225414,0.037586690258791,0,0,0.00817123977642091,0.026095822316468,0,0.269250860277795,0.021935587109629,0,0,0,0.00653391444038293,0.0305552541992644,0,0,0.361529855985843,0,0.905013968640193,0.51506761181304
109503A,0.0206135209212274,0,0,0.0580213732923175,0.0972051579684836,0.0829107437425305,0.0446742284168939,0,0,0.00402517200246879,0.0975396691875026,0,0.250410521551244,0,0,0,0,0.000857495919513409,0.0245004870794975,0,0,0.319241629918321,0,0.927690261330332,0.510674651356672
109505B,0.0271114897124978,0,0,0.0585195937966008,0.115452703782725,0.0831688039081394,0.0335506831644709,0,0,0,0.0667274824828144,0,0.283572082453675,0,0,0,0,0.00205702526264597,0.0147652736322737,0,0,0.315074861804157,0,0.932012057250561,0.500437433998977
109529A,0.0229361853470106,0,0.000577284110824878,0.0242525895437751,0.0993096290728227,0.0755761891692436,0.0515277280295188,0,0,0,0.0775112573425585,0,0.279383336364905,0,0,0,0,0.00125095559770571,0.0171317976362708,0,0,0.350543047785365,0,0.918365925871437,0.501316033497195
109530A,0.00976129363499213,0,0.000644135407315351,0.0408671993556574,0.0643389717308087,0.150095203122891,0.0581406469667969,0,0,0.0395411369333207,0.0828127139375845,0,0.258426095405964,0,0,0,0,0.00114289679008063,0.0199153720252147,0,0,0.274314334689374,0,0.914660988025573,0.542019445653472
109548A,0.00400453483440154,0.00259037031660086,0,0.0199066874673248,0.030366301447441,0.158450892560028,0.0440003255938629,0,0,0.000237129157172594,0.101728140416856,0,0.281480783402717,0,0,0,0,0.000337169588965583,0.0291511989731422,0,0.00266210009187281,0.325084366149615,0,0.909761481458037,0.522371265703165
109549A,0,0,0.00145188505974447,0,0.0492179845897068,0.0387878646587653,0.0368965982922038,0,0,0,0.106770576315901,0,0.304019082114816,0.00715006280469017,0,0,0,0.00155239600104139,0.0279951050010767,0,0,0.426158445162054,0,0.928748166011642,0.439880366099034
109551B,0.0114015998045018,0,0.00280307434756149,0.057094561172461,0.122043100285531,0.0828554375968226,0.0413059962112703,0,0,0,0.101824221034948,0,0.279178972570129,0.0109988523958844,0,0,0,0.00790311520494985,0.0208284861641035,0,7.58160279519366e-05,0.261686767183886,0,0.876496162847726,0.583992427323363
109559B,0.0067648206315165,0,0.00341233728126794,0.0110232839251647,0.0774754205344857,0.0398650796323802,0.023512190908159,0,0,0,0.0749421880968109,0,0.363014253364222,0.000185570736334952,0,0,0,0.00596642609113667,0.0222360940712772,0,0,0.371602334727244,0,0.915160689307189,0.4745285312011
109646A,0.0181113594812104,0,0.00174863703302321,0.0281767232058276,0.0542895057494082,0.0799476993123098,0.0402755690363422,0,0,0.0111462722255888,0.0442468112399528,0,0.193421748019329,0,0,0,0,8.09226394176522e-05,0.0391899098323791,0,0,0.489364842225211,0,0.914894066609915,0.455561240682718
109694A,0,0,0.00249423329288454,0.0295602542386711,0.0490600531227134,0.045593987280077,0.0506886862603607,0,0,0.0111669590769031,0.0835976184243807,0,0.268412719903516,0.011661021708191,0,0,0,0.00202326400718047,0.0323330245765562,0,0,0.413408178108566,0,0.910467035834421,0.481630301932754
118035A,0.00218260418842272,0,0.00613533749754624,0.0391925224316653,0.0892305362229121,0.0619270682448513,0.0335516027772699,0,0,0,0.162928935048454,0,0.297297961538845,0.00303764044242674,0,0,0,0.00642666806911822,0.0136565761902781,0,0,0.28443254734821,0,0.914147382127422,0.527147500496629
118046A,0.0079369457538333,0,0.00192662769033646,0.0228622040239928,0.0832955380867524,0.0752579601627051,0.0405075140464634,0,0,0.022512382599637,0.0769868900533634,0,0.213458444807422,0.00580208715271758,0,0,0,0.00312173977853891,0.0230042437423158,0,0,0.423327422101922,0,0.925850420571759,0.465372666360735
118059B,0.0273857866754089,0,6.10597649491808e-05,0.0320522351113944,0.062386706234501,0.0878753089689103,0.025003505987168,0,0,0,0.0949885276523398,0,0.276375718824639,0,0,0,0,0.000441297756837956,0.0296283540801385,0,0,0.363801498943713,0,0.914148987580887,0.499690240340721
118082B,0.0219974217806447,0,0.000277118312069074,0.0474858145120395,0.102070002223608,0.0771971355905774,0.0386634000743697,0,0,0,0.0757830903950917,0,0.280992323877585,0.000852695036353016,0,0,0,0.000623906357542359,0.0201077498031002,0,0,0.33394934203702,0,0.915266786186212,0.511944462966776
118139A,0.00674464691462696,0,0.00106610800275237,0.041773373329708,0.0627481274025745,0.0979877561877906,0.0599738064415801,0,0,0.00341294732188637,0.118633803766322,0,0.291576831669873,0,0,0,0,0.00143349458575081,0.028071979604995,0,0,0.286577124772141,0,0.925018439516218,0.521891181984938
118142B,0,0.00272823403962442,0,0.00881716199582116,0.0731741396621469,0.115991247737084,0.0309381125518155,0,0,0,0.110779698565383,0,0.317417354453742,0.0172608420785305,0,0,0,0.00128529337937589,0.0265371397841518,0,0,0.295070775752325,0,0.90631820355323,0.531882009500193
118146A,0.0161926207973174,0,0.00486572026687032,0.0261170119178639,0.103601583048675,0.0388742041799674,0.0450366942538095,0,0,0,0.102535962576567,0,0.300606534112167,0.0272724155986084,0,0,0,0.00622059462721394,0.0249875184631868,0,0,0.303689140157753,0,0.913566439942787,0.526408414740836
118148A,0.0348417688896966,0,0,0.0483271684433482,0.139151584940987,0.0925214439264462,0.053086885417254,0,0,0,0.0916926035921821,0,0.269167249033947,0.00119476181851235,0,0,0,0.00172798210988619,0.0229439359027086,0,0.0120219626127161,0.233322653312315,0,0.909084354214316,0.568563130708904
118149A,0.0441522503360172,0,0.00111623743786968,0.0217052059530204,0.0641679340976451,0.0811318145968168,0.0395287209096145,0,0,0,0.0820781639449677,0,0.280990173606982,0,0,0,0,0.00179253169933674,0.0192738862834281,0,0,0.364063081134301,0,0.918167268634535,0.494954523869168
118155A,0.0189506372684385,0,0.000153349049960223,0.0536747557125021,0.103749716074978,0.145034874595284,0.04852511097416,0,0,0.0173487585012124,0.0955077285908121,0,0.243124436215893,0.00972859387508843,0,0,0,0.00258708864676963,0.0276211461426909,0,0.0100585331054903,0.223935271246721,0,0.888421682828864,0.591514421437614
118156B,0.0231977177666844,0,0,0.0311789396507357,0.0867097009319598,0.0833132077834223,0.0580099764174794,0,0,0,0.133925790383599,0,0.257932790213894,0.00190601316000492,0,0,0,0.00185872691946096,0.029308564345057,0,0,0.292658572427703,0,0.916154226624627,0.535925797335987
118164A,0.00406723006272268,0,0.000136470137183656,0.0153872928830618,0.0698864757903,0.0840274138931461,0.055316691764611,0,0,0,0.104582243531202,0,0.325291732696988,0.000986876946706808,0,0,0,0.000938939987884071,0.023240030921955,0,0,0.316138601384239,0,0.910498678960869,0.51660239596266
118175A,0.00146367244048696,0,0,0.0908555245353389,0.0642907013793825,0.0979919023408945,0.0596075975274591,0,0,0,0.163319152403819,0,0.214408513186118,0,0,0,0,0.00337405985156326,0.0255096393756347,0,0,0.279179236959303,0,0.911111066980972,0.544040817249047
118176B,0.022657152533654,0,0.000448868103400961,0.0432182682085468,0.0616665155388516,0.102745498129344,0.045670688230869,0,0,0,0.0661087025418483,0,0.214241995239747,0,0,0,0,0.000257200718460273,0.030905809041903,0,0,0.412079301713375,0,0.925866297695326,0.473712081313094
118178B,0.00148200714154429,0,0.00284924688514052,0.0184379092446988,0.057345447694171,0.167754420920235,0.0368621310397354,0,0,0,0.0351369931771782,0,0.171984308762605,0,0,0,0.00101028315389971,0.00621872689424388,0.0197170911544577,0,0.0115040678963277,0.469697366035763,0,0.919729200024474,0.458290648010519
118179B,0.00710655491729429,0,0.00823321435947094,0.0905782223599425,0.0151885622603247,0.121064387129796,0.0472602731432604,0,0,0.0631586512362228,0.00994115642005334,0,0.170296998623678,0.00382167256846549,0,0,0,0.00752437462207037,0.0184001459932907,0,0,0.43742578636613,0,0.929995085940526,0.458929611103525
118194A,0.0215654170344084,0,0.000241884957072773,0.0972039620385202,0.00288276200691797,0.08155986300648,0.0895137542688532,0,0,0.0189723053394741,0.048504054603656,0,0.209297489258252,0,0,0,0,0.00438222801865446,0.0299888957392414,0,0.0146370651463093,0.381250318582161,0,0.900963406514853,0.521858865224752
118195A,0.0162330768086518,0,0.000801435404274779,0.00548230153037341,0.0574699800549295,0.199015455003775,0.0372793143858983,0,0,0.0365527996345515,0.0557627118398416,0,0.222799099976982,0,0.000209460602999382,0,0.000447994229528259,0.00333138895075543,0.0129426776901262,0,0,0.351672303887313,0,0.917921865773267,0.508361547442821
118205A,0.028182644226172,0,0.001783902193344,0.016024817783011,0.0444396103285108,0.154367894870288,0.0866435800460526,0,0,0.0612699707564303,0.105898874944178,0,0.240050411921356,0,0,0,0.00120035522006771,0.00421683265769858,0.0211308154042398,0,0,0.234790289648651,0,0.874982339977085,0.599256603611691
118206B,0.0272458469835114,0,0,0.0392985615976016,0,0.280756121683485,0.0466089809394822,0,0,0.0182524501154759,0.128785860072893,0,0.236647512736596,0,0,0,0,0.00338235758093338,0,0,0.0251735116480286,0.193848796641993,0,0.879361099265533,0.600550629158696
118207B,0.0407346317205813,0,0.00319079688637002,0.0505517050290639,0.0197848141340725,0.154279389413737,0.0612808038379969,0,0,0.0268530005828585,0.063018973052917,0,0.296875951385104,0,0,0,0,0.00193432833941016,0.0216238173528684,0,0.00116652968347073,0.25870525858155,0,0.89902633212279,0.563533250649613
118214B,0.0100422589344492,0,0.00208574560528291,0.0062007200049814,0.0508956489877074,0.146574565337951,0.0299513851237624,0,0,0.0555024150550459,0.0561197988101009,0,0.210599755075008,0,0,0,0.00288167909426514,0.0010374830318416,0.0374646943929282,0,0,0.390643850546676,0,0.932932190011614,0.473207716695167
118271A,0.0154127370984146,0,0,0.0733010979092764,0.123763466470435,0.0766262235419242,0.0167927924227127,0,0,0,0.115175852972859,0,0.228429407176266,0,0,0,0,0.00256663407377001,0.0107992831798324,0,0,0.33713250515451,0,0.904586284286671,0.526151359422457
11R0539,0.0102322718393524,0,0,0.024048974901631,0.0484784763225134,0.0728616221095615,0.0377164334877325,0,0,0.0156069304642937,0.0640279746246435,0,0.326992614634725,0,0,0,0.00127014638623515,0.00337620123916055,0.0263286238926981,0,0,0.369059730097453,0,0.914379436798302,0.485460015042978
11R0540,0.013022035598124,0,0.00199416231794954,0.00576764024555715,0.0490492706965841,0.110965547376526,0.05517866748598,0,0,0.0267856031266898,0.165463427591115,0,0.326733145957639,6.21894063657743e-05,0,0,0.00191886894336258,0.0011310383828005,0.0232885139938256,0,0,0.218639888877481,0,0.90839908966083,0.555334359779433
11R0541,0.00177878894741292,0,0.00929074463194101,0.0483859826728287,0.08193458275442,0.0815923147526383,0.0443395133338519,0,0,0.018514624589783,0.0378703493291263,0,0.30462683732028,0,0,0,0.00403318086510368,0.0081269405595907,0.0299496040874628,0,0,0.329556536155561,0,0.914772366205816,0.511738560096857
11R0544,0.0150459041007579,0,0.00696290720616161,0.0274589402621215,0.0759350099880686,0.101718379765896,0.0361017804484702,0,0,0,0.0723141919927559,0,0.303130276818529,0.00298207096323371,0,0,0.000638122632475402,0.00618452471568725,0.0207579470967446,0,0,0.330769944009099,0,0.917554463888571,0.507928141133802
11R0545,0.0280740496733201,0,0.000683407251337584,0.0113530798198246,0.03414328273194,0.149863325172731,0.0656696277894765,0,0,0.0458900707343415,0.108997545234824,0,0.227645769324744,0.000985030157752045,0,0,0,0.00193903490151834,0.0200483410933403,0,0,0.30470743611485,0,0.895976270283272,0.553917060625623
11R0546,0.0479801157213102,0,0,0.00297072262897921,0.168935435867375,0.163588862619825,0.0388184710554039,0,0,0.0231727408828327,0.0296633048183948,0,0.232597986545507,0.00517511170143568,0,0,0.00285540023311202,0.00877884212907592,0.0260977249767933,0,0,0.249365280819955,0,0.900038700963901,0.573927799006714
11R0547,0.018030498779472,0,0.00181505853483456,0.0542240883144527,0.0666787854614081,0.0778349136985168,0.0367533599143579,0,0,0.0317654092947855,0.0509003554084988,0,0.221534221582667,0,0,0,0,0.00421392682294997,0.0195685529538002,0,0,0.416680829234257,0,0.922705729373165,0.471567288687071
11R0548,0.016795847953372,0,0.00471495079228923,0.0167312234963756,0.137890284091484,0.0576084676500766,0.0357105722071867,0,0,0.00015676465174941,0.0652818308918772,0,0.261777141390778,0,0,0,0.00109340663092843,0.00637138100300153,0.026805176071833,0,0,0.369062953169049,0,0.923702333460412,0.489245480743364
11R0549,0.0160232622197003,0,0,0.062094616031345,0.049142220647959,0.140444000561372,0.0367085047698277,0,0,0.0716799788491696,0.0713727846327303,0,0.244664293112364,0,0,0,0,0.00193671487390657,0.0184011212456033,0,0.00103258784546178,0.28649991521056,0,0.904437972551228,0.54468764451351
11R0553,0.0108978941300381,0,0.00106237133318392,0.00952114921766691,0.0331276885094883,0.135758758002802,0.0411300191129365,0,0,0.00437018740281854,0.0780470013788024,0,0.253602706825321,0,0,0,0,0.00202651248825075,0.0156887587078454,0,0,0.414766952890847,0,0.91526162561666,0.477487641740357
11R0557,0.0244393335994871,0,0.000219243431104899,0.0197008756779743,0.0704657619207132,0.141129820792118,0.0641368758013576,0,0,0.0337455677386247,0.122316822120438,0,0.261240932037285,0,0,0,0,0.00383923619767673,0.00578566344818548,0,0,0.252979867235034,0,0.920185350126544,0.543828083143567
11R0561,0.0482378048674661,0,0.000992436436209092,0,0.0285120930400638,0.255248950340757,0.0256274183754516,0,0,0.0289648399380388,0.0740017610230961,0,0.158696978670646,0.00538567508592697,0.000491035067142536,0,0,0.00218952053740718,0.00356942238649923,0,0.0151773409232095,0.352904723308086,0,0.881689025416502,0.556433802690178
11R0564,0.0070304545488573,0,0.00111735424892242,0,0,0.22250007310492,0.0388749435411297,0,0,0.0402402680937199,0.0591923200740752,0,0.211386046457797,0,0,0,0.000231351061191736,0.00140926929467425,0.0339698498357138,0,0,0.384048069738999,0,0.893989216148101,0.525170564366336
11R0565,0.00319000305423336,0,0.00190160983484586,0.0164343145253237,0.0344091231176787,0.0721696703137864,0.0437785287877349,0,0,0.0348009155331389,0.0652225800851124,0,0.296686902281025,0,0,0,0,0.00418611995514449,0.0205792273323678,0,0,0.406641005179608,0,0.90521314291565,0.485485746878047
11R0569,0.0233999796507208,0,0.00236969232071336,0.0250827732890409,0.0801716697083453,0.126608854622884,0.0362146176831415,0,0,0.023901207739833,0.0285621548164267,0,0.252334309727796,0.00019138688722954,0,0,0,0.000966081497437795,0.0208291658519854,0,0,0.379368106204446,0,0.916429691820975,0.49313253893758
11R0571,0.0463907363563744,0,0,0,0.0401297231154927,0.185384328685734,0.0363948448741092,0,0,0.00427378624285902,0.0525937696450375,0,0.227258528883919,0.00713421784677257,0,0,0.00175051617994532,0,0.0219818575808221,0,0,0.376707690588934,0,0.907153492622571,0.512750070037723
11R0575,0.0410966987472231,0,0.00121612186080609,0.0299000024758645,0.0564236492711687,0.13096147266821,0.0444376331587957,0,0,0.0468759359129597,0.0437679674262416,0,0.226347005671085,0,0,0,0.000361525900854672,0.000533241117375848,0.0116241535211327,0,0,0.366454592268282,0,0.919688735516713,0.499902977092315
11R0577,0,0,0.0018945358360737,0.0581345467094979,0.0548159893040173,0.0939333315663025,0.0595224152638149,0,0,0.0474123781799292,0.0544916615537173,0,0.260529167271523,0.00288662357252558,0,0,0.0045238880989816,0.00780835009891692,0.0167739662191563,0,0.00322644624410461,0.334046700081439,0,0.916699338083213,0.51241177069752
11R0580,0.00851833882766375,0,0.000700515991035051,0.0233253252546161,0.0071763718543013,0.105804771677192,0.0543945729973772,0,0,0.0194343613772716,0.10088034118172,0,0.278521514080474,0,0,0,0,0.00158068868652719,0.0301723420725812,0,0,0.36949085599924,0,0.916582967831457,0.492239577931185
11R0589,0.00990155362452914,0,0.00989183944602547,0.0322222361395583,0.00930005588681326,0.0848038214527933,0.0673688743446937,0,0,0.066863704705097,0.0511356857127413,0,0.264142443391553,0,0,0,0.00650536207282034,0.00976607718130962,0.0105319728578471,0,0,0.377566373184218,0,0.911694694170117,0.497403584535734
11R0596,0.0119451276774276,0,0.00254809376326497,0.00295850481248345,0.0606800444564494,0.0874694241490716,0.0446662927753911,0,0,0.0186957804915883,0.0470127369862082,0,0.266928047556093,0.00990903893847039,0,0,0,0.0048629670286191,0.0200687835900908,0,0,0.422255157774842,0,0.861851780193699,0.542029123857742
11R0603,0.00545396111070726,0,0.00333301542210172,0.00247637732973089,0,0.181442764359051,0.0528213172444509,0,0,0.00530789919815934,0.0815794273955414,0,0.26904202005179,0.000924618419984482,0,0,0,0.00102297560109309,0.0151898052859403,0,0,0.38140581858145,0,0.913621388038854,0.493155634946207
11R0610,0.0258608966241174,0,0.00344564474948503,0,0,0.259928138890155,0.0408436818090653,0,0,0.0491685590044597,0.0838698744120169,0,0.240497199114955,0,0,0,0,0.00165632599992284,0.00427630277475432,0,0,0.290453376621069,0,0.912441175719363,0.537746220458534
11R0612,0.00368387967020283,0,0.00114239358388169,0.0539112783984308,0.0215580469272868,0.0735549979048095,0.0566912941541209,0,0,0.00970635292821292,0.0580587391282609,0,0.250508211035757,0,0,0,0,0.00293745450045285,0.0178971118513873,0,0,0.450350239917196,0,0.915974958203202,0.460569229424023
11R0613,0.00768497741492305,0,0.00125257727564229,0.0305353434251707,0.0564870003094593,0.117925836531589,0.0674574791516405,0,0,0.0464100023721276,0.128466053588392,0,0.275488382493144,0,0,0,0,0.00197552483936144,0.0187876178648917,0,0.00258284847661144,0.244946356257048,0,0.892567640121961,0.569636404516344
11R0616,0.00866485715034727,0,0.0016578009775814,0,0.0468570113684255,0.187744405473161,0.0679299905739002,0,0,0.0773965797994541,0.12062563944953,0,0.251962818557837,0,0,0,0,0.00302280668655399,0.0160150696390407,0,0,0.218123020324169,0,0.891640414901706,0.580482972131918
11R0631,0.017742731106538,0,0.00227180429850634,0,0.0386443738448137,0.11941856816089,0.029393834285088,0,0,0.0214443997460345,0.0403437702642796,0,0.243201307490068,0,0,0,0.00162702439543796,0.00338284585548637,0.0383290013856691,0,0,0.444200339167188,0,0.92039291317715,0.458905515696658
11R0634,0.00799323584255246,0,0.00112103886924623,0,0,0.163730062531264,0.0344814234167077,0,0,0.00231134970062647,0.077058705243645,0,0.197471506424591,0,0,0,0.00104718695235664,0.00053771679895843,0.0163032019297468,0,0,0.497944572290305,0,0.922565228513363,0.43766083030866
11R0635,0.0189938605624129,0,0.0017170990789619,0.0030775307339095,0.0258224932490322,0.13248991181703,0.0284384186499238,0,0,0.0039471699426454,0.0836336869507736,0,0.1580350980784,5.68510004651087e-05,0,0,0,0.00181380763699165,0.00390755889554264,0,0,0.538066513403911,0,0.909826546390245,0.448075448582334
11R0645,0,0.000372122831673629,0.00157800378837477,0.0134160254957707,0,0.113755929580969,0.0539849298524249,0,0,0.0316380511181993,0.069333279325017,0,0.159810957185225,0,0,0,0.00128856509090787,0.000268654592960083,0.0323621428541363,0,0,0.522191338284341,0,0.935169791237787,0.411196605756019
11R0647,0.0217692765940983,0,0.0111533228666186,0.0659436148413187,0.0377414002277769,0.0442090467003978,0.0393483878852536,0,0,0.0219475456083483,0.0342508362298036,0,0.274927039872535,0,0,0,0.00243689432939329,0.00925037607626016,0.0229469786393858,0,0,0.41407528012881,0,0.8970893383488,0.499950898142559
11R0652,0.00662350553182881,0,0.00204794733839397,0.0150517514766292,0.0517798921464438,0.0760465037842638,0.0493742263130137,0,0,0.00218137318171631,0.108528136921835,0,0.276623719638721,0.00691645111512786,0,0,0,0.000222020563529245,0.0176873240995783,0,0.00184389018252456,0.385073257706395,0,0.925676717959632,0.472365242240882
11R0663,0,0,0.00159784893163973,0.0125625172791044,0.0465038248968262,0.071242969969601,0.0430786201231179,0,0,0.0254281438284852,0.0522930440807379,0,0.214833545893911,0.00326013773610368,0,0,0,0.000569143934105514,0.037919973511077,0,0,0.490710229815291,0,0.919278957442305,0.443284682079324
11R0669,0,0,0.0012261361182517,0.0274448048940937,0.0941100407960029,0.101937976264219,0.0293693962803208,0,0,0,0.0522020126059799,0,0.311496361064596,0,0,0,0,0.00205585166205156,0.0348295947404867,0,0,0.345327825573997,0,0.908925835165635,0.507508701775338
11R0807,0.0121654282482275,0,0.00224499700707047,0.00223539453018489,0.0338244043350396,0.0915880774937808,0.0372709008285856,0,0,0.0228651807743379,0.0867956115840495,0,0.261202268390796,0,0,0,0,0.00220747003844415,0.0294050403766209,0,0,0.418195226392862,0,0.924408698875624,0.46098077622904
11R0808,0,0.0041060369874394,0.00151524444436313,0,0.0360941213750617,0.127980383373382,0.0296400643485595,0,0,0.0187556389657267,0.0572806010520039,0,0.120807973165557,0.00108105454779678,0,0,0,0.000687261538738308,0.0333421603417232,0,0,0.568709459859648,0,0.922716007968125,0.419543472635769
11R0809,0.0086191780015589,0,0.00475150479359812,0.0197277454380969,0.0676010045983793,0.0806960478943205,0.0439133223023711,0,0,0.0227217744240916,0.0488370521013499,0,0.18801183827462,0,0,0,0.00290059731584314,0.00717887147215965,0.0259017676278357,0,0,0.479139295755775,0,0.920119220465736,0.452589631518342
11R0821,0.0238767583493871,0,0.00166645287985186,0.0268965596172343,0.0623995699126351,0.0819318198376213,0.0547714928253875,0,0,0.0465452613621274,0.069407813218135,0,0.26141722739018,0,0,0,0,0.0026944720188219,0.019843253596647,0,0,0.348549318991971,0,0.902592123450448,0.522815612963596
11R0832,0.00287653084593932,0,0.00142089421372358,0.0746691872104465,0.0405412848081958,0.105986377147539,0.0587022995817491,0,0,0.0288693843441824,0.0698369115691894,0,0.321371716230095,0,0,0,0,0.00240509836539814,0.0298787327044659,0,0,0.263441582979076,0,0.892610331188034,0.559748114112553
11R0835,0.00638046676100598,0,0.000430891596076388,0,0.0823422933435899,0.0944366898448239,0.0394140122384489,0,0,0.01449358927431,0.0361258588890158,0,0.252012730459982,0,0,0,0,0.00348386620846519,0.0298884360253424,0,0,0.440991165358939,0,0.923549371774327,0.45313102024018
11R0837,0,0,0.0012545469575983,0.0111470526444288,0.00955077141311177,0.104326751968907,0.0407281428968122,0,0,0,0.0935460453786406,0,0.30935506919991,0.00722454877900832,0,0,0,0.00263575240813901,0.0297131532832736,0,0,0.390518165070171,0,0.916435704776103,0.475839706942512
11R0839,0.00695620238241622,0,0.000186757453133417,0.0149021062227496,0.0581049923146273,0.0559756561680281,0.0184180583157878,0,0.00124569535348389,0.00375753832041947,0.0516761640241068,0,0.204589685583616,0.00511020338402026,0,0,0,0.00057427169067905,0.0180821050150587,0,0,0.560420563771874,0,0.94139713996999,0.373777228317281
11R0845,0.00700693184584109,0,0,0,0.0234555131257808,0.0762874622447588,0.038748497545776,0,0,0.0254047116137826,0.0620578347522004,0,0.166766212254658,0.00528909240320998,0,0,0.000687445081497554,0,0.0243447070662512,0,0,0.569951592066244,0,0.909323827202868,0.437547516417274
11R0846,0.00923672576890922,0,0.00380766935589962,0.019357159837029,0.0345274709096958,0.0718488747171187,0.0565382772640143,0,0,0.0521773873550962,0.0742988580705748,0,0.247630175298234,0,0,0,0.00104101350376379,0.00310009523011606,0.0226168483806144,0,0,0.403819444308934,0,0.936696340404783,0.452721809936383
11R0847,0.0121778783500614,0,0.0021396085640458,0.000380284463550493,0.015291263945062,0.135768640072591,0.0371973560216283,0,0,0.0192002146538872,0.0822579548756721,0,0.284835790056372,0,0,0,0.00198864961202062,0.00197465670823688,0.0329181709040869,0,0.00848055067207734,0.365388981100709,0,0.926983199993503,0.480540834532686
11R0848,0.00493241343988272,0,0.00138767334498736,0,0.0272974320231942,0.110447763180908,0.0486357047153547,0,0,0.00914004705302489,0.13925015909033,0,0.263396184181045,0.00235521101331777,0,0,0,0.00128660441123253,0.0149662349275759,0,0,0.376904572619147,0,0.925968002870621,0.476354158299885
11R0849,0.00382392404097795,0,0.00362220366166099,0,0.0379112513781639,0.131635699238995,0.0317715338245274,0,0,0.0431019300262819,0.0627048095336326,0,0.205307002646195,0.00138757063046044,0,0,0,0.00336939806330158,0.00768780354267267,0,0,0.467676873413131,0,0.908736031719047,0.469021897696101
11R0850,0.0256997405817947,0,0,0.0261672608745215,0.0394749305806544,0.136120401540135,0.0425950603854112,0,0,0.0117077120222618,0.0588534668774716,0,0.169279227333745,0.00674575118314374,0,0,0.00125822603573378,0.000415495790612699,0.0132281300947869,0,0,0.468454596699727,0,0.912288597198779,0.471143083214945
11R0851,0.02275151044191,0,0.000571683672928994,0.00420198993982812,0.0533863440646211,0.0889236382356513,0.0248859614689223,0,0,0,0.0535464122659324,0,0.29817381845019,0.0021165507581019,0,0,0,0.00237277766475793,0.0366812925981837,0,0.0193909632690406,0.392997057169931,0,0.914919465674738,0.47932698626095
11R0852,0.000673813524564858,0,0.00345784836545575,0.0551623164598563,0.0371814465042827,0.111184725113872,0.0485294702677665,0,0,0.044632452701682,0.0479560409317022,0,0.284653165593481,0,0,0,0,0.00209915274419916,0.0181011244868517,0,0,0.346368443306286,0,0.912796406726934,0.505581762906662
11R0853,0.00204557053915922,0,0.00218877897601239,0,0.0185174680590019,0.07356013177299,0.0488630148323641,0,0,0,0.0773551042302402,0,0.317625519568407,0,0,0,0,0.00294329985394605,0.0321818521207652,0,0.0089308576904499,0.415788402356664,0,0.905388599481669,0.478279647426983
11R0856,0,0,0.0018322429045736,0,0.122372339646935,0.0658399205037617,0.0249866425467797,0,0.000885405279427853,0.00137315052097059,0.0703036674025337,0,0.305454363653975,0,0,0,0,0.00101026444258441,0.0274247328088148,0,0,0.378517270289644,0,0.944210219338623,0.443324530164391
11R0857,0.00876589251988285,0,0.00116821170908518,0.0484996334738063,0.0456702202340296,0.0875428643526785,0.026074146088358,0,0,0.0381613838974613,0.0447952530070103,0,0.245734091601807,0.00171095450029418,0,0,0,0.00132403255674044,0.0157062553049436,0,0,0.434847060753903,0,0.917226471068302,0.464324210871127
11R0858,0.0109235614154242,0,0.0013506608695937,0.00473242537287943,0.056755442922531,0.0657409041776574,0.0629964271950222,0,0,0.0250866577990921,0.0642592395842058,0,0.325594591755468,0,0,0,0,0.00323194552982138,0.0234817534447211,0,0,0.355846389933584,0,0.904551698986344,0.505462446728645
11R0860,0.0360652621461631,0,0.000184634294236599,0.0400675778669661,0.0533874567391119,0.0919722881427443,0.0433487443704835,0,0,0.00608968609767455,0.0670579700412071,0,0.286355459359267,0,0,0,0,0.00394197507069958,0.0179397590234773,0,0,0.353589186847969,0,0.910072516083241,0.50877450769961
11R0861,0.00646771644677153,0,0.00317453526435987,0.0126756151995252,0.0608400098185276,0.0693412288965471,0.0327626587528765,0,0,0.0223033534090036,0.0392641893891445,0,0.284976844368308,0,0,0,0.000470715815703569,0.00277323018951734,0.0243001903104336,0,0,0.440649712139282,0,0.893830349112277,0.490253520043247
11R0866,0.00661680507137993,0,0.00350464825681317,0.0604855707855507,0.0273232033571519,0.0921963067988191,0.0369340985375481,0,0,0.0173858326301533,0.0566686188979805,0,0.351114083641022,0,0,0,0,0.00327384315203809,0.0201503707218928,0,0,0.32434661814965,0,0.922005874824871,0.491847933788668
11R0878,0.00672197148832655,0,0.00661927995886257,0.00217449094898406,0.075012577439955,0.0868723443338325,0.0288069963973011,0,0,0.00246697354588836,0.0322542013023395,0,0.301287997381272,0.00664305927200967,0,0,0,0.00654713430384636,0.0399747459494515,0,0,0.404618227677931,0,0.914701228979632,0.474543382840437
11R0879,0.0126356805017136,0,0.00444108426070049,0.0112150727072993,0.0479241324059359,0.0682770614386437,0.0524582070401408,0,0,0.0108373308415109,0.0683248552534288,0,0.353241498758486,0.0250853929257192,0,0,0,0,0.0284723514455469,0,0.00519299276198135,0.311894339658893,0,0.924559829490343,0.496204914084918
11R0882,0.00655999404815864,0,0.00172143859055174,0.0280877095789223,0.071268306196396,0.0717642291096624,0.0248279307636073,0,0,0,0.0920092765275655,0,0.25813246307295,0.0256811293627775,0,0,0,0,0.0110650363096779,0,0,0.408882486439731,0,0.920698395114297,0.469390409530197
11R0888,0.023640024774636,0,0.00420000034634513,0.047066289214474,0.0672944662410464,0.0431113144769781,0.0248445165222807,0,0,0,0.0656355368161084,0,0.239950062512355,0,0,0,0,0.00707639187475892,0.0294830550188586,0,0,0.447698342202159,0,0.916656665968085,0.463670489682312
12R0031,0.0209859778727201,0,0.0036034530196168,0.0299104573831507,0.130357613985608,0.110460986030427,0.04507077990469,0,0,0,0.0761081876185478,0,0.209916500419239,0.00959386078972648,0,0,0,0.00655344750110732,0.0233863742598594,0,0,0.334052361215308,0,0.914218290113567,0.52779287193741
12R0032,0.0141526407843263,0,0.0011849385181094,0.000296807941244311,0.0606766060079716,0.0800833944764683,0.0481734504882036,0,0,0.0127048374759542,0.0629145331093164,0,0.286541869383501,0.00636388749562474,0,0,0,0.000644824075975411,0.0287882987173388,0,0,0.397473911525966,0,0.888548743380383,0.515119090385347
12R0033,0,0,0.000925644996182574,0,0.0267926298496552,0.0510773448523708,0.0320380987820936,0,0,0.00216839936250609,0.0589741847483862,0,0.297014919022341,0,0,0,0,0.0023270874374948,0.025110660123238,0,0.000887707921644508,0.502683322904087,0,0.926012872119943,0.411939903247214
12R0036,0.0197773707950815,0,0.000506684706471584,0.0152337571353633,0.0919186476509405,0.174819393848473,0.0365086136711235,0,0,0,0.0424631597152606,0,0.235388591469543,0.00347203198615218,0,0,0,0.000197676459919206,0.0270116031879905,0,0,0.352702469373682,0,0.906248625518708,0.521693672105208
12R0038,0.00241994784001589,0,0.000666263602872165,0.033347518099659,0.0652985991264362,0.0770056578311836,0.0300369576026039,0,0,0,0.0435822478847393,0,0.22643684533028,0.000832386276795102,0,0,0,0.000833808440054056,0.0370061448790951,0,0,0.482533623086266,0,0.935603146269699,0.418286624981306
12R0042,0.0156604968762199,0,0.000881402009438929,0.0323903388703012,0.0138900550675643,0.146109558252444,0.0221818160585194,0,0,0,0.194815011428331,0,0.304110116783206,0.000814108555464085,0,0,0,0.00297966329728901,0.0247332940029867,0,0,0.241434138798235,0,0.918362679011682,0.5356240835858
12R0047,0.0227818825183725,0,0.000689418871296823,0.00951812929700937,0.0602391405798729,0.0945071609549578,0.0223049993218462,0,0,0,0.0597382728625916,0,0.249622894151055,0,0,0,0.000136820733648416,0.00342288708427508,0.0298749592630256,0,0,0.447163434362049,0,0.914139182031148,0.465364997059223
12R0048,0.0198772105890328,0,0,0.0432371353185117,0.113903692813449,0.135608944346003,0.0441529584638507,0,0,0,0.0484639892212816,0,0.2142798883365,0,0,0,0.00221555061829132,0.000519959252796325,0.0223103854942851,0,0,0.355430285545998,0,0.89602866432075,0.535006830513529
12R0050,0.0220165693185192,0,0,0.0437574375129449,0.0559740512053529,0.120818523437906,0.0363215341891941,0,0,0,0.105184298289272,0,0.33894440466147,0.00673795347494315,0,0,0,0.00259738307420664,0.0263970552164714,0,0.013926453800937,0.227324335818782,0,0.91446383625819,0.551634990012393
12R0052,0.0168396355380301,0,0,0.0191597708079288,0.116298508068303,0.12479976138914,0.074362525917087,0,0,0.0403617836038419,0.118571098617606,0,0.245528300493995,0,0,0,0,0.00166198366010766,0.0189790253093498,0,0,0.223437606594612,0,0.889121749908218,0.587609812853566
12R0059,0.0229989166140412,0,0.000363537248753512,0.0141190296776939,0.0458169668415269,0.0726229140510016,0.0281990432626742,0,0,0,0.0594583303293482,0,0.324628573422581,0,0,0,0,0.00517580318138084,0.0283688426969896,0,0,0.398248042674009,0,0.922021012065322,0.461877764707344
12R0060,0,0,0.0060915001948947,0.016840508986406,0.0587745506217043,0.0554042454287301,0.0432015826708989,0,0,0,0.0835232600291202,0,0.279068496360369,0.005829737134808,0,0,0,0.00440313429538903,0.0308699267803337,0,0,0.415993057497346,0,0.929309232746891,0.452400273972868
12R0071,0.00383852554546899,0,0.00432847997526452,0.0198623852847148,0.0971784838590349,0.0789107893904543,0.045102997910354,0,0,0,0.112077441347973,0,0.251567220884731,0.00663043875263154,0,0,0.00277736688958566,0.00733358532996669,0.0276741756626087,0,0,0.342718109167213,0,0.923238304687589,0.505098757479744
12R0080,0.00903215948573413,0,0.00103564063513805,0.00994911990579829,0.0388618448779211,0.0787318182277328,0.0371293687389089,0,0,1.8252944779003e-06,0.0584106002247984,0,0.258726119390126,0.00221808271282733,0,0,0,0.00178278662646521,0.0255753581749758,0,0,0.478545275705096,0,0.924041414394582,0.433566967779107
12R0081,0.0291531785759903,0,0.00220562855737922,0.0162563645469386,0.076117604590489,0.118902913047784,0.0353920794896876,0,0,0.0129276867844247,0.0759553917688104,0,0.296539473533047,0,0,0,0.00200737418935275,0.00209713426278354,0.0216928239157619,0,0,0.31075234673755,0,0.916208135860914,0.520173308653554
12R0094,0.0159159467390745,0,0,0.0078427653803454,0.0708407896314968,0.0967502862491519,0.0476165845619067,0,0,0.00200341863201546,0.070610460016659,0,0.262917474879406,0.00704322932531645,0,0,0,0.00139787813064635,0.0254230483623634,0,0,0.391638118091618,0,0.926925689888459,0.472612550956436
12R0096,0.00592019357404279,0,0.00120041062791055,0.0320631927506436,0.0619861808815296,0.0377985607343554,0.060722987785374,0,0,0,0.095207602001497,0,0.272195092500084,0.00162878925838651,0,0,0,0.000760159916076242,0.0344611746719981,0,0,0.396055655298102,0,0.879156686805184,0.529869484605759
12R0102,0,0,0.000454450170386404,0.0266098246033364,0.0591424788257255,0.108555530548328,0.0484420083394681,0,0,0,0.0601451102645665,0,0.227428997320389,0.00485953268731433,0,0,0,0.00353844732862251,0.0339505768797902,0,0,0.426873043032074,0,0.915569703898433,0.477219846899248
12R0104,0.0158813832942835,0,0.00771285209929636,0.0329178455571148,0.0693047417049965,0.0485218068579856,0.0522695034553337,0,0,0.0158461860168022,0.121091637154609,0,0.25107863172728,0.00373093608163025,0,0,0,0.00610555489044741,0.0268636705109238,0,0,0.348675250649297,0,0.914695567966919,0.511173925710923
12R0106,0.00331356024612288,0,0.00178205543723509,0.0464492955962728,0.000921591271651118,0.12761937651527,0.0488417713919231,0,0,0,0.176057089995246,0,0.203043969422324,0.00641195779066894,0,0,0,0.000204167362162923,0.0269684572975064,0,0,0.358386707673617,0,0.910058423180478,0.51257775862845
12R0109,0.0312282253263268,0,0.0022555284391071,0.0110022845927748,0.0200049167387844,0.0974317874130389,0.0337988809159854,0,0,0.0222650094979517,0.0960454546014336,0,0.302414749282807,0.0197885410051307,0,0,0,0.00158101990970647,0.00389818884627275,0,0,0.35828541343068,0,0.916480196528304,0.49090092385185
12R0110,0,0,0,0,0.0649392159355275,0.0956338818771362,0.0219700894083839,0,0,0,0.0606817242192842,0,0.259635580746095,0.00986508899710348,0,0,0,0.000786094525838397,0.0225025501787962,0,0,0.463985774111835,0,0.912216119683099,0.457253123434396
12R0113,0,0,0.0104931381147682,0,0.0406608134197891,0.0845886292812897,0.0343863955648533,0,0,0.00886538680323703,0.0685939030441614,0,0.280040164203004,0.00633072407215759,0,0,0,0.00600785783539247,0.0219805006882694,0,0.00795731732709889,0.430095169645978,0,0.911382606537056,0.470657014594818
12R0114,0.0134955407702449,0,0.00648704544096668,0.0550612597439422,0.0314646259660976,0.123970493428525,0.0391918489732837,0,0,0,0.0900461528909062,0,0.308424398371079,0.00626382706211397,0,0,0.00115145692440991,0.00698130042819524,0.0159727081432392,0,0,0.301489341856997,0,0.898258618134906,0.541406125876266
12R0115,0.00162071217532748,0,0.00375946666918959,0.0566524405075907,0.0363185778375889,0.109284601887725,0.0308910403928671,0,0,0,0.0839786077516614,0,0.291708781889592,0.00863104374574795,0,0,0,0,0.0257793548770401,0,0,0.35137537226567,0,0.910162529916892,0.506449537982377
12R0117,0.0112278554265444,0,0.00168494274806751,0,0.100886062752691,0.11169422510159,0.0206862731168529,0,0,0,0.0546457051352363,0,0.263610204655928,0.00763628250943451,0,0,0,0.00200615571792752,0.0250060827578508,0,0,0.400916210077877,0,0.913639003345187,0.483798803130101
12R0128,0.00725907068243867,0,0.0011304533462433,0.0608312830843339,0.0568703120849659,0.0884508257475755,0.0848087266592019,0,0,0,0.143366695954887,0,0.212347624457512,0.00617851672014772,0,0,0,0.00152460665676533,0.0256070654594873,0,0,0.311624819146441,0,0.905777373765357,0.543106174107121
12R0130,0,0,0.00819047986579086,0.082566927262425,0.0239060710721284,0.0631879005147024,0.0602959321978574,0,0,0.0464607943749628,0.114658729783438,0,0.261842760491738,0.00719656761426962,0,0,0,0.0061484500352548,0.00684557692090009,0,0.0018899900201755,0.316809819846357,0,0.877359584928367,0.55775359774758
12R0137,0.0126225652002027,0,0.00328079485790503,0.0570457013261748,0.0140838709510215,0.038562634810901,0.0792777646058773,0,0,0.0134620637248445,0.088824449729464,0,0.224957388265675,0.00637636066668622,0,0,0,0.00194551713622518,0.0148477565970427,0,0,0.44471313212798,0,0.927360769964533,0.450670564112047
12R0139,0.019794300202154,0,0.000543330977973618,0,0.0623032557631553,0.094824953469514,0.0443594291280728,0,0,0.0143746911599432,0.07145261120785,0,0.316970724590388,0,0,0,0,0.00176312894594563,0.0214654478057455,0,0,0.352148126749258,0,0.923015779401054,0.485733811314069
12R0147,0.0180372163705106,0,0,0.0135879986999644,0.100425275139391,0.0996094377886276,0.0535153666713367,0,0,0.00819872882322153,0.0838119174846468,0,0.21861781704699,0.0062676984212587,0,0,9.56913150245738e-05,0.0011162248183873,0.0467209223501728,0,0,0.349995705070468,0,0.877731350616093,0.560133560118109
12R0149,0,0,0.0036633373607232,0.0168395506710601,0.0294263244526661,0.0804723432134134,0.0479793202063335,0,0,0.0384880585034621,0.0772732775807097,0,0.383033675893102,0,0,0,0,0.00426158999711802,0.0236123284767492,0,0,0.294950193644662,0,0.917253343959652,0.502995463282068
12R0150,0.00919021212184489,0,0.00310034013715908,0.0197211678925145,0.0389957231235027,0.0855432505017214,0.0228990199984748,0,0,0.0083799534395391,0.0558319626287902,0,0.297164559231873,0.00437432704615275,0,0,0,0.00348948553608721,0.0332222594183567,0,0,0.418087738923984,0,0.921792958481474,0.45784198536222
12R0155,0.0101731559183856,0,0.00891052430180352,0.0298758605724653,0.10020875316625,0.110486210682457,0.0651868320769754,0,0,0.00289329181573855,0.0700137671672949,0,0.228745935156414,0.0129894712116143,0,0,0.00452513550878069,0.00522439241372705,0.0267557604312025,0,0,0.324010909576892,0,0.895706767271848,0.552045265980643
12R0156,0.0232821889723419,0,0,0.00328026584207162,0.0286856641866032,0.0885023153315964,0.0457550056922223,0,0,0.0316234726856371,0.153796778110169,0,0.193823378628184,0.0017304792006288,0,0,0,0.000731964189289564,0.0244408790176102,0,0,0.404347608143646,0,0.924071605186537,0.476121069541122
12R0157,0.00785919866185226,0,0.000801225636436798,0.0255463310567073,0.064886905517167,0.10282319951811,0.0480148836313188,0,0,0,0.0951311081441452,0,0.25338668793494,0.0110957782011014,0,0,0,0.00298741004721948,0.0340728908143489,0,0.0125000443996709,0.340894336436982,0,0.915138363591508,0.515380691468238
12R0158,0.00946114769787701,0,0.00150792356765,0.0565423035066175,0.0676778452007574,0.0706229462179102,0.0587309171639982,0,0,0,0.156793641755773,0,0.249493440406392,0.00241604181661864,0,0,0,0,0.0215314121010577,0,0,0.305222380565348,0,0.914944542946459,0.526953150020247
12R0163,0,0,0.00238008073195375,0,0.0286738444766298,0.0682391715895042,0.024401505447746,0,0,0,0.0726710797286275,0,0.215599548061073,0.0342024369048767,0,0,0,0.00146565688505261,0.0178191281131062,0,0,0.534547548061431,0,0.937593103351749,0.389240577037199
12R0164,0.00868547197335989,0,0.00300633577733943,0.0164973520061738,0.0367220435270537,0.0746680881415539,0.024267562151367,0,0,0,0.0514483872116433,0,0.252293966755583,0.00976419282714729,0,0,0,0,0.0231202383318195,0,0,0.499526361296959,0,0.926403489076397,0.420684132226183
12R0165,0.00329632486089125,0,0.000226792329321604,0.0210903971720417,0.0394714549583763,0.0781639445175363,0.037728285492024,0,0,0,0.0686497726432504,0,0.294920092047317,0.0209908287275497,0,0,0,0.000111366072970341,0.0242274486674818,0,0,0.41112329251124,0,0.915986370430917,0.469109790772087
12R0169,0.00230866129572661,0,0.0020547692927719,0.0422302162386274,0.026164151831662,0.0747083162677552,0.0447318420811315,0,0,0,0.106010655373477,0,0.277772583404478,0.0153019617541338,0,0,0,0.000427669550027769,0.0108377817027442,0,0,0.397451391207464,0,0.910319575133109,0.485495060692488
12R0170,0.0174094017858661,0,0.00522967831101514,0,0.0540833046089197,0.12109982133115,0.0531758929950968,0,0,0,0.0923886880065894,0,0.277685066682711,0,0,0,0,0.00653917250527628,0.0235293840743968,0,0,0.348859589698979,0,0.905061043052518,0.520105520532643
12R0172,0.00563338639075531,0,0.00719122315994941,0.0193800391849697,0.0785923578422952,0.0543504683684759,0.0495041487579545,0,0,0,0.0632404602942302,0,0.306464787029517,0.00341041123347798,0,0,0,0.00657480112470254,0.029060429544998,0,0,0.376597487068674,0,0.919270477580612,0.482143942244484
12R0174,0.0213610365900446,0,0.00538456047317075,0.027522192012848,0.112057148642749,0.16209740473184,0.0640963031925894,0,0,0.0182577672614096,0.0881448342344646,0,0.366111780811825,0.0105455527857155,0,0,0,0.00495991731940138,0.00258384813912635,0,0.0155899833551783,0.101287670449637,0,0.896293565882886,0.605980489661308
12R0175,0,0,0.00184734112044418,0.0391116179889613,0.0715775642073333,0.0623082901862109,0.0196129282743121,0,0,0,0.107837068198824,0,0.23252523278264,0,0,0,0,0.0038812007190865,0.0181457376646166,0,0,0.443153018857571,0,0.913388313099956,0.468584632202808
12R0182,0,0,3.92550251495094e-05,0.0372022011889926,0.0886371070965829,0.106641339344616,0.037444960106457,0,0,0,0.036787112135784,0,0.271311634960677,0.0090147799164491,0,0,0,0,0.0348154218401558,0,0,0.378106188385136,0,0.927472306171149,0.475717775522706
12R0197,0.0044602095737577,0,0,0.0392132991526596,0.080297985175601,0.121491709417544,0.053165047925482,0,0,0,0.155934480619131,0,0.287703153475519,0,0,0,0,0.00331357342743662,0.016409622038655,0,0,0.238010919194214,0,0.902888455842681,0.560850608203322
12R0198,0.000431661793626371,0,0.0081742624219582,0.00630890401524929,0.0484264904597703,0.0479972542815908,0.0394283571859171,0,0,0.000385862679705034,0.0470864284518391,0,0.260255139443609,0.0237141763907156,0,0,0,0.00581077324351883,0.0202466813524333,0,0,0.491734008280067,0,0.928116081830801,0.41935957691743
12R0199,0.0219853720614986,0,0.00664149362033882,0.0216803388171266,0.0799412918563119,0.0704589236920418,0.0310493725391907,0,0,0,0.0439072466532025,0,0.268222527720737,0.0190873844092552,0,0,0,0.00658956983945136,0.0304080754110576,0,0,0.400028403379788,0,0.912299534253083,0.487209534721922
12R0202,0.00394288282818351,0,0.00140190133627692,0.0562170918246494,0.0505668664968286,0.156356597589385,0.0564457899081217,0,0,0,0.122144555872787,0,0.249127117263782,0,0,0,0,0.00181626921876367,0.00640050108919378,0,0,0.295580426572028,0,0.915506660577134,0.53082445984129
12R0210,0.00342427466816479,0,0.0028826296181354,0.000714678602857366,0.033095510441711,0.120727857162908,0.0381124036561155,0,0,0.00595669412760442,0.0938935142867887,0,0.281475724413426,0.0147175303074524,0,0,0,0.00117640557597974,0.0120418301538468,0,0,0.391780946985009,0,0.896299805708286,0.506565589849679
12R0213,0.00599108847562499,0,0.000895741285663536,0.0432305432617028,0.00339616142225818,0.0394249624079224,0.0306209394479262,0,0,0.00242993130603977,0.0625465369755976,0,0.245688449904538,0.0228908623505338,0,0,0,0.000650129308260288,0.0239494797455419,0,0,0.51828517410839,0,0.919908746079544,0.424857057670883
12R0229,0.0234377441100292,0,0,0.0228623276346498,0.0919573954573236,0.119407143302366,0.0439810729328021,0,0,0,0.0717525571028582,0,0.278537061192035,0,0,0,0,0.00279612163368541,0.0276838732659808,0,0,0.31758470336827,0,0.885771438276745,0.554375698684271
12R0232,0.0113555304086296,0,0.000914028768898192,0.0335292657494204,0.0662669181260934,0.109465461225223,0.0417906914469694,0,0,0,0.0611677704565127,0,0.21330970103776,0.00549808804421848,0,0,0,0.00245481309264507,0.0323198586158273,0,0,0.421927873027802,0,0.921954778040402,0.473618205107346
12R0234,0.00858183179002878,0,0,0.0090054118174528,0.0409424504610792,0.108759967469462,0.0159331235462966,0,0,0,0.0907543157470943,0,0.253656785517691,0.00938959096236125,0,0,0,5.29073357565089e-05,0.0168193222853045,0,0,0.446104293067473,0,0.919750654702269,0.454371202922135
12R0235,0.000151575655274553,0,0.0071073003628688,0.0452701303823326,0.0715339156615585,0.0548420218389862,0.0245027855462523,0,0,0.00715928888319655,0.0704518986843059,0,0.33159590559661,0.0178444114558745,0,0,0,0.00381994335179213,0.0212718912454611,0,0,0.344448931335487,0,0.895667123404797,0.518732876008939
12R0237,0.0261359842638362,0,0,0.0271134544465951,0.0956825330255038,0.153679563702747,0.0254346005753234,0,0,0,0.0587589444543625,0,0.30863902150435,0,0,0,0,0.00211629301893569,0.0166488475472384,0,0,0.285790757461108,0,0.910403053335907,0.533698920680286
12R0239,0.0209036023956702,0,0,0.0455725714638464,0.0945176477911302,0.11699882508211,0.0330205136561269,0,0,0,0.0730013154789232,0,0.307587420774978,0.00467888808971687,0,0,0,0.00251417726679694,0.00851471903668989,0,0,0.292690318964012,0,0.911420866779317,0.528998910262774
12R0240,0.00432707757248847,0,0.00255094118981964,0.0100753231592027,0.0126321008266693,0.0687525885228185,0.0410356338045665,0,0,0,0.118987649391397,0,0.227131928031865,0.0113188328748471,0,0,0,0.00209939173548541,0.0130790630737124,0,0,0.488009469817128,0,0.925307596957465,0.430664428329891
12R0242,0.00931186409665657,0,0.00124657866063248,0.0164095258428004,0.0226328522221626,0.115928862111622,0.06412772173091,0,0,0,0.102993134698857,0,0.283583486864987,0.00368031938779632,0,0,0,0.00211707232865777,0.0310280418440074,0,0,0.34694054021091,0,0.915871410101869,0.505954271893867
12R0244,0.0154813624855319,0,0.00175155844958238,0.019464033183023,0.0325439110519095,0.0898655025142295,0.0354365868431354,0,0,0.00772352422954183,0.0460043034220669,0,0.221781109159222,0.00931546107927538,0,0,0,0.00330687805734213,0.0300091435717867,0,0,0.487316625953354,0,0.920146246632055,0.442846214091408
12R0245,0.0150805224863152,0,0.00126927065784709,0.0490418831364555,0.0085844016537199,0.108870658375027,0.0473911490816407,0,0,0.0142608030889337,0.0338548078244654,0,0.195702568138695,0,0,0,0,0.00287828121897652,0.0212444572875258,0,0,0.501821197050398,0,0.914328759079082,0.450418885294845
12R0247,0.0288641655915597,0,0,0.0912767573632235,0.0335254860291435,0.0784182969207639,0.0417621604886756,0,0,0.00963987441177393,0.0705614913165335,0,0.251801789859623,0,0,0,0,0.00391217189718314,0.0249217901729833,0,0,0.365316015948537,0,0.905331202993093,0.514619537049856
12R0249,0,0,0.000501361452316888,0.0122718107515255,0.0655637893832438,0.119667741117317,0.0288901391996844,0,0,0.0337542832293432,0.0598634685435012,0,0.228493324852301,0.00136307247249967,0,0,0,0.00360005225329856,0.0315852849241864,0,0.00822067317416059,0.406224998646622,0,0.889890377448541,0.517251738655018
12R0253,0.0103819701862371,0,0.00131348752385216,0.0129114060045081,0.0295804774052758,0.105262881365044,0.0344628446984422,0,0,0.013421778165634,0.0332947077937651,0,0.213480567150732,0,0,0,0,0.00232646008138107,0.0292508069326774,0,0,0.51431261269245,0,0.924873030779637,0.424389803625336
12R0254,0.00636122054268926,0,0,0.0381700842740113,0.0456382638827233,0.121906921798623,0.033991063064694,0,0,0,0.0566366180278992,0,0.186775886019209,0.000771046259691585,0,0,0,0.00249586960811933,0.0331875929178825,0,0,0.474065433604457,0,0.921752960412786,0.452281022457436
12R0260,0.0202226748405568,0,0,0.0507385369346763,0.0869110683788578,0.117293130973191,0.0191666913557581,0,0,0,0.0628915984898718,0,0.210361729638591,0,0,0,0,0.000830228710119291,0.0287305139262286,0,0,0.402853826752149,0,0.938367214882088,0.459611816244984
12R0261,0.011688358803475,0,0.00208162491386251,0.107208669933483,0.0168358021869988,0.11979792573961,0.0790980823861344,0,0,0.00685813097196515,0.13768750121577,0,0.213166431534244,0,0,0,0,0.00089342763993205,0.0308319499752204,0,0,0.273852094699304,0,0.881449717396724,0.579697958124026
12R0267,0.0163874600912928,0,0.00186311283474889,0.0705020178124319,0.0927536841107587,0.0917101255646444,0.0221025804558323,0,0,0,0.117557815487313,0,0.253595875642441,0,0,0,0,0.000864290967804531,0.0138096264825333,0,0,0.3188534105502,0,0.917047560279618,0.517642504818721
12R0281,0.00692297873622107,0,0.000532344923584929,0.084078836379161,0.0349298626708958,0.143799254384745,0.0267382483840148,0,0,0,0.042311011924195,0,0.229631770567842,0.000560269247498263,0,0,0,0.000483784025920373,0.0334413376589012,0,0,0.39657030109702,0,0.910854244283023,0.495855001040478
12R0289,0.0178813678358301,0,0.00255067265298464,0.0283946940455244,0.130604222870819,0.0797227002451797,0.0328003397180202,0,0,0,0.0619824066945538,0,0.218616237805817,0.0160486706214093,0,0,0,0.00613246875953937,0.029544188827414,0,0,0.375722029922908,0,0.920171813530855,0.498233211872291
12R0294,0.00368591537659716,0,0.00201742557945064,0.025481845944569,0.0359566079990249,0.0657041128087952,0.049971009408347,0,0,0,0.073934009585966,0,0.258868723850719,0.0112232442143773,0,0,0,0.00348306315424678,0.0246163979594273,0,0,0.44505764411848,0,0.937871576283715,0.427626777538976
12R0295,0.0280144164670411,0,0,0.0920548472141408,0.0814141837585052,0.126363438166004,0.0408784744027211,0,0,0.0254870485492951,0.0758017399624427,0,0.272519155370847,0,0,0,0,0.00197615313938969,0.0310673924605947,0,0,0.224423150509018,0,0.891897419788928,0.582996865499539
12R0298,0,0,0.00232918457697936,0.0984857871559086,0.0731185114613383,0.103551301303009,0.0322544245794327,0,0,0.024327799196082,0.0684926655920206,0,0.29682933361812,0,0,0,0,0.00152905719027902,0.0268871755280311,0,0,0.2721947597988,0,0.875249233440487,0.57458113645025
12R0300,0.018922287554066,0,5.30094099398805e-05,0,0.0855689437440328,0.192386195095995,0.0607854685571335,0,0,0.0640922282805767,0.0593352960313556,0,0.319441875312681,0.00229299669127354,0,0,0,0.00283443236900817,0.0147288368582378,0,0.00543845831368803,0.174119971782012,0,0.894857417763118,0.590093202611531
12R0307,0.00497919898080466,0,0,0.042424295985146,0.0921028197637763,0.11980970183652,0.0136710878990144,0,0,0,0.0485141540397499,0,0.313514657586994,0,0,0,0,0.00221672034388544,0.0266948214613655,0,0,0.336072542102744,0,0.93192459986494,0.481075016829024
12R0325,0,0,0.00318368688643063,0.0423121612919807,0.0467912394403949,0.083467578038481,0.0461952545902884,0,0,0.000625780567420067,0.0773598450525848,0,0.327799292681552,0,0,0,0,0.00342562459718007,0.0164527076745735,0,0,0.352386829179114,0,0.870889530031171,0.54621518286232
12R0332,0.0202084851782,0,0.00732330498065372,0.0428954378360977,0.0271923137186501,0.0613939425865304,0.0414533175050474,0,0,0,0.123574982764859,0,0.395038846955086,0.00727424104756703,0,0,0,0.00449908381617383,0.0162383748301866,0,0,0.252907668780948,0,0.922450329257823,0.515354734810079
12R0333,0.00054677491858886,0,0.00472418903776568,0.0609491985256943,0.0582519685875784,0.101891725078375,0.0261743448201116,0,0,0,0.0516359148432862,0,0.260843391252766,0,0,0,0,0.00461448564330362,0.0310310686609866,0,0.00551285653715525,0.393824082094389,0,0.931095500916421,0.464991830732375
12R0412,0.0432598697757585,0,0.00143797451267258,0.014129352127265,0.0616292681716345,0.15152299845379,0.0527993782697663,0,0,0.00907408854839143,0.109684633152293,0,0.223225857827614,0,0,0,0,0.000820874967747773,0.00729704628954107,0,0,0.325118657903525,0,0.909579486225181,0.532814220964228
12R0413,0.0300784817707609,0,0.000453434368680783,0.0859038346229551,0.0912764719516775,0.204177761696312,0.0659575685973352,0,0,0.0360145120316477,0.0655397648281718,0,0.252767397362202,0,0,0,0,0.00160154840941409,0.00938788365526188,0,0.016437421432073,0.140403919273508,0,0.874546769299399,0.618574720011207
12R0416,0,0,0.000545701344251798,0.0181660273655906,0.0540590560552728,0.0341227482827405,0.0317603667661565,0,0,0,0.0807509426794652,0,0.24188967633221,0,0,0,0,0.00177214619836621,0.0224822148322107,0,0,0.514451120143736,0,0.92659331162523,0.415686576185018
12R0419,0.00675335895637153,0,0.000921454585865667,0.0717983575515481,0.0292110678808543,0.122027257309498,0.0464048575454045,0,0,0.0102528072322888,0.106884333640345,0,0.357119190558195,0,0,0,0,0.00356191386209234,0.0073743401476093,0,0,0.237691060729927,0,0.919779185396748,0.531558565441664
12R0421,0.0095246353532574,0,0.00139404721826529,0.0229589238562325,0.0358092715061294,0.148174328353496,0.0313004029207051,0,0,0.0259199985941441,0.051578747499105,0,0.168371863755233,0,0,0,0,0.000869482460142849,0.0178205023473363,0,0,0.486277796135953,0,0.914399954656076,0.459237301819257
12R0424,0.015256810509331,0,0,0.0238547760305815,0.0564447330180006,0.099950637286299,0.0392553732901516,0,0,0,0.052446360075847,0,0.289072372381431,0,0,0,0,0.0012792856303221,0.0300947090116221,0,0,0.392344942766414,0,0.92117472579093,0.474416057206761
12R0427,0.0031417966477569,0,0.00228436336600006,0.0268086907375209,0.0609759119082005,0.117646727965748,0.0377083319588543,0,0,0.0101203420819638,0.100325380885479,0,0.329322011869442,0,0,0,0,0.00363848869499668,0.00393694193886246,0,0,0.304091011945175,0,0.908502045589104,0.52040838036621
12R0428,0,0,0.00755123189851686,0.0137426027087704,0.0486925679392683,0.0760876795762066,0.0337688058705472,0,0,0.00557003745711255,0.042066266174025,0,0.338787695860393,0.00180879561417909,0,0,0,0.00624112717246179,0.0353785493189133,0,0,0.390304640409606,0,0.883012606643348,0.515962976761683
12R0429,0.0319625523834246,0,0.00269070348367897,0,0.0686605156168553,0.101116089127309,0.0351675223863884,0,0,0.0180725151789943,0.0599246340150782,0,0.153568857217764,0,0,0,0.00315882438864073,0.000659078634340837,0.0170824718376509,0,0,0.507936235729876,0,0.891848132395423,0.487738223095936
12R0430,0,0,0.00198288602235152,0.00214632371251155,0.0252569711427392,0.0936652544850918,0.0473386625130966,0,0,0.0255387875723644,0.0851939340078693,0,0.264449988963503,0,0,0,0,0.00296359407279275,0.0243735303999783,0,0,0.427090067107702,0,0.913233081043923,0.471413976734732
12R0433,0,0,0.00164671189129682,0.000674102977092855,0.03956443560858,0.0739427456089443,0.0236890489171829,0,0,0.00444333647783368,0.0345316739104349,0,0.241045423344667,0,0,0,0,0.0026268109358074,0.0325043876724682,0,0,0.545331322655692,0,0.922104551022439,0.412691728625724
12R0452,0.0103588038592464,0,0.000398696843770716,0.218544416459676,0,0.0337195719153726,0.0689520391758287,0,0,0.0326183626803248,0.100063285818038,0,0.305860741961707,0,0.000968532119588516,0,0,0.00265794766455273,0.00648574700733037,0,0,0.219371854494564,0,0.902745491051001,0.556114996074681
12R0453,0.0181294361403119,0,0.00354399482140811,0.0304001597769013,0.0951537440803178,0.110258127213729,0.0286806304986751,0,0,0,0.0511239604128636,0,0.25353474911242,0,0,0,0,0.00240345418979749,0.025342909430187,0,0,0.381428834323389,0,0.898208375966081,0.515480450095607
12R0454,0.0146318696791794,0,0.00114875731986954,0.017103265012937,0,0.329561891713325,0.0531766384718027,0,0,0.0459152182210633,0.0573407542864664,0,0.300171384808495,0,0,0,0,0.00309470828055518,0.00961726164431337,0,0.00688984562795439,0.161348404934039,0,0.855834497518538,0.624303579701625
12R0459,0.0412509650430645,0,0,0.00483172530496219,0.0722795045152536,0.1338509156703,0.0261748217383843,0,0,0,0.0825286663668449,0,0.228181039916608,0.00175038381725064,0,0,0,0.000410029649809669,0.0135104796002745,0,0,0.395231468377248,0,0.922506027981121,0.482423512075165
12R0460,0,0,0.00596455249750151,0.00362536038125987,0.0798425066957687,0.0952390744376199,0.0356245884396888,0,0,0,0.0688449331891487,0,0.263502056405854,0.00204397703343529,0,0,0,0.00562763796739971,0.0281883106230807,0,0,0.411497002329243,0,0.931443758290432,0.455346040997266
12R0463,0.0191902262698169,0,0,0.0226396524889394,0.0432590002254355,0.113513696032321,0.0707324293292955,0,0,0.0196237605439114,0.165045297915076,0,0.287032344075599,0.00205268273719896,0,0,0,0.00379111105810714,0.0228787201412898,0,0,0.230241079183009,0,0.919113849466093,0.549321599937056
12R0470,0,0,0.0032938667222379,0.00725776099249443,0.0399328440381419,0.0855014604201192,0.02122431808653,0,0,0.0107366692459667,0.0415580006023347,0,0.30335754218565,0,0,0,0,0.00192506240880835,0.0235590912877694,0,0,0.461653384009947,0,0.929857306990591,0.421610284167193
12R0471,0,0,0.00137904624844189,0.0187427826270774,0.0459077630985697,0.0902863416209027,0.0350198310028669,0,0,0,0.0583787157327237,0,0.283091678248731,0,0,0,0,0.00382335800926402,0.0254712147089895,0,0,0.437899268702434,0,0.929665604247077,0.438983752076334
12R0472,0.00248673644329479,0,0.00190371695409829,0.0942505296866992,0.0159838938548335,0.0976078848409412,0.0640694888871353,0,0,0.000776601331680404,0.0784031451386939,0,0.175517392897514,0,0,0,0.00652286335475443,0.00165067952717309,0.0271887035304317,0,0,0.43363836355275,0,0.913233059215037,0.485583236328172
12R0473,0.0169628642415086,0,0.00687331090513621,0.0687815584930928,0.101017849937521,0.0891914295785788,0.0488504557257432,0,0,0,0.0482792596256679,0,0.25912057675091,0.00773692431069553,0,0,0,0.00432412831780961,0.031391428339978,0,0,0.317470213773359,0,0.893248563736271,0.550915346580439
12R0474,0.00174717101493277,0,0.000602345251484276,0.024725432180998,0.053528820065334,0.0964596000944953,0.0477243893626525,0,0,0,0.101174339089383,0,0.241721192296019,0,0,0,0,0.000149215848388857,0.0329931988894945,0,0,0.399174295906818,0,0.903553065206938,0.50260282296051
12R0475,0.00639123909984066,0,0.0117980428973666,0.00871256358835266,0.0433121327971189,0.0866295825761381,0.0437917663128934,0,0,0.0121955490194977,0.0508048665088463,0,0.231463011772061,0.00117551787566756,0,0,0.0017677505939475,0.00879941316536778,0.0250510096557124,0,0,0.46810755413719,0,0.908703913340375,0.468375048736169
12R0482,0,0,0.00044254805037974,0.0416961988535245,0.0654437371211497,0.074226902126405,0.015131254366414,0,0,0,0.0936565733907819,0,0.296415233491535,0,0,0,0,0.00190477466109844,0.0193421868564806,0,0,0.391740591082231,0,0.938115977845105,0.445073378176985
12R0483,0.0054866829508903,0,0.00113606346531375,0.0317252388331058,0.0356325243205711,0.0821065914541079,0.0241182834989159,0,0,0,0.0434232449083869,0,0.25565685418164,0.0114203412297454,0,0,0,0.000108862728358552,0.0271168103474147,0,0,0.482068502081549,0,0.925362128814544,0.429446654693497
12R0493,0.0289802937374014,0,0,0.0205864794923268,0.0652116228168003,0.159201119868214,0.029550536420674,0,0,0,0.0764767993488972,0,0.219824313668739,0.00404191372247776,0,0,0,0.000118132727682019,0.00365513851860038,0,0,0.392353649678188,0,0.928499353402501,0.475699450507594
12R0510,0.0146589070528179,0,0.00759659312606027,0.00304204929337027,0.0743940578933706,0.0544002300564142,0.0347271563619898,0,0,0,0.0635937750286373,0,0.255876831522876,0.0216112477270589,0,0,0,0.00434181287243556,0.0294372034637658,0,0,0.436320135601203,0,0.924586695571941,0.453809523866487
12R0511,0.0115825477009261,0,0.00163637911571203,0.0319506485148961,0.0672122791812369,0.10768437938544,0.0523672587003159,0,0,0,0.0809629976645243,0,0.277306384703034,0,0,0,0.00211384937664876,0,0.0354996982198926,0,0,0.331683577437373,0,0.91577989777685,0.515788829057382
12R0519,0.0182972866577043,0,0,0.0227472830176667,0.061256647779221,0.0912432959323292,0.0351032487023289,0,0,0,0.0719697913003978,0,0.201905064778647,0.0135471593186544,0,0,0,0.00276126642471894,0.0224772438455362,0,0,0.458691712242796,0,0.920141841239631,0.459131402237598
12R0527,0.0147919132238397,0,0.00484514602182922,0.0454708546599723,0.0393987568852727,0.0869450524341234,0.0499989823939256,0,0,0,0.0868582177150473,0,0.289207218350241,0.000878869167816673,0,0,0,0.00644060087082285,0.027973285291292,0,0.000239276339115986,0.346951826646701,0,0.920043999996813,0.500301372832556
12R0531,0.00720033483085007,0,0,0.0480200496683686,0.101171963074929,0.119374266415846,0.0305304369872569,0,0,0,0.0609346645500027,0,0.2091488369666,0.00553597441326911,0,0,0,0.00264642461641437,0.0183641818488324,0,0,0.397072866627631,0,0.920207624097366,0.485868137059905
12R0542,0.00544937979351459,0,0.0031371816809658,0.0327662341335264,0.0839902079849524,0.0757301123965884,0.0384812278936199,0,0,0,0.0839300394063014,0,0.306719350685904,0,0,0,0,0.00617613051560877,0.0299181693910676,0,0,0.333701966117951,0,0.919061424288364,0.503186959565312
12R0547,0,0,0.0079630438759967,0.00766355246294099,0.0691002065289406,0.0459812629756042,0.0286149059726017,0,0,0.00014492371272667,0.0390485977263307,0,0.258918802204899,0.00136431832339083,0,0,0,0.00653416607834914,0.0318979856107885,0,0,0.502768234527431,0,0.940400823650507,0.393188211641721
12R0548,0.0324325341169045,0,0.00551935732998343,0.0225360881032434,0.101165482683915,0.0869807749054881,0.0385008085713817,0,0,0.00871620608744045,0.0643730903009414,0,0.21800521914383,0,0,0,0,0.00724350678857211,0.0208628905130143,0,0,0.393664041455286,0,0.923934961434622,0.485333189794477
12R0551,0.0175867489241828,0,0.00192940450291723,0.0224474975355349,0.08023317404433,0.138208501543778,0.034350463767574,0,0,0,0.0678285773606592,0,0.246607972187874,0,0,0,0,0.00320621520962909,0.0144180527567506,0,0,0.37318339216677,0,0.927312495793859,0.483756833469653
12R0552,0.00600707166164762,0,0.000580539105620283,0.0846480149320389,0,0.0648302516616958,0.0617992771807944,0,0,0,0.0969089493518832,0,0.301487328761475,0,0,0,0,0.00333976430310454,0.00761021608491706,0,0,0.372788586956823,0,0.90477666167816,0.499981479370947
12R0559,0.00989784924043683,0,0.000897544810325662,0.00535566463319099,0.0412566109836471,0.108678029692358,0.0635332627960135,0,0,0.016087248853469,0.0571416947509264,0,0.29211731093546,0.00511801749815524,0,0,0.000190440315279845,0.00238019043820771,0.0261475919159663,0,0,0.371198543136564,0,0.925186501219225,0.479744564176838
12R0563,0,0,0.00425022216381866,0.00879771820785927,0.0784240593607887,0.088175516686596,0.0169972880319656,0,0,0,0.043864808297885,0,0.273009398994282,0,0,0,0,0.0024479684325516,0.0315369431284968,0,0,0.452496076695757,0,0.907545264237709,0.467646096274836
12R0567,0,0,0.00784855893353492,0.0200501515866213,0.0555376197159498,0.109735879425623,0.038433574554803,0,0,0,0.103494836027021,0,0.292137947342421,0.00353079808019491,0,0,0,0.00602220047899928,0.0184267870561201,0,0,0.344781646798712,0,0.9119464386121,0.508141032669147
12R0596,0.0196707669020435,0,0.00382227946490903,0,0.0502578637508962,0.13147550678059,0.0400461601723549,0,0.00209574747807627,0,0.0900074452527457,0,0.273877697783101,0,0,0,0,0.00551384566161584,0.0192923995737429,0,0,0.363940287179925,0,0.91902479891549,0.495373575037452
12R0609,0.0158096809629493,0,0.000418009430091695,0.0968137290724014,0.0231812238834399,0.112913817703351,0.0370274153100845,0,0,0,0.0970906793665111,0,0.212867185050178,0,0,0,0,0.00183749221304066,0.00807788464711643,0,0,0.393962882360836,0,0.899877544307505,0.511273240542171
12R0614,0.0128305983279118,0,0.00146519281833783,0.0271733582235893,0.0242105243970169,0.166460232378761,0.0343448196234082,0,0.00069732411826798,0,0.0638627945173823,0,0.236480980036196,0,0,0,0,0.00177226046226719,0.0112367084828263,0,0,0.419465206614035,0,0.915999479526453,0.476992495622086
12R0615,0.0166663850573893,0,0,0.025831793156025,0.034656082232372,0.0805856562579108,0.0407903801969436,0,0,0,0.0553708941808236,0,0.24291324290629,0,0,0,0.00224419070195256,0.00574598045120352,0.0182426897948801,0,0,0.47695270506421,0,0.936216248211241,0.417435619494783
12R0616,0.0175767977746196,0,0,0.118728932842737,0.0458564516484126,0.123427218556756,0.0507094801593711,0,0,0,0.100377931623511,0,0.269876439404194,0,0,0,0,0.00221909185236771,0.0151275119136485,0,0.0300531488416553,0.226046995382727,0,0.895889152263969,0.577331713566339
12R0617,0.0160274429367461,0,0.000642968951719566,0.0185175809130029,0.0453961116267466,0.109365205251571,0.0413634191387159,0,0,0,0.0476443525376518,0,0.24286895769253,0,0,0,0,0.00198460749703374,0.0268185702713559,0,0,0.449370783182927,0,0.923484989167161,0.45202388611949
12R0620,0,0.000204366740548629,0.0059768370087134,0.0291125023929796,0.0740637843650232,0.104612658577152,0.0525426537116383,0,0.00436531341254516,0,0.0563521619817022,0,0.196376903360827,0,0,0,0.00141800073363163,0.00588153107109241,0.0312826073220389,0,0,0.437810679322107,0,0.906201735905224,0.491090181064457
12R0622,0.0128370019577745,0,0.00468632469735058,0,0.0721425247072874,0.132094831579393,0.0498631378042127,0,0.00924077637536017,0,0.0723535290736592,0,0.229152947464999,0,0,0,0,0.0063353856630332,0.0247964877667273,0,0,0.386497052910203,0,0.922789823282772,0.489182575115962
12R0624,0,0,0.00266019558974843,0.0237006213939163,0.0450003400613106,0.122821097272042,0.0630351412048029,0,0,0,0.0626823998156605,0,0.22243989667139,0.00165319756800542,0,0,0.000616145122463171,0.000930688478063876,0.0283499566978087,0,0,0.426110320124788,0,0.920355304299431,0.472465717703732
12R0646,0.00717579519902943,0,0.00196127630652783,0.0224115420445609,0.0621380636355726,0.0948092246556705,0.0289121090327856,0,0,0,0.102098812915642,0,0.206230187899976,0.00582198048577748,0,0,0,0.0020053861707536,0.0157118845557713,0,0,0.450723737097933,0,0.93006707797653,0.445756512628856
12R0648,0.0212393870165905,0,0.000189528377111078,0.0508818422021868,0.0769287957173692,0.163644924030024,0.0333062224993621,0,0,0,0.0998394887303684,0,0.245708425458742,0.0152552770529609,0,0,0,0.000226901022225972,0.0216336707388184,0,0,0.271145537154241,0,0.89957576115837,0.562087462234359
12R0667,0.0211527955833147,0,5.87532063063285e-05,0.00988161709765643,0.0400662093743521,0.125467916671056,0.0401785321940564,0,0,0,0.0572665494082291,0,0.310838189481401,0.00439340933804297,0,0,0,0.000593551774775691,0.029608927145663,0,0,0.360493548725146,0,0.910539406420194,0.499898946326133
12R0668,0.0154949536305442,0,0,0.0317332162588714,0.0899580670996439,0.105082633040917,0.0431258674278772,0,0,0,0.0690923796856765,0,0.295241083975447,0.00481347584041473,0,0,0,0.00153355184009083,0.0222015159960588,0,0,0.321723255204458,0,0.897013804952813,0.53623050276301
12R0672,0.0171940991007399,0,0.000670628378087546,0.0413138409769258,0.046879693586803,0.0848266399381208,0.0388980381165337,0,0,0.0010637848792369,0.0871003810140088,0,0.241316094686349,0.0171480648320375,0,0,0,0,0.00976868967605265,0,0,0.413820044815104,0,0.924627928674304,0.466099707106784
12R0675,0,0,0.00516152973353142,0.00894757106348228,0.0510877486653594,0.0446661807746389,0.0428367338297019,0,0,0,0.054169236725899,0,0.284296752878117,0.00288916971301073,0,0,0,0.0062652151238565,0.0380096115790557,0,0,0.461670249913347,0,0.915482993393827,0.450589107424864
12R0678,0.0229219752063398,0,0.00194543599948178,0.0179328963841445,0.0976000339867615,0.0848855131288831,0.0405724464501215,0,0,0,0.098714566568976,0,0.28679315035466,0,0,0,0,0.0054486196665526,0.015126919419767,0,0,0.328058442834312,0,0.901172093556027,0.530154715543403
12R0683,0,0,0.00204077629059483,0.0322175084580753,0.0734652019399566,0.0913103169279988,0.0184671369216997,0,0,0,0.0529745730159143,0,0.253683911087943,0.00203715871811564,0,0,0,0.000600900863308311,0.0286988523864526,0,0,0.444503663389941,0,0.934252831494619,0.433624946300219
12R0684,0.000100638587980332,0,0.00293544149951866,0.0401522992026219,0.0354114950321941,0.0594444708410184,0.0203842602417709,0,0,0.00356179850764632,0.102554248154163,0,0.287782444271833,0,0,0,0,0.00107380912216955,0.0160516951490181,0,0,0.430547399390066,0,0.933461617987874,0.432990598017004
12R0687,0,0,0.00618961478896208,0.0501728015933374,0.119862255490336,0.000502324167185179,0.0356451979505791,0,0,0,0.0882324558684604,0,0.257840706354893,0.000204871008829504,0,0,0,0.00464835849814823,0.0353413786695754,0,0.00904329764776885,0.392316737961924,0,0.918705782146724,0.48304620431229
12R0688,0.0135861518830622,0,0,0.00736975279357296,0.0262889037608486,0.115977853440612,0.04446540516129,0,0,0.0223939578106389,0.0331080921678702,0,0.251667102818949,0.00444197665124478,0,0,0,0.00221353088419583,0.0248527224066487,0,0,0.453634550221067,0,0.883827698765234,0.50498191868526
12R0691,0.0144122269706164,0,0.00348302720294196,0.0697303969731356,0.0730043810060181,0.119327945000662,0.0496856303905997,0,0,0,0.0825557398223942,0,0.205168080566002,0.00280237428791346,0,0,0,0.0030056727148222,0.026937092383553,0,0,0.349887432681342,0,0.863927314844775,0.574021197478552
12R0695,0.0164660326134488,0,0.000244983488893753,0.0175007649091617,0.0671468788242557,0.0744927336401749,0.048401114639901,0,0,0.00469202747235919,0.0828158399032282,0,0.181852095715509,0.00173890354527009,0,0,0,0.00272464997281052,0.0272529215938311,0,0,0.474671053681157,0,0.890754059972636,0.498039102720924
12R0698,0.0272008812619047,0,0.00146346092422445,0.0342929904780536,0.0529551284542738,0.123978213632056,0.0390031352018268,0,0,0.00313040134142879,0.0718601089903441,0,0.327562451840494,0,0,0,0,0.00202116664381916,0.00296597637651768,0,0,0.313566084855057,0,0.893401882883563,0.536125404939671
12R0699,0,0,0.00668401808366366,0,0.0596161862913981,0.122014991773796,0.0427452736227097,0,0,0.0167744374475847,0.0524908006728556,0,0.196737800305601,0,0,0,0,0.00643450779429506,0.0383257816588245,0,0,0.458176202349272,0,0.902758647159162,0.486386242707428
12R0703,0.0135591672080431,0,0.000638678662420818,0.0353100056912173,0.0161414895715877,0.126231326903162,0.0640508496694439,0,0,0.0242404269331766,0.0565673519384229,0,0.215995220768944,0,0,0,0,0.00110315863730515,0.0234600130500609,0,0,0.422702310966216,0,0.88654808491386,0.518881898722474
12R0707,0.0185851965881107,0,0.000465938959496942,0.0914210247094691,0.0801421362376194,0.112684171455567,0.0437065102137386,0,0,0,0.117796660440925,0,0.218824190885081,0.00469270844360392,0,0,0,0,0.0132686060806744,0,0,0.298412855985713,0,0.886335735489754,0.564210915218299
12R0710,0.00272191704297563,0,0.00149046144565095,0.0274732623830939,0.0661228814193471,0.114202534336396,0.0294104018717076,0,0,0.00402757234519688,0.0826197257565642,0,0.25594509216122,0.00160170186509932,0,0,0,0.00289920298290984,0.0140360517414191,0,0,0.39744919464842,0,0.931737135778291,0.461309010191032
12R0712,0.025408695636303,0,0,0.0623149197529281,0.11217044162906,0.199225699946477,0.0535139130599357,0,0,0,0.0788180119199653,0,0.331126825236428,0,0,0,0,0.00185482681371824,0.0113443749412289,0,0.00909435030071308,0.115127940763243,0,0.901013935842877,0.598662638748395
12R0714,0.0237590834734922,0,0.000728006257436475,0.0249740830879003,0.0325187139252657,0.0875023582695865,0.0373195545640483,0,0,0.0625583903276427,0.0712041174638805,0,0.173564117617035,0,0,0,0,0.00232176017769485,0.0152107292146988,0,0,0.468339085621319,0,0.899396924426756,0.486662089085353
12R0715,0.023552006964453,0,0.00032256906745607,0.0133222240039656,0.0674002158078443,0.137101904324873,0.0284669076382551,0,0,0,0.0368947479749758,0,0.23678558577113,0,0,0,0,0.000419863723501853,0.032425928830117,0,0,0.423308045893428,0,0.917144313488416,0.474599859441265
12R0716,0.0104771130787584,0,0.00211662536902413,0.0394593713191309,0.0457254972429047,0.112631165379112,0.0332237201730298,0,0,0,0.059315992080812,0,0.226837997760405,0,0,0,0,0.00131740196872406,0.0250181721714545,0,0,0.443876943456644,0,0.916052985918908,0.467961078824957
12R0719,0.00369346891544689,0,0,0.0560199183068889,0.059541367140402,0.0839783557082544,0.0667292061214813,0,0,0,0.13491287745522,0,0.276371422759159,0.00107110908415525,0,0,0,0,0.0219562108846631,0,0.00105981965817391,0.294666243966155,0,0.879830187163692,0.565733900193808
12R0720,0,0.00247743049996895,0.00395642795176469,0.00380411779175742,0.0436932436377917,0.102507816259982,0.0318132230227332,0,0,0.01247658018916,0.0333488697486626,0,0.233685857098137,0,0,0,0,0.00754912367441094,0.0253701137014056,0,0,0.499317196424226,0,0.9165456217207,0.441312169331049
12R0722,0.0339237346674097,0,0.00499929717029429,0.041129535029068,0.0412093922842256,0.057355168278636,0.0513574074720666,0,0,0.020009103315627,0.0516685011499673,0,0.270292470088855,0,0,0,0,0.0066517022561808,0.025462790344251,0,0,0.395940897943418,0,0.922231059018683,0.476293026624214
12R0729,0.0280303776783593,0,0.00135789016640861,0.0236028174209071,0.0277938528300236,0.108390151360184,0.0455762919636177,0,0,0.0171980139235549,0.120401149069642,0,0.290469115443939,0,0,0,0,0.00127535435960844,0.0150356591424182,0,0,0.320869326641338,0,0.904919738620894,0.525847673435733
12R0730,0.0144409953585849,0,0.00827378474134247,0.0821324751730917,0.0224788792721908,0.0484688301818891,0.047617804894437,0,0,0,0.100814315554974,0,0.27532530513402,0.0100697947353242,0,0,0,0.00563235366316894,0.0168387830071592,0,0,0.367906678283817,0,0.886326895785968,0.531166285758261
12R0734,0.00574118879244653,0,0.00116316939024458,0.0132092103677858,0.0143084710544819,0.103373520827572,0.0461343300761196,0,0,0.00414961705073306,0.0490821442667279,0,0.309124397731405,0,0,0,0,0.000914552565828161,0.0274058420549062,0,0,0.425393555821749,0,0.919406240562951,0.455804473158417
12R0736,0.036719074211925,0,0,0.0283310413486932,0.112277073936075,0.127543734709516,0.0533172877373428,0,0,0.0291594812686859,0.0616135754402617,0,0.289588554764816,0,0,0,0,0.00380951281478639,0.0157927406330951,0,0.00416824133596449,0.237679681798839,0,0.902473710923741,0.568088776820252
12R0737,0.0054786666276145,0,0.00819773572930338,0.0270840240895554,0.0764836389656287,0.0657006981572867,0.0441649552735347,0,0,0.00100188413655175,0.0531490022652869,0,0.28256877502699,0,0,0,0,0.00762407217902612,0.0250645226313877,0,0,0.403482024917834,0,0.919457405299346,0.473230905662834
12R0738,0.0159748914602272,0,0.00011740466788338,0.0373062976405662,0.064782981183473,0.149728011286122,0.0469287154865129,0,0,0.0507787484773084,0.0469621305664943,0,0.339957099598943,0,0,0,0,0.00159721143599859,0.0135058144918714,0,0,0.2323606937046,0,0.904848114367313,0.554393566185516
12R0741,0.00516973641243246,0,0.00231818242531195,0.028883092939671,0.0366227440858249,0.11566772374292,0.0595457439255963,0,0,0.00795964601139889,0.0538492391635077,0,0.225824419511628,0,0,0,0,0.00128504427537571,0.031051455245948,0,0,0.431822972260385,0,0.903212166308825,0.492610105405709
12R0742,0.0187605058720175,0,0.00140997918062774,0.0444452776422332,0.0530245932071999,0.0697766804984244,0.0767161713595545,0,0,0.0264813556629846,0.0569154665862158,0,0.251438283866485,0,0,0,0,0.00145897664053755,0.0248387248402526,0,0,0.374733984643467,0,0.90647815777244,0.510272960406746
12R0793,0.00977045889818792,0,0.00157805665842451,0.00510694008520523,0.0417337844411326,0.0432573223028717,0.0334248766309214,0,0,0.0185154796490286,0.0621569418900598,0,0.313103799257714,0.0164757055215855,0,0,0,0.00161791589831811,0.0311191983912815,0,0,0.422139520375269,0,0.904140614140424,0.4771641613292
12R0794,0.0201177230215874,0,0,0.0226622709328214,0.0739798017695109,0.128382852372888,0.0342934611195481,0,0,0,0.0478933725951259,0,0.201878990201768,0,0,0,0,0.00187770677550611,0.0158903129548438,0,0,0.4530235082564,0,0.913980344097841,0.470269572981181
12R0797,0.0166260819874438,0,0,0.0670370457473099,0.0556562255721438,0.0865128490701716,0.0386417539341286,0,0,0,0.0921651561997083,0,0.239415744192209,0.0140691760565941,0,0,0,0.0013972108648713,0.0209102194776917,0,0,0.367568536897728,0,0.924337389376176,0.491430165493185
12R0799,0,0,0.00632964549137445,0.0652499065682231,0.0213355165976784,0.0772297727848156,0.0376411083002528,0,0,0.00390009943174015,0.0433167161593678,0,0.356000403241453,0.0130944088699447,0,0,0,0.00587516333327622,0.0242426003192659,0,0.00101028639592261,0.344774372506685,0,0.92505274474025,0.477092632116524
12R0803,0,0,0.007259810696907,0.0644585769441279,0.0756597467981978,0.0560115229758208,0.0420864513492395,0,0,0,0.0839272416993593,0,0.289835505464654,0.0214582577428704,0,0,0,0.00559268453653432,0.0309398487420805,0,0,0.322770353050209,0,0.914896231092877,0.51736284231641
12R0818,0.0104887544985324,0,0.00156331949930657,0,0.0630653164095401,0.114855414144496,0.0372834862700918,0,0,0.00218642260490769,0.0735140529483415,0,0.177165764687109,0,0,0,0,0,0.0313312777139596,0,0,0.488546191223715,0,0.905482989277782,0.472043345758308
12R0819,0.0117114779850771,0,8.37181869202819e-05,0.0201872887311508,0.0518689900085374,0.143699209793396,0.0405666445657139,0,0,0,0.0738813015927287,0,0.25108597499219,0,0,0,0,0.00200762558214786,0.017614854471728,0,0,0.38729291409041,0,0.895972928606865,0.515638231205658
12R0820,0.00468043046025888,0,1.28639674886862e-05,0.109898398569256,0.0112098916861119,0.0969124974824256,0.056887833287281,0,0,0,0.0693576363497913,0,0.198861772126842,0,0,0,0,0.000868705927980059,0.0198559799312761,0,0,0.431453990211288,0,0.901670562812185,0.496994391720202
12R0824,0.0404640423167153,0,0,0.0329556236583281,0.0554695953704833,0.119465105203281,0.0349591854969231,0,0,0,0.0539022651950129,0,0.298479443680882,0,0,0,0,0.00319176768757774,0.0195365489038896,0,0,0.341576422486907,0,0.894900163037987,0.529905695799037
12R0826,0.00385391199057128,0,0.00420746339270322,0.00850567081119015,0.0774270058614759,0.154127050016436,0.0351382139792926,0,0,0,0.078797484093377,0,0.301864783031434,0.0128942141627341,0,0,0,0.00479776581211721,0.0168651929190272,0,0,0.301521243929642,0,0.911542861140508,0.527614181118931
12R0828,0,0,0.00584532451559092,0.0741775501376985,0.10616138796954,0.0318190527848794,0.0257909572080901,0,0,0,0.101957271877385,0,0.302199686787458,0.00419737291373587,0,0,0,0.00136256079789446,0.0182176131259415,0,0,0.328271221881786,0,0.915341013170107,0.507139568988266
12R0830,0.0357872994038623,0,0,0.0579659512702263,0.0591007979330989,0.189591709901114,0.0409435498572154,0,0,0.0104734611509784,0.0897933177042236,0,0.288005433215817,0,0,0,0,0.00276406884321347,0.0109741122862201,0,0,0.214600298434031,0,0.881661380479077,0.592378954094806
12R0832,0.0259377935892181,0,0.00353594389329183,0.026920601899561,0.0144480229955036,0.116910910126293,0.0538021866052578,0,0,0.0165804990867142,0.0796488255244871,0,0.257320874691787,0,0,0,0,0.00698614100809627,0.020426438075836,0,0.00405303445616064,0.373428728047794,0,0.880480879551604,0.54021211304456
12R0833,0.00442019950802547,0,0.000790066821094371,0,0.0267955290114196,0.0569226090654379,0.0377472063579151,0,0,0.0187101295481366,0.097569046965099,0,0.273573703533248,0,0,0,0,0.00421159506960393,0.0380778039246517,0,0,0.441182110195368,0,0.901544619547129,0.480392456540264
12R0835,0.0104661436784951,0,0.00729147833724131,0.0107084472916969,0,0.213774987153267,0.067618334624238,0,0,0.0475439319125975,0.0881745895082499,0,0.435918049056351,0.0176334749663391,0.000298441600946925,0,0.00359980931598235,0.00588209332875159,0.00612583391180201,0,0.0347622614472511,0.0502021238667899,0,0.86880490296365,0.627325539723905
12R0846,0,0,0.00430241181161473,0.040750173310494,0,0.160231796562042,0.0650048180407553,0,0,0.0546771752398834,0.0877728529080489,0,0.385244536886456,0,0,0,0,0.00434553881803578,0.0109911936410777,0,0.00478410929954665,0.181895393482046,0,0.849835836988308,0.612749267391887
12R0847,0.0463243116698177,0,0,0.0498286995985654,0.114229710848229,0.162611765403126,0.0366184718854191,0,0,0.0164153662711881,0.0824196859772472,0,0.216289339869944,0,0,0,0,0.00169602150905258,0.0120696744786271,0,0.0100442869196591,0.251452665569124,0,0.90323527921285,0.568615599447362
12R0862,0.0110965033529253,0,0.00152982023375943,0.0266573837384108,0.0652682552838237,0.0561674624427677,0.0414816327294752,0,0,0.00740740271542637,0.0615601982466458,0,0.338895401759899,0,0,0,0,0.00183308205084256,0.0147662023148566,0,0,0.373336655131168,0,0.911286598729626,0.484670359978131
12R0865,0.00794708064704262,0,0,0.0117843522407781,0.067882725180336,0.16170011288206,0.0651066882190857,0,0,0.0420424338081403,0.0441987740614159,0,0.256413567236374,0,0,0,0,0.00421479597838003,0.020157233572999,0,0,0.318552236173389,0,0.903691218132461,0.536492182150867
12R0867,0.00129257608994498,0,0.00219977947602307,0,0.0253928545756397,0.0716270608966483,0.0366676895763703,0,0,0.00178003491282667,0.0820328310661709,0,0.278478015563182,0,0,0,0,0.00390455147370307,0.0321636438795423,0,0,0.464460962489948,0,0.908752480821038,0.460296884668824
12R0868,0.0158189633467282,0,0.000103016658654967,0.0281164328260535,0.0637806070553023,0.0887267270075243,0.0518961518654676,0,0,0.0644346129399154,0.0518541778281056,0,0.214209029123403,0,0,0,0,0.0043046587636195,0.0228333873678542,0,0,0.393922235217372,0,0.920962463030178,0.485910018973733
12R0870,0,0,0.00145358139958274,0.0057937237013687,0.0386608008867016,0.0989663752789197,0.04764213220832,0,0,0.000111703480916499,0.0744687896539272,0,0.36969524691593,0,0,0,0,0.00236880671984613,0.0258699864682181,0,0,0.334968853286269,0,0.928523136090796,0.474367082486514
12R0873,0.0132916816428228,0,0.00193524092961541,0.0382563387283232,0.00882704907280914,0.151277062341996,0.074379605833136,0,0,0.0200306758664023,0.0692113767232623,0,0.343573660849118,0,0,0,0,0.00361713820276488,0.015325423060654,0,0.00833498149047914,0.251939765258616,0,0.890805290109959,0.563900953749828
12R0879,0.00981214787277386,0,0,0.0141349243982128,0.0782989713563428,0.103439006412006,0.0440457238586745,0,0,0.0170555637617799,0.0669579799301598,0,0.271178118992,0,0,0,0,0.00275381469151574,0.0281030129076372,0,0,0.364220735818897,0,0.910215764615625,0.505472185679135
12R0885,0.00825016473065938,0,0.00134518109882326,0.00210428462880706,0.055869161048748,0.0820639187896248,0.0506059273891231,0,0,0,0.0532900101291968,0,0.287055104655296,0,0,0,0,0.00172688836030921,0.0352661758563204,0,0,0.422423183313092,0,0.902541377073451,0.486676451869054
12R0888,0.00853352633713124,0,0.000339266434378844,0.0702838102721951,0.0609631549320386,0.0683264167243184,0.0519861386237354,0,0,0.0220060668419217,0.0753111330855589,0,0.360768902407673,0.00141550856223515,0,0,0,0.00222030335094752,0.0169218395516328,0,0,0.260923932876234,0,0.908852604124046,0.534611779177424
12R0891,0.00748268100479509,0,0.00446256955125914,0.0162621184034112,0.0632041097661687,0.104759009344266,0.0351954026390148,0,0,0.00682164477584846,0.0536316207408731,0,0.267679615789969,0,0,0,0,0.00312652733035046,0.0194054102489282,0,0,0.417969290405115,0,0.931214903797362,0.450497213022678
12R0893,0.0214148566346432,0,0,1.85972399237165e-05,0.0411361952966921,0.104849819325088,0.0325055517204077,0,0,0.0117449179256686,0.0531635840996049,0,0.272669374123515,0,0,0,0,0.00142551192440764,0.033784072570747,0,0,0.427287519139302,0,0.906215126188093,0.481478498150869
12R0895,0.00483093735946933,0,0.000665884745729924,0.0541403104840094,0.0582803263950268,0.11561495299132,0.0411106498277755,0,0,0.00177400405031518,0.0928662513116257,0,0.235028196475112,0,0,0,0,0.00193012449019521,0.012333049398567,0,0,0.381425312470855,0,0.905721225022344,0.507025940747621
12R0897,0.00455956663825257,0,0.00102243139931717,0.00434120903135132,0.0480883560436939,0.0689964470596019,0.0468703426520278,0,0,0.017405900790617,0.0517453610157743,0,0.25679839971709,0,0,0,0,0.00155523342078671,0.0238543640170012,0,0,0.474762388214486,0,0.913730642515613,0.451862122597392
12R0898,0.00371844963670751,0,0.00224131512246837,0.00149147516816562,0.0420151336102582,0.139822970596467,0.046381834131028,0,0,0.0200230949460154,0.029416902573177,0,0.198921909041487,0,0,0,0,0.00122724790756759,0.0403549946230478,0,0,0.47438467264361,0,0.902631041688136,0.478890863883123
12R0902,0.00136780575406396,0,0.000428655615178127,0,0.0287528253316707,0.117231052479819,0.0357231729459123,0,0,0,0.0410842137003192,0,0.23466912494836,0.00249759522952858,0,0,0,0.000990939975347618,0.0373188676055051,0,0,0.499935746414295,0,0.914735203595629,0.444009726679075
12R0903,0.0269016175988539,0,0,0.0359098100738405,0.0549612540294161,0.106623490921409,0.0611125984944445,0,0,0,0.0681636324285227,0,0.263243097259508,0,0,0,0,0.00446967081607429,0.032386616819732,0,0,0.346228211558199,0,0.89030570896347,0.541694678614161
12R0907,0,0,0.00321737486882004,0.00829149912054031,0.0159320555523087,0.0955941291783658,0.0458987771324898,0,0,0.0050978950442931,0.0478377279810897,0,0.307338458217841,0,0,0,0.00323838709601527,0.00200956985245393,0.0399100732404306,0,0,0.425634052715351,0,0.895209679232546,0.491560109067263
12R0908,0.0181886776393501,0,0.000129183766592585,0.0357653757062625,0.0587622071057231,0.137384230431018,0.0470493619866125,0,0,0.0362139304821948,0.0594069537202308,0,0.312530033611943,0.00428690585533482,0,0,0,0.00265960953367745,0.0161261161448187,0,0,0.271497414016242,0,0.89151972604198,0.558642775648381
12R0923,0.0129555464438045,0,0,0.0261123401865857,0.0529281825823143,0.133867963207329,0.0265821296567058,0,0,0.0134518827359522,0.0317623779680889,0,0.231485979373887,0,0,0,0,0.00263581968314805,0.0245578690122076,0,0,0.443659909149977,0,0.901119777779335,0.487428452851624
12R0926,0.00978079790629098,0,0.000954837423076699,0.0622097667157828,0.0171299176305658,0.124041265817402,0.0543432223194525,0,0,0.00141790837213698,0.0973844571531904,0,0.326656761977142,0,0,0,0,0.000783700644911599,0.01533982871742,0,0,0.289957535322627,0,0.886860847711885,0.553085021357861
12R0935,0,0,0.001124157590805,0.083646621846872,0.0369950705233546,0.128417174015079,0.0542069986054656,0,0,0,0.0934489847621096,0,0.178576112104962,0,0,0,0,0,0.0175653007749922,0,0,0.406019579776359,0,0.901365772329013,0.509942029898709
12R0937,0.0181073205052047,0,0,0.022232687571984,0.0541435309466849,0.104719771680807,0.0757449085852646,0,0,0.0162544221931617,0.0938401618238125,0,0.287862083969829,0,0,0,0.00118243419510535,0.00193602503355738,0.0199878199051326,0,0,0.303988833589456,0,0.888891337036661,0.554741248750959
12R0941,0.0109198238830503,0,0,0.0629629749784301,0.0571409764843707,0.164867711046638,0.0229791394318853,0,0,0,0.0942879253656544,0,0.277116869502746,0,0,0,0,0.000933200717549675,0.0240647626204064,0,0,0.28472661596927,0,0.888681842522947,0.560467920588616
12R1372,0.00853784288871334,0,0.000233842706253351,0.0336104711264895,0.0369984152231359,0.133219457527436,0.037471479599042,0,0,0,0.103225276300234,0,0.228818527490465,0.0064193000057848,0,0,0,0.00320895988256417,0.0237143028452703,0,0,0.384542124404612,0,0.900709309003947,0.514215259075535
12R1698,0.00749739537883782,0,0,0.032683099677759,0.0987282430306284,0.140314451041547,0.039720989355753,0,0,0.000186384016496415,0.0595278718883209,0,0.260749148081574,0,0,0,0.000420891275623443,0.00129210784126067,0.0191890869587917,0,0,0.339690331453407,0,0.902543680106773,0.526401999791308
12R1845,0.00288828262223979,0,0.000713976717897713,0.0246208878121835,0.0366625565222069,0.102983160945349,0.0389668944689549,0,0,0,0.0928346461464453,0,0.216242961922434,0.00156869318266042,0,0,0,0.000259904408884204,0.0179368159017051,0,0,0.46432121934904,0,0.910716946691154,0.467162713608506
12R1930,0.0164241324536315,0,0,0.0111921412376886,0.0217260333843434,0.105873076390527,0.0746474174945513,0,0,0.0286021410018622,0.064388393093438,0,0.33974246665941,6.12712859511028e-05,0,0,0.000524428115053163,0.00354766311321079,0.0317350852449628,0,0,0.301535750525371,0,0.92089185556333,0.511055121172783
12R1980,0.00130427555145423,0,0.000269880708590497,0.0238115724317217,0.0224108734600686,0.0933196634075628,0.045896958350627,0,0,0,0.0525816003261903,0,0.287264675637471,0,0,0,0,0.00566403816939342,0.0280310534056713,0,0,0.439445408551249,0,0.922533195721701,0.449093724043504
12R1997,0.0369024146530479,0,0,0.0332452353888689,0.0377861678939288,0.135242012635582,0.0460516370783716,0,0,0.0141616314678078,0.0567321260644414,0,0.247554915566003,0.002920589916912,0,0,0,0.000623214500947061,0.0199360678318836,0,0,0.368843987002207,0,0.905706399563881,0.514115679524525
12R2013,0.00697010463881055,0,0,0.037981565233857,0.0315681477489588,0.154353145474338,0.0476810960530869,0,0,0,0.0849341075409712,0,0.219143870537378,0,0,0,0,0.00320774030433304,0.0272321791355646,0,0,0.386928043332702,0,0.906784662011947,0.508476541636999
12R2015,0.00988587563538514,0,0,0.021468052759693,0.0493420025578872,0.146032333473395,0.0401439855078385,0,0,0.00930444186100231,0.0649951221397986,0,0.227026357325753,0,0,0,0,0.00663270851956631,0.0205428958078137,0,0.0331845961420632,0.371441628269804,0,0.895056115673828,0.526724804943166
12R2018,0.00628943322018024,0,0.00236993773069801,0.00622939432197985,0.00855154118818015,0.142905255044857,0.0562283895650786,0,0,0.0430659953033923,0.0731128197909569,0,0.287910158875737,0,0,0,0,0.00245394804015444,0.0265048098218587,0,0,0.344378317096927,0,0.93184991966282,0.484045598158214
12R2044,0.0251443648485282,0,0.000785869717326637,0.00703352765805812,0.037586171233637,0.108893033899047,0.0348090365739777,0,0,0,0.0675548823879353,0,0.262145616721028,0.00120511079286057,0,0,0,0.000278027616973914,0.0350198817948419,0,0,0.419544476755786,0,0.92177135277381,0.466005446782809
12R2052,0.00623682108433435,0,0.00061814375961018,0.0779005518649617,0,0.0749732204068797,0.0784273841937609,0,0,0.0255624898069885,0.124127328468122,0,0.269523112529755,0,0,0,0,0.00158234910263367,0.0273510396946399,0,0,0.313697559088314,0,0.916254290731819,0.518299424481321
12R2066,0.0165393367764772,0,0,0.0636640139063507,0.0477645373201223,0.218214288709163,0.0402608680652654,0,0,0,0.0690814016368876,0,0.205585328477511,0,0,0,0.000736341505736986,0.00191166310833068,0.0209765833488655,0,0,0.31526563714529,0,0.890670447832174,0.557123252301824
12R2071,0.00206404234099608,0,0.00723721120081443,0,0.0780698290912276,0.128075548718041,0.0360124897994946,0,0.000644388421069494,0,0.0572054092343028,0,0.246084195293512,0.00921446895259077,0,0,0.000419682117973155,0.00623357853067145,0.0218670499237177,0,0,0.406872106375588,0,0.912474182382657,0.487278121672863
12R2111,0.0102635517628406,0,0.000643317589181793,0.0668916585333471,0.0555776252387714,0.11303064002989,0.0498530490107929,0,0,0.0151314491045057,0.0743746741583932,0,0.229859791658225,0,0,0,0.000819072331115082,0.000527177483493388,0.0243691407877371,0,0,0.358658852311706,0,0.900050071016568,0.526445500914916
12R2134,0.0240734441838954,0,0.00355714434821068,0.0358090488703105,0.0611916088768054,0.114194871548284,0.0290082482974968,0,0,0.0139885611526973,0.0734538568971761,0,0.258060270008859,0,0,0,0,0.00300602177983967,0.0224460485212065,0,0,0.361210875515218,0,0.909338446750878,0.510351998713469
12R2135,0,0,0.00526239448946341,0.00925096763458369,0.0317099220967344,0.182929368327708,0.0409606948821949,0,0,0.0105646975174411,0.0480926406696022,0,0.258047821868822,0.00871587499769984,0,0,0,0.00610239407893045,0.0178250812257252,0,0,0.380538142211095,0,0.913665030552927,0.49550464456886
12R2136,0.00802560032070708,0,0.0012524168973063,0.0424433465197111,0.00149339324090927,0.128519198212603,0.0256839854447314,0,0,0.000376898872144539,0.0911077666651787,0,0.258545505467495,0,0,0,0,0.000773865496091772,0.0202925264517912,0,0,0.42148549641133,0,0.916575372016026,0.470423015851645
12R2137,0.0015673827252775,0,0.00088589744222139,0.0281525232203954,0.0248638292340149,0.132793074100567,0.0317971032436481,0,0,0,0.0698402420485931,0,0.24655828501047,0.00822114820755653,0,0,0,0.00246461177340762,0.0266964502021475,0,0,0.426159452791701,0,0.919873677968872,0.466706737134063
12R2138,0.0312399678030481,0,0.000108744096351341,0.0524445536022338,0.0645864310540105,0.121402050673017,0.0612297431431241,0,0,0,0.12569373175053,0,0.262019104287404,0,0,0,0,0.000540477480529028,0.0214965558437038,0,0,0.259238640266049,0,0.898643673529032,0.566722964298989
12R2143,0.0188770389436523,0,0.00122369096037289,0.0703760008053974,0.075678331613433,0.12444625442889,0.0618386393753671,0,0,0,0.081335383732447,0,0.354210253545394,0,0,0,0,0.0020675535307889,0.0181056073534716,0,0.00356943227161939,0.188271813439166,0,0.900249152418924,0.578160608776763
12R2144,0.00420888980024932,0,0.00351855097509818,0.00427228923702618,0.0281555218915355,0.116098104174767,0.0654456479245189,0,0,0.00859127964373148,0.0963756298172235,0,0.296494663440782,0,0,0,0.00073594437676268,0.00628395365078467,0.0389090583059228,0,0,0.330910466761597,0,0.91898713271259,0.508772240283293
12R2155,0.00050466867920699,0,0.00243978702933192,0,0.0414225322625493,0.129404486339364,0.0645562652720668,0,0,0,0.0932913542888013,0,0.211321882065746,0,0,0,0,0.00154559531759808,0.0406215909305829,0,0,0.414891837814753,0,0.922263301294854,0.478284070244827
12R2157,0.00997616168269312,0,0.00591049525325566,0.0378613979381764,0.021670804349998,0.102945800064437,0.0868650039672855,0,0,0,0.135671491440978,0,0.246696704141566,0.0090936202125564,0,0,0.00166101302629529,0.00714824843514861,0.02763924677573,0,0,0.306860012711879,0,0.905366647945634,0.544186606759209
12R2158,0.0105608889957283,0,0.00107291727154292,0.0265975585260224,0.039928008891348,0.0764980564687048,0.0719513805892495,0,0,0.0129162219330946,0.0694143796355598,0,0.292141223150392,0.00557336005042113,0,0,0,0.00166833370784961,0.0344434401403214,0,0,0.357234230639765,0,0.869936360638817,0.553470425154789
12R2160,0,0,0.00585738966719705,0.019524146318365,0.0699843222970342,0.141414186996758,0.0445110901386222,0,0,0,0.0733591580721793,0,0.214776496630544,0.00956997577153052,0,0,0.00110427796849638,0.00610045578675477,0.0267667092065314,0,0,0.387031791145988,0,0.897764367773053,0.520855294669861
12R2171,0.0181063574870369,0,0.00261571179489239,0.0280053053916011,0.026064541358684,0.129577446365545,0.0787171103309446,0,0,0.0277803104791195,0.0448416916312143,0,0.255843996235549,0,0,0,0,0.00378780451270115,0.0324361577718909,0,0,0.35222356664082,0,0.894916354413036,0.535063908107253
12R2172,0.0124145936849191,0,0,0.0413277525681666,0.0564062814929099,0.110129536535398,0.0583320032284578,0,0,0.00593937693686949,0.0785266596858686,0,0.261650539173208,0,0,0,0,0.00496630632683311,0.0225299477905831,0,0,0.347777002576786,0,0.903864536668903,0.52348785618322
12R2173,0.00472161509141263,0,0.00329742785157921,0.00965252364002388,0.0146991183369665,0.0597525058891547,0.0503259875696152,0,0,0.0125799600827051,0.0721249994084393,0,0.313735905342383,0,0,0,0,0.00483530869623294,0.0240323532383421,0,0,0.430242294853145,0,0.914608347242921,0.459165988143935
12R2175,0.0218880373055986,0,0.000762668704774619,0.0441337804387687,0.0687519320311195,0.118907135948126,0.045124123138652,0,0,0,0.0605798922281624,0,0.229556179213068,0,0,0,0,0.000664318451485724,0.0232735728493402,0,0,0.386358359690904,0,0.891073824767525,0.526439925585414
12R2192,0.0175745619463851,0,0,0.0438947613324468,0.0318096968651825,0.234852406251777,0.0428111274489805,0,0,0.0866345036832389,0.0200562878415353,0,0.201302022510464,0,0,0,0.00126316867789529,0.000780234177723063,0.0203384419356433,0,0,0.298682787328728,0,0.87792865699327,0.572608656897117
12R2193,0.00564250325124821,0,0,0.0221289107095407,0.0196267530548441,0.127334334252278,0.0334569486402597,0,0,0.00998355979568653,0.0553610536634511,0,0.189778771021355,0.00294209364860695,0,0,0.00073664790864987,0.00247326411290943,0.0307131174617964,0,0,0.499822042479374,0,0.905992327167563,0.464657585027784
12R2210,0.0104951874463943,0,0.000142430816163006,0.000446479817471694,0.0548869810190037,0.0556910684276992,0.0383227003782425,0,0,0,0.0613284009074183,0,0.291692604504102,0,0,0,0,0.00363245317502574,0.0302165431048868,0,0,0.453145150403592,0,0.91548688305937,0.45246943278548
12R2211,0.0144342331183114,0,4.93795923212263e-05,0.0935786687939418,0.0413781844869816,0.11409353081838,0.0478437476302181,0,0,0,0.0841888500272708,0,0.221061683279839,0.00506617105124194,0,0,0,0.00160028417341888,0.0172532857870814,0,0,0.359451981240994,0,0.882568170195702,0.546527199103898
12R2214,0,0,0.00293311400012433,0.0389126840519568,0.0827951985801114,0.121111966431603,0.0400457682731538,0,0,0.0134329817154211,0.0272406333486123,0,0.257438076808625,0,0,0,0,0.00615195921781442,0.0168670342537304,0,0,0.393070583318848,0,0.885496577421182,0.523938067551041
12R2215,0.00589226544822776,0,0.00136574570617698,0.0511544060741114,0.0965200836468097,0.157997480955046,0.0374734453705965,0,0,0,0.0817966327439303,0,0.206922409033253,0,0,0,0,0.00204644785987026,0.0167078891249679,0,0,0.34212319403701,0,0.905473937002669,0.52891269615043
12R2219,0.000810802726681074,0,0.00214422868824689,0.0504619241299943,0.0481626261307776,0.112534278918185,0.0343162867967565,0,0,0,0.104908048717458,0,0.270388563169665,0.00326503868256986,0,0,0,0.00177683421176743,0.0143930777875637,0,0,0.356838290040335,0,0.900402691505671,0.517995345164421
12R2257,0.0055335644687278,0,0.00238598285461672,0.0628008099064094,0.0377929853778713,0.0995921152175908,0.0984137605390089,0,0,0.0442273837901054,0.0883209085516688,0,0.293888345034688,0,0,0,0,0.00245959605348348,0.0248203204945863,0,0.00199360806149103,0.237770619649753,0,0.882181897828955,0.584858243581755
12R2269,0.0130348809736165,0,0.00165413145210234,0.0577432367646052,0.014275256332992,0.126825635418595,0.0330964697496598,0,0,0.0125054218896606,0.0743985938478098,0,0.324252675264254,0,0,0,0,0.00122775209439545,0.00943897806437059,0,0,0.331546968147938,0,0.918164767255791,0.497869997816887
12R2273,0.013653329892688,0,0,0.0222122453719832,0.0708934967048376,0.141169133266964,0.0605207570145465,0,0,0,0.117336281551017,0,0.252374609562919,0,0,0,0,0.00185672778503928,0.0211665360385253,0,0.00163301104967901,0.297183871761801,0,0.892042920974547,0.558962728716063
12R2392,0.026778643411728,0,0,0.0555400582442101,0.047477084114515,0.155625529469752,0.0493295059663594,0,0,0.00273206047480467,0.0696445659088199,0,0.254897990761436,0,0,0,1.78266879304668e-05,0.000774118242873186,0.0130164571830796,0,0,0.324166159534492,0,0.896437114825532,0.542260215871017
12R2396,0,0.00119434311664136,0,0.0540537128308618,0.0664152438224903,0.0817519940758103,0.0616029635793844,0,0,0,0.0899876750627479,0,0.194785712943646,0,0,0,0,0.0150194212042792,0.00713986877586754,0,0,0.428049064588272,0,0.898904518627,0.502942720657832
13R0029,0.0125032508535641,0,0.00150555002670257,0.0308221013480745,0.016602410081788,0.129943708426948,0.0506009637906732,0,0,0.0253012993320954,0.104620195038758,0,0.297030292301422,0,0,0,0,0.000732726742766586,0.0141657671846185,0,0,0.316171734872589,0,0.90255429848467,0.528670090573839
13R0060,0.0104320591290739,0,0.00108414836430796,0.0498860740135814,0.0255822690442786,0.0894305662649306,0.039765684406075,0,0.000117329299281453,0,0.0635049321828752,0,0.209660755774591,0.00337827609105762,0,0,0,0,0.0364793311945338,0,0,0.470678574235414,0,0.888135698500238,0.499541230262633
13R0062,0.00235603898912474,0,0.00460857621712777,0.0816109525919739,0.0355194212548982,0.121203150479211,0.08623973140631,0,0,0,0.129730122555307,0,0.225233173211201,0.00565871639849737,0,0,0.00284540048172928,0.00680504021724047,0.0244554226998473,0,0,0.273734253497533,0,0.884552064102514,0.579259745249061
13R0070,0.0106169111942582,0,0.00038529633144768,0.0442863367622104,0.0402606795396762,0.107325161896322,0.0606293435810899,0,0,0.0400732877864771,0.119914032749762,0,0.207003638496362,0.00301459656940713,0,0,0.00103604465328566,0.000843541263663875,0.0249016987838731,0,0,0.339709430392164,0,0.886335546216065,0.54977126576437
13R0075,0.00344676428987423,0,0.00152814518815985,0.107343216766362,0.00959540639657582,0.112212985003729,0.0677708557520309,0,0,0,0.0951588185121225,0,0.193917995590184,0.00718304886232367,0,0,0,0,0.0330288700857108,0,0,0.368813893552928,0,0.902784285464175,0.524768163151875
13R0090,0.00518666754185285,0,0,0.0674399784420911,0,0.140875030584821,0.0542682938210591,0,0,0.0116992345065355,0.0924644669363616,0,0.303954541054797,0.0045946851974522,0,0,0,0.00140696853166922,0.0169495057520317,0,0,0.301160627631329,0,0.889582105353663,0.548781335175611
13R0100,0.0141518057308564,0,0.000898083273666367,0,0.0338075415093251,0.114333300674128,0.0550879575833934,0,0,0.0425438319552986,0.111350113696685,0,0.273093720040667,0,0,0,0,0.00370483851024215,0.0203707217697184,0,0.00269563065532278,0.327962454600696,0,0.870605815923617,0.562746086588772
13R0133,0.00512892038204853,0,0.00257458667905282,0.0418844933556542,0.0440441622638767,0.0935989357467581,0.0755632745996974,0,0,0.0121609455503357,0.0894787833800111,0,0.288011973410737,0,0,0,0,0.00376424160310729,0.0252918810748461,0,0,0.318497801953875,0,0.898968895032122,0.537696519500925
13R0285,0,0,0.00202844706072726,0.0115000908493572,0.0273851361577942,0.0612578047979069,0.0394492096979614,0,0,0.0249951867373611,0.0872820175211324,0,0.302071079130888,0,0,0,0,0.00472241069657946,0.0257469392238401,0,0,0.413561678126452,0,0.912451193070015,0.470785070489985
13R0329,0.000145375043757271,0,0.00261416918633402,0,0.103035041069672,0.0759044867587665,0.0377083219529102,0,0,0.025413336946153,0.0446003092781517,0,0.313715706528254,0,0,0,0,0.00447339513267681,0.0267080403241399,0,0,0.365681817779185,0,0.909976252273317,0.495296461376841
13R0332,0.0131452916243035,0,0.00070507420294117,0.0202423606792106,0.0677309949872015,0.0946657955865474,0.0333446004469992,0,0,0,0.0591983436326897,0,0.215969498577838,0.000452727431962827,0,0,0,0.000736034369522507,0.0258292852405085,0,0,0.467979993220275,0,0.924096503047342,0.446337926320832
13R0336,0.000450297518059366,0,0.00353946585932151,0.0249256576716411,0.0363683801480725,0.0528881374296331,0.0346226156118108,0,0,0.0199637140216394,0.0390705421003151,0,0.258326271289291,0,0,0,0,0.00465880573142308,0.0246037639398229,0,0,0.50058234867897,0,0.921874162561148,0.427247539465942
13R0337,0.0118034132711531,0,0.00369892987713351,0.0583383856903112,0.0113152616586012,0.0825241848869931,0.0407909910136158,0,0,0.0344316049300889,0.070568182956999,0,0.347292669305873,0.00689704837884054,0,0,0,0.000553363439568489,0.0178086175729444,0,0,0.313977347017878,0,0.901758940547418,0.520480331005978
13R0338,0.0136264622935925,0,0,0.0273473895553159,0.0362282309614983,0.144982631588514,0.0353580718885991,0,0,0,0.092639220708199,0,0.327296653277509,0,0.000583323290104891,0,0,0.00213916143192175,0.0277237844055636,0,0.00178056643611983,0.290294504163062,0,0.907062488819826,0.532830794075086
13R0382,0,0,0.00104240161729346,0.0378256082406404,0.0264789481411403,0.162669148877315,0.0495789373248667,0,0,0.0340204792727212,0.0637153392055193,0,0.239105847877071,0.00108784251933943,0,0,0,0.00190758171823194,0.0172395820423795,0,0.00286971903005702,0.362458564133425,0,0.876418033239778,0.548519297220891
13R0391,0.0215705014991856,0,0,0,0.0550779377105272,0.132779951253742,0.0226259240538163,0,0,0,0.058575356383972,0,0.197860986946404,0.00129594293548275,0,0,0,0.0010063627628449,0.020489851516291,0,0,0.488717184937734,0,0.916102690411806,0.452028390762247
13R0428,0.000417737229691431,0,0.00120592709055594,0.0397934116131827,0.0334261678155223,0.081985048742453,0.0274650386181042,0,0,0.0116766203487441,0.0498673994312914,0,0.347900029712013,0.00641091554175581,0,0,0,0.00149099395017348,0.0215946904762865,0,0,0.376766019430226,0,0.921961476595906,0.465113033740848
13R0430,0.0183599012383801,0,0,0,0.0619810801265388,0.0935899741140938,0.0356856654079785,0,0,0.00619235141209784,0.0411014305115693,0,0.290397354008069,0.000730933103323872,0,0,0,6.09443785767729e-05,0.037354615338567,0,0,0.414545750360805,0,0.889752507374377,0.506103120316592
13R0432,0.0056562154334205,0,0,0.0331720018211226,0.00590279891238801,0.13714765792681,0.0712574884785553,0,0,0.0356745061792328,0.0936688452419737,0,0.385246526303402,0,0,0,0,0.00421170068308823,0.0265554055415435,0,0.00554676305232927,0.195960090426135,0,0.878777096990108,0.586168812001228
13R0433,0.00753570806518599,0,0.00102199609792067,0.0313395681472298,0.0238774719820244,0.0855398617859004,0.0441839356349095,0,0,0.0115210008908811,0.055269313471435,0,0.259655189587266,0.00150609385300164,0,0,0,0.0010059940946562,0.032972815217801,0,0,0.444571051171788,0,0.902615551913928,0.481336385245713
13R0438,0.0126672351262575,0,0.00170759539347077,0,0.0521580972441822,0.0985673233773188,0.0461661924359192,0,0,0.0294452463554418,0.0716438626033535,0,0.335942112202431,0,0,0,0,0.00467849593915885,0.0202532789701528,0,0,0.326770560352314,0,0.905047857999713,0.515320944364028
13R0451,0.007894977895549,0,0.00200816876212042,0.0320069149543956,0.0582667777412419,0.0707088387509159,0.0687454046562193,0,0,0.0240269365271486,0.0895280982435504,0,0.329905382146003,0.00313958023141401,0,0,0,0.00216795208950067,0.0236042156907555,0,0.0342089192961742,0.253787833015011,0,0.884706641575184,0.570262655033003
13R0495,0,0,0.00925430174436103,0,0.0394803573377412,0.0738299916698292,0.0512943383376235,0,0,0.0374200381197018,0.0455083575977736,0,0.286965096838614,0.00595803354097428,0,0,0.00308514098208169,0.00842447985639877,0.0235430131559676,0,0,0.415236850818934,0,0.902403477223345,0.488901814385925
13R0506,0.00890564434886121,0,0.00186237274855066,0,0.0521639980265699,0.0797271859723324,0.0596539916658095,0,0,0.0343183259113682,0.0716715656826481,0,0.288624476661325,0,0,0,0,0.00152682189464541,0.0285113698332933,0,0,0.373034247254596,0,0.916905599395097,0.488895537196967
13R0509,0.0183596914292196,0,0.00119246724369927,0.0286030102141532,0.0499890487269186,0.164611449144148,0.0613758089829375,0,0,0.0512996930778658,0.0911988327544301,0,0.261311561192848,0,0,0,0,0.00259493658419672,0.0167740958070889,0,0.000871079139657204,0.251818325702837,0,0.855111657406012,0.606434656926784
13R0519,0.0107218214704029,0,0.000946322701565158,0,0.0616691238141628,0.136542520770452,0.0421668620900243,0,0,0.0345334468089331,0.0809521831414769,0,0.310267855521387,0,0,0,0,0.00259193623657434,0.0171470837860125,0,0.00606740249771105,0.296393441161297,0,0.902706746352913,0.535903940561849
13R0704,0.0106461953496184,0,0.00200545636439098,0.0348301578511411,0.0352348656601858,0.0838966358849822,0.0591349259436168,0,0,0.0592722386109134,0.0609229715494739,0,0.359842157218348,0,0,0,0,0.00230792603208962,0.0232488041838985,0,0,0.268657665351342,0,0.908368221592807,0.53149633982305
13R0705,0.00171570093314001,0,0.00168087673237021,0.0168623062413318,0.02460243604586,0.135518654707061,0.0597808746007512,0,0,0.0124256827548759,0.0786789895117128,0,0.329473021786596,0,0,0,0,0.00105542023580803,0.0285412289528298,0,0,0.309664807497663,0,0.907082772599254,0.523740838330985
13R0707,0.00367123541285062,0,0,0.00607296302397998,0.0439439245040825,0.12118612111767,0.0451554249577204,0,0,0,0.0758655519623765,0,0.232708935898562,0.00681859976153687,0,0,0,0.000929070580940454,0.0258207457459993,0,0,0.437827427034281,0,0.926805369265539,0.453960069851138
13R0708,0,0.00185960980167995,0.00414533510198008,0.0071082311775308,0.0889426934161437,0.0718380496240406,0.0377452611453065,0,0,0,0.0618234277761546,0,0.321009958961669,0.000473431639406956,0,0,0.00289016634934413,0.00885941464900472,0.0266004547736045,0,0,0.366703965584135,0,0.890311071662863,0.519736173060306
13R0710,0.0283428349394075,0,0.00125037098749385,0.0777780519046271,0.0589941013050618,0.0950153345224047,0.053571158689521,0,0,0.00476505956477546,0.0631541060742394,0,0.234083760468507,0,0,0,0,0.00201896119548101,0.0190309919894195,0,0,0.361995268359062,0,0.898662582839378,0.527643559738966
13R0711,0.0141846822467421,0,0.000250055313627538,0.0479557238310279,0.0886739672654341,0.11665517219141,0.0551426717173328,0,0,0.0264834283616018,0.139249904354038,0,0.325347680008363,0.00222893547546882,0,0,0,0.00163811325688423,0.015931473233702,0,0.00732395757379082,0.158934235170577,0,0.877363585814723,0.604419419618852
13R0742,0.00745635481443314,0,0.00140532508377463,6.36474451779914e-05,0.0419682501739826,0.047094041530996,0.0533605063897272,0,0,0,0.0710541997652666,0,0.301221850237947,0,0,0,0,0.00415906921190957,0.0346643422605573,0,0,0.437552413086227,0,0.9166520405678,0.45622122129118
13R0753,0.0127018369664853,0,0.00261771569881547,0.0647724779544427,0.00910582214102118,0.122112259875806,0.0461626687625375,0,0,0.0271191809587987,0.0388365513777182,0,0.241922451930496,0.000967443081458127,0,0,0,0.00382270933982715,0.0213011934400699,0,0,0.408557688472524,0,0.909211699026311,0.490847805894565
13R0757,0.0221574631675378,0,0.00266649096881067,0.0405797149650519,0.0398216716799684,0.100694754461876,0.034776663182317,0,0,0,0.0780999522196089,0,0.360766441539936,0,0,0,0,0.00381850759491763,0.0236927899711135,0,0,0.292925550248862,0,0.909963404636131,0.52155523527114
13R0781,0.0295983318727273,0,0,0.0583691624911322,0.100491102859439,0.117840002806971,0.04219077126361,0,0,0,0.0776103519029661,0,0.24562232792612,0,0,0,0.00327662423217891,0.00674660722285596,0.0240962612599548,0,0,0.294158456162045,0,0.90083090515725,0.554160751936573
13R0783,0.00395643592997574,0,0.00263148806788289,0.0715788553058495,0.0502949852636335,0.0934752773816846,0.0740319754951552,0,0,0.0122388126893736,0.0681219216502255,0,0.20755172300867,0.00904669332070204,0,0,0,0.00250212004363827,0.028433245596807,0,0,0.376136466246402,0,0.903950872462585,0.519833649958914
13R0793,0.0146020244264218,0,0,0.0411422178667607,0.154789860983061,0.095564698331453,0.0475945233260688,0,0,0,0.0767822566697387,0,0.238208891014646,0.00123182033015958,0,0,0,0.0010616637757319,0.0297919898409442,0,0,0.299230053435014,0,0.908438439546698,0.54364737590176
13R0803,0.0137685250259109,0,0,0.0492186505678459,0.0669839356868301,0.0984062250638758,0.0463772385625036,0,0,0,0.102202194135949,0,0.259197438209703,0,0,0,0,0.00381385370570639,0.0252766251146493,0,0,0.334755313927026,0,0.878148425363684,0.556852854073046
13R0805,0.00408859876929842,0,0.00223911889452913,0.119150095196347,0.0013481921127242,0.0877403633067149,0.0582012380738145,0,0,0.00237414712550517,0.0869281746339876,0,0.256804773853839,0.00075443210319033,0,0,0,0.00328949358444868,0.0282065550144344,0,0,0.348874817331167,0,0.898475074657076,0.528095410791761
13R0806,0.0103358630248283,0,0.00715347505160156,0.0154021018859293,0.0483271679217499,0.0536633553352924,0.0527272796139027,0,0,0.0149084297184662,0.0477880228752919,0,0.283979258155684,0,0,0,0,0.00411818057612186,0.0222468056888544,0,0,0.439350060152278,0,0.909613644956843,0.469427004224839
13R0807,0.00185276811774504,0,0.00140025234505401,0.037869843954538,0.0496613436251998,0.107848497139885,0.0452956822128657,0,0,0.0212731394146386,0.0708001523981196,0,0.330985673383291,0.00894350369654219,0,0,0,0.00285584243953134,0.0159566159323106,0,0,0.305256685340279,0,0.903996071406893,0.52643524453667
13R0820,0.0187273023323325,0,0.000673924545394648,0.0354422335344626,0.0744546981129111,0.0916299769728529,0.0478603267198918,0,0,0.000219084349134062,0.0634998140610684,0,0.260607045224388,0.0108977942611091,0,0,0,0.00195701347923638,0.0231284374847859,0,0,0.370902348922432,0,0.909152050618547,0.506575750936775
13R0821,0,0,0.00286589852514834,0.0230723253422455,0.0587496210613439,0.13318374087429,0.030091089207974,0,0,0.0235436574097415,0.0445258285554331,0,0.278572390268404,0,0,0,0,0.00390362456391373,0.0178369540711081,0,0,0.383654870120398,0,0.904075879575633,0.500651490849752
13R0825,0,0,0.00259067992035893,0.0428775702549321,0.0143798082525097,0.0864923773531311,0.0750361915584729,0,0,0.0227469702762352,0.0846567706383777,0,0.295725253108646,0.00564411765218116,0,0,0,0.00136327670758596,0.0262814065258934,0,0,0.342205577751675,0,0.885085983959496,0.539780091898134
13R0828,0,0,0.0067660898799071,0.00367993471936334,0.0167776472861177,0.116521906036699,0.0526634928308897,0,0,0.0307068422647685,0.0676173298023249,0,0.282952477098255,0.00302030544815898,0,0,0.000454384043414597,0.00674671638198643,0.0266637882484481,0,0,0.385429085959667,0,0.901643731762588,0.504099069435851
13R0840,0.00664381129138023,0,0.00109586904491546,0.0364691463707464,0.05355490162685,0.0869367165212941,0.0422260023488804,0,0,0,0.105162253197632,0,0.258699750097582,0.00607969854352196,0,0,0,0.00161081546673943,0.0349652764833253,0,0,0.366555759007133,0,0.902452444689709,0.515982111580157
13R0855,0.0106426629027518,0,0.000699870979182975,0,0.0545032969589004,0.0695637366328944,0.0624869357295822,0,0,0.0119762876354171,0.0478900218483741,0,0.274358326707763,0,0,0,0,0.00188647651511216,0.0385118613868034,0,0,0.427480522703218,0,0.894049750488932,0.498621151692197
13R0889,0.0105336503562528,0,0.000148318210729875,0,0.0650132346709973,0.115219959647121,0.0403265893207441,0,0,0,0.102197258558222,0,0.284390157255702,0,0,0,0,0.00101633381682283,0.0285935264151609,0,0,0.352560971748247,0,0.901226296553621,0.519206119945854
13R0898,0.0127016079991596,0,0.000756502130217592,0.0392946956796381,0.0305655134659034,0.111809300381693,0.0556885740766158,0,0,0,0.0682929987214861,0,0.291265558393066,0.00578960454959318,0,0,0,0.0031057103607547,0.0261433635963236,0,0,0.354586570645549,0,0.88565743213143,0.536582615020155
13R0901,0.0123180919690949,0,0,0.0361169652433236,0.0483107614141779,0.0981543821088106,0.0676678127622394,0,0,0.0160464153091358,0.130859930913416,0,0.315101186056983,0,0,0,0.000164334055419294,0.00176875953471094,0.0306658926808464,0,0.00252481294553298,0.24030065500631,0,0.889267855969724,0.572974624710171
13R0903,0.0149032347867992,0,4.27904837090091e-05,0.0173792540927216,0.0981113063932156,0.143542222790376,0.0418498826556477,0,0,0,0.0902745639343813,0,0.297374897490049,0,0,0,0,0,0.0196551521584002,0,0.0181972660197577,0.258669429194943,0,0.916679121026313,0.542728737345539
13R0938,0.00734036688405317,0,0.00291636084837011,0.0021605477834994,0.0236448683789355,0.120258243363574,0.0611854808698672,0,0,0.0180127986249558,0.0810878653414332,0,0.332405890541851,0,0,0,0,0.00147115570040558,0.0356100361346899,0,0,0.313906385528365,0,0.874220759935675,0.558231937967495
13R0950,0.00391858275432727,0,0.00135327855655011,0.00966396694553038,0.0461837081981956,0.195115514098867,0.0912366220509767,0,0,0.0608787617127859,0.128593508359783,0,0.20405113537983,0,0,0,0,0.00273686840669459,0.00953175744838461,0,0.011323995124573,0.235412300963502,0,0.861411139917121,0.607096168605366
13R0952,0.00176302881532716,0,0.00207263692537521,0.0261352703389038,0,0.126459618111039,0.0764024999413897,0,0,0.0277549535427801,0.104396950749086,0,0.343835545790277,0.00306033522069898,0,0,0,0.00248879024151188,0.00596695946531509,0,0.0213280413218408,0.258335369536455,0,0.885773946857344,0.561251715512618
13R0959,0,0,0.00165411447706529,0.0463290689230531,0.0898674693609369,0.0965427776392607,0.0572398527041834,0,0,0.00853582418985947,0.0513064789063983,0,0.265782856726787,0.00309396823882741,0,0,0,0.003744045202572,0.0282613476160173,0,0,0.347642196015039,0,0.898358198579422,0.528746857849314
13R0967,0.0186105751894282,0,0,0.0424972838012749,0.011928934458787,0.122023230510889,0.0831366554453142,0,0,0,0.123186203984966,0,0.255715862881639,0,0,0,0,0.00279474611500235,0.0280265687510575,0,0,0.312079938861643,0,0.88928393810923,0.556453856971768
13R0972,0.0288793419292328,0,0.0013366301006852,0.0541061087490883,0.0403450376391398,0.114756406548796,0.0524260175026787,0,0,0.00909191991478478,0.0863041102854957,0,0.305022520164695,0.000473319320287202,0,0,0,0.00261861921562728,0.0312268088497572,0,0.00346313932661869,0.269950020453113,0,0.901264136639415,0.554894899131636
13R1012,0.0033772394072663,0,0.00359372293273473,0.0384896845329857,0.06193897673386,0.0885683396558902,0.0636538382070233,0,0,0.0303550339367892,0.0820165423304977,0,0.270418169470435,0,0,0,0,0.00208528610019951,0.0126875646019299,0,0,0.342815602090389,0,0.906406843840102,0.518335410952447
13R1018,0.0102087088230083,0,0.00123591749284792,0.000595082529702125,0.0514970668860947,0.107203969946883,0.0710177574732338,0,0,0,0.116637023052976,0,0.294668723621117,0,0,0,0,0.00278426124721292,0.0409155476793329,0,0,0.303235941247591,0,0.872297932015139,0.572324698920721
13R1028,0.021534056753106,0,0.000918100678921552,0.0155961844862471,0.0553653937360779,0.128067375661287,0.052026041747243,0,0,0.00165853563626492,0.0835471085325301,0,0.321486617736778,0.00122730817062107,0,0,0.000226903872707036,5.82254714343773e-05,0.0340833130458836,0,0.002956004588806,0.281248829882093,0,0.898426762779605,0.55008176906885
13R1050,0.00480848128830695,0,0.00179311918617037,0.00792251502205246,0.0504416591172722,0.109612266896448,0.0414457788499764,0,0,0.0303733269232142,0.0560013488836318,0,0.275452709989066,0.00277822737829599,0,0,0,0.00324313567991041,0.0183015123349413,0,0,0.397825918450714,0,0.903619070208155,0.495983314152482
13R1051,0.00753846774270296,0,0.00415289026393235,0.0334093565446031,0.0328216566090351,0.113488156716261,0.0619528352530309,0,0,0.0331596534320167,0.0866381994158483,0,0.270287631544972,0,0,0,0,0.00170504847727287,0.0162126374816253,0,0,0.338633466518699,0,0.882489064265086,0.547493691463465
13R1054,0.00426292917648192,0,0.0056556932381991,0.00265892513453909,0.0701470556124969,0.141519346685843,0.0379461386787303,0,0,0.0321248903970166,0.0349922106731377,0,0.274194789149035,0,0,0,0.00578262986221997,0.00875996858151686,0.025954551119439,0,0,0.356000871691345,0,0.898602394860575,0.52293425362025
13R1191,0.0111057325080661,0,0.000810212354503111,0.0619748837351563,0.0175809154986332,0.142229385846034,0.0532207039826666,0,0,0.073474240143401,0.0941309310826154,0,0.267178171765179,0,0,0,0,0.00131200328396892,0.0168594493079902,0,0.00079375791145131,0.259329612580335,0,0.909499210265109,0.545598396233293
13R1193,0.00671827067597385,0,0.00369618736538187,0.0630697422530122,0.0400817219745075,0.153648873244973,0.0497423925149711,0,0,0.0605453101783689,0.00943291674046758,0,0.277582731545627,0,0,0,0,0.00196461607607784,0.0249896904206087,0,0,0.308527547010031,0,0.874569365543273,0.565900769772468
13R1199,0.0168871696059705,0,0.00339611376957997,0.0345130194835401,0.0514417446758205,0.132037169925639,0.0530485876888742,0,0,0,0.059346304215566,0,0.21188817409254,0,0,0,0.00303678375634601,0.00198550999169861,0.0344970170127685,0,0,0.397922405781657,0,0.912630585529736,0.499883697440854
13R1200,0.014793007828913,0,0.00154930735167847,0.0208976373976624,0.0373240744173536,0.122598602433484,0.0704288845562138,0,0,0,0.0816851167356408,0,0.210894982769267,0.00183763535944014,0,0,0,0.00187456191209323,0.0232946031321294,0,0,0.412821586106125,0,0.909594487421111,0.495972587538995
13R1484,0.0144355117417793,0,0,0.000208436146014826,0.0325182360023508,0.0937831258880638,0.0485200394692683,0,0,0.0226221554611541,0.0693614394166322,0,0.296922782019634,0,0,0,0,0.00891869927127851,0.0334136206363287,0,0,0.379295953947495,0,0.892794572834334,0.515888136281769
13R1493,0.0100223645058589,0,0.000574561157135307,0.0114825382296396,0.0123767364312074,0.144603678279214,0.0402536556564138,0,0,0.0204503468309322,0.101223491340635,0,0.315760951362294,0.000992917259507102,0,0,0,0.00185442313526626,0.0131190075402664,0,0.00210822991158999,0.325177098360041,0,0.908189741101177,0.51429584178945
