title,gsm,bipolar disorder diagnosis,age,Sex,"lithium use (non-user=0, user = 1)",tobacco_observed,assessment group,tissue/cell type,rin,sequencing plate,sequencing metric pc1,sequencing metric pc2,sequencing metric pc3,b.cells.naive,b.cells.memory,plasma.cells,t.cells.cd8,t.cells.cd4.naive,t.cells.cd4.memory.resting,t.cells.cd4.memory.activated,t.cells.follicular.helper,t.cells.regulatory,t.cells.gamma.delta,nk.cells.resting,nk.cells.activated,monocytes,macrophages.m0,macrophages.m1,macrophages.m2,dendritic.cells.resting,dendritic.cells.activated,mast.cells.resting,mast.cells.activated,eosinophils,neutrophils,included in final analysis,qc_pass,n_missing_covariates,library_size,rin_value,depth_ok,rin_ok,tobacco_was_imputed,tobacco_imp_01,tobacco_imp_02,tobacco_imp_03,tobacco_imp_04,tobacco_imp_05,tobacco_imp_06,tobacco_imp_07,tobacco_imp_08,tobacco_imp_09,tobacco_imp_10,tobacco_imp_11,tobacco_imp_12,tobacco_imp_13,tobacco_imp_14,tobacco_imp_15,tobacco_imp_16,tobacco_imp_17,tobacco_imp_18,tobacco_imp_19,tobacco_imp_20,tobacco_posterior_mean
089357B,GSM3529118,Control,18.97,F,0,0.0,B,peripheral whole blood,6.9,2,-0.023475009,0.044046716,-0.061617807,0.0133435430557554,0.0,0.0,0.0,0.101496812771541,0.0462787928097621,0.0383306978784786,0,0,0.0,0.06675742731052,0.0,0.194928329649606,0.0,0,0.0,0.0,0.0052142070684652,0.0399506539293177,0,0.0,0.493699535526551,True,True,0,4592622,6.9,True,True,False,0,0,0,0,0,0,0,0,0,0,0,0,0,0,0,0,0,0,0,0,0.0
089366A,GSM3529119,Control,19.09,F,0,0.0,B,peripheral whole blood,7.6,2,-0.031476549,0.017792542,-0.04049507,0.0369304772440304,0.0,0.0,0.0181538248753194,0.164901270883605,0.0674669069864005,0.0564865570633199,0,0,0.0,0.0768796764773269,0.0,0.199904417560735,0.0,0,0.0,0.0,0.0059258211403861,0.0212590074348519,0,0.0,0.352092040334022,True,True,0,6291661,7.6,True,True,False,0,0,0,0,0,0,0,0,0,0,0,0,0,0,0,0,0,0,0,0,0.0
089412B,GSM3529120,Control,23.28,F,0,1.0,B,peripheral whole blood,8.0,2,-0.040610444,0.009518688,0.049744052,0.0161027641961825,0.0,0.0,0.0,0.113807259173797,0.075937986891285,0.0541522664172938,0,0,0.0,0.0496117382553681,0.0,0.186778645036756,0.0,0,0.0,0.0,0.0067102832106541,0.0335926671603254,0,0.0,0.463306389658336,True,True,0,8816814,8.0,True,True,False,1,1,1,1,1,1,1,1,1,1,1,1,1,1,1,1,1,1,1,1,1.0
089425B,GSM3529121,Control,47.22,F,0,0.0,B,peripheral whole blood,6.6,2,-0.021941952,-0.005416907,-0.071364229,0.0439615252377914,0.0,0.0,0.0335931159544542,0.239268103615437,0.125923995383207,0.0225527184716586,0,0,0.0,0.051919260821663,0.0,0.163928524950824,0.0,0,0.0,0.0,0.0054885537911832,0.0205836398504812,0,0.0,0.292780561923299,True,True,0,6408835,6.6,True,True,False,0,0,0,0,0,0,0,0,0,0,0,0,0,0,0,0,0,0,0,0,0.0
089687A,GSM3529122,Control,52.37,F,0,0.0,B,peripheral whole blood,7.5,2,-0.010074485,0.145377204,-0.002833439,0.0468962506128934,0.0,0.0008,0.0208426724630247,0.103588231815739,0.0840261469943631,0.0356900495468538,0,0,0.0,0.0231772280832373,0.0,0.178051948881782,0.0,0,0.0,0.0,0.0009,0.0313372834759604,0,0.0,0.474658201459227,True,True,0,3731188,7.5,True,True,False,0,0,0,0,0,0,0,0,0,0,0,0,0,0,0,0,0,0,0,0,0.0
089851B,GSM3529123,Control,35.86,F,0,1.0,B,peripheral whole blood,7.1,2,-0.016315454,0.026508841,-0.093851229,0.0720065875104601,0.0,0.0,0.0247798117595443,0.163261063840945,0.0314308918641288,0.0280143776151915,0,0,0.0,0.0723255515519103,0.0,0.189120887275603,0.0,0,0.0,0.0,0.003388389648951,0.0230872398253327,0,0.0,0.392585199107931,True,True,0,4541197,7.1,True,True,False,1,1,1,1,1,1,1,1,1,1,1,1,1,1,1,1,1,1,1,1,1.0
099147B,GSM3529124,Control,25.65,F,0,1.0,B,peripheral whole blood,7.9,2,-0.032607024,0.008948625,0.048311106,0.0780547882688918,0.0,0.0031536945416007,0.0106373078239957,0.206785830520411,0.100203020524082,0.0454737315755269,0,0,0.0,0.0446382203210866,0.0,0.262616150484801,0.0,0,0.0,0.0,0.0046467361629509,0.0291909215768442,0,0.0,0.214599598199807,True,True,0,7614585,7.9,True,True,False,1,1,1,1,1,1,1,1,1,1,1,1,1,1,1,1,1,1,1,1,1.0
099175B,GSM3529125,Control,55.5,F,0,1.0,B,peripheral whole blood,7.0,2,-0.0257757,-0.002685976,-0.00939099,0.0441810988776673,0.0,0.0,0.0074631894279794,0.117492347788164,0.0294866919248715,0.0141383243427334,0,0,0.0,0.0306459138876282,0.0,0.356337376298351,0.0,0,0.0,0.0,0.0061378966664397,0.0284646471770131,0,0.0,0.36565251360915,True,True,0,6809483,7.0,True,True,False,1,1,1,1,1,1,1,1,1,1,1,1,1,1,1,1,1,1,1,1,1.0
099192A,GSM3529126,Control,51.16,F,0,0.0,B,peripheral whole blood,7.3,2,-0.020268149,0.006027131,-0.025073471,0.0106190416323832,0.0,0.0,0.005328048884829,0.0692067652759852,0.0366026374104272,0.0406953749101438,0,0,0.0,0.0410533740177176,0.0,0.238308032720108,0.0,0,0.0,0.0,0.0057215516423178,0.025979042561295,0,0.0,0.526486130944792,True,True,0,8602352,7.3,True,True,False,0,0,0,0,0,0,0,0,0,0,0,0,0,0,0,0,0,0,0,0,0.0
099207A,GSM3529127,Control,50.8,F,0,0.0,B,peripheral whole blood,7.3,2,-0.000746614,0.183381951,0.032083002,0.0183581841750057,0.0,0.0,0.0260326773381494,0.109688694124003,0.0440104562772553,0.0691352350836116,0,0,0.0,0.0643837275213115,0.0,0.219248736282039,0.0,0,0.0,0.0,0.0040041526435905,0.0226289759732223,0,0.0,0.42250916058181,True,True,0,2390714,7.3,False,True,False,0,0,0,0,0,0,0,0,0,0,0,0,0,0,0,0,0,0,0,0,0.0
099219A,GSM3529128,Control,22.78,F,0,0.0,B,peripheral whole blood,8.5,2,-0.045158284,0.05364793,-0.088872327,0.0571144482546706,0.0,0.0005,0.0,0.128764342072742,0.0190835087248853,0.0604388137967755,0,0,0.0,0.0572270918110142,0.0,0.163386253989184,0.0,0,0.0,0.0,0.0053515132608922,0.0321888211923868,0,0.0,0.475993145388279,True,True,0,3528054,8.5,True,True,False,0,0,0,0,0,0,0,0,0,0,0,0,0,0,0,0,0,0,0,0,0.0
099328A,GSM3529130,Control,23.02,F,0,0.0,B,peripheral whole blood,6.4,2,-0.045462527,0.025145342,-0.075472859,0.0167957307377782,0.0,0.0,0.0067478607577107,0.151372236887946,0.0222117789112592,0.0356093937679665,0,0,0.0,0.118657870834757,0.0,0.273105511276044,0.0,0,0.0,0.0,0.0053095062711912,0.0150263870575887,0,0.0,0.355163723497756,True,True,0,4372354,6.4,True,True,False,0,0,0,0,0,0,0,0,0,0,0,0,0,0,0,0,0,0,0,0,0.0
099329A,GSM3529131,Control,32.29,F,0,0.0,B,peripheral whole blood,7.6,2,-0.032947541,0.032956973,-0.098184036,0.00881235020553,0.0,0.0,0.0,0.0624857509803739,0.0466184410029822,0.0478373350618834,0,0,0.0,0.066554501299562,0.0,0.269753023939124,0.0,0,0.0,0.0,0.0027321074333194,0.0212296675495116,0,0.0,0.473976822527713,True,True,0,4175731,7.6,True,True,False,0,0,0,0,0,0,0,0,0,0,0,0,0,0,0,0,0,0,0,0,0.0
099394A,GSM3529132,Control,30.38,F,0,0.0,B,peripheral whole blood,7.2,1,-0.006207711,-0.023458947,-0.058718408,0.027322389740099,0.0,0.0,0.0,0.0805327964104844,0.0373262722228644,0.0626257649423269,0,0,0.0,0.056449871837119,0.0,0.176140656448075,0.0,0,0.0,0.0,0.0045127962221528,0.0365458360530839,0,0.0,0.518543616123793,True,True,0,8105558,7.2,True,True,False,0,0,0,0,0,0,0,0,0,0,0,0,0,0,0,0,0,0,0,0,0.0
099407A,GSM3529133,Control,43.89,F,0,0.0,B,peripheral whole blood,7.8,2,-0.014987986,0.071295974,-0.115942086,0.0462638053541029,0.0,0.0,0.0263614352373452,0.193787331873191,0.0452953698669812,0.0304603358488048,0,0,0.0,0.0819556259184736,0.0,0.238717987624111,0.0,0,0.0,0.0,0.0072934901776023,0.0149156889763199,0,0.0,0.314948929123066,True,True,0,2199396,7.8,False,True,False,0,0,0,0,0,0,0,0,0,0,0,0,0,0,0,0,0,0,0,0,0.0
099408A,GSM3529134,Control,29.22,F,0,0.0,B,peripheral whole blood,8.2,2,-0.036451538,0.062091439,-0.105885433,0.03433864826923,0.0,0.0,0.0190786264876719,0.137520100993225,0.050658194052209,0.0625274659085682,0,0,0.0,0.0951349875842817,0.0,0.141239725507934,0.0,0,0.0,0.0,0.0044946269837609,0.0159072050812033,0,0.0,0.439100419131914,True,True,0,2196748,8.2,False,True,False,0,0,0,0,0,0,0,0,0,0,0,0,0,0,0,0,0,0,0,0,0.0
099598A,GSM3529135,Control,53.27,F,0,0.0,B,peripheral whole blood,7.3,2,-0.021194276,0.027533975,-0.105817271,0.0191305625969696,0.0,0.0,0.0,0.267465588924385,0.0977597296191712,0.0458773648043959,0,0,0.0,0.148013085564444,0.0,0.166742766147384,0.0,0,0.0,0.0,0.0064876775821047,0.0098232625942298,0,0.0,0.238699962166914,True,True,0,4100084,7.3,True,True,False,0,0,0,0,0,0,0,0,0,0,0,0,0,0,0,0,0,0,0,0,0.0
108032A,GSM3529136,Control,50.58,F,0,0.0,B,peripheral whole blood,7.8,2,-0.018828161,0.044543313,-0.102388792,0.0393551162294549,0.0,0.0,0.0,0.0692446882660793,0.0847201543185238,0.0298890322091497,0,0,0.0,0.0548552371205359,0.0,0.14297069414128,0.0,0,0.0,0.0,0.0,0.0228568177376637,0,0.0,0.556108259977311,True,True,0,3654965,7.8,True,True,False,0,0,0,0,0,0,0,0,0,0,0,0,0,0,0,0,0,0,0,0,0.0
108082A,GSM3529137,Control,33.42,F,0,0.0,B,peripheral whole blood,8.4,2,-0.032349593,0.054317912,-0.093222647,0.0007,0.0,0.0003,0.0,0.073991942883074,0.0421092364947978,0.0462923305501016,0,0,0.0,0.110458448010138,0.0,0.28315619786021,0.0,0,0.0,0.0,0.001920258280104,0.0281247083015364,0,0.0,0.412965058751979,True,True,0,3129616,8.4,True,True,False,0,0,0,0,0,0,0,0,0,0,0,0,0,0,0,0,0,0,0,0,0.0
108180B,GSM3529138,Control,47.2,F,0,1.0,B,peripheral whole blood,8.7,2,-0.019598209,0.011826111,-0.015340915,0.0282638186946035,0.0,0.0001,0.0159049045218623,0.0641289400181144,0.0613783465786575,0.0415389534948886,0,0,0.0,0.0393549054377391,0.0,0.196487786612842,0.0,0,0.0,0.0,0.00239232836498,0.0272911065547519,0,0.0,0.523189659411875,True,True,0,7974034,8.7,True,True,False,1,1,1,1,1,1,1,1,1,1,1,1,1,1,1,1,1,1,1,1,1.0
108338A,GSM3529139,Control,36.16,F,0,,B,peripheral whole blood,7.3,2,-0.015029728,-0.001442158,0.043281146,0.0149759965897053,0.0,0.0,0.0,0.106754707554218,0.0144000048917018,0.0539608170213154,0,0,0.0012357064355759,0.0582174742227516,0.0,0.348021154551038,0.0,0,0.0,0.0,0.0281767293093631,0.0285803547238728,0,0.0,0.345677054700457,False,False,1,9134944,7.3,True,True,True,0,1,0,0,0,0,0,1,0,0,0,0,0,0,0,0,0,0,1,0,0.15
108350A,GSM3529140,Control,55.74,F,0,1.0,B,peripheral whole blood,7.1,2,-0.033846286,-0.008680983,-0.002364733,0.0435673394607941,0.0,0.0,0.0,0.0943983897537253,0.0842401630037639,0.0397213549331858,0,0,0.0,0.0533751353251337,0.0,0.281081950291692,0.0,0,0.0,0.0,0.0021710017804991,0.023370011698961,0,0.0,0.378074653752243,True,True,0,7066780,7.1,True,True,False,1,1,1,1,1,1,1,1,1,1,1,1,1,1,1,1,1,1,1,1,1.0
108499A,GSM3529141,Control,30.12,M,0,1.0,B,peripheral whole blood,8.2,1,-0.027472191,0.128137653,-0.00215525,0.0138998653450853,0.0,0.0,0.0150100477157205,0.106448648924229,0.042116951657864,0.0296362581747241,0,0,0.0,0.034792308116595,0.0,0.299874002538302,0.0041628030926577,0,0.0,0.0,0.0034160221481768,0.0342409678007266,0,0.0,0.416368751974205,True,True,0,3621256,8.2,True,True,False,1,1,1,1,1,1,1,1,1,1,1,1,1,1,1,1,1,1,1,1,1.0
108555A,GSM3529142,Control,33.36,M,0,,B,peripheral whole blood,7.1,1,-0.056121555,-0.009343539,-0.031428809,0.0235265737637386,0.0,0.0,0.0493040963704495,0.133814894682684,0.0251044102355953,0.0320385864814301,0,0,0.0,0.0589346787435518,0.0,0.352047418459561,0.0,0,0.0,0.0,0.0048221932249245,0.0255577882678216,0,0.0,0.294849359770242,False,False,1,5958452,7.1,True,True,True,0,1,0,0,0,0,0,0,0,1,0,0,0,1,0,1,0,0,1,0,0.25
108611B,GSM3529143,Control,28.18,M,0,0.0,B,peripheral whole blood,8.0,1,-0.048911113,0.015139179,-0.036700842,0.0496798630073115,0.0,0.0018681151592142,0.0,0.214179831145915,0.042423171680983,0.0423443736146099,0,0,0.0,0.116571470109845,0.0,0.277095194598483,0.0,0,0.0,0.0,0.0076255590413511,0.0112076455275676,0,0.0,0.237004776114718,True,True,0,5742785,8.0,True,True,False,0,0,0,0,0,0,0,0,0,0,0,0,0,0,0,0,0,0,0,0,0.0
108741B,GSM3529144,Control,45.14,M,0,0.0,B,peripheral whole blood,7.6,1,-0.093286531,0.00370059,0.002836472,0.0242522101795517,0.0,0.0008,0.0,0.243660807787025,0.0448766128165166,0.0531119147894228,0,0,0.0109241731260702,0.068410836887292,0.0,0.167024775495947,0.0,0,0.0,0.0022230076981734,0.0090747470185054,0.04667937576104,0,0.0,0.328944145395596,True,True,0,5054519,7.6,True,True,False,0,0,0,0,0,0,0,0,0,0,0,0,0,0,0,0,0,0,0,0,0.0
108747B,GSM3529145,Control,48.63,F,0,1.0,B,peripheral whole blood,7.3,1,-0.096733331,0.004261407,-0.02609584,0.0324690415816513,0.0,0.0,0.0010946541547893,0.143382723975089,0.0836643745357649,0.0410785445629655,0,0,0.0002,0.0610681803850121,0.0,0.305989055070367,0.0,0,0.0,0.0,0.005048937949849,0.0213859960546969,0,0.0,0.30465127628507,True,True,0,4567266,7.3,True,True,False,1,1,1,1,1,1,1,1,1,1,1,1,1,1,1,1,1,1,1,1,1.0
108765B,GSM3529146,Control,50.74,M,0,0.0,B,peripheral whole blood,7.5,1,-0.084177634,-0.001053685,0.014716824,0.0034472113894866,0.0,0.0001,0.0,0.130987467443737,0.0765379216455811,0.0393122085121376,0,0,0.0202309092494208,0.0500878467144456,0.0,0.295339923031907,0.0,0,0.0,0.0,0.0045629089814999,0.0287762314510816,0,0.0,0.350589287772548,True,True,0,5627645,7.5,True,True,False,0,0,0,0,0,0,0,0,0,0,0,0,0,0,0,0,0,0,0,0,0.0
108816A,GSM3529148,Control,27.14,M,0,,B,peripheral whole blood,7.0,1,-0.08412502,-0.00898962,-0.058284414,0.0851425652207461,0.0,0.0014052545606991,0.0179759495213316,0.130396150964928,0.11914920650883,0.0508623504394743,0,0,0.0,0.125880791833284,0.0,0.291163599653127,0.0,0,0.0,0.0,0.0011133551094622,0.0143618264635874,0,0.0,0.162548949724528,False,False,1,4652316,7.0,True,True,True,0,0,0,0,0,0,0,0,0,0,1,1,0,0,0,0,0,0,0,1,0.15
108844A,GSM3529149,Control,29.15,M,0,,B,peripheral whole blood,7.9,1,-0.044032938,0.058598164,-0.079580872,0.0297484717252911,0.0,0.0037439059786868,0.0480921383696835,0.0856320990243178,0.0418241238422871,0.0329867149219485,0,0,0.0,0.0813596784463376,0.0,0.28514311245172,0.0038434522278156,0,0.0,0.0,0.0033310102509654,0.0218719030924641,0,0.0,0.362423389668481,False,False,1,3067310,7.9,True,True,True,0,0,0,0,0,0,0,0,0,0,0,0,1,1,0,0,1,0,0,0,0.15
108857A,GSM3529150,Control,23.1,M,0,1.0,B,peripheral whole blood,7.8,1,-0.035454798,-0.013436362,-0.024167873,0.0193592362929861,0.0,0.0,0.0193917953567112,0.131911064201276,0.0499238730446061,0.0433776945376017,0,0,0.0,0.0966593490539694,0.0,0.235034274877656,0.0018267271272828,0,0.0,0.0,0.0030940349531615,0.0306515410048836,0,0.0,0.368770409549864,True,True,0,7765342,7.8,True,True,False,1,1,1,1,1,1,1,1,1,1,1,1,1,1,1,1,1,1,1,1,1.0
108931A,GSM3529151,Control,46.37,F,0,0.0,B,peripheral whole blood,7.3,1,-0.099335329,0.007065547,-0.036883726,0.0135090721109656,0.0,0.0,0.0071828051446811,0.183223147108169,0.0419879417413131,0.0395012360932554,0,0,0.0,0.0822448951498081,0.0,0.268146958942944,0.0,0,0.0,0.0,0.0035666388895938,0.0259111572834825,0,0.0,0.334726147535786,True,True,0,3867446,7.3,True,True,False,0,0,0,0,0,0,0,0,0,0,0,0,0,0,0,0,0,0,0,0,0.0
108932A,GSM3529152,Control,53.37,M,0,,B,peripheral whole blood,7.8,1,-0.112441699,0.006977035,0.004672785,0.0423179579931657,0.0,0.0,0.0,0.183179555568906,0.0572316860499468,0.073635993303023,0,0,0.0334333767220913,0.0204382015337183,0.0,0.295532057783822,0.0,0,0.0,0.0,0.006184614659271,0.0370810968785737,0,0.0,0.250965459507481,False,False,1,4595273,7.8,True,True,True,0,0,0,0,0,0,0,0,0,0,0,0,0,0,0,0,0,1,1,0,0.1
108981B,GSM3529153,Control,28.38,M,0,,B,peripheral whole blood,6.2,1,-0.072106708,0.026186541,-0.055107873,0.0130212331612291,0.0,0.0,0.0384288719036526,0.0966719150697837,0.0421894246942675,0.041402731727124,0,0,0.0,0.0837933077247692,0.0,0.204581975217727,0.0,0,0.0,0.0,0.0042516705101703,0.0265635165393183,0,0.0,0.449095353451957,False,False,1,3925061,6.2,True,True,True,1,0,0,0,1,1,1,1,0,0,0,0,0,0,0,0,0,1,0,0,0.3
108983B,GSM3529154,Control,43.13,M,0,0.0,B,peripheral whole blood,7.5,1,-0.109107618,-0.000634022,-0.019620286,0.0119381314600718,0.0,0.0,0.0,0.0726005952458558,0.0163711123425255,0.0364085333483732,0,0,0.0,0.0533696465117778,0.0,0.220689527078414,0.0,0,0.0,0.0,0.001,0.0264247919479075,0,0.0,0.561230157980683,True,True,0,4415470,7.5,True,True,False,0,0,0,0,0,0,0,0,0,0,0,0,0,0,0,0,0,0,0,0,0.0
108990A,GSM3529155,Control,39.9,F,0,1.0,B,peripheral whole blood,7.3,1,-0.053126655,-0.007603595,0.005923725,0.0192686565165393,0.0,0.0,0.0478353909012895,0.184850985788092,0.0649790043392903,0.0582187720199966,0,0,0.0,0.0432297983506892,0.0,0.19926172774464,0.0,0,0.0,0.0,0.0067629960346988,0.0202407766451934,0,0.0,0.35535189165957,True,True,0,7158353,7.3,True,True,False,1,1,1,1,1,1,1,1,1,1,1,1,1,1,1,1,1,1,1,1,1.0
109014B,GSM3529156,Control,37.55,M,0,0.0,B,peripheral whole blood,7.0,1,-0.072956475,0.003265021,-0.039692463,0.0412415781285537,0.0,0.0028235546116087,0.0337700269003524,0.177482112471254,0.0481664783698236,0.0318490806029229,0,0,0.0,0.0869719509700652,0.0,0.325876672618981,0.0192355000453095,0,0.0,0.0,0.0072076099949315,0.019056187387068,0,0.0,0.206319247899128,True,True,0,5053099,7.0,True,True,False,0,0,0,0,0,0,0,0,0,0,0,0,0,0,0,0,0,0,0,0,0.0
109042B,GSM3529157,Control,54.32,F,0,1.0,B,peripheral whole blood,6.5,1,-0.068612176,-0.010697226,-0.033076369,0.046039688418637,0.0,0.0,0.0,0.112907717161786,0.096529018063388,0.0191384308107519,0,0,0.0,0.0196560142593142,0.0,0.211804954943962,0.0,0,0.0,0.0,0.0047908124577499,0.0238694247174263,0,0.0,0.465263939166983,True,True,0,5434938,6.5,True,True,False,1,1,1,1,1,1,1,1,1,1,1,1,1,1,1,1,1,1,1,1,1.0
109056A,GSM3529158,Control,19.13,M,0,0.0,B,peripheral whole blood,7.7,1,-0.121976128,0.003121942,-0.043286642,0.0663917106685424,0.0,0.0,0.0,0.184443877761322,0.0601782674914964,0.0286530326723576,0,0,0.0,0.0670665426908314,0.0,0.295738408610304,0.0,0,0.0,0.0,0.0055806195532774,0.0305206937304192,0,0.0,0.261426846821448,True,True,0,3426564,7.7,True,True,False,0,0,0,0,0,0,0,0,0,0,0,0,0,0,0,0,0,0,0,0,0.0
109078B,GSM3529159,Control,42.39,F,0,0.0,B,peripheral whole blood,8.0,1,-0.099279478,0.02240018,-0.015110314,0.0074107725095,0.0,0.0,0.0366453849461896,0.126538270094412,0.0280674369377057,0.0254542910812587,0,0,0.0,0.0853712971258167,0.0,0.356086863580699,0.0,0,0.0,0.0,0.0055339972632583,0.0311846779613854,0,0.0,0.297707008499772,True,True,0,4067372,8.0,True,True,False,0,0,0,0,0,0,0,0,0,0,0,0,0,0,0,0,0,0,0,0,0.0
109087A,GSM3529160,Control,24.2,F,0,0.0,B,peripheral whole blood,7.5,1,-0.05941531,0.028644546,-0.066514837,0.0334374358360792,0.0,0.0,0.0,0.201479525143735,0.105503348201673,0.0263881277746796,0,0,0.0,0.056412884404936,0.0,0.373486627872852,0.006679598169334,0,0.0,0.0,0.0099042968549097,0.0107640456687601,0,0.0,0.17594411007304,True,True,0,4110644,7.5,True,True,False,0,0,0,0,0,0,0,0,0,0,0,0,0,0,0,0,0,0,0,0,0.0
109088B,GSM3529161,Control,47.27,M,0,0.0,B,peripheral whole blood,7.6,1,-0.070411845,0.020810271,-0.046516275,0.0290040074906754,0.0,0.0,0.0046397255042438,0.144822387885626,0.0517865589278475,0.0234010657630822,0,0,0.0,0.054483082687818,0.0,0.210775131082269,0.0,0,0.0,0.0,0.0040868462365906,0.0156134731339599,0,0.0,0.461387721287886,True,True,0,4010480,7.6,True,True,False,0,0,0,0,0,0,0,0,0,0,0,0,0,0,0,0,0,0,0,0,0.0
109089A,GSM3529162,Control,39.9,M,0,0.0,B,peripheral whole blood,7.4,1,-0.072042748,-0.00068812,-0.018626559,0.0259428503253893,0.0,0.0,0.0,0.209718550015833,0.0816037859348836,0.0238366695666719,0,0,0.0,0.0606420854940241,0.0,0.220272586188809,0.0,0,0.0,0.0,0.0085500685896501,0.0085547708987634,0,0.0,0.360878632985974,True,True,0,5784202,7.4,True,True,False,0,0,0,0,0,0,0,0,0,0,0,0,0,0,0,0,0,0,0,0,0.0
109105B,GSM3529163,Control,48.11,F,0,1.0,B,peripheral whole blood,6.9,1,-0.039323458,0.019858839,-0.051169334,0.0131532291431095,0.0,0.0,0.0,0.150933060203048,0.0531563421220206,0.0204788386598471,0,0,0.0,0.0622448882541387,0.0,0.199943285679211,0.0,0,0.0,0.0,0.0053481577131275,0.0124150121766416,0,0.0,0.482327186048854,True,True,0,4847044,6.9,True,True,False,1,1,1,1,1,1,1,1,1,1,1,1,1,1,1,1,1,1,1,1,1.0
109106B,GSM3529164,Control,46.58,M,0,0.0,B,peripheral whole blood,8.5,1,-0.052151432,-0.008330544,-0.026171377,0.0343674770381626,0.0,0.0,0.0,0.190230052635087,0.0694204699346494,0.0462370678732875,0,0,0.0,0.116387440179242,0.0,0.165357568114098,0.0,0,0.0,0.0,0.0045848669419566,0.02067868009447,0,0.0,0.352736377189044,True,True,0,5700454,8.5,True,True,False,0,0,0,0,0,0,0,0,0,0,0,0,0,0,0,0,0,0,0,0,0.0
109137A,GSM3529165,Control,53.08,F,0,1.0,B,peripheral whole blood,6.8,1,-0.061918735,0.010652658,-0.008911675,0.0237730183852964,0.0,0.0,0.0028400566172279,0.14216467784799,0.0802449236269423,0.0189039160513241,0,0,0.0,0.0380908027377752,0.0,0.295538906410237,0.0,0,0.0,0.0,0.0051932602356236,0.0267466107732201,0,0.0,0.366503827314361,True,True,0,5432014,6.8,True,True,False,1,1,1,1,1,1,1,1,1,1,1,1,1,1,1,1,1,1,1,1,1.0
109138B,GSM3529166,Control,46.32,M,0,1.0,B,peripheral whole blood,6.7,1,-0.032828808,0.027615831,0.055634321,0.0103421576177886,0.0,0.0,0.0,0.103990743230046,0.0260794820846783,0.041974810536158,0,0,0.0033991067125725,0.0299070276803028,0.0,0.236554942786482,0.0,0,0.0,0.0,0.0054086628958326,0.0252640999975361,0,0.0,0.517078966458602,True,True,0,7019753,6.7,True,True,False,1,1,1,1,1,1,1,1,1,1,1,1,1,1,1,1,1,1,1,1,1.0
109156B,GSM3529167,Control,25.26,F,0,0.0,B,peripheral whole blood,7.6,1,-0.004932328,-0.012535164,0.031437352,0.0380216919496836,0.0,0.0,0.0,0.126207006260036,0.0443853029661282,0.0248996587516472,0,0,0.0,0.0447243263052426,0.0,0.302650889564474,0.0,0,0.0,0.0,0.0058854599448663,0.0179883781000163,0,0.0,0.395237286157904,True,True,0,9457003,7.6,True,True,False,0,0,0,0,0,0,0,0,0,0,0,0,0,0,0,0,0,0,0,0,0.0
109157A,GSM3529168,Control,43.83,F,0,1.0,B,peripheral whole blood,7.0,1,-0.061080916,-0.008332456,-0.02668354,0.0,0.0,0.0009,0.0,0.157179516126495,0.0447187166051394,0.0521843670398755,0,0,0.0,0.0742703583939532,0.0,0.233948226593886,0.0,0,0.0,0.0,0.0058112924335294,0.0133068625996427,0,0.0,0.417689560726116,True,True,0,6274002,7.0,True,True,False,1,1,1,1,1,1,1,1,1,1,1,1,1,1,1,1,1,1,1,1,1.0
109184A,GSM3529169,Control,46.23,M,0,0.0,B,peripheral whole blood,7.3,1,-0.048307824,-0.008657033,0.000739627,0.0131887374293528,0.0,0.0,0.0,0.171686869101409,0.0632662400313052,0.0233817573321932,0,0,0.0,0.0837258231619606,0.0,0.315633564208461,0.0,0,0.0,0.0,0.005396500490646,0.0278780177969415,0,0.0,0.295842490447729,True,True,0,6539848,7.3,True,True,False,0,0,0,0,0,0,0,0,0,0,0,0,0,0,0,0,0,0,0,0,0.0
109188B,GSM3529170,Control,55.32,M,0,1.0,B,peripheral whole blood,7.8,1,0.009061692,-0.027068825,-0.019413145,0.0095535087753205,0.0,0.0005,0.0146543178306801,0.115774502651713,0.0442242138569822,0.0200728370252181,0,0,0.0,0.0718238220643263,0.0,0.273259153208036,0.0,0,0.0,0.0,0.0061480582902904,0.0202956072648649,0,0.0,0.423652731514769,True,True,0,10210302,7.8,True,True,False,1,1,1,1,1,1,1,1,1,1,1,1,1,1,1,1,1,1,1,1,1.0
109189A,GSM3529171,Control,21.3,M,0,0.0,B,peripheral whole blood,7.2,1,-0.00626626,-0.01790014,-0.019836659,0.0367148380665368,0.0,0.0,0.0080049778162083,0.144550351165406,0.0492098311849317,0.014415515368007,0,0,0.0,0.0778418765042382,0.0,0.342097696746522,0.0,0,0.0,0.0,0.0038301486208879,0.0318894362529461,0,0.0,0.291445328274315,True,True,0,7849224,7.2,True,True,False,0,0,0,0,0,0,0,0,0,0,0,0,0,0,0,0,0,0,0,0,0.0
109191B,GSM3529172,Control,45.33,M,0,1.0,B,peripheral whole blood,9.6,1,-0.022324529,0.0456223,-0.097130194,0.0339344174024128,0.0,0.0,0.0515025068527128,0.139002268818864,0.0617423008000775,0.0370867928484471,0,0,0.0,0.0700476976772113,0.0,0.268190508962653,0.0047007033220965,0,0.0,0.0,0.0023241120905376,0.0341757444526881,0,0.0,0.297292946772297,True,True,0,3288352,9.6,True,True,False,1,1,1,1,1,1,1,1,1,1,1,1,1,1,1,1,1,1,1,1,1.0
109213B,GSM3529173,Control,28.98,M,0,,B,peripheral whole blood,7.3,1,-0.022556959,-0.016979664,0.006589138,0.0515003807003398,0.0,0.0,0.0,0.18105726934143,0.0582199112092329,0.019917702236491,0,0,0.0,0.0372714775300801,0.0,0.245120692918668,0.0,0,0.0,0.0,0.0053500781188883,0.025542359851137,0,0.0,0.376020128093731,False,False,1,8362774,7.3,True,True,True,0,0,0,0,0,0,0,0,0,1,0,0,0,0,1,1,0,1,0,0,0.2
109254B,GSM3529174,Control,55.42,M,0,0.0,B,peripheral whole blood,7.6,1,-0.052914432,-0.008882981,0.01044748,0.0326050794012335,0.0,0.0005,0.0044056266032994,0.0671049059273077,0.0541563571822825,0.0439505143179315,0,0,0.0,0.12544031870083,0.0,0.288631556682469,0.0,0,0.0,0.0,0.0027301515610047,0.0216721883334592,0,0.0,0.358788026919873,True,True,0,7129969,7.6,True,True,False,0,0,0,0,0,0,0,0,0,0,0,0,0,0,0,0,0,0,0,0,0.0
109274B,GSM3529175,Control,71.23,M,0,,B,peripheral whole blood,7.6,1,-0.054393899,-0.005999499,0.046121598,0.0592278852814237,0.0,0.0,0.0525564425562993,0.207699143660767,0.0172897303206092,0.0373458792538412,0,0,0.0,0.100537033113379,0.0,0.212435121693731,0.0,0,0.0,0.0,0.008752393525951,0.0074644180603226,0,0.0,0.296691952533673,False,False,1,7098396,7.6,True,True,True,0,1,0,0,1,0,0,1,0,0,1,0,0,0,0,0,0,0,0,0,0.2
109275B,GSM3529176,Control,44.31,F,0,0.0,B,peripheral whole blood,7.1,1,-0.043068079,-0.004584999,0.034075946,0.0224443768966315,0.0,0.0,0.0,0.164867442885306,0.059837894182887,0.0336349673248113,0,0,0.0,0.0678347028228885,0.0,0.226621771154843,0.0,0,0.0,0.0,0.0053398820883422,0.0251100060105779,0,0.0,0.394308956633711,True,True,0,7612426,7.1,True,True,False,0,0,0,0,0,0,0,0,0,0,0,0,0,0,0,0,0,0,0,0,0.0
109281B,GSM3529177,Control,29.09,M,0,0.0,B,peripheral whole blood,6.9,1,-0.023026024,-0.009761837,-0.046577891,0.0074281089407413,0.0,0.0073263175012026,0.0,0.268669262397105,0.062404970836013,0.0179989292637151,0,0,0.0,0.0880882835302342,0.0,0.299954214688124,0.0,0,0.0,0.0,0.0067888576371821,0.0157035971160949,0,0.0,0.225637458089586,True,True,0,6908350,6.9,True,True,False,0,0,0,0,0,0,0,0,0,0,0,0,0,0,0,0,0,0,0,0,0.0
109326A,GSM3529178,Control,48.76,M,0,0.0,B,peripheral whole blood,7.0,1,-0.027506114,-0.016927851,-0.051126272,0.0350161305938557,0.0,0.0,0.0,0.133120505327614,0.0559637221659087,0.0613007125564162,0,0,0.0,0.111542393373883,0.0,0.222954400081532,0.0001,0,0.0,0.0,0.0,0.0171086528044734,0,0.0,0.362871118968711,True,True,0,6573026,7.0,True,True,False,0,0,0,0,0,0,0,0,0,0,0,0,0,0,0,0,0,0,0,0,0.0
109327A,GSM3529179,Control,20.9,F,0,0.0,B,peripheral whole blood,7.2,1,-0.00466392,-0.026334244,0.022602249,0.0159216567793605,0.0,0.0,0.0,0.140344643577845,0.0609290810484174,0.0749822174169408,0,0,0.0,0.0729901525668907,0.0,0.168687558995409,0.0,0,0.0,0.0,0.005803704524222,0.0286088252752314,0,0.0,0.431732159815682,True,True,0,9181661,7.2,True,True,False,0,0,0,0,0,0,0,0,0,0,0,0,0,0,0,0,0,0,0,0,0.0
109329A,GSM3529180,Control,40.75,M,0,0.0,B,peripheral whole blood,7.0,1,-0.039231007,-0.013794209,-0.028649344,0.0105825819065464,0.0,0.0005,0.0,0.0883101167301984,0.0366804320310311,0.0564600862308376,0,0,0.0,0.123566605943161,0.0,0.34305174251566,0.0,0,0.0,0.0,0.0052957093152955,0.0254656962863579,0,0.0,0.310063368267017,True,True,0,6702497,7.0,True,True,False,0,0,0,0,0,0,0,0,0,0,0,0,0,0,0,0,0,0,0,0,0.0
109350B,GSM3529181,Control,45.82,M,0,0.0,B,peripheral whole blood,7.2,1,-0.034454699,-0.004283401,-0.046304958,0.0314530552904773,0.0,0.0017517517689821,0.003950704853069,0.102798511562221,0.0536287065576261,0.0480452056841904,0,0,0.0,0.128879344819503,0.0,0.173172099543999,0.0,0,0.0,0.0,0.001,0.0113975545868132,0,0.0,0.443930678810753,True,True,0,6158770,7.2,True,True,False,0,0,0,0,0,0,0,0,0,0,0,0,0,0,0,0,0,0,0,0,0.0
109368A,GSM3529182,Control,50.94,M,0,,B,peripheral whole blood,7.6,1,-0.06464021,-0.014375733,-0.038811218,0.0180494481005211,0.0,0.0,0.0,0.100632492601729,0.0534732727233698,0.0380637117896679,0,0,0.0,0.0804695084393922,0.0,0.248593981652491,0.0,0,0.0,0.0,0.0006,0.0296660854589192,0,0.0,0.43045780893882,False,False,1,6001779,7.6,True,True,True,0,0,1,0,0,0,0,0,0,0,0,0,0,0,0,0,0,0,0,0,0.05
109381B,GSM3529183,Control,28.18,M,0,1.0,B,peripheral whole blood,6.9,1,-0.023910688,0.010999089,-0.063149136,0.0271253865556174,0.0,0.0,0.0001,0.145986596485083,0.0121909537381615,0.0362341343424158,0,0,0.0,0.0533908002783837,0.0,0.300234608091994,0.0,0,0.0,0.0,0.0048304452908821,0.0215900919059672,0,0.0,0.398309714798306,True,True,0,5592399,6.9,True,True,False,1,1,1,1,1,1,1,1,1,1,1,1,1,1,1,1,1,1,1,1,1.0
109384A,GSM3529184,Control,42.94,M,0,0.0,B,peripheral whole blood,7.2,1,0.052423005,-0.038382664,-0.041564871,0.0733648962443035,0.0,0.0,0.0,0.346099832565504,0.139584456369751,0.0172227262712945,0,0,0.0,0.0762605412458429,0.0,0.27549478611289,0.0032690610502288,0,0.0,0.0,0.0056403880268297,0.0113302036758664,0,0.0,0.0517331084374871,True,True,0,9913660,7.2,True,True,False,0,0,0,0,0,0,0,0,0,0,0,0,0,0,0,0,0,0,0,0,0.0
109424B,GSM3529185,Control,26.81,M,0,0.0,B,peripheral whole blood,7.2,1,-0.034069621,-0.019531553,-0.049684153,0.0242897934545846,0.0,0.0,0.0446029200789895,0.166815946528254,0.0377765783072405,0.0305067860403759,0,0,0.0,0.0962322953992219,0.0,0.309838316727719,0.0,0,0.0,0.0,0.0050652161034979,0.0236099443136448,0,0.0,0.26126220304647,True,True,0,6402916,7.2,True,True,False,0,0,0,0,0,0,0,0,0,0,0,0,0,0,0,0,0,0,0,0,0.0
109434A,GSM3529186,Control,47.95,M,0,,B,peripheral whole blood,7.3,1,0.02025569,-0.02804484,0.019121885,0.0256298999253943,0.0,0.0,0.0,0.154148065065793,0.150505064668328,0.0277715712406608,0,0,0.0,0.0694734641796306,0.0,0.275629422616156,0.0,0,0.0,0.0,0.0045737125686853,0.0243474453979999,0,0.0,0.26792135433735,False,False,1,10058940,7.3,True,True,True,0,0,1,0,0,0,0,0,0,0,0,0,1,1,0,0,0,0,0,1,0.2
109435B,GSM3529187,Control,47.9,M,0,0.0,B,peripheral whole blood,7.6,1,0.045722308,-0.030683068,0.014919127,0.0191456053793254,0.0,0.0046543157111123,0.0227721528014225,0.188850993318402,0.0349995702674793,0.0571520159833522,0,0,0.0,0.0964320000454136,0.0,0.28995398272841,0.0047317353416224,0,0.0,0.0015868181334189,0.0088356795353571,0.0205400177646299,0,0.0,0.250345112990053,True,True,0,11873874,7.6,True,True,False,0,0,0,0,0,0,0,0,0,0,0,0,0,0,0,0,0,0,0,0,0.0
109464A,GSM3529188,Control,57.1,F,0,0.0,B,peripheral whole blood,7.5,2,-0.021401554,-0.011061195,0.075670381,0.0445241773086601,0.0,0.0,0.0,0.123483636582153,0.0869541432487161,0.020949407759279,0,0,0.0064975074434943,0.0030250498652036,0.0016404291797115,0.27244394971905,0.0,0,0.0,0.0,0.0051640859690272,0.0426175012761152,0,0.0,0.392700111648588,True,True,0,9742856,7.5,True,True,False,0,0,0,0,0,0,0,0,0,0,0,0,0,0,0,0,0,0,0,0,0.0
109503A,GSM3529189,Control,33.1,F,0,1.0,B,peripheral whole blood,7.2,2,-0.053502133,0.062376442,-0.006661945,0.0268532319903459,0.0,0.0,0.0165506490552218,0.153487246758365,0.124356314059782,0.033032624669041,0,0,0.0,0.0914848584493812,0.0,0.189581244239425,0.0,0,0.0,0.0,0.0061793740553938,0.0240070687139602,0,0.0,0.334467388009083,True,True,0,4257318,7.2,True,True,False,1,1,1,1,1,1,1,1,1,1,1,1,1,1,1,1,1,1,1,1,1.0
109505B,GSM3529190,Control,37.63,F,0,0.0,B,peripheral whole blood,6.7,2,-0.027770162,-0.011027577,-0.0349978,0.0435008070237396,0.0,0.0,0.0246729798896708,0.174917685830805,0.0992363336204821,0.0236543935809084,0,0,0.0,0.0488645476909646,0.0,0.200712557138583,0.0,0,0.0,0.0,0.0058541884854895,0.0188010041549866,0,0.0,0.359785502584368,True,True,0,6337252,6.7,True,True,False,0,0,0,0,0,0,0,0,0,0,0,0,0,0,0,0,0,0,0,0,0.0
109529A,GSM3529191,Control,52.85,F,0,0.0,B,peripheral whole blood,7.0,2,-0.045281813,0.000350062,-0.015490457,0.0497006296621251,0.0,0.0005,0.007047721253232,0.127190990367458,0.0650534425813291,0.0604985106140037,0,0,0.0,0.0643533788396674,0.0,0.156879811805069,0.0,0,0.0,0.0,0.0011459811733876,0.019890053854391,0,0.0,0.447709741238473,True,True,0,6063572,7.0,True,True,False,0,0,0,0,0,0,0,0,0,0,0,0,0,0,0,0,0,0,0,0,0.0
109530A,GSM3529192,Control,49.25,F,0,1.0,B,peripheral whole blood,7.7,2,-0.043336045,0.010828785,-0.021581409,0.0098011529033903,0.0,0.0,0.0217197063575617,0.136023142427737,0.0936766790617513,0.0426097895801289,0,0,0.005790260257557,0.0937544572965956,0.0,0.294836214642164,0.0,0,0.0,0.0,0.0049619284739799,0.0288702089030962,0,0.0,0.267956460096036,True,True,0,5898813,7.7,True,True,False,1,1,1,1,1,1,1,1,1,1,1,1,1,1,1,1,1,1,1,1,1.0
109548A,GSM3529193,Control,37.7,M,0,0.0,B,peripheral whole blood,7.9,3,0.085066903,-0.025368992,-0.033603409,0.0240929150971602,0.0,0.009597792807824,0.0,0.112686561373825,0.158081435208259,0.0403047750716945,0,0,0.0,0.060872144794463,0.0,0.204482283278522,0.0,0,0.0,0.0,0.0050842331961917,0.034053882322738,0,0.0,0.350743976849321,True,True,0,11864133,7.9,True,True,False,0,0,0,0,0,0,0,0,0,0,0,0,0,0,0,0,0,0,0,0,0.0
109549A,GSM3529194,Control,52.26,F,0,0.0,B,peripheral whole blood,7.4,2,-0.019745288,-0.02191129,-0.026978921,0.0068955923580563,0.0,0.0,0.0,0.0918375830655102,0.0255433168670716,0.0294290894596757,0,0,0.0,0.0710121198037575,0.0,0.278412703896023,0.0,0,0.0,0.0,0.005830648481516,0.025834574514189,0,0.0,0.465204371554199,True,True,0,7316852,7.4,True,True,False,0,0,0,0,0,0,0,0,0,0,0,0,0,0,0,0,0,0,0,0,0.0
109551B,GSM3529195,Control,36.94,F,0,0.0,B,peripheral whole blood,7.4,2,-0.008507808,-0.014078431,-0.04677687,0.0440870053322759,0.0,0.0,0.0307138242831322,0.160491042257412,0.0659256389465116,0.0370431656008453,0,0,0.0,0.0760523389260876,0.0,0.308476074875911,0.0,0,0.0,0.0,0.007407188650462,0.020385410041842,0,0.0,0.249418311085518,True,True,0,7767608,7.4,True,True,False,0,0,0,0,0,0,0,0,0,0,0,0,0,0,0,0,0,0,0,0,0.0
109559B,GSM3529196,Control,38.24,F,0,,B,peripheral whole blood,7.2,2,0.012492792,-0.025754535,-0.065716399,0.0162057949542278,0.0,0.0,0.0,0.111865310127209,0.0464882956594094,0.0140168218972053,0,0,0.0,0.0564702335682811,0.0,0.376603097089328,0.0,0,0.0,0.0,0.0054136867784379,0.0228323291623457,0,0.0,0.350104430763555,False,False,1,8087391,7.2,True,True,True,0,0,0,0,0,0,0,1,1,1,0,0,0,0,1,0,0,0,0,0,0.2
109646A,GSM3529197,Control,41.97,F,0,0.0,B,peripheral whole blood,6.8,2,-0.004497038,-0.017854611,-0.083434525,0.0230217632528497,0.0,0.0,0.0,0.119370770921228,0.0678493733214694,0.0293218704467899,0,0,0.0005,0.0301983711009853,0.0,0.179417396851197,0.0,0,0.0,0.0,0.0047441937639371,0.0353696190333007,0,0.0,0.51016981534799,True,True,0,7993040,6.8,True,True,False,0,0,0,0,0,0,0,0,0,0,0,0,0,0,0,0,0,0,0,0,0.0
109694A,GSM3529198,Control,49.02,F,0,0.0,B,peripheral whole blood,7.4,2,-0.028442506,-0.00880702,0.069585064,0.0,0.0,0.0005,0.0117175438225251,0.0785624360683116,0.0586942182128155,0.0401694245934217,0,0,0.0,0.0542967308331824,0.0,0.244484484304218,0.0,0,0.0,0.0,0.0051843983420292,0.0346173089681992,0,0.0,0.471741457972251,True,True,0,8707122,7.4,True,True,False,0,0,0,0,0,0,0,0,0,0,0,0,0,0,0,0,0,0,0,0,0.0
118035A,GSM3529199,Control,28.41,F,0,,B,peripheral whole blood,7.0,2,-0.014796239,-0.015372333,-0.016144958,0.0150362081112982,0.0,0.0,0.0,0.126620376828659,0.0678693621398496,0.0402849559015998,0,0,0.0,0.137514829982878,0.0,0.257423036628079,0.0,0,0.0,0.0,0.0037516689257685,0.0180582703491161,0,0.0,0.33344129113275,False,False,1,7411238,7.0,True,True,True,0,0,0,0,0,1,0,0,0,1,0,1,1,1,0,1,0,0,0,0,0.3
118046A,GSM3529200,Control,53.46,F,0,0.0,B,peripheral whole blood,8.0,2,-0.017405452,-0.015664117,0.01464033,0.0084426890896708,0.0,0.0016848850070899,0.0086031808407723,0.119136908276638,0.0610637142847819,0.0546074835182614,0,0,0.005384930862039,0.0516139393117961,0.0,0.196108431153462,0.0,0,0.0,0.0,0.0060727286085552,0.0267874020679157,0,0.0,0.460493706979015,True,True,0,9032267,8.0,True,True,False,0,0,0,0,0,0,0,0,0,0,0,0,0,0,0,0,0,0,0,0,0.0
118059B,GSM3529201,Control,51.95,F,0,,B,peripheral whole blood,7.8,2,-0.022547415,-0.00215369,-0.034466718,0.0219455318696457,0.0,0.0,0.0,0.13464676064915,0.0590315435852397,0.015404067450282,0,0,0.0,0.0962613959831525,0.0,0.315782908724821,0.0,0,0.0,0.0,0.005344925675603,0.0260076839147978,0,0.0,0.325575182147307,False,False,1,7692939,7.8,True,True,True,0,0,0,1,1,0,0,0,0,0,0,0,0,1,1,1,0,1,1,0,0.35
118082B,GSM3529202,Control,29.75,F,0,1.0,B,peripheral whole blood,7.5,2,-0.024402656,-0.015750715,-0.019723442,0.0408217398788125,0.0,0.0,0.0232043114052813,0.206121008013314,0.0465669447461703,0.0321067568264064,0,0,0.0,0.0497110098179825,0.0,0.184780946130859,0.0,0,0.0,0.0,0.0051510666244547,0.0125812211253254,0,0.0,0.398954995431392,True,True,0,7572792,7.5,True,True,False,1,1,1,1,1,1,1,1,1,1,1,1,1,1,1,1,1,1,1,1,1.0
118139A,GSM3529203,Control,50.17,M,0,0.0,B,peripheral whole blood,7.5,2,-0.019757843,-0.009113199,0.055773822,0.0266980677899479,0.0,0.0,0.0,0.112614696312979,0.122619661745218,0.0709480757656646,0,0,0.0,0.160360001996275,0.0,0.149334651352182,0.0,0,0.0,0.0,0.0,0.0226682206331197,0,0.0,0.334756624404611,True,True,0,8371852,7.5,True,True,False,0,0,0,0,0,0,0,0,0,0,0,0,0,0,0,0,0,0,0,0,0.0
118142B,GSM3529206,Control,34.26,M,0,0.0,B,peripheral whole blood,8.0,2,-0.011854756,-0.020807958,-0.009622589,0.0178703839885448,0.0,0.0,0.0,0.136524880293846,0.0561145726028061,0.0350452607951215,0,0,0.0,0.0877410570489806,0.0,0.397314200903263,0.0001,0,0.0,0.0,0.0033614539936132,0.0249544436413301,0,0.0,0.241000334230149,True,True,0,8254035,8.0,True,True,False,0,0,0,0,0,0,0,0,0,0,0,0,0,0,0,0,0,0,0,0,0.0
118146A,GSM3529207,Control,21.29,F,0,1.0,B,peripheral whole blood,8.4,2,-0.004525518,-0.01285114,-0.015198499,0.0284293992989715,0.0,0.0,0.0,0.206942778524113,0.059571883558764,0.0199099920798723,0,0,0.0,0.0651217306584048,0.0,0.258387064336742,0.00288047330428,0,0.0,0.0,0.0069405668056715,0.0296786004845121,0,0.0,0.322137510948668,True,True,0,8848302,8.4,True,True,False,1,1,1,1,1,1,1,1,1,1,1,1,1,1,1,1,1,1,1,1,1.0
118148A,GSM3529208,Control,46.13,M,0,0.0,B,peripheral whole blood,7.4,2,0.012479383,-0.011993925,0.001361224,0.072583289449637,0.0,0.0,0.0,0.21319601625194,0.0901595717555132,0.0644893482418146,0,0,0.0,0.0833491122995934,0.0,0.256790168068357,0.0,0,0.0,0.0,0.0040705665399854,0.0285788333729507,0,0.0,0.186783094020206,True,True,0,8651430,7.4,True,True,False,0,0,0,0,0,0,0,0,0,0,0,0,0,0,0,0,0,0,0,0,0.0
118149A,GSM3529209,Control,24.12,M,0,0.0,B,peripheral whole blood,7.8,2,-0.001505614,-0.00557627,0.053885285,0.0397979785505783,0.0,0.0,0.0,0.137900926266147,0.033009777541647,0.0352058610733751,0,0,0.0,0.0359546463736248,0.0,0.254519840131664,0.0,0,0.0,0.0,0.0054067872314052,0.0302768279999244,0,0.0,0.427927354831632,True,True,0,10034256,7.8,True,True,False,0,0,0,0,0,0,0,0,0,0,0,0,0,0,0,0,0,0,0,0,0.0
118155A,GSM3529210,Control,20.85,F,0,1.0,B,peripheral whole blood,7.6,2,-0.011797546,-0.007388381,0.025225293,0.034743998042454,0.0,0.0,0.0230720404328416,0.228906275084244,0.105799238364112,0.0451615589644922,0,0,0.0,0.0715466431303883,0.0,0.230917425673839,0.0,0,0.0,0.0,0.004454324323941,0.029386669357234,0,0.0,0.226011826626451,True,True,0,8971612,7.6,True,True,False,1,1,1,1,1,1,1,1,1,1,1,1,1,1,1,1,1,1,1,1,1.0
118156B,GSM3529211,Control,55.49,F,0,0.0,B,peripheral whole blood,7.4,2,-0.015539192,0.001007465,0.007365208,0.0477428074541132,0.0,0.0,0.0166079234853961,0.14738139217271,0.0526185588680929,0.0777447176816891,0,0,0.0,0.0972670221486242,0.0,0.22452111913178,0.0,0,0.0,0.0,0.0038478616806666,0.0341939916439384,0,0.0,0.298074605732988,True,True,0,8242152,7.4,True,True,False,0,0,0,0,0,0,0,0,0,0,0,0,0,0,0,0,0,0,0,0,0.0
118164A,GSM3529212,Control,24.96,M,0,1.0,B,peripheral whole blood,7.9,3,0.078967804,0.045143474,0.025824768,0.0053036155259765,0.0,0.0,0.0062967547650855,0.112714783907009,0.0642498621428471,0.0506985359670806,0,0,0.0,0.100045266017157,0.0,0.27181510550827,0.0,0,0.0,0.0,0.0004,0.0248146385189611,0,0.0,0.363636250010767,True,True,0,9683520,7.9,True,True,False,1,1,1,1,1,1,1,1,1,1,1,1,1,1,1,1,1,1,1,1,1.0
118175A,GSM3529213,Control,38.96,M,0,0.0,B,peripheral whole blood,7.6,3,0.121415272,-0.042267376,-0.080094467,0.0131523096723891,0.0,0.0055205987183734,0.0152645226733213,0.2601403758894,0.0203188368497039,0.0657462757386929,0,0,0.0,0.130207851122241,0.0,0.11446180531691,0.0,0,0.0,0.0003,0.0090818098172157,0.0241524384090963,0,0.0,0.341661737823826,True,True,0,11651589,7.6,True,True,False,0,0,0,0,0,0,0,0,0,0,0,0,0,0,0,0,0,0,0,0,0.0
118176B,GSM3529214,Control,49.78,M,0,0.0,B,peripheral whole blood,7.4,3,0.111699411,-0.045227422,-0.074985114,0.0269914974219575,0.0,0.0,0.0,0.15744872573408,0.104765258423386,0.0435708125270166,0,0,0.0,0.0466769309318681,0.0,0.125039201768648,0.0,0,0.0,0.0008,0.0038733926577535,0.0342818180949661,0,0.0,0.456560160677801,True,True,0,10458220,7.4,True,True,False,0,0,0,0,0,0,0,0,0,0,0,0,0,0,0,0,0,0,0,0,0.0
118178B,GSM3529215,Control,48.08,M,0,0.0,B,peripheral whole blood,7.3,3,0.112566974,-0.032479181,0.201152073,0.014843562146419,0.0,0.0,0.0,0.0939456781368371,0.166328866681884,0.0222124035332776,0,0,0.0,0.0324797435442692,0.0,0.0511148042284194,0.0,0,0.0,0.0,0.0037631249350267,0.0234755534063141,0,0.0,0.591836263387551,True,True,0,11127227,7.3,True,True,False,0,0,0,0,0,0,0,0,0,0,0,0,0,0,0,0,0,0,0,0,0.0
118179B,GSM3529216,Control,41.63,F,0,0.0,B,peripheral whole blood,7.2,3,0.068139237,-0.035139329,-0.068505948,0.0296384521445652,0.0,0.0016769180068173,0.0275197069817969,0.177384654044609,0.0954059046246804,0.0206913312290848,0,0,0.0323056590065355,0.0,0.00952614843009,0.0796690617977131,0.0,0,0.0,0.0,0.0104297102072854,0.028561624828346,0,0.0,0.487190828698475,True,True,0,9117897,7.2,True,True,False,0,0,0,0,0,0,0,0,0,0,0,0,0,0,0,0,0,0,0,0,0.0
118194A,GSM3529217,Control,43.99,F,0,0.0,B,peripheral whole blood,7.8,3,0.10775907,-0.036060029,-0.013557085,0.0191509234043958,0.0,0.0,0.0222725678950956,0.0928440998699204,0.14760653828039,0.0748972283578408,0,0,0.0,0.0616037348598739,0.0,0.127085877858317,0.0,0,0.0,0.0,0.0063662463058526,0.0364877054728977,0,0.0024249690330771,0.409260108662337,True,True,0,11829619,7.8,True,True,False,0,0,0,0,0,0,0,0,0,0,0,0,0,0,0,0,0,0,0,0,0.0
118195A,GSM3529218,Control,41.95,M,0,0.0,B,peripheral whole blood,7.1,3,0.063623605,-0.022733426,0.175323221,0.0281121933337471,0.0,0.0,0.0,0.18708424747939,0.201795130237383,0.0014098296493453,0,0,0.0,0.0692642505564577,0.0,0.0869355062870063,0.0,0,0.0,0.0,0.0041306371078333,0.0185384840633523,0,0.0,0.402729721285484,True,True,0,9040731,7.1,True,True,False,0,0,0,0,0,0,0,0,0,0,0,0,0,0,0,0,0,0,0,0,0.0
118205A,GSM3529219,Control,58.63,M,0,,B,peripheral whole blood,6.4,3,0.018105907,0.075974683,-0.079570415,0.0323357477060853,0.0,0.0,0.0,0.1354229423561,0.140737798476136,0.0932872944167638,0,0,0.0192517737201945,0.121596126281002,0.0,0.193748039442916,0.0,0,0.0,0.0,0.0061028392544274,0.0204007549456234,0,0.0,0.237116683400749,False,False,1,4464746,6.4,True,True,True,0,0,0,0,1,0,0,0,0,0,0,0,1,0,0,0,0,0,0,0,0.1
118206B,GSM3529220,Control,53.52,M,0,0.0,B,peripheral whole blood,8.3,3,0.084697655,-0.030575263,0.027519315,0.0513592843590993,0.0,0.0,0.0,0.16297642140667,0.245102760756924,0.0141956959072606,0,0,0.0,0.152794389975199,0.0,0.133112717501774,0.0,0,0.0,0.0,0.0056991948502032,0.0028979008240809,0,0.0,0.231861634418788,True,True,0,11141100,8.3,True,True,False,0,0,0,0,0,0,0,0,0,0,0,0,0,0,0,0,0,0,0,0,0.0
118207B,GSM3529221,Control,49.72,M,0,0.0,B,peripheral whole blood,7.8,3,0.067012355,-0.017556219,-0.022475982,0.0619364539104506,0.0,0.0001,0.0,0.158732148469274,0.1490880027777,0.0385678406038755,0,0,0.0,0.0665332346137758,0.0,0.202347353660176,0.0,0,0.0,0.0,0.0059925068836151,0.0396205923911081,0,0.0,0.277120429215817,True,True,0,10071952,7.8,True,True,False,0,0,0,0,0,0,0,0,0,0,0,0,0,0,0,0,0,0,0,0,0.0
118214B,GSM3529222,Control,26.55,F,0,0.0,B,peripheral whole blood,7.5,3,0.076186982,-0.024201084,-0.028132364,0.0068929768476589,0.0,0.0,0.0,0.188265289157791,0.134539997767516,0.0180315258343201,0,0,0.0,0.0671334190808734,0.0,0.109505227484742,0.0,0,0.0,0.0,0.0047483176624867,0.0386893115858076,0,0.0,0.432193934578801,True,True,0,9718092,7.5,True,True,False,0,0,0,0,0,0,0,0,0,0,0,0,0,0,0,0,0,0,0,0,0.0
118271A,GSM3529223,Control,18.7,F,0,0.0,B,peripheral whole blood,7.2,2,-0.021292213,-0.017170376,-0.070272376,0.0192929332566693,0.0,0.0,0.0435883086559859,0.217986331489123,0.0215408826799433,0.0062321096207349,0,0,0.0,0.0797868129513306,0.0,0.266393970113705,0.0,0,0.0,0.0,0.0052326215824922,0.0273846300639461,0,0.0,0.312561399586068,True,True,0,6551268,7.2,True,True,False,0,0,0,0,0,0,0,0,0,0,0,0,0,0,0,0,0,0,0,0,0.0
11R0539,GSM3529224,BP1,36.59,F,1,0.0,A,peripheral whole blood,7.7,1,-0.076424922,-0.005581873,0.022149203,0.0252813728967107,0.0,0.0,0.0,0.0919570069485981,0.0739091157335822,0.0301834001751613,0,0,0.0002,0.027434092626236,0.0,0.252976396318754,0.0,0,0.0,0.0,0.0043177227008953,0.0261819464557704,0,0.0,0.467525752118996,True,True,0,6288604,7.7,True,True,False,0,0,0,0,0,0,0,0,0,0,0,0,0,0,0,0,0,0,0,0,0.0
11R0540,GSM3529225,BP1,62.95,M,0,0.0,A,peripheral whole blood,7.5,1,-0.065533167,-0.005681054,0.006894565,0.0152882387916927,0.0,0.0011362454878615,0.0,0.123967119048282,0.103026397996196,0.0609168081575932,0,0,0.0209821464750471,0.133046240656613,0.0,0.31645987205321,0.0,0,0.0,0.0,0.0044267574578335,0.0276167699782801,0,0.0,0.193133403897389,True,True,0,6159174,7.5,True,True,False,0,0,0,0,0,0,0,0,0,0,0,0,0,0,0,0,0,0,0,0,0.0
11R0541,GSM3529226,BP1,41.54,M,0,0.0,A,peripheral whole blood,7.5,1,-0.060936951,-0.006317136,0.008990409,0.0151023804902622,0.0,0.0,0.0022488599108667,0.15279109156964,0.0532707110774474,0.0380713278575646,0,0,0.0,0.0358231692505373,0.0,0.296214499906227,0.0,0,0.0,0.0,0.0044390301925241,0.0305257733839503,0,0.0,0.371513156360979,True,True,0,6732253,7.5,True,True,False,0,0,0,0,0,0,0,0,0,0,0,0,0,0,0,0,0,0,0,0,0.0
11R0544,GSM3529227,BP2,54.36,M,0,0.0,A,peripheral whole blood,6.9,1,-0.035350603,-0.012107251,0.031825206,0.0172444867890549,0.0,0.0014506738371918,0.0,0.134383273489212,0.0603426121881523,0.0372234565307171,0,0,0.0,0.0581264160868517,0.0,0.352352639616035,0.0,0,0.0,0.0,0.0053622851611774,0.0240083414556993,0,0.0,0.309505814845907,True,True,0,7352037,6.9,True,True,False,0,0,0,0,0,0,0,0,0,0,0,0,0,0,0,0,0,0,0,0,0.0
11R0545,GSM3529228,Control,25.74,M,0,0.0,A,peripheral whole blood,7.9,3,0.047950001,0.011108152,0.08582446,0.0327603516729975,0.0,0.0,0.001437330524951,0.08456832004434,0.0968357324678316,0.0773837782684288,0,0,0.0191933750614392,0.0763605126133431,0.0,0.202747251905542,0.0,0,0.0,0.0,0.004933952367924,0.0375317037517288,0,0.0,0.366247691321473,True,True,0,11230840,7.9,True,True,False,0,0,0,0,0,0,0,0,0,0,0,0,0,0,0,0,0,0,0,0,0.0
11R0546,GSM3529229,BP1,41.75,F,0,0.0,A,peripheral whole blood,7.5,1,0.009679482,0.118259472,0.035645192,0.0651069341690683,0.0,0.0,0.0,0.28290265527748,0.15357931298509,0.02675949174855,0,0,0.0,0.0631038050921777,0.0,0.170170632943527,0.0,0,0.0,0.0,0.0070177670167965,0.0135075161250043,0,0.0,0.217851884642304,True,True,0,5043383,7.5,True,True,False,0,0,0,0,0,0,0,0,0,0,0,0,0,0,0,0,0,0,0,0,0.0
11R0547,GSM3529230,BP1,31.4,F,1,0.0,A,peripheral whole blood,8.0,1,0.022294404,0.243430689,0.014390446,0.019949829845921,0.0,0.0,0.0051214595121778,0.146658811854892,0.0727817037026747,0.0256377553630304,0,0,0.0062222019453799,0.0333225583295612,0.0,0.159901507421554,0.0,0,0.0,0.0,0.0049858838953689,0.0220000506393694,0,0.0,0.50341823749007,True,True,0,1230917,8.0,False,True,False,0,0,0,0,0,0,0,0,0,0,0,0,0,0,0,0,0,0,0,0,0.0
11R0548,GSM3529231,BP1,45.22,F,1,0.0,A,peripheral whole blood,7.3,1,-0.0688483,0.001757865,0.025571787,0.0175418351543128,0.0,0.0,0.0,0.200906890141884,0.078302404738134,0.0313591028906568,0,0,0.0,0.06226978743642,0.0,0.14432099683761,0.0,0,0.0,0.0,0.0046512777757896,0.0169965882799103,0,0.0,0.44365111674528,True,True,0,5852055,7.3,True,True,False,0,0,0,0,0,0,0,0,0,0,0,0,0,0,0,0,0,0,0,0,0.0
11R0549,GSM3529232,BP2,53.55,M,0,0.0,A,peripheral whole blood,8.0,1,-0.072552433,-0.003231466,0.012040906,0.0153794641406508,0.0,0.0,0.0,0.143611491043693,0.155279268817241,0.0304112825957913,0,0,0.0515642752748697,0.0334162526026607,0.0,0.191679328416559,0.0,0,0.0,0.0,0.0051632172780511,0.0268097263527276,0,0.0,0.346685693477752,True,True,0,6165930,8.0,True,True,False,0,0,0,0,0,0,0,0,0,0,0,0,0,0,0,0,0,0,0,0,0.0
11R0553,GSM3529233,BP1,21.63,F,1,0.0,A,peripheral whole blood,7.3,1,-0.059422954,-0.010336303,0.037172291,0.0164171586463625,0.0,0.0,0.0,0.17488065018205,0.0661288339330201,0.0202409446406505,0,0,0.0,0.0757789521601017,0.0,0.141253791318261,0.0,0,0.0,0.0,0.004231640858597,0.016153901978959,0,0.0,0.484914126281997,True,True,0,6295590,7.3,True,True,False,0,0,0,0,0,0,0,0,0,0,0,0,0,0,0,0,0,0,0,0,0.0
11R0557,GSM3529234,BP1,61.87,M,0,0.0,A,peripheral whole blood,7.9,1,-0.021522348,-0.019210537,0.05298677,0.0388794925716446,0.0,0.0,0.0,0.176806740623355,0.117368944077456,0.0304855652096817,0,0,0.0,0.158174278143933,0.0,0.162285477580084,0.0,0,0.0,0.0,0.005833516201907,0.0083114549013747,0,0.0,0.301854530690562,True,True,0,7719233,7.9,True,True,False,0,0,0,0,0,0,0,0,0,0,0,0,0,0,0,0,0,0,0,0,0.0
11R0561,GSM3529235,BP1,26.83,F,1,0.0,A,peripheral whole blood,7.4,1,-0.064334207,-0.010358208,0.05648173,0.0603296658091871,0.0,0.0,0.0,0.18615480196068,0.176034320635596,0.0217053192897632,0,0,0.0,0.0578188361922186,0.0,0.0590222854261256,0.0,0,0.0,0.0,0.0046301836876335,0.0008,0,0.0,0.433489375258098,True,True,0,6114538,7.4,True,True,False,0,0,0,0,0,0,0,0,0,0,0,0,0,0,0,0,0,0,0,0,0.0
11R0564,GSM3529236,Control,26.01,F,0,0.0,A,peripheral whole blood,8.3,3,0.040472158,-0.023871123,0.06157477,0.0132388094183511,0.0,0.0,0.0,0.124424669527414,0.137525129072016,0.0371576690046354,0,0,0.0033113108874482,0.0485549101064602,0.0,0.122506049771239,0.0,0,0.0,0.0005,0.0041930279866489,0.0302866173634437,0,0.0,0.478262213532833,True,True,0,11096985,8.3,True,True,False,0,0,0,0,0,0,0,0,0,0,0,0,0,0,0,0,0,0,0,0,0.0
11R0565,GSM3529237,BP1,47.41,F,1,0.0,A,peripheral whole blood,7.8,1,-0.055588552,-0.009266821,0.034659873,0.0068171994616948,0.0,0.0,0.0,0.0953996744131862,0.0570801967255111,0.0252812800894069,0,0,0.0,0.060250121266566,0.0,0.270410919082693,0.0,0,0.0,0.0,0.0039412610480057,0.0288424172197005,0,0.0,0.451976930693235,True,True,0,7290756,7.8,True,True,False,0,0,0,0,0,0,0,0,0,0,0,0,0,0,0,0,0,0,0,0,0.0
11R0569,GSM3529238,BP1,60.68,F,1,1.0,A,peripheral whole blood,7.4,1,-0.043623046,-0.011395835,0.014252852,0.0275662053329938,0.0,0.0001,0.0,0.159833203561231,0.126979159641418,0.0245564446345351,0,0,0.0010163168179818,0.0163761028291656,0.0,0.158926909991984,0.0,0,0.0,0.0,0.0045884342604206,0.0192444233023224,0,0.0,0.460774481158752,True,True,0,7519574,7.4,True,True,False,1,1,1,1,1,1,1,1,1,1,1,1,1,1,1,1,1,1,1,1,1.0
11R0571,GSM3529239,BP1,41.3,M,1,0.0,A,peripheral whole blood,7.1,1,-0.067105032,-0.003400791,0.020332765,0.101076181263929,0.0,0.0,0.0,0.178110280272603,0.120499639345964,0.0208871764567317,0,0,0.0,0.0355239467192128,0.0,0.120243804054901,0.0041504430298639,0,0.0,0.0,0.0026297249640283,0.0212212169679686,0,0.0,0.395657586924795,True,True,0,6059619,7.1,True,True,False,0,0,0,0,0,0,0,0,0,0,0,0,0,0,0,0,0,0,0,0,0.0
11R0575,GSM3529240,BP1,43.29,F,0,0.0,A,peripheral whole blood,7.3,1,-0.080654095,-0.004450792,0.043571025,0.0370969282268639,0.0,0.0,0.0,0.196099976244525,0.0842624301005042,0.0309704692474666,0,0,0.0051205914379542,0.0489330394328626,0.0,0.137490374464164,0.0,0,0.0,0.0,0.005050831557276,0.020898054543613,0,0.0,0.434077304744769,True,True,0,5617684,7.3,True,True,False,0,0,0,0,0,0,0,0,0,0,0,0,0,0,0,0,0,0,0,0,0.0
11R0577,GSM3529241,BP1,35.57,M,1,1.0,A,peripheral whole blood,8.0,1,-0.020801513,-0.01498213,0.057162262,0.0208626958931502,0.0,0.0,0.0445456015548024,0.148616227912533,0.065806097832994,0.0412728356529054,0,0,0.0,0.058850765986162,0.0,0.167508075970516,0.0,0,0.0,0.0,0.0044978766180221,0.0203462062060483,0,0.0,0.427693616372865,True,True,0,8259027,8.0,True,True,False,1,1,1,1,1,1,1,1,1,1,1,1,1,1,1,1,1,1,1,1,1.0
11R0580,GSM3529242,BP1,25.61,M,1,0.0,A,peripheral whole blood,7.9,1,-0.061899146,-0.011291518,-0.000846213,0.0108005178509678,0.0,0.0,0.0015287234788762,0.0985813033242913,0.0676956754951748,0.0627335927843549,0,0,0.0,0.107663119410589,0.0,0.176395264791897,0.0,0,0.0,0.0,0.0041597629027073,0.024277938250843,0,0.0,0.446164101710297,True,True,0,6396877,7.9,True,True,False,0,0,0,0,0,0,0,0,0,0,0,0,0,0,0,0,0,0,0,0,0.0
11R0589,GSM3529243,BP1,47.06,F,0,0.0,A,peripheral whole blood,7.6,1,-0.023839951,-0.022100404,0.079320935,0.0068063544753471,0.0,0.0,0.0,0.0741850259305643,0.0898242535912723,0.0413307441710258,0,0,0.0,0.0575370307200626,0.0,0.178118285950784,0.0,0,0.0,0.0,0.004214021179316,0.0312082057656991,0,0.0,0.516776078215927,True,True,0,8925116,7.6,True,True,False,0,0,0,0,0,0,0,0,0,0,0,0,0,0,0,0,0,0,0,0,0.0
11R0596,GSM3529244,BP1,47.73,M,0,1.0,A,peripheral whole blood,9.7,1,-0.052115687,0.040706633,-0.056791226,0.0294424476227564,0.0,0.0,0.0,0.117724467561171,0.0567857617105464,0.0329607403181119,0,0,0.0,0.0358301518639072,0.0,0.196113408773704,0.0041490549800517,0,0.0,0.0,0.0034757724361502,0.0179946289322887,0,0.0,0.505523565801311,True,True,0,3585396,9.7,True,True,False,1,1,1,1,1,1,1,1,1,1,1,1,1,1,1,1,1,1,1,1,1.0
11R0603,GSM3529245,Control,23.25,M,0,0.0,A,peripheral whole blood,8.6,3,0.096764751,-0.007532313,0.101702131,0.0150025833672704,0.0,0.0004,0.0172428293499176,0.0865076399585706,0.0928731795695439,0.0485596659519126,0,0,0.0,0.0559705897611544,0.0,0.252515883323135,0.0,0,0.0,0.0,0.0026348446706024,0.0282966939547838,0,0.0,0.399984608499686,True,True,0,13572697,8.6,True,True,False,0,0,0,0,0,0,0,0,0,0,0,0,0,0,0,0,0,0,0,0,0.0
11R0610,GSM3529246,BP1,42.55,F,0,0.0,A,peripheral whole blood,8.0,1,-0.028395424,-0.017658002,0.073508382,0.039192672591367,0.0,0.0,0.0,0.146169504841169,0.213782254077266,0.0284666212812915,0,0,0.0022804991074731,0.095298937370012,0.0,0.131435479067774,0.0,0,0.0,0.0,0.004813288206344,0.0077214125278828,0,0.0,0.330839330929418,True,True,0,7851785,8.0,True,True,False,0,0,0,0,0,0,0,0,0,0,0,0,0,0,0,0,0,0,0,0,0.0
11R0612,GSM3529247,BP1,57.72,F,1,0.0,A,peripheral whole blood,7.9,1,-0.043364733,-0.00518552,0.0426584,0.0214982938935304,0.0,0.0,0.0101230931580164,0.116677087127465,0.0734259597404105,0.0424630364599005,0,0,0.0,0.0501437680955392,0.0,0.144887581308255,0.0,0,0.0,0.0006,0.0044700557908475,0.0293321997950041,0,0.0,0.506353164705011,True,True,0,7338373,7.9,True,True,False,0,0,0,0,0,0,0,0,0,0,0,0,0,0,0,0,0,0,0,0,0.0
11R0613,GSM3529248,BP1,52.29,F,1,0.0,A,peripheral whole blood,7.5,1,-0.088161738,0.005932635,0.009150297,0.0173487001668305,0.0,0.0,0.0,0.162706517764183,0.124148695505075,0.0535455778098382,0,0,0.0275581638371559,0.139133567116508,0.0,0.169430558755781,0.0,0,0.0,0.0,0.004822663361711,0.0183071042098116,0,0.0,0.282998451473103,True,True,0,4946829,7.5,True,True,False,0,0,0,0,0,0,0,0,0,0,0,0,0,0,0,0,0,0,0,0,0.0
11R0616,GSM3529249,BP1,47.12,F,0,0.0,A,peripheral whole blood,7.4,1,-0.070711683,-0.000942542,0.02944373,0.0088972812730871,0.0,0.002663067400228,0.0,0.204399821322041,0.148648220844666,0.0469745489439431,0,0,0.0467768085197349,0.0989166389120717,0.0,0.275755061799946,0.0075118897525641,0,0.0,0.0,0.0064235243041053,0.0,0,0.0,0.15303313692761,True,True,0,5761671,7.4,True,True,False,0,0,0,0,0,0,0,0,0,0,0,0,0,0,0,0,0,0,0,0,0.0
11R0631,GSM3529250,BP2,55.63,F,0,0.0,A,peripheral whole blood,7.6,1,-0.059805895,-0.00703487,0.062107214,0.040903674367574,0.0,0.0,0.0,0.113391017722084,0.076918480697202,0.0258541080877922,0,0,0.0,0.0237329793122873,0.0,0.114438924118157,0.0,0,0.0,0.0,0.0038960673279825,0.0257141138580426,0,0.0,0.575118051954714,True,True,0,6564324,7.6,True,True,False,0,0,0,0,0,0,0,0,0,0,0,0,0,0,0,0,0,0,0,0,0.0
11R0634,GSM3529251,BP1,56.45,M,1,0.0,A,peripheral whole blood,7.5,1,-0.069798979,-0.007308224,0.035397616,0.0117638104245393,0.0,0.0,0.0,0.101081710182114,0.128036442723968,0.0239890797466824,0,0,0.0,0.0704992543859966,0.0,0.0782108805106813,0.0,0,0.0,0.0,0.0025869483161897,0.0079018824379213,0,0.0,0.575929991271906,True,True,0,5584017,7.5,True,True,False,0,0,0,0,0,0,0,0,0,0,0,0,0,0,0,0,0,0,0,0,0.0
11R0635,GSM3529252,BP1,32.81,M,1,1.0,A,peripheral whole blood,7.9,1,-0.048336237,-0.016304247,0.080300785,0.0254375103895945,0.0,0.0,0.0,0.155521286898588,0.0820100676213915,0.0108692999642901,0,0,0.0,0.0637627609679518,0.0,0.04594325848438,0.0,0,0.0,0.0,0.0039789428951116,0.0070743906344989,0,0.0,0.605402482144192,True,True,0,7158568,7.9,True,True,False,1,1,1,1,1,1,1,1,1,1,1,1,1,1,1,1,1,1,1,1,1.0
11R0645,GSM3529253,BP1,51.87,M,1,1.0,A,peripheral whole blood,7.2,1,-0.055421715,-0.007179973,0.054405798,0.0032497106409793,0.0,0.0122167670340265,0.0,0.044649249628828,0.101310589956919,0.0279166225263678,0,0,0.0,0.0271109883530236,0.0083111421346067,0.0518614395726234,0.0,0,0.0,0.0064442727535208,0.0126260865716533,0.036124849519033,0,0.0,0.668178281308417,True,True,0,6500823,7.2,True,True,False,1,1,1,1,1,1,1,1,1,1,1,1,1,1,1,1,1,1,1,1,1.0
11R0647,GSM3529254,BP1,40.37,M,0,1.0,A,peripheral whole blood,8.2,1,-0.075542131,0.022477904,-0.033037667,0.0176031251523524,0.0,0.002564582323984,0.0373680893676853,0.0906260645333781,0.0852015950555505,0.0262635826159051,0,0,0.0,0.0342054213254562,0.0,0.203927885410747,0.0,0,0.0,0.0,0.0041990367937125,0.027431211065393,0,0.0,0.470609406355835,True,True,0,4624125,8.2,True,True,False,1,1,1,1,1,1,1,1,1,1,1,1,1,1,1,1,1,1,1,1,1.0
11R0652,GSM3529255,Control,52.72,M,0,0.0,A,peripheral whole blood,7.9,3,0.087535672,-0.039125248,-0.008764638,0.0112197413505599,0.0,0.0,0.0,0.0882399250065132,0.0742835871097355,0.0510888899135042,0,0,0.0,0.0849333323336176,0.0,0.232763907893836,0.0,0,0.0,0.0,0.003962100479566,0.0306625544818306,0,0.0,0.422845961430836,True,True,0,12415389,7.9,True,True,False,0,0,0,0,0,0,0,0,0,0,0,0,0,0,0,0,0,0,0,0,0.0
11R0663,GSM3529256,BP2,64.84,M,0,0.0,A,peripheral whole blood,8.0,1,-0.085468231,0.009931396,-0.021295416,0.0070672787912683,0.0,0.0,0.0,0.0979217714636141,0.0358720301647911,0.0360407103471509,0,0,0.008253001641916,0.0366926849420369,0.0,0.167485198837938,0.0,0,0.0,0.0,0.0035498739331311,0.0367891491787554,0,0.0,0.570328300699397,True,True,0,4974537,8.0,True,True,False,0,0,0,0,0,0,0,0,0,0,0,0,0,0,0,0,0,0,0,0,0.0
11R0669,GSM3529257,BP1,39.6,F,0,0.0,A,peripheral whole blood,7.3,1,-0.079370266,0.005826523,0.001186597,0.0084710462456797,0.0,0.0,0.0085797459181765,0.159982227383823,0.0439717371397249,0.0223788382662321,0,0,0.0,0.0397762009289591,0.0,0.303483403407041,0.0,0,0.0,0.0,0.0043532073263893,0.0344101280082317,0,0.0,0.374593465375741,True,True,0,5769760,7.3,True,True,False,0,0,0,0,0,0,0,0,0,0,0,0,0,0,0,0,0,0,0,0,0.0
11R0807,GSM3529258,BP1,38.61,F,0,1.0,A,peripheral whole blood,7.4,1,-0.000244245,-0.017104954,0.034370964,0.0209020514864502,0.0,0.0,0.0,0.12585839594574,0.0583403727381124,0.0307427656047257,0,0,0.0029273191533188,0.0437139418880717,0.0,0.190282676647295,0.0,0,0.0,0.0,0.0048935321974818,0.0262661201199133,0,0.0,0.496072824218889,True,True,0,8356491,7.4,True,True,False,1,1,1,1,1,1,1,1,1,1,1,1,1,1,1,1,1,1,1,1,1.0
11R0808,GSM3529259,BP1,29.76,F,1,0.0,A,peripheral whole blood,9.1,1,-0.044134788,0.030262978,-0.023733248,0.01022401286987,0.0,0.0,0.0,0.128517792283352,0.0790503792536197,0.0271455115697779,0,0,0.0,0.0334924779771045,0.0,0.0,0.0,0,0.0,0.0,0.0003,0.0296194509963845,0,0.0,0.691655829999791,True,True,0,4413317,9.1,True,True,False,0,0,0,0,0,0,0,0,0,0,0,0,0,0,0,0,0,0,0,0,0.0
11R0809,GSM3529260,BP1,67.33,F,1,1.0,A,peripheral whole blood,7.7,1,-0.056801299,-0.004752336,0.087038471,0.0210320905519493,0.0,0.0,0.0,0.169566922231777,0.0903149095936623,0.0292113575083504,0,0,0.0,0.0450657533427964,0.0,0.0664528613200237,0.0,0,0.0,0.0,0.0042238132105843,0.0205970564670358,0,0.0,0.553535235773819,True,True,0,6488511,7.7,True,True,False,1,1,1,1,1,1,1,1,1,1,1,1,1,1,1,1,1,1,1,1,1.0
11R0821,GSM3529261,BP1,51.25,F,1,0.0,A,peripheral whole blood,7.5,1,-0.069408124,-0.001024959,0.043352124,0.0719324452971371,0.0,0.0017703590964378,0.0,0.166289747746872,0.0723452945899669,0.0381337051633666,0,0,0.0037909574955644,0.0633184685449975,0.0,0.192996466986046,0.0,0,0.0,0.0023175895212261,0.0121839867679249,0.0072354675586995,0,0.0,0.36768551123176,True,True,0,6913323,7.5,True,True,False,0,0,0,0,0,0,0,0,0,0,0,0,0,0,0,0,0,0,0,0,0.0
11R0832,GSM3529262,Control,22.66,F,0,0.0,A,peripheral whole blood,8.3,3,0.077783868,-0.019510282,0.060140981,0.0078528834035969,0.0,0.0088980262757164,0.0,0.138548642305127,0.113560166738399,0.0276895574290993,0,0,0.0307636199979968,0.0376035760249017,0.0004,0.211702580245665,0.0,0,0.0,0.0,0.0111956373593032,0.041797855445548,0,0.0,0.369963899951252,True,True,0,11983258,8.3,True,True,False,0,0,0,0,0,0,0,0,0,0,0,0,0,0,0,0,0,0,0,0,0.0
11R0835,GSM3529263,BP1,46.6,F,1,1.0,A,peripheral whole blood,7.2,1,-0.043186967,-0.005191751,0.047792816,0.0132884692639293,0.0,0.0,0.0,0.162469033941801,0.0656834839054647,0.0228125724418834,0,0,0.0,0.0283407090573934,0.0,0.184706050939868,0.0,0,0.0,0.0,0.0042707036831945,0.0247682240421908,0,0.0,0.493660752724273,True,True,0,7520656,7.2,True,True,False,1,1,1,1,1,1,1,1,1,1,1,1,1,1,1,1,1,1,1,1,1.0
11R0837,GSM3529264,BP1,35.54,F,1,0.0,A,peripheral whole blood,7.1,1,-0.025071445,-0.009829355,0.038176398,0.0028932105478392,0.0,0.0,0.0,0.0839302733979591,0.0374830863789688,0.0406534224993337,0,0,0.0,0.0563405350210347,0.0,0.281626603094468,0.0,0,0.0,0.0,0.0046189078827904,0.0309117942340287,0,0.0,0.46152524710467,True,True,0,8343667,7.1,True,True,False,0,0,0,0,0,0,0,0,0,0,0,0,0,0,0,0,0,0,0,0,0.0
11R0839,GSM3529265,BP2,34.46,F,0,0.0,A,peripheral whole blood,8.5,1,-0.035219081,-0.01534801,0.00072919,0.0024315037881848,0.0,0.0021282194421969,0.0,0.0961998501916959,0.0860863956413934,0.0099073135384559,0,0,0.0,0.0378242837714078,0.0,0.0963068701358562,0.0026170703734481,0,0.0,0.0,0.0014918440208255,0.0140477246221755,0,0.0,0.650958924474359,True,True,0,6675169,8.5,True,True,False,0,0,0,0,0,0,0,0,0,0,0,0,0,0,0,0,0,0,0,0,0.0
11R0845,GSM3529266,BP1,53.63,F,1,0.0,A,peripheral whole blood,7.6,1,-0.06252955,-0.006705654,0.028706626,0.0078862364829097,0.0,0.0,0.0,0.0813569364382063,0.0600585865282999,0.0272439336614842,0,0,0.0,0.0495298246760202,0.0,0.0428688682748275,0.0032012324452083,0,0.0,0.0,0.0,0.0193458939015921,0,0.0,0.708508487591451,True,True,0,6385020,7.6,True,True,False,0,0,0,0,0,0,0,0,0,0,0,0,0,0,0,0,0,0,0,0,0.0
11R0846,GSM3529267,BP1,55.16,M,1,0.0,A,peripheral whole blood,7.7,1,-0.042158877,-0.01646211,0.025704681,0.0043562766072058,0.0,0.0,0.0128739296429058,0.0749502802926231,0.123149480347131,0.0395605295310392,0,0,0.0,0.0883761924274488,0.0,0.161096447526437,0.0,0,0.0,0.0,0.0039256075399647,0.0215976528896936,0,0.0,0.470113603195549,True,True,0,7028697,7.7,True,True,False,0,0,0,0,0,0,0,0,0,0,0,0,0,0,0,0,0,0,0,0,0.0
11R0847,GSM3529268,BP1,56.02,F,1,0.0,A,peripheral whole blood,6.8,1,-0.104965587,0.011029346,0.046859279,0.0175648455511723,0.0,0.0046105365448071,0.0,0.0996594379984611,0.135106722548,0.0220522487255708,0,0,0.0,0.0532771128439666,0.0,0.20693403399459,0.0,0,0.0,0.0,0.009251996771521,0.0377564240156664,0,0.0,0.413786641006243,True,True,0,4216870,6.8,True,True,False,0,0,0,0,0,0,0,0,0,0,0,0,0,0,0,0,0,0,0,0,0.0
11R0848,GSM3529269,BP1,57.3,M,0,0.0,A,peripheral whole blood,7.9,1,-0.027123955,0.011690413,-0.014388809,0.0137693245920941,0.0,0.0,0.0,0.0863839975089721,0.10206346111264,0.044036093530719,0,0,0.0,0.124278929475567,0.0,0.135938820838009,0.0,0,0.0,0.0,0.003516096523563,0.0308433127252839,0,0.0,0.459169963693149,True,True,0,5844707,7.9,True,True,False,0,0,0,0,0,0,0,0,0,0,0,0,0,0,0,0,0,0,0,0,0.0
11R0849,GSM3529270,BP1,27.62,F,0,1.0,A,peripheral whole blood,7.9,1,-0.028630649,-0.015198903,0.100390948,0.0039568624303996,0.0,0.0005,0.0,0.156390708541806,0.0987291544817736,0.0055308461658899,0,0,0.0,0.0607848435636721,0.0,0.0790833666357696,0.0,0,0.0,0.0,0.0036444626380075,0.011890919009308,0,0.0,0.579491309264891,True,True,0,8211064,7.9,True,True,False,1,1,1,1,1,1,1,1,1,1,1,1,1,1,1,1,1,1,1,1,1.0
11R0850,GSM3529271,BP1,29.98,F,1,0.0,A,peripheral whole blood,8.1,1,-0.057311965,0.034016312,-0.022112074,0.0625761021680857,0.0,0.0,0.0101286952437533,0.142877221759556,0.105212467448148,0.0144044850231198,0,0,0.0,0.0467955048011388,0.0,0.0584889858330144,0.0,0,0.0,0.0,0.004022109983935,0.0083532640407289,0,0.0,0.547141163698519,True,True,0,3838566,8.1,True,True,False,0,0,0,0,0,0,0,0,0,0,0,0,0,0,0,0,0,0,0,0,0.0
11R0851,GSM3529272,BP1,18.57,M,1,0.0,A,peripheral whole blood,6.9,1,-0.030656852,-0.01552192,0.117403623,0.052485829261258,0.0,0.0,0.0,0.130927787465054,0.060465782076227,0.0116459953529694,0,0,0.0,0.0365857112587178,0.0,0.149912485221681,0.0,0,0.0,0.0,0.0047627757384282,0.0205412103655356,0,0.0,0.532672423260127,True,True,0,7703962,6.9,True,True,False,0,0,0,0,0,0,0,0,0,0,0,0,0,0,0,0,0,0,0,0,0.0
11R0852,GSM3529273,BP1,33.66,F,1,0.0,A,peripheral whole blood,7.9,2,-0.010287093,-0.015308746,0.058902444,0.0042203013291192,0.0,0.0010033601889211,0.0289635342913441,0.111086860766252,0.0865805267624564,0.0390474165350055,0,0,0.0134537879574408,0.0369316365988445,0.0,0.211970638901005,0.0,0,0.0,0.0,0.0055618190400659,0.0246226551313928,0,0.0,0.436557462498151,True,True,0,8722322,7.9,True,True,False,0,0,0,0,0,0,0,0,0,0,0,0,0,0,0,0,0,0,0,0,0.0
11R0853,GSM3529274,BP1,33.73,M,0,0.0,A,peripheral whole blood,7.9,2,0.003700885,-0.020247388,0.167184161,0.0098171791965096,0.0,0.0,0.0,0.0956444082642074,0.0279574813594989,0.0345497515404242,0,0,0.0,0.062483516514015,0.0,0.266316351728699,0.0,0,0.0,0.0,0.004291042901234,0.0303049523805871,0,0.0,0.468635316114823,True,True,0,10279133,7.9,True,True,False,0,0,0,0,0,0,0,0,0,0,0,0,0,0,0,0,0,0,0,0,0.0
11R0856,GSM3529275,BP1,59.9,M,0,0.0,A,peripheral whole blood,5.5,2,0.010760115,-0.031072561,-0.022745192,0.0045104270133505,0.0,0.0,0.0,0.185330590777695,0.0724413773398308,0.0119115839035326,0,0,0.0,0.0583874172446975,0.0,0.168708902818898,0.0,0,0.0,0.0,0.0056773726590283,0.0247304452587624,0,0.0,0.468301882984203,True,True,0,7204030,5.5,True,True,False,0,0,0,0,0,0,0,0,0,0,0,0,0,0,0,0,0,0,0,0,0.0
11R0857,GSM3529276,BP1,46.92,M,1,1.0,A,peripheral whole blood,7.7,2,0.003205966,-0.019056312,0.046675039,0.0066459012105811,0.0,0.0006,0.0331825922474929,0.105813781295073,0.0564100197439147,0.0233200604153782,0,0,0.0068027036932739,0.0375998885502038,0.0,0.263100527789683,0.0,0,0.0,0.0,0.0047203299223295,0.0138503808450812,0,0.0,0.447972536118103,True,True,0,9269231,7.7,True,True,False,1,1,1,1,1,1,1,1,1,1,1,1,1,1,1,1,1,1,1,1,1.0
11R0858,GSM3529277,BP1,23.36,F,1,0.0,A,peripheral whole blood,7.8,2,-0.027945274,0.024626371,-0.010095445,0.0290211759610126,0.0,0.0,0.0,0.129294808677244,0.0396975288859694,0.0379451955901346,0,0,0.0,0.0538301878281195,0.0,0.206882642824601,0.0,0,0.0,0.0,0.0051611523791833,0.0343260353012813,0,0.0,0.463841272552452,True,True,0,5599192,7.8,True,True,False,0,0,0,0,0,0,0,0,0,0,0,0,0,0,0,0,0,0,0,0,0.0
11R0860,GSM3529278,BP1,51.18,M,1,0.0,A,peripheral whole blood,7.6,2,-0.010901685,-0.012479997,0.058387009,0.0635120037427904,0.0,0.0,0.0068234740214205,0.147031131574841,0.0622005660383835,0.0274611128440569,0,0,0.0002,0.0368133044389995,0.0,0.243909729533597,0.0,0,0.0,0.0,0.0062812209648791,0.0286327408093962,0,0.0,0.377098429142776,True,True,0,8098114,7.6,True,True,False,0,0,0,0,0,0,0,0,0,0,0,0,0,0,0,0,0,0,0,0,0.0
11R0861,GSM3529279,BP1,32.87,F,1,1.0,A,peripheral whole blood,7.9,2,-0.03424074,-0.011659689,0.04991506,0.0,0.0,0.0038099360084181,0.0,0.132052542781254,0.0616845210267644,0.0197922870265636,0,0,0.0,0.0242676445742227,0.0,0.217069364937728,0.0,0,0.0,0.0,0.0043908585761733,0.0321146466997374,0,0.0,0.504775955768082,True,True,0,7830013,7.9,True,True,False,1,1,1,1,1,1,1,1,1,1,1,1,1,1,1,1,1,1,1,1,1.0
11R0866,GSM3529280,Control,78.81,F,0,0.0,A,peripheral whole blood,7.5,2,-0.009644659,-0.004281185,0.040713759,0.0105832944427875,0.0,0.0,0.0187782755611607,0.0956974335121335,0.0952028755396537,0.0122003645095352,0,0,0.0,0.0682290953448189,0.0,0.297516386410551,0.0,0,0.0,0.0,0.0052672816950266,0.0188843123835302,0,0.0,0.377640680600801,True,True,0,8345782,7.5,True,True,False,0,0,0,0,0,0,0,0,0,0,0,0,0,0,0,0,0,0,0,0,0.0
11R0878,GSM3529281,BP1,38.11,F,1,0.0,A,peripheral whole blood,7.1,2,-0.039204579,-0.000101959,0.030751547,0.0015069076236505,0.0,0.0004,0.0,0.130669206662557,0.037416002235843,0.0368072741210334,0,0,0.0,0.0322538510343069,0.0,0.276902689294547,0.0,0,0.0,0.0,0.0008,0.0359767879216639,0,0.0,0.447217722193464,True,True,0,7848141,7.1,True,True,False,0,0,0,0,0,0,0,0,0,0,0,0,0,0,0,0,0,0,0,0,0.0
11R0879,GSM3529282,BP1,52.15,M,0,0.0,A,peripheral whole blood,7.1,2,0.049925609,0.285380303,0.028539523,0.0195690309025845,0.0,0.0,0.0,0.101274251969685,0.0416126378089746,0.0328363275351312,0,0,0.0,0.0520289242495894,0.0,0.379012960409527,0.0,0,0.0,0.0,0.005103501358219,0.0336651428555591,0,0.0,0.334897222910728,True,True,0,1015027,7.1,False,True,False,0,0,0,0,0,0,0,0,0,0,0,0,0,0,0,0,0,0,0,0,0.0
11R0882,GSM3529283,BP1,38.46,F,1,0.0,A,peripheral whole blood,7.8,2,-0.023213492,0.022836106,-0.026518344,0.0116611662864393,0.0,0.0,0.0222785644792484,0.130528789960808,0.0542399125342245,0.0229161417548097,0,0,0.0,0.0689241295276773,0.0,0.202827680150488,0.0016516166133368,0,0.0,0.0,0.0008,0.0192386113166405,0,0.0,0.464917495291989,True,True,0,5790556,7.8,True,True,False,0,0,0,0,0,0,0,0,0,0,0,0,0,0,0,0,0,0,0,0,0.0
11R0888,GSM3529284,BP1,59.37,M,1,1.0,A,peripheral whole blood,7.3,2,-0.015249061,-0.006743033,-0.013504453,0.0188983304309111,0.0,0.0,0.0076468456596444,0.124966957694607,0.0751406867824568,0.0107314420577117,0,0,0.0,0.0561236082428492,0.0,0.162944003425336,0.0,0,0.0,0.0,0.0031171734511928,0.0304386863721556,0,0.0,0.509992265883133,True,True,0,8321554,7.3,True,True,False,1,1,1,1,1,1,1,1,1,1,1,1,1,1,1,1,1,1,1,1,1.0
12R0031,GSM3529285,BP1,47.06,F,0,0.0,A,peripheral whole blood,8.8,2,0.002467048,-0.006079943,-0.000460775,0.045507478815003,0.0,0.0,0.0,0.183733445891589,0.111771345620156,0.0424428538766892,0,0,0.0,0.0576785879048463,0.0,0.11188664221417,0.0,0,0.0,0.0,0.004709150599114,0.0292108121691019,0,0.0,0.413059682909329,True,True,0,8706650,8.8,True,True,False,0,0,0,0,0,0,0,0,0,0,0,0,0,0,0,0,0,0,0,0,0.0
12R0032,GSM3529286,BP1,56.25,M,0,0.0,A,peripheral whole blood,7.8,2,-0.010998181,-0.010326565,0.028272635,0.0236516733270729,0.0,0.0,0.0,0.0885478628374178,0.0858292377915384,0.0392032824996277,0,0,0.0,0.030582374241994,0.0,0.233588804392866,0.0021785169892466,0,0.0,0.0,0.0038165719454447,0.0278740370007686,0,0.0,0.464727638974022,True,True,0,10092521,7.8,True,True,False,0,0,0,0,0,0,0,0,0,0,0,0,0,0,0,0,0,0,0,0,0.0
12R0033,GSM3529287,BP2,67.02,M,0,0.0,A,peripheral whole blood,7.7,2,-0.027451199,-0.017944187,0.006532763,0.0019075623891747,0.0,0.0,0.0,0.0605525399715831,0.044399768749322,0.011286888422928,0,0,0.0,0.0394130268669119,0.0,0.339714260517968,0.0,0,0.0,0.0,0.0034774511883236,0.0202600260969966,0,0.0,0.478988475796791,True,True,0,8464292,7.7,True,True,False,0,0,0,0,0,0,0,0,0,0,0,0,0,0,0,0,0,0,0,0,0.0
12R0036,GSM3529288,BP1,65.57,F,0,0.0,A,peripheral whole blood,7.4,2,-0.027768086,0.007779886,0.026237772,0.0335169828306562,0.0,0.0,0.0,0.164388176231459,0.142748544707418,0.0229574129713138,0,0,0.0,0.0344372955439141,0.0,0.203189144334682,0.0,0,0.0,0.0,0.0038324453481617,0.0257913936274488,0,0.0,0.369138604404945,True,True,0,7625232,7.4,True,True,False,0,0,0,0,0,0,0,0,0,0,0,0,0,0,0,0,0,0,0,0,0.0
12R0038,GSM3529289,BP1,50.22,M,1,0.0,A,peripheral whole blood,7.4,2,-0.00484938,0.011586907,-0.0328082,0.0027139479850303,0.0,0.0004,0.0,0.121666200166526,0.051621540382442,0.0236740055524601,0,0,0.0,0.0279893065687498,0.0,0.208486437481848,0.0,0,0.0,0.0,0.004123089477806,0.0323665916972337,0,0.0,0.526998837392331,True,True,0,7376809,7.4,True,True,False,0,0,0,0,0,0,0,0,0,0,0,0,0,0,0,0,0,0,0,0,0.0
12R0042,GSM3529290,BP1,65.06,M,0,1.0,A,peripheral whole blood,5.7,2,0.02117786,-0.024383173,-0.043781528,0.0255329127787715,0.0,0.0,0.0,0.0558758229989383,0.136909769042989,0.0248029770035144,0,0,0.0,0.143851811593587,0.0,0.354666442553006,0.0,0,0.0,0.0,0.0045876704342723,0.0279995660385231,0,0.0,0.225773027556397,True,True,0,8694307,5.7,True,True,False,1,1,1,1,1,1,1,1,1,1,1,1,1,1,1,1,1,1,1,1,1.0
12R0047,GSM3529291,BP1,58.41,F,1,0.0,A,peripheral whole blood,7.9,2,-0.041279344,-0.0019977,0.016456778,0.0428010389814007,0.0,0.0004,0.0,0.115014074916832,0.0381195360392648,0.0259726563329108,0,0,0.0,0.036114947959517,0.0,0.208966740022684,0.0,0,0.0,0.0,0.0013140983787317,0.0250379128804245,0,0.0,0.50623457884042,True,True,0,8397844,7.9,True,True,False,0,0,0,0,0,0,0,0,0,0,0,0,0,0,0,0,0,0,0,0,0.0
12R0048,GSM3529292,Control,22.88,F,0,0.0,A,peripheral whole blood,7.9,3,0.057889322,0.105622905,-0.051244455,0.0238296164082973,0.0,0.0,0.0,0.207182572003013,0.0736658282601166,0.022516855018514,0,0,0.0,0.0370892610832161,0.0,0.292040453351931,0.0,0,0.0,0.0,0.0052624122421701,0.019835186389091,0,0.0,0.31857781524365,True,True,0,5696357,7.9,True,True,False,0,0,0,0,0,0,0,0,0,0,0,0,0,0,0,0,0,0,0,0,0.0
12R0050,GSM3529293,BP1,62.86,F,0,0.0,A,peripheral whole blood,7.5,2,0.008002596,-0.00509047,0.003130062,0.0284637103333936,0.0,0.0,0.0,0.160541483219502,0.0812388030889725,0.0252425092881168,0,0,0.0,0.0909906964963474,0.0,0.328176854147548,0.0,0,0.0,0.0,0.0043843386898446,0.0332042073374688,0,0.0,0.247757397398805,True,True,0,9213406,7.5,True,True,False,0,0,0,0,0,0,0,0,0,0,0,0,0,0,0,0,0,0,0,0,0.0
12R0052,GSM3529294,Control,65.56,M,0,0.0,A,peripheral whole blood,8.1,3,0.071075743,-0.027272175,0.009714794,0.0499389367453278,0.0,0.0,0.0,0.169036263681177,0.124891756064383,0.0661932718105908,0,0,0.001,0.0945890123859057,0.0,0.259919666913578,0.0,0,0.0,0.0,0.0061817419971906,0.0311509833964954,0,0.0,0.197102890953353,True,True,0,12357972,8.1,True,True,False,0,0,0,0,0,0,0,0,0,0,0,0,0,0,0,0,0,0,0,0,0.0
12R0059,GSM3529295,BP2,65.19,F,0,0.0,A,peripheral whole blood,9.4,2,-0.034128723,0.018860669,0.007064314,0.0422761605383986,0.0,0.0,0.0,0.0887005443528869,0.0686397048600762,0.0318649110657184,0,0,0.0,0.038026613325221,0.0,0.224824976151157,0.0,0,0.0,0.0,0.0031065114290283,0.0252439097388558,0,0.0,0.477316668538656,True,True,0,6749383,9.4,True,True,False,0,0,0,0,0,0,0,0,0,0,0,0,0,0,0,0,0,0,0,0,0.0
12R0060,GSM3529296,Control,69.6,M,0,1.0,A,peripheral whole blood,7.8,3,0.087009278,-0.035672689,-0.044442705,0.0135685692246954,0.0,0.0,0.0,0.107833689453713,0.0489707556901695,0.0321668598177269,0,0,0.0,0.0578206964237035,0.0,0.280751791004398,0.0,0,0.0,0.0,0.0043577700877538,0.0391331792766114,0,0.0,0.415396689021227,True,True,0,11447071,7.8,True,True,False,1,1,1,1,1,1,1,1,1,1,1,1,1,1,1,1,1,1,1,1,1.0
12R0071,GSM3529297,Control,45.28,F,0,0.0,A,peripheral whole blood,8.0,3,0.080591355,-0.024070548,0.027510337,0.0199113186675964,0.0,0.0,0.0,0.146954879058682,0.0603629837501768,0.052881156979528,0,0,0.0,0.0694034895417705,0.0,0.210869040011144,0.0,0,0.0,0.0,0.0060546256300642,0.0340329982626518,0,0.0,0.399529508098384,True,True,0,12381442,8.0,True,True,False,0,0,0,0,0,0,0,0,0,0,0,0,0,0,0,0,0,0,0,0,0.0
12R0080,GSM3529298,BP1,38.5,M,1,0.0,A,peripheral whole blood,7.5,2,-0.024594697,-0.005583884,0.050606622,0.0019731213534951,0.0,0.0002,0.0,0.102050207718176,0.0348400502934544,0.0291296238071679,0,0,0.0,0.0331067918322192,0.0,0.182559390916035,0.0,0,0.0,0.0,0.0004,0.0325200101569598,0,0.0,0.583204711294005,True,True,0,8573044,7.5,True,True,False,0,0,0,0,0,0,0,0,0,0,0,0,0,0,0,0,0,0,0,0,0.0
12R0081,GSM3529299,BP1,58.66,F,0,0.0,A,peripheral whole blood,7.6,2,-0.013108161,-0.002080323,0.038352189,0.0445764377110412,0.0,0.0012782892549086,0.0048282078056682,0.183248505750267,0.0473022728606562,0.0357438814972768,0,0,0.0054218896525593,0.0404555936471241,0.0,0.298610496871347,0.0,0,0.0,0.0,0.0055698495594433,0.0256136377409606,0,0.0,0.307350937648746,True,True,0,8961562,7.6,True,True,False,0,0,0,0,0,0,0,0,0,0,0,0,0,0,0,0,0,0,0,0,0.0
12R0094,GSM3529300,BP1,42.03,M,1,0.0,A,peripheral whole blood,7.7,2,0.014357476,0.006773,0.014142338,0.0260691435282965,0.0,0.0008,0.0,0.105807111655072,0.0767126634050373,0.0408483471195519,0,0,0.0,0.0542935966634829,0.0,0.242931056425829,0.0,0,0.0,0.0,0.0041180556659459,0.0214212580854034,0,0.0,0.427024845847217,True,True,0,9095504,7.7,True,True,False,0,0,0,0,0,0,0,0,0,0,0,0,0,0,0,0,0,0,0,0,0.0
12R0096,GSM3529301,BP1,22.08,M,1,0.0,A,peripheral whole blood,7.6,2,0.04429496,0.27786594,0.032414802,0.0097112540928803,0.0,0.0,0.0159483098341294,0.0958055365852373,0.0412949404705088,0.0476715263286376,0,0,0.0,0.0810142380634051,0.0,0.297535889681567,0.0,0,0.0,0.0,0.001016549787082,0.0253456897115651,0,0.0,0.384656065444986,True,True,0,1039663,7.6,False,True,False,0,0,0,0,0,0,0,0,0,0,0,0,0,0,0,0,0,0,0,0,0.0
12R0102,GSM3529302,Control,49.8,F,0,1.0,A,peripheral whole blood,7.9,3,0.079060319,-0.006445795,-0.032934528,0.0044514107634814,0.0,0.0,0.0159140998455437,0.105623310799606,0.0712275657150565,0.0477911894262822,0,0,0.0,0.0370545762060271,0.0,0.230666918432047,0.0,0,0.0,0.0,0.0024474631388131,0.0340574252427988,0,0.0,0.450766040430342,True,True,0,10999918,7.9,True,True,False,1,1,1,1,1,1,1,1,1,1,1,1,1,1,1,1,1,1,1,1,1.0
12R0104,GSM3529303,Control,54.99,M,0,1.0,A,peripheral whole blood,7.0,3,0.093236731,-0.040604756,-0.027928023,0.0237776301677285,0.0,0.0091263778421417,0.0,0.188670676358246,0.0452505933721925,0.0337091959179426,0,0,0.0,0.0878262102353481,0.0,0.222148410830496,0.0,0,0.0,0.0,0.0076733787834218,0.0285298517820195,0,0.0,0.353287674710461,True,True,0,12189342,7.0,True,True,False,1,1,1,1,1,1,1,1,1,1,1,1,1,1,1,1,1,1,1,1,1.0
12R0106,GSM3529304,Control,20.88,M,0,0.0,A,peripheral whole blood,8.7,3,0.104920124,-0.038459371,0.031123943,0.0010894134532697,0.0,0.0032417068694684,0.0,0.0738675243387099,0.0786790048103634,0.0697705665913352,0,0,0.0,0.13767912848603,0.0,0.159336289064887,0.0,0,0.0,0.0,0.0049483984553695,0.0331225888037821,0,0.0,0.438265379126783,True,True,0,15721347,8.7,True,True,False,0,0,0,0,0,0,0,0,0,0,0,0,0,0,0,0,0,0,0,0,0.0
12R0109,GSM3529305,BP1,48.84,M,1,0.0,A,peripheral whole blood,7.7,2,0.096884636,0.347145808,0.039424064,0.0537223417820764,0.0,0.002086230446842,0.0047984318037731,0.0951123450341139,0.0396313760956023,0.0252546102408589,0,0,0.0,0.0535629003565873,0.0,0.31955276462379,0.0,0,0.0,0.0,0.0050837707344301,0.0104023721045776,0,0.0,0.390792856777347,True,True,0,638061,7.7,False,True,False,0,0,0,0,0,0,0,0,0,0,0,0,0,0,0,0,0,0,0,0,0.0
12R0110,GSM3529306,BP1,47.59,F,1,0.0,A,peripheral whole blood,7.8,2,-0.025673357,0.00547265,0.048531055,0.0061353328227331,0.0,0.0,0.0,0.125664709745604,0.0611841083490938,0.0131680869303557,0,0,0.0,0.0425218098836169,0.0,0.281848343214508,0.0,0,0.0,0.0,0.0047517151766154,0.0166364531250071,0,0.0,0.448089440752464,True,True,0,7874427,7.8,True,True,False,0,0,0,0,0,0,0,0,0,0,0,0,0,0,0,0,0,0,0,0,0.0
12R0113,GSM3529307,BP1,68.03,M,1,1.0,A,peripheral whole blood,8.1,2,-0.005024408,-0.001629252,0.043217679,0.0,0.0034800294185533,0.0002,0.0,0.0802820030622699,0.0826599165927809,0.0407107149095177,0,0,0.0,0.0489249295346852,0.0,0.277992627371993,0.0,0,0.0,0.0,0.0018399298938232,0.0306322044224116,0,0.0,0.433268568126053,True,True,0,9721770,8.1,True,True,False,1,1,1,1,1,1,1,1,1,1,1,1,1,1,1,1,1,1,1,1,1.0
12R0114,GSM3529308,BP1,45.36,M,1,0.0,A,peripheral whole blood,7.5,2,-0.035779677,0.00132144,0.04349452,0.0264049249470681,0.0,0.0,0.0151394112258015,0.105376498080896,0.0470127744722978,0.0389518076094951,0,0,0.0,0.0678175654070323,0.0,0.424992206702305,0.0,0,0.0,0.0,0.0046285313319103,0.0248666504291557,0,0.0,0.244809629794036,True,True,0,8308060,7.5,True,True,False,0,0,0,0,0,0,0,0,0,0,0,0,0,0,0,0,0,0,0,0,0.0
12R0115,GSM3529309,BP1,58.73,F,1,0.0,A,peripheral whole blood,7.8,2,-0.037622125,0.009143159,0.040043315,0.0001,0.0,0.0022161742294703,0.0304300471117573,0.103381704572971,0.0725623679252385,0.0324521060578488,0,0,0.0,0.040589656295055,0.0,0.247966168506262,0.0,0,0.0,0.0,0.004199736029848,0.0356630119888458,0,0.0,0.430395278690806,True,True,0,8792404,7.8,True,True,False,0,0,0,0,0,0,0,0,0,0,0,0,0,0,0,0,0,0,0,0,0.0
12R0117,GSM3529310,BP1,59.62,M,0,1.0,A,peripheral whole blood,7.7,2,-0.023492551,-0.004616892,0.006186421,0.0268698949824579,0.0,0.0020620138652665,0.0,0.162947034167126,0.0611929411825001,0.0147905079393532,0,0,0.0,0.0439171230856882,0.0,0.254737654828368,0.0013181451808618,0,0.0,0.0,0.0032511999289533,0.0177623400825985,0,0.0,0.411151144756825,True,True,0,8290468,7.7,True,True,False,1,1,1,1,1,1,1,1,1,1,1,1,1,1,1,1,1,1,1,1,1.0
12R0128,GSM3529311,BP1,57.96,M,0,1.0,A,peripheral whole blood,7.5,2,-0.033081955,0.004186786,0.004657201,0.0142628162186985,0.0,0.0005,0.0309655945351041,0.118906671570272,0.0519410210890681,0.0839103298333535,0,0,0.0,0.0979434660186506,0.0,0.215848889892924,0.0,0,0.0,0.0,0.0035694558675073,0.0368707662411871,0,0.0,0.345304722760087,True,True,0,7362226,7.5,True,True,False,1,1,1,1,1,1,1,1,1,1,1,1,1,1,1,1,1,1,1,1,1.0
12R0130,GSM3529312,BP1,64.76,M,1,1.0,A,peripheral whole blood,7.9,2,0.006309429,0.17632846,0.042377844,0.0161482457680388,0.0,0.0,0.0378700161381514,0.0505395612345562,0.0808199733010018,0.0460807301494068,0,0,0.0172804166428879,0.0716819932739824,0.0,0.359117246433268,0.0,0,0.0,0.0,0.0053119064606504,0.0247318326766768,0,0.0,0.290418077921378,True,True,0,3272888,7.9,True,True,False,1,1,1,1,1,1,1,1,1,1,1,1,1,1,1,1,1,1,1,1,1.0
12R0137,GSM3529313,BP1,64.14,M,0,0.0,A,peripheral whole blood,8.3,2,-0.027834864,-0.004731809,0.035420739,0.016116947839781,0.0,0.0023764736703712,0.0261726663127304,0.0572704445497726,0.0477184487064449,0.0640586765607399,0,0,0.0,0.04832665748642,0.0,0.181601389161379,0.0,0,0.0,0.0,0.0048781264333944,0.0339480163932118,0,0.0,0.517532152885754,True,True,0,8073237,8.3,True,True,False,0,0,0,0,0,0,0,0,0,0,0,0,0,0,0,0,0,0,0,0,0.0
12R0139,GSM3529314,BP1,58.22,M,1,0.0,A,peripheral whole blood,7.7,2,-0.030959834,0.011797639,0.054790781,0.0364759928784827,0.0,0.0,0.0,0.0979169709324022,0.0582545578309724,0.0389841254222157,0,0,0.001496747525455,0.0567349679997314,0.0,0.323670743132734,0.0,0,0.0,0.0,0.0052550563752428,0.0229974007100034,0,0.0,0.358213437192759,True,True,0,7081599,7.7,True,True,False,0,0,0,0,0,0,0,0,0,0,0,0,0,0,0,0,0,0,0,0,0.0
12R0147,GSM3529315,BP1,52.61,F,1,1.0,A,peripheral whole blood,8.2,2,-0.035538506,0.011106345,0.015331395,0.0405237030142812,0.0,0.0017431865712632,0.0,0.180832188278063,0.0408749926549411,0.0534632310031634,0,0,0.0,0.0487714532734852,0.0,0.21319396274918,0.0,0,0.0,0.0,0.0048662405040633,0.0330942462146447,0,0.0,0.382636795736913,True,True,0,7612149,8.2,True,True,False,1,1,1,1,1,1,1,1,1,1,1,1,1,1,1,1,1,1,1,1,1.0
12R0149,GSM3529316,BP1,54.26,M,1,0.0,A,peripheral whole blood,7.9,2,-0.04513414,-0.002498702,0.066569003,0.0132548583390336,0.0,0.0,0.0,0.078422559946431,0.050666862343129,0.0397526228828102,0,0,0.0208366404776733,0.0578488778767009,0.0,0.431673832337228,0.0,0,0.0,0.0,0.0051034674230015,0.0351459519886229,0,0.0,0.267294326385368,True,True,0,7913906,7.9,True,True,False,0,0,0,0,0,0,0,0,0,0,0,0,0,0,0,0,0,0,0,0,0.0
12R0150,GSM3529317,BP1,33.66,F,1,0.0,A,peripheral whole blood,8.8,2,-0.055566403,0.02902807,-0.023825486,0.0184637507062878,0.0,0.0010616423422396,0.0004,0.0914938459700671,0.061810713422923,0.025422817909891,0,0,0.0,0.0460947581400673,0.0,0.302862621370363,0.0,0,0.0,0.0,0.0046037103347806,0.0257410443589466,0,0.0,0.422071895764059,True,True,0,5518252,8.8,True,True,False,0,0,0,0,0,0,0,0,0,0,0,0,0,0,0,0,0,0,0,0,0.0
12R0155,GSM3529318,BP1,64.25,F,1,0.0,A,peripheral whole blood,7.6,2,-0.038164989,-0.007507308,-0.00115375,0.0346336072912448,0.0,0.0001,0.0,0.189750577139399,0.0927726624014348,0.0561324937349499,0,0,0.0,0.0669808983664293,0.0,0.16796767672179,0.0,0,0.0,0.0,0.0040922994245206,0.0309686972248288,0,0.0,0.356620878615722,True,True,0,7799387,7.6,True,True,False,0,0,0,0,0,0,0,0,0,0,0,0,0,0,0,0,0,0,0,0,0.0
12R0156,GSM3529319,BP1,72.7,F,1,0.0,A,peripheral whole blood,7.7,2,-0.03187164,-0.00223519,0.010451621,0.0408749426345146,0.0,0.0,0.0,0.0736421553198175,0.0726922935313386,0.0578179087430002,0,0,0.0,0.0975992678619563,0.0,0.122156135491433,0.0,0,0.0,0.0,0.0,0.032163955260424,0,0.0,0.503053341157514,True,True,0,8254115,7.7,True,True,False,0,0,0,0,0,0,0,0,0,0,0,0,0,0,0,0,0,0,0,0,0.0
12R0157,GSM3529320,Control,21.19,M,0,0.0,A,peripheral whole blood,7.6,3,0.031624469,0.019000497,-0.040542252,0.0054069781953845,0.0,0.0,0.0203740379015059,0.112020497087638,0.0719071245032789,0.0609010742316728,0,0,0.0,0.0883209273125195,0.0,0.230626659435071,0.0,0,0.0,0.0,0.0025044719295534,0.0313375014304033,0,0.0,0.376600727972971,True,True,0,7904588,7.6,True,True,False,0,0,0,0,0,0,0,0,0,0,0,0,0,0,0,0,0,0,0,0,0.0
12R0158,GSM3529321,BP1,48.11,M,1,0.0,A,peripheral whole blood,6.8,2,0.010056219,0.11202535,0.020323944,0.0284094053966791,0.0,0.0082613178572249,0.0,0.222185606745016,0.0447612529475099,0.0232081834384487,0,0,0.0,0.113225634733332,0.0,0.209151838305317,0.002067068441919,0,0.0,0.0,0.0068278754451852,0.0363643939914297,0,0.0,0.305537422697937,True,True,0,4631543,6.8,True,True,False,0,0,0,0,0,0,0,0,0,0,0,0,0,0,0,0,0,0,0,0,0.0
12R0163,GSM3529322,BP1,55.01,F,0,0.0,A,peripheral whole blood,7.7,2,-0.032646668,0.021179123,0.018918895,0.0035919823789937,0.0,0.0013601539861167,0.0,0.0881722905608988,0.0410462127367617,0.0197634009605871,0,0,0.0,0.0365389531775278,0.0,0.196398306170562,0.0,0,0.0,0.0,0.0042214270942753,0.0200827469566348,0,0.0,0.588824525977641,True,True,0,6817478,7.7,True,True,False,0,0,0,0,0,0,0,0,0,0,0,0,0,0,0,0,0,0,0,0,0.0
12R0164,GSM3529323,BP2,63.01,M,0,0.0,A,peripheral whole blood,8.6,2,-0.050090152,0.01871565,-0.022531415,0.0174612056216004,0.0,0.0,0.0,0.0905255780835981,0.0189658901713219,0.0180736583428381,0,0,0.0,0.0139524908237804,0.0,0.267550636143751,0.0,0,0.0,0.0,0.0047635310554437,0.0388180922101031,0,0.0,0.529870163353261,True,True,0,5532118,8.6,True,True,False,0,0,0,0,0,0,0,0,0,0,0,0,0,0,0,0,0,0,0,0,0.0
12R0165,GSM3529324,BP1,47.29,M,0,0.0,A,peripheral whole blood,7.9,2,-0.028755663,0.002195026,-0.001997749,0.0085292953560004,0.0,0.0,0.0062342123135606,0.0855259398422161,0.0596978487419224,0.0303991836286626,0,0,0.0,0.0395603517104215,0.0,0.28510928688245,0.0,0,0.0,0.0,0.0017167847714938,0.0273770375586109,0,0.0,0.455850059194661,True,True,0,7597536,7.9,True,True,False,0,0,0,0,0,0,0,0,0,0,0,0,0,0,0,0,0,0,0,0,0.0
12R0169,GSM3529325,BP1,65.24,M,0,0.0,A,peripheral whole blood,7.7,2,-0.000387646,-0.018017399,0.063540718,0.0028330831211842,0.0,0.0001,0.033668432125241,0.0458412663203744,0.0429799007699777,0.0525597952931109,0,0,0.0,0.098294634029825,0.0,0.28818310868692,0.0,0,0.0,0.0,0.0016172155928423,0.0264896051267714,0,0.0,0.407455394781424,True,True,0,9924208,7.7,True,True,False,0,0,0,0,0,0,0,0,0,0,0,0,0,0,0,0,0,0,0,0,0.0
12R0170,GSM3529326,Control,35.72,M,0,0.0,A,peripheral whole blood,8.1,3,0.0803205,-0.026911,-0.01857711,0.0353248551977626,0.0,0.0022137666634846,0.0,0.0859048608689144,0.0820682979194579,0.0584063260652751,0,0,0.0,0.0862230649740068,0.0,0.245139232311876,0.0,0,0.0,0.0,0.0062320404372738,0.0212844639204092,0,0.0,0.377203091641538,True,True,0,11002933,8.1,True,True,False,0,0,0,0,0,0,0,0,0,0,0,0,0,0,0,0,0,0,0,0,0.0
12R0172,GSM3529327,BP1,59.9,M,1,0.0,A,peripheral whole blood,7.2,2,-0.028460539,-0.006114718,0.012834679,0.011357100172831,0.0,0.0,0.0,0.123416823376559,0.0600057894553306,0.0425716378009734,0,0,0.0,0.0409285189291759,0.0,0.208518226010881,0.0,0,0.0,0.0,0.0038046708127079,0.0327501581282996,0,0.0,0.47664707531324,True,True,0,7080557,7.2,True,True,False,0,0,0,0,0,0,0,0,0,0,0,0,0,0,0,0,0,0,0,0,0.0
12R0174,GSM3529328,BP1,38.3,M,1,0.0,A,peripheral whole blood,7.7,2,-0.009373385,-0.020156041,0.019304092,0.0423023906851941,0.0,0.0,0.0,0.22687649971389,0.157342811407172,0.0402712401707823,0,0,0.0,0.0771110076982747,0.0,0.368556975315428,0.0059264671081293,0,0.0,0.0,0.0026407573315074,0.015815284938378,0,0.0,0.063156565631242,True,True,0,8726946,7.7,True,True,False,0,0,0,0,0,0,0,0,0,0,0,0,0,0,0,0,0,0,0,0,0.0
12R0175,GSM3529329,BP1,31.9,M,1,0.0,A,peripheral whole blood,7.5,2,0.007625584,-0.012551526,0.012629906,0.0112158461264328,0.0,0.0,0.019100339556334,0.134944009729022,0.0485200743449968,0.0218869811362589,0,0,0.0,0.0716046675576943,0.0,0.161603953250736,0.0,0,0.0,0.0,0.0033569359205915,0.0191468946931663,0,0.0,0.508620297684766,True,True,0,8593833,7.5,True,True,False,0,0,0,0,0,0,0,0,0,0,0,0,0,0,0,0,0,0,0,0,0.0
12R0182,GSM3529330,BP1,55.02,F,1,1.0,A,peripheral whole blood,6.6,3,0.020348282,0.155954211,-4.82e-06,0.0030494648002212,0.0,0.0,0.0028164698711354,0.163572466169762,0.0906285795238073,0.0335314297957356,0,0,0.0,0.0283844315850954,0.0,0.159445593573882,0.0009,0,0.0,0.0,0.0028066564767349,0.032892180375514,0,0.0,0.48198514716906,True,True,0,3499790,6.6,True,True,False,1,1,1,1,1,1,1,1,1,1,1,1,1,1,1,1,1,1,1,1,1.0
12R0197,GSM3529331,BP1,67.63,F,1,0.0,A,peripheral whole blood,7.7,3,0.078701858,-0.032914261,-0.044455439,0.0172906844085202,0.0,0.0,0.0,0.162405039509966,0.111736949007103,0.0530500260647636,0,0,0.0,0.122600677428706,0.0,0.274344635472101,0.0,0,0.0,0.0,0.0044562611870244,0.02316697421444,0,0.0,0.230948752707373,True,True,0,10561631,7.7,True,True,False,0,0,0,0,0,0,0,0,0,0,0,0,0,0,0,0,0,0,0,0,0.0
12R0198,GSM3529332,BP1,58.87,F,1,1.0,A,peripheral whole blood,7.8,3,0.0752579,-0.006688855,0.009798284,0.011868555855161,0.0,0.0,0.0,0.101852684391832,0.0219216401704959,0.0257831628754927,0,0,0.0,0.0138062529420315,0.0,0.267799620937303,0.0,0,0.0,0.0,0.0036583735495812,0.0412999938606475,0,0.0,0.512009715417453,True,True,0,11159222,7.8,True,True,False,1,1,1,1,1,1,1,1,1,1,1,1,1,1,1,1,1,1,1,1,1.0
12R0199,GSM3529333,BP1,39.04,F,1,1.0,A,peripheral whole blood,7.8,3,0.074907502,0.223281306,0.044163926,0.0389737038659118,0.0,0.0,0.0,0.148385244153966,0.0418699729451406,0.0189883133055679,0,0,0.0,0.0299832784585561,0.0,0.303540890235901,0.0,0,0.0,0.0,0.0049820208456889,0.0262250669372162,0,0.0,0.38705150925205,True,True,0,3417282,7.8,True,True,False,1,1,1,1,1,1,1,1,1,1,1,1,1,1,1,1,1,1,1,1,1.0
12R0202,GSM3529334,Control,70.5,F,0,0.0,A,peripheral whole blood,7.0,4,-0.014010018,-0.012167946,-0.028214577,0.0266107733385606,0.0,0.0106423692968424,0.0,0.222111851882093,0.0964222626600976,0.0219793744343571,0,0,0.0,0.107417151269885,0.0,0.182948197901004,0.0,0,0.0,0.0,0.0079560594385203,0.0130485898759418,0,0.0,0.310863369902696,True,True,0,7074517,7.0,True,True,False,0,0,0,0,0,0,0,0,0,0,0,0,0,0,0,0,0,0,0,0,0.0
12R0210,GSM3529335,Control,53.75,F,0,0.0,A,peripheral whole blood,6.5,3,0.096988289,0.067024792,-0.104638619,0.0142966429269527,0.0,0.0040218306268067,0.0,0.105267948334148,0.068710258312312,0.0251308992979253,0,0,0.0030151041328374,0.0505091396720715,0.0,0.370530858429818,0.0,0,0.0,0.0,0.0043842260455729,0.0220018160089112,0,0.0,0.332131276212643,True,True,0,6234884,6.5,True,True,False,0,0,0,0,0,0,0,0,0,0,0,0,0,0,0,0,0,0,0,0,0.0
12R0213,GSM3529336,BP1,36.38,F,1,1.0,A,peripheral whole blood,4.7,3,0.070547995,0.044770502,-0.045288739,0.0116272354604493,0.0,0.0,0.0017109889661429,0.0560628612591257,0.0308836674594022,0.0203794607503724,0,0,0.0,0.0288861692543376,0.0,0.261216560771761,0.0,0,0.0,0.0,0.006069575805763,0.024909270033303,0,0.0,0.558254210239342,True,True,0,8425093,4.7,True,False,False,1,1,1,1,1,1,1,1,1,1,1,1,1,1,1,1,1,1,1,1,1.0
12R0229,GSM3529337,BP1,40.66,F,0,0.0,A,peripheral whole blood,7.7,3,0.06979018,-0.010450123,0.028901273,0.0298944610211959,0.0,0.0,0.0018023514923731,0.176651747021176,0.070958958418281,0.0345281122979542,0,0,0.0,0.0516792361868002,0.0,0.248062870497758,0.0,0,0.0,0.0,0.0051551767648244,0.0356026739619385,0,0.0,0.345664412337696,True,True,0,11670107,7.7,True,True,False,0,0,0,0,0,0,0,0,0,0,0,0,0,0,0,0,0,0,0,0,0.0
12R0232,GSM3529338,BP1,30.57,M,1,1.0,A,peripheral whole blood,8.0,3,0.087326864,-0.028612231,0.017231401,0.0135979762915006,0.0,0.0,0.0076362712869583,0.121083697398107,0.058916278989709,0.0285994053228702,0,0,0.0,0.0369867206205125,0.0,0.224420356464513,0.0,0,0.0,0.0,0.003842274963285,0.031896788084896,0,0.0,0.473020230577646,True,True,0,12944649,8.0,True,True,False,1,1,1,1,1,1,1,1,1,1,1,1,1,1,1,1,1,1,1,1,1.0
12R0234,GSM3529339,BP1,64.42,M,1,0.0,A,peripheral whole blood,8.0,3,0.073513928,-0.029625825,-0.017610792,0.0242358256530614,0.0,0.0,0.0,0.0854820542086987,0.0663806248017828,0.0235004793903635,0,0,0.0,0.0609420256318621,0.0,0.28147446723981,0.0,0,0.0,0.0,0.0005,0.0261829044009223,0,0.0,0.431315653808286,True,True,0,10911304,8.0,True,True,False,0,0,0,0,0,0,0,0,0,0,0,0,0,0,0,0,0,0,0,0,0.0
12R0235,GSM3529340,BP1,59.85,M,0,0.0,A,peripheral whole blood,7.5,3,0.067193285,0.086796788,-0.008577338,0.0061502041279942,0.0,0.0027862369987947,0.0030939089583668,0.127996750970761,0.0162767698359245,0.0181521736497986,0,0,0.0034109901171461,0.0565481497797358,0.0,0.424380292377618,0.0,0,0.0,0.0,0.0052727912611381,0.0232587482678586,0,0.0,0.312672983654862,True,True,0,7674994,7.5,True,True,False,0,0,0,0,0,0,0,0,0,0,0,0,0,0,0,0,0,0,0,0,0.0
12R0237,GSM3529341,BP1,60.43,F,1,0.0,A,peripheral whole blood,7.8,3,0.036001933,-0.001475327,0.029466369,0.0640231649827531,0.0,0.0,0.0,0.188834093043675,0.097466472610737,0.0139651220353833,0,0,0.0,0.0448595276770621,0.0,0.333684698448501,0.0,0,0.0,0.0,0.0040908552933071,0.0294834853405308,0,0.0,0.223592580568048,True,True,0,9930127,7.8,True,True,False,0,0,0,0,0,0,0,0,0,0,0,0,0,0,0,0,0,0,0,0,0.0
12R0239,GSM3529342,BP2,51.86,F,0,0.0,A,peripheral whole blood,7.9,3,0.059227155,0.001139104,0.064312091,0.0455738861448469,0.0,0.0,0.0276735647323848,0.187716613095845,0.101320950294461,0.0235938854348449,0,0,0.0,0.0490565074445392,0.0,0.253464747212892,0.0,0,0.0,0.0,0.0060466941741991,0.0105126229010932,0,0.0,0.295040528564891,True,True,0,11470072,7.9,True,True,False,0,0,0,0,0,0,0,0,0,0,0,0,0,0,0,0,0,0,0,0,0.0
12R0240,GSM3529343,BP1,66.55,M,0,1.0,A,peripheral whole blood,8.2,3,0.089260787,-0.034715678,-0.001713365,0.0042174995245014,0.0,0.0,0.0030797310688236,0.0483389381507943,0.0382082602376943,0.0407169675546985,0,0,0.0,0.0839696428986387,0.0,0.243360150954101,0.0,0,0.0,0.0,0.0021005682470539,0.017493050697323,0,0.0,0.51851519066637,True,True,0,13629641,8.2,True,True,False,1,1,1,1,1,1,1,1,1,1,1,1,1,1,1,1,1,1,1,1,1.0
12R0242,GSM3529344,BP1,44.43,F,0,0.0,A,peripheral whole blood,8.1,3,0.074239772,-0.013220136,0.034697164,0.0072905409492261,0.0,0.0,0.0102528520976796,0.0745861315543312,0.0715050041817742,0.0655481430940615,0,0,0.0,0.081443310738633,0.0,0.196420243808851,0.0,0,0.0,0.0,0.0013289497166021,0.0371433885918624,0,0.0,0.454481435266978,True,True,0,12839462,8.1,True,True,False,0,0,0,0,0,0,0,0,0,0,0,0,0,0,0,0,0,0,0,0,0.0
12R0244,GSM3529345,BP1,52.66,F,1,0.0,A,peripheral whole blood,8.6,3,0.072501507,-0.015268529,0.017294379,0.0311970973009607,0.0,0.0,0.0,0.102888439826293,0.0204699379929896,0.0249348493185733,0,0,0.0,0.0265383596618394,0.0,0.255662677276158,0.0,0,0.0,0.0,0.0042644811009953,0.0265175613458403,0,0.0,0.507526596176348,True,True,0,13324355,8.6,True,True,False,0,0,0,0,0,0,0,0,0,0,0,0,0,0,0,0,0,0,0,0,0.0
12R0245,GSM3529346,BP1,33.42,F,0,1.0,A,peripheral whole blood,8.5,3,0.090237738,-0.022613254,0.006054271,0.0302161694163438,0.0,0.0,0.0109340268812505,0.0805677560211408,0.0734540918185531,0.0263870193822895,0,0,0.0,0.0081225089611498,0.0009,0.108911761690824,0.0,0,0.0,0.0,0.0046419469384432,0.0290006076956627,0,0.0,0.626814967042502,True,True,0,14040043,8.5,True,True,False,1,1,1,1,1,1,1,1,1,1,1,1,1,1,1,1,1,1,1,1,1.0
12R0247,GSM3529347,BP1,52.31,F,1,0.0,A,peripheral whole blood,7.9,3,0.071498614,0.021639864,-0.020966236,0.0559486416893292,0.0,0.0021291721010425,0.0177283747679653,0.174341850074578,0.0401883211272947,0.0247604028433729,0,0,0.0,0.0711984273002493,0.0,0.177776069635265,0.0,0,0.0,0.0,0.0100445585418084,0.0189313397286462,0,0.0,0.406952842190447,True,True,0,10032038,7.9,True,True,False,0,0,0,0,0,0,0,0,0,0,0,0,0,0,0,0,0,0,0,0,0.0
12R0249,GSM3529348,BP1,60.02,F,1,0.0,A,peripheral whole blood,8.4,3,0.088721013,-0.020974535,0.025206855,0.0037478076063343,0.0,0.002075892249147,0.0,0.107486442902207,0.10513591977705,0.0227099088534594,0,0,0.0160816378262711,0.0266891630298937,0.0,0.223577360713271,0.0,0,0.0,0.0,0.0040012259277017,0.0352618847891629,0,0.0,0.4532327563255,True,True,0,14293794,8.4,True,True,False,0,0,0,0,0,0,0,0,0,0,0,0,0,0,0,0,0,0,0,0,0.0
12R0253,GSM3529349,BP1,45.91,M,1,0.0,A,peripheral whole blood,8.5,3,0.061025606,-0.019898249,0.071711609,0.0226622987937475,0.0,0.0,0.0,0.0941569215047126,0.0822986825086615,0.0300475490585158,0,0,0.0037951990060426,0.0279992846201188,0.0,0.130699042133154,0.0,0,0.0,0.0,0.0052896485589444,0.0193750744985583,0,0.0,0.583676299317543,True,True,0,13955867,8.5,True,True,False,0,0,0,0,0,0,0,0,0,0,0,0,0,0,0,0,0,0,0,0,0.0
12R0254,GSM3529350,BP1,37.66,F,1,0.0,A,peripheral whole blood,6.9,3,0.050862442,0.166993377,0.001478932,0.0135234778636323,0.0,0.0,0.0114781857116399,0.13138690297008,0.041633269937111,0.0334387210091753,0,0,0.0,0.0296186817747549,0.0,0.143211613086478,0.0,0,0.0,0.0,0.005575397800675,0.0317543188876792,0,0.0,0.558379430958772,True,True,0,4350333,6.9,True,True,False,0,0,0,0,0,0,0,0,0,0,0,0,0,0,0,0,0,0,0,0,0.0
12R0260,GSM3529351,BP1,38.44,F,1,1.0,A,peripheral whole blood,7.0,3,0.059864429,0.017503013,-0.044684118,0.0446585954496035,0.0,0.0,0.0237304879380137,0.13375879694961,0.117438263866673,0.0217730199627777,0,0,0.0,0.0400588629896398,0.0,0.135587072663292,0.0,0,0.0,0.0,0.0033681134723334,0.0290324455329724,0,0.0,0.450594341175082,True,True,0,8556870,7.0,True,True,False,1,1,1,1,1,1,1,1,1,1,1,1,1,1,1,1,1,1,1,1,1.0
12R0261,GSM3529352,BP1,52.86,M,0,0.0,A,peripheral whole blood,8.3,3,0.039405313,0.002435503,0.019329352,0.0199943974950341,0.0,0.0003,0.0021248535541158,0.053164647592148,0.170234564720896,0.0758156821276219,0,0,0.0097905785099708,0.134962993164285,0.0,0.193315103920485,0.0,0,0.0,0.0,0.0003,0.0329062141169651,0,0.0,0.307138778490477,True,True,0,11094816,8.3,True,True,False,0,0,0,0,0,0,0,0,0,0,0,0,0,0,0,0,0,0,0,0,0.0
12R0267,GSM3529353,Control,22.43,M,0,0.0,A,peripheral whole blood,7.5,3,0.07030214,-0.019737095,-0.079727396,0.0494518002448671,0.0,0.006222445266957,0.0015567738575865,0.232862569492147,0.0640051777709704,0.0182899019037805,0,0,0.0,0.0900949783035749,0.0,0.181150017554146,0.0,0,0.0,0.0,0.0077757405638362,0.0200592145508842,0,0.0,0.328531380491248,True,True,0,9606580,7.5,True,True,False,0,0,0,0,0,0,0,0,0,0,0,0,0,0,0,0,0,0,0,0,0.0
12R0281,GSM3529354,BP1,44.89,F,1,1.0,A,peripheral whole blood,6.8,3,0.09950797,-0.016592878,-0.024678699,0.0219405367078615,0.0,0.0,0.0457427569223813,0.0868922402929038,0.0889263863683863,0.0233926591300002,0,0,0.0,0.0410611133677291,0.0,0.252545436314702,0.0,0,0.0,0.0,0.0049979761519762,0.0348913040450033,0,0.0,0.399609590699055,True,True,0,11128579,6.8,True,True,False,1,1,1,1,1,1,1,1,1,1,1,1,1,1,1,1,1,1,1,1,1.0
12R0289,GSM3529355,Control,24.23,F,0,0.0,A,peripheral whole blood,6.4,3,-0.002664393,0.004536465,-0.052536751,0.0431701752027098,0.0,0.0038877262709268,0.0,0.224327759993329,0.0691599005989607,0.0189394799872644,0,0,0.0,0.0666968192008686,0.0,0.173649239203221,0.0,0,0.0,0.0,0.0083972267314254,0.0126544360679138,0,0.0,0.379117236743379,True,True,0,7044079,6.4,True,True,False,0,0,0,0,0,0,0,0,0,0,0,0,0,0,0,0,0,0,0,0,0.0
12R0294,GSM3529356,BP1,31.09,M,1,1.0,A,peripheral whole blood,8.3,3,0.076752373,-0.012395631,0.056496883,0.0054095762316136,0.0,0.0,0.0185656046408156,0.0923731844157765,0.0311290324227811,0.047406987304947,0,0,0.0,0.0641211409464824,0.0,0.201378325833366,0.0,0,0.0,0.0,0.0012785679775904,0.0239032788266151,0,0.0,0.514434301400011,True,True,0,13139302,8.3,True,True,False,1,1,1,1,1,1,1,1,1,1,1,1,1,1,1,1,1,1,1,1,1.0
12R0295,GSM3529357,Control,26.59,F,0,0.0,A,peripheral whole blood,6.1,3,0.080101394,0.056499201,-0.117441083,0.0617961692106221,0.0,0.0,0.0232617212312882,0.158524753061247,0.120107811285833,0.0371620079960135,0,0,0.0,0.0549695181530631,0.0,0.284961606824825,0.0,0,0.0,0.0,0.0041130748055359,0.0371771352342893,0,0.0,0.217926202197281,True,True,0,6372062,6.1,True,True,False,0,0,0,0,0,0,0,0,0,0,0,0,0,0,0,0,0,0,0,0,0.0
12R0298,GSM3529358,Control,27.59,F,0,0.0,A,peripheral whole blood,8.0,3,0.079205665,-0.024454388,0.029919848,0.008010395216559,0.0,0.0,0.0167449253683371,0.154894794954176,0.114326653986815,0.0331133293111299,0,0,0.0023156136627477,0.064860749532095,0.0,0.344366180058508,0.0,0,0.0,0.0,0.0049753183944675,0.0246822474906999,0,0.0,0.231709792024462,True,True,0,12341484,8.0,True,True,False,0,0,0,0,0,0,0,0,0,0,0,0,0,0,0,0,0,0,0,0,0.0
12R0300,GSM3529359,BP1,26.93,M,1,0.0,A,peripheral whole blood,8.8,3,0.095261907,-0.024000711,0.075557825,0.0424001738251186,0.0,0.0,0.0,0.200922946099685,0.165376872756026,0.0248566463267654,0,0,0.0531616343535179,0.016887749559245,0.001,0.278389737631066,0.0041459874624278,0,0.0,0.0,0.007027543507928,0.0341806078925199,0,0.0,0.171692210742179,True,True,0,14776250,8.8,True,True,False,0,0,0,0,0,0,0,0,0,0,0,0,0,0,0,0,0,0,0,0,0.0
12R0307,GSM3529360,Control,19.23,F,0,0.0,A,peripheral whole blood,7.5,3,0.079214583,-0.02480042,-0.048426668,0.0154530305999376,0.0,0.0,0.0169987658355361,0.170679859667684,0.0771936304689824,0.0071673633112705,0,0,0.0,0.0156785970211128,0.0,0.263677768754571,0.0,0,0.0,0.0,0.0045623746080804,0.0335518472293833,0,0.0,0.39503676250344,True,True,0,10626435,7.5,True,True,False,0,0,0,0,0,0,0,0,0,0,0,0,0,0,0,0,0,0,0,0,0.0
12R0325,GSM3529361,BP1,54.79,F,0,0.0,A,peripheral whole blood,8.0,3,0.072953955,0.003899423,0.007664959,0.0048244400548892,0.0,0.0007,0.0067120364075425,0.116476455561153,0.0746213809996259,0.0447239177168794,0,0,0.0,0.046858962156255,0.0,0.233617609646524,0.0,0,0.0,0.0,0.0044670909184687,0.0228825331215958,0,0.0,0.444068865128743,True,True,0,11837596,8.0,True,True,False,0,0,0,0,0,0,0,0,0,0,0,0,0,0,0,0,0,0,0,0,0.0
12R0332,GSM3529362,BP1,39.9,M,1,1.0,A,peripheral whole blood,6.3,3,0.094265307,-0.039441697,-0.041942486,0.017663535057235,0.0,0.0005,0.0,0.0697227190213777,0.0802193862151997,0.0334940929810923,0,0,0.0,0.114119731242508,0.0,0.409025372440487,0.0,0,0.0059721251074814,0.0,0.004491284454896,0.0268469968477995,0,0.0,0.23794220930675,True,True,0,11407069,6.3,True,True,False,1,1,1,1,1,1,1,1,1,1,1,1,1,1,1,1,1,1,1,1,1.0
12R0333,GSM3529363,BP1,60.85,F,1,0.0,A,peripheral whole blood,6.9,3,0.029674781,-0.011008003,-0.049566568,0.0202557504208626,0.0,0.0,0.0215213486644739,0.135956690732313,0.126814654716287,0.0185361170046461,0,0,0.0,0.0480665352615794,0.0,0.195896630777779,0.0,0,0.0,0.0,0.0065933602425689,0.0296505821218126,0,0.0,0.396708330057675,True,True,0,8493454,6.9,True,True,False,0,0,0,0,0,0,0,0,0,0,0,0,0,0,0,0,0,0,0,0,0.0
12R0412,GSM3529364,BP1,59.57,M,0,0.0,A,peripheral whole blood,7.8,3,0.070277069,-0.024037883,-0.024774176,0.076352113862022,0.0,0.0,0.0,0.222224501409199,0.11546475646783,0.0303172256616334,0,0,0.0,0.0911929555152899,0.0,0.126199827749233,0.0,0,0.0,0.0,0.0081285126796749,0.0248398145182199,0,0.0,0.305280292136896,True,True,0,10582984,7.8,True,True,False,0,0,0,0,0,0,0,0,0,0,0,0,0,0,0,0,0,0,0,0,0.0
12R0413,GSM3529365,BP1,64.47,F,0,0.0,A,peripheral whole blood,8.4,3,0.101189353,-0.039484415,-0.005809325,0.0650275230292226,0.0,0.0,0.0,0.236582437795267,0.239886814230863,0.0386552162315624,0,0,0.0083676948134643,0.101904656077934,0.0,0.170687321416257,0.0,0,0.0,0.0,0.0035571139805135,0.0154764795799832,0,0.0027561236893355,0.117098619155595,True,True,0,13006365,8.4,True,True,False,0,0,0,0,0,0,0,0,0,0,0,0,0,0,0,0,0,0,0,0,0.0
12R0416,GSM3529366,BP1,52.12,M,1,0.0,A,peripheral whole blood,6.8,3,0.038194613,0.115918407,0.003197481,0.002457333420838,0.0,0.0018613377377487,0.0,0.0949727076061998,0.007446145544748,0.0257643544905849,0,0,0.0,0.0513341879185642,0.0,0.21466815916231,0.0,0,0.0,0.0,0.0041072243289616,0.0244340210469605,0,0.0,0.572954528743083,True,True,0,5153354,6.8,True,True,False,0,0,0,0,0,0,0,0,0,0,0,0,0,0,0,0,0,0,0,0,0.0
12R0419,GSM3529367,BP1,47.91,M,1,1.0,A,peripheral whole blood,6.3,3,0.059881167,0.016313689,-0.080820635,0.0240518168954352,0.0,0.0022669870969925,0.0043304653455794,0.152921168123535,0.0943332339911001,0.0521790189491347,0,0,0.0,0.107258670017042,0.0,0.333225970877697,0.0,0,0.0,0.0,0.0068612734804706,0.0,0,0.0,0.22257139522301,True,True,0,7741983,6.3,True,True,False,1,1,1,1,1,1,1,1,1,1,1,1,1,1,1,1,1,1,1,1,1.0
12R0421,GSM3529368,BP1,26.59,F,1,0.0,A,peripheral whole blood,8.0,3,0.078783881,-0.018943014,0.016835131,0.0198925315416528,0.0,0.0,0.0,0.109922200575116,0.169674290324227,0.0113354999626161,0,0,0.0018388007482789,0.0268459156667363,0.0,0.0890894479222123,0.0,0,0.0,0.0,0.0055037483260695,0.0321748550601045,0,0.0,0.533722709872985,True,True,0,10885407,8.0,True,True,False,0,0,0,0,0,0,0,0,0,0,0,0,0,0,0,0,0,0,0,0,0.0
12R0424,GSM3529369,BP1,40.08,F,1,1.0,A,peripheral whole blood,8.0,3,0.064009813,-0.008509123,9.22e-05,0.0343799409706335,0.0,0.0,0.0,0.118669945962912,0.0749842556089609,0.0312634929261619,0,0,0.0,0.0416117745448614,0.0,0.238415805885936,0.0,0,0.0,0.0,0.0038435198348971,0.0228150237997148,0,0.0,0.434016240465921,True,True,0,10960796,8.0,True,True,False,1,1,1,1,1,1,1,1,1,1,1,1,1,1,1,1,1,1,1,1,1.0
12R0427,GSM3529370,Control,73.27,M,0,1.0,A,peripheral whole blood,8.1,3,0.084629721,-0.025348379,-0.041171469,0.0099985766222961,0.0,0.0,0.006988198608596,0.146045530475085,0.107730969428836,0.0297659167102513,0,0,0.0,0.06844874161768,0.0,0.221745822999756,0.0,0,0.0,0.0,0.0051185325797874,0.0277798566380982,0,0.0,0.376377854319613,True,True,0,10543706,8.1,True,True,False,1,1,1,1,1,1,1,1,1,1,1,1,1,1,1,1,1,1,1,1,1.0
12R0428,GSM3529371,Control,49.74,F,0,0.0,A,peripheral whole blood,7.9,3,0.050558741,0.002076892,0.033484825,0.0045350056265365,0.0,0.001,0.0,0.0981058492075793,0.0731989232090911,0.0278616065327467,0,0,0.0,0.0328073060684186,0.0,0.209314622806697,0.0,0,0.0,0.0,0.0050108930565029,0.0371792026066995,0,0.0,0.510986794724281,True,True,0,9639367,7.9,True,True,False,0,0,0,0,0,0,0,0,0,0,0,0,0,0,0,0,0,0,0,0,0.0
12R0429,GSM3529372,BP1,59.71,F,0,1.0,A,peripheral whole blood,2.3,3,0.079272355,0.056962972,-0.12990529,0.0760783870396892,0.0,0.0,0.0,0.126259508923977,0.115305360260589,0.0124272989344103,0,0,0.0,0.0629769835596445,0.0,0.0699413508908602,0.0,0,0.0,0.0,0.0043050249727744,0.0159237410725977,0,0.0,0.516782344345456,True,True,0,4977555,2.3,True,False,False,1,1,1,1,1,1,1,1,1,1,1,1,1,1,1,1,1,1,1,1,1.0
12R0430,GSM3529373,BP1,53.75,M,1,0.0,A,peripheral whole blood,7.5,3,0.067936142,-0.00387077,0.061823423,0.0018174009904088,0.0,0.0028882604498418,0.0,0.0721670681727999,0.0773881190816253,0.0358186417944206,0,0,0.0116645050922375,0.041753373805976,0.0,0.161215351213627,0.0,0,0.0,0.0,0.0060003466722229,0.0328245807293207,0,0.0,0.556462351997518,True,True,0,11057074,7.5,True,True,False,0,0,0,0,0,0,0,0,0,0,0,0,0,0,0,0,0,0,0,0,0.0
12R0433,GSM3529374,BP1,41.68,F,1,0.0,A,peripheral whole blood,6.6,3,0.07166596,-0.010748206,0.029282509,0.0006,0.0,0.0021494023301752,0.0,0.0916786553648556,0.0557333165655146,0.015326423091884,0,0,0.0,0.0219938590861924,0.0,0.102292858616067,0.0,0,0.0,0.0,0.0045662116710176,0.0189597668582411,0,0.0,0.686740101936368,True,True,0,10535187,6.6,True,True,False,0,0,0,0,0,0,0,0,0,0,0,0,0,0,0,0,0,0,0,0,0.0
12R0452,GSM3529375,BP1,63.33,F,1,0.0,A,peripheral whole blood,6.7,3,0.105698949,-0.039239703,-0.042185583,0.0182439279004027,0.0,0.0,0.0248670028578341,0.0676604585499489,0.210274514263312,0.0382537060992658,0,0,0.0,0.125515427272217,0.0,0.237315668276132,0.0,0,0.0,0.0012272489275803,0.005633940009167,0.0269072765306862,0,0.0,0.244100829313451,True,True,0,11605325,6.7,True,True,False,0,0,0,0,0,0,0,0,0,0,0,0,0,0,0,0,0,0,0,0,0.0
12R0453,GSM3529376,Control,29.27,F,0,,A,peripheral whole blood,7.6,3,0.065959851,-0.024426782,-0.005888155,0.0308199588398149,0.0,0.0026303338200134,0.0014976580502033,0.137868644097971,0.0699273679230549,0.018662445187987,0,0,0.0,0.0456214742734464,0.0,0.318446752816681,0.0,0,0.0,0.0,0.0054692373764645,0.0184792539217115,0,0.0,0.35057687369265,False,False,1,10431543,7.6,True,True,True,0,0,0,0,0,0,0,0,1,0,0,0,0,0,1,0,0,0,0,0,0.1
12R0454,GSM3529377,BP1,48.83,F,1,0.0,A,peripheral whole blood,7.4,3,0.089215679,0.050266917,0.009255323,0.0268311532039487,0.0,0.0,0.0,0.093082148031143,0.348515287348522,0.0365622987526118,0,0,0.0212294521417432,0.0403994368481227,0.0,0.25782882042352,0.0,0,0.0,0.0,0.0037873136852452,0.0252342916277772,0,0.0,0.146529797937364,True,True,0,8870681,7.4,True,True,False,0,0,0,0,0,0,0,0,0,0,0,0,0,0,0,0,0,0,0,0,0.0
12R0459,GSM3529378,BP1,58.89,M,1,0.0,A,peripheral whole blood,6.0,3,0.077482328,-0.022320679,-0.061322494,0.0562277714283171,0.0,0.0,0.0,0.114314427534888,0.122393535117274,0.0160912659840417,0,0,0.0,0.057118089474457,0.0,0.227972109841386,0.0,0,0.0,0.0,0.0056090489916762,0.0091930582820392,0,0.0,0.391080693345919,True,True,0,9529264,6.0,True,True,False,0,0,0,0,0,0,0,0,0,0,0,0,0,0,0,0,0,0,0,0,0.0
12R0460,GSM3529379,BP1,63.96,M,0,0.0,A,peripheral whole blood,7.5,3,0.08716185,-0.035213326,-0.061559177,0.0104674241171455,0.0,0.0,0.0,0.134148886460878,0.0722786877860251,0.0391514887849011,0,0,0.0,0.0605771807686618,0.0,0.273555633027084,0.0,0,0.0,0.0,0.0042429725131008,0.0257006232621802,0,0.0,0.379877103280022,True,True,0,10833885,7.5,True,True,False,0,0,0,0,0,0,0,0,0,0,0,0,0,0,0,0,0,0,0,0,0.0
12R0463,GSM3529380,BP1,57.07,F,0,0.0,A,peripheral whole blood,7.1,3,0.071882869,-0.025333496,-0.047676191,0.0333749636744718,0.0,0.0,0.0,0.232630020092234,0.0546211440832936,0.0489703691055876,0,0,0.0,0.167790283454358,0.0,0.204578696361983,0.0,0,0.0,0.0,0.0078782796034384,0.0080391243290284,0,0.0,0.242117119295603,True,True,0,9413857,7.1,True,True,False,0,0,0,0,0,0,0,0,0,0,0,0,0,0,0,0,0,0,0,0,0.0
12R0470,GSM3529381,BP1,54.58,F,1,1.0,A,peripheral whole blood,7.5,3,0.078038848,-0.029725041,-0.035433123,0.0082729838558461,0.0,0.0,0.0,0.08833784924476,0.0580532597724081,0.017105728584497,0,0,0.0,0.0314337122467361,0.0,0.294461425320682,0.0,0,0.0,0.0,0.0048528602943144,0.0217625299527136,0,0.0,0.475719650728042,True,True,0,10355232,7.5,True,True,False,1,1,1,1,1,1,1,1,1,1,1,1,1,1,1,1,1,1,1,1,1.0
12R0471,GSM3529382,BP1,48.92,F,1,1.0,A,peripheral whole blood,7.5,3,0.087384109,0.003275515,-0.040538428,0.0065111836743215,0.0,0.0,0.0,0.103744784504161,0.0626852202432071,0.0264340686577858,0,0,0.0,0.0376344610850918,0.0,0.265546644246795,0.0,0,0.0,0.0,0.0060556196067783,0.0215566174859044,0,0.0,0.469831400495953,True,True,0,9780075,7.5,True,True,False,1,1,1,1,1,1,1,1,1,1,1,1,1,1,1,1,1,1,1,1,1.0
12R0472,GSM3529383,BP1,56.31,F,0,1.0,A,peripheral whole blood,4.6,4,-0.046200789,0.038586046,-0.085599969,0.0353459649499739,0.0,0.0,0.0168712838610604,0.131562154481754,0.0998888031183416,0.076632979001347,0,0,0.0,0.0559099912319532,0.0,0.0648961051985706,0.0,0,0.0,0.0,0.0104991136139634,0.0145610899343755,0,0.0,0.49383251460866,True,True,0,3294795,4.6,True,False,False,1,1,1,1,1,1,1,1,1,1,1,1,1,1,1,1,1,1,1,1,1.0
12R0473,GSM3529384,BP1,49.52,F,1,0.0,A,peripheral whole blood,7.3,4,-0.013245672,0.000815172,0.012571225,0.0462340544871,0.0,0.0,0.0507882939846811,0.19042263894442,0.0912802740310611,0.0467184488289538,0,0,0.0,0.0462883185764357,0.0,0.172709484080964,0.0,0,0.0,0.0,0.0040725865369053,0.0191201265782321,0,0.0,0.332365773951246,True,True,0,8317958,7.3,True,True,False,0,0,0,0,0,0,0,0,0,0,0,0,0,0,0,0,0,0,0,0,0.0
12R0474,GSM3529385,BP1,55.06,M,1,0.0,A,peripheral whole blood,7.8,4,-0.005434965,-0.017048206,0.003185604,0.0068398299845847,0.0,0.0,0.0072911141067809,0.10695223381702,0.0550972180738124,0.0539196734588664,0,0,0.0,0.0925119246850608,0.0,0.24291927111425,0.0,0,0.0,0.0,0.0054148688131553,0.0296864082690181,0,0.0,0.39936745767745,True,True,0,8691770,7.8,True,True,False,0,0,0,0,0,0,0,0,0,0,0,0,0,0,0,0,0,0,0,0,0.0
12R0475,GSM3529386,BP1,29.99,F,1,0.0,A,peripheral whole blood,8.0,4,-0.012004866,-0.014125124,0.033473073,0.0390686095997992,0.0,0.0070771260611238,0.0,0.122588690774507,0.0504989307291055,0.0299853140323054,0,0,0.0,0.0336854782154688,0.0,0.104311793438748,0.0,0,0.0,0.0,0.0122186722607392,0.0333524564119131,0,0.0,0.567212928476288,True,True,0,9018282,8.0,True,True,False,0,0,0,0,0,0,0,0,0,0,0,0,0,0,0,0,0,0,0,0,0.0
12R0482,GSM3529387,BP1,51.35,F,0,0.0,A,peripheral whole blood,6.7,4,0.00528309,-0.017076935,-0.032581311,0.0070074926356787,0.0,0.0,0.0200115924068359,0.137133670297859,0.103702593695095,0.001833757484979,0,0,0.0,0.0779939765639912,0.0,0.172527824867761,0.0,0,0.0,0.0,0.0041191934026521,0.017964540333854,0,0.0,0.457705358311292,True,True,0,7480741,6.7,True,True,False,0,0,0,0,0,0,0,0,0,0,0,0,0,0,0,0,0,0,0,0,0.0
12R0483,GSM3529388,BP1,42.51,F,1,0.0,A,peripheral whole blood,7.6,4,0.001224328,-0.009459977,-0.002966749,0.0065588247042033,0.0,0.0009,0.0079080163760045,0.121692214822381,0.0383044043844814,0.0202774306650229,0,0,0.0,0.0212911449013791,0.0,0.151518530489553,0.0,0,0.0,0.0,0.0027701731001911,0.0308211783591377,0,0.0,0.597998501875447,True,True,0,9086605,7.6,True,True,False,0,0,0,0,0,0,0,0,0,0,0,0,0,0,0,0,0,0,0,0,0.0
12R0493,GSM3529389,Control,23.18,F,0,1.0,A,peripheral whole blood,8.0,3,0.050030205,-0.019962197,-0.021933088,0.0780132828568536,0.0,0.0,0.0,0.169833261140344,0.109296714869688,0.0162068709281227,0,0,0.0,0.0302060545939666,0.0,0.116709302957078,0.0,0,0.0,0.0,0.0033391138551365,0.0246474876664506,0,0.0,0.451747911132358,True,True,0,10197643,8.0,True,True,False,1,1,1,1,1,1,1,1,1,1,1,1,1,1,1,1,1,1,1,1,1.0
12R0510,GSM3529390,BP1,37.52,M,1,1.0,A,peripheral whole blood,7.3,4,0.012068508,-0.016974175,-0.014231967,0.0115347250484674,0.0,0.0,0.0,0.111351492261316,0.0455387283217656,0.0326004085811306,0,0,0.0,0.0477693938920294,0.0,0.276712942374253,0.0,0,0.0,0.0,0.0048907064614999,0.0264086459651692,0,0.0,0.443192957094367,True,True,0,8426390,7.3,True,True,False,1,1,1,1,1,1,1,1,1,1,1,1,1,1,1,1,1,1,1,1,1.0
12R0511,GSM3529391,BP1,56.81,F,1,0.0,A,peripheral whole blood,7.6,4,-0.007481151,-0.009751209,-0.034856967,0.0246012586201719,0.0,0.0,0.0,0.161061665400147,0.0969657546382393,0.051952248064903,0,0,0.0,0.0600476046954225,0.0,0.198720705842156,0.0,0,0.0,0.0,0.004650564547796,0.0344773476811429,0,0.0,0.367522850510019,True,True,0,7568217,7.6,True,True,False,0,0,0,0,0,0,0,0,0,0,0,0,0,0,0,0,0,0,0,0,0.0
12R0519,GSM3529392,Control,23.03,F,0,0.0,A,peripheral whole blood,7.7,3,0.075371472,-0.014160415,0.006979507,0.0219607574423814,0.0,0.0,0.0,0.17348084419556,0.0475538797620867,0.0243303482995709,0,0,0.0,0.043746651288729,0.0,0.180879655733024,0.0,0,0.0,0.0,0.0047749514217947,0.0317894792341911,0,0.0,0.471483432622661,True,True,0,10651595,7.7,True,True,False,0,0,0,0,0,0,0,0,0,0,0,0,0,0,0,0,0,0,0,0,0.0
12R0527,GSM3529393,Control,64.35,M,0,0.0,A,peripheral whole blood,7.7,3,0.055289201,-0.004979856,0.005264393,0.0249725629430908,0.0,0.0,0.0149791408224472,0.0666017090706698,0.0864746258601069,0.0592095160115782,0,0,0.0,0.0711543981747654,0.0,0.273475684183138,0.0010379836369167,0,0.0,0.0,0.0032754386854162,0.0295345916433017,0,0.0,0.369284348968568,True,True,0,10496049,7.7,True,True,False,0,0,0,0,0,0,0,0,0,0,0,0,0,0,0,0,0,0,0,0,0.0
12R0531,GSM3529394,BP1,58.17,F,1,0.0,A,peripheral whole blood,8.0,4,-0.025313564,-0.011409394,-0.029082909,0.0159930947835933,0.0,0.0,0.0087610721948849,0.192276993873429,0.0974347956730518,0.022488798716123,0,0,0.0,0.0474171483966077,0.0,0.149609330013685,0.0023970048193702,0,0.0,0.0,0.0028427108274429,0.0203601023056913,0,0.0,0.440418948396119,True,True,0,7417095,8.0,True,True,False,0,0,0,0,0,0,0,0,0,0,0,0,0,0,0,0,0,0,0,0,0.0
12R0542,GSM3529395,Control,31.91,F,0,0.0,A,peripheral whole blood,7.0,4,-0.006155479,-0.000658284,-0.040912141,0.0190415117056629,0.0,0.0,0.0,0.144844207700593,0.08960940673716,0.044933006419228,0,0,0.0,0.0884250844175815,0.0,0.28397210107274,0.0,0,0.0,0.0,0.0057857693619938,0.0095729045024775,0,0.0,0.313816008082562,True,True,0,7000720,7.0,True,True,False,0,0,0,0,0,0,0,0,0,0,0,0,0,0,0,0,0,0,0,0,0.0
12R0547,GSM3529396,BP1,38.89,F,1,0.0,A,peripheral whole blood,7.7,4,-0.027290363,-0.00387039,-0.001280048,0.0068778040545734,0.0,0.0,0.0109683453890671,0.0949169994540775,0.0579312543235127,0.0330908478532532,0,0,0.0,0.0323529214936984,0.0,0.148635505568466,0.0007,0,0.0,0.0,0.0,0.0283341872426819,0,0.0,0.586163474354171,True,True,0,7341607,7.7,True,True,False,0,0,0,0,0,0,0,0,0,0,0,0,0,0,0,0,0,0,0,0,0.0
12R0548,GSM3529397,BP1,44.78,F,1,0.0,A,peripheral whole blood,6.9,4,-0.009439349,-0.014869582,0.005818027,0.0500636939229046,0.0,0.0026910194182623,0.0234574014969708,0.156680408088778,0.0906450694509913,0.0464037654577583,0,0,0.0,0.0369329497380504,0.0,0.112263418052877,0.0,0,0.0,0.0,0.0040594217340563,0.0163543601114586,0,0.0,0.46044849252789,True,True,0,7242577,6.9,True,True,False,0,0,0,0,0,0,0,0,0,0,0,0,0,0,0,0,0,0,0,0,0.0
12R0551,GSM3529398,BP1,30.72,F,0,0.0,A,peripheral whole blood,6.4,4,-0.02846572,-0.008281022,-0.040102048,0.0436486654060886,0.0,0.0,0.0,0.202679556957046,0.0775516544272659,0.0185860554442919,0,0,0.0,0.0436941444880331,0.0,0.213811531480687,0.0,0,0.0,0.0,0.0043414548173868,0.024585919587335,0,0.0,0.371101017391863,True,True,0,5923369,6.4,True,True,False,0,0,0,0,0,0,0,0,0,0,0,0,0,0,0,0,0,0,0,0,0.0
12R0552,GSM3529399,BP1,61.3,M,1,1.0,A,peripheral whole blood,7.6,4,-0.028877109,-0.010420061,-0.035622233,0.0289758922605967,0.0,0.0110068174547233,0.0401004795103248,0.0465798209390587,0.0429526914174428,0.0364508401013847,0,0,0.0,0.0696708211680163,0.0,0.331639713776772,0.0,0,0.0,0.0,0.0092934462463325,0.0047913142688185,0,0.0,0.378538162856528,True,True,0,6878200,7.6,True,True,False,1,1,1,1,1,1,1,1,1,1,1,1,1,1,1,1,1,1,1,1,1.0
12R0559,GSM3529400,BP1,80.32,M,1,0.0,A,peripheral whole blood,8.0,4,-0.004255823,-0.015936434,0.011938553,0.0214447531936253,0.0,0.0,0.0,0.117139252959894,0.0999187225801722,0.044114127124463,0,0,0.0,0.0531507169815298,0.0,0.242949308586021,0.0,0,0.0,0.0,0.0040977469533055,0.0349047221290438,0,0.0,0.382280649491943,True,True,0,8805863,8.0,True,True,False,0,0,0,0,0,0,0,0,0,0,0,0,0,0,0,0,0,0,0,0,0.0
12R0563,GSM3529401,Control,21.95,F,0,1.0,A,peripheral whole blood,7.8,3,0.055901945,-0.022651582,0.008921187,0.0,0.0,0.0030953289810859,0.0,0.135542446472418,0.073994117077505,0.0084800274969388,0,0,0.0,0.0323158609432482,0.0,0.213974300845442,0.0,0,0.0,0.0,0.005138311373607,0.0273019935361409,0,0.0,0.500157613273613,True,True,0,10489203,7.8,True,True,False,1,1,1,1,1,1,1,1,1,1,1,1,1,1,1,1,1,1,1,1,1.0
12R0567,GSM3529402,BP1,53.11,F,0,0.0,A,peripheral whole blood,7.1,4,-0.005425028,-0.015767371,-0.036797321,0.0114655383843798,0.0,0.0002,0.0172437459305283,0.107034683153456,0.0611949975359365,0.030731360939964,0,0,0.0,0.0883373958980851,0.0,0.345509986961401,0.0,0,0.0,0.0,0.0023849151268196,0.02284094706822,0,0.0,0.313041190294722,True,True,0,7957842,7.1,True,True,False,0,0,0,0,0,0,0,0,0,0,0,0,0,0,0,0,0,0,0,0,0.0
12R0596,GSM3529403,Control,52.46,M,0,,A,peripheral whole blood,8.1,3,0.048679519,0.021166755,-0.025487494,0.0456246868468947,0.0,0.0,0.0,0.125815633826668,0.0948155479322924,0.0341919070910937,0,0,0.0,0.0599793258285634,0.0,0.255922829259344,0.0,0,0.0,0.0,0.0059806007298547,0.0256743919497243,0,0.0,0.351995076535563,False,False,1,8804758,8.1,True,True,True,0,0,0,0,1,0,0,0,0,0,0,0,0,0,0,0,1,0,0,0,0.1
12R0609,GSM3529404,BP1,48.95,F,1,0.0,A,peripheral whole blood,7.9,4,-0.017364353,0.001251677,0.004382403,0.0328706995231917,0.0,0.0015914893352315,0.0462216627970455,0.122218316059246,0.090302511469871,0.028053046072982,0,0,0.0,0.0615963220430979,0.0,0.164580725209277,0.0,0,0.0,0.0,0.0036763094898482,0.0128440296605065,0,0.0,0.436044888339702,True,True,0,7638384,7.9,True,True,False,0,0,0,0,0,0,0,0,0,0,0,0,0,0,0,0,0,0,0,0,0.0
12R0614,GSM3529405,BP1,62.23,F,1,1.0,A,peripheral whole blood,7.7,4,-0.027266766,0.016417772,-0.053197132,0.0146934125300627,0.0,0.0018205904665489,0.0,0.148590726626333,0.0876494161255502,0.0286068354606359,0,0,0.0,0.0400335511326618,0.0,0.120818464198338,0.0,0,0.0,0.0,0.0039459883326429,0.0206543077519209,0,0.0,0.533186707375304,True,True,0,5178452,7.7,True,True,False,1,1,1,1,1,1,1,1,1,1,1,1,1,1,1,1,1,1,1,1,1.0
12R0615,GSM3529406,BP1,56.91,M,1,1.0,A,peripheral whole blood,6.6,4,-0.030194584,0.051769422,-0.089134781,0.0173348750172283,0.0,0.0,0.0,0.072968341701614,0.059459626838192,0.0287967853578848,0,0,0.0,0.0331597726889898,0.0,0.193543782560473,0.0,0,0.0,0.0,0.0041182123802952,0.0159792594311139,0,0.0,0.574639344024207,True,True,0,3115240,6.6,True,True,False,1,1,1,1,1,1,1,1,1,1,1,1,1,1,1,1,1,1,1,1,1.0
12R0616,GSM3529407,BP1,37.56,M,1,0.0,A,peripheral whole blood,7.2,4,0.000639279,-0.01389207,0.00295166,0.0224780327504007,0.0,0.0,0.0954921032484329,0.152625661539196,0.125951212716227,0.0400179499297092,0,0,0.0,0.116834973184174,0.0,0.166252970453127,0.0020028298608312,0,0.0,0.0,0.0030944390135254,0.0220890019269855,0,0.0,0.253160825377388,True,True,0,7710617,7.2,True,True,False,0,0,0,0,0,0,0,0,0,0,0,0,0,0,0,0,0,0,0,0,0.0
12R0617,GSM3529408,BP1,47.95,F,1,1.0,A,peripheral whole blood,7.7,4,-0.01593071,-0.004291493,-0.000852181,0.0242222080661961,0.0,0.0,0.0,0.154286359183884,0.0625204304781065,0.026688151671722,0,0,0.0,0.0310300342635545,0.0,0.150229352012797,0.0,0,0.0,0.0,0.0044941266602265,0.0144910349109141,0,0.0,0.532038302752598,True,True,0,7675860,7.7,True,True,False,1,1,1,1,1,1,1,1,1,1,1,1,1,1,1,1,1,1,1,1,1.0
12R0620,GSM3529409,BP2,57.39,F,0,0.0,A,peripheral whole blood,7.9,4,-0.017996795,0.003910015,0.013150239,0.0079780974898889,0.0,0.0,0.016302919963394,0.142766939601356,0.120565470361875,0.0387023429619745,0,0,0.0,0.0662853366479455,0.0,0.0817653460613149,0.0,0,0.0,0.0,0.0034233598418065,0.0189517174282204,0,0.0,0.503258469642223,True,True,0,7791501,7.9,True,True,False,0,0,0,0,0,0,0,0,0,0,0,0,0,0,0,0,0,0,0,0,0.0
12R0622,GSM3529410,BP1,59.24,F,0,1.0,A,peripheral whole blood,7.8,4,-0.023009201,-0.006742976,-0.015098401,0.0369970384263783,0.0,0.0,0.0,0.171840310816961,0.0881195470732185,0.0453001747963161,0,0,0.0,0.0498600778577012,0.0,0.171350309168455,0.0,0,0.0,0.0,0.0039320489061522,0.027581650362083,0,0.0,0.405018842592733,True,True,0,7089467,7.8,True,True,False,1,1,1,1,1,1,1,1,1,1,1,1,1,1,1,1,1,1,1,1,1.0
12R0624,GSM3529411,BP1,65.17,F,1,1.0,A,peripheral whole blood,8.1,4,-0.016787662,-0.006731798,0.007356976,0.0,0.0,0.00228555634108,0.0,0.113944224428215,0.0987788271919525,0.0575083559806234,0,0,0.0,0.0287878512977424,0.0,0.196301356533941,0.0,0,0.0,0.0,0.0054265949806867,0.0343499572920887,0,0.0,0.462617275953669,True,True,0,7837147,8.1,True,True,False,1,1,1,1,1,1,1,1,1,1,1,1,1,1,1,1,1,1,1,1,1.0
12R0646,GSM3529412,Control,63.1,F,0,0.0,A,peripheral whole blood,7.7,3,0.067716511,-0.018925999,-0.046470379,0.0083411942401666,0.0,0.0094706481370385,0.0,0.121022552241959,0.0448868709623379,0.0303198924686516,0,0,0.0,0.0500743801275772,0.0,0.154599863962295,0.0,0,0.0,0.0,0.0115869774733293,0.0273761228550873,0,0.0,0.542321497531556,True,True,0,10693820,7.7,True,True,False,0,0,0,0,0,0,0,0,0,0,0,0,0,0,0,0,0,0,0,0,0.0
12R0648,GSM3529413,BP2,57.52,M,0,0.0,A,peripheral whole blood,8.0,4,-0.022330141,-0.013368365,-0.026467835,0.0425274124834232,0.0,0.0,0.0051213474567175,0.199101017218104,0.106429227197204,0.0237062691065377,0,0,0.0,0.0790261850754222,0.0,0.268863669506197,0.0,0,0.0,0.0,0.0036105226719593,0.0238462784576491,0,0.0,0.247768070826784,True,True,0,7235419,8.0,True,True,False,0,0,0,0,0,0,0,0,0,0,0,0,0,0,0,0,0,0,0,0,0.0
12R0667,GSM3529414,BP1,67.18,M,1,1.0,A,peripheral whole blood,7.3,4,-0.005590365,-0.026704781,-0.061972236,0.0263287778059973,0.0,0.0,0.0,0.115299482580109,0.0814969417846264,0.0242797540920653,0,0,0.0,0.0378722205892655,0.0,0.268107959559628,0.0,0,0.0,0.0,0.0031899689220839,0.0323094985679551,0,0.0,0.411115396098268,True,True,0,7182226,7.3,True,True,False,1,1,1,1,1,1,1,1,1,1,1,1,1,1,1,1,1,1,1,1,1.0
12R0668,GSM3529415,BP1,37.33,F,1,0.0,A,peripheral whole blood,7.7,4,0.000615282,-0.022815019,-0.058259014,0.0224822390646529,0.0,0.0,0.0,0.165790001670672,0.0841952121016178,0.0271465478934548,0,0,0.0,0.0544779500325774,0.0,0.252406074738721,0.0,0,0.0,0.0,0.0031941625887985,0.0258286542687458,0,0.0,0.364479157640758,True,True,0,7608812,7.7,True,True,False,0,0,0,0,0,0,0,0,0,0,0,0,0,0,0,0,0,0,0,0,0.0
12R0672,GSM3529416,BP1,20.84,F,1,0.0,A,peripheral whole blood,7.9,4,0.014732142,-0.030814153,-0.053030472,0.0220673662889945,0.0,0.0,0.0087123196720819,0.110523676536064,0.0537225176170639,0.0259105138502629,0,0,0.0,0.0341082896943986,0.0,0.26401430118717,0.0,0,0.0,0.0,0.0045248410133332,0.0296805720939151,0,0.0,0.446735602046714,True,True,0,8705526,7.9,True,True,False,0,0,0,0,0,0,0,0,0,0,0,0,0,0,0,0,0,0,0,0,0.0
12R0675,GSM3529417,BP1,57.75,F,1,0.0,A,peripheral whole blood,7.2,4,-0.011310412,-0.019472393,-0.022057031,0.0072397208119456,0.0,0.0025644562907633,0.0,0.100288831610965,0.0378419700411941,0.0387018582276642,0,0,0.0,0.0320587633550845,0.0,0.252865163031719,0.0,0,0.0,0.0,0.0053501897678167,0.0363353659966787,0,0.0,0.486753680866167,True,True,0,8062157,7.2,True,True,False,0,0,0,0,0,0,0,0,0,0,0,0,0,0,0,0,0,0,0,0,0.0
12R0678,GSM3529418,BP1,50.77,M,1,0.0,A,peripheral whole blood,7.0,4,0.001698081,-0.028528502,-0.10225095,0.0558225535661845,0.0,0.0,0.0,0.222991382717728,0.0490308691662741,0.026858541817079,0,0,0.0,0.0856690624657325,0.0,0.22422619930029,0.0,0,0.0,0.0,0.0085885350796595,0.0076847655309593,0,0.0,0.319128090356091,True,True,0,7213572,7.0,True,True,False,0,0,0,0,0,0,0,0,0,0,0,0,0,0,0,0,0,0,0,0,0.0
12R0683,GSM3529419,BP2,53.23,M,0,0.0,A,peripheral whole blood,7.1,4,-0.001730589,-0.027835912,-0.073972457,0.0114672521274249,0.0,0.0029134217741219,0.0014209097683103,0.119111406202133,0.0769109280321663,0.0140844714596832,0,0,0.0,0.0517716486381127,0.0,0.235183551349218,0.0,0,0.0,0.0,0.0030433858947962,0.0247725178743214,0,0.0,0.45932050687971,True,True,0,7429984,7.1,True,True,False,0,0,0,0,0,0,0,0,0,0,0,0,0,0,0,0,0,0,0,0,0.0
12R0684,GSM3529420,BP1,42.37,M,1,1.0,A,peripheral whole blood,7.6,4,0.010603851,-0.032221789,-0.079936513,0.0,0.0,0.0022728756989085,0.0133713731569698,0.0869555678473603,0.063183947679307,0.0222943248024459,0,0,0.0,0.0600855607402575,0.0,0.296942154114719,0.0,0,0.0,0.0,0.0047900275068095,0.0232043873404224,0,0.0,0.426899781112799,True,True,0,7865695,7.6,True,True,False,1,1,1,1,1,1,1,1,1,1,1,1,1,1,1,1,1,1,1,1,1.0
12R0687,GSM3529421,BP1,27.58,M,1,0.0,A,peripheral whole blood,7.2,4,-0.02060563,-0.008791712,-0.060607546,0.0105299528494614,0.0,0.0,0.004075594656135,0.15650848625598,0.0656921027992007,0.0278628749607226,0,0,0.0,0.0633262958372823,0.0,0.145102448211138,0.0,0,0.0,0.0,0.003051951974135,0.0332001468575429,0,0.0,0.490650145598401,True,True,0,5907818,7.2,True,True,False,0,0,0,0,0,0,0,0,0,0,0,0,0,0,0,0,0,0,0,0,0.0
12R0688,GSM3529422,BP1,53.52,M,0,0.0,A,peripheral whole blood,8.1,4,-0.013661777,-0.019294114,-0.010249979,0.0359165214105773,0.0,0.0,0.0,0.0716661899577776,0.0747097402023634,0.0368514359383337,0,0,0.0034092055686878,0.0374940952599775,0.0,0.169555902751589,0.0,0,0.0,0.0,0.0011215890368948,0.0178757923242214,0,0.0,0.551399527549577,True,True,0,8858745,8.1,True,True,False,0,0,0,0,0,0,0,0,0,0,0,0,0,0,0,0,0,0,0,0,0.0
12R0691,GSM3529423,BP1,58.49,F,1,0.0,A,peripheral whole blood,7.6,4,-0.023393498,-0.014010686,-0.041894899,0.0255238153522994,0.0,0.0,0.0,0.238516866989823,0.10357014611345,0.0460295744791146,0,0,0.0,0.0894499121460448,0.0,0.0938669611728635,0.0,0,0.0,0.0,0.0104216488415569,0.0,0,0.0,0.392621074904846,True,True,0,7360939,7.6,True,True,False,0,0,0,0,0,0,0,0,0,0,0,0,0,0,0,0,0,0,0,0,0.0
12R0695,GSM3529424,Control,46.54,F,0,,A,peripheral whole blood,7.9,3,0.070196724,-0.008461996,0.028724744,0.023663927797827,0.0,0.0012043745550859,0.0,0.125793945051407,0.0676122453400775,0.054992078774451,0,0,0.0,0.0859325864263394,0.0,0.0907361966346192,0.0,0,0.0,0.0,0.0040868495056002,0.0142497860207334,0,0.0,0.531728009893858,False,False,1,10696384,7.9,True,True,True,0,1,0,0,0,0,0,1,0,0,1,0,0,1,1,0,0,0,0,0,0.25
12R0698,GSM3529425,BP1,51.92,M,0,1.0,A,peripheral whole blood,8.7,4,0.013634284,-0.02394106,0.005106114,0.0725194929164218,0.0,0.0020743034131743,0.0144826515828825,0.164700208185963,0.0859192150303906,0.0241757976219111,0,0,0.0,0.0458057696264858,0.0,0.210768123239901,0.0,0,0.0,0.0,0.0049599030506477,0.0142532115796932,0,0.0,0.360341323752527,True,True,0,9596773,8.7,True,True,False,1,1,1,1,1,1,1,1,1,1,1,1,1,1,1,1,1,1,1,1,1.0
12R0699,GSM3529426,BP1,33.6,M,1,1.0,A,peripheral whole blood,8.1,4,-0.006630201,-0.017198838,-0.041476779,0.009501388357601,0.0,0.0,0.0,0.127304721337312,0.0795181885734353,0.0457712364626063,0,0,0.0,0.0653743047327962,0.0,0.105498145768481,0.0,0,0.0,0.0,0.0043228827962285,0.0273565486389046,0,0.0,0.535352583332633,True,True,0,7930090,8.1,True,True,False,1,1,1,1,1,1,1,1,1,1,1,1,1,1,1,1,1,1,1,1,1.0
12R0703,GSM3529427,BP1,65.46,F,1,0.0,A,peripheral whole blood,7.9,4,-0.000460167,-0.025343254,-0.029606379,0.0366053713190085,0.0,0.0057807549700648,0.0,0.143564958852675,0.0429817713025817,0.0344079126015683,0,0,0.0172021051240008,0.0417470751876487,0.0,0.133762506100108,0.0,0,0.0,0.0032416121876331,0.0100908353003937,0.0274515534012668,0,0.0,0.503163543653049,True,True,0,8771509,7.9,True,True,False,0,0,0,0,0,0,0,0,0,0,0,0,0,0,0,0,0,0,0,0,0.0
12R0707,GSM3529428,BP1,57.02,F,1,0.0,A,peripheral whole blood,8.6,4,0.002374293,-0.026124222,-0.047514355,0.0235838398080315,0.0,0.0041402390937475,0.0282498081156827,0.252972379759793,0.0420650507880734,0.0231684714688037,0,0,0.0,0.0859737051427095,0.0,0.171163181384543,0.0,0,0.0,0.0,0.0081466611704027,0.0105545870873215,0,0.0,0.34998207618089,True,True,0,7848177,8.6,True,True,False,0,0,0,0,0,0,0,0,0,0,0,0,0,0,0,0,0,0,0,0,0.0
12R0710,GSM3529429,BP1,57.54,M,1,0.0,A,peripheral whole blood,6.6,4,0.031123605,-0.036530479,-0.095478681,0.0086926229666112,0.0,0.0,0.0,0.103590042391681,0.116268375790399,0.0279843390400218,0,0,0.0,0.0619515846394396,0.0,0.221027539354454,0.0,0,0.0,0.0,0.0040284056230975,0.0172350012172778,0,0.0,0.439222088977015,True,True,0,8252281,6.6,True,True,False,0,0,0,0,0,0,0,0,0,0,0,0,0,0,0,0,0,0,0,0,0.0
12R0712,GSM3529430,BP1,56.73,M,0,1.0,A,peripheral whole blood,7.9,4,0.022971379,-0.031642897,-0.047469402,0.0454793218147461,0.0,0.0,0.0,0.253657776102064,0.198500268108237,0.0281621235850859,0,0,0.0,0.0809908635226119,0.0,0.271651763734624,0.0,0,0.0,0.0,0.0067739883459079,0.0185582757621639,0,0.0,0.0962256190245573,True,True,0,8751137,7.9,True,True,False,1,1,1,1,1,1,1,1,1,1,1,1,1,1,1,1,1,1,1,1,1.0
12R0714,GSM3529431,BP1,62.89,F,1,0.0,A,peripheral whole blood,7.1,4,-0.013311218,0.025032816,-0.073717258,0.0406103297778969,0.0,0.0011181027720592,0.0,0.0815207314808699,0.108041361346165,0.0355384482987318,0,0,0.0168922033495785,0.0354506354582164,0.0,0.102044421047387,0.0,0,0.0,0.0,0.0040716752426524,0.0209924581780117,0,0.0,0.55371963304843,True,True,0,4978909,7.1,True,True,False,0,0,0,0,0,0,0,0,0,0,0,0,0,0,0,0,0,0,0,0,0.0
12R0715,GSM3529432,BP1,52.42,F,0,1.0,A,peripheral whole blood,7.5,4,-0.001264459,-0.017871138,-0.01497191,0.040430723879967,0.0,0.0,0.0,0.127476823614169,0.097305149418594,0.0165036291882977,0,0,0.0,0.0256048073598909,0.0,0.178543850021359,0.0,0,0.0,0.0,0.0043190098925545,0.0271975385465583,0,0.0,0.482618468078609,True,True,0,7680349,7.5,True,True,False,1,1,1,1,1,1,1,1,1,1,1,1,1,1,1,1,1,1,1,1,1.0
12R0716,GSM3529433,BP1,42.04,F,1,0.0,A,peripheral whole blood,6.7,4,-0.009426955,-0.015935933,-0.026251096,0.0264545922439303,0.0,0.0,0.0068809123303815,0.13213216132868,0.0651398876566234,0.0231776357687203,0,0,0.0,0.0295274719257539,0.0,0.147341087940556,0.0,0,0.0,0.0,0.0049120050552421,0.03082254519571,0,0.0,0.5336117005544,True,True,0,6730527,6.7,True,True,False,0,0,0,0,0,0,0,0,0,0,0,0,0,0,0,0,0,0,0,0,0.0
12R0719,GSM3529434,BP1,37.43,M,1,0.0,A,peripheral whole blood,7.6,4,-0.00760434,-0.015430442,-0.030301443,0.0153209689646957,0.0,0.0,0.0121018597019347,0.112577257827441,0.0893052234346985,0.061759178169683,0,0,0.0,0.154466344550381,0.0,0.205262007139421,0.0,0,0.0,0.0,0.0,0.0176107535014953,0,0.0,0.331596406710247,True,True,0,7059791,7.6,True,True,False,0,0,0,0,0,0,0,0,0,0,0,0,0,0,0,0,0,0,0,0,0.0
12R0720,GSM3529435,BP1,47.28,M,0,1.0,A,peripheral whole blood,7.2,4,-0.006289161,-0.022249286,-0.031409427,0.0133485874474673,0.0,0.0,0.0036740833341044,0.0927163631582221,0.0685344723965461,0.0254322137804709,0,0,0.0,0.0322698374492554,0.0,0.151811213306669,0.0,0,0.0,0.0,0.0038553848964007,0.0254366697360673,0,0.0,0.582921174494796,True,True,0,7868342,7.2,True,True,False,1,1,1,1,1,1,1,1,1,1,1,1,1,1,1,1,1,1,1,1,1.0
12R0722,GSM3529436,BP1,65.34,F,1,0.0,A,peripheral whole blood,7.4,4,-0.001346579,-0.022025188,-0.050301345,0.0538358094391101,0.0,0.0,0.0007,0.0935334660819659,0.0588110557681374,0.0517135504339116,0,0,0.0,0.0597315350774532,0.0,0.193461389691916,0.0,0,0.0,0.0,0.0037961997418444,0.0195185840392976,0,0.0,0.464936201056234,True,True,0,7403606,7.4,True,True,False,0,0,0,0,0,0,0,0,0,0,0,0,0,0,0,0,0,0,0,0,0.0
12R0729,GSM3529437,BP1,56.83,F,0,0.0,A,peripheral whole blood,7.2,5,-0.00456528,-0.027175245,0.033831099,0.024095994186894,0.0,0.0,0.0,0.117299345139717,0.0861738272180908,0.0408998787293547,0,0,0.0062072842637565,0.084771459507457,0.0,0.251578776621368,0.0,0,0.0,0.0,0.005953461947162,0.0234887023287746,0,0.0,0.359531270057423,True,True,0,8982890,7.2,True,True,False,0,0,0,0,0,0,0,0,0,0,0,0,0,0,0,0,0,0,0,0,0.0
12R0730,GSM3529438,BP2,68.53,M,0,0.0,A,peripheral whole blood,6.4,5,0.011680913,0.025645841,0.01505443,0.0279633585525531,0.0,0.0017286470998661,0.0377097842015129,0.0636592466616751,0.047277822868492,0.0496608741082697,0,0,0.0,0.0620920244036508,0.0,0.203007823901221,0.0,0,0.0,0.0,0.0054024541781758,0.0296641805329268,0,0.0,0.471833783491656,True,True,0,7069956,6.4,True,True,False,0,0,0,0,0,0,0,0,0,0,0,0,0,0,0,0,0,0,0,0,0.0
12R0734,GSM3529439,BP1,43.15,F,1,0.0,A,peripheral whole blood,6.3,5,-0.005381901,0.11886014,-0.011672206,0.0114760074090488,0.0,0.0,0.0,0.10086300577545,0.0449698916355318,0.0284680776979934,0,0,0.0,0.0234798476344614,0.0,0.293787386399341,0.0,0,0.0,0.0,0.0059513136154082,0.0264781580153033,0,0.0,0.46452631181746,True,True,0,3401130,6.3,True,True,False,0,0,0,0,0,0,0,0,0,0,0,0,0,0,0,0,0,0,0,0,0.0
12R0736,GSM3529440,BP1,64.65,F,1,0.0,A,peripheral whole blood,6.6,5,0.018142619,-0.006968137,0.008937998,0.0750388257613755,0.0,0.0,0.0001,0.189058854835312,0.124383354406636,0.0276529174417756,0,0,0.0,0.062580468761046,0.0,0.27612712168093,0.0,0,0.0,0.0,0.0043264373002716,0.0289430432196181,0,0.0,0.21180707725458,True,True,0,8045071,6.6,True,True,False,0,0,0,0,0,0,0,0,0,0,0,0,0,0,0,0,0,0,0,0,0.0
12R0737,GSM3529441,BP1,46.82,F,1,0.0,A,peripheral whole blood,7.8,5,0.004227927,-0.027390356,0.001767186,0.0225432671026657,0.0,0.0008,0.0055831175400092,0.107164167842518,0.0298197156583166,0.0402543813608988,0,0,0.0,0.026766573090213,0.0,0.258170742659272,0.0,0,0.0,0.0,0.0056634882255577,0.0320081027268909,0,0.0,0.47118289870043,True,True,0,8415513,7.8,True,True,False,0,0,0,0,0,0,0,0,0,0,0,0,0,0,0,0,0,0,0,0,0.0
12R0738,GSM3529442,BP1,53.98,F,0,1.0,A,peripheral whole blood,6.8,5,0.002707697,-0.002585223,0.001709476,0.0339169784017086,0.0,0.0,0.0,0.202386501452446,0.0960663160099607,0.0319943850765172,0,0,0.030471290001363,0.038524010899124,0.0,0.311072228640327,0.0,0,0.0,0.0,0.0041103111288362,0.028051233633316,0,0.0,0.223406744756399,True,True,0,7328410,6.8,True,True,False,1,1,1,1,1,1,1,1,1,1,1,1,1,1,1,1,1,1,1,1,1.0
12R0741,GSM3529443,BP1,20.97,F,1,0.0,A,peripheral whole blood,6.9,5,-0.009555009,-0.022332498,0.046562992,0.0026489486477679,0.0,0.0023087637347207,0.0131273027108421,0.0952776718220398,0.0772125629120379,0.055501612336846,0,0,0.0,0.0228970742952987,0.0,0.177505671244125,0.0,0,0.0,0.0,0.0046658931487374,0.0394882956584554,0,0.0,0.509366203489128,True,True,0,8492664,6.9,True,True,False,0,0,0,0,0,0,0,0,0,0,0,0,0,0,0,0,0,0,0,0,0.0
12R0742,GSM3529444,Control,58.28,F,0,0.0,A,peripheral whole blood,7.7,3,0.078277617,-0.021459905,0.004758165,0.0250032158360689,0.0,0.0028878248464435,0.0,0.186692042412121,0.0192592138734728,0.0443137582405374,0,0,0.0243344392491689,0.0541533808260966,0.0,0.235914277563434,0.0,0,0.0,0.0001,0.0104848390989374,0.0275004837495906,0,0.0,0.369367497823703,True,True,0,10615032,7.7,True,True,False,0,0,0,0,0,0,0,0,0,0,0,0,0,0,0,0,0,0,0,0,0.0
12R0793,GSM3529445,BP1,60.62,M,1,0.0,A,peripheral whole blood,6.1,5,-0.030244197,0.012445626,-0.013874783,0.0035972793165278,0.0,0.0,0.0,0.0725786006335913,0.0402796937614634,0.0359146065049516,0,0,0.0,0.0313339138854207,0.0,0.267583980842511,0.0,0,0.0,0.0,0.0010411630006604,0.0369806594893373,0,0.0,0.510690102565535,True,True,0,6269813,6.1,True,True,False,0,0,0,0,0,0,0,0,0,0,0,0,0,0,0,0,0,0,0,0,0.0
12R0794,GSM3529446,BP1,33.97,M,1,1.0,A,peripheral whole blood,6.5,5,-0.007890328,-0.029984729,-0.022324866,0.0321450649499,0.0,0.0,0.0,0.180583564518484,0.0636962922548273,0.0220131878817581,0,0,0.0,0.0244177866190439,0.0,0.196032031283076,0.0,0,0.0,0.0,0.0053334821634363,0.0215254286482116,0,0.0,0.454253161681262,True,True,0,7722461,6.5,True,True,False,1,1,1,1,1,1,1,1,1,1,1,1,1,1,1,1,1,1,1,1,1.0
12R0797,GSM3529447,BP1,44.32,M,0,1.0,A,peripheral whole blood,7.0,5,0.008332987,0.140820973,-0.009814084,0.0232530087896138,0.0,0.0,0.0118949764904435,0.142085987968412,0.0737386151129204,0.0396025444652968,0,0,0.0,0.0685024970596002,0.0,0.211713150228379,0.0,0,0.0,0.0,0.0058491367048219,0.0107088675714878,0,0.0,0.412651215609023,True,True,0,3061101,7.0,True,True,False,1,1,1,1,1,1,1,1,1,1,1,1,1,1,1,1,1,1,1,1,1.0
12R0799,GSM3529448,BP1,50.11,M,1,1.0,A,peripheral whole blood,7.6,5,-0.00339141,-0.010461717,0.031066014,0.0212375548341077,0.0,0.0,0.0352908089120617,0.0882614065492911,0.0629014595389264,0.0230103500079886,0,0,0.0,0.0481872011983132,0.0,0.280530745351922,0.0,0,0.0,0.0,0.0057057739008385,0.025170112391299,0,0.0,0.40970458731525,True,True,0,8239161,7.6,True,True,False,1,1,1,1,1,1,1,1,1,1,1,1,1,1,1,1,1,1,1,1,1.0
12R0803,GSM3529449,BP1,43.59,M,1,1.0,A,peripheral whole blood,7.6,5,-0.000646935,0.005250728,-0.017491638,0.0117272850301318,0.0,0.0,0.0186149952465756,0.144370299855335,0.0391810200530103,0.0409244973802385,0,0,0.0,0.0692835674150005,0.0,0.263086679701824,0.0,0,0.0,0.0,0.0046680825985343,0.0365411305788553,0,0.0,0.371602442140493,True,True,0,7545400,7.6,True,True,False,1,1,1,1,1,1,1,1,1,1,1,1,1,1,1,1,1,1,1,1,1.0
12R0818,GSM3529450,BP1,69.64,M,1,0.0,A,peripheral whole blood,6.5,5,-0.001432463,-0.034285452,-0.038452013,0.0097760747893718,0.0,0.0,0.0,0.123917753212713,0.14102263511653,0.0245240606068129,0,0,0.0,0.0777150007722164,0.0,0.079961155956584,0.0,0,0.0049583350755471,0.0,0.0044563052991845,0.0222122694022671,0,0.0,0.511456409768771,True,True,0,7450187,6.5,True,True,False,0,0,0,0,0,0,0,0,0,0,0,0,0,0,0,0,0,0,0,0,0.0
12R0819,GSM3529451,BP1,56.98,F,1,1.0,A,peripheral whole blood,7.1,5,0.003564284,-0.021154351,0.035674335,0.0152275890945766,0.0,0.005748895471714,0.0,0.127804170877995,0.0699879428492564,0.0318052795666,0,0,0.011496181665452,0.028947760560905,0.0,0.222765816976301,0.0,0,0.0,0.0,0.0110076937969533,0.031349260191338,0,0.0,0.443859408948907,True,True,0,10218618,7.1,True,True,False,1,1,1,1,1,1,1,1,1,1,1,1,1,1,1,1,1,1,1,1,1.0
12R0820,GSM3529452,BP1,53.88,M,1,1.0,A,peripheral whole blood,8.0,5,-0.011557504,-0.019299125,0.012569997,0.0140055450229546,0.0,0.006149267307817,0.0530935386491964,0.124969867464513,0.0442115037359734,0.0257737778436197,0,0,0.0,0.0660622855902821,0.0,0.182138014469843,0.0,0,0.0,0.0,0.0103001248208474,0.0189080804955313,0,0.0,0.454387994599421,True,True,0,9106682,8.0,True,True,False,1,1,1,1,1,1,1,1,1,1,1,1,1,1,1,1,1,1,1,1,1.0
12R0824,GSM3529453,BP1,53.12,F,1,1.0,A,peripheral whole blood,7.1,5,-0.009290187,-0.021824289,-0.011508043,0.048871992488413,0.0,0.0,0.0083574972568793,0.129767765954682,0.060483161230438,0.0275312720628455,0,0,0.0,0.0425409540164254,0.0,0.365660568664059,0.0,0,0.0,0.0,0.0056476998311617,0.017646486343943,0,0.0,0.293492602151151,True,True,0,8614461,7.1,True,True,False,1,1,1,1,1,1,1,1,1,1,1,1,1,1,1,1,1,1,1,1,1.0
12R0826,GSM3529454,BP1,49.71,F,0,0.0,A,peripheral whole blood,6.6,5,-0.016074405,-0.012404778,-0.012498521,0.045979820637582,0.0,0.0,0.0,0.149305889470008,0.0927628916946418,0.0300020022669142,0,0,0.0,0.0563257833125383,0.0,0.297735389398579,0.0,0,0.0,0.0,0.0043591850478909,0.0204048514441031,0,0.0,0.303124186727741,True,True,0,7054223,6.6,True,True,False,0,0,0,0,0,0,0,0,0,0,0,0,0,0,0,0,0,0,0,0,0.0
12R0828,GSM3529455,BP1,33.02,M,1,1.0,A,peripheral whole blood,6.0,5,0.034026254,0.215746163,0.02895835,0.009677784005201,0.0,0.0006,0.0282776614542799,0.146177503542107,0.0392503652305074,0.0222192090179993,0,0,0.0,0.0682672405963839,0.0,0.27779205568824,0.0,0,0.0,0.0,0.0053298342212197,0.0357682520673505,0,0.0,0.366630078150013,True,True,0,1952540,6.0,False,True,False,1,1,1,1,1,1,1,1,1,1,1,1,1,1,1,1,1,1,1,1,1.0
12R0830,GSM3529456,BP1,51.1,M,0,1.0,A,peripheral whole blood,7.6,5,-0.001789214,-0.027699637,-0.020075633,0.0515669983421688,0.0,0.0,0.0,0.226236822752442,0.0797837491291823,0.0584490218511975,0,0,0.0260512586499592,0.0557351980927848,0.0,0.26492011057265,0.0,0,0.0,0.0,0.0066170965798516,0.0213899821756407,0,0.0,0.209249761854122,True,True,0,9221382,7.6,True,True,False,1,1,1,1,1,1,1,1,1,1,1,1,1,1,1,1,1,1,1,1,1.0
12R0832,GSM3529457,BP1,67.18,M,0,1.0,A,peripheral whole blood,7.4,5,-0.015207875,-0.023020549,-0.007072034,0.0411806630738317,0.0,0.003814235029777,0.0,0.13375906464661,0.0225763198242942,0.035711046785098,0,0,0.0241101826516172,0.0558281787262923,0.0,0.265480064966349,0.0,0,0.0,0.0,0.0098307546202168,0.0173679208091156,0,0.0,0.390341568866797,True,True,0,9219842,7.4,True,True,False,1,1,1,1,1,1,1,1,1,1,1,1,1,1,1,1,1,1,1,1,1.0
12R0833,GSM3529458,BP1,71.23,M,0,0.0,A,peripheral whole blood,7.3,5,-0.008260355,-0.023555409,-0.00216574,0.0186421738416346,0.0,0.0,0.0,0.0640759935070375,0.0274630842072904,0.0243005751167085,0,0,0.0,0.0825943241228238,0.0,0.299296158388324,0.0,0,0.0,0.0,0.0058851610490763,0.026532424303064,0,0.0,0.45121010546404,True,True,0,9325270,7.3,True,True,False,0,0,0,0,0,0,0,0,0,0,0,0,0,0,0,0,0,0,0,0,0.0
12R0835,GSM3529459,BP1,64.16,M,1,0.0,A,peripheral whole blood,7.4,5,-0.017763197,-0.014582227,0.078848659,0.0142983148023231,0.0,0.0007,0.0,0.0629198013402005,0.186024230273868,0.0637365600858648,0,0,0.0310301319199487,0.0888493104635155,0.0,0.475735803513537,0.0,0,0.0,0.0,0.0018793776830275,0.0174329149794604,0,0.0107959950479926,0.0466135039324297,True,True,0,10207946,7.4,True,True,False,0,0,0,0,0,0,0,0,0,0,0,0,0,0,0,0,0,0,0,0,0.0
12R0846,GSM3529460,BP1,40.38,M,0,1.0,A,peripheral whole blood,7.9,5,0.002451928,-0.015202117,0.101762201,0.0031581583851435,0.0,0.0012189142560511,0.0125084051687424,0.0764576523042393,0.206576565310527,0.060520185883482,0,0,0.0298871590297312,0.078141285924857,0.0,0.335340963840202,0.0,0,0.0,0.0,0.0046114284924169,0.0226504828547559,0,0.0153388231362358,0.153589975413614,True,True,0,9914496,7.9,True,True,False,1,1,1,1,1,1,1,1,1,1,1,1,1,1,1,1,1,1,1,1,1.0
12R0847,GSM3529461,BP1,48.24,F,1,1.0,A,peripheral whole blood,6.4,5,0.014798811,-0.022752628,-0.024499468,0.0720948316984261,0.0,0.0,0.0,0.230506351241082,0.181559527412508,0.0200969655216238,0,0,0.0099386120231311,0.0689210770957955,0.0,0.141136985513766,0.0,0,0.0,0.0,0.0041001615362381,0.0204769214413584,0,0.0,0.251168566516069,True,True,0,7490541,6.4,True,True,False,1,1,1,1,1,1,1,1,1,1,1,1,1,1,1,1,1,1,1,1,1.0
12R0862,GSM3529462,BP1,27.81,F,1,0.0,A,peripheral whole blood,7.8,5,-0.00134918,-0.02357179,0.065183941,0.0250766594077066,0.0,0.0012827252495751,0.0,0.111599656412035,0.0477800953228657,0.0253056748701987,0,0,0.0026785452786699,0.044219344992097,0.0,0.254417974060961,0.0,0,0.0,0.0,0.0056873647070221,0.0190713048257472,0,0.0,0.462880654873119,True,True,0,9614640,7.8,True,True,False,0,0,0,0,0,0,0,0,0,0,0,0,0,0,0,0,0,0,0,0,0.0
12R0865,GSM3529463,BP1,78.8,F,1,0.0,A,peripheral whole blood,8.0,5,0.007515943,-0.021338275,0.05046567,0.0099941685096896,0.0,0.0,0.0,0.139068140098138,0.148192189272775,0.0627221662744065,0,0,0.0248877058511349,0.0038463994592372,0.0,0.177210345228447,0.0,0,0.0,0.0,0.0049643917134912,0.0440289464947724,0,0.0,0.385085547097905,True,True,0,9525166,8.0,True,True,False,0,0,0,0,0,0,0,0,0,0,0,0,0,0,0,0,0,0,0,0,0.0
12R0867,GSM3529464,BP1,55.19,M,1,0.0,A,peripheral whole blood,8.2,5,0.017163351,-0.031678968,-0.010304267,0.0,0.0,0.0001,0.0,0.0469101177188009,0.0445943571938037,0.0371370389535587,0,0,0.0,0.0494139641984022,0.0,0.212418984108065,0.0,0,0.0,0.0,0.0010509309443209,0.0345536767411906,0,0.0,0.573824648015794,True,True,0,9856096,8.2,True,True,False,0,0,0,0,0,0,0,0,0,0,0,0,0,0,0,0,0,0,0,0,0.0
12R0868,GSM3529465,BP1,60.69,M,1,0.0,A,peripheral whole blood,7.0,5,0.022032163,-0.038047993,-0.048264037,0.0376347592181738,0.0,0.0,0.0001,0.110198513846681,0.109598713336636,0.03616034964543,0,0,0.019134426536079,0.0857634218217911,0.0,0.140936343019459,0.0,0,0.0,0.0,0.0046712224351457,0.0261719208404126,0,0.0,0.429589718851342,True,True,0,8402620,7.0,True,True,False,0,0,0,0,0,0,0,0,0,0,0,0,0,0,0,0,0,0,0,0,0.0
12R0870,GSM3529466,BP1,59.6,F,1,1.0,A,peripheral whole blood,8.2,5,0.014948537,-0.021822597,0.01053677,0.0009,0.0,0.0,0.0,0.082325029336248,0.0717131752297163,0.0406316664514305,0,0,0.0,0.0567820584701793,0.0,0.310350913774211,0.0,0,0.0,0.0,0.0014218195846473,0.0348919361789113,0,0.0,0.401030817131267,True,True,0,9547848,8.2,True,True,False,1,1,1,1,1,1,1,1,1,1,1,1,1,1,1,1,1,1,1,1,1.0
12R0873,GSM3529467,BP1,47.93,M,1,1.0,A,peripheral whole blood,8.3,5,0.000404167,-0.023912306,-0.002134127,0.0171180060917481,0.0,0.0,0.0,0.0820672833207634,0.138010979677171,0.0708510976823425,0,0,0.0112521769509142,0.0436391252005478,0.0,0.350156362021252,0.0,0,0.0,0.0,0.0051320172979815,0.0243960601156574,0,0.0,0.257376891641621,True,True,0,9726917,8.3,True,True,False,1,1,1,1,1,1,1,1,1,1,1,1,1,1,1,1,1,1,1,1,1.0
12R0879,GSM3529468,BP1,27.15,F,1,0.0,A,peripheral whole blood,7.5,5,0.006158134,-0.009260614,0.048673397,0.0221123042250664,0.0,0.0,0.0021712315182121,0.118070062246313,0.100494575078661,0.0335199552151531,0,0,0.0,0.0569445900783702,0.0,0.188053038091158,0.0,0,0.0,0.0,0.0023742713420184,0.0394726039263217,0,0.0,0.436787368278724,True,True,0,9526973,7.5,True,True,False,0,0,0,0,0,0,0,0,0,0,0,0,0,0,0,0,0,0,0,0,0.0
12R0885,GSM3529469,BP1,63.17,F,1,1.0,A,peripheral whole blood,7.5,5,-0.001213787,-0.011763627,0.010302226,0.0049688930096598,0.0,0.0,0.0,0.104585656062639,0.0491769830988817,0.0508028118534025,0,0,0.0,0.0337038446332858,0.0,0.200959409010722,0.0,0,0.0,0.0,0.0010986259743156,0.0383943668707377,0,0.0,0.516309409486354,True,True,0,8851615,7.5,True,True,False,1,1,1,1,1,1,1,1,1,1,1,1,1,1,1,1,1,1,1,1,1.0
12R0888,GSM3529470,Control,60.86,F,0,0.0,A,peripheral whole blood,7.6,5,-0.015041894,-0.012926538,0.034062705,0.0146918234079558,0.0,0.0,0.0232175497299734,0.132791718445697,0.0471835903993179,0.0380326744259762,0,0,0.0,0.0665015440847142,0.0,0.36916936288378,0.0,0,0.0,0.0,0.0049243475909948,0.0362934690772407,0,0.0,0.267193919954348,True,True,0,7701636,7.6,True,True,False,0,0,0,0,0,0,0,0,0,0,0,0,0,0,0,0,0,0,0,0,0.0
12R0891,GSM3529471,BP1,57.28,F,1,1.0,A,peripheral whole blood,6.0,5,0.011943162,-0.031657182,-0.009940642,0.0184107679031008,0.0,0.0001,0.0,0.143226003288431,0.080139557002414,0.0143200480720391,0,0,0.0,0.037542728279214,0.0,0.152692189672435,0.0,0,0.0,0.0,0.0044574009576297,0.0195225366006574,0,0.0,0.529570182038277,True,True,0,7790700,6.0,True,True,False,1,1,1,1,1,1,1,1,1,1,1,1,1,1,1,1,1,1,1,1,1.0
12R0893,GSM3529472,BP1,45.43,F,1,0.0,A,peripheral whole blood,7.5,5,0.013300689,-0.021675775,0.06654805,0.0306653643092929,0.0,0.0,0.0,0.127006489333462,0.0546537149046714,0.0240370559995005,0,0,0.0,0.0361148457763711,0.0,0.163878000109005,0.0,0,0.0,0.0,0.0053865942829111,0.0329013964605276,0,0.0,0.525356538824257,True,True,0,9152501,7.5,True,True,False,0,0,0,0,0,0,0,0,0,0,0,0,0,0,0,0,0,0,0,0,0.0
12R0895,GSM3529473,BP1,36.62,F,1,0.0,A,peripheral whole blood,7.1,5,0.01661703,-0.023328653,0.003257846,0.006213196445868,0.0,0.0,0.0008,0.113330332074791,0.0969037006328353,0.0296860474558627,0,0,0.0,0.0746737603228759,0.0,0.248203365898493,0.0,0,0.0,0.0,0.0046520864602896,0.0268564495852191,0,0.0,0.398691798269636,True,True,0,9157269,7.1,True,True,False,0,0,0,0,0,0,0,0,0,0,0,0,0,0,0,0,0,0,0,0,0.0
12R0897,GSM3529474,BP1,53.25,M,1,0.0,A,peripheral whole blood,7.3,5,0.028113466,-0.027583424,0.026783803,0.0140770463046936,0.0,0.0,0.0,0.0953001702614532,0.0682614273597553,0.0325031650900318,0,0,0.0073739941635433,0.037885884477537,0.0,0.155470943186804,0.0,0,0.0,0.0,0.0048588308984996,0.0244367539591043,0,0.0,0.559831784298576,True,True,0,10377083,7.3,True,True,False,0,0,0,0,0,0,0,0,0,0,0,0,0,0,0,0,0,0,0,0,0.0
12R0898,GSM3529475,BP1,48.25,F,0,1.0,A,peripheral whole blood,7.0,5,0.025026519,-0.035262064,-0.023483019,0.0102092648064962,0.0,0.0,0.0,0.116205731131993,0.131602950164941,0.0327627027208092,0,0,0.0,0.0535215378676728,0.0,0.138054243532351,0.0,0,0.0,0.0,0.004518180312092,0.0258169591152708,0,0.0,0.487308430348371,True,True,0,8551387,7.0,True,True,False,1,1,1,1,1,1,1,1,1,1,1,1,1,1,1,1,1,1,1,1,1.0
12R0902,GSM3529476,BP1,49.54,F,1,0.0,A,peripheral whole blood,6.7,5,0.018882168,-0.031951196,0.031941464,0.0,0.0,0.0,0.0,0.101216150492431,0.051455407147265,0.0236566885398128,0,0,0.0,0.0155184119367628,0.0,0.243192688112463,0.0,0,0.0,0.0,0.005759524137069,0.0365345969244315,0,0.0,0.522666532709764,True,True,0,10964859,6.7,True,True,False,0,0,0,0,0,0,0,0,0,0,0,0,0,0,0,0,0,0,0,0,0.0
12R0903,GSM3529477,BP1,67.32,F,1,0.0,A,peripheral whole blood,8.2,5,0.005564833,0.035027958,0.04996501,0.0468871340586986,0.0,0.0007,0.0,0.0893730568805752,0.106898014753528,0.0441591777477905,0,0,0.0,0.060009994196922,0.0,0.209723548278364,0.0,0,0.0,0.0,0.0030246910119647,0.0339554291876007,0,0.0,0.405284739281263,True,True,0,8235084,8.2,True,True,False,0,0,0,0,0,0,0,0,0,0,0,0,0,0,0,0,0,0,0,0,0.0
12R0907,GSM3529478,BP1,55.82,F,0,0.0,A,peripheral whole blood,7.6,5,0.00078496,-0.013029537,0.004746445,0.0,0.0,0.0002,0.0,0.0477058620482021,0.055720502728606,0.0349177427718009,0,0,0.0,0.0374041528726053,0.0,0.229391854765421,0.0,0,0.0,0.0,0.0002,0.038407603721071,0,0.0,0.556050138705517,True,True,0,10234022,7.6,True,True,False,0,0,0,0,0,0,0,0,0,0,0,0,0,0,0,0,0,0,0,0,0.0
12R0908,GSM3529479,BP1,59.78,M,0,0.0,A,peripheral whole blood,7.0,5,0.006133325,-0.011664031,0.045419435,0.0306807855011987,0.0,0.0006,0.0,0.0963104645997763,0.143772945653367,0.0402578550671597,0,0,0.0013690316630568,0.0723397186227702,0.0,0.277562364100478,0.0,0,0.0,0.0,0.0020595228437913,0.0216026744987915,0,0.0,0.313397258121297,True,True,0,9770153,7.0,True,True,False,0,0,0,0,0,0,0,0,0,0,0,0,0,0,0,0,0,0,0,0,0.0
12R0923,GSM3529480,BP1,34.75,F,1,1.0,A,peripheral whole blood,6.6,5,0.0095597,-0.024986347,-0.048642897,0.0385874644254845,0.0,0.0,0.0,0.14706393977698,0.0920300746407717,0.0124302498139297,0,0,0.0,0.020333955560638,0.0,0.124538757441428,0.0,0,0.0,0.0,0.0042445704525344,0.025976411810428,0,0.0,0.534794576077804,True,True,0,8180677,6.6,True,True,False,1,1,1,1,1,1,1,1,1,1,1,1,1,1,1,1,1,1,1,1,1.0
12R0926,GSM3529481,BP1,54.15,F,0,0.0,A,peripheral whole blood,7.9,5,0.030144117,-0.02950864,0.002862385,0.0067173201286962,0.0,0.0005,0.0152799663175122,0.0786120421207972,0.106562924224351,0.0543095973617532,0,0,0.0,0.0625546320354787,0.0,0.336547742390713,0.0,0,0.0,0.0,0.0058196306078359,0.0280442839071709,0,0.0,0.305056641826449,True,True,0,10055237,7.9,True,True,False,0,0,0,0,0,0,0,0,0,0,0,0,0,0,0,0,0,0,0,0,0.0
12R0935,GSM3529482,BP1,52.22,M,0,1.0,A,peripheral whole blood,7.6,5,-0.005181721,-0.026294146,-0.002989915,0.0071809288929015,0.0,0.0054248874887921,0.0206004578763617,0.143247279463354,0.104179022371521,0.037100798094449,0,0,0.0,0.0348531525863228,0.0,0.225763404919047,0.0,0,0.0,0.0,0.008437242689759,0.0246061651954774,0,0.0,0.388606660422011,True,True,0,8552222,7.6,True,True,False,1,1,1,1,1,1,1,1,1,1,1,1,1,1,1,1,1,1,1,1,1.0
12R0937,GSM3529483,BP1,58.79,M,0,0.0,A,peripheral whole blood,6.8,5,0.035647996,-0.039075388,0.001036514,0.0306190764642569,0.0,0.0030279314643883,0.0,0.165783210475704,0.0787656285715042,0.0505619053554876,0,0,0.0333332837272475,0.0260004342415569,0.0,0.170770163088364,0.0,0,0.01699916690311,0.0,0.0086290456092365,0.0436600667117163,0,0.0,0.371850087387426,True,True,0,11311064,6.8,True,True,False,0,0,0,0,0,0,0,0,0,0,0,0,0,0,0,0,0,0,0,0,0.0
12R0941,GSM3529484,BP1,51.82,F,0,0.0,A,peripheral whole blood,7.0,5,0.019296362,-0.015172937,-0.020348236,0.0328489318686874,0.0,0.0,0.0084052987897519,0.142791030515659,0.167119914809486,0.0166793711366982,0,0,0.0,0.0649822554617386,0.0,0.218143223163682,0.0,0,0.0,0.0,0.0052689516188715,0.0245973573557991,0,0.0,0.319163665279624,True,True,0,9281268,7.0,True,True,False,0,0,0,0,0,0,0,0,0,0,0,0,0,0,0,0,0,0,0,0,0.0
12R1372,GSM3529485,Control,30.44,F,0,,A,peripheral whole blood,7.5,4,-0.016420928,0.002444874,-0.029572574,0.0147355770115766,0.0,0.0049490277534322,0.0,0.149963717796418,0.0925343944688551,0.0243251578850426,0,0,0.0,0.0617841308241211,0.0,0.289767873228098,0.0,0,0.0,0.0,0.0090275089395285,0.0109480203411265,0,0.0,0.341964591751799,False,False,1,7214980,7.5,True,True,True,0,1,0,0,0,0,0,1,1,0,0,0,0,0,0,0,1,0,1,0,0.25
12R1698,GSM3529486,Control,35.88,F,0,0.0,A,peripheral whole blood,8.0,4,-0.014003639,-0.009718524,-0.003760488,0.016807511609596,0.0,0.0,0.0109842705801298,0.19569597284659,0.092023445832031,0.023928886175734,0,0,0.0,0.0340900434984013,0.0,0.203773788391403,0.0,0,0.0,0.0,0.0046266083887121,0.0291675891336823,0,0.0,0.388901883543719,True,True,0,8550006,8.0,True,True,False,0,0,0,0,0,0,0,0,0,0,0,0,0,0,0,0,0,0,0,0,0.0
12R1845,GSM3529487,Control,28.6,M,0,,A,peripheral whole blood,8.4,4,-0.022988327,-0.011618629,-0.006865956,0.0088467300433811,0.0,0.0,0.0,0.146015905777883,0.046548164781551,0.03494902334755,0,0,0.0,0.0692024643935406,0.0,0.239035952457482,0.0,0,0.0,0.0,0.0057938089657607,0.0124883060794757,0,0.0,0.437119644153374,False,False,1,8452824,8.4,True,True,True,0,0,0,0,1,0,0,1,1,0,0,0,0,0,0,0,0,0,0,0,0.15
12R1930,GSM3529488,Control,42.63,M,0,0.0,B,peripheral whole blood,8.6,4,0.000689948,-0.010754183,0.040715894,0.0266648403313939,0.0,0.0,0.0075421207457149,0.0494684182272773,0.102485654511413,0.045390330395173,0,0,0.0,0.0805250811958237,0.0,0.281274160538933,0.0,0,0.0,0.0,0.0007,0.0309011714440433,0,0.0,0.375022078478724,True,True,0,10565206,8.6,True,True,False,0,0,0,0,0,0,0,0,0,0,0,0,0,0,0,0,0,0,0,0,0.0
12R1980,GSM3529489,Control,34.71,F,0,0.0,B,peripheral whole blood,8.4,4,-0.013442766,-0.006130776,0.004678705,0.0061439940401556,0.0,0.0,0.0040374821829539,0.0593702806743731,0.0793339312168102,0.0458525712943716,0,0,0.0,0.0457422693014636,0.0,0.241472825793777,0.0,0,0.0,0.0,0.0025549102791282,0.0283589498255043,0,0.0,0.487132785391462,True,True,0,8967165,8.4,True,True,False,0,0,0,0,0,0,0,0,0,0,0,0,0,0,0,0,0,0,0,0,0.0
12R1997,GSM3529490,Control,38.34,M,0,1.0,B,peripheral whole blood,8.7,4,-0.015165717,-0.011296117,0.025985567,0.0702347507257249,0.0,0.0,0.0029408863142425,0.104774855215876,0.106857370093944,0.0358194369135739,0,0,0.0084126045429568,0.0237314328331206,0.0,0.235528904094016,0.0,0,0.0,0.0,0.0038333585862987,0.0313745056363352,0,0.0,0.376491895043909,True,True,0,9543783,8.7,True,True,False,1,1,1,1,1,1,1,1,1,1,1,1,1,1,1,1,1,1,1,1,1.0
12R2013,GSM3529492,Control,46.09,F,0,0.0,A,peripheral whole blood,8.1,4,-0.026436297,-0.002438501,-0.002334822,0.0181693289267094,0.0,0.0062183676250454,0.0,0.140788938855448,0.139786096679188,0.0226370740824619,0,0,0.0040701551291911,0.0200626890190212,0.0016145660411431,0.169162983227735,0.0,0,0.0,0.0,0.0095368195620973,0.025784219414107,0,0.0,0.442168761437849,True,True,0,8187896,8.1,True,True,False,0,0,0,0,0,0,0,0,0,0,0,0,0,0,0,0,0,0,0,0,0.0
12R2015,GSM3529493,Control,43.59,F,0,,A,peripheral whole blood,8.1,4,-0.003462105,-0.011140809,0.005011781,0.0161160205508038,0.0,0.0,0.0,0.130813510552213,0.141284999395141,0.0243458583245692,0,0,0.0,0.0484388597352243,0.0,0.172628072673177,0.0,0,0.0,0.0,0.0062605571098969,0.0224017971491013,0,0.0069943302536439,0.430715994256227,False,False,1,9229008,8.1,True,True,True,1,0,0,0,0,1,0,0,0,0,0,0,0,0,0,1,0,0,0,0,0.15
12R2018,GSM3529494,Control,49.74,F,0,0.0,A,peripheral whole blood,7.9,2,-0.0222257,-0.006065622,0.048351245,0.0169897887390078,0.0,0.0,0.0,0.0722204785757055,0.110346211021433,0.0502565275278091,0,0,0.0177800207818439,0.0823313366903586,0.0,0.18127399936858,0.0,0,0.0,0.0,0.0031632256594953,0.0206962754474157,0,0.0,0.444942136188349,True,True,0,9023308,7.9,True,True,False,0,0,0,0,0,0,0,0,0,0,0,0,0,0,0,0,0,0,0,0,0.0
12R2044,GSM3529495,Control,60.77,F,0,0.0,A,peripheral whole blood,7.7,4,-0.025392471,0.000173913,0.01818359,0.0161329441626771,0.0,0.0,0.0,0.0770015506882337,0.0792197807291016,0.0395143973311471,0,0,0.0,0.0475509363914038,0.0,0.21798292121286,0.0,0,0.0,0.0,0.0,0.035966720760987,0,0.0,0.486630748723588,True,True,0,8198551,7.7,True,True,False,0,0,0,0,0,0,0,0,0,0,0,0,0,0,0,0,0,0,0,0,0.0
12R2052,GSM3529496,Control,80.22,M,0,0.0,A,peripheral whole blood,7.9,4,-0.031246754,-0.004538055,-3.34e-05,0.0090028837054316,0.0,0.0109397910385317,0.035147019832864,0.117874412173493,0.0251355860217983,0.0818407513105954,0,0,0.0170671585296589,0.0897216394610085,0.0,0.256063520595079,0.0005,0,0.0,0.0,0.0073771617869399,0.0287008344637118,0,0.0,0.320605914721925,True,True,0,7758072,7.9,True,True,False,0,0,0,0,0,0,0,0,0,0,0,0,0,0,0,0,0,0,0,0,0.0
12R2066,GSM3529497,Control,59.89,F,0,0.0,A,peripheral whole blood,8.1,4,-0.002032557,-0.01545854,-0.02021047,0.0199625638413788,0.0,0.0,0.0014128802534941,0.177561817942063,0.171424665099462,0.0273064689845998,0,0,0.0,0.0557185199267976,0.0,0.255372045882922,0.0,0,0.0,0.0,0.0052248453740011,0.022671070373143,0,0.0,0.263345122322136,True,True,0,9173289,8.1,True,True,False,0,0,0,0,0,0,0,0,0,0,0,0,0,0,0,0,0,0,0,0,0.0
12R2071,GSM3529498,Control,54.87,F,0,0.0,A,peripheral whole blood,7.9,4,-0.016313076,-0.0145645,-0.013480926,0.0035776260197791,0.0,0.0102438316581789,0.0,0.155622754630874,0.0757293498640677,0.0242938531716199,0,0,0.0044596660624685,0.0312654792192193,0.0,0.165900186912264,0.0,0,0.0,0.0,0.0102570253489157,0.0145335467603938,0,0.0,0.504116680352218,True,True,0,8266547,7.9,True,True,False,0,0,0,0,0,0,0,0,0,0,0,0,0,0,0,0,0,0,0,0,0.0
12R2111,GSM3529499,Control,49.9,F,0,0.0,A,peripheral whole blood,8.6,4,-0.007681928,-0.016073383,0.038826877,0.0097756416942667,0.0,0.0016870042143889,0.0264264660377821,0.126828559053221,0.0750098551015884,0.0421595552688328,0,0,0.0118079453567009,0.0323017187274541,0.0,0.271540580061004,0.0,0,0.0,0.0,0.00493527136231,0.0340046359157196,0,0.0,0.36352276720673,True,True,0,10351239,8.6,True,True,False,0,0,0,0,0,0,0,0,0,0,0,0,0,0,0,0,0,0,0,0,0.0
12R2134,GSM3529500,Control,20.34,F,0,0.0,A,peripheral whole blood,8.7,4,0.002719246,0.090309717,0.028636847,0.0616465259609831,0.0,0.006695911777781,0.0068977866451081,0.10130771476052,0.0657302194542029,0.0282520528802773,0,0,0.0089189158638442,0.0382897196805506,0.0,0.338319318121035,0.0,0,0.0,0.0,0.0057573941808863,0.0245913316499541,0,0.0,0.313593109024856,True,True,0,6350246,8.7,True,True,False,0,0,0,0,0,0,0,0,0,0,0,0,0,0,0,0,0,0,0,0,0.0
12R2135,GSM3529501,Control,62.91,F,0,0.0,A,peripheral whole blood,8.0,4,-0.001242534,-0.012561306,0.036747935,0.0190027241651487,0.0,0.0012508832163042,0.0096490939177218,0.125637726907987,0.105801770997207,0.037770531596972,0,0,0.0,0.0346370860749743,0.0,0.226023379167673,0.0003,0,0.0,0.0,0.0033768385203909,0.0210352104741979,0,0.0,0.415522929879346,True,True,0,9774006,8.0,True,True,False,0,0,0,0,0,0,0,0,0,0,0,0,0,0,0,0,0,0,0,0,0.0
12R2136,GSM3529502,Control,86.42,F,0,0.0,A,peripheral whole blood,8.3,4,-0.002032585,-0.020069203,-0.015416031,0.0097668780244025,0.0,0.0,0.0068230117757355,0.0866883405307189,0.0559435484057175,0.0202720762463412,0,0,0.0,0.0708797539066459,0.0,0.398371875120871,0.0,0,0.0,0.0,0.0053597242170756,0.0294850281646737,0,0.0,0.316409763607817,True,True,0,9207192,8.3,True,True,False,0,0,0,0,0,0,0,0,0,0,0,0,0,0,0,0,0,0,0,0,0.0
12R2137,GSM3529503,Control,44.11,F,0,0.0,A,peripheral whole blood,8.1,4,-0.014539923,-0.007238281,0.005806108,0.0079899660222296,0.0,0.0,0.0039457824086315,0.116475030532449,0.0987437743275754,0.0262702673622455,0,0,0.0,0.0509445995205587,0.0,0.200260074906744,0.0,0,0.0,0.0,0.0038519601007669,0.0319516735625047,0,0.0,0.459566871256293,True,True,0,8329175,8.1,True,True,False,0,0,0,0,0,0,0,0,0,0,0,0,0,0,0,0,0,0,0,0,0.0
12R2138,GSM3529504,Control,28.19,M,0,0.0,A,peripheral whole blood,8.4,4,0.001910267,-0.018462178,-0.016390108,0.0370312698632835,0.0,0.0,0.0,0.193693171389978,0.0936183335350721,0.0446098613977695,0,0,0.0,0.0584166772171817,0.0,0.264056195017163,0.0,0,0.0,0.0,0.0071709577738107,0.0300577986099055,0,0.0,0.271345735195834,True,True,0,8947634,8.4,True,True,False,0,0,0,0,0,0,0,0,0,0,0,0,0,0,0,0,0,0,0,0,0.0
12R2143,GSM3529505,Control,65.28,F,0,0.0,A,peripheral whole blood,8.0,2,-0.033804993,-0.008413175,0.048030104,0.0443206402130204,0.0,0.0,0.0006,0.174918967847925,0.144777027684755,0.0495262494981253,0,0,0.0,0.0500918145805715,0.0,0.35280204839204,0.0,0,0.0,0.0,0.0074437500130819,0.019929085846514,0,0.0,0.155602813291623,True,True,0,8427879,8.0,True,True,False,0,0,0,0,0,0,0,0,0,0,0,0,0,0,0,0,0,0,0,0,0.0
12R2144,GSM3529506,Control,73.15,M,0,,A,peripheral whole blood,8.7,4,-0.010265299,-0.021027022,-0.028184446,0.0424284459061694,0.0,0.0010144499248572,0.0115729002370402,0.0665334848945677,0.0793903394509809,0.052790466816598,0,0,0.0,0.096681938823693,0.0,0.292692044731694,0.0,0,0.0,0.0,0.0006,0.0301157966529826,0,0.0,0.326177871196411,False,False,1,8888934,8.7,True,True,True,1,0,0,1,0,1,1,0,0,0,1,0,0,0,0,1,0,0,1,0,0.35
12R2155,GSM3529507,Control,70.41,M,0,0.0,A,peripheral whole blood,7.7,4,-0.007985063,-0.006289353,0.022095628,0.0025938142659356,0.0,0.0026379984163672,0.0,0.103085014070888,0.107800798984058,0.0661259536589908,0,0,0.0,0.0869923627115773,0.0,0.181734265114242,0.0,0,0.0,0.0,0.0044091018974469,0.0320741149345856,0,0.0,0.412546575945906,True,True,0,8611054,7.7,True,True,False,0,0,0,0,0,0,0,0,0,0,0,0,0,0,0,0,0,0,0,0,0.0
12R2157,GSM3529508,Control,64.02,F,0,0.0,A,peripheral whole blood,8.2,4,-0.034132656,-0.008301539,-0.003881,0.0173251888125501,0.0,0.0061484792721557,0.0,0.162440471745112,0.0587028390046769,0.0902925380561362,0,0,0.0,0.085003882956387,0.0,0.169815333509069,0.0,0,0.0,0.0,0.0099220441293434,0.0137653033868959,0,0.0,0.386583919127671,True,True,0,8032859,8.2,True,True,False,0,0,0,0,0,0,0,0,0,0,0,0,0,0,0,0,0,0,0,0,0.0
12R2158,GSM3529509,Control,72.99,M,0,1.0,A,peripheral whole blood,7.8,4,-0.006271135,-0.019497498,0.016269711,0.0063309137208838,0.0,0.0,0.0,0.0962485265428454,0.0791785408048826,0.0540729501013337,0,0,0.0,0.0685877117874534,0.0,0.248664051865736,0.0,0,0.0,0.0,0.0033005983246878,0.0381731290228553,0,0.0,0.405443577829321,True,True,0,10390827,7.8,True,True,False,1,1,1,1,1,1,1,1,1,1,1,1,1,1,1,1,1,1,1,1,1.0
12R2160,GSM3529510,Control,44.53,F,0,0.0,A,peripheral whole blood,6.8,4,0.015574077,-0.030145923,-0.035319757,0.0081679319036868,0.0,0.0,0.0160468221868375,0.161552073258305,0.089457466719968,0.0460477389045343,0,0,0.0,0.055663639830408,0.0,0.200465591204118,0.0,0,0.0,0.0,0.0050849927549375,0.0361008420251217,0,0.0,0.381412901212082,True,True,0,9829345,6.8,True,True,False,0,0,0,0,0,0,0,0,0,0,0,0,0,0,0,0,0,0,0,0,0.0
12R2171,GSM3529511,Control,31.03,F,0,0.0,A,peripheral whole blood,8.4,4,0.00426021,-0.022534633,0.042866447,0.0446479507050863,0.0,0.0010623668308643,0.0032631829702424,0.122872488533031,0.0778670324473909,0.0652573135557602,0,0,0.0184181990584124,0.0442118079863778,0.0,0.169284717269603,0.0,0,0.0,0.0,0.0002,0.0274272800919286,0,0.0,0.425439084471882,True,True,0,10683745,8.4,True,True,False,0,0,0,0,0,0,0,0,0,0,0,0,0,0,0,0,0,0,0,0,0.0
12R2172,GSM3529512,Control,42.87,F,0,0.0,A,peripheral whole blood,8.2,4,0.010486456,-0.024752758,-0.023940309,0.0230607029086984,0.0,0.0,0.0022920653122942,0.170307624454214,0.0601080755355409,0.052002834054571,0,0,0.0,0.0556735934331096,0.0,0.209240026368692,0.0,0,0.0,0.0,0.0061122561328048,0.0242786813225052,0,0.0,0.396924140477569,True,True,0,9838504,8.2,True,True,False,0,0,0,0,0,0,0,0,0,0,0,0,0,0,0,0,0,0,0,0,0.0
12R2173,GSM3529513,Control,63.54,M,0,0.0,A,peripheral whole blood,8.3,4,-0.003394272,-0.022123279,-0.007747634,0.0073910417425592,0.0,0.0030865913578913,0.0,0.0552342803549841,0.0261316402264496,0.041679508516788,0,0,0.0002,0.0390486005010645,0.0,0.2754497513352,0.0,0,0.0,0.0,0.0053085684154994,0.0334327157887903,0,0.0,0.513053284831341,True,True,0,9204975,8.3,True,True,False,0,0,0,0,0,0,0,0,0,0,0,0,0,0,0,0,0,0,0,0,0.0
12R2175,GSM3529514,Control,33.83,F,0,0.0,A,peripheral whole blood,8.7,4,0.005331931,-0.025474404,-0.012276452,0.0301175722764232,0.0,0.0014501352907644,0.0,0.166866438103006,0.0828769359211742,0.0351546299608046,0,0,0.0,0.0160841149164118,0.0,0.224593494459015,0.0,0,0.0,0.0,0.00609344058998,0.0302096055658857,0,0.0,0.406553632916533,True,True,0,10014580,8.7,True,True,False,0,0,0,0,0,0,0,0,0,0,0,0,0,0,0,0,0,0,0,0,0.0
12R2192,GSM3529515,Control,53.18,F,0,0.0,A,peripheral whole blood,8.7,4,0.003800022,-0.026317742,-0.007394904,0.0381463047829801,0.0,0.0,0.021808565858269,0.147600084391671,0.228550546673806,0.0490507957099029,0,0,0.0222609991227486,0.0399067128788499,0.0,0.0989012036658377,0.0,0,0.0,0.0,0.0094837191442812,0.0031074765874575,0,0.0,0.341183591184194,True,True,0,9338528,8.7,True,True,False,0,0,0,0,0,0,0,0,0,0,0,0,0,0,0,0,0,0,0,0,0.0
12R2193,GSM3529516,Control,52.65,F,0,1.0,A,peripheral whole blood,7.5,4,-0.01080581,-0.006108804,-0.00958087,0.0039201890307946,0.0,0.0,0.0,0.0957402954257452,0.120952308321058,0.0197820764893457,0,0,0.0010827792628689,0.031213325300301,0.0,0.086836720452333,0.0,0,0.0,0.0,0.0037739462211869,0.0207059099880675,0,0.0,0.615992449508298,True,True,0,8497549,7.5,True,True,False,1,1,1,1,1,1,1,1,1,1,1,1,1,1,1,1,1,1,1,1,1.0
12R2210,GSM3529517,Control,31.55,M,0,0.0,A,peripheral whole blood,7.1,4,-0.015707993,-0.001050268,-0.078908345,0.0146941818110685,0.0,0.0,0.0,0.124128820381287,0.0435716162082836,0.0320983535496982,0,0,0.0,0.0401602979710714,0.0,0.188798764216053,0.0,0,0.0,0.0,0.0048830009708146,0.0221040300722255,0,0.0,0.529560934819496,True,True,0,6125632,7.1,True,True,False,0,0,0,0,0,0,0,0,0,0,0,0,0,0,0,0,0,0,0,0,0.0
12R2211,GSM3529518,Control,25.3,F,0,0.0,A,peripheral whole blood,8.3,4,-0.006570249,-0.025475151,-0.05463536,0.018007955084205,0.0,0.0032366843551085,0.0102704487630685,0.171511593100482,0.0684860050856664,0.0465053789014352,0,0,0.0,0.0386835399723311,0.0,0.229775814634337,0.0027528921973464,0,0.0,0.0,0.0071226426484155,0.0336749894631081,0,0.0,0.369972055794495,True,True,0,7736398,8.3,True,True,False,0,0,0,0,0,0,0,0,0,0,0,0,0,0,0,0,0,0,0,0,0.0
12R2214,GSM3529519,Control,46.81,F,0,0.0,A,peripheral whole blood,8.1,4,-0.00654168,-0.031448861,-0.080164813,0.027811378830329,0.0,0.0023792855298669,0.0,0.18183030205626,0.065642542498948,0.0204806190036161,0,0,0.0,0.0228137767107815,0.0,0.270335179908507,0.0,0,0.0,0.0,0.0101783616902334,0.0,0,0.0,0.398528553771456,True,True,0,7392736,8.1,True,True,False,0,0,0,0,0,0,0,0,0,0,0,0,0,0,0,0,0,0,0,0,0.0
12R2215,GSM3529520,Control,22.95,F,0,,A,peripheral whole blood,8.0,4,-0.015601051,-0.028064097,-0.080392547,0.0264566201050343,0.0,0.0,0.0009,0.23177216366658,0.12122568497822,0.0267308135106755,0,0,0.0,0.0759143247170128,0.0,0.138107358440797,0.0,0,0.0,0.0,0.0048082968505688,0.0128135316129354,0,0.0,0.361277438131613,False,False,1,6655590,8.0,True,True,True,1,0,0,0,0,0,0,0,0,0,0,0,0,0,0,0,1,0,0,0,0.1
12R2219,GSM3529521,Control,19.75,F,0,0.0,A,peripheral whole blood,8.5,4,-0.008897494,-0.024810972,-0.045984319,0.0103918846390979,0.0,0.0005,0.0223544691156631,0.132607427502461,0.0688885776709169,0.0380757223725797,0,0,0.0,0.0741972645790216,0.0,0.282938698805758,0.0,0,0.0,0.0,0.0045850396459908,0.019535151259169,0,0.0,0.345908449228522,True,True,0,8088737,8.5,True,True,False,0,0,0,0,0,0,0,0,0,0,0,0,0,0,0,0,0,0,0,0,0.0
12R2257,GSM3529522,Control,25.2,F,0,0.0,A,peripheral whole blood,7.1,4,-0.010262802,-0.01844289,0.030161794,0.0041271285819594,0.0,0.0,0.0,0.123088898869911,0.115063081750828,0.0642132967100653,0,0,0.0122249570422716,0.111222280691318,0.0,0.232805137762968,0.0,0,0.0,0.0,0.0007,0.0365781314293995,0,0.0,0.299994500849261,True,True,0,10218531,7.1,True,True,False,0,0,0,0,0,0,0,0,0,0,0,0,0,0,0,0,0,0,0,0,0.0
12R2269,GSM3529523,Control,68.57,F,0,0.0,A,peripheral whole blood,8.3,4,0.013922559,-0.029083467,-0.032475208,0.0165973041152419,0.0,0.0,0.0221625459963599,0.107623357920972,0.119677870391217,0.0243825902059959,0,0,0.0042058877218779,0.0453717874991612,0.0,0.262517367833715,0.0,0,0.0,0.0,0.0053978937151816,0.0179204712101985,0,0.0,0.374142923390078,True,True,0,9200666,8.3,True,True,False,0,0,0,0,0,0,0,0,0,0,0,0,0,0,0,0,0,0,0,0,0.0
12R2273,GSM3529524,Control,50.12,F,0,0.0,A,peripheral whole blood,8.3,4,-0.011373915,-0.013101446,-0.005767872,0.0193502792857753,0.0,0.0019950032190788,0.0,0.242785908589768,0.0702327171173644,0.0405879022285955,0,0,0.0,0.0796546678754085,0.0,0.199027659831697,0.0,0,0.0,0.0,0.0084905954055269,0.0255053263298664,0,0.0,0.312369940116918,True,True,0,8747004,8.3,True,True,False,0,0,0,0,0,0,0,0,0,0,0,0,0,0,0,0,0,0,0,0,0.0
12R2392,GSM3529525,Control,59.27,F,0,0.0,A,peripheral whole blood,7.9,4,-0.013239878,-0.016180602,0.010690741,0.0540170433881831,0.0,0.0,0.0,0.158829946643891,0.15347320391594,0.0340517018694634,0,0,0.0,0.0269473730703434,0.0,0.146337971478686,0.0,0,0.0,0.0,0.0050456538345132,0.0253661733340138,0,0.0,0.395930932464964,True,True,0,8932919,7.9,True,True,False,0,0,0,0,0,0,0,0,0,0,0,0,0,0,0,0,0,0,0,0,0.0
12R2396,GSM3529526,Control,34.0,F,0,0.0,A,peripheral whole blood,7.4,4,0.005533764,-0.032888936,-0.065352664,0.0086088111937479,0.0,0.0,0.0,0.219089582723446,0.0579751476314231,0.031286158753769,0,0,0.0056993998943161,0.0639236878400922,0.0,0.0960474675212508,0.0,0,0.0,0.0,0.0111262749871957,0.0,0,0.0,0.506243469454758,True,True,0,7566127,7.4,True,True,False,0,0,0,0,0,0,0,0,0,0,0,0,0,0,0,0,0,0,0,0,0.0
13R0029,GSM3529527,Control,58.43,M,0,0.0,A,peripheral whole blood,7.8,4,-0.003969353,-0.030123175,-0.054962839,0.024925678747476,0.0,0.007123971050023,0.0,0.153034126991109,0.096632909914776,0.0256933220694277,0,0,0.0123471941067082,0.062848178406428,0.0,0.289186819853235,0.0,0,0.0,0.0,0.0070870263418658,0.0170636426780072,0,0.0,0.304057129840942,True,True,0,7664328,7.8,True,True,False,0,0,0,0,0,0,0,0,0,0,0,0,0,0,0,0,0,0,0,0,0.0
13R0060,GSM3529528,Control,46.31,M,0,1.0,A,peripheral whole blood,8.1,4,-0.006007568,-0.023482459,-0.026886278,0.0205090546809616,0.0,0.0023129520902728,0.0,0.115272512664373,0.0883127972003448,0.0268333576893427,0,0,0.0,0.0286890668270794,0.0,0.272266639691681,0.0,0,0.0,0.0,0.0096703554683257,0.0267881856614488,0,0.0,0.409345078026169,True,True,0,8985381,8.1,True,True,False,1,1,1,1,1,1,1,1,1,1,1,1,1,1,1,1,1,1,1,1,1.0
13R0062,GSM3529529,Control,57.16,M,0,0.0,A,peripheral whole blood,8.6,4,-0.013106488,-0.019694616,-0.02262207,0.0294224258963489,0.0,0.0,0.0,0.112407230724989,0.151480441100725,0.0653124613740691,0,0,0.0,0.158859611000706,0.0,0.203511614151151,0.0,0,0.0,0.0,0.0009,0.0100254441394538,0,0.0,0.268023156402817,True,True,0,8809965,8.6,True,True,False,0,0,0,0,0,0,0,0,0,0,0,0,0,0,0,0,0,0,0,0,0.0
13R0070,GSM3529530,Control,20.8,F,0,1.0,A,peripheral whole blood,8.4,4,-0.019032087,-0.0131939,0.025567524,0.0147187195989501,0.0,0.0,0.0,0.167975491677869,0.0816696845978721,0.0582774200699507,0,0,0.0,0.112852279058765,0.0,0.204548064320749,0.0,0,0.0,0.0,0.0060344438391925,0.0284358902580904,0,0.0,0.325488006578559,True,True,0,9431732,8.4,True,True,False,1,1,1,1,1,1,1,1,1,1,1,1,1,1,1,1,1,1,1,1,1.0
13R0075,GSM3529531,Control,32.34,M,0,0.0,A,peripheral whole blood,7.9,4,0.006913756,-0.029414741,-0.053353916,0.0025216253845639,0.0,0.0107592918067529,0.0606901145146184,0.149504223750839,0.0425111224324665,0.0495216135912995,0,0,0.0,0.0465246970928278,0.0096603274786071,0.1638215083564,0.0,0,0.0,0.0,0.0081751587832991,0.0497894938250935,0,0.0,0.40652082298323,True,True,0,8928037,7.9,True,True,False,0,0,0,0,0,0,0,0,0,0,0,0,0,0,0,0,0,0,0,0,0.0
13R0090,GSM3529532,Control,54.66,F,0,0.0,A,peripheral whole blood,8.1,4,-0.028068147,-0.012938235,0.028126547,0.0200159919002545,0.0,0.0029070889965217,0.0,0.0967000256810429,0.144546156938788,0.031033399956026,0,0,0.0,0.0376373645753605,0.0,0.238612209371394,0.0,0,0.0,0.0,0.0104601425196157,0.0335041291032394,0,0.0,0.384583490957755,True,True,0,8759566,8.1,True,True,False,0,0,0,0,0,0,0,0,0,0,0,0,0,0,0,0,0,0,0,0,0.0
13R0100,GSM3529533,Control,60.26,M,0,0.0,A,peripheral whole blood,7.8,5,-0.012641797,-0.016223727,0.041671828,0.0078592487128813,0.0,0.0003,0.0,0.103695911668042,0.084193978455619,0.0465622936599519,0,0,0.0327352608569588,0.0890014688299879,0.0,0.312972938729808,0.0,0,0.0,0.0,0.0054233068984293,0.0292301205228452,0,0.0,0.288006578799648,True,True,0,9260489,7.8,True,True,False,0,0,0,0,0,0,0,0,0,0,0,0,0,0,0,0,0,0,0,0,0.0
13R0133,GSM3529534,Control,67.04,F,0,0.0,A,peripheral whole blood,8.1,5,0.005291137,-0.01673764,0.062923783,0.0,0.0,0.0009,0.0,0.122061886627648,0.0806506721802869,0.0721091910714085,0,0,0.0045314911091476,0.0583994047357964,0.0,0.282347679225523,0.0,0,0.0,0.0,0.0050250965110692,0.0403930978609672,0,0.0,0.333562184591066,True,True,0,9993467,8.1,True,True,False,0,0,0,0,0,0,0,0,0,0,0,0,0,0,0,0,0,0,0,0,0.0
13R0285,GSM3529535,Control,68.17,M,0,0.0,A,peripheral whole blood,7.8,5,0.001496971,-0.014289717,0.021999102,0.0023820966669807,0.0,0.0013996778075252,0.0,0.0833918964666587,0.0419396853849347,0.030747976459195,0,0,0.0,0.0866839420336961,0.0,0.248733262604715,0.0,0,0.0,0.0,0.0046965083328902,0.02488373052489,0,0.0,0.475141223718513,True,True,0,9080470,7.8,True,True,False,0,0,0,0,0,0,0,0,0,0,0,0,0,0,0,0,0,0,0,0,0.0
13R0329,GSM3529536,BP1,59.45,F,1,0.0,A,peripheral whole blood,8.0,1,-0.102851854,0.007662931,0.03931029,0.0153886605589108,0.0,0.0,0.0,0.127791656350215,0.0648868178543981,0.0409780380423611,0,0,0.0,0.0473081069814109,0.0,0.203780769120021,0.0,0,0.0,0.0,0.0021610668300742,0.0235116969269814,0,0.0,0.474193187335625,True,True,0,5185071,8.0,True,True,False,0,0,0,0,0,0,0,0,0,0,0,0,0,0,0,0,0,0,0,0,0.0
13R0332,GSM3529537,BP1,58.57,F,1,1.0,A,peripheral whole blood,7.8,1,-0.062639091,-0.00590945,0.014117094,0.0382415159541742,0.0,0.0,0.0,0.146141768949984,0.0608250422569318,0.024654863411308,0,0,0.0,0.0376887055292255,0.0,0.120373131677262,0.0,0,0.0,0.0,0.0038112358321906,0.02516256682949,0,0.0,0.543101169559432,True,True,0,6853978,7.8,True,True,False,1,1,1,1,1,1,1,1,1,1,1,1,1,1,1,1,1,1,1,1,1.0
13R0336,GSM3529538,BP1,30.12,F,1,0.0,A,peripheral whole blood,7.5,1,-0.062830853,0.033248374,0.055021625,0.0079735795102499,0.0,0.0,0.0,0.121351855279778,0.0172664346253564,0.0312100074229098,0,0,0.0038787376893431,0.0273060546509972,0.0,0.121599042171675,0.0,0,0.0,0.0,0.0046064623288361,0.0297017297033978,0,0.0,0.635106096617456,True,True,0,5638593,7.5,True,True,False,0,0,0,0,0,0,0,0,0,0,0,0,0,0,0,0,0,0,0,0,0.0
13R0337,GSM3529539,Control,29.97,F,0,0.0,A,peripheral whole blood,7.6,5,0.002440815,0.076289974,0.056338097,0.0385496151498228,0.0,0.002581475774092,0.0201437367729684,0.0443962057906651,0.0601773947549304,0.0421766424456478,0,0,0.0178423656160115,0.049835264549429,0.0,0.336848687795858,0.0,0,0.0,0.0,0.002619617422548,0.0271108385145666,0,0.0,0.357718155413459,True,True,0,6650383,7.6,True,True,False,0,0,0,0,0,0,0,0,0,0,0,0,0,0,0,0,0,0,0,0,0.0
13R0338,GSM3529540,BP1,57.2,F,0,0.0,A,peripheral whole blood,7.7,1,-0.060958098,0.032004367,0.030352915,0.0263801527249941,0.0,0.0,0.0,0.148723075133211,0.119207799103595,0.0198389697636871,0,0,0.0,0.0580092106696336,0.0,0.345458016065938,0.0,0,0.0,0.0,0.0075539542843172,0.0063337409071082,0,0.0,0.268495081347513,True,True,0,5806363,7.7,True,True,False,0,0,0,0,0,0,0,0,0,0,0,0,0,0,0,0,0,0,0,0,0.0
13R0382,GSM3529541,Control,73.22,F,0,0.0,A,peripheral whole blood,6.7,5,0.007151711,-0.026489345,0.002816318,0.0,0.0,0.0093247723665498,0.0,0.168023748580238,0.112816978940423,0.0379112747497918,0,0,0.0480917850963161,0.0446304134165289,0.0,0.127413352727311,0.0,0,0.0,0.0,0.009323683405172,0.0080824474934385,0,0.0,0.434381543224228,True,True,0,9883942,6.7,True,True,False,0,0,0,0,0,0,0,0,0,0,0,0,0,0,0,0,0,0,0,0,0.0
13R0391,GSM3529542,Control,26.9,F,0,0.0,A,peripheral whole blood,6.2,5,0.007985857,-0.014834358,-0.0543789,0.0411649849285854,0.0,0.0,0.0,0.114816519531098,0.0604529922523789,0.0136836502460875,0,0,0.0,0.0313711637424625,0.0,0.230050005616467,0.0,0,0.0,0.0,0.0046885342930502,0.0217204980732013,0,0.0,0.482051651316667,True,True,0,7062965,6.2,True,True,False,0,0,0,0,0,0,0,0,0,0,0,0,0,0,0,0,0,0,0,0,0.0
13R0428,GSM3529543,BP1,60.33,M,0,1.0,A,peripheral whole blood,7.8,3,0.076313424,0.268747423,0.050577017,0.0,0.0,0.0033985452181586,0.0019474290997989,0.0936949893464247,0.0639502778272545,0.0141775960785779,0,0,0.0,0.0390506564336554,0.0,0.279034859932871,0.0,0,0.0,0.0,0.0043007892436884,0.0193876626561425,0,0.0,0.481057194163427,True,True,0,2468655,7.8,False,True,False,1,1,1,1,1,1,1,1,1,1,1,1,1,1,1,1,1,1,1,1,1.0
13R0430,GSM3529544,Control,65.56,M,0,,A,peripheral whole blood,7.6,5,0.020165094,-0.035519342,-0.034875496,0.0463962636069172,0.0,0.0,0.0,0.100572235690165,0.0686517060827224,0.0258475725197607,0,0,0.0052035144095484,0.0295930496914708,0.0,0.237734044392977,0.0014162244236951,0,0.0,0.0,0.0035712887016229,0.0299159408129354,0,0.0,0.451098159668184,False,False,1,9437225,7.6,True,True,True,0,0,0,1,0,0,0,0,0,0,0,0,0,0,0,0,0,0,1,0,0.1
13R0432,GSM3529545,Control,60.25,M,0,0.0,A,peripheral whole blood,7.9,5,0.024724297,-0.028909819,0.022493906,0.0,0.0014605974560789,0.0,0.0,0.0722033528856868,0.129634926927473,0.0579008866372518,0,0,0.0249534833762225,0.0872539724419048,0.0,0.390201895322293,0.0,0,0.0,0.0,0.0046813132268075,0.0345853224670813,0,0.0,0.197124249259199,True,True,0,11557125,7.9,True,True,False,0,0,0,0,0,0,0,0,0,0,0,0,0,0,0,0,0,0,0,0,0.0
13R0433,GSM3529546,Control,32.06,F,0,0.0,A,peripheral whole blood,7.3,5,-0.000585342,-0.023376539,0.060086744,0.0142539396205644,0.0,0.0004,0.0,0.0841280459026181,0.041279817684353,0.0401403766667606,0,0,0.0119084582798888,0.0186969815128436,0.0,0.272708620871498,0.0,0,0.0,0.0,0.0045692630702112,0.0379122359544641,0,0.0,0.47399090508033,True,True,0,10366020,7.3,True,True,False,0,0,0,0,0,0,0,0,0,0,0,0,0,0,0,0,0,0,0,0,0.0
13R0438,GSM3529547,BP1,67.19,M,0,0.0,A,peripheral whole blood,8.3,3,0.069526384,-0.010967773,0.089030223,0.0193547986369423,0.0,0.0002,0.0,0.0864778739401548,0.0687671963403257,0.034643274937453,0,0,0.0063687170868146,0.0717457716424052,0.0,0.329284168862544,0.0,0,0.0,0.0,0.0035826264503547,0.0289546757889649,0,0.0,0.350667743871686,True,True,0,13443200,8.3,True,True,False,0,0,0,0,0,0,0,0,0,0,0,0,0,0,0,0,0,0,0,0,0.0
13R0451,GSM3529548,Control,66.68,M,0,,A,peripheral whole blood,7.7,5,-0.017094691,-0.017675888,0.059674208,0.0208906318720551,0.0,0.0035630474926979,0.0067926687401569,0.0964603851685101,0.0516350786221918,0.0575516055321465,0,0,0.0094481687792833,0.0794928092637786,0.0,0.341348373837513,0.0,0,0.0,0.0,0.0056709514416266,0.0244485572752367,0,0.0,0.302697721974802,False,False,1,9947840,7.7,True,True,True,1,1,0,0,0,0,0,0,0,1,0,0,0,0,1,0,1,0,0,0,0.25
13R0495,GSM3529549,Control,56.38,F,0,0.0,A,peripheral whole blood,8.0,5,0.000150398,-0.005699867,0.075281757,0.0046335844091123,0.0,0.0006,0.0,0.0850151341448034,0.0305862364037612,0.0503164082098904,0,0,0.0158753738402549,0.0253547620872637,0.0,0.25703586630808,0.0,0,0.0,0.0,0.0060962048618898,0.0342585001462385,0,0.0,0.490196643138935,True,True,0,10951584,8.0,True,True,False,0,0,0,0,0,0,0,0,0,0,0,0,0,0,0,0,0,0,0,0,0.0
13R0506,GSM3529550,BP1,68.97,M,0,0.0,A,peripheral whole blood,8.6,3,0.061524929,-0.007544635,0.060462502,0.0103210255330836,0.0,0.0,0.0,0.0917044996094813,0.074770299671386,0.0404628385733547,0,0,0.0028386615320212,0.0515528572334396,0.0,0.248087925909654,0.0,0,0.0,0.0,0.0046040994237336,0.0351101093430094,0,0.0,0.440547683170836,True,True,0,13153045,8.6,True,True,False,0,0,0,0,0,0,0,0,0,0,0,0,0,0,0,0,0,0,0,0,0.0
13R0509,GSM3529551,Control,74.75,F,0,,A,peripheral whole blood,8.1,5,0.011342252,-0.004916821,0.083981757,0.0268455862956668,0.0,0.0,0.0,0.12178750637423,0.13169485202074,0.0591165613439841,0,0,0.0616433314315691,0.082993142381007,0.0,0.240113590646062,0.0,0,0.0,0.0,0.0018502332356602,0.0190140957410723,0,0.0,0.254941100530007,False,False,1,10530897,8.1,True,True,True,1,0,0,0,0,0,0,0,0,0,0,0,0,0,0,0,0,0,0,0,0.05
13R0519,GSM3529552,BP1,62.83,F,0,1.0,A,peripheral whole blood,8.5,3,0.081790411,0.000107371,0.063476317,0.0146194029099669,0.0,0.0,0.0,0.136065331838618,0.141072781197029,0.0234033709980151,0,0,0.0130973416816212,0.0520427581996215,0.0,0.25866185805758,0.0,0,0.0,0.0,0.0055029097471684,0.0240870700253603,0,0.0,0.331447175345017,True,True,0,12822608,8.5,True,True,False,1,1,1,1,1,1,1,1,1,1,1,1,1,1,1,1,1,1,1,1,1.0
13R0704,GSM3529553,BP2,59.06,M,0,,A,peripheral whole blood,8.0,5,-0.008961571,-0.011479364,0.031327921,0.0205651261373293,0.0,0.0,0.0012915142011244,0.088980476974893,0.0785780274244908,0.0477038847182753,0,0,0.0345486839816992,0.0601663549903482,0.0,0.349293690455321,0.0,0,0.0,0.0,0.0055558898393971,0.0308596043019898,0,0.0,0.282456746975131,False,False,1,9033641,8.0,True,True,True,0,0,0,0,0,0,0,0,0,0,0,1,0,0,0,1,0,0,0,0,0.1
13R0705,GSM3529554,Control,40.43,M,0,0.0,A,peripheral whole blood,8.1,5,-0.007572485,-0.023984596,0.022006177,0.0074068060650106,0.0,0.0005,0.0,0.107718757226442,0.0994028988544878,0.0474255690590161,0,0,0.0026687432626471,0.0522031555960412,0.0,0.311742337028554,0.0,0,0.0,0.0,0.0052286221389429,0.0388981127033089,0,0.0,0.326758867230419,True,True,0,9737924,8.1,True,True,False,0,0,0,0,0,0,0,0,0,0,0,0,0,0,0,0,0,0,0,0,0.0
13R0707,GSM3529555,Control,48.89,M,0,,A,peripheral whole blood,8.1,5,0.014608348,-0.034757925,-0.032036632,0.0154320958594908,0.0,0.003993422359065,0.0,0.154191917011355,0.0603973611882741,0.0254679433843533,0,0,0.0185586107357963,0.0308527267671049,0.0,0.178943294860607,0.0,0,0.0,0.0,0.0106288285657839,0.0289469310390462,0,0.0,0.472586868229122,False,False,1,9318537,8.1,True,True,True,0,1,0,0,0,0,0,0,1,0,0,0,1,1,0,0,0,0,0,1,0.25
13R0708,GSM3529556,Control,58.94,M,0,0.0,A,peripheral whole blood,7.7,5,0.022479228,-0.031986763,-0.03527121,0.0077744187976267,0.0,0.0,0.0,0.116079886659377,0.0565431219385181,0.0321708314676461,0,0,0.0,0.0516609872125759,0.0,0.242956611033124,0.0,0,0.0,0.0,0.0053566955502382,0.0266948710874566,0,0.0,0.460762576253435,True,True,0,10094912,7.7,True,True,False,0,0,0,0,0,0,0,0,0,0,0,0,0,0,0,0,0,0,0,0,0.0
13R0710,GSM3529557,Control,31.01,M,0,0.0,A,peripheral whole blood,8.1,5,-0.010906588,-0.013809822,0.027394868,0.0422106383651862,0.0,0.0017075255305175,0.0321150848166958,0.131545870288251,0.064301675231841,0.0418718282315515,0,0,0.0,0.0410546700683508,0.0,0.215756444290471,0.0,0,0.0,0.0,0.0061587904661164,0.0244631373465235,0,0.0,0.398814335364493,True,True,0,9598457,8.1,True,True,False,0,0,0,0,0,0,0,0,0,0,0,0,0,0,0,0,0,0,0,0,0.0
13R0711,GSM3529558,Control,31.96,M,0,0.0,A,peripheral whole blood,8.3,5,-0.003369638,-0.004773114,0.009437151,0.0206443288602811,0.0,0.0,0.0,0.166784069337398,0.119628760552328,0.0555445057661843,0,0,0.017880897759971,0.103784031671141,0.0,0.346703563024201,0.0,0,0.0,0.0,0.0035102960009297,0.0288831592130304,0,0.0,0.136636387814532,True,True,0,9033519,8.3,True,True,False,0,0,0,0,0,0,0,0,0,0,0,0,0,0,0,0,0,0,0,0,0.0
13R0742,GSM3529559,Control,62.38,M,0,0.0,A,peripheral whole blood,8.1,5,-0.008673088,-0.019497351,0.037221742,0.0085326990709237,0.0,0.0013296535439073,0.0,0.0823603821331357,0.0235844447879266,0.0384333841268365,0,0,0.0,0.0545587753367591,0.0,0.287310185065029,0.0,0,0.0,0.0,0.0046066777083478,0.0300319731936338,0,0.0,0.4692518250335,True,True,0,9383752,8.1,True,True,False,0,0,0,0,0,0,0,0,0,0,0,0,0,0,0,0,0,0,0,0,0.0
13R0753,GSM3529560,Control,54.82,F,0,,A,peripheral whole blood,8.1,5,0.009962268,-0.019368537,0.064849605,0.0138936452837738,0.0,0.0,0.032223160204871,0.0617157486284828,0.095537764716091,0.0409462453939219,0,0,0.0044392461321678,0.0214713065644367,0.0,0.270465113051205,0.0,0,0.0,0.0,0.005641149337455,0.0301520735951369,0,0.0,0.423514547092456,False,False,1,10924579,8.1,True,True,True,0,0,0,0,0,0,0,0,0,0,1,0,1,0,0,1,0,0,0,0,0.15
13R0757,GSM3529561,Control,53.92,F,0,0.0,A,peripheral whole blood,8.0,5,-0.007869994,-0.013124403,0.036915481,0.0151468984975214,0.0,0.0,0.0103712405940116,0.086940151768921,0.0693898719822979,0.025200815233164,0,0,0.0,0.0411686853218942,0.0,0.316902105338141,0.0,0,0.0,0.0,0.0063555136346999,0.0338942359785802,0,0.0,0.394630481650768,True,True,0,9669519,8.0,True,True,False,0,0,0,0,0,0,0,0,0,0,0,0,0,0,0,0,0,0,0,0,0.0
13R0781,GSM3529562,BP1,38.79,M,0,1.0,A,peripheral whole blood,8.2,3,0.077544476,0.011243023,0.034673023,0.0491686985720488,0.0,0.0,0.0,0.229928737616083,0.0823757646705073,0.024900700899697,0,0,0.0,0.0781296179912508,0.0,0.289720354418853,0.0007,0,0.0,0.0,0.007188820310208,0.0095489617159198,0,0.0,0.228327475409058,True,True,0,11787955,8.2,True,True,False,1,1,1,1,1,1,1,1,1,1,1,1,1,1,1,1,1,1,1,1,1.0
13R0783,GSM3529563,Control,41.06,M,0,0.0,A,peripheral whole blood,8.5,5,-0.009145425,-0.020471615,0.021276981,0.016472152286926,0.0,0.0020735996085161,0.0363952224877552,0.119891608178657,0.0865364139881292,0.0722557767261736,0,0,0.0,0.0383284192173355,0.0,0.217473567467119,0.0,0,0.0,0.0,0.0038886121908472,0.0368953054629469,0,0.0,0.369789322385593,True,True,0,9085662,8.5,True,True,False,0,0,0,0,0,0,0,0,0,0,0,0,0,0,0,0,0,0,0,0,0.0
13R0793,GSM3529564,Control,47.07,M,0,0.0,A,peripheral whole blood,7.5,5,0.01649396,-0.029996818,-0.04633788,0.0189989931692706,0.0,0.0036326828498434,0.0,0.271747472293419,0.107005725159996,0.0263593655193778,0,0,0.0,0.0498439005589973,0.0,0.235182719505451,0.0047541363130936,0,0.0,0.0,0.0073348598280851,0.0201212251837385,0,0.0,0.255018919618726,True,True,0,8511963,7.5,True,True,False,0,0,0,0,0,0,0,0,0,0,0,0,0,0,0,0,0,0,0,0,0.0
13R0803,GSM3529565,Control,56.72,F,0,0.0,A,peripheral whole blood,8.2,5,0.013403147,-0.022314078,0.019965606,0.0204124569304373,0.0,0.0007,0.0,0.19943154994741,0.0552682197311715,0.0323367719195985,0,0,0.0,0.0753327164256793,0.0,0.247750761473952,0.0,0,0.0,0.0,0.0093732237151906,0.0187029161676679,0,0.0,0.340700781983925,True,True,0,10756557,8.2,True,True,False,0,0,0,0,0,0,0,0,0,0,0,0,0,0,0,0,0,0,0,0,0.0
13R0805,GSM3529566,Control,58.98,F,0,0.0,A,peripheral whole blood,8.5,5,0.010298934,0.056596254,0.021005243,0.0077311946845818,0.0,0.0016401971347952,0.0500328042922403,0.0369012913001153,0.107368052317115,0.051094927012914,0,0,0.0,0.0543902488658371,0.0,0.282166100164983,0.0,0,0.0,0.0,0.0049010561706111,0.0403396672521008,0,0.0,0.363434460804704,True,True,0,7367612,8.5,True,True,False,0,0,0,0,0,0,0,0,0,0,0,0,0,0,0,0,0,0,0,0,0.0
13R0806,GSM3529567,Control,53.51,F,0,0.0,A,peripheral whole blood,4.5,5,-0.019048366,0.075237977,-0.063513465,0.0122219084685751,0.0,0.0031483647550937,0.0,0.102856663308141,0.0594180458407138,0.0320248115695446,0,0,0.0,0.0312144365455535,0.0,0.220471476238426,0.0,0,0.0,0.0,0.0044937661819767,0.0275906045054383,0,0.0,0.506559922586535,True,True,0,3642496,4.5,True,False,False,0,0,0,0,0,0,0,0,0,0,0,0,0,0,0,0,0,0,0,0,0.0
13R0807,GSM3529568,Control,41.84,F,0,1.0,A,peripheral whole blood,8.5,5,0.01120804,0.037810317,0.028872512,0.0023923501831452,0.0,0.0,0.007813303242055,0.135662052973264,0.0396424817237641,0.0390666813508097,0,0,0.003308524644892,0.0362326024009588,0.0,0.33138220914206,0.0,0,0.0,0.0,0.0059381781678983,0.0309793566156066,0,0.0,0.367582259555545,True,True,0,8612563,8.5,True,True,False,1,1,1,1,1,1,1,1,1,1,1,1,1,1,1,1,1,1,1,1,1.0
13R0820,GSM3529569,Control,23.87,M,0,0.0,A,peripheral whole blood,7.7,5,0.044521622,-0.024354486,0.049999444,0.0403229951989921,0.0,0.0040258743800435,0.0159359603470164,0.161025947999127,0.0120679842635665,0.042634868317084,0,0,0.0,0.03892109342903,0.0,0.338752448068774,0.0,0,0.0,0.0,0.0048011218898793,0.0334991249933222,0,0.0,0.308012581113163,True,True,0,10572670,7.7,True,True,False,0,0,0,0,0,0,0,0,0,0,0,0,0,0,0,0,0,0,0,0,0.0
13R0821,GSM3529570,Control,66.49,M,0,1.0,A,peripheral whole blood,7.2,5,0.017166441,-0.032584754,-0.051699566,0.0042712012172948,0.0,0.0015267806514967,0.0,0.119409246582977,0.133573734730606,0.0155099916926788,0,0,0.0,0.0395559689899358,0.0,0.182764669103208,0.0,0,0.0,0.0,0.005045107383613,0.0307436622852812,0,0.0,0.467599637362906,True,True,0,8059638,7.2,True,True,False,1,1,1,1,1,1,1,1,1,1,1,1,1,1,1,1,1,1,1,1,1.0
13R0825,GSM3529571,Control,49.26,M,0,0.0,A,peripheral whole blood,8.0,5,0.022907275,-0.029044412,0.021615249,0.0,0.0,0.0012522993998397,0.0051283137690247,0.0570239408137194,0.069342862491375,0.0540818636707484,0,0,0.0,0.0665026979448215,0.0,0.363747096269623,0.0,0,0.0,0.0,0.0031463744451177,0.0336616004453073,0,0.0,0.346112950750422,True,True,0,11324440,8.0,True,True,False,0,0,0,0,0,0,0,0,0,0,0,0,0,0,0,0,0,0,0,0,0.0
13R0828,GSM3529572,Control,44.98,F,0,0.0,A,peripheral whole blood,8.0,5,0.01540017,-0.026065306,0.007877394,0.0036937756880098,0.0,0.0,0.0,0.0581040038029277,0.0765202800015272,0.0450942223166557,0,0,0.0,0.0704517148894434,0.0,0.29756228024703,0.0,0,0.0,0.0,0.0018401012356698,0.028184171070573,0,0.0,0.418549450748162,True,True,0,11018406,8.0,True,True,False,0,0,0,0,0,0,0,0,0,0,0,0,0,0,0,0,0,0,0,0,0.0
13R0840,GSM3529573,Control,33.8,M,0,1.0,A,peripheral whole blood,7.6,5,0.023024262,-0.030237671,0.042953795,0.0094754846643749,0.0,0.0012365400288421,0.0119743679097455,0.116905721320641,0.0695438595441496,0.0446881993789303,0,0,0.0,0.062173602747045,0.0,0.176861720686211,0.0,0,0.0,0.0,0.0057338314360197,0.0381032022508051,0,0.0,0.463303470033234,True,True,0,10609850,7.6,True,True,False,1,1,1,1,1,1,1,1,1,1,1,1,1,1,1,1,1,1,1,1,1.0
13R0855,GSM3529574,Control,57.83,M,0,0.0,A,peripheral whole blood,8.1,5,0.000605715,-0.01579096,0.029573572,0.0051328483840162,0.0,0.0,0.0,0.0986521059079771,0.0417521599562471,0.0535090203545471,0,0,0.0,0.0402634548216678,0.0,0.186563739518895,0.0,0,0.0,0.0,0.0015806633135986,0.0374206895121833,0,0.0,0.535125318230867,True,True,0,9748781,8.1,True,True,False,0,0,0,0,0,0,0,0,0,0,0,0,0,0,0,0,0,0,0,0,0.0
13R0889,GSM3529575,Control,52.74,F,0,0.0,A,peripheral whole blood,7.9,5,-0.012198178,-0.017084915,0.045295853,0.0198261033172616,0.0,0.0,0.0,0.13306742543854,0.086844847528001,0.0460660551431656,0,0,0.0,0.0789967430651513,0.0,0.31671632478612,0.0,0,0.0,0.0,0.0053764941727292,0.0213740319976091,0,0.0,0.291731974551421,True,True,0,8865831,7.9,True,True,False,0,0,0,0,0,0,0,0,0,0,0,0,0,0,0,0,0,0,0,0,0.0
13R0898,GSM3529576,Control,57.17,M,0,0.0,A,peripheral whole blood,8.1,5,-0.002030111,-0.019047653,0.075692364,0.0163668920638395,0.0,0.0,0.0,0.0978090261329242,0.0628588470646595,0.0412926685059068,0,0,0.0,0.0435963166680137,0.0,0.321858265893779,0.0,0,0.0,0.0,0.004501614798934,0.0362281869328676,0,0.0,0.375488181939074,True,True,0,9966694,8.1,True,True,False,0,0,0,0,0,0,0,0,0,0,0,0,0,0,0,0,0,0,0,0,0.0
13R0901,GSM3529577,Control,43.42,M,0,0.0,A,peripheral whole blood,7.8,5,-0.005878283,-0.020891389,0.045020756,0.0108697224396704,0.0,0.0,0.0,0.135199730904547,0.09332602276508,0.0693868514591822,0,0,0.001,0.121831836910297,0.0,0.253439943246297,0.0,0,0.0,0.0,0.0003,0.0306355008907423,0,0.0,0.283986372978128,True,True,0,9671990,7.8,True,True,False,0,0,0,0,0,0,0,0,0,0,0,0,0,0,0,0,0,0,0,0,0.0
13R0903,GSM3529578,BP1,54.71,M,0,0.0,A,peripheral whole blood,5.7,4,0.009391469,-0.031283854,-0.067535739,0.0359415037505241,0.0,0.0,0.0,0.173314224361935,0.168330500947327,0.0372017908183492,0,0,0.0,0.0893323170995414,0.0,0.223648955932243,0.0,0,0.0,0.0,0.0047984503066144,0.0192120472331844,0,0.0,0.24822020955028,True,True,0,7076227,5.7,True,True,False,0,0,0,0,0,0,0,0,0,0,0,0,0,0,0,0,0,0,0,0,0.0
13R0938,GSM3529579,Control,56.68,M,0,0.0,A,peripheral whole blood,8.1,5,-0.005455754,-0.018965301,0.053987708,0.0044537744364254,0.0,0.0001,0.0,0.0709985632922448,0.112033153060947,0.0446924575452824,0,0,0.0052850669936874,0.0672747711121409,0.0,0.298867351381687,0.0,0,0.0,0.0,0.0013927592684089,0.0422402374294193,0,0.0,0.352701551101837,True,True,0,9935419,8.1,True,True,False,0,0,0,0,0,0,0,0,0,0,0,0,0,0,0,0,0,0,0,0,0.0
13R0950,GSM3529580,Control,30.83,M,0,0.0,A,peripheral whole blood,8.0,5,0.003629048,-0.035479849,-0.041959203,0.0215875643340989,0.0,0.0050824789437535,0.0,0.223086914963395,0.158797449459229,0.0581022595303167,0,0,0.0487552387379249,0.112968468426704,0.0,0.125189326567935,0.0,0,0.0094388340495659,0.0,0.0063252830196749,0.0246374358192624,0,0.0,0.206028746148137,True,True,0,8549507,8.0,True,True,False,0,0,0,0,0,0,0,0,0,0,0,0,0,0,0,0,0,0,0,0,0.0
13R0952,GSM3529581,Control,41.11,M,0,1.0,A,peripheral whole blood,7.9,5,-0.020331558,-0.013015887,0.093348113,0.0075976180225823,0.0,0.0,0.0,0.0877039085823693,0.058968301731672,0.0684102816293589,0,0,0.0273057719911306,0.0662420075979386,0.0,0.310611400367469,0.0,0,0.0,0.0,0.0056045409821881,0.035864245721211,0,0.0,0.331691923374079,True,True,0,10388889,7.9,True,True,False,1,1,1,1,1,1,1,1,1,1,1,1,1,1,1,1,1,1,1,1,1.0
13R0959,GSM3529582,Control,20.26,F,0,0.0,A,peripheral whole blood,8.5,5,0.001820738,-0.029376087,0.007026535,0.0,0.0,0.0,0.0228616137622633,0.174221287798333,0.0278841267398348,0.0471663793001196,0,0,0.0,0.0170361816006439,0.0,0.253709620021148,0.0,0,0.0,0.0,0.0061678353742978,0.0463152238389186,0,0.0,0.404637731564439,True,True,0,9867650,8.5,True,True,False,0,0,0,0,0,0,0,0,0,0,0,0,0,0,0,0,0,0,0,0,0.0
13R0967,GSM3529583,Control,53.02,M,0,0.0,A,peripheral whole blood,7.9,5,-0.002464329,0.034423139,0.04153449,0.0202453475661737,0.0,0.0,0.0147851456867508,0.056672106811219,0.0961562730007352,0.0783362125147335,0,0,0.0,0.140695028972048,0.0,0.212142708417551,0.0,0,0.0,0.0,0.0028418329640153,0.0272041216993131,0,0.0,0.350921222367459,True,True,0,7636735,7.9,True,True,False,0,0,0,0,0,0,0,0,0,0,0,0,0,0,0,0,0,0,0,0,0.0
13R0972,GSM3529584,Control,49.38,M,0,0.0,A,peripheral whole blood,7.7,5,-0.001900555,-0.012115606,0.019662009,0.0489514258925655,0.0,0.0,0.02142734546771,0.120805393609307,0.0534707184111408,0.0500326845244472,0,0,0.0,0.0475220536833959,0.0,0.360565377502358,0.0,0,0.0,0.0,0.0045158618914967,0.043667508807105,0,0.0,0.249041630210472,True,True,0,8843493,7.7,True,True,False,0,0,0,0,0,0,0,0,0,0,0,0,0,0,0,0,0,0,0,0,0.0
13R1012,GSM3529585,Control,37.82,F,0,0.0,A,peripheral whole blood,7.8,5,-0.002498101,-0.018299006,0.032571251,0.0082836626693638,0.0,0.0007,0.0064370818631712,0.0971079409172248,0.0856124444082623,0.0537772878346815,0,0,0.0127017130991936,0.0639665244329458,0.0,0.194490971482358,0.0,0,0.0,0.0,0.0053705972638872,0.0205213088900926,0,0.0,0.4510614734037,True,True,0,9473077,7.8,True,True,False,0,0,0,0,0,0,0,0,0,0,0,0,0,0,0,0,0,0,0,0,0.0
13R1018,GSM3529586,Control,64.01,M,0,0.0,A,peripheral whole blood,7.9,5,-0.009199967,-0.016858907,0.040321955,0.0040091148607956,0.0,0.0001,0.0,0.120811116820862,0.0920602533282988,0.065633449080931,0,0,0.0,0.0857009265692175,0.0,0.220289941516834,0.0,0,0.0,0.0,0.0031987452426057,0.0409122843576661,0,0.0,0.367277692203483,True,True,0,9285116,7.9,True,True,False,0,0,0,0,0,0,0,0,0,0,0,0,0,0,0,0,0,0,0,0,0.0
13R1028,GSM3529587,BP1,64.29,M,0,0.0,A,peripheral whole blood,8.2,4,0.005507064,-0.027094892,-0.000894677,0.0329169225780522,0.0,0.0,0.0,0.150294354700435,0.0639468850474905,0.0482322213778761,0,0,0.0027249324239918,0.0521649608464707,0.0,0.358780302109798,0.0,0,0.0,0.0,0.0052993196982111,0.0299733286154112,0,0.0,0.255650303115859,True,True,0,9456116,8.2,True,True,False,0,0,0,0,0,0,0,0,0,0,0,0,0,0,0,0,0,0,0,0,0.0
13R1050,GSM3529588,Control,61.65,F,0,0.0,A,peripheral whole blood,7.6,5,-0.014517138,-0.020351384,0.005336881,0.0090088988088455,0.0,0.0,0.0,0.110890556618949,0.0822961890815461,0.0282038683870652,0,0,0.0,0.0393310635463534,0.0,0.327170941782498,0.0,0,0.0,0.0,0.0054749979517913,0.0293508588840491,0,0.0,0.368272624938901,True,True,0,8545559,7.6,True,True,False,0,0,0,0,0,0,0,0,0,0,0,0,0,0,0,0,0,0,0,0,0.0
13R1051,GSM3529589,Control,48.87,F,0,0.0,A,peripheral whole blood,8.3,5,-0.014771479,-0.018286189,0.039026359,0.0273189450900125,0.0,0.0027424382141383,0.0194665345897686,0.0444523713199909,0.113839024937065,0.0591045785840595,0,0,0.0,0.0819591483589471,0.0,0.281548205880743,0.0,0,0.0,0.0,0.0036357930409694,0.0198653091483378,0,0.0,0.346067650835965,True,True,0,9536794,8.3,True,True,False,0,0,0,0,0,0,0,0,0,0,0,0,0,0,0,0,0,0,0,0,0.0
13R1054,GSM3529590,Control,51.18,F,0,0.0,A,peripheral whole blood,8.2,5,-0.026121219,-0.015527134,0.066410824,0.0249709666657956,0.0,0.0,0.0,0.127989412401511,0.0813318737659842,0.0324428787097211,0,0,0.0161122414515178,0.0152219970634941,0.0,0.20454896605456,0.0,0,0.0,0.0,0.0063830292459399,0.033532007035209,0,0.0,0.457466627606266,True,True,0,8540255,8.2,True,True,False,0,0,0,0,0,0,0,0,0,0,0,0,0,0,0,0,0,0,0,0,0.0
13R1191,GSM3529592,Control,54.2,M,0,0.0,B,peripheral whole blood,8.1,3,0.070547721,-0.02806343,-0.016114658,0.0402134885914039,0.0,0.0095369568678162,0.0,0.152677516092035,0.13290534732382,0.0181877090726905,0,0,0.0755203856310798,0.0355319428430181,0.0,0.238724492394447,0.0020239211244198,0,0.0,0.0,0.0078420174277974,0.0154216035231635,0,0.0,0.271414619108307,True,True,0,12541675,8.1,True,True,False,0,0,0,0,0,0,0,0,0,0,0,0,0,0,0,0,0,0,0,0,0.0
13R1193,GSM3529593,Control,44.44,F,0,,B,peripheral whole blood,8.5,3,0.04959176,-0.001363509,0.067947538,0.0144595361752073,0.0,0.0035058092697832,0.0054591837577178,0.134013498351632,0.186996566130973,0.031400572335593,0,0,0.0434533188330694,0.0,0.0,0.220318866077327,0.0,0,0.0,0.0,0.0098618091291928,0.018779080725358,0,0.0,0.331751759214144,False,False,1,12099502,8.5,True,True,True,0,0,1,0,0,0,0,0,0,0,1,0,0,0,0,0,0,1,0,1,0.2
13R1199,GSM3529594,Control,21.73,F,0,,B,peripheral whole blood,8.6,3,0.038507758,0.003054355,-0.004889398,0.0372749543583611,0.0,0.0006,0.0,0.143700692646696,0.0890365216027642,0.0302153295523628,0,0,0.0,0.0456669949104149,0.0,0.123903488062113,0.0,0,0.0,0.0,0.0117494048657806,0.0310720093267773,0,0.0,0.486757262184017,False,False,1,10813239,8.6,True,True,True,0,1,0,0,1,0,0,0,0,0,1,0,1,0,1,0,0,0,0,0,0.25
13R1200,GSM3529595,Control,23.38,F,0,0.0,B,peripheral whole blood,7.3,3,0.077252227,-0.019371381,0.003396116,0.0127062844647345,0.0,0.0,0.0139670907006982,0.110151054254893,0.0439135009464642,0.0699059533030218,0,0,0.0,0.0592819410569412,0.0,0.24163671476046,0.0,0,0.0,0.0,0.0017055037186938,0.0319423279296253,0,0.0,0.414789628864467,True,True,0,13258489,7.3,True,True,False,0,0,0,0,0,0,0,0,0,0,0,0,0,0,0,0,0,0,0,0,0.0
13R1484,GSM3529596,BP1,44.3,M,1,0.0,A,peripheral whole blood,6.6,5,-0.02466203,0.005049792,0.004899543,0.0270076321825842,0.0,0.0,0.0,0.0922598572910444,0.0548471615477505,0.0381223452877112,0,0,0.0,0.0830309467764179,0.0,0.276824890729371,0.0,0,0.0,0.0,0.0031652576335706,0.0340844028906064,0,0.0,0.390657505660942,True,True,0,7550105,6.6,True,True,False,0,0,0,0,0,0,0,0,0,0,0,0,0,0,0,0,0,0,0,0,0.0
13R1493,GSM3529597,BP1,56.12,M,1,0.0,A,peripheral whole blood,8.4,5,-0.009516814,-0.021949085,0.037194181,0.0074753383524047,0.0,0.0065969481362631,0.0,0.102120761886254,0.113920012753973,0.0256546733277231,0,0,0.0347962039509113,0.052780300092265,0.0,0.28532274810136,0.0,0,0.0,0.0,0.0083202090805203,0.0217504447555428,0,0.0,0.341262359562781,True,True,0,9400258,8.4,True,True,False,0,0,0,0,0,0,0,0,0,0,0,0,0,0,0,0,0,0,0,0,0.0
