"symbol","logFC","AveExpr","P","BH","storey","BY","holm","bonferroni","rank_p","logFC_adj","BH_adj","survives_adjustment","pct_effect_lost","rho_granulocyte","direction_matches_composition","filters_sig","filters_tested","best_rank","median_rank","all_filters","treat_0.1","treat_0.2","lineages","n_lineages","lineages_allsettings","tier"
"TSPAN2",0.7935,6.15,5.65152580672635e-20,6.98980711775915e-16,3.40499382406973e-16,6.98989369497246e-15,6.98980711775915e-16,6.98980711775915e-16,1,0.6303,6.22881077796709e-18,TRUE,20.6,0.4086,TRUE,30,30,1,1,TRUE,TRUE,TRUE,"gran/mono/T",3,3,"1 - strongest"
"PIGB",0.6285,6.278,9.95359868974834e-19,6.15530542974037e-15,2.9984771568701e-15,6.15538167064118e-14,1.23096154996118e-14,1.23106108594807e-14,2,0.49,1.98969026044964e-16,TRUE,22,0.365,TRUE,29,29,2,2,TRUE,TRUE,TRUE,"gran/T/mono",3,3,"1 - strongest"
"ARMC2",0.4027,3.611,8.26168074077099e-15,2.7645351611553e-11,1.34670742576587e-11,2.76456940326618e-10,1.02163944040374e-10,1.02180467401856e-10,3,0.3604,3.10754685986424e-10,TRUE,10.5,0.1242,TRUE,26,26,3,3,TRUE,TRUE,TRUE,"gran/mono/T",3,1,"1 - strongest"
"RFX2",0.6659,4.023,8.94092872301197e-15,2.7645351611553e-11,1.34670742576587e-11,2.76456940326618e-10,1.10554583660043e-10,1.10581406446212e-10,4,0.5223,1.92727645547854e-12,TRUE,21.6,0.4096,TRUE,27,27,3,4,TRUE,TRUE,TRUE,"NK/mono/gran/T",4,4,"1 - strongest"
"LINC00877",0.5827,4.39,1.84318413550193e-14,4.55930027757757e-11,2.22100395986434e-11,4.55935675002466e-10,2.27891286513458e-10,2.27965013878878e-10,5,0.451,8.62741887453989e-12,TRUE,22.6,0.3477,TRUE,26,26,5,6,TRUE,TRUE,TRUE,"T/mono/gran",3,3,"1 - strongest"
"FAR2",0.5082,6.087,4.0233860896576e-14,8.29353985948086e-11,4.04009030942497e-11,8.29364258500066e-10,4.97411222264369e-10,4.97612391568852e-10,6,0.3887,2.76928189154945e-11,TRUE,23.5,0.3042,TRUE,30,30,2,7,TRUE,TRUE,TRUE,"T/mono/gran",3,2,"1 - strongest"
"MYADM",0.7071,6.028,5.1495189022663e-14,9.09846425474708e-11,4.43219878231273e-11,9.09857695022883e-10,6.36583526698159e-10,6.36892497832295e-10,7,0.5485,7.52125532091057e-11,TRUE,22.4,0.3278,TRUE,30,30,3,7.5,TRUE,TRUE,TRUE,"NK/mono/T/gran",4,4,"1 - strongest"
"MIR24-2",0.6613,4.915,7.75960730054294e-14,1.19963528866394e-10,5.84386762069386e-11,1.1996501475976e-09,9.59165058420113e-10,9.59708230931151e-10,8,0.4992,7.52125532091057e-11,TRUE,24.5,0.4375,TRUE,28,28,5,8,TRUE,TRUE,TRUE,"T/mono/gran",3,3,"1 - strongest"
"SLC31A2",0.5282,7.428,6.07436464356385e-13,8.34752687906641e-10,4.06638938537539e-10,8.34763027328073e-09,7.50791469944492e-09,7.51277419115977e-09,9,0.3762,7.52125532091057e-11,TRUE,28.8,0.3884,TRUE,31,31,2,10,TRUE,TRUE,TRUE,"T/mono/gran",3,2,"1 - strongest"
"ADAM17",0.277,6.446,3.33521160522362e-12,4.12498971334058e-09,2.00943520495579e-09,4.12504080632616e-08,4.12198802289587e-08,4.12498971334058e-08,10,0.2148,2.04068805153024e-08,TRUE,22.5,0.134,TRUE,30,30,4,12,TRUE,TRUE,FALSE,"",0,0,"2 - very strong"
"FLVCR1",0.3874,5.183,6.90003841027586e-12,7.75815227802653e-09,3.77928319735118e-09,7.75824837212373e-08,8.52706746741891e-08,8.53396750582918e-08,11,0.3572,8.54518394224238e-08,TRUE,7.8,0.0224,TRUE,28,28,11,13,TRUE,TRUE,FALSE,"mono/T/gran",3,3,"2 - very strong"
"CCDC19",0.7627,2.758,1.04478635998128e-11,1.053874863931e-08,5.13381462831808e-09,1.05388791744555e-07,1.29104250502886e-07,1.29219177002484e-07,12,0.5513,8.35038188344787e-09,TRUE,27.7,0.4286,TRUE,21,21,12,14,TRUE,TRUE,TRUE,"NK/mono/T/gran",4,4,"1 - strongest"
"MAN1A1",0.4547,7.381,1.10772746047081e-11,1.053874863931e-08,5.13381462831808e-09,1.05388791744555e-07,1.36870805015773e-07,1.3700373231103e-07,13,0.3584,6.5621674062922e-08,TRUE,21.2,0.24,TRUE,31,31,1,15,TRUE,TRUE,TRUE,"mono/T",2,2,"1 - strongest"
"FAM126B",0.4962,8.459,1.88387755697638e-11,1.66427125890599e-08,8.10728144951782e-09,1.66429187291798e-07,2.32753072164431e-07,2.32997976246838e-07,14,0.3325,2.3062126997158e-10,TRUE,33,0.5005,TRUE,31,31,3,16,TRUE,TRUE,TRUE,"T/mono",2,2,"1 - strongest"
"ZNF487",0.4111,4.173,2.26911266174713e-11,1.87095902669923e-08,9.11413408649355e-09,1.87098220078916e-07,2.8032617823224e-07,2.80643854004885e-07,15,0.2961,4.28587660545268e-07,TRUE,28,0.3083,TRUE,27,27,14,16,TRUE,TRUE,FALSE,"T/mono",2,1,"2 - very strong"
"KBTBD7",0.433,6.125,3.48581342092961e-11,2.69453377437859e-08,1.31260715867189e-08,2.69456714943765e-07,4.30602531887435e-07,4.31125403900575e-07,16,0.2994,6.5621674062922e-08,TRUE,30.9,0.3473,TRUE,31,31,6,18,TRUE,TRUE,FALSE,"",0,0,"2 - very strong"
"VIM-AS1",0.3101,5.412,3.88157716967275e-11,2.82396155497133e-08,1.37565622228076e-08,2.82399653314995e-07,4.79452411997978e-07,4.80073464345126e-07,17,0.2406,8.05031360502176e-07,TRUE,22.4,0.1612,TRUE,30,30,13,18,TRUE,TRUE,FALSE,"",0,0,"2 - very strong"
"PRRG4",0.6912,5.494,6.52398513140263e-11,4.48270267251043e-08,2.18369043063554e-08,4.48275819620356e-07,8.05777403579538e-07,8.06886481051877e-07,18,0.4602,1.3583972879713e-07,TRUE,33.4,0.4941,TRUE,29,29,12,20,TRUE,TRUE,TRUE,"T/mono/gran",3,3,"1 - strongest"
"TAGLN2",0.463,8.72,7.89331733067104e-11,5.1381341445126e-08,2.50297536606647e-08,5.13819778651707e-07,9.74824690337874e-07,9.76245487457395e-07,19,0.3012,3.13416327923324e-08,TRUE,34.9,0.3901,TRUE,31,31,5,21,TRUE,TRUE,TRUE,"",0,0,"2 - very strong"
"DMXL2",0.3621,8.804,2.08447877375932e-10,1.21112404679503e-07,5.89983361492452e-08,1.21113904803085e-06,2.57412283771539e-06,2.57808334738553e-06,20,0.2927,1.94503987647694e-08,TRUE,19.2,0.1485,TRUE,31,31,4,24,TRUE,TRUE,FALSE,"",0,0,"2 - very strong"
"CNTNAP3",0.9111,6.174,2.11751713237694e-10,1.21112404679503e-07,5.89983361492452e-08,1.21113904803085e-06,2.61471015505905e-06,2.6189451893238e-06,21,0.6357,2.38982591247083e-06,TRUE,30.2,0.5208,TRUE,29,29,17,23,TRUE,TRUE,TRUE,"T/gran/mono",3,3,"1 - strongest"
"ECT2",0.4205,3.887,2.15432802631716e-10,1.21112404679503e-07,5.89983361492452e-08,1.21113904803085e-06,2.6599488140938e-06,2.66447290294907e-06,22,0.3939,1.07540508320071e-06,TRUE,6.3,0.0418,TRUE,24,24,22,24,TRUE,TRUE,FALSE,"T",1,0,"2 - very strong"
"MPP7",0.2682,6.269,2.40786172072116e-10,1.2948014679078e-07,6.30745731226396e-08,1.29481750558966e-06,2.97274608040234e-06,2.97804337618793e-06,23,0.2236,4.28593164695731e-06,TRUE,16.6,0.0767,TRUE,30,30,19,24,TRUE,TRUE,FALSE,"",0,0,"2 - very strong"
"C12orf55",0.645,2.098,2.72333671022553e-10,1.40342618466955e-07,6.83660852271064e-08,1.40344356779989e-06,3.36195916877341e-06,3.36822284320693e-06,24,0.4907,1.21447952766139e-06,TRUE,23.9,0.3777,TRUE,17,17,20,22,TRUE,TRUE,TRUE,"T",1,1,"1 - strongest"
"TIPARP",0.2503,6.47,3.2735477218862e-10,1.61948952897154e-07,7.88913306389136e-08,1.61950958830766e-06,4.04086730789633e-06,4.04872382242885e-06,25,0.1952,4.20610669886216e-06,TRUE,22,0.0769,TRUE,30,30,15,26.5,TRUE,TRUE,FALSE,"",0,0,"2 - very strong"
"FAM63A",0.4601,6.091,4.99481290113138e-10,2.29051184901659e-07,1.11579312110695e-07,2.29054021977556e-06,6.16509756386647e-06,6.1775845961193e-06,26,0.2903,9.92258318554471e-10,TRUE,36.9,0.4016,TRUE,30,30,12,28,TRUE,TRUE,FALSE,"",0,0,"2 - very strong"
"ARHGEF40",0.5206,6.344,5.00030885538875e-10,2.29051184901659e-07,1.11579312110695e-07,2.29054021977556e-06,6.1713811893208e-06,6.18438199234481e-06,27,0.3467,5.12696817519564e-08,TRUE,33.4,0.4066,TRUE,30,30,16,27,TRUE,TRUE,TRUE,"mono/T",2,2,"1 - strongest"
"EFHC1",0.3277,3.763,6.72194169917153e-10,2.96917767626262e-07,1.44639637116068e-07,2.9692144531185e-06,8.29554825094758e-06,8.31369749353534e-06,28,0.3082,2.38982591247083e-06,TRUE,6,-0.0107,FALSE,27,27,21,29,TRUE,TRUE,FALSE,"",0,0,"2 - very strong"
"RBM47",0.4535,7.103,1.38445399673834e-09,5.82734182165509e-07,2.83871394148569e-07,5.82741400033004e-06,1.70841623197511e-05,1.71229270316597e-05,29,0.2826,2.15438124125139e-09,TRUE,37.7,0.4742,TRUE,30,30,14,31.5,TRUE,TRUE,FALSE,"T",1,1,"2 - very strong"
"IDS",0.3498,6.656,1.4203738982575e-09,5.82734182165509e-07,2.83871394148569e-07,5.82741400033004e-06,1.75259935305993e-05,1.75671843736488e-05,30,0.2508,7.8867213340763e-06,TRUE,28.3,0.2481,TRUE,30,30,24,30.5,TRUE,TRUE,FALSE,"",0,0,"2 - very strong"
"CYSLTR2",0.4265,4.156,1.4606047580151e-09,5.82734182165509e-07,2.83871394148569e-07,5.82741400033004e-06,1.80209415043903e-05,1.80647596471308e-05,31,0.4316,8.05031360502176e-07,TRUE,-1.2,-0.1492,FALSE,27,27,29,32,TRUE,TRUE,FALSE,"T/gran",2,2,"2 - very strong"
"KLF6",0.2856,8.77,3.06428697821658e-09,1.1665589271e-06,5.68274041796783e-07,1.16657337634293e-05,3.7804108450258e-05,3.78991013465827e-05,32,0.1795,8.05031360502176e-07,TRUE,37.1,0.26,TRUE,31,31,12,34,TRUE,TRUE,FALSE,"",0,0,"2 - very strong"
"NHSL2",0.4445,6.653,3.11258445943565e-09,1.1665589271e-06,5.68274041796783e-07,1.16657337634293e-05,3.83968418915981e-05,3.84964445943001e-05,33,0.2894,1.19319575134187e-06,TRUE,34.9,0.3148,TRUE,31,31,17,34,TRUE,TRUE,FALSE,"T",1,0,"2 - very strong"
"LRRFIP1",0.2509,8.794,3.23591808055713e-09,1.17711278883325e-06,5.73415218572678e-07,1.17712736879852e-05,3.99150495236722e-05,4.00218348203306e-05,34,0.1672,3.43746395560542e-06,TRUE,33.4,0.1652,TRUE,31,31,9,35,TRUE,TRUE,FALSE,"",0,0,"2 - very strong"
"TATDN3",0.2691,4.394,3.34372473801971e-09,1.18157678742365e-06,5.75589797552452e-07,1.18159142268094e-05,4.12415009187351e-05,4.13551875598277e-05,35,0.2152,4.87686392534845e-05,TRUE,20,0.0694,TRUE,27,27,31,35,TRUE,TRUE,FALSE,"",0,0,"2 - very strong"
"TAGLN2P1",0.4529,4.918,4.70709567855766e-09,1.61714887090003e-06,7.87773085186537e-07,1.61716890124427e-05,5.80526110036516e-05,5.82173593524012e-05,36,0.3024,8.57399035921244e-07,TRUE,33.2,0.3691,TRUE,28,28,28,38,TRUE,TRUE,FALSE,"",0,0,"2 - very strong"
"RAB11FIP1",0.4451,8.945,5.18143565902251e-09,1.73199989812947e-06,8.43721272570808e-07,1.73202135104256e-05,6.38974645470655e-05,6.40839962307904e-05,37,0.2698,3.98313172235015e-07,TRUE,39.4,0.3982,TRUE,31,31,7,38,TRUE,TRUE,FALSE,"",0,0,"2 - very strong"
"CAMK1D",0.3494,6.34,6.78524068884526e-09,2.20841728525364e-06,1.07580181978872e-06,2.20844463917216e-05,8.3668802934151e-05,8.39198568396382e-05,38,0.2566,3.22682540064619e-05,TRUE,26.6,0.1836,TRUE,30,30,29,39.5,TRUE,TRUE,FALSE,"",0,0,"2 - very strong"
"C16orf54",0.3205,7.571,8.92248019833112e-09,2.8295701305887e-06,1.37838836710496e-06,2.82960517823631e-05,0.000110014180845423,0.000110353235092959,39,0.1965,1.50378258250966e-05,TRUE,38.7,0.3205,TRUE,31,31,18,40,TRUE,TRUE,FALSE,"",0,0,"2 - very strong"
"SPAG1",0.4314,3.527,9.7351362375808e-09,3.01010412465998e-06,1.46633315935618e-06,3.01014140843942e-05,0.000120024494673134,0.000120404164986399,40,0.3179,0.000140759376913739,TRUE,26.3,0.2268,TRUE,24,24,35,42,TRUE,TRUE,FALSE,"",0,0,"2 - very strong"
"IL5RA",0.7241,4.198,1.19450661137158e-08,3.60333116327896e-06,1.75531601235031e-06,3.6033757948926e-05,0.000147258775049889,0.000147736577694437,41,0.7456,3.42363858502993e-06,TRUE,-3,-0.1002,FALSE,24,24,41,44,TRUE,TRUE,TRUE,"T/gran/mono",3,3,"1 - strongest"
"DNAJC3",0.3721,7.575,1.37389441607019e-08,4.01127321710986e-06,1.95403968962367e-06,4.01132290157913e-05,0.000169359964668972,0.000169923261379561,42,0.2407,1.66953645975432e-05,TRUE,35.3,0.3272,TRUE,31,31,10,46,TRUE,TRUE,FALSE,"",0,0,"2 - very strong"
"BAZ1A",0.3189,8.122,1.39460501565107e-08,4.01127321710986e-06,1.95403968962367e-06,4.01132290157913e-05,0.000171899014229151,0.000172484748335724,43,0.2113,3.22682540064619e-05,TRUE,33.7,0.2704,TRUE,31,31,8,47,TRUE,TRUE,FALSE,"",0,0,"2 - very strong"
"KATNBL1",0.3318,6.315,1.47319232245149e-08,4.14100969183637e-06,2.01723912957359e-06,4.14106098324876e-05,0.000181570953742146,0.0001822044264408,44,0.2213,0.000236621523522869,TRUE,33.3,0.3097,TRUE,30,30,38,46,TRUE,TRUE,FALSE,"",0,0,"2 - very strong"
"VPS37C",0.4372,2.298,1.56860750040152e-08,4.31123056999244e-06,2.10016002124977e-06,4.31128396979624e-05,0.000193315188349483,0.00019400537564966,45,0.3425,4.26212207571871e-05,TRUE,21.7,0.204,TRUE,20,20,40,42.5,TRUE,TRUE,FALSE,"",0,0,"2 - very strong"
"MED25",0.4123,4.948,1.66504421466418e-08,4.47679714064492e-06,2.18081362742894e-06,4.47685259119089e-05,0.000205183398573067,0.000205932668469666,46,0.299,1.36079489147211e-05,TRUE,27.5,0.29,TRUE,30,30,33,47,TRUE,TRUE,FALSE,"",0,0,"2 - very strong"
"GPR157",0.4152,2.98,1.73753252161326e-08,4.57229834623676e-06,2.22733580032342e-06,4.57235497968065e-05,0.000214098757313186,0.000214898022273128,47,0.3484,4.48116412274678e-05,TRUE,16.1,0.1805,TRUE,23,23,43,46,TRUE,TRUE,FALSE,"gran",1,1,"2 - very strong"
"ARHGAP19",0.2904,5.708,1.94854425502868e-08,5.02074903045724e-06,2.44579273117219e-06,5.02081121850513e-05,0.000240080137662084,0.000240995953461948,48,0.1884,2.63042399039375e-05,TRUE,35.1,0.2623,TRUE,30,30,25,49.5,TRUE,TRUE,FALSE,"",0,0,"2 - very strong"
"CPPED1",0.4584,8.773,2.13326108502081e-08,5.38452512235456e-06,2.62300153327311e-06,5.38459181620922e-05,0.000262817765674563,0.000263841730995373,49,0.2756,1.17382899082995e-05,TRUE,39.9,0.3838,TRUE,31,31,13,50,TRUE,TRUE,FALSE,"",0,0,"2 - very strong"
"USP4",0.2498,7.408,2.45653356390473e-08,6.07648142367473e-06,2.960079065289e-06,6.07655668824491e-05,0.000302620369737423,0.000303824071183737,50,0.1404,8.05031360502176e-07,TRUE,43.8,0.2729,TRUE,31,31,16,51,TRUE,TRUE,FALSE,"",0,0,"2 - very strong"
"TAGAP",0.2633,8.573,2.62014454127496e-08,6.35410738950759e-06,3.09532095152939e-06,6.35418609281107e-05,0.00032274940459425,0.000324059476864887,51,0.1689,0.000212872418024862,TRUE,35.9,0.2111,TRUE,31,31,15,53,TRUE,TRUE,FALSE,"",0,0,"2 - very strong"
"RRP12",0.4601,5.068,2.77368511739913e-08,6.59710337153701e-06,3.21369329058604e-06,6.59718508463956e-05,0.000341634795910051,0.000343049375319925,52,0.3318,5.221783195172e-05,TRUE,27.9,0.2795,TRUE,29,29,40,53,TRUE,TRUE,FALSE,"",0,0,"2 - very strong"
"B4GALT5",0.4688,7.383,2.96292471495242e-08,6.91423639142105e-06,3.368180525487e-06,6.91432203259952e-05,0.00036491380789354,0.000366454528745315,53,0.273,3.65372984817849e-07,TRUE,41.8,0.4874,TRUE,31,31,19,54,TRUE,TRUE,FALSE,"",0,0,"2 - very strong"
"HIPK3",0.2501,8.894,3.09694120042776e-08,7.03697376479279e-06,3.42797044404592e-06,7.03706092622205e-05,0.000381388308832679,0.000383029687668905,54,0.1729,9.24740813810841e-05,TRUE,30.9,0.23,TRUE,31,31,14,55,TRUE,TRUE,FALSE,"",0,0,"2 - very strong"
"DNAJC3-AS1",0.4699,3.515,3.12931401248062e-08,7.03697376479279e-06,3.42797044404592e-06,7.03706092622205e-05,0.000385343727496864,0.000387033557063603,55,0.3198,0.00126530012294405,TRUE,31.9,0.3819,TRUE,24,24,45,52,TRUE,TRUE,FALSE,"",0,0,"2 - very strong"
"SLC31A1",0.3047,4.983,3.44561807117884e-08,7.60989362577498e-06,3.70706091899977e-06,7.6099878835095e-05,0.000424258953104251,0.000426154043043399,56,0.2481,1.6890661964784e-05,TRUE,18.6,0.0994,TRUE,29,29,35,57,TRUE,TRUE,FALSE,"",0,0,"2 - very strong"
"PPP1R15A",0.3768,5.779,4.5560836767967e-08,9.88590226572308e-06,4.81578899003088e-06,9.88602471457678e-05,0.000560945022287209,0.000563496429146215,57,0.2304,4.26212207571871e-05,TRUE,38.9,0.4111,TRUE,29,29,46,58,TRUE,TRUE,FALSE,"",0,0,"2 - very strong"
"CD97",0.4033,8.323,4.83591219113338e-08,1.03121658586099e-05,5.02343776727938e-06,0.000103122935872537,0.00059534914985043,0.000598105619799376,58,0.2591,0.000107259402725713,TRUE,35.8,0.2811,TRUE,31,31,22,59,TRUE,TRUE,FALSE,"",0,0,"2 - very strong"
"RAF1",0.3191,8.421,5.41173693819737e-08,1.1159306095987e-05,5.43611113977647e-06,0.000111594443174869,0.000666184817092097,0.000669323624516251,59,0.16,2.55731409471909e-08,TRUE,49.9,0.4191,TRUE,31,31,21,60,TRUE,TRUE,FALSE,"",0,0,"2 - very strong"
"RPGR",0.3151,5.361,5.41363491073108e-08,1.1159306095987e-05,5.43611113977647e-06,0.000111594443174869,0.000666364321161888,0.00066955836575922,60,0.1864,0.000204827755016984,TRUE,40.8,0.3188,TRUE,29,29,47,62,TRUE,TRUE,FALSE,"",0,0,"2 - very strong"
"CKAP4",0.4487,5.983,6.10369911288219e-08,1.23298809074577e-05,6.00634146752649e-06,0.000123300336279421,0.000751243286813539,0.000754905506281269,61,0.2831,2.92250171486639e-06,TRUE,36.9,0.4007,TRUE,30,30,37,62.5,TRUE,TRUE,FALSE,"",0,0,"2 - very strong"
"RP11-73E17.2",0.3143,2.627,6.22212977257683e-08,1.23298809074577e-05,6.00634146752649e-06,0.000123300336279421,0.00076575751111103,0.000769553010272302,62,0.2092,0.000444261353173508,TRUE,33.4,0.2043,TRUE,21,21,59,68,TRUE,TRUE,FALSE,"",0,0,"2 - very strong"
"TMEM216",0.2581,3.698,6.28058293313254e-08,1.23298809074577e-05,6.00634146752649e-06,0.000123300336279421,0.000772888535751291,0.000776782497169833,63,0.1995,0.000314335433268289,TRUE,22.7,0.1257,TRUE,27,27,48,64,TRUE,TRUE,FALSE,"",0,0,"2 - very strong"
"STX11",0.409,6.745,6.80929608564678e-08,1.31589646855124e-05,6.41021887020049e-06,0.00013159127675202,0.000837883883338836,0.000842173739872794,64,0.2577,6.75608973357222e-06,TRUE,37,0.3727,TRUE,31,31,24,64,TRUE,TRUE,FALSE,"",0,0,"2 - very strong"
"ARHGAP9",0.3145,7.139,7.68990991623871e-08,1.46321239760062e-05,7.12784929998128e-06,0.00014632305212555,0.000946166516094011,0.000951088058440404,65,0.1818,4.48116412274678e-05,TRUE,42.2,0.3456,TRUE,31,31,23,66,TRUE,TRUE,FALSE,"",0,0,"2 - very strong"
"GAS7",0.3585,6.418,9.21439402578493e-08,1.72672159561982e-05,8.41150016004761e-06,0.000172674298315475,0.00113364689699232,0.00113963625310908,66,0.2922,1.83245514333832e-05,TRUE,18.5,0.1615,TRUE,31,31,28,67,TRUE,TRUE,FALSE,"",0,0,"2 - very strong"
"KIAA0556",0.2834,4.699,1.00242784853624e-07,1.85045188517854e-05,9.01423620798147e-06,0.000185047480526272,0.00123318673926928,0.00123980276306962,67,0.2086,0.000212323120243068,TRUE,26.4,0.1571,TRUE,28,28,56,67.5,TRUE,TRUE,FALSE,"",0,0,"2 - very strong"
"ANKRD13A",0.2797,8.526,1.23134184439188e-07,2.23959351932923e-05,1.09098891761513e-05,0.00022396212594031,0.00151467360278645,0.00152292359314387,68,0.1584,7.1615925497916e-06,TRUE,43.4,0.2949,TRUE,31,31,11,71,TRUE,TRUE,FALSE,"",0,0,"2 - very strong"
"DNAJB5",0.6042,2.101,1.27198034846996e-07,2.27997868838789e-05,1.11066202860548e-05,0.000228000692868092,0.00156453582861805,0.00157318529498765,69,0.4745,0.000602176280380657,TRUE,21.5,0.2473,TRUE,16,16,58,66.5,TRUE,TRUE,FALSE,"mono",1,1,"2 - very strong"
"FOS",0.4622,6.462,1.35123143190395e-07,2.38743290711257e-05,1.16300695672204e-05,0.000238746247835604,0.00166187953809866,0.0016712030349788,70,0.2605,0.000149705571290667,TRUE,43.6,0.4557,TRUE,30,30,45,71,TRUE,TRUE,FALSE,"T",1,1,"2 - very strong"
"WDFY2",0.2047,5.728,1.51053524119283e-07,2.63130983986943e-05,1.28180843949263e-05,0.000263134243182361,0.00185765623961895,0.0018682299863073,71,0.1647,0.000626191957889186,TRUE,19.5,0.0452,TRUE,30,30,63,70.5,TRUE,FALSE,FALSE,"",0,0,"4 - robust but small effect"
"C3orf62",0.3243,5.397,1.69823264446827e-07,2.91718629816439e-05,1.42106944606148e-05,0.000291722243104419,0.00208831668290264,0.00210037413467836,72,0.1713,3.90979234946565e-06,TRUE,47.2,0.3889,TRUE,30,30,41,73,TRUE,TRUE,FALSE,"",0,0,"2 - very strong"
"NFKB2",0.2379,5.354,1.92269447069572e-07,3.25751852240611e-05,1.58685787228725e-05,0.000325755887071204,0.00236414512116745,0.00237798852135646,73,0.1723,0.00067284404430346,TRUE,27.6,0.1222,TRUE,30,30,49,74,TRUE,FALSE,FALSE,"",0,0,"4 - robust but small effect"
"TSC22D3",0.3253,8.502,2.27025568371298e-07,3.79439490488677e-05,1.84839023445944e-05,0.000379444190305589,0.00279127936312511,0.00280785222961621,74,0.1976,0.00102776818743748,TRUE,39.3,0.3065,TRUE,31,31,27,75,TRUE,TRUE,FALSE,"",0,0,"2 - very strong"
"RN7SL600P",0.4196,3.499,2.33854366431295e-07,3.85641440536301e-05,1.87860222923065e-05,0.000385646217171864,0.00287500558090634,0.00289231080402226,75,0.2624,0.00035869326406462,TRUE,37.5,0.3611,TRUE,25,25,68,80,TRUE,TRUE,FALSE,"",0,0,"2 - very strong"
"KLHL11",-0.1634,3.941,2.39481473944397e-07,3.8972458812425e-05,1.89849275279661e-05,0.000389729415334533,0.00294394575919847,0.0029619068697443,76,-0.1207,0.00089258633846588,TRUE,26.1,-0.3046,TRUE,27,27,58,79,TRUE,FALSE,FALSE,"",0,0,"4 - robust but small effect"
"RELL1",0.3102,5.515,2.4300370958456e-07,3.90320763654784e-05,1.90139694452226e-05,0.000390325598249422,0.00298700159821341,0.00300546988014184,77,0.2103,0.000756669021351427,TRUE,32.2,0.2775,TRUE,30,30,47,77,TRUE,TRUE,FALSE,"",0,0,"2 - very strong"
"MTMR12",0.1574,5.377,2.64223955041017e-07,4.18964343070166e-05,2.04093042429572e-05,0.000418969532450171,0.00324757663140913,0.00326792187594729,78,0.1372,0.000367582348598362,TRUE,12.8,-0.0573,FALSE,30,30,61,80,TRUE,FALSE,FALSE,"",0,0,"4 - robust but small effect"
"ANKRD28",0.2322,6.298,2.72802585593902e-07,4.27091440332326e-05,2.08052052387796e-05,0.000427096730376258,0.00335274377694905,0.00337402237862538,79,0.2197,0.000267384655743478,TRUE,5.4,-0.053,FALSE,30,30,68,82,TRUE,FALSE,FALSE,"",0,0,"4 - robust but small effect"
"CAMKK2",0.2865,6.66,2.83431338296964e-07,4.34794071455675e-05,2.11804289175196e-05,0.000434799456906008,0.00348308771633139,0.00350547879205685,80,0.1743,6.2526622281878e-05,TRUE,39.2,0.3015,TRUE,31,31,25,80,TRUE,TRUE,FALSE,"",0,0,"2 - very strong"
"IL8",-0.6449,3.623,2.84753555853086e-07,4.34794071455675e-05,2.11804289175196e-05,0.000434799456906008,0.00349905169432272,0.00352183197879097,81,-0.8033,2.12981578754269e-08,TRUE,-24.6,0.0212,FALSE,23,23,72,85,TRUE,TRUE,FALSE,"gran/mono/NK/T",4,4,"2 - very strong"
"RC3H1",0.2005,8.08,3.01622464481915e-07,4.5493495618443e-05,2.21615659783474e-05,0.000454940591103975,0.00370603522108929,0.00373046664071232,82,0.1153,0.000489314359137385,TRUE,42.5,0.2154,TRUE,31,31,20,83,TRUE,FALSE,FALSE,"",0,0,"4 - robust but small effect"
"SLCO3A1",0.2777,6.62,3.41732279630842e-07,5.09222269213766e-05,2.48061019787841e-05,0.000509228576547327,0.00419852278754453,0.00422654483447426,83,0.1713,0.000191812992976799,TRUE,38.3,0.2598,TRUE,30,30,48,82,TRUE,FALSE,FALSE,"",0,0,"4 - robust but small effect"
"MAK",0.5347,4.998,3.47969595802034e-07,5.12343804866614e-05,2.49581635370002e-05,0.000512350150864169,0.00427480648442799,0.00430368796087956,84,0.3157,0.000343247723950699,TRUE,41,0.5059,TRUE,27,27,70,86,TRUE,TRUE,FALSE,"",0,0,"2 - very strong"
"RP11-179B15.2",0.4015,2.389,3.86690767320264e-07,5.62657812966709e-05,2.7409145144343e-05,0.000562664782164094,0.00475010938576212,0.00478259141021702,85,0.2376,0.00342715245548277,TRUE,40.8,0.3636,TRUE,21,21,81,85,TRUE,TRUE,FALSE,"",0,0,"2 - very strong"
"RP3-354N19.3",0.4477,1.525,4.17420512036834e-07,6.00308941031578e-05,2.92432709845885e-05,0.000600316376583712,0.00512717614934844,0.00516265689287157,86,0.3476,0.00145885260538306,TRUE,22.4,0.2202,TRUE,15,15,74,76,TRUE,TRUE,FALSE,"",0,0,"2 - very strong"
"FUZ",0.3187,3.441,4.79296532538053e-07,6.81372357980534e-05,3.31921701375836e-05,0.00068138079760111,0.00588672001263237,0.00592793951443064,87,0.2363,0.00134074590013738,TRUE,25.9,0.1863,TRUE,25,25,78,90,TRUE,TRUE,FALSE,"",0,0,"2 - very strong"
"EFHC2",0.3639,3.123,4.9592115581044e-07,6.96994642620855e-05,3.39531894593185e-05,0.000697003275742317,0.00609040771450801,0.00613355285506352,88,0.281,0.00156163474412423,TRUE,22.8,0.198,TRUE,23,23,80,89,TRUE,TRUE,FALSE,"",0,0,"2 - very strong"
"LINC00963",0.3133,5.962,5.63874630288245e-07,7.83595666000564e-05,3.81718459229115e-05,0.00078360537178042,0.00692438045993965,0.00697400142740502,89,0.1865,0.000803384168378676,TRUE,40.5,0.3511,TRUE,30,30,56,89,TRUE,TRUE,FALSE,"",0,0,"2 - very strong"
"HIVEP1",0.1785,6.572,6.56058605772726e-07,8.80683771985915e-05,4.2901367005558e-05,0.000880694680319363,0.00805574362028331,0.00811413283619708,90,0.1182,0.00531938318071253,TRUE,33.8,0.0778,TRUE,31,31,62,93,TRUE,FALSE,FALSE,"",0,0,"4 - robust but small effect"
"OSGIN2",0.3246,6.454,6.56244138467936e-07,8.80683771985915e-05,4.2901367005558e-05,0.000880694680319363,0.00805736553210932,0.00811642750457143,91,0.183,0.00389986351114824,TRUE,43.6,0.3388,TRUE,30,30,53,93,TRUE,TRUE,FALSE,"",0,0,"2 - very strong"
"MTX1",0.3442,4.8,6.61166747382011e-07,8.80683771985915e-05,4.2901367005558e-05,0.000880694680319363,0.00811714415760895,0.00817731033162071,92,0.1913,0.000489314359137385,TRUE,44.4,0.401,TRUE,29,29,50,93,TRUE,TRUE,FALSE,"",0,0,"2 - very strong"
"FKBP15",0.1775,7.204,6.62221788443484e-07,8.80683771985915e-05,4.2901367005558e-05,0.000880694680319363,0.00812943467493221,0.00819035907946901,93,0.1252,0.000149705571290667,TRUE,29.5,0.0706,TRUE,31,31,38,90,TRUE,FALSE,FALSE,"",0,0,"4 - robust but small effect"
"RN7SL473P",0.4392,2.969,6.77834519982749e-07,8.91857164164536e-05,4.34456643047704e-05,0.000891868210893958,0.00832041873278824,0.00838345734314664,94,0.2742,0.00342715245548277,TRUE,37.6,0.3857,TRUE,22,22,90,97.5,TRUE,TRUE,FALSE,"",0,0,"2 - very strong"
"POLD3",0.191,4.83,7.20879705253702e-07,9.35725482150343e-05,4.55826524833782e-05,0.000935737072241929,0.00884807750228393,0.00891584019457778,95,0.1378,0.000444261353173508,TRUE,27.9,0.0913,TRUE,28,28,59,97,TRUE,FALSE,FALSE,"",0,0,"4 - robust but small effect"
"SLC9A8",0.2983,5.256,7.26306971914885e-07,9.35725482150343e-05,4.55826524833782e-05,0.000935737072241929,0.00891396546631138,0.00898296462864329,96,0.1903,0.00154021355278297,TRUE,36.2,0.2695,TRUE,29,29,78,96,TRUE,TRUE,FALSE,"",0,0,"2 - very strong"
"PBXIP1",0.2677,7.81,7.77297175157381e-07,9.9109396519036e-05,4.82798562777485e-05,0.00099110624108756,0.00953899093353138,0.00961361146234649,97,0.1951,0.005842366135103,TRUE,27.1,0.0863,TRUE,31,31,44,97,TRUE,FALSE,FALSE,"",0,0,"4 - robust but small effect"
"NUDT5",0.1823,6.151,7.95704047034102e-07,0.000100421098507324,4.89188348781442e-05,0.0010042234234406,0.00976408436115547,0.00984126765371778,98,0.1081,0.00481129749269652,TRUE,40.7,0.1581,TRUE,30,30,70,98,TRUE,FALSE,FALSE,"",0,0,"4 - robust but small effect"
"CPSF7",0.2494,4.768,8.48424300602942e-07,0.000105993047978355,5.16331377504918e-05,0.00105994360830423,0.0104101661683981,0.0104933117498572,99,0.1967,0.00232234344965002,TRUE,21.1,0.0938,TRUE,28,28,86,100.5,TRUE,FALSE,FALSE,"",0,0,"4 - robust but small effect"
"F5",0.4036,5.812,8.77776242939765e-07,0.00010856336572679,5.28852346841941e-05,0.00108564710415351,0.010769436724628,0.010856336572679,100,0.2591,0.00145885260538306,TRUE,35.8,0.402,TRUE,30,30,52,101,TRUE,TRUE,FALSE,"",0,0,"2 - very strong"
"UBE2D1",0.3939,7.243,9.05904413796324e-07,0.000110932928612207,5.40395364917635e-05,0.00110934302650669,0.0111136353484533,0.0112042257898329,101,0.2443,0.00884134617472948,TRUE,38,0.3872,TRUE,30,30,63,101,TRUE,TRUE,FALSE,"",0,0,"2 - very strong"
"CELF1",0.1482,7.66,9.41759197970565e-07,0.000114192919220588,5.56275986086505e-05,0.00114194333637976,0.0115525600815049,0.0116476777604999,102,0.1202,0.00157995765217186,TRUE,18.9,-0.0374,FALSE,31,31,77,102,TRUE,FALSE,FALSE,"",0,0,"4 - robust but small effect"
"FAM212B",0.4225,7.319,1.01197521067994e-06,0.000121515625297956,5.9194759840549e-05,0.00121517130415914,0.0124128879342002,0.0125161094056895,103,0.2,0.000486733268613889,TRUE,52.7,0.5167,TRUE,31,31,40,103,TRUE,TRUE,FALSE,"",0,0,"2 - very strong"
"AC116366.5",0.3986,5.682,1.02959946260761e-06,0.000122443136091644,5.96465846865078e-05,0.00122444652697944,0.0126280374088824,0.0127340861535309,104,0.194,0.000299772675393568,TRUE,51.3,0.5612,TRUE,30,30,59,102.5,TRUE,TRUE,FALSE,"T",1,1,"2 - very strong"
"ZBTB34",0.278,7.365,1.06668339960226e-06,0.000125645145583626,6.12064020550173e-05,0.00125646701850686,0.0130818052127221,0.0131927402862807,105,0.1323,0.000343247723950699,TRUE,52.4,0.3857,TRUE,31,31,31,105,TRUE,FALSE,FALSE,"",0,0,"4 - robust but small effect"
"CASP8",0.1978,8.241,1.12280846560309e-06,0.000131008444363953,6.38190634512458e-05,0.00131010067061953,0.0137690002136906,0.013886895102579,106,0.1116,0.00453897544868923,TRUE,43.6,0.1555,TRUE,31,31,43,106,TRUE,FALSE,FALSE,"",0,0,"4 - robust but small effect"
"CYTH1",0.1297,8.596,1.53881181912825e-06,0.000177869388588581,8.66467642714207e-05,0.0017787159171604,0.0188689105261505,0.0190320245789781,107,0.1039,0.00255919341546207,TRUE,19.9,-0.053,FALSE,31,31,76,110,TRUE,FALSE,FALSE,"",0,0,"4 - robust but small effect"
"FGFR1OP",0.1987,4.674,1.63524446245174e-06,0.000187265773255584,9.12240911161687e-05,0.00187268092768629,0.0200497323541207,0.0202247035116031,108,0.1455,0.00724292853135785,TRUE,26.8,0.0944,TRUE,27,27,95,111,TRUE,FALSE,FALSE,"",0,0,"4 - robust but small effect"
"FLCN",0.2135,5.33,1.78719087339089e-06,0.000202788777266959,9.87859210635858e-05,0.00202791289051179,0.0219109601077723,0.0221039767220985,109,0.1605,0.00367620541607243,TRUE,24.8,0.0867,TRUE,30,30,84,110.5,TRUE,FALSE,FALSE,"",0,0,"4 - robust but small effect"
"SPEN",0.1665,7.413,1.80631479278967e-06,0.000203095466883842,9.89353209302491e-05,0.00203097982466785,0.0221436130448086,0.0223405013572227,110,0.1073,0.00955875713408112,TRUE,35.6,0.0589,TRUE,31,31,80,110,TRUE,FALSE,FALSE,"",0,0,"4 - robust but small effect"
"GIMAP1",-0.1617,6.762,1.86827815498804e-06,0.000208169947935965,0.000101407288518444,0.00208172526372491,0.0229013536238434,0.0231068642208921,111,-0.1024,0.00612330607930937,TRUE,36.7,-0.4017,TRUE,30,30,67,112,TRUE,FALSE,FALSE,"",0,0,"4 - robust but small effect"
"ADAMTSL4-AS1",0.4714,3.077,1.94096204433839e-06,0.000214337665753368,0.000104411812208877,0.00214340320584538,0.0237903717774557,0.0240058185643772,112,0.3012,0.00297952580368719,TRUE,36.1,0.3321,TRUE,24,24,100,115.5,TRUE,TRUE,FALSE,"",0,0,"2 - very strong"
"MPZL1",0.4136,6.735,2.10645776750855e-06,0.000229586089666802,0.000111839884025068,0.00229588933368141,0.0258167463985848,0.0260526696685458,113,0.2304,0.0129649924330066,TRUE,44.3,0.3388,TRUE,31,31,50,113,TRUE,TRUE,FALSE,"",0,0,"2 - very strong"
"PLK3",0.2519,3.865,2.1396611831514e-06,0.000229586089666802,0.000111839884025068,0.00229588933368141,0.0262215477995205,0.0264633295132166,114,0.1888,0.00548072831401888,TRUE,25,0.1428,TRUE,25,25,98,116,TRUE,FALSE,FALSE,"",0,0,"4 - robust but small effect"
"CFLAR",0.2444,10.099,2.15028760338684e-06,0.000229586089666802,0.000111839884025068,0.00229588933368141,0.0263496242919023,0.0265947570786884,115,0.1233,0.000165077398262632,TRUE,49.5,0.3666,TRUE,31,31,34,115,TRUE,FALSE,FALSE,"",0,0,"4 - robust but small effect"
"WSB2",0.2124,5.634,2.15329773620222e-06,0.000229586089666802,0.000111839884025068,0.00229588933368141,0.0263843571616858,0.026631986401349,116,0.1737,0.00317044993033189,TRUE,18.2,0.042,TRUE,30,30,91,114.5,TRUE,FALSE,FALSE,"",0,0,"4 - robust but small effect"
"MBOAT1",0.193,5.877,2.27704843563583e-06,0.000240705427794393,0.000117256525287743,0.0024070840922218,0.0278983974334102,0.028162535051944,117,0.1142,0.00267901587896933,TRUE,40.8,0.1794,TRUE,30,30,62,117,TRUE,FALSE,FALSE,"",0,0,"4 - robust but small effect"
"CDK6",-0.2016,6.553,2.37713228707925e-06,0.000249155695988103,0.000121372963771175,0.0024915878208268,0.0291222476490079,0.0294003721265962,118,-0.1437,0.00277698194262031,TRUE,28.7,-0.2983,TRUE,30,30,69,118.5,TRUE,FALSE,FALSE,"",0,0,"4 - robust but small effect"
"BCL2",-0.2327,6.882,2.51903761079239e-06,0.000261810564456137,0.000127537618711165,0.00261813807296562,0.0308582107322068,0.0311554571702803,119,-0.1661,0.00404693953715511,TRUE,28.6,-0.3049,TRUE,31,31,42,118,TRUE,FALSE,FALSE,"",0,0,"4 - robust but small effect"
"MKL1",0.2222,5.036,2.6328107884301e-06,0.000271355031927529,0.000132187082172261,0.00271358392987725,0.0322492993474803,0.0325626038313035,120,0.1808,0.00267901587896933,TRUE,18.6,0.0359,TRUE,30,30,93,118,TRUE,FALSE,FALSE,"",0,0,"4 - robust but small effect"
"C18orf25",0.1367,6.629,2.93394698698746e-06,0.000299893027562486,0.000146088996381234,0.00299896742100267,0.0359349826966224,0.0362870563350609,121,0.0854,0.0165046504365505,TRUE,37.5,0.0638,TRUE,30,30,102,122,TRUE,FALSE,FALSE,"",0,0,"4 - robust but small effect"
"MSL1",0.2906,8.263,3.17855749698487e-06,0.000322232779694335,0.000156971516708144,0.00322236770936959,0.0389277936655738,0.0393123991227089,122,0.121,3.86003200341401e-05,TRUE,58.4,0.456,TRUE,31,31,35,122,TRUE,FALSE,FALSE,"",0,0,"4 - robust but small effect"
"TUBA1A",0.3428,7.727,3.77670571224167e-06,0.000379758506089471,0.000184994427755703,0.00379763209857777,0.0462495381521115,0.046710296249005,123,0.1749,0.00577678301008648,TRUE,49,0.3947,TRUE,31,31,37,125,TRUE,FALSE,FALSE,"",0,0,"4 - robust but small effect"
"MPZL3",0.3465,7.685,3.93394835037306e-06,0.000389484818707508,0.00018973247472001,0.00389489642947957,0.0481711975503181,0.048655073197414,124,0.1575,0.00658849144012014,TRUE,54.5,0.4841,TRUE,31,31,41,125,TRUE,FALSE,FALSE,"",0,0,"4 - robust but small effect"
"NACC2",0.2676,5.902,3.93641674793326e-06,0.000389484818707508,0.00018973247472001,0.00389489642947957,0.0481974866616948,0.0486856023384386,125,0.1652,0.00612330607930937,TRUE,38.3,0.1923,TRUE,30,30,75,125.5,TRUE,FALSE,FALSE,"",0,0,"4 - robust but small effect"
"RILPL1",0.4138,1.888,4.41733028276955e-06,0.000433599531248364,0.000211222384415884,0.00433604901902871,0.0540813746519476,0.0546335409372938,126,0.3018,0.00953465050422872,TRUE,27.1,0.2976,TRUE,18,18,126,139.5,TRUE,TRUE,FALSE,"",0,0,"3 - strong"
"NSG1",-0.5729,2.111,4.72814161128455e-06,0.000457287138293833,0.000222761494771575,0.00457292802347998,0.0578819096053455,0.0584776554483674,127,-0.526,0.00239968789547758,TRUE,8.2,-0.2197,TRUE,18,18,114,127.5,TRUE,TRUE,FALSE,"T/gran",2,1,"3 - strong"
"PLAGL1",0.3012,3.874,4.74348805438414e-06,0.000457287138293833,0.000222761494771575,0.00457292802347998,0.0580650372737162,0.058667460256623,128,0.2361,0.00577678301008648,TRUE,21.6,0.1222,TRUE,26,26,123,130.5,TRUE,FALSE,FALSE,"",0,0,"4 - robust but small effect"
"KIF3C",0.3661,2.896,4.76956992560677e-06,0.000457287138293833,0.000222761494771575,0.00457292802347998,0.0583795358894268,0.0589900408399045,129,0.2267,0.00589541830520374,TRUE,38.1,0.3196,TRUE,23,23,123,135,TRUE,TRUE,FALSE,"",0,0,"3 - strong"
"JMJD1C",0.2371,9.156,5.13637146447379e-06,0.000488666479020091,0.000238047533366949,0.00488672531745335,0.0628640503536948,0.0635266422726119,130,0.1266,0.00975828820925623,TRUE,46.6,0.272,TRUE,31,31,26,132,TRUE,FALSE,FALSE,"",0,0,"4 - robust but small effect"
"AC093495.4",0.394,3.152,5.27114211910997e-06,0.000497660196405742,0.000242428706071381,0.0049766636052905,0.0645082372536679,0.0651934857291522,131,0.2004,0.0123721733507456,TRUE,49.1,0.4581,TRUE,23,23,121,138,TRUE,TRUE,FALSE,"",0,0,"3 - strong"
"CREB1",0.1714,7.913,5.56442086233202e-06,0.00052136937291911,0.000253978323713431,0.00521375830709239,0.068091818092357,0.0688207572253225,132,0.0957,0.0335866875583261,TRUE,44.2,0.1377,TRUE,31,31,39,136,TRUE,FALSE,FALSE,"",0,0,"4 - robust but small effect"
"ZNF66",0.3177,4.682,5.63853441633476e-06,0.000524341305723521,0.000255426062209513,0.00524347800324632,0.0689931071182722,0.0697373936612283,133,0.2537,0.0106116902839705,TRUE,20.1,0.0862,TRUE,26,26,125,135.5,TRUE,FALSE,FALSE,"",0,0,"4 - robust but small effect"
"PIK3R6",0.4175,2.728,6.00677288688679e-06,0.000554416172126983,0.000270076643067936,0.00554423039241681,0.0734928662710598,0.0742917670650158,134,0.4261,0.000558139447508603,TRUE,-2.1,-0.089,FALSE,23,23,128,135,TRUE,TRUE,FALSE,"",0,0,"3 - strong"
"PPTC7",0.1769,6.844,6.66570345583621e-06,0.000610677187716905,0.000297483466660085,0.00610684751692313,0.0815482160787002,0.0824414203417822,135,0.0925,0.0241212103996289,TRUE,47.7,0.1847,TRUE,30,30,82,138.5,TRUE,FALSE,FALSE,"",0,0,"4 - robust but small effect"
"KRAS",0.1433,6.715,6.73496423537354e-06,0.000612485571052206,0.000298364397132774,0.00612493157426627,0.0823888174913245,0.0832980376631,136,0.0967,0.0257554338296811,TRUE,32.5,0.0694,TRUE,30,30,107,141.5,TRUE,FALSE,FALSE,"",0,0,"4 - robust but small effect"
"DYRK1B",0.2439,3.078,6.8672484573186e-06,0.00061995714540231,0.000302004077611731,0.00619964824321215,0.0840001831299212,0.0849341289201165,137,0.1959,0.00581087319157271,TRUE,19.7,0.0421,TRUE,26,26,116,142.5,TRUE,FALSE,FALSE,"",0,0,"4 - robust but small effect"
"ENSA",0.131,5.301,7.00903641177164e-06,0.000628172190875302,0.000306005930399474,0.00628179971547478,0.0857275243523789,0.0866877623407916,138,0.1282,0.00107523064224497,TRUE,2.1,-0.1117,FALSE,29,29,121,140,TRUE,FALSE,FALSE,"",0,0,"4 - robust but small effect"
"LETM2",0.3654,3.145,7.10064256414195e-06,0.00063180393693027,0.000307775088357544,0.00631811762586013,0.086840858559456,0.0878207472333076,139,0.2024,0.0274287536042443,TRUE,44.6,0.3638,TRUE,24,24,119,145.5,TRUE,FALSE,FALSE,"",0,0,"4 - robust but small effect"
"CASZ1",0.2918,1.994,7.30609717227222e-06,0.000645441498761877,0.000314418449616256,0.00645449493335314,0.0893462623197169,0.0903618098266628,140,0.2781,0.00142569457129677,TRUE,4.7,0.0418,TRUE,19,19,127,136,TRUE,FALSE,FALSE,"",0,0,"4 - robust but small effect"
"TREM1",0.4144,7.645,7.50799596936103e-06,0.000658573717369201,0.000320815639481576,0.00658581874601045,0.0918077747133467,0.0928588941490573,141,0.1859,0.0131328989850185,TRUE,55.1,0.5341,TRUE,31,31,49,141,TRUE,TRUE,FALSE,"",0,0,"3 - strong"
"DYNC1LI1",0.2198,6.484,7.80675848684397e-06,0.000679957668769621,0.000331232553886502,0.00679966090867561,0.0954532360186412,0.0965539889652862,142,0.1306,0.03421648250209,TRUE,40.6,0.1696,TRUE,30,30,88,145,TRUE,FALSE,FALSE,"",0,0,"4 - robust but small effect"
"EPHB1",0.4428,6.349,7.90489931596976e-06,0.000683690872307091,0.000333051135540462,0.00683699340645271,0.0966452990370463,0.097767794739914,143,0.2044,0.0220898946448462,TRUE,53.8,0.4466,TRUE,30,30,99,143.5,TRUE,TRUE,FALSE,"",0,0,"3 - strong"
"RTN2",0.4309,1.948,8.62814246510662e-06,0.000741061569503046,0.000360998526125601,0.00741070748446684,0.105479041635928,0.106712866008439,144,0.2811,0.0129137309010465,TRUE,34.8,0.3813,TRUE,19,19,139,154,TRUE,TRUE,FALSE,"",0,0,"3 - strong"
"KLHL15",-0.1385,4.742,9.20261286210606e-06,0.000784951143989846,0.000382378762740272,0.00784960866558936,0.112492739626384,0.113817915878528,145,-0.1342,0.00220781175202331,TRUE,3.1,-0.1599,TRUE,28,28,63,160,TRUE,FALSE,FALSE,"",0,0,"4 - robust but small effect"
"CDK2AP1",0.2683,3.132,9.49316641584453e-06,0.000804188234460035,0.000391749861704884,0.00804198195303752,0.116034973100868,0.117411482231165,146,0.2427,0.00239574873922972,TRUE,9.5,-0.0336,FALSE,24,24,108,152.5,TRUE,FALSE,FALSE,"",0,0,"4 - robust but small effect"
"CTA-217C2.2",0.366,2.114,9.6156295081632e-06,0.000809021127598384,0.000394104142876199,0.00809031148303327,0.117522223848771,0.118926105756963,147,0.3009,0.0105861602748733,TRUE,17.8,0.0875,TRUE,19,19,136,142,TRUE,FALSE,FALSE,"",0,0,"4 - robust but small effect"
"SUPV3L1",-0.1438,4.253,9.9042965989786e-06,0.000827677975244374,0.000403192584079362,0.00827688227036935,0.121040408736118,0.122496340336167,148,-0.1017,0.0165046504365505,TRUE,29.3,-0.319,TRUE,27,27,111,155,TRUE,FALSE,FALSE,"",0,0,"4 - robust but small effect"
"PTGER2",-0.1843,5.561,1.06618610074179e-05,0.000885006019729831,0.000431119196950127,0.00885016981599544,0.130287941510647,0.131865896939745,149,-0.1152,0.0335866875583261,TRUE,37.5,-0.3397,TRUE,30,30,94,151.5,TRUE,FALSE,FALSE,"",0,0,"4 - robust but small effect"
"ZCCHC6",0.2271,8.671,1.12023241637824e-05,0.000923668968384403,0.000449953350621501,0.00923680409141487,0.136881198957257,0.13855034525766,150,0.1067,0.0144995287430132,TRUE,53,0.3099,TRUE,31,31,33,151,TRUE,FALSE,FALSE,"",0,0,"4 - robust but small effect"
"DHRS9",0.4356,5.438,1.13553674643092e-05,0.000923836574251708,0.000450034997644579,0.00923848017084793,0.13873987967893,0.140443184798577,151,0.2544,0.03421648250209,TRUE,41.6,0.3228,TRUE,29,29,106,155,TRUE,TRUE,FALSE,"",0,0,"3 - strong"
"CD58",0.2173,5.744,1.13647652655435e-05,0.000923836574251708,0.000450034997644579,0.00923848017084793,0.138843337249145,0.140559416804242,152,0.129,0.0378718619583077,TRUE,40.6,0.2286,TRUE,30,30,122,151.5,TRUE,FALSE,FALSE,"",0,0,"4 - robust but small effect"
"MCL1",0.2366,11.24,1.14488912726223e-05,0.000923836574251708,0.000450034997644579,0.00923848017084793,0.139859655786354,0.141599887259792,153,0.1074,0.00448725316972428,TRUE,54.6,0.3427,TRUE,31,31,36,154,TRUE,FALSE,FALSE,"",0,0,"4 - robust but small effect"
"ASB13",-0.1822,3.489,1.15031397505468e-05,0.000923836574251708,0.000450034997644579,0.00923848017084793,0.140510852052929,0.142270832434763,154,-0.1741,0.000620510679009617,TRUE,4.4,-0.2897,TRUE,25,25,97,160,TRUE,FALSE,FALSE,"gran",1,0,"4 - robust but small effect"
"FAM214B",0.2875,5.946,1.20263009817391e-05,0.000959621229304189,0.000467467027942037,0.00959633115373499,0.146889240190962,0.148741290542149,155,0.1991,0.0154618959091693,TRUE,30.7,0.2161,TRUE,31,31,58,155,TRUE,FALSE,FALSE,"",0,0,"4 - robust but small effect"
"GIT2",0.1637,7.508,1.29403483711662e-05,0.00102581223310979,0.000499711116422592,0.0102582493903472,0.158040474657053,0.160046228654583,156,0.0837,0.0157794410122548,TRUE,48.9,0.1672,TRUE,31,31,52,157,TRUE,FALSE,FALSE,"",0,0,"4 - robust but small effect"
"AC009961.3",0.2531,2.369,1.30217109151226e-05,0.00102581223310979,0.000499711116422592,0.0102582493903472,0.159021133695478,0.161052520598237,157,0.1681,0.0377624764224973,TRUE,33.6,0.1954,TRUE,21,21,148,159,TRUE,FALSE,FALSE,"",0,0,"4 - robust but small effect"
"C7orf43",0.2527,5.145,1.32365863151127e-05,0.00103613987053996,0.000504742090965169,0.0103615270438517,0.161631955493841,0.163710099545314,158,0.1405,0.0321817194731968,TRUE,44.4,0.2858,TRUE,29,29,123,161,TRUE,FALSE,FALSE,"",0,0,"4 - robust but small effect"
"MARS",0.1426,6.316,1.36723257351053e-05,0.00106351776535712,0.000518078877116481,0.0106353093831067,0.166939097225636,0.169099324691783,159,0.0992,0.013719463068749,TRUE,30.4,0.014,TRUE,30,30,94,160,TRUE,FALSE,FALSE,"",0,0,"4 - robust but small effect"
"ZNF853",-0.2693,1.798,1.37845386253173e-05,0.00106554483573703,0.000519066338144838,0.0106555803379829,0.168295432076499,0.170487173717924,160,-0.2194,0.0118506876107359,TRUE,18.5,-0.2664,TRUE,18,18,146,191.5,TRUE,FALSE,FALSE,"",0,0,"4 - robust but small effect"
"SSH3",0.2879,3.482,1.51032560970987e-05,0.00115933657458436,0.000564755766500098,0.0115935093436972,0.184380550433381,0.186797071408917,161,0.1938,0.010167502760785,TRUE,32.7,0.177,TRUE,26,26,111,176,TRUE,FALSE,FALSE,"",0,0,"4 - robust but small effect"
"NUP50",0.1824,7.569,1.51853594018974e-05,0.00115933657458436,0.000564755766500098,0.0115935093436972,0.185367682218961,0.187812525082667,162,0.0948,0.0371608138456658,TRUE,48,0.1927,TRUE,31,31,45,166,TRUE,FALSE,FALSE,"",0,0,"4 - robust but small effect"
"RP11-215G15.5",0.3011,1.973,1.5583363853741e-05,0.00118242358369981,0.000576002303368704,0.0118243822944569,0.190210539198762,0.192735044143068,163,0.2387,0.0136840618988774,TRUE,20.7,0.1315,TRUE,19,19,163,171,TRUE,FALSE,FALSE,"",0,0,"4 - robust but small effect"
"ITGA5",0.2528,7.335,1.64657581651335e-05,0.00124175912796568,0.000604906843704273,0.0124177450865403,0.200964578405455,0.203648496986372,164,0.1279,0.0335866875583261,TRUE,49.4,0.224,TRUE,31,31,57,167,TRUE,FALSE,FALSE,"",0,0,"4 - robust but small effect"
"MICU1",0.1531,4.892,1.67992433654956e-05,0.00124744464496024,0.000607676469521835,0.0124746009607059,0.205017966032509,0.20777304194445,165,0.0902,0.0283768408366578,TRUE,41.1,0.1174,TRUE,29,29,121,171,TRUE,FALSE,FALSE,"",0,0,"4 - robust but small effect"
"PLEKHO1",0.1642,7.085,1.68447120229929e-05,0.00124744464496024,0.000607676469521835,0.0124746009607059,0.205556020816582,0.208335398300376,166,0.1065,0.0115611466829472,TRUE,35.1,0.05,TRUE,31,31,125,166,TRUE,FALSE,FALSE,"",0,0,"4 - robust but small effect"
"TMCC1",0.2629,6.495,1.69241317038582e-05,0.00124744464496024,0.000607676469521835,0.0124746009607059,0.206508255050477,0.209317660913318,167,0.1188,0.0346470086263626,TRUE,54.8,0.3357,TRUE,30,30,104,168.5,TRUE,FALSE,FALSE,"",0,0,"4 - robust but small effect"
"RHOB",0.2863,6.842,1.69445909082568e-05,0.00124744464496024,0.000607676469521835,0.0124746009607059,0.206740953671642,0.209570700353321,168,0.1469,0.0733821985998833,FALSE,48.7,0.2729,TRUE,31,31,117,168,TRUE,FALSE,FALSE,"",0,0,"4 - robust but small effect"
"RARA",0.3272,5.8,1.72408848244002e-05,0.00126174712135019,0.000614643735278416,0.01261762749614,0.210338794857682,0.213235263508182,169,0.1618,0.00953465050422872,TRUE,50.6,0.3809,TRUE,30,30,105,173,TRUE,FALSE,FALSE,"",0,0,"4 - robust but small effect"
"PLCB2",0.2313,6.89,1.74323235093168e-05,0.00126512480198306,0.000616289128563359,0.0126514047208353,0.212656914490155,0.21560297716323,170,0.1656,0.0121241242799631,TRUE,28.4,0.0844,TRUE,31,31,90,170,TRUE,FALSE,FALSE,"",0,0,"4 - robust but small effect"
"KCMF1",0.1131,6.36,1.75458780458211e-05,0.00126512480198306,0.000616289128563359,0.0126514047208353,0.214024620402926,0.217007419670715,171,0.0584,0.0595273519347083,FALSE,48.4,0.0875,TRUE,30,30,144,178,TRUE,FALSE,FALSE,"",0,0,"4 - robust but small effect"
"RP11-61F12.1",0.4187,2,1.75939089538394e-05,0.00126512480198306,0.000616289128563359,0.0126514047208353,0.21459290750998,0.217601465941086,172,0.2416,0.038228232997832,TRUE,42.3,0.4127,TRUE,19,19,155,163,TRUE,FALSE,FALSE,"",0,0,"4 - robust but small effect"
"FRAT1",0.3064,6.879,1.79129949299116e-05,0.00127939299709237,0.000623239694638978,0.0127940884392169,0.218466886165202,0.221547921293147,173,0.1289,0.0335866875583261,TRUE,57.9,0.462,TRUE,31,31,72,174,TRUE,FALSE,FALSE,"",0,0,"4 - robust but small effect"
"SORD",0.2908,2.771,1.79992223070886e-05,0.00127939299709237,0.000623239694638978,0.0127940884392169,0.219500516034945,0.222614381494072,174,0.2833,0.00287279430938397,TRUE,2.6,-0.0828,FALSE,22,22,159,181.5,TRUE,FALSE,FALSE,"",0,0,"4 - robust but small effect"
"TBL2",-0.135,4.207,1.82263388385874e-05,0.00128651568771274,0.000626709420936792,0.012865316227652,0.222251975797735,0.225423358755649,175,-0.118,0.00887488105641253,TRUE,12.6,-0.2632,TRUE,28,28,100,181,TRUE,FALSE,FALSE,"",0,0,"4 - robust but small effect"
"TPPP3",0.4328,2.015,1.83074677423547e-05,0.00128651568771274,0.000626709420936792,0.012865316227652,0.223222954182531,0.226426761037443,176,0.4586,0.000558139447508603,TRUE,-6,-0.0811,FALSE,18,18,159,171.5,TRUE,FALSE,FALSE,"",0,0,"4 - robust but small effect"
"RP11-802E16.3",0.257,3.57,1.84588378595169e-05,0.00128982433133618,0.00062832118373855,0.012898403073702,0.225050151183229,0.228298906646504,177,0.1586,0.0204840341862013,TRUE,38.3,0.1951,TRUE,25,25,144,188,TRUE,FALSE,FALSE,"",0,0,"4 - robust but small effect"
"PRKD2",0.2365,5.279,1.89775196482775e-05,0.00131861776971852,0.000642347533566785,0.0131863410239408,0.231354942032151,0.234713963009896,178,0.1648,0.0167753298970962,TRUE,30.3,0.1372,TRUE,30,30,126,178.5,TRUE,FALSE,FALSE,"",0,0,"4 - robust but small effect"
"MTCH1",0.1267,6.428,1.91739061065897e-05,0.00132482050685085,0.000645369116462006,0.0132483691635481,0.233729915439329,0.237142870726302,179,0.0833,0.0364018072639769,TRUE,34.3,-0.0323,FALSE,31,31,143,179,TRUE,FALSE,FALSE,"",0,0,"4 - robust but small effect"
"SEC24D",0.1625,5.329,1.95174206064181e-05,0.00134106365588988,0.000653281755713643,0.0134108026658489,0.23789783977163,0.241391458060179,180,0.1148,0.00658849144012014,TRUE,29.4,0.088,TRUE,30,30,89,183,TRUE,FALSE,FALSE,"",0,0,"4 - robust but small effect"
"UBE2R2",0.2189,6.109,1.99405164107607e-05,0.001362565231869,0.000663755969405554,0.0136258210888702,0.243035014014351,0.246624306968288,181,0.0998,0.0314838949890221,TRUE,54.4,0.3383,TRUE,30,30,107,180,TRUE,FALSE,FALSE,"",0,0,"4 - robust but small effect"
"RP11-54A4.2",0.461,3.109,2.02735486425709e-05,0.00137771016269954,0.000671133625909545,0.0137772722730585,0.247073737307012,0.250743249611317,182,0.3117,0.0146086879189648,TRUE,32.4,0.2922,TRUE,22,22,175,186.5,TRUE,TRUE,FALSE,"",0,0,"3 - strong"
"CEP97",0.1805,5.421,2.04207269675419e-05,0.00138012869472436,0.000672311782397854,0.0138014578928711,0.248846978826465,0.252563551134558,183,0.1305,0.0358763836313715,TRUE,27.7,0.0567,TRUE,29,29,140,197,TRUE,FALSE,FALSE,"",0,0,"4 - robust but small effect"
"CLC",0.6038,5.728,2.08437529435294e-05,0.00140106269785637,0.000682509510343228,0.0140108005171206,0.253981129616906,0.257795536405572,184,0.6486,0.000964663187660726,TRUE,-7.4,-0.1651,FALSE,29,29,148,186,TRUE,TRUE,FALSE,"T",1,1,"3 - strong"
"DHX34",0.2986,6.221,2.1021940796769e-05,0.00140540196634832,0.000684623328674285,0.014054193739511,0.256131326667834,0.259999363774439,185,0.1322,0.0314838949890221,TRUE,55.7,0.4003,TRUE,30,30,121,186,TRUE,FALSE,FALSE,"",0,0,"4 - robust but small effect"
"ARHGAP26",0.2675,8.39,2.17350844899178e-05,0.00144526626328658,0.000704042703571023,0.0144528416465688,0.264798534340669,0.268819524971304,186,0.1286,0.0199471063075086,TRUE,51.9,0.3397,TRUE,31,31,51,186,TRUE,FALSE,FALSE,"",0,0,"4 - robust but small effect"
"HMGCR",0.227,6.687,2.23993901579317e-05,0.00147973286012052,0.000720832658913008,0.014797511884013,0.272869370903924,0.2770356574733,187,0.1297,0.0362207716887925,TRUE,42.9,0.2172,TRUE,31,31,48,192,TRUE,FALSE,FALSE,"",0,0,"4 - robust but small effect"
"BEX4",-0.202,3.894,2.25786253982737e-05,0.00147973286012052,0.000720832658913008,0.014797511884013,0.275030235976371,0.279252438925849,188,-0.1537,0.0179206364778279,TRUE,23.9,-0.3256,TRUE,26,26,160,192.5,TRUE,FALSE,FALSE,"",0,0,"4 - robust but small effect"
"IDO1",0.554,2.953,2.27129278632875e-05,0.00147973286012052,0.000720832658913008,0.014797511884013,0.276643461374842,0.28091349181314,189,0.5925,0.000915751150819124,TRUE,-6.9,-0.1835,FALSE,19,19,172,200,TRUE,TRUE,FALSE,"T",1,1,"3 - strong"
"NEK11",0.2868,2.355,2.27319892806354e-05,0.00147973286012052,0.000720832658913008,0.014797511884013,0.276852897448858,0.281149243422899,190,0.2616,0.00712673848232941,TRUE,8.8,0.0685,TRUE,19,19,169,193,TRUE,FALSE,FALSE,"",0,0,"4 - robust but small effect"
"FNIP1",0.2355,7.533,2.29027058690856e-05,0.0014830401371144,0.000722443755978912,0.0148305850635981,0.278909152073724,0.28326066618885,191,0.1062,0.0655404811686527,FALSE,54.9,0.3321,TRUE,31,31,47,191,TRUE,FALSE,FALSE,"",0,0,"4 - robust but small effect"
"TMEM237",-0.277,1.696,2.30733128924175e-05,0.00148630590548656,0.00072403463265844,0.0148632431518246,0.280963731090967,0.285370733853419,192,-0.2345,0.0080015661509652,TRUE,15.3,-0.2139,TRUE,16,16,126,156.5,TRUE,FALSE,FALSE,"",0,0,"4 - robust but small effect"
"SNORD12",0.2941,2.71,2.33477949278124e-05,0.00149619444387142,0.000728851705799695,0.0149621297604882,0.284282751041043,0.288765527667183,193,0.18,0.0335866875583261,TRUE,38.8,0.2853,TRUE,22,22,147,217,TRUE,FALSE,FALSE,"",0,0,"4 - robust but small effect"
"RRAGC",0.1642,5.195,2.48005312794703e-05,0.00158109778796128,0.000770211268001969,0.0158111737176926,0.301946468327551,0.306732970864488,194,0.0915,0.0469223653203711,TRUE,44.3,0.152,TRUE,29,29,113,201,TRUE,FALSE,FALSE,"",0,0,"4 - robust but small effect"
"ROPN1L",0.4491,3.745,2.50830362479524e-05,0.00159090765289577,0.000774990016392898,0.0159092735821079,0.305360883282572,0.310226992314675,195,0.172,0.0416600062810766,TRUE,61.7,0.5849,TRUE,26,26,135,204,TRUE,FALSE,FALSE,"",0,0,"4 - robust but small effect"
"MAPK1",0.1904,9.244,2.5471663904047e-05,0.00160310894936869,0.000780933719621904,0.0160312880581153,0.310066564703964,0.315033539165253,196,0.0889,0.0114233670606772,TRUE,53.3,0.2426,TRUE,31,31,32,196,TRUE,FALSE,FALSE,"",0,0,"4 - robust but small effect"
"DAPK2",0.3512,5.796,2.55346428707659e-05,0.00160310894936869,0.000780933719621904,0.0160312880581153,0.310807673022963,0.315812463025633,197,0.151,0.0335866875583261,TRUE,57,0.4294,TRUE,30,30,124,197.5,TRUE,FALSE,FALSE,"",0,0,"4 - robust but small effect"
"IPMK",0.2935,6.958,2.61218878874744e-05,0.00162753858659744,0.000792834300351348,0.0162755874563087,0.317929497478451,0.323075509392283,198,0.1469,0.079464908654331,FALSE,49.9,0.3569,TRUE,31,31,59,199,TRUE,FALSE,FALSE,"",0,0,"4 - robust but small effect"
"TMEM252",0.4929,2.446,2.61921942697145e-05,0.00162753858659744,0.000792834300351348,0.0162755874563087,0.318759004262425,0.323945058727829,199,0.2763,0.0461625556969482,TRUE,43.9,0.4708,TRUE,19,19,185,237,TRUE,TRUE,FALSE,"",0,0,"3 - strong"
"LRP10",0.3018,6.308,2.63185411804243e-05,0.00162753858659744,0.000792834300351348,0.0162755874563087,0.320270327624583,0.325507717319488,200,0.1649,0.0326469909508683,TRUE,45.4,0.3691,TRUE,31,31,64,200,TRUE,FALSE,FALSE,"",0,0,"4 - robust but small effect"
"LDLRAD4",-0.1279,5.627,2.70532228668927e-05,0.00166464806177974,0.000810911699581604,0.016646686804589,0.32918361584435,0.334594260417728,201,-0.1017,0.0272955725197191,TRUE,20.5,-0.2088,TRUE,30,30,97,205,TRUE,FALSE,FALSE,"",0,0,"4 - robust but small effect"
"IKBIP",0.3207,5.924,2.80207282471262e-05,0.00170218413630763,0.000829196911146677,0.0170220521991646,0.340928200582784,0.346560366960457,202,0.1482,0.108559379853529,FALSE,53.8,0.3286,TRUE,29,29,157,203,TRUE,FALSE,FALSE,"",0,0,"4 - robust but small effect"
"TSTD2",-0.1165,4.411,2.80223370404925e-05,0.00170218413630763,0.000829196911146677,0.0170220521991646,0.340928200582784,0.346580264516811,203,-0.0789,0.0362207716887925,TRUE,32.3,-0.3096,TRUE,27,27,136,205,TRUE,FALSE,FALSE,"",0,0,"4 - robust but small effect"
"HEBP2",0.1907,7.315,2.80761290270664e-05,0.00170218413630763,0.000829196911146677,0.0170220521991646,0.341546109614262,0.347245563806757,204,0.1019,0.0766886519357788,FALSE,46.6,0.2516,TRUE,31,31,137,198,TRUE,FALSE,FALSE,"",0,0,"4 - robust but small effect"
"HSH2D",0.2794,6.129,2.85632731886418e-05,0.00172327103803474,0.000839469121658345,0.0172329238283034,0.347443655066639,0.353270562797122,205,0.1316,0.0519015140119563,FALSE,52.9,0.3097,TRUE,30,30,138,204,TRUE,FALSE,FALSE,"",0,0,"4 - robust but small effect"
"IRF1",0.234,9.56,2.90847058168362e-05,0.00174621185214869,0.000850644441529284,0.0174623348109402,0.353757276850178,0.35971964154263,206,0.1169,0.0347009989437169,TRUE,50,0.2429,TRUE,31,31,55,205,TRUE,FALSE,FALSE,"",0,0,"4 - robust but small effect"
"AK2",-0.0845,6.076,3.02349957654457e-05,0.00180337812497828,0.00087849224943736,0.0180340046199703,0.367718018499351,0.373946427627033,207,-0.0611,0.0311381132088322,TRUE,27.7,-0.275,TRUE,30,30,98,216,TRUE,FALSE,FALSE,"",0,0,"4 - robust but small effect"
"C2orf44",-0.1542,3.847,3.03284807564265e-05,0.00180337812497828,0.00087849224943736,0.0180340046199703,0.368824654478903,0.375102649995483,208,-0.0997,0.0377624764224973,TRUE,35.3,-0.3481,TRUE,27,27,164,214,TRUE,FALSE,FALSE,"",0,0,"4 - robust but small effect"
"BTN2A1",0.2024,5.649,3.05532681004484e-05,0.00180805176969543,0.000880768954807006,0.0180807416460292,0.371527740101453,0.377882819866346,209,0.1272,0.0435372851400395,TRUE,37.2,0.157,TRUE,30,30,167,211,TRUE,FALSE,FALSE,"",0,0,"4 - robust but small effect"
"RP11-290F5.1",0.3613,3.119,3.12286866360457e-05,0.00183922093483149,0.000895952609091262,0.0183924371580678,0.37970960080768,0.386236396314614,210,0.2112,0.0358763836313715,TRUE,41.5,0.3157,TRUE,22,22,201,217.5,TRUE,FALSE,FALSE,"",0,0,"4 - robust but small effect"
"RP11-274B18.2",0.4273,3.297,3.15458038423333e-05,0.00184909242617051,0.000900761377985375,0.0184911532941616,0.383533883115089,0.390158501921979,211,0.2479,0.116110867188106,FALSE,42,0.3606,TRUE,23,23,190,208,TRUE,FALSE,FALSE,"",0,0,"4 - robust but small effect"
"NR1D2",-0.1591,5.866,3.22796215959809e-05,0.00188318094292025,0.000917367156521041,0.0188320426839339,0.39242335974234,0.399234359899092,212,-0.0998,0.0205299638380215,TRUE,37.3,-0.3508,TRUE,30,30,119,212.5,TRUE,FALSE,FALSE,"",0,0,"4 - robust but small effect"
"TMEM55A",0.2639,6.393,3.51296002800028e-05,0.00203982580405199,0.000993674667692658,0.0203985106976115,0.427035421003714,0.434482896263074,213,0.1004,0.0562421260208132,FALSE,62,0.4607,TRUE,30,30,119,214,TRUE,FALSE,FALSE,"",0,0,"4 - robust but small effect"
"ABCA7",0.297,6.682,3.57422739451576e-05,0.00206570301006406,0.00100628041276843,0.0206572859629371,0.434447339803391,0.44206044415371,214,0.1852,0.0733821985998833,FALSE,37.6,0.2271,TRUE,31,31,156,214,TRUE,FALSE,FALSE,"",0,0,"4 - robust but small effect"
"SEC61A2",0.2188,3.482,3.65333497046827e-05,0.00210160218208147,0.00102376822851915,0.0210162821296577,0.444026332310714,0.451844469147516,215,0.1547,0.0334912330359665,TRUE,29.3,0.107,TRUE,24,24,168,233,TRUE,FALSE,FALSE,"",0,0,"4 - robust but small effect"
"ELL",0.2909,5.271,3.70336550309015e-05,0.00212051965473236,0.00103298362981108,0.0212054591993244,0.450070009590546,0.45803224542219,216,0.1384,0.0417083031115226,TRUE,52.4,0.3181,TRUE,29,29,134,219,TRUE,FALSE,FALSE,"",0,0,"4 - robust but small effect"
"ARAP3",0.3894,3.865,3.89885701339054e-05,0.0022221688268025,0.00108250070478747,0.0222219635105049,0.473789104267219,0.482210635416142,217,0.2295,0.049488736228123,TRUE,41.1,0.2794,TRUE,26,26,193,230,TRUE,FALSE,FALSE,"",0,0,"4 - robust but small effect"
"ARHGEF11",0.248,5.249,3.98943296901134e-05,0.00226336270462074,0.00110256776775467,0.0226339073910472,0.484756000064567,0.493413069607322,218,0.1405,0.0306892235271946,TRUE,43.3,0.2225,TRUE,30,30,120,222,TRUE,FALSE,FALSE,"",0,0,"4 - robust but small effect"
"SERTAD2",0.1822,5.093,4.0495327677324e-05,0.00227663186771037,0.00110903166834728,0.0227666006654898,0.492018231279487,0.500846212713144,219,0.1433,0.0335866875583261,TRUE,21.4,0.0454,TRUE,29,29,185,228,TRUE,FALSE,FALSE,"",0,0,"4 - robust but small effect"
"DSC2",0.4041,5.978,4.04963624592725e-05,0.00227663186771037,0.00110903166834728,0.0227666006654898,0.492018231279487,0.500859010896282,220,0.2765,0.0486561566189381,TRUE,31.6,0.355,TRUE,30,30,136,227.5,TRUE,FALSE,FALSE,"",0,0,"4 - robust but small effect"
"SGK1",0.263,7.281,4.15073833388876e-05,0.00232291093726408,0.00113157591647306,0.0232293970932493,0.504231692800807,0.513363317135362,221,0.1276,0.0998471666249579,FALSE,51.5,0.2746,TRUE,31,31,70,224,TRUE,FALSE,FALSE,"",0,0,"4 - robust but small effect"
"RHOQ",0.1639,6.338,4.20096830813208e-05,0.00232952350885652,0.00113479714490671,0.0232955236282206,0.510291620388804,0.519575760349776,222,0.1086,0.0578396522883614,FALSE,33.7,0.0789,TRUE,30,30,167,227,TRUE,FALSE,FALSE,"",0,0,"4 - robust but small effect"
"TRUB1",-0.1643,4.467,4.20464171847748e-05,0.00232952350885652,0.00113479714490671,0.0232955236282206,0.510695783126275,0.520030087741295,223,-0.102,0.0419262214665587,TRUE,37.9,-0.3323,TRUE,26,26,161,234.5,TRUE,FALSE,FALSE,"",0,0,"4 - robust but small effect"
"ZNF592",0.2003,5.83,4.21905939508296e-05,0.00232952350885652,0.00113479714490671,0.0232955236282206,0.512404763532825,0.52181326598386,224,0.127,0.048651051994485,TRUE,36.6,0.1309,TRUE,30,30,164,225,TRUE,FALSE,FALSE,"",0,0,"4 - robust but small effect"
"P2RY14",0.3748,4.521,4.24601955947111e-05,0.00233398977384616,0.00113697282793347,0.023340186831318,0.515636615302172,0.525147699115387,225,0.3515,0.00953465050422872,TRUE,6.2,-0.01,FALSE,26,26,210,232,TRUE,FALSE,FALSE,"",0,0,"4 - robust but small effect"
"CCDC115",-0.1316,4.873,4.2870925621393e-05,0.00233771404900232,0.00113878706024234,0.023377430044176,0.520581649820576,0.530227608085389,226,-0.1093,0.0221767299870313,TRUE,16.9,-0.2843,TRUE,30,30,102,234.5,TRUE,FALSE,FALSE,"",0,0,"4 - robust but small effect"
"ABHD3",0.1893,6.766,4.29059742176202e-05,0.00233771404900232,0.00113878706024234,0.023377430044176,0.520964338950344,0.530661089123526,227,0.0958,0.105223290076317,FALSE,49.4,0.2195,TRUE,31,31,122,227,TRUE,FALSE,FALSE,"",0,0,"4 - robust but small effect"
"CARS",0.1306,5.803,4.3623104063187e-05,0.00236636206602411,0.00115274256994206,0.0236639137627973,0.529628106431154,0.539530551053497,228,0.0713,0.041229999575887,TRUE,45.4,0.0832,TRUE,30,30,130,226.5,TRUE,FALSE,FALSE,"",0,0,"4 - robust but small effect"
"FAM107B",0.1218,7.91,4.40247119895463e-05,0.00237771894273672,0.00115827492504366,0.0237774839366099,0.534460003553092,0.544497637886709,229,0.099,0.0287699691793709,TRUE,18.7,-0.059,FALSE,30,31,161,235,FALSE,FALSE,FALSE,"",0,0,"5 - filter-dependent"
"FER",-0.1479,4.781,4.4220819025336e-05,0.00237792647697981,0.00115837602265681,0.0237795593047464,0.536796522148554,0.546923089705356,230,-0.0956,0.0668038080762089,FALSE,35.4,-0.2609,TRUE,28,28,146,229.5,TRUE,FALSE,FALSE,"",0,0,"4 - robust but small effect"
"KRI1",-0.1557,4.338,4.65109044167644e-05,0.00247539276237033,0.00120585545867251,0.0247542342310296,0.564549357810686,0.575246865826542,231,-0.1221,0.0326469909508683,TRUE,21.6,-0.2833,TRUE,28,28,151,243,TRUE,FALSE,FALSE,"",0,0,"4 - robust but small effect"
"UBN1",0.3209,7.101,4.67928117710891e-05,0.00247539276237033,0.00120585545867251,0.0247542342310296,0.567924356465708,0.57873349598483,232,0.1328,0.0701227240206934,FALSE,58.6,0.365,TRUE,31,31,74,232,TRUE,FALSE,FALSE,"",0,0,"4 - robust but small effect"
"RNF169",0.1567,7.833,4.68328128025332e-05,0.00247539276237033,0.00120585545867251,0.0247542342310296,0.568363016171543,0.579228228741731,233,0.0623,0.0931528468779592,FALSE,60.2,0.1843,TRUE,31,31,73,233,TRUE,FALSE,FALSE,"",0,0,"4 - robust but small effect"
"RP5-1041C10.3",0.2723,2.391,4.68339186929703e-05,0.00247539276237033,0.00120585545867251,0.0247542342310296,0.568363016171543,0.579241906394656,234,0.1896,0.0535755287148974,FALSE,30.4,0.1638,TRUE,21,21,220,254,TRUE,FALSE,FALSE,"",0,0,"4 - robust but small effect"
"RNF111",0.1297,6.083,4.84917742924305e-05,0.00255211176361183,0.00124322812447218,0.0255214337460206,0.588399189264352,0.59974626444878,235,0.0812,0.0842992288704832,FALSE,37.4,0.0963,TRUE,30,30,169,236,TRUE,FALSE,FALSE,"",0,0,"4 - robust but small effect"
"ARID3A",0.2899,5.626,4.87262159682415e-05,0.00255358406396276,0.0012439453364807,0.0255361569318921,0.591195178342674,0.602645839095211,236,0.1378,0.0262807902555426,TRUE,52.5,0.3306,TRUE,30,30,133,239.5,TRUE,FALSE,FALSE,"",0,0,"4 - robust but small effect"
"CLN3",0.1922,2.96,4.93979383589782e-05,0.00257786371993182,0.00125577285578594,0.0257789564989117,0.599295788171123,0.610953701623842,237,0.1406,0.054375183904304,FALSE,26.8,0.0379,TRUE,23,23,159,274,TRUE,FALSE,FALSE,"",0,0,"4 - robust but small effect"
"SEMA4B",0.2616,4.882,4.96960613040568e-05,0.0025825247319688,0.00125804340730938,0.0258255671966042,0.602862919679513,0.614640886208574,238,0.161,0.0426209945356934,TRUE,38.5,0.2706,TRUE,29,29,199,242,TRUE,FALSE,FALSE,"",0,0,"4 - robust but small effect"
"MEF2C",-0.1894,6.614,4.99102057960665e-05,0.0025828009426182,0.00125817795974259,0.0258283293373103,0.605410796306286,0.61728942528575,239,-0.1882,0.00106604111540383,TRUE,0.6,-0.1773,TRUE,31,31,30,244,TRUE,FALSE,FALSE,"gran",1,0,"4 - robust but small effect"
"RNU7-45P",0.3164,2.003,5.0512729703826e-05,0.00260308933740383,0.0012680611879607,0.0260312157981296,0.612668898577706,0.62474144097692,240,0.2135,0.0701227240206934,FALSE,32.5,0.2625,TRUE,19,19,229,249,TRUE,FALSE,FALSE,"",0,0,"4 - robust but small effect"
"NFKBIA",0.212,7.383,5.2338684419176e-05,0.00268599522363638,0.00130844771449068,0.0268602849293516,0.634763564635766,0.647324848896368,241,0.1068,0.0946019845035622,FALSE,49.6,0.2174,TRUE,31,31,92,243,TRUE,FALSE,FALSE,"",0,0,"4 - robust but small effect"
"PPIH",-0.1501,3.445,5.27073922088286e-05,0.00269373978032559,0.00131222037477338,0.0269377314555007,0.639182545316464,0.651885026838792,242,-0.0919,0.0813075293054301,FALSE,38.8,-0.333,TRUE,24,24,169,237,TRUE,FALSE,FALSE,"",0,0,"4 - robust but small effect"
"CREBBP",0.219,6.784,5.4649804644486e-05,0.00278151762898355,0.00135498021457084,0.0278155208144283,0.662683531119037,0.675908783843003,243,0.1477,0.0508699879118199,FALSE,32.6,0.1689,TRUE,31,31,132,243,TRUE,FALSE,FALSE,"",0,0,"4 - robust but small effect"
"XKR8",0.2768,4.385,5.72976726188336e-05,0.00290433448749891,0.00141480885328591,0.0290437046119349,0.694734280503358,0.708657614949734,244,0.1371,0.0680462153617931,FALSE,50.5,0.3446,TRUE,26,26,192,252,TRUE,FALSE,FALSE,"",0,0,"4 - robust but small effect"
"ERMN",-0.2005,3.573,5.90824099073856e-05,0.00298257651320223,0.00145292344068641,0.0298261345601891,0.716315137717143,0.730731245734546,245,-0.195,0.00760497037032663,TRUE,2.7,-0.1544,TRUE,25,25,224,268,TRUE,FALSE,FALSE,"gran",1,1,"4 - robust but small effect"
"PPIP5K1",-0.2392,2.123,5.93996412728955e-05,0.00298640147667956,0.00145478672200422,0.0298643846687304,0.720101851151313,0.734654763263172,246,-0.1938,0.0326469909508683,TRUE,19,-0.2863,TRUE,19,19,236,275,TRUE,FALSE,FALSE,"",0,0,"4 - robust but small effect"
"DUSP1",0.33,8.379,6.00299762272713e-05,0.00300587346550159,0.00146427224865243,0.0300591069687919,0.727683371826983,0.742450745978892,247,0.1267,0.0998471666249579,FALSE,61.6,0.4399,TRUE,31,31,79,248,TRUE,FALSE,FALSE,"",0,0,"4 - robust but small effect"
"BAIAP3",0.4498,3.048,6.14918309092343e-05,0.00305094297635633,0.0014862272759556,0.0305098076597433,0.745342482450829,0.76053096468541,248,0.3624,0.0233978023729169,TRUE,19.4,0.1857,TRUE,22,22,214,269.5,TRUE,FALSE,FALSE,"",0,0,"4 - robust but small effect"
"OAZ2",0.232,7.105,6.16644226205926e-05,0.00305094297635633,0.0014862272759556,0.0305098076597433,0.747372802161582,0.762665578971489,249,0.0993,0.0588839007874091,FALSE,57.2,0.3389,TRUE,31,31,98,249,TRUE,FALSE,FALSE,"",0,0,"4 - robust but small effect"
"CTC-479C5.12",0.2367,3.146,6.16700957381212e-05,0.00305094297635633,0.0014862272759556,0.0305098076597433,0.747379890250291,0.762735744089083,250,0.1624,0.0528537196912767,FALSE,31.4,0.108,TRUE,24,24,181,266,TRUE,FALSE,FALSE,"",0,0,"4 - robust but small effect"
"TRAPPC6A",-0.1848,3.453,6.24861642297122e-05,0.00307899951869753,0.00149989465644079,0.0307903765582973,0.757207338135652,0.77282887919308,251,-0.1453,0.0356884801478091,TRUE,21.4,-0.3464,TRUE,26,26,158,257,TRUE,FALSE,FALSE,"",0,0,"4 - robust but small effect"
"DNAJB6",0.1687,6.566,6.36526897424658e-05,0.00312403359815404,0.00152183242379813,0.0312407229308776,0.771279641609458,0.787256466734817,252,0.0962,0.106387577018695,FALSE,43,0.1071,TRUE,30,30,190,251,TRUE,FALSE,FALSE,"",0,0,"4 - robust but small effect"
"TMEM69",-0.114,4.243,6.41333690959502e-05,0.00313127754006562,0.00152536121608886,0.0313131632472433,0.777039899966532,0.793201508978712,253,-0.0978,0.0233978023729169,TRUE,14.2,-0.2478,TRUE,26,26,137,264,TRUE,FALSE,FALSE,"",0,0,"4 - robust but small effect"
"SNORD12C",0.3186,1.619,6.43066377083335e-05,0.00313127754006562,0.00152536121608886,0.0313131632472433,0.77907491583646,0.795344495176669,254,0.1981,0.0877002388126299,FALSE,37.8,0.2688,TRUE,17,17,254,288,TRUE,FALSE,FALSE,"",0,0,"4 - robust but small effect"
"KATNBL1P6",0.3173,2.647,6.49442792936892e-05,0.00314992488746803,0.00153444502937166,0.0314996390309669,0.786734999363751,0.803230846304348,255,0.1849,0.113757704864192,FALSE,41.7,0.3006,TRUE,20,20,235,247,TRUE,FALSE,FALSE,"",0,0,"4 - robust but small effect"
"RP11-177C12.1",0.2721,2.225,6.88602457261161e-05,0.00332539786171369,0.00161992441149647,0.0332543905078732,0.834104156480444,0.851663519140604,256,0.1627,0.107792211379579,FALSE,40.2,0.2185,TRUE,18,18,229,242.5,TRUE,FALSE,FALSE,"",0,0,"4 - robust but small effect"
"PDCL",-0.1136,4.727,6.91195641111565e-05,0.00332539786171369,0.00161992441149647,0.0332543905078732,0.837176160514327,0.854870768926783,257,-0.096,0.0277819830002385,TRUE,15.5,-0.2084,TRUE,27,27,126,284,TRUE,FALSE,FALSE,"",0,0,"4 - robust but small effect"
"THBS3",0.1883,4.014,6.93687458216472e-05,0.00332539786171369,0.00161992441149647,0.0332543905078732,0.84012488064597,0.857952648322133,258,0.1327,0.0596808469597946,FALSE,29.5,0.0905,TRUE,27,27,188,263,TRUE,FALSE,FALSE,"",0,0,"4 - robust but small effect"
"CEACAM3",0.3593,5.074,7.18344946907305e-05,0.0034303051364284,0.00167102862889268,0.0343034762490547,0.869915730704746,0.888449030334955,259,0.1512,0.0578396522883614,FALSE,57.9,0.4758,TRUE,30,30,167,264.5,TRUE,FALSE,FALSE,"",0,0,"4 - robust but small effect"
"C5AR1",0.3535,5.824,7.39853695434681e-05,0.00351942711736005,0.00171444324528318,0.0351947070972063,0.895888839801855,0.915051050513613,260,0.1445,0.0632258909685245,FALSE,59.1,0.4532,TRUE,30,30,151,263.5,TRUE,FALSE,FALSE,"",0,0,"4 - robust but small effect"
"CCDC153",0.3931,1.619,7.5962879987154e-05,0.00359965095663265,0.00175352324744409,0.0359969554266248,0.91975855088446,0.93950889968112,261,0.2106,0.106387577018695,FALSE,46.4,0.3394,TRUE,18,18,253,279.5,TRUE,FALSE,FALSE,"",0,0,"4 - robust but small effect"
"TCP11L2",0.1781,8.298,7.85580839035639e-05,0.00370842130427205,0.00180650931068082,0.0370846723755417,0.951102721820448,0.971606381719278,262,0.097,0.12536075134099,FALSE,45.5,0.2103,TRUE,31,31,123,266,TRUE,FALSE,FALSE,"",0,0,"4 - robust but small effect"
"ALOX15",0.7712,2.337,8.12300520766843e-05,0.00381177700197289,0.001856857697471,0.038118242154403,0.98337101044034,1,263,0.7922,0.00636759435709029,TRUE,-2.7,-0.0694,FALSE,17,17,263,275,TRUE,TRUE,FALSE,"T/gran",2,2,"3 - strong"
"GALNS",0.2585,4.087,8.13639334185674e-05,0.00381177700197289,0.001856857697471,0.038118242154403,0.984910414031758,1,264,0.1774,0.0594494419932402,FALSE,31.4,0.1233,TRUE,28,28,198,276.5,TRUE,FALSE,FALSE,"",0,0,"4 - robust but small effect"
"CYP4F12",0.3668,1.998,8.2378847519777e-05,0.00384476070235699,0.0018729252790524,0.0384480832436741,0.997113570379381,1,265,0.2766,0.0458162584292597,TRUE,24.6,0.121,TRUE,19,19,252,274,TRUE,FALSE,FALSE,"",0,0,"4 - robust but small effect"
"DPY19L4",-0.1876,4.355,8.30295668621464e-05,0.003860562717861,0.00188062302582746,0.038606105355985,1,1,266,-0.1246,0.0418150986506275,TRUE,33.6,-0.3224,TRUE,28,28,175,270,TRUE,FALSE,FALSE,"",0,0,"4 - robust but small effect"
"WIPF2",0.199,4.926,8.38965863005535e-05,0.00388626584031927,0.00189314396835925,0.0388631397642102,1,1,267,0.1196,0.062961120306694,FALSE,39.9,0.1381,TRUE,29,29,208,275,TRUE,FALSE,FALSE,"",0,0,"4 - robust but small effect"
"SIGLEC10",0.3398,6.48,8.51257720187863e-05,0.00392849085197145,0.00191371333479164,0.0392853951108103,1,1,268,0.2269,0.040281084204877,TRUE,33.2,0.1696,TRUE,31,31,87,274,TRUE,FALSE,FALSE,"",0,0,"4 - robust but small effect"
"KLF7",0.207,6.293,8.55723008217496e-05,0.00393441716194572,0.00191660025978427,0.0393446589445981,1,1,269,0.0942,0.0926848842592157,FALSE,54.5,0.255,TRUE,31,31,95,270,TRUE,FALSE,FALSE,"",0,0,"4 - robust but small effect"
"PPBP",0.4469,7.251,8.8707558503468e-05,0.00406346327248479,0.00197946339777979,0.04063513603391,1,1,270,0.4518,0.00822172118356825,TRUE,-1.1,-0.0342,FALSE,31,31,182,271,TRUE,FALSE,FALSE,"",0,0,"4 - robust but small effect"
"RTN4",0.1226,6.552,8.96311350083045e-05,0.00407857706538658,0.00198682588584589,0.0407862758349539,1,1,271,0.0914,0.0529632378944263,FALSE,25.4,0.0581,TRUE,31,31,191,289,TRUE,FALSE,FALSE,"",0,0,"4 - robust but small effect"
"HMG20A",-0.1126,5.335,8.98077323260245e-05,0.00407857706538658,0.00198682588584589,0.0407862758349539,1,1,272,-0.0699,0.0850799426324822,FALSE,37.9,-0.2959,TRUE,29,29,243,310,TRUE,FALSE,FALSE,"",0,0,"4 - robust but small effect"
"STRN4",0.2262,4.432,9.00268061813175e-05,0.00407857706538658,0.00198682588584589,0.0407862758349539,1,1,273,0.1524,0.062093041966038,FALSE,32.6,0.1396,TRUE,27,27,238,282,TRUE,FALSE,FALSE,"",0,0,"4 - robust but small effect"
"PLEKHO2",0.2554,6.08,9.05679374296138e-05,0.00408223014132944,0.00198860543438203,0.0408228070468602,1,1,274,0.1219,0.0632258909685245,FALSE,52.3,0.3234,TRUE,30,30,154,278,TRUE,FALSE,FALSE,"",0,0,"4 - robust but small effect"
"RAC1",0.165,6.201,9.07675686340231e-05,0.00408223014132944,0.00198860543438203,0.0408228070468602,1,1,275,0.0723,0.107792211379579,FALSE,56.2,0.1951,TRUE,31,31,126,275,TRUE,FALSE,FALSE,"",0,0,"4 - robust but small effect"
"XPOT",-0.1332,5.176,9.17103130401673e-05,0.00410968533217677,0.0020019798742913,0.0410973623559909,1,1,276,-0.083,0.0570494259970782,FALSE,37.7,-0.3023,TRUE,29,29,121,289,TRUE,FALSE,FALSE,"",0,0,"4 - robust but small effect"
"SLC25A12",-0.129,4.617,9.41036457437831e-05,0.00418948821470695,0.00204085481283829,0.0418954010658447,1,1,277,-0.0723,0.0864063558817967,FALSE,44,-0.3376,TRUE,28,28,191,288.5,TRUE,FALSE,FALSE,"",0,0,"4 - robust but small effect"
"PSENEN",0.209,3.806,9.41686387199654e-05,0.00418948821470695,0.00204085481283829,0.0418954010658447,1,1,278,0.1172,0.0817668195620471,FALSE,43.9,0.2189,TRUE,28,28,154,292.5,TRUE,FALSE,FALSE,"",0,0,"4 - robust but small effect"
"TXLNG",-0.1388,4.623,9.6091977299833e-05,0.00425973324460335,0.00207507376751604,0.042597860065505,1,1,279,-0.0965,0.040826601229165,TRUE,30.5,-0.2351,TRUE,28,28,169,300.5,TRUE,FALSE,FALSE,"",0,0,"4 - robust but small effect"
"LEPROTL1",-0.1096,7.128,9.74849038690866e-05,0.00430604746804594,0.00209763514040256,0.0430610080365075,1,1,280,-0.0984,0.00491371073776988,TRUE,10.2,-0.1914,TRUE,30,30,118,299.5,TRUE,FALSE,FALSE,"",0,0,"4 - robust but small effect"
"RGS14",0.2012,6.549,0.000100103387569738,0.00439858633366085,0.00214271424782236,0.0439864081547141,1,1,281,0.0918,0.106387577018695,FALSE,54.4,0.2372,TRUE,31,31,141,283,TRUE,FALSE,FALSE,"",0,0,"4 - robust but small effect"
"KDM6B",0.3437,5.266,0.000100291182575385,0.00439858633366085,0.00214271424782236,0.0439864081547141,1,1,282,0.1905,0.0817668195620471,FALSE,44.6,0.3219,TRUE,30,30,194,289,TRUE,FALSE,FALSE,"",0,0,"4 - robust but small effect"
"IFNGR2",0.2358,7.88,0.000101386934322929,0.0044309314618586,0.00215847075725054,0.0443098634430269,1,1,283,0.0831,0.113817384209104,FALSE,64.8,0.4295,TRUE,31,31,113,283,TRUE,FALSE,FALSE,"",0,0,"4 - robust but small effect"
"SIRPB1",0.3006,5.383,0.000102655773235127,0.00445873696097534,0.00217201584528696,0.0445879218782416,1,1,284,0.1548,0.0674200585214794,FALSE,48.5,0.3229,TRUE,30,30,178,290.5,TRUE,FALSE,FALSE,"",0,0,"4 - robust but small effect"
"C14orf159",0.223,7.354,0.00010274418126439,0.00445873696097534,0.00217201584528696,0.0445879218782416,1,1,285,0.1063,0.136516533788469,FALSE,52.3,0.2467,TRUE,31,31,140,285,TRUE,FALSE,FALSE,"",0,0,"4 - robust but small effect"
"IQSEC1",0.2155,7.257,0.000103766601379834,0.004487361279251,0.00218595981045006,0.0448741686064661,1,1,286,0.1249,0.0857317258241549,FALSE,42,0.1983,TRUE,31,31,178,286,TRUE,FALSE,FALSE,"",0,0,"4 - robust but small effect"
"EP300",0.1787,6.895,0.000104541264508434,0.00449340692436865,0.00218890486800906,0.0449346258064689,1,1,287,0.1358,0.0420258820941402,TRUE,24,0.0945,TRUE,31,31,207,288,TRUE,FALSE,FALSE,"",0,0,"4 - robust but small effect"
"KREMEN1",0.5474,4.898,0.000104633020231094,0.00449340692436865,0.00218890486800906,0.0449346258064689,1,1,288,0.2571,0.114777268921744,FALSE,53,0.5745,TRUE,28,28,246,298,TRUE,FALSE,FALSE,"",0,0,"4 - robust but small effect"
"SLC29A1",0.4622,1.865,0.000106959160171292,0.004577407934251,0.00222982486981259,0.0457746463098332,1,1,289,0.4906,0.00418961671527439,TRUE,-6.1,-0.0841,FALSE,17,17,204,227,TRUE,FALSE,FALSE,"",0,0,"4 - robust but small effect"
"STX3",0.2847,7.53,0.00010872987216581,0.00463235137196157,0.00225658985244027,0.046324087492348,1,1,290,0.0904,0.0553926806501071,FALSE,68.2,0.4952,TRUE,31,31,104,290,TRUE,FALSE,FALSE,"",0,0,"4 - robust but small effect"
"N4BP1",0.2136,6.939,0.000108992096478074,0.00463235137196157,0.00225658985244027,0.046324087492348,1,1,291,0.0749,0.117102916655579,FALSE,64.9,0.3276,TRUE,31,31,102,291,TRUE,FALSE,FALSE,"",0,0,"4 - robust but small effect"
"RAB31",0.237,8.051,0.000110207056912957,0.00466794821883376,0.00227393039442006,0.0466800603701698,1,1,292,0.1017,0.0813075293054301,FALSE,57.1,0.3682,TRUE,31,31,77,292,TRUE,FALSE,FALSE,"",0,0,"4 - robust but small effect"
"ZBTB7B",0.2057,6.7,0.000111247780230972,0.00469594725562,0.00228756976182047,0.0469600542060516,1,1,293,0.1023,0.102178459444675,FALSE,50.3,0.2311,TRUE,31,31,196,293,TRUE,FALSE,FALSE,"",0,0,"4 - robust but small effect"
"TBC1D15",-0.1511,6.011,0.000111875900020152,0.00470639840628994,0.00229266090423485,0.0470645670072523,1,1,294,-0.1488,0.00594026861682689,TRUE,1.5,-0.1135,TRUE,29,29,103,298,TRUE,FALSE,FALSE,"gran",1,1,"4 - robust but small effect"
"COMMD7",-0.1348,3.262,0.000112408009746911,0.0047094464220583,0.00229414570555942,0.0470950475424696,1,1,295,-0.0884,0.100037087715454,FALSE,34.4,-0.3452,TRUE,25,25,234,303,TRUE,FALSE,FALSE,"",0,0,"4 - robust but small effect"
"PIK3CB",0.1422,5.865,0.000112709907901783,0.0047094464220583,0.00229414570555942,0.0470950475424696,1,1,296,0.0999,0.0723820650689189,FALSE,29.7,0.0556,TRUE,30,30,197,302,TRUE,FALSE,FALSE,"",0,0,"4 - robust but small effect"
"CRK",0.1566,6.544,0.000114225313236099,0.00474986047338548,0.00231383288617203,0.0474991930615103,1,1,297,0.0652,0.168324664540193,FALSE,58.4,0.2292,TRUE,30,30,189,304.5,TRUE,FALSE,FALSE,"",0,0,"4 - robust but small effect"
"RASGRP4",0.3209,4.677,0.000114445215157574,0.00474986047338548,0.00231383288617203,0.0474991930615103,1,1,298,0.163,0.062961120306694,FALSE,49.2,0.3388,TRUE,30,30,181,305,TRUE,FALSE,FALSE,"",0,0,"4 - robust but small effect"
"ERLIN2",-0.0925,4.998,0.00011725706725342,0.00483671349577789,0.00235614220885657,0.0483677340432314,1,1,299,-0.0849,0.0164592391864043,TRUE,8.2,-0.1806,TRUE,29,29,106,331,TRUE,FALSE,FALSE,"",0,0,"4 - robust but small effect"
"EPHB4",0.4186,3.639,0.000117320023345195,0.00483671349577789,0.00235614220885657,0.0483677340432314,1,1,300,0.1907,0.182922673711743,FALSE,54.4,0.4461,TRUE,25,25,231,309,TRUE,FALSE,FALSE,"",0,0,"4 - robust but small effect"
"TM6SF1",0.2461,5.726,0.000118164035200111,0.00484118508020551,0.0023583204831785,0.0484124504413674,1,1,301,0.1019,0.0998471666249579,FALSE,58.6,0.3685,TRUE,30,30,173,305.5,TRUE,FALSE,FALSE,"",0,0,"4 - robust but small effect"
"SEMA7A",0.2799,3.474,0.000118211343323259,0.00484118508020551,0.0023583204831785,0.0484124504413674,1,1,302,0.266,0.010167502760785,TRUE,5,-0.0584,FALSE,25,25,273,309,TRUE,FALSE,FALSE,"",0,0,"4 - robust but small effect"
"ATP6V0E1",0.1473,7.323,0.000119682903090442,0.00488527440733525,0.0023797980267008,0.0488533491736611,1,1,303,0.0809,0.133929746405544,FALSE,45.1,0.138,TRUE,31,31,235,305,TRUE,FALSE,FALSE,"",0,0,"4 - robust but small effect"
"ANTXR2",0.1785,7.91,0.00012659963699074,0.00514964864084883,0.00250858450352213,0.0514971242547426,1,1,304,0.0812,0.136975574148924,FALSE,54.5,0.2507,TRUE,31,31,65,310,TRUE,FALSE,FALSE,"",0,0,"4 - robust but small effect"
"AKR1B1",-0.163,4.406,0.000126992467291308,0.00514964864084883,0.00250858450352213,0.0514971242547426,1,1,305,-0.112,0.0926848842592157,FALSE,31.3,-0.3732,TRUE,28,28,176,328,TRUE,FALSE,FALSE,"",0,0,"4 - robust but small effect"
"RP2",0.2152,7.146,0.000129092466034809,0.00519941854223871,0.00253282926507307,0.0519948294332455,1,1,306,0.0922,0.133037726471137,FALSE,57.2,0.29,TRUE,31,31,89,306,TRUE,FALSE,FALSE,"",0,0,"4 - robust but small effect"
"TMEM234",0.1934,3.483,0.000129390092818817,0.00519941854223871,0.00253282926507307,0.0519948294332455,1,1,307,0.1135,0.112382089925094,FALSE,41.3,0.1483,TRUE,27,27,251,320,TRUE,FALSE,FALSE,"",0,0,"4 - robust but small effect"
"ARMCX5",-0.1702,3.39,0.00012948099215795,0.00519941854223871,0.00253282926507307,0.0519948294332455,1,1,308,-0.1285,0.0498087657763888,TRUE,24.5,-0.3061,TRUE,24,24,242,307.5,TRUE,FALSE,FALSE,"",0,0,"4 - robust but small effect"
"SLC8A1",0.253,7.064,0.000130985439916674,0.0052428088054674,0.00255396626868839,0.0524287374399411,1,1,309,0.1581,0.0793350759588354,FALSE,37.5,0.3018,TRUE,31,31,112,309,TRUE,FALSE,FALSE,"",0,0,"4 - robust but small effect"
"DPH6",-0.1822,3.569,0.000133606000762133,0.00533044844330987,0.00259665878088077,0.0533051446735947,1,1,310,-0.1172,0.0770891129144483,FALSE,35.7,-0.325,TRUE,23,23,294,338,TRUE,FALSE,FALSE,"",0,0,"4 - robust but small effect"
"FAM134B",-0.2127,4.469,0.000134732482975928,0.00535810723294622,0.00261013240129781,0.0535817359958338,1,1,311,-0.1741,0.00822172118356825,TRUE,18.1,-0.257,TRUE,27,27,198,314,TRUE,FALSE,FALSE,"gran",1,1,"4 - robust but small effect"
"KDM2A",0.1444,7.114,0.000135854412275753,0.00538540824046961,0.0026234317328018,0.0538547494526276,1,1,312,0.0833,0.108719789555173,FALSE,42.3,0.0985,TRUE,31,31,200,312,TRUE,FALSE,FALSE,"",0,0,"4 - robust but small effect"
"NACC1",0.2302,3.134,0.000137295834048108,0.00542334106469888,0.0026419102158349,0.0542340823933593,1,1,313,0.1861,0.0303916746048912,TRUE,19.2,0.0271,TRUE,24,24,299,321.5,TRUE,FALSE,FALSE,"",0,0,"4 - robust but small effect"
"CTC-228N24.3",-0.1654,4.219,0.000137688316163927,0.00542334106469888,0.0026419102158349,0.0542340823933593,1,1,314,-0.1137,0.0231814268621177,TRUE,31.3,-0.2817,TRUE,28,28,250,323.5,TRUE,FALSE,FALSE,"",0,0,"4 - robust but small effect"
"TBC1D1",0.1735,7.409,0.000138339983404185,0.00543171084045385,0.00264598744347143,0.0543177811876069,1,1,315,0.0821,0.0909596064807204,FALSE,52.7,0.2013,TRUE,31,31,96,316,TRUE,FALSE,FALSE,"",0,0,"4 - robust but small effect"
"BACE2",0.2894,3.884,0.000139005673366632,0.00543557945400404,0.00264787198835575,0.0543564678022834,1,1,316,0.3114,0.00516098795583989,TRUE,-7.6,-0.1441,FALSE,27,27,272,340,TRUE,FALSE,FALSE,"",0,0,"4 - robust but small effect"
"CSK",0.1845,5.853,0.00013931748762284,0.00543557945400404,0.00264787198835575,0.0543564678022834,1,1,317,0.1425,0.0473152201660208,TRUE,22.8,0.0458,TRUE,30,30,255,319.5,TRUE,FALSE,FALSE,"",0,0,"4 - robust but small effect"
"ZFP36",0.2116,5.752,0.000140744230536974,0.00547397686566446,0.00266657678912654,0.0547404466748713,1,1,318,0.1082,0.129844450672351,FALSE,48.9,0.2975,TRUE,30,30,248,318.5,TRUE,FALSE,FALSE,"",0,0,"4 - robust but small effect"
"KLF9",-0.1586,4.881,0.000141866458450079,0.00549160378799088,0.00267516351557659,0.054916718081443,1,1,319,-0.1047,0.091279144618972,FALSE,34,-0.3132,TRUE,28,28,216,335,TRUE,FALSE,FALSE,"",0,0,"4 - robust but small effect"
"SMPD3",0.478,3.063,0.000142559239129919,0.00549160378799088,0.00267516351557659,0.054916718081443,1,1,320,0.5096,0.00551526656336382,TRUE,-6.6,-0.1672,FALSE,21,21,284,346,TRUE,FALSE,FALSE,"",0,0,"4 - robust but small effect"
"ATXN1",0.1733,7.354,0.000142717875505368,0.00549160378799088,0.00267516351557659,0.054916718081443,1,1,321,0.0996,0.100624047191351,FALSE,42.5,0.1757,TRUE,31,31,151,321,TRUE,FALSE,FALSE,"",0,0,"4 - robust but small effect"
"SH2D3C",0.1955,5.756,0.000142973513885274,0.00549160378799088,0.00267516351557659,0.054916718081443,1,1,322,0.1106,0.103679610078907,FALSE,43.4,0.1495,TRUE,30,30,229,319.5,TRUE,FALSE,FALSE,"",0,0,"4 - robust but small effect"
"PLVAP",0.5608,2.277,0.00014421890954248,0.00552228939077829,0.00269011160873835,0.0552235779101001,1,1,323,0.5524,0.00918870671365505,TRUE,1.5,0.0243,TRUE,18,18,314,391.5,TRUE,FALSE,FALSE,"",0,0,"4 - robust but small effect"
"DENND5A",0.2179,8.039,0.000144933087125767,0.00553250747398609,0.00269508921536329,0.0553257600078112,1,1,324,0.0728,0.130323887387056,FALSE,66.6,0.3647,TRUE,31,31,93,324,TRUE,FALSE,FALSE,"",0,0,"4 - robust but small effect"
"CLASP2",-0.1022,6.562,0.000145680574192961,0.00553938121346057,0.00269843766834126,0.0553944982539518,1,1,325,-0.0584,0.142934312328029,FALSE,42.9,-0.274,TRUE,31,31,63,354,TRUE,FALSE,FALSE,"",0,0,"4 - robust but small effect"
"DPP4",-0.2133,5.392,0.000146008916202146,0.00553938121346057,0.00269843766834126,0.0553944982539518,1,1,326,-0.152,0.03951697820075,TRUE,28.7,-0.2877,TRUE,28,28,200,334.5,TRUE,FALSE,FALSE,"",0,0,"4 - robust but small effect"
"HRH4",0.4275,3.416,0.000148442230973513,0.00561447557394622,0.00273501891148121,0.0561454511601529,1,1,327,0.4,0.0228571109788223,TRUE,6.4,-0.0769,FALSE,23,23,287,315,TRUE,FALSE,FALSE,"",0,0,"4 - robust but small effect"
"TRMT5",-0.1963,3,0.000149990339286981,0.00565573328140664,0.00275511706823021,0.056558033345023,1,1,328,-0.1315,0.0785268014355034,FALSE,33,-0.2729,TRUE,22,22,304,345,TRUE,FALSE,FALSE,"gran",1,0,"4 - robust but small effect"
"RBM8A",-0.1,5.193,0.000154305391006882,0.00580075706982708,0.00282576352464818,0.0580082891921773,1,1,329,-0.0958,0.0131328989850185,TRUE,4.2,-0.2005,TRUE,29,29,79,380,TRUE,FALSE,FALSE,"",0,0,"4 - robust but small effect"
"ARHGDIB",0.1771,9.328,0.00015589765533394,0.00583811820762821,0.00284396351805713,0.0583819051978172,1,1,330,0.0727,0.200466111729172,FALSE,58.9,0.242,TRUE,31,31,149,330,TRUE,FALSE,FALSE,"",0,0,"4 - robust but small effect"
"TRIM4",-0.0896,5.748,0.000156243299379442,0.00583811820762821,0.00284396351805713,0.0583819051978172,1,1,331,-0.0586,0.0934819982644904,FALSE,34.6,-0.2752,TRUE,30,30,217,343.5,TRUE,FALSE,FALSE,"",0,0,"4 - robust but small effect"
"MAP3K5",0.1655,7.786,0.00015853205191538,0.00590243573535883,0.00287529496698163,0.059025088441627,1,1,332,0.0699,0.135585190243049,FALSE,57.8,0.2394,TRUE,31,31,82,332,TRUE,FALSE,FALSE,"",0,0,"4 - robust but small effect"
"MARK2",0.2404,4.651,0.000158919073405117,0.00590243573535883,0.00287529496698163,0.059025088441627,1,1,333,0.1446,0.0828158900677468,FALSE,39.9,0.2054,TRUE,29,29,270,342,TRUE,FALSE,FALSE,"",0,0,"4 - robust but small effect"
"PPP4R1",0.2517,8.033,0.000160895094533239,0.00595334872707674,0.0029000965701509,0.0595342246649958,1,1,334,0.0825,0.143039864138303,FALSE,67.2,0.439,TRUE,31,31,91,334,TRUE,FALSE,FALSE,"",0,0,"4 - robust but small effect"
"SPAG9",0.1929,8.22,0.00016125257305714,0.00595334872707674,0.0029000965701509,0.0595342246649958,1,1,335,0.0655,0.219586539211014,FALSE,66,0.2996,TRUE,31,31,69,339,TRUE,FALSE,FALSE,"",0,0,"4 - robust but small effect"
"TIGD3",0.3595,3.233,0.000162839505852092,0.00599404466779367,0.00291992106952139,0.0599411891128494,1,1,336,0.1788,0.118179902159645,FALSE,50.3,0.366,TRUE,25,25,204,365,TRUE,FALSE,FALSE,"",0,0,"4 - robust but small effect"
"MAK16",-0.132,4.508,0.000165558098115744,0.00607603132787987,0.00295985980696385,0.0607610658687507,1,1,337,-0.0811,0.079464908654331,FALSE,38.6,-0.3229,TRUE,28,28,261,354,TRUE,FALSE,FALSE,"",0,0,"4 - robust but small effect"
"CDC123",0.1732,6.196,0.000167214098077119,0.00611865078407635,0.00298062132193692,0.0611872657096505,1,1,338,0.0812,0.211485155695735,FALSE,53.1,0.2012,TRUE,30,30,269,339.5,TRUE,FALSE,FALSE,"",0,0,"4 - robust but small effect"
"ATG16L2",0.2537,8.088,0.000167846830833117,0.00612368614673745,0.0029830742335086,0.061237619959952,1,1,339,0.1137,0.168954297731366,FALSE,55.2,0.2863,TRUE,31,31,171,339,TRUE,FALSE,FALSE,"",0,0,"4 - robust but small effect"
"RERE",0.1946,5.831,0.000169805447221787,0.00617230539060322,0.00300675846717984,0.061723818420691,1,1,340,0.1424,0.0751432940782381,FALSE,26.8,0.0946,TRUE,30,30,252,339,TRUE,FALSE,FALSE,"",0,0,"4 - robust but small effect"
"CLIP4",-0.123,6.088,0.000170187760800383,0.00617230539060322,0.00300675846717984,0.061723818420691,1,1,341,-0.0619,0.169431885764708,FALSE,49.7,-0.3393,TRUE,30,30,161,355.5,TRUE,FALSE,FALSE,"",0,0,"4 - robust but small effect"
"ELF2",0.1513,7.3,0.000171143558487243,0.00617230539060322,0.00300675846717984,0.061723818420691,1,1,342,0.0682,0.180252051811977,FALSE,54.9,0.2369,TRUE,31,31,145,342,TRUE,FALSE,FALSE,"",0,0,"4 - robust but small effect"
"ITGAX",0.3132,7.513,0.000171175675046645,0.00617230539060322,0.00300675846717984,0.061723818420691,1,1,343,0.1682,0.120289930533513,FALSE,46.3,0.3327,TRUE,31,31,128,343,TRUE,FALSE,FALSE,"",0,0,"4 - robust but small effect"
"MDFIC",-0.1628,6.594,0.000173758287832349,0.00624721658113514,0.003043250481454,0.062472939604667,1,1,344,-0.0992,0.0407694495793352,TRUE,39.1,-0.3026,TRUE,30,30,205,350,TRUE,FALSE,FALSE,"",0,0,"4 - robust but small effect"
"LPGAT1",0.1792,8.274,0.000175618772939765,0.0062958057499102,0.00306692006443511,0.0629588373107737,1,1,345,0.0798,0.108559379853529,FALSE,55.5,0.2468,TRUE,31,31,60,349,TRUE,FALSE,FALSE,"",0,0,"4 - robust but small effect"
"LPAR2",0.2788,4.513,0.000177217072832272,0.00633474207164607,0.00308588738825522,0.0633482053508666,1,1,346,0.1509,0.113848657439358,FALSE,45.9,0.3155,TRUE,28,28,268,362.5,TRUE,FALSE,FALSE,"",0,0,"4 - robust but small effect"
"AP3M2",-0.1607,4.886,0.000177760473746271,0.00633585458009763,0.00308642933230932,0.0633593305731798,1,1,347,-0.1041,0.0596808469597946,FALSE,35.2,-0.3033,TRUE,28,28,285,369.5,TRUE,FALSE,FALSE,"",0,0,"4 - robust but small effect"
"HCAR2",0.358,5.727,0.000178560457989264,0.00634607972531959,0.00309141037910281,0.0634615832919074,1,1,348,0.1273,0.16466893796743,FALSE,64.4,0.4709,TRUE,30,30,233,350.5,TRUE,FALSE,FALSE,"",0,0,"4 - robust but small effect"
"CMTM6",0.2114,9.267,0.000182472121897266,0.00646651920809567,0.00315008091007994,0.0646659930375544,1,1,349,0.0917,0.144874588243497,FALSE,56.6,0.3211,TRUE,31,31,88,355,TRUE,FALSE,FALSE,"",0,0,"4 - robust but small effect"
"NHP2L1",-0.1094,5.466,0.000183395858467573,0.00648068565007698,0.0031569819084398,0.0648076592120527,1,1,350,-0.0784,0.0891865700500449,FALSE,28.3,-0.3155,TRUE,30,30,236,365.5,TRUE,FALSE,FALSE,"",0,0,"4 - robust but small effect"
"PNPLA6",0.1987,4.851,0.000185646497195849,0.00654152671600645,0.00318661984411522,0.0654160774072491,1,1,351,0.187,0.00957349966514032,TRUE,5.9,-0.0551,FALSE,30,30,287,376,TRUE,FALSE,FALSE,"",0,0,"4 - robust but small effect"
"LASP1",0.2094,7.474,0.000187337371532883,0.00658235400885992,0.00320650832997434,0.0658243553927378,1,1,352,0.0984,0.10492063102853,FALSE,53,0.2041,TRUE,31,31,142,351,TRUE,FALSE,FALSE,"",0,0,"4 - robust but small effect"
"WLS",0.4668,6.243,0.000191103115768347,0.00668980010010866,0.00325884929889648,0.0668988296137228,1,1,353,0.2346,0.179792977074408,FALSE,49.7,0.44,TRUE,31,31,120,359,TRUE,FALSE,FALSE,"",0,0,"4 - robust but small effect"
"NDE1",0.2,6.268,0.000191477137406086,0.00668980010010866,0.00325884929889648,0.0668988296137228,1,1,354,0.0992,0.173706915130587,FALSE,50.4,0.2066,TRUE,30,30,273,356,TRUE,FALSE,FALSE,"",0,0,"4 - robust but small effect"
"APOL2",0.2208,6.794,0.00019298607222792,0.006723526031873,0.00327527844886212,0.0672360931087307,1,1,355,0.1198,0.117371296067129,FALSE,45.7,0.2092,TRUE,31,31,233,354,TRUE,FALSE,FALSE,"",0,0,"4 - robust but small effect"
"IL6R",0.2516,8.854,0.000193626901814961,0.00672487600019928,0.00327593606841245,0.0672495929592034,1,1,356,0.0949,0.15039502140225,FALSE,62.3,0.3587,TRUE,31,31,76,362,TRUE,FALSE,FALSE,"",0,0,"4 - robust but small effect"
"LDLR",0.2681,2.944,0.00019411228428777,0.00672487600019928,0.00327593606841245,0.0672495929592034,1,1,357,0.2927,0.00423446594044805,TRUE,-9.2,-0.1752,FALSE,22,22,271,388.5,TRUE,FALSE,FALSE,"",0,0,"4 - robust but small effect"
"PAK2",0.1799,6.78,0.000195892446304338,0.0067570839392603,0.0032916257479331,0.0675716763391563,1,1,358,0.1011,0.121494592777515,FALSE,43.8,0.1848,TRUE,31,31,110,365,TRUE,FALSE,FALSE,"",0,0,"4 - robust but small effect"
"SNORD12B",0.287,2.497,0.000196134632454273,0.0067570839392603,0.0032916257479331,0.0675716763391563,1,1,359,0.137,0.237366969025258,FALSE,52.3,0.3329,TRUE,21,21,327,396,TRUE,FALSE,FALSE,"",0,0,"4 - robust but small effect"
"ADAM22",-0.2266,3.25,0.000198021966525373,0.00678769291225949,0.00330653651188803,0.0678777698604396,1,1,360,-0.1544,0.0566007214320151,FALSE,31.9,-0.2353,TRUE,24,24,303,357.5,TRUE,FALSE,FALSE,"gran",1,0,"4 - robust but small effect"
"PCBP1-AS1",0.1905,5.829,0.000198120726174456,0.00678769291225949,0.00330653651188803,0.0678777698604396,1,1,361,0.1005,0.17897874725009,FALSE,47.2,0.213,TRUE,30,30,302,360,TRUE,FALSE,FALSE,"",0,0,"4 - robust but small effect"
"LRRFIP1P1",0.2019,3.063,0.000202182330889482,0.00690771013381523,0.00336500134379176,0.0690779569415812,1,1,362,0.1402,0.0879771728145705,FALSE,30.6,0.0974,TRUE,23,23,312,362,TRUE,FALSE,FALSE,"",0,0,"4 - robust but small effect"
"PKN2",0.1794,7.537,0.000204712558366211,0.00697362396707132,0.00339711041223622,0.0697371034383673,1,1,363,0.0926,0.195753691355513,FALSE,48.4,0.203,TRUE,31,31,187,368,TRUE,FALSE,FALSE,"",0,0,"4 - robust but small effect"
"AE000661.37",0.3132,2.228,0.000205239256469434,0.00697362396707132,0.00339711041223622,0.0697371034383673,1,1,364,0.2421,0.0659165007384633,FALSE,22.7,0.1297,TRUE,18,18,287,321.5,TRUE,FALSE,FALSE,"",0,0,"4 - robust but small effect"
"PHTF1",0.1675,5.116,0.000206044577666083,0.00698180640157293,0.00340109637901248,0.0698189287968769,1,1,365,0.0818,0.16466893796743,FALSE,51.2,0.2493,TRUE,29,29,277,371,TRUE,FALSE,FALSE,"",0,0,"4 - robust but small effect"
"FCGR1B",0.4378,3.008,0.000207692277727927,0.0070184100845328,0.00341892738812573,0.0701849701602844,1,1,366,0.2885,0.126417216623128,FALSE,34.1,0.3311,TRUE,22,22,347,383,TRUE,FALSE,FALSE,"",0,0,"4 - robust but small effect"
"SLC36A1",0.25,5.125,0.000210177387578984,0.00708303523045471,0.00345040868925986,0.0708312296241092,1,1,367,0.1656,0.0926848842592157,FALSE,33.8,0.1775,TRUE,29,29,326,380,TRUE,FALSE,FALSE,"",0,0,"4 - robust but small effect"
"MAT2A",-0.1193,5.99,0.000211484455357875,0.00710771669528859,0.00346243194453894,0.0710780473295459,1,1,368,-0.0839,0.102178459444675,FALSE,29.7,-0.2531,TRUE,30,30,165,399.5,TRUE,FALSE,FALSE,"",0,0,"4 - robust but small effect"
"MYC",-0.1916,4.826,0.000212739997914128,0.00713053738266106,0.00347354874622677,0.0713062570298887,1,1,369,-0.1513,0.0427158593311001,TRUE,21,-0.2754,TRUE,28,28,270,405.5,TRUE,FALSE,FALSE,"",0,0,"4 - robust but small effect"
"ACTL6A",-0.1421,4.548,0.000215320552582306,0.00717891230213143,0.00349711396043962,0.0717900122164112,1,1,370,-0.1011,0.062093041966038,FALSE,28.9,-0.3202,TRUE,27,27,231,393,TRUE,FALSE,FALSE,"",0,0,"4 - robust but small effect"
"ZNF7",-0.1082,4.394,0.000215908563561497,0.00717891230213143,0.00349711396043962,0.0717900122164112,1,1,371,-0.076,0.109144764726095,FALSE,29.8,-0.2827,TRUE,28,28,261,363.5,TRUE,FALSE,FALSE,"",0,0,"4 - robust but small effect"
"ANKRD13D",0.1728,6.681,0.000215924593822194,0.00717891230213143,0.00349711396043962,0.0717900122164112,1,1,372,0.0881,0.18116013206875,FALSE,49,0.1911,TRUE,31,31,302,382,TRUE,FALSE,FALSE,"",0,0,"4 - robust but small effect"
"PHOSPHO1",0.3227,6.719,0.000217639854661677,0.00720381689609698,0.00350924591017943,0.0720390612408017,1,1,373,0.1956,0.148474698016348,FALSE,39.4,0.2955,TRUE,31,31,251,377,TRUE,FALSE,FALSE,"",0,0,"4 - robust but small effect"
"GMIP",0.2358,5.985,0.000218400648727005,0.00720381689609698,0.00350924591017943,0.0720390612408017,1,1,374,0.1171,0.150020735312767,FALSE,50.3,0.2781,TRUE,30,30,246,374.5,TRUE,FALSE,FALSE,"",0,0,"4 - robust but small effect"
"PDLIM1",0.2738,3.681,0.000218421032991297,0.00720381689609698,0.00350924591017943,0.0720390612408017,1,1,375,0.2724,0.0136840618988774,TRUE,0.5,-0.0501,FALSE,26,26,250,403,TRUE,FALSE,FALSE,"",0,0,"4 - robust but small effect"
"ARHGEF9",-0.1424,4.164,0.000219055160394643,0.0072055165525557,0.00351007387576524,0.0720560580159119,1,1,376,-0.0886,0.106387577018695,FALSE,37.8,-0.33,TRUE,28,28,320,394.5,TRUE,FALSE,FALSE,"",0,0,"4 - robust but small effect"
"RP11-205M20.7",0.2631,1.789,0.000220222154989921,0.00722468862842266,0.00351941330370965,0.0722477811492749,1,1,377,0.1889,0.106387577018695,FALSE,28.2,0.1379,TRUE,17,17,279,321,TRUE,FALSE,FALSE,"",0,0,"4 - robust but small effect"
"ARAP1",0.2457,7.473,0.000221156429717013,0.00723614476915347,0.00352499401398947,0.0723623439755646,1,1,378,0.145,0.0905627948363361,FALSE,41,0.2081,TRUE,31,31,154,385,TRUE,FALSE,FALSE,"",0,0,"4 - robust but small effect"
"MAST3",0.2434,6.204,0.000225154470858178,0.00729418135034701,0.00355326578132223,0.0729427169760324,1,1,379,0.1293,0.136516533788469,FALSE,46.9,0.2233,TRUE,30,30,251,380,TRUE,FALSE,FALSE,"",0,0,"4 - robust but small effect"
"GLOD4",-0.1421,5.162,0.000225922156079534,0.00729418135034701,0.00355326578132223,0.0729427169760324,1,1,380,-0.0943,0.106387577018695,FALSE,33.6,-0.3264,TRUE,30,30,157,407.5,TRUE,FALSE,FALSE,"",0,0,"4 - robust but small effect"
"LIMK2",0.3061,7.511,0.000226033926144652,0.00729418135034701,0.00355326578132223,0.0729427169760324,1,1,381,0.1108,0.108719789555173,FALSE,63.8,0.4819,TRUE,31,31,116,381,TRUE,FALSE,FALSE,"",0,0,"4 - robust but small effect"
"PXN",0.262,5.84,0.000226190090172612,0.00729418135034701,0.00355326578132223,0.0729427169760324,1,1,382,0.158,0.0826593117312594,FALSE,39.7,0.2231,TRUE,30,30,221,390,TRUE,FALSE,FALSE,"",0,0,"4 - robust but small effect"
"WAS",0.2576,4.204,0.000226513209328077,0.00729418135034701,0.00355326578132223,0.0729427169760324,1,1,383,0.1588,0.0683426948800133,FALSE,38.4,0.206,TRUE,28,28,277,405.5,TRUE,FALSE,FALSE,"",0,0,"4 - robust but small effect"
"ZMIZ1",0.238,4.97,0.00022779740374053,0.00729418135034701,0.00355326578132223,0.0729427169760324,1,1,384,0.1683,0.0645139008409646,FALSE,29.3,0.1028,TRUE,30,30,286,384.5,TRUE,FALSE,FALSE,"",0,0,"4 - robust but small effect"
"CRY1",-0.1344,3.89,0.000227918199865417,0.00729418135034701,0.00355326578132223,0.0729427169760324,1,1,385,-0.0828,0.129844450672351,FALSE,38.4,-0.3089,TRUE,27,27,271,404,TRUE,FALSE,FALSE,"",0,0,"4 - robust but small effect"
"RP11-134L10.1",0.3275,2.64,0.000228235504588651,0.00729418135034701,0.00355326578132223,0.0729427169760324,1,1,386,0.1749,0.156300457046841,FALSE,46.6,0.3184,TRUE,22,22,365,413,TRUE,FALSE,FALSE,"",0,0,"4 - robust but small effect"
"GALNT12",-0.2096,2.565,0.000229059059970558,0.00729418135034701,0.00355326578132223,0.0729427169760324,1,1,387,-0.1398,0.0828158900677468,FALSE,33.3,-0.3212,TRUE,22,22,314,364,TRUE,FALSE,FALSE,"",0,0,"4 - robust but small effect"
"DDX28",-0.1165,3.99,0.000229117051777575,0.00729418135034701,0.00355326578132223,0.0729427169760324,1,1,388,-0.0938,0.0683426948800133,FALSE,19.5,-0.3018,TRUE,27,27,339,453,TRUE,FALSE,FALSE,"",0,0,"4 - robust but small effect"
"CDC23",-0.1347,4.681,0.000229417573195746,0.00729418135034701,0.00355326578132223,0.0729427169760324,1,1,389,-0.0949,0.106387577018695,FALSE,29.5,-0.2962,TRUE,27,27,194,436,TRUE,FALSE,FALSE,"",0,0,"4 - robust but small effect"
"PTOV1",0.1337,5.215,0.000231641966173561,0.00734602009649897,0.00357851835374965,0.0734611108584075,1,1,390,0.0906,0.123259573823913,FALSE,32.2,0.0212,TRUE,30,30,282,401,TRUE,FALSE,FALSE,"",0,0,"4 - robust but small effect"
"TET3",0.1898,6.195,0.000233576686413033,0.00738386503702437,0.00359695402537697,0.073839564951215,1,1,391,0.1175,0.0811568520386545,FALSE,38.1,0.13,TRUE,30,30,220,394,TRUE,FALSE,FALSE,"",0,0,"4 - robust but small effect"
"LUCAT1",0.3132,6.776,0.000234029357577098,0.00738386503702437,0.00359695402537697,0.073839564951215,1,1,392,0.0962,0.243156527690525,FALSE,69.3,0.4784,TRUE,30,30,245,393,TRUE,FALSE,FALSE,"",0,0,"4 - robust but small effect"
"APC",0.1464,7.498,0.000236762137223864,0.00745107916840903,0.00362969651717957,0.0745117145903446,1,1,393,0.0715,0.209508093535704,FALSE,51.2,0.1286,TRUE,31,31,168,401,TRUE,FALSE,FALSE,"",0,0,"4 - robust but small effect"
"STARD10",0.2718,2.949,0.000240169339122154,0.00752086307683554,0.00366369084251768,0.0752095623181906,1,1,394,0.1485,0.135403711362299,FALSE,45.4,0.3,TRUE,23,23,295,443,TRUE,FALSE,FALSE,"",0,0,"4 - robust but small effect"
"SIPA1L1",0.2116,7.327,0.00024019574024499,0.00752086307683554,0.00366369084251768,0.0752095623181906,1,1,395,0.0931,0.148474698016348,FALSE,56,0.2682,TRUE,31,31,125,395,TRUE,FALSE,FALSE,"",0,0,"4 - robust but small effect"
"UIMC1",0.1304,6.298,0.000242462183201421,0.00757265727736155,0.00368892171512153,0.0757275107387887,1,1,396,0.0617,0.203804974008332,FALSE,52.7,0.2051,TRUE,30,30,278,387.5,TRUE,FALSE,FALSE,"",0,0,"4 - robust but small effect"
"CTB-152G17.6",0.217,3.715,0.000246724808917883,0.00766838316314483,0.00373555333805538,0.07668478145343,1,1,397,0.1065,0.203804974008332,FALSE,50.9,0.2463,TRUE,25,25,335,380,TRUE,FALSE,FALSE,"",0,0,"4 - robust but small effect"
"MID1IP1",0.2268,6.554,0.000246868870944209,0.00766838316314483,0.00373555333805538,0.07668478145343,1,1,398,0.0987,0.226125053596281,FALSE,56.5,0.2312,TRUE,30,30,260,399,TRUE,FALSE,FALSE,"",0,0,"4 - robust but small effect"
"MED13L",0.1438,8.362,0.000247387199393175,0.00766838316314483,0.00373555333805538,0.07668478145343,1,1,399,0.0645,0.160943379236446,FALSE,55.1,0.1899,TRUE,31,31,100,404,TRUE,FALSE,FALSE,"",0,0,"4 - robust but small effect"
"TMEM154",0.2359,9.779,0.000249738004127276,0.00770870530248365,0.00375519574493569,0.0770880078412027,1,1,400,0.0703,0.136643575940138,FALSE,70.2,0.3944,TRUE,31,31,84,408,TRUE,FALSE,FALSE,"",0,0,"4 - robust but small effect"
"SOCS2",-0.2092,3.772,0.000249934575217977,0.00770870530248365,0.00375519574493569,0.0770880078412027,1,1,401,-0.1432,0.108559379853529,FALSE,31.5,-0.2909,TRUE,25,25,337,422,TRUE,FALSE,FALSE,"",0,0,"4 - robust but small effect"
"WDR13",0.1381,5.386,0.000250722117519132,0.00771375907830005,0.00375765762623702,0.077138546225338,1,1,402,0.1084,0.0449660302878708,TRUE,21.5,-0.0263,FALSE,30,30,304,414.5,TRUE,FALSE,FALSE,"",0,0,"4 - robust but small effect"
"SRPK2",0.1592,7.11,0.000254285377919814,0.00780397407968302,0.00380160469335522,0.0780407074133865,1,1,403,0.063,0.238643934713344,FALSE,60.4,0.1989,TRUE,31,31,146,417,TRUE,FALSE,FALSE,"",0,0,"4 - robust but small effect"
"BANP",0.1574,6.074,0.000255392316599723,0.00781854497946875,0.00380870271808548,0.078186418216026,1,1,404,0.0835,0.161592444653619,FALSE,47,0.1376,TRUE,30,30,311,401,TRUE,FALSE,FALSE,"",0,0,"4 - robust but small effect"
"DGCR2",0.2053,6.676,0.000256473125226685,0.00782545244589005,0.00381206760070787,0.0782554937358121,1,1,405,0.0934,0.199896448543429,FALSE,54.5,0.2414,TRUE,30,30,275,403.5,TRUE,FALSE,FALSE,"",0,0,"4 - robust but small effect"
"RP11-295H24.3",0.2151,1.923,0.000256883383977309,0.00782545244589005,0.00381206760070787,0.0782554937358121,1,1,406,0.167,0.0887790519578355,FALSE,22.4,0.0435,TRUE,18,18,372,422,TRUE,FALSE,FALSE,"",0,0,"4 - robust but small effect"
"EIF3K",-0.097,6.518,0.000258820655720267,0.0078468148183082,0.00382247400319164,0.0784691201059818,1,1,407,-0.0708,0.091193250413581,FALSE,27,-0.3097,TRUE,30,30,216,405.5,TRUE,FALSE,FALSE,"",0,0,"4 - robust but small effect"
"RNPEPL1",0.174,5.195,0.000259144376960076,0.0078468148183082,0.00382247400319164,0.0784691201059818,1,1,408,0.1502,0.0314838949890221,TRUE,13.7,-0.023,FALSE,30,30,319,419,TRUE,FALSE,FALSE,"",0,0,"4 - robust but small effect"
"WDR3",-0.1576,5.112,0.000259487973858995,0.0078468148183082,0.00382247400319164,0.0784691201059818,1,1,409,-0.1156,0.0872045417396924,FALSE,26.6,-0.2899,TRUE,30,30,150,438.5,TRUE,FALSE,FALSE,"",0,0,"4 - robust but small effect"
"E2F3",0.1795,5.211,0.000260375678339785,0.00785445460904014,0.00382619562809791,0.0785455189595817,1,1,410,0.0798,0.199896448543429,FALSE,55.5,0.2292,TRUE,29,29,308,410,TRUE,FALSE,FALSE,"",0,0,"4 - robust but small effect"
"SP110",0.1927,6.875,0.000264959821593721,0.00797329214956482,0.0038840857936972,0.0797339090842949,1,1,411,0.1047,0.167609785939923,FALSE,45.7,0.19,TRUE,30,30,324,408,TRUE,FALSE,FALSE,"",0,0,"4 - robust but small effect"
"FAM53B",0.1698,6.499,0.000269321109110766,0.00808486280942223,0.00393843599268862,0.0808496295022443,1,1,412,0.1228,0.0828158900677468,FALSE,27.7,-0.0314,FALSE,30,30,294,412,TRUE,FALSE,FALSE,"",0,0,"4 - robust but small effect"
"NEK6",0.2324,5.993,0.000270864815322455,0.00809780413389492,0.00394474019095366,0.0809790443499107,1,1,413,0.1096,0.179792977074408,FALSE,52.8,0.2615,TRUE,30,30,302,415,TRUE,FALSE,FALSE,"",0,0,"4 - robust but small effect"
"TPP2",-0.1151,7.26,0.000271343442722032,0.00809780413389492,0.00394474019095366,0.0809790443499107,1,1,414,-0.0694,0.120080416876195,FALSE,39.7,-0.3006,TRUE,31,31,68,453,TRUE,FALSE,FALSE,"",0,0,"4 - robust but small effect"
"TBC1D10B",0.1936,3.789,0.000271716422668693,0.00809780413389492,0.00394474019095366,0.0809790443499107,1,1,415,0.14,0.0809737066847279,FALSE,27.7,0.095,TRUE,27,27,353,429,TRUE,FALSE,FALSE,"",0,0,"4 - robust but small effect"
"STK40",0.2565,5.944,0.000273893821514431,0.00814307400117905,0.00396679281929119,0.0814317486299725,1,1,416,0.1188,0.182291707413704,FALSE,53.7,0.2921,TRUE,30,30,281,416,TRUE,FALSE,FALSE,"",0,0,"4 - robust but small effect"
"TNFSF8",-0.1275,5.426,0.000277233446633341,0.00822259776489486,0.00400553178873015,0.0822269961171103,1,1,417,-0.1165,0.0335866875583261,TRUE,8.6,-0.2123,TRUE,30,30,207,428.5,TRUE,FALSE,FALSE,"gran",1,0,"4 - robust but small effect"
"CBL",0.2301,7.046,0.000277915562822678,0.00822310928466719,0.00400578096894876,0.0822321113781916,1,1,418,0.1319,0.132713688195251,FALSE,42.7,0.2139,TRUE,31,31,155,425,TRUE,FALSE,FALSE,"",0,0,"4 - robust but small effect"
"CDK19",0.1946,6.271,0.000280134032440072,0.00825521459492632,0.00402142065418048,0.0825531684574137,1,1,419,0.0672,0.256627143017721,FALSE,65.5,0.2869,TRUE,30,30,215,432.5,TRUE,FALSE,FALSE,"",0,0,"4 - robust but small effect"
"EIF3G",-0.1082,6.821,0.00028095863937854,0.00825521459492632,0.00402142065418048,0.0825531684574137,1,1,420,-0.07,0.135476713479234,FALSE,35.3,-0.3228,TRUE,31,31,97,434,TRUE,FALSE,FALSE,"",0,0,"4 - robust but small effect"
"ADSS",-0.1027,5.74,0.000281339522326667,0.00825521459492632,0.00402142065418048,0.0825531684574137,1,1,421,-0.0955,0.03421648250209,TRUE,7,-0.1864,TRUE,30,30,90,475,TRUE,FALSE,FALSE,"",0,0,"4 - robust but small effect"
"HDDC3",-0.1396,3.358,0.000282185712372657,0.00825521459492632,0.00402142065418048,0.0825531684574137,1,1,422,-0.0904,0.115526839762202,FALSE,35.2,-0.4034,TRUE,24,24,319,424.5,TRUE,FALSE,FALSE,"",0,0,"4 - robust but small effect"
"GLT8D1",-0.0958,4.81,0.000282602992528164,0.00825521459492632,0.00402142065418048,0.0825531684574137,1,1,423,-0.0762,0.0820698873445315,FALSE,20.5,-0.2479,TRUE,28,28,150,470.5,TRUE,FALSE,FALSE,"",0,0,"4 - robust but small effect"
"FMNL1",0.2791,6.031,0.000283005416255559,0.00825521459492632,0.00402142065418048,0.0825531684574137,1,1,424,0.1832,0.0998471666249579,FALSE,34.4,0.1866,TRUE,31,31,166,426,TRUE,FALSE,FALSE,"",0,0,"4 - robust but small effect"
"ARL4C",-0.1434,7.226,0.000284618100487972,0.0082827215690241,0.00403482031962816,0.0828282416054629,1,1,425,-0.079,0.107597161488697,FALSE,44.9,-0.3905,TRUE,31,31,101,433,TRUE,FALSE,FALSE,"",0,0,"4 - robust but small effect"
"RELB",0.2074,4.235,0.00028558429259005,0.00828338144555252,0.00403514176991514,0.0828348404524807,1,1,426,0.1289,0.105374061846712,FALSE,37.8,0.1774,TRUE,28,28,300,431,TRUE,FALSE,FALSE,"",0,0,"4 - robust but small effect"
"WDR1",0.1489,8.235,0.000285980261744092,0.00828338144555252,0.00403514176991514,0.0828348404524807,1,1,427,0.0849,0.108559379853529,FALSE,43,0.0743,TRUE,31,31,198,427,TRUE,FALSE,FALSE,"",0,0,"4 - robust but small effect"
"QDPR",-0.1986,2.474,0.000287457710067917,0.00830672186476634,0.00404651175222443,0.0830682475356121,1,1,428,-0.1598,0.0771424946260636,FALSE,19.5,-0.2336,TRUE,19,19,376,454,TRUE,FALSE,FALSE,"",0,0,"4 - robust but small effect"
"TMEM43",0.2071,6.989,0.000289087020891226,0.00832403419755228,0.00405494523046256,0.0832413730078133,1,1,429,0.0911,0.205033259711507,FALSE,56,0.2436,TRUE,31,31,135,432,TRUE,FALSE,FALSE,"",0,0,"4 - robust but small effect"
"ACVR2A",-0.1733,3.964,0.000289402870710501,0.00832403419755228,0.00405494523046256,0.0832413730078133,1,1,430,-0.114,0.115192793649609,FALSE,34.2,-0.2845,TRUE,27,27,253,430,TRUE,FALSE,FALSE,"",0,0,"4 - robust but small effect"
"IQCE",0.219,4.543,0.00029202850403532,0.00836690635285777,0.00407582984452707,0.083670099871103,1,1,431,0.1424,0.0877002388126299,FALSE,35,0.1095,TRUE,28,28,338,437.5,TRUE,FALSE,FALSE,"",0,0,"4 - robust but small effect"
"CLDND1",-0.1339,6.082,0.000292246405597878,0.00836690635285777,0.00407582984452707,0.083670099871103,1,1,432,-0.0881,0.112818350200125,FALSE,34.2,-0.2457,TRUE,30,30,222,447.5,TRUE,FALSE,FALSE,"",0,0,"4 - robust but small effect"
"MXD1",0.3008,9.903,0.000295247742117461,0.00843331195036664,0.00410817846954518,0.0843341640713279,1,1,433,0.0768,0.106808129345448,FALSE,74.5,0.5214,TRUE,31,31,105,433,TRUE,FALSE,FALSE,"",0,0,"4 - robust but small effect"
"AC093323.3",-0.1394,4.193,0.000298011108350966,0.00848496166988696,0.00413333896010218,0.0848506676639735,1,1,434,-0.0903,0.102178459444675,FALSE,35.2,-0.3853,TRUE,27,27,348,445,TRUE,FALSE,FALSE,"",0,0,"4 - robust but small effect"
"KIAA1257",0.3548,2.779,0.000298428066494245,0.00848496166988696,0.00413333896010218,0.0848506676639735,1,1,435,0.1629,0.129844450672351,FALSE,54.1,0.4226,TRUE,22,22,401,460,TRUE,FALSE,FALSE,"",0,0,"4 - robust but small effect"
"RP11-455F5.3",0.3982,4.123,0.000299241688595859,0.00848858074438895,0.00413510194527767,0.0848868588572596,1,1,436,0.1672,0.21843668886168,FALSE,58,0.4113,TRUE,27,27,308,458,TRUE,FALSE,FALSE,"",0,0,"4 - robust but small effect"
"SLC9A7P1",-0.2441,2.88,0.000303543229038332,0.00857593626020066,0.00417765605111009,0.0857604248354136,1,1,437,-0.2512,0.000963744576273931,TRUE,-2.9,-0.2024,TRUE,24,24,365,440.5,TRUE,FALSE,FALSE,"gran",1,1,"4 - robust but small effect"
"ZNF33A",0.1403,7.64,0.000303848680315641,0.00857593626020066,0.00417765605111009,0.0857604248354136,1,1,438,0.0669,0.244844503657826,FALSE,52.3,0.1278,TRUE,31,31,287,439,TRUE,FALSE,FALSE,"",0,0,"4 - robust but small effect"
"TGIF1",-0.1201,4.599,0.000305045859944194,0.00857593626020066,0.00417765605111009,0.0857604248354136,1,1,439,-0.0968,0.062961120306694,FALSE,19.4,-0.2332,TRUE,27,27,354,446,TRUE,FALSE,FALSE,"",0,0,"4 - robust but small effect"
"SUCLG2",-0.1247,4.958,0.000305787703758322,0.00857593626020066,0.00417765605111009,0.0857604248354136,1,1,440,-0.0684,0.160943379236446,FALSE,45.1,-0.3191,TRUE,29,29,208,440,TRUE,FALSE,FALSE,"",0,0,"4 - robust but small effect"
"MAML2",-0.1265,5.936,0.000305788154167892,0.00857593626020066,0.00417765605111009,0.0857604248354136,1,1,441,-0.1241,0.0118506876107359,TRUE,1.9,-0.1073,TRUE,30,30,135,468,TRUE,FALSE,FALSE,"",0,0,"4 - robust but small effect"
"LILRA6",0.2809,4.294,0.000307392743997079,0.00860143316234361,0.00419007653609158,0.0860153970149427,1,1,442,0.1247,0.144749773561076,FALSE,55.6,0.3632,TRUE,27,27,347,450,TRUE,FALSE,FALSE,"",0,0,"4 - robust but small effect"
"GRK6",0.1389,6.83,0.000309971848317663,0.00865402216702675,0.00421569458722566,0.0865412935755583,1,1,443,0.0754,0.183709747824257,FALSE,45.7,0.1277,TRUE,31,31,329,454,TRUE,FALSE,FALSE,"",0,0,"4 - robust but small effect"
"SPI1",0.2583,5.314,0.000313199102240581,0.0087244290461971,0.00424999238467674,0.0872453710880051,1,1,444,0.1099,0.118462900212349,FALSE,57.5,0.4012,TRUE,30,30,253,448.5,TRUE,FALSE,FALSE,"",0,0,"4 - robust but small effect"
"AP5B1",0.3033,5.412,0.000314478503708186,0.00874038232328729,0.00425776381657044,0.0874049058349133,1,1,445,0.1254,0.185135525504713,FALSE,58.7,0.4565,TRUE,30,30,293,444.5,TRUE,FALSE,FALSE,"",0,0,"4 - robust but small effect"
"TGFA",0.3047,5.495,0.00031732236028865,0.00879440553807865,0.00428408052454563,0.0879451446742553,1,1,446,0.096,0.173706915130587,FALSE,68.5,0.5364,TRUE,30,30,266,456.5,TRUE,FALSE,FALSE,"",0,0,"4 - robust but small effect"
"RP11-212I21.4",0.2442,4.381,0.000317844378680559,0.00879440553807865,0.00428408052454563,0.0879451446742553,1,1,447,0.1114,0.245723170273951,FALSE,54.4,0.2676,TRUE,27,27,357,463,TRUE,FALSE,FALSE,"",0,0,"4 - robust but small effect"
"CATSPER1",-0.2685,1.62,0.000319908153722222,0.0088317501009742,0.00430227244370444,0.0883185949287865,1,1,448,-0.2794,0.00742425289699775,TRUE,-4.1,-0.1602,TRUE,17,17,345,394,TRUE,FALSE,FALSE,"gran",1,1,"4 - robust but small effect"
"LXN",0.226,3.348,0.000320931767066686,0.00884027638102623,0.00430642591037817,0.0884038587853896,1,1,449,0.1402,0.18116013206875,FALSE,38,0.1494,TRUE,24,24,345,488,TRUE,FALSE,FALSE,"",0,0,"4 - robust but small effect"
"EMR1",0.3003,5.517,0.000322354879730339,0.00885974478334406,0.00431590968990741,0.088598545219965,1,1,450,0.2991,0.00747081739934826,TRUE,0.4,-0.1036,FALSE,30,30,334,455.5,TRUE,FALSE,FALSE,"",0,0,"4 - robust but small effect"
"PDLIM7",0.3344,4.189,0.000323859241906625,0.008878370467892,0.00432498295041179,0.0887848043724606,1,1,451,0.146,0.0906069589600339,FALSE,56.3,0.4023,TRUE,28,28,319,476,TRUE,FALSE,FALSE,"",0,0,"4 - robust but small effect"
"TARBP1",-0.1454,5.528,0.000324863434257907,0.008878370467892,0.00432498295041179,0.0887848043724606,1,1,452,-0.086,0.109144764726095,FALSE,40.9,-0.3729,TRUE,30,30,307,463.5,TRUE,FALSE,FALSE,"",0,0,"4 - robust but small effect"
"RALGPS1",0.1707,3.984,0.000326491095747838,0.008878370467892,0.00432498295041179,0.0887848043724606,1,1,453,0.1546,0.0335866875583261,TRUE,9.4,-0.0127,FALSE,26,26,354,459,TRUE,FALSE,FALSE,"",0,0,"4 - robust but small effect"
"PAIP2B",-0.1863,3.543,0.000327227561066608,0.008878370467892,0.00432498295041179,0.0887848043724606,1,1,454,-0.1348,0.0591904476903141,FALSE,27.6,-0.3052,TRUE,26,26,408,469.5,TRUE,FALSE,FALSE,"",0,0,"4 - robust but small effect"
"SLC6A6",0.2667,8.698,0.000327241199941969,0.008878370467892,0.00432498295041179,0.0887848043724606,1,1,455,0.0861,0.212094884168316,FALSE,67.7,0.4011,TRUE,31,31,130,455,TRUE,FALSE,FALSE,"",0,0,"4 - robust but small effect"
"CTBP2P8",0.4293,2.45,0.000327339661494077,0.008878370467892,0.00432498295041179,0.0887848043724606,1,1,456,0.2343,0.178791807583438,FALSE,45.4,0.4006,TRUE,20,20,422,478,TRUE,FALSE,FALSE,"",0,0,"4 - robust but small effect"
"RFWD2",0.1657,7.651,0.000332581136463432,0.00900079539557928,0.00438462066511042,0.0900090688131412,1,1,457,0.057,0.29069719842868,FALSE,65.6,0.3122,TRUE,31,31,180,459,TRUE,FALSE,FALSE,"",0,0,"4 - robust but small effect"
"TYK2",0.161,7.64,0.00033367441680737,0.00901066634732216,0.00438942917114728,0.0901077795532067,1,1,458,0.0732,0.171923016537459,FALSE,54.5,0.1599,TRUE,31,31,249,458,TRUE,FALSE,FALSE,"",0,0,"4 - robust but small effect"
"FBXL13",0.424,4.431,0.000336046871742162,0.00905496233051646,0.00441100738448945,0.0905507448717428,1,1,459,0.1671,0.322205235644742,FALSE,60.6,0.4108,TRUE,27,27,371,468,TRUE,FALSE,FALSE,"",0,0,"4 - robust but small effect"
"GLT1D1",0.2774,6.71,0.000337928797341246,0.00907999159687274,0.00442320006676643,0.090801040635483,1,1,460,0.083,0.22959822267122,FALSE,70.1,0.5204,TRUE,30,30,263,466.5,TRUE,FALSE,FALSE,"",0,0,"4 - robust but small effect"
"STXBP2",0.2116,3.879,0.000338444059359503,0.00907999159687274,0.00442320006676643,0.090801040635483,1,1,461,0.1349,0.0891865700500449,FALSE,36.2,0.1886,TRUE,29,29,269,480,TRUE,FALSE,FALSE,"",0,0,"4 - robust but small effect"
"H2AFJ",-0.1651,4.402,0.000340274382595529,0.00910933671848809,0.00443749516192191,0.0910944954863846,1,1,462,-0.1467,0.0507122498464728,FALSE,11.1,-0.295,TRUE,28,28,211,466.5,TRUE,FALSE,FALSE,"gran",1,1,"4 - robust but small effect"
"DAPP1",0.1721,7.593,0.00034257480771805,0.00915111279018755,0.00445784583308266,0.0915122613778508,1,1,463,0.0946,0.199896448543429,FALSE,45,0.1669,TRUE,31,31,253,469,TRUE,FALSE,FALSE,"",0,0,"4 - robust but small effect"
"AC074286.1",-0.2212,1.882,0.000344893705776577,0.00919320119190669,0.00447834865175908,0.0919331506081997,1,1,464,-0.1734,0.0926848842592157,FALSE,21.6,-0.1901,TRUE,19,19,306,379,TRUE,FALSE,FALSE,"",0,0,"4 - robust but small effect"
"LDHA",-0.1452,5.996,0.000346210076228161,0.00920844348987073,0.00448577373939853,0.092085575475783,1,1,465,-0.1322,0.0321817194731968,TRUE,9,-0.1746,TRUE,30,30,118,483.5,TRUE,FALSE,FALSE,"",0,0,"4 - robust but small effect"
"JMY",-0.1498,5.173,0.000347379769768319,0.00921972745170507,0.00449127057496347,0.0921984164917816,1,1,466,-0.0817,0.0664306231926331,FALSE,45.5,-0.3203,TRUE,28,28,310,474.5,TRUE,FALSE,FALSE,"",0,0,"4 - robust but small effect"
"TMEM25",-0.2262,1.779,0.000349214823018104,0.00924858443487776,0.00450532787981165,0.0924869898977947,1,1,467,-0.184,0.0736447045037401,FALSE,18.7,-0.2426,TRUE,18,18,364,432.5,TRUE,FALSE,FALSE,"",0,0,"4 - robust but small effect"
"CCDC147",0.3458,2.251,0.000350250206694315,0.00925618494956258,0.00450903037190128,0.0925629959860585,1,1,468,0.1395,0.251411293272939,FALSE,59.7,0.4516,TRUE,18,18,460,541.5,TRUE,FALSE,FALSE,"",0,0,"4 - robust but small effect"
"SLK",0.1659,7.48,0.000352637833435963,0.00929941305743281,0.00453008838363817,0.0929952824190848,1,1,469,0.1205,0.109144764726095,FALSE,27.4,0.0632,TRUE,31,31,285,487,TRUE,FALSE,FALSE,"",0,0,"4 - robust but small effect"
"ARRDC4",0.3151,4.585,0.000355886864582546,0.00934534584829899,0.0045524639465953,0.0934546160170782,1,1,470,0.2751,0.0511290636222099,FALSE,12.7,0.0013,TRUE,27,27,401,479,TRUE,FALSE,FALSE,"",0,0,"4 - robust but small effect"
"ZNF770",-0.0986,6.693,0.000356008736709949,0.00934534584829899,0.0045524639465953,0.0934546160170782,1,1,471,-0.0943,0.0203364558578754,TRUE,4.4,-0.1505,TRUE,31,31,46,495,TRUE,FALSE,FALSE,"",0,0,"4 - robust but small effect"
"EHBP1L1",0.1833,7.6,0.000356646445698345,0.00934534584829899,0.0045524639465953,0.0934546160170782,1,1,472,0.1045,0.114854924430971,FALSE,43,0.1143,TRUE,31,31,270,466,TRUE,FALSE,FALSE,"",0,0,"4 - robust but small effect"
"ZFAS1",0.1948,5.874,0.000359147951036401,0.00939099758650784,0.0045747025983979,0.0939111390536864,1,1,473,0.1601,0.0798866433073819,FALSE,17.8,0.1144,TRUE,30,30,361,459.5,TRUE,FALSE,FALSE,"",0,0,"4 - robust but small effect"
"UBE4B",0.1434,5.582,0.000366345165852187,0.00955898103641318,0.00465653355593897,0.0955909943595214,1,1,474,0.0856,0.168324664540193,FALSE,40.3,0.1057,TRUE,30,30,320,475,TRUE,FALSE,FALSE,"",0,0,"4 - robust but small effect"
"SIRPD",0.2622,2.457,0.000368941362141674,0.00960645635151205,0.00467966053955726,0.0960657533909019,1,1,475,0.1434,0.189005343407378,FALSE,45.3,0.2449,TRUE,21,21,440,472,TRUE,FALSE,FALSE,"",0,0,"4 - robust but small effect"
"MOB3A",0.2372,6.173,0.000370213865115919,0.00961933841124724,0.00468593586777457,0.0961945755838527,1,1,476,0.1154,0.177109542147733,FALSE,51.3,0.2658,TRUE,30,30,314,473,TRUE,FALSE,FALSE,"",0,0,"4 - robust but small effect"
"MRPL21",-0.1828,3.029,0.000373052895881177,0.00967278452045786,0.00471197144625575,0.0967290432959059,1,1,477,-0.1288,0.113757704864192,FALSE,29.5,-0.3746,TRUE,22,22,385,522,TRUE,FALSE,FALSE,"gran",1,1,"4 - robust but small effect"
"VCPKMT",0.1527,4.643,0.000373904674870777,0.00967458790544304,0.00471284994184704,0.0967470773691287,1,1,478,0.0749,0.273446401191562,FALSE,50.9,0.1785,TRUE,27,27,385,483,TRUE,FALSE,FALSE,"",0,0,"4 - robust but small effect"
"RELT",0.2076,6.832,0.00037796869267321,0.00975932524213416,0.00475412863569945,0.0975944612317837,1,1,479,0.1009,0.210755906074046,FALSE,51.4,0.2388,TRUE,31,31,356,471,TRUE,FALSE,FALSE,"",0,0,"4 - robust but small effect"
"SPPL2A",0.1111,5.265,0.000380858193106977,0.00981344610905645,0.0047804929136429,0.0981356766045303,1,1,480,0.0814,0.0810112526203634,FALSE,26.7,-0.0147,FALSE,29,29,318,504,TRUE,FALSE,FALSE,"",0,0,"4 - robust but small effect"
"KIAA0319",0.3946,2.906,0.000381660848770159,0.00981368269769092,0.00478060816472575,0.0981380425201794,1,1,481,0.1992,0.158463767835547,FALSE,49.5,0.4461,TRUE,22,22,454,512,TRUE,FALSE,FALSE,"",0,0,"4 - robust but small effect"
"WDPCP",-0.1278,4.182,0.000383686519201792,0.00984530055910325,0.00479601039557783,0.0984542250505572,1,1,482,-0.0745,0.171923016537459,FALSE,41.7,-0.2834,TRUE,27,27,393,503,TRUE,FALSE,FALSE,"",0,0,"4 - robust but small effect"
"HIPK1",0.1598,8.166,0.000387117059403036,0.00991276147142185,0.00482887310350969,0.0991288425295929,1,1,483,0.1122,0.0939943594755618,FALSE,29.8,0.1137,TRUE,31,31,227,493,TRUE,FALSE,FALSE,"",0,0,"4 - robust but small effect"
"DYSF",0.3725,7.151,0.000389345073481414,0.00994921460499613,0.00484663077444356,0.0994933783804971,1,1,484,0.1481,0.177175585698342,FALSE,60.2,0.4629,TRUE,31,31,157,486,TRUE,FALSE,FALSE,"",0,0,"4 - robust but small effect"
"C2CD5",-0.089,6.452,0.000391491709297083,0.00998344218677592,0.00486330429670384,0.0998356584377949,1,1,485,-0.0751,0.0683426948800133,FALSE,15.6,-0.1733,TRUE,30,30,108,510.5,TRUE,FALSE,FALSE,"",0,0,"4 - robust but small effect"
"NFIC",0.2679,2.31,0.000393705220988109,0.0100170116377011,0.00487965721905948,0.100171357105029,1,1,486,0.1895,0.126603536869936,FALSE,29.3,0.1055,TRUE,22,22,363,420,TRUE,FALSE,FALSE,"",0,0,"4 - robust but small effect"
"UBASH3B",0.1212,5.249,0.000394427932370668,0.0100170116377011,0.00487965721905948,0.100171357105029,1,1,487,0.0959,0.0989104399531404,FALSE,20.9,0.0054,TRUE,30,30,377,524,TRUE,FALSE,FALSE,"",0,0,"4 - robust but small effect"
"CAMK1",0.2199,4.561,0.000396139971069888,0.0100398753323614,0.00489079497118944,0.100399996883577,1,1,488,0.2409,0.00273260235528279,TRUE,-9.5,-0.247,FALSE,28,28,374,500,TRUE,FALSE,FALSE,"",0,0,"4 - robust but small effect"
"RNF25",-0.1199,3.487,0.000397498097228466,0.0100536942055658,0.00489752665593034,0.100538187327255,1,1,489,-0.1033,0.0664566314061293,FALSE,13.8,-0.2018,TRUE,26,26,239,517,TRUE,FALSE,FALSE,"",0,0,"4 - robust but small effect"
"AF001548.5",0.3102,1.479,0.000399440761288502,0.0100822108890126,0.00491141818818347,0.10082335769386,1,1,490,0.2303,0.112382089925094,FALSE,25.8,0.1104,TRUE,17,17,490,697,TRUE,FALSE,FALSE,"",0,0,"4 - robust but small effect"
"ZBTB18",0.1508,6.879,0.000401456422294759,0.0101124501648505,0.00492614885896415,0.101125754197738,1,1,491,0.0465,0.394286837828051,FALSE,69.2,0.2235,TRUE,31,31,315,499,TRUE,FALSE,FALSE,"",0,0,"4 - robust but small effect"
"SLC35E3",0.1398,4.063,0.000403184786482314,0.0101353443886448,0.00493730148296555,0.101354699271409,1,1,492,0.0941,0.145278126855151,FALSE,32.7,0.0336,TRUE,27,27,312,500,TRUE,FALSE,FALSE,"",0,0,"4 - robust but small effect"
"ZYX",0.2821,5.28,0.00041437102180788,0.0103590454998004,0.00504627457608383,0.103591738091052,1,1,493,0.145,0.168411203550292,FALSE,48.6,0.3041,TRUE,30,30,325,499,TRUE,FALSE,FALSE,"",0,0,"4 - robust but small effect"
"RP5-1086K13.1",0.2326,3.698,0.000414736261257749,0.0103590454998004,0.00504627457608383,0.103591738091052,1,1,494,0.1486,0.183384204406861,FALSE,36.1,0.1664,TRUE,27,27,456,502,TRUE,FALSE,FALSE,"",0,0,"4 - robust but small effect"
"THUMPD3",-0.1199,4.219,0.000415110983382024,0.0103590454998004,0.00504627457608383,0.103591738091052,1,1,495,-0.073,0.16466893796743,FALSE,39.1,-0.3179,TRUE,28,28,346,513,TRUE,FALSE,FALSE,"",0,0,"4 - robust but small effect"
"AKT1",0.1629,7.257,0.000415845083644287,0.0103590454998004,0.00504627457608383,0.103591738091052,1,1,496,0.0742,0.21843668886168,FALSE,54.5,0.1388,TRUE,31,31,336,496,TRUE,FALSE,FALSE,"",0,0,"4 - robust but small effect"
"NAP1L4P1",0.1742,3.841,0.000416271475857117,0.0103590454998004,0.00504627457608383,0.103591738091052,1,1,497,0.0792,0.280903649085851,FALSE,54.5,0.2318,TRUE,28,28,316,508.5,TRUE,FALSE,FALSE,"",0,0,"4 - robust but small effect"
"SLC22A1",0.3499,2.759,0.000419720705553897,0.0104239070005835,0.00507787101442119,0.104240361132764,1,1,498,0.1483,0.28739555818965,FALSE,57.6,0.3317,TRUE,23,23,427,523,TRUE,FALSE,FALSE,"",0,0,"4 - robust but small effect"
"TMEM86B",0.2914,2.809,0.00042267861017146,0.0104551131222922,0.00509307267162016,0.104552426215106,1,1,499,0.2569,0.0548533482563028,FALSE,11.8,0.0727,TRUE,24,24,398,495,TRUE,FALSE,FALSE,"",0,0,"4 - robust but small effect"
"KCNE1",0.2888,4.301,0.000422714576407284,0.0104551131222922,0.00509307267162016,0.104552426215106,1,1,500,0.1731,0.148474698016348,FALSE,40.1,0.2149,TRUE,28,28,430,504,TRUE,FALSE,FALSE,"",0,0,"4 - robust but small effect"
"SPOPL",0.1919,7.666,0.000423513233689229,0.0104551131222922,0.00509307267162016,0.104552426215106,1,1,501,0.0663,0.331612280379808,FALSE,65.5,0.3133,TRUE,31,31,147,509,TRUE,FALSE,FALSE,"",0,0,"4 - robust but small effect"
"ZNF467",0.2935,3.836,0.000429395594757728,0.0105792125816007,0.00515352611266612,0.105793436179411,1,1,502,0.1235,0.158969413259669,FALSE,57.9,0.4235,TRUE,27,27,386,527,TRUE,FALSE,FALSE,"",0,0,"4 - robust but small effect"
"RP11-70C1.1",0.3954,1.749,0.000430476802351728,0.0105847655894357,0.0051562311883663,0.105848966945568,1,1,503,0.1939,0.29353799574793,FALSE,51,0.2671,TRUE,16,16,503,658,TRUE,FALSE,FALSE,"",0,0,"4 - robust but small effect"
"UFD1L",0.0973,5.035,0.0004353070428691,0.0106822966392957,0.00520374217355278,0.106824289524567,1,1,504,0.0765,0.105447599003203,FALSE,21.4,-0.0648,FALSE,30,30,341,509.5,TRUE,FALSE,FALSE,"",0,0,"4 - robust but small effect"
"CNN2",0.244,6.735,0.00044395923982438,0.0108294996532611,0.00527545021141312,0.108296337897095,1,1,505,0.1213,0.209117699599146,FALSE,50.3,0.2568,TRUE,31,31,262,516,TRUE,FALSE,FALSE,"",0,0,"4 - robust but small effect"
"CARS2",0.1489,6.729,0.000444356041577699,0.0108294996532611,0.00527545021141312,0.108296337897095,1,1,506,0.0786,0.214508445248507,FALSE,47.2,0.1195,TRUE,31,31,393,504,TRUE,FALSE,FALSE,"",0,0,"4 - robust but small effect"
"ASAP1",0.1983,6.737,0.000445005397455782,0.0108294996532611,0.00527545021141312,0.108296337897095,1,1,507,0.1387,0.112569122153601,FALSE,30.1,0.1991,TRUE,31,31,221,504,TRUE,FALSE,FALSE,"",0,0,"4 - robust but small effect"
"RP1-224A6.9",0.1771,3.76,0.000445256943477515,0.0108294996532611,0.00527545021141312,0.108296337897095,1,1,508,0.1249,0.13578773915233,FALSE,29.5,0.0486,TRUE,26,26,420,511.5,TRUE,FALSE,FALSE,"",0,0,"4 - robust but small effect"
"RP11-553L6.5",-0.1655,2.977,0.000445828100341806,0.0108294996532611,0.00527545021141312,0.108296337897095,1,1,509,-0.122,0.0926971709707529,FALSE,26.3,-0.259,TRUE,23,23,403,507,TRUE,FALSE,FALSE,"",0,0,"4 - robust but small effect"
"TXN",0.272,4.472,0.000446559251549416,0.0108294996532611,0.00527545021141312,0.108296337897095,1,1,510,0.1877,0.175382257713145,FALSE,31,0.2675,TRUE,27,27,438,519,TRUE,FALSE,FALSE,"",0,0,"4 - robust but small effect"
"KBTBD3",-0.1992,2.945,0.000450932758975267,0.0109141611800511,0.00531669197545603,0.109142963651348,1,1,511,-0.1219,0.170901970529877,FALSE,38.8,-0.3084,TRUE,22,22,452,543,TRUE,FALSE,FALSE,"gran",1,1,"4 - robust but small effect"
"EXD2",-0.1385,2.941,0.000456483566465775,0.0110269311524389,0.00537162640398201,0.110270677343151,1,1,512,-0.0988,0.129810908049074,FALSE,28.7,-0.2484,TRUE,23,23,438,538,TRUE,FALSE,FALSE,"",0,0,"4 - robust but small effect"
"ADPGK",0.0935,7.348,0.000462073741551832,0.0111273887678177,0.00542056302758018,0.111275265939829,1,1,513,0.065,0.126417216623128,FALSE,30.5,-0.0451,FALSE,30,31,376,521,FALSE,FALSE,FALSE,"",0,0,"5 - filter-dependent"
"PCCA",-0.1462,3.53,0.000462441609529292,0.0111273887678177,0.00542056302758018,0.111275265939829,1,1,514,-0.0777,0.244844503657826,FALSE,46.9,-0.3066,TRUE,25,25,314,528,TRUE,FALSE,FALSE,"",0,0,"4 - robust but small effect"
"ADNP2",-0.0905,4.357,0.00046453177666055,0.0111559786674518,0.00543449022614875,0.111561168477375,1,1,515,-0.0814,0.0529740191777414,FALSE,10.1,-0.1704,TRUE,28,28,180,551,TRUE,FALSE,FALSE,"",0,0,"4 - robust but small effect"
"KIAA1841",0.1555,3.642,0.000467644791744217,0.0111775434127745,0.00544499521196659,0.111776818601657,1,1,516,0.1618,0.0161534478642468,TRUE,-4.1,-0.0803,FALSE,25,25,404,517,TRUE,FALSE,FALSE,"",0,0,"4 - robust but small effect"
"AC104820.2",-0.2224,3.375,0.000467946088784729,0.0111775434127745,0.00544499521196659,0.111776818601657,1,1,517,-0.1297,0.140979704292787,FALSE,41.7,-0.3172,TRUE,24,24,478,553.5,TRUE,FALSE,FALSE,"",0,0,"4 - robust but small effect"
"CTD-2228K2.5",-0.1643,3.101,0.000468140967643694,0.0111775434127745,0.00544499521196659,0.111776818601657,1,1,518,-0.1168,0.092038955139682,FALSE,28.9,-0.352,TRUE,24,24,447,556.5,TRUE,FALSE,FALSE,"",0,0,"4 - robust but small effect"
"PER2",0.1896,2.587,0.000470072921105282,0.0112020460274184,0.00545693134269669,0.11202184778304,1,1,519,0.1933,0.0205299638380215,TRUE,-2,-0.0894,FALSE,22,22,424,496.5,TRUE,FALSE,FALSE,"",0,0,"4 - robust but small effect"
"TIAM2",0.283,4.135,0.000474310613052976,0.0112812955043062,0.00549553669686707,0.112814352367925,1,1,520,0.1735,0.196208311721294,FALSE,38.7,0.1997,TRUE,26,26,489,533,TRUE,FALSE,FALSE,"",0,0,"4 - robust but small effect"
"PRR14",0.1526,3.587,0.000478063270307736,0.0113271811945564,0.00551788931537042,0.113273214953925,1,1,521,0.1027,0.136516533788469,FALSE,32.7,0.0809,TRUE,27,27,369,543,TRUE,FALSE,FALSE,"",0,0,"4 - robust but small effect"
"RP11-326I11.5",0.1982,4.209,0.000478574301941626,0.0113271811945564,0.00551788931537042,0.113273214953925,1,1,522,0.0816,0.28739555818965,FALSE,58.8,0.249,TRUE,27,27,415,531,TRUE,FALSE,FALSE,"",0,0,"4 - robust but small effect"
"HRH2",0.2816,6.238,0.00047898736778404,0.0113271811945564,0.00551788931537042,0.113273214953925,1,1,523,0.1192,0.233343537938525,FALSE,57.7,0.3611,TRUE,31,31,201,523,TRUE,FALSE,FALSE,"",0,0,"4 - robust but small effect"
"H3F3AP4",0.2441,6.867,0.000481799066165275,0.0113525910595552,0.0055302674013367,0.113527316751231,1,1,524,0.0999,0.289569077794191,FALSE,59.1,0.3237,TRUE,31,31,269,524,TRUE,FALSE,FALSE,"",0,0,"4 - robust but small effect"
"FLJ27365",0.2415,3.055,0.000481897663831378,0.0113525910595552,0.0055302674013367,0.113527316751231,1,1,525,0.1932,0.104662748575001,FALSE,20,0.0332,TRUE,21,21,432,586,TRUE,FALSE,FALSE,"",0,0,"4 - robust but small effect"
"MOAP1",-0.0943,5.12,0.000484662749845393,0.0113960245058704,0.00555142544103218,0.113961656594141,1,1,526,-0.0736,0.0997339313530051,FALSE,22,-0.2665,TRUE,30,30,191,548.5,TRUE,FALSE,FALSE,"",0,0,"4 - robust but small effect"
"RAB1A",0.1137,6.264,0.000488208343432174,0.0114254125243826,0.00556574143285427,0.114255540419325,1,1,527,0.0508,0.280551911071823,FALSE,55.3,0.149,TRUE,30,30,330,530.5,TRUE,FALSE,FALSE,"",0,0,"4 - robust but small effect"
"AP003733.1",0.2556,1.977,0.000488989052227293,0.0114254125243826,0.00556574143285427,0.114255540419325,1,1,528,0.1459,0.199316205374952,FALSE,42.9,0.2342,TRUE,19,19,311,366,TRUE,FALSE,FALSE,"",0,0,"4 - robust but small effect"
"PILRA",0.2721,4.344,0.000489301510687884,0.0114254125243826,0.00556574143285427,0.114255540419325,1,1,529,0.115,0.158969413259669,FALSE,57.7,0.3082,TRUE,28,28,344,555.5,TRUE,FALSE,FALSE,"",0,0,"4 - robust but small effect"
"RP11-454L1.2",0.221,1.888,0.000489607748861804,0.0114254125243826,0.00556574143285427,0.114255540419325,1,1,530,0.1416,0.169431885764708,FALSE,35.9,0.1876,TRUE,19,19,467,519,TRUE,FALSE,FALSE,"",0,0,"4 - robust but small effect"
"B3GNTL1",0.269,4.497,0.000495914052489324,0.0115499462715745,0.00562640643160642,0.115500893316254,1,1,531,0.1212,0.251411293272939,FALSE,54.9,0.3085,TRUE,27,27,445,540,TRUE,FALSE,FALSE,"",0,0,"4 - robust but small effect"
"NUP214",0.1692,6.856,0.000497081438707044,0.0115499462715745,0.00562640643160642,0.115500893316254,1,1,532,0.0629,0.355561008404162,FALSE,62.8,0.2898,TRUE,31,31,405,525,TRUE,FALSE,FALSE,"",0,0,"4 - robust but small effect"
"DDIT3",0.1966,4.084,0.000497845917801292,0.0115499462715745,0.00562640643160642,0.115500893316254,1,1,533,0.0941,0.336048501877223,FALSE,52.1,0.2292,TRUE,28,28,468,563.5,TRUE,FALSE,FALSE,"",0,0,"4 - robust but small effect"
"KDM4B",0.2205,6.549,0.000499239758398551,0.0115499462715745,0.00562640643160642,0.115500893316254,1,1,534,0.0854,0.256627143017721,FALSE,61.3,0.2987,TRUE,31,31,290,526,TRUE,FALSE,FALSE,"",0,0,"4 - robust but small effect"
"MAP3K11",0.1958,6.002,0.000499613620253264,0.0115499462715745,0.00562640643160642,0.115500893316254,1,1,535,0.0936,0.239250936219389,FALSE,52.2,0.2206,TRUE,30,30,441,529,TRUE,FALSE,FALSE,"",0,0,"4 - robust but small effect"
"TRIOBP",0.1913,3.979,0.000500899466101352,0.0115580682775028,0.00563036296138744,0.115582114381546,1,1,536,0.0949,0.260275333241021,FALSE,50.4,0.1452,TRUE,28,28,402,542.5,TRUE,FALSE,FALSE,"",0,0,"4 - robust but small effect"
"HDGFRP3",-0.3624,1.986,0.000503454954788393,0.011586961022417,0.00564443768710385,0.115871045409403,1,1,537,-0.2643,0.122413398601348,FALSE,27.1,-0.2944,TRUE,17,17,465,515,TRUE,FALSE,FALSE,"",0,0,"4 - robust but small effect"
"HIST1H1D",-0.1847,6.621,0.000504025309674995,0.011586961022417,0.00564443768710385,0.115871045409403,1,1,538,-0.0947,0.247347544523572,FALSE,48.7,-0.4406,TRUE,30,30,330,542.5,TRUE,FALSE,FALSE,"",0,0,"4 - robust but small effect"
"PIK3R5",0.1608,6.889,0.000512961816923879,0.0117103226267122,0.00570453169165591,0.117104676732182,1,1,539,0.0876,0.198544521428223,FALSE,45.5,0.1343,TRUE,31,31,399,531,TRUE,FALSE,FALSE,"",0,0,"4 - robust but small effect"
"NUFIP2",0.1022,8.609,0.000513396842471695,0.0117103226267122,0.00570453169165591,0.117104676732182,1,1,540,0.0541,0.219201479376988,FALSE,47.1,0.0734,TRUE,30,31,375,566,FALSE,FALSE,FALSE,"",0,0,"5 - filter-dependent"
"RENBP",0.2112,3.282,0.000513566733770884,0.0117103226267122,0.00570453169165591,0.117104676732182,1,1,541,0.1273,0.156300457046841,FALSE,39.7,0.1482,TRUE,26,26,422,568,TRUE,FALSE,FALSE,"",0,0,"4 - robust but small effect"
"FAM193A",0.156,4.519,0.000513593972281928,0.0117103226267122,0.00570453169165591,0.117104676732182,1,1,542,0.1409,0.0529888064876558,FALSE,9.7,-0.0176,FALSE,28,28,452,550,TRUE,FALSE,FALSE,"",0,0,"4 - robust but small effect"
"SLC25A44",0.2216,5.467,0.000514529141731261,0.0117103226267122,0.00570453169165591,0.117104676732182,1,1,543,0.0809,0.27159626715003,FALSE,63.5,0.3359,TRUE,30,30,356,543.5,TRUE,FALSE,FALSE,"",0,0,"4 - robust but small effect"
"VSIG10",0.4238,2.559,0.000515072405314639,0.0117103226267122,0.00570453169165591,0.117104676732182,1,1,544,0.3629,0.0746475961019361,FALSE,14.4,0.2274,TRUE,18,18,464,505.5,TRUE,FALSE,FALSE,"",0,0,"4 - robust but small effect"
"QARS",-0.0882,6.723,0.000518323138784033,0.0117626065696898,0.00573000113593917,0.117627522637956,1,1,545,-0.056,0.158969413259669,FALSE,36.5,-0.3036,TRUE,31,31,81,578,TRUE,FALSE,FALSE,"",0,0,"4 - robust but small effect"
"BMP6",0.3454,2.696,0.000528224345358601,0.0119653456106139,0.00582876282858881,0.119654938158879,1,1,546,0.242,0.142510256923428,FALSE,29.9,0.1394,TRUE,22,22,426,611,TRUE,FALSE,FALSE,"",0,0,"4 - robust but small effect"
"PAK1",0.2066,7.219,0.000529722427417772,0.0119773436605174,0.00583460752288925,0.119774920144017,1,1,547,0.0687,0.198349740775917,FALSE,66.7,0.3012,TRUE,31,31,198,547,TRUE,FALSE,FALSE,"",0,0,"4 - robust but small effect"
"GSK3A",0.1598,3.002,0.00053157016293744,0.0119971893708216,0.00584427510310739,0.119973379705191,1,1,548,0.1282,0.0926848842592157,FALSE,19.8,0.0359,TRUE,25,25,490,555,TRUE,FALSE,FALSE,"",0,0,"4 - robust but small effect"
"PHF21A",0.1703,6.468,0.000533238369475384,0.0120129183126986,0.0058519372530134,0.120130671072181,1,1,549,0.077,0.253999298770821,FALSE,54.8,0.2732,TRUE,31,31,231,548,TRUE,FALSE,FALSE,"",0,0,"4 - robust but small effect"
"METAP1",-0.0986,4.709,0.000536543486549307,0.0120511606095241,0.00587056649160542,0.120513098777206,1,1,550,-0.0584,0.169479805914229,FALSE,40.8,-0.2781,TRUE,27,27,343,574,TRUE,FALSE,FALSE,"",0,0,"4 - robust but small effect"
"TGFBR2",0.1291,8.826,0.000536884661695325,0.0120511606095241,0.00587056649160542,0.120513098777206,1,1,551,0.0387,0.350977868500592,FALSE,70,0.1892,TRUE,31,31,225,559,TRUE,FALSE,FALSE,"",0,0,"4 - robust but small effect"
"CD46",0.1842,9.386,0.00053793291775133,0.0120528158093269,0.00587137280070826,0.120529650980251,1,1,552,0.0664,0.31836037900328,FALSE,64,0.2652,TRUE,31,31,108,579,TRUE,FALSE,FALSE,"",0,0,"4 - robust but small effect"
"EPN2",0.2306,3.06,0.00053954402541684,0.0120639395509413,0.00587679158707239,0.120640889774205,1,1,553,0.2159,0.048651051994485,TRUE,6.4,-0.0315,FALSE,22,22,531,572,TRUE,FALSE,FALSE,"",0,0,"4 - robust but small effect"
"LRMP",0.174,7.742,0.00054110671265445,0.0120639395509413,0.00587679158707239,0.120640889774205,1,1,554,0.059,0.341360006779161,FALSE,66.1,0.2853,TRUE,31,31,177,554,TRUE,FALSE,FALSE,"",0,0,"4 - robust but small effect"
"MKNK2",0.1843,6.724,0.000541372646980049,0.0120639395509413,0.00587679158707239,0.120640889774205,1,1,555,0.0745,0.314604936564505,FALSE,59.6,0.2621,TRUE,31,31,363,555,TRUE,FALSE,FALSE,"",0,0,"4 - robust but small effect"
"DDX18",-0.1317,5.893,0.000542331047083067,0.0120639395509413,0.00587679158707239,0.120640889774205,1,1,556,-0.0925,0.127490441906059,FALSE,29.8,-0.2835,TRUE,30,30,200,596.5,TRUE,FALSE,FALSE,"",0,0,"4 - robust but small effect"
"SVIL",0.2147,6.707,0.000546046857111425,0.0121124227552091,0.00590040955081896,0.121125727822113,1,1,557,0.0919,0.234574156429838,FALSE,57.2,0.2775,TRUE,31,31,190,559,TRUE,FALSE,FALSE,"",0,0,"4 - robust but small effect"
"RP5-981O7.2",0.2358,1.922,0.000546469267254742,0.0121124227552091,0.00590040955081896,0.121125727822113,1,1,558,0.1741,0.133037726471137,FALSE,26.2,0.1073,TRUE,19,19,361,424,TRUE,FALSE,FALSE,"",0,0,"4 - robust but small effect"
"LRRFIP2",0.1139,6.343,0.000552202124956688,0.0121937389699704,0.00594002168952244,0.121938900041724,1,1,559,0.075,0.133307625756517,FALSE,34.2,0.0575,TRUE,30,30,377,564.5,TRUE,FALSE,FALSE,"",0,0,"4 - robust but small effect"
"USP3",0.1181,7.59,0.000553463101875342,0.0121937389699704,0.00594002168952244,0.121938900041724,1,1,560,0.0638,0.230424426238779,FALSE,46,0.1142,TRUE,31,31,342,560,TRUE,FALSE,FALSE,"",0,0,"4 - robust but small effect"
"CASC3",0.1742,6.228,0.000553585755490377,0.0121937389699704,0.00594002168952244,0.121938900041724,1,1,561,0.081,0.229473180112604,FALSE,53.5,0.225,TRUE,31,31,254,561,TRUE,FALSE,FALSE,"",0,0,"4 - robust but small effect"
"LAMTOR4",0.1832,6.363,0.000554621534403223,0.0121937389699704,0.00594002168952244,0.121938900041724,1,1,562,0.0688,0.389897031248305,FALSE,62.4,0.2662,TRUE,30,30,466,558.5,TRUE,FALSE,FALSE,"",0,0,"4 - robust but small effect"
"PDE6B",-0.1977,2.186,0.000555067516178312,0.0121937389699704,0.00594002168952244,0.121938900041724,1,1,563,-0.1441,0.135464861433617,FALSE,27.1,-0.2963,TRUE,20,20,357,487.5,TRUE,FALSE,FALSE,"",0,0,"4 - robust but small effect"
"MGEA5",0.103,8.981,0.000558876151597002,0.012238148606289,0.00596165526750912,0.12238300190558,1,1,564,0.0413,0.318165408177483,FALSE,59.9,0.1035,TRUE,31,31,353,581,TRUE,FALSE,FALSE,"",0,0,"4 - robust but small effect"
"CWC25",0.1233,5.322,0.000559068075885615,0.012238148606289,0.00596165526750912,0.12238300190558,1,1,565,0.0542,0.285132518753944,FALSE,56,0.1011,TRUE,29,29,361,571,TRUE,FALSE,FALSE,"",0,0,"4 - robust but small effect"
"CERS2",0.1232,6.678,0.000560868581374358,0.0122558703435301,0.00597028818181437,0.122560221473043,1,1,566,0.0676,0.215956013607098,FALSE,45.1,0.034,TRUE,30,31,357,566,FALSE,FALSE,FALSE,"",0,0,"5 - filter-dependent"
"SEMA4A",0.2955,5.833,0.000563728224321185,0.0122947517265567,0.00598922874295521,0.122949040119237,1,1,567,0.1331,0.145156666389186,FALSE,55,0.3213,TRUE,31,31,172,571,TRUE,FALSE,FALSE,"",0,0,"4 - robust but small effect"
"MIR4435-1HG",0.2015,4.51,0.000564636075411075,0.0122947517265567,0.00598922874295521,0.122949040119237,1,1,568,0.1214,0.169585347497375,FALSE,39.8,0.174,TRUE,28,28,395,571,TRUE,FALSE,FALSE,"",0,0,"4 - robust but small effect"
"SURF2",-0.1362,2.872,0.000566800887620206,0.0123201992585004,0.00600162517788486,0.123203518590659,1,1,569,-0.1125,0.0934819982644904,FALSE,17.4,-0.2852,TRUE,23,23,357,489,TRUE,FALSE,FALSE,"",0,0,"4 - robust but small effect"
"C10orf12",0.1184,5.656,0.000567914619457432,0.0123227509007886,0.00600286817731052,0.123229035329594,1,1,570,0.0565,0.265940046176211,FALSE,52.3,0.085,TRUE,30,30,401,582.5,TRUE,FALSE,FALSE,"",0,0,"4 - robust but small effect"
"RP11-50E11.3",-0.1427,4.084,0.000573991487333608,0.0124071234472378,0.0060439691683308,0.124072771244645,1,1,571,-0.1487,0.0221780039364722,TRUE,-4.2,-0.1284,TRUE,28,28,295,578.5,TRUE,FALSE,FALSE,"gran",1,1,"4 - robust but small effect"
"DEF8",0.2052,6.896,0.000574866524377584,0.0124071234472378,0.0060439691683308,0.124072771244645,1,1,572,0.0611,0.368852309013722,FALSE,70.2,0.3327,TRUE,31,31,358,569,TRUE,FALSE,FALSE,"",0,0,"4 - robust but small effect"
"DACH1",0.2601,2.55,0.000576296995557983,0.0124071234472378,0.0060439691683308,0.124072771244645,1,1,573,0.2101,0.108559379853529,FALSE,19.2,0.1226,TRUE,21,21,512,568,TRUE,FALSE,FALSE,"",0,0,"4 - robust but small effect"
"TRERF1",0.1556,5.579,0.000578130468423965,0.0124071234472378,0.0060439691683308,0.124072771244645,1,1,574,0.1501,0.0284857045390943,TRUE,3.5,-0.07,FALSE,30,30,473,597.5,TRUE,FALSE,FALSE,"",0,0,"4 - robust but small effect"
"RNF24",0.296,6.846,0.000578590508463514,0.0124071234472378,0.0060439691683308,0.124072771244645,1,1,575,0.1108,0.274304625460321,FALSE,62.6,0.405,TRUE,31,31,184,575,TRUE,FALSE,FALSE,"",0,0,"4 - robust but small effect"
"EGLN1",0.2408,7.761,0.000578630316270503,0.0124071234472378,0.0060439691683308,0.124072771244645,1,1,576,0.0626,0.433435063879292,FALSE,74,0.4841,TRUE,31,31,260,573,TRUE,FALSE,FALSE,"",0,0,"4 - robust but small effect"
"MPPE1",0.1784,6.695,0.000578825212569229,0.0124071234472378,0.0060439691683308,0.124072771244645,1,1,577,0.0613,0.373525274611922,FALSE,65.6,0.2182,TRUE,30,30,382,579.5,TRUE,FALSE,FALSE,"",0,0,"4 - robust but small effect"
"RP11-705C15.2",-0.1407,6.523,0.00058046852091388,0.0124141201883388,0.00604737753995482,0.124142739522286,1,1,578,-0.0899,0.158969413259669,FALSE,36.1,-0.3228,TRUE,30,30,281,596,TRUE,FALSE,FALSE,"",0,0,"4 - robust but small effect"
"QPCT",0.3207,7.243,0.000581159087083455,0.0124141201883388,0.00604737753995482,0.124142739522286,1,1,579,0.0951,0.318193114701041,FALSE,70.3,0.5405,TRUE,31,31,193,579,TRUE,FALSE,FALSE,"",0,0,"4 - robust but small effect"
"NDNL2",-0.1323,4.584,0.00058493078729274,0.012473144788339,0.00607613060782677,0.124732992833199,1,1,580,-0.0783,0.174951783008892,FALSE,40.8,-0.3278,TRUE,28,28,353,586,TRUE,FALSE,FALSE,"",0,0,"4 - robust but small effect"
"KIAA1324L",-0.3433,3.42,0.000591529035620303,0.0125732546931373,0.00612489784872822,0.125734104281004,1,1,581,-0.2623,0.113817384209104,FALSE,23.6,-0.2471,TRUE,25,25,502,581,TRUE,FALSE,FALSE,"",0,0,"4 - robust but small effect"
"ALG1",-0.1151,3.548,0.000591658653897631,0.0125732546931373,0.00612489784872822,0.125734104281004,1,1,582,-0.0758,0.181442878254481,FALSE,34.1,-0.3195,TRUE,26,26,479,601,TRUE,FALSE,FALSE,"",0,0,"4 - robust but small effect"
"ADORA3",0.334,2.634,0.000592954603030158,0.012579181012482,0.00612778477828552,0.125793368208497,1,1,583,0.3325,0.0342210841553993,TRUE,0.4,-0.0531,FALSE,21,21,558,589,TRUE,FALSE,FALSE,"",0,0,"4 - robust but small effect"
"CNOT3",0.2696,2.348,0.000599178420901505,0.0126873792200291,0.00618049213090147,0.126875363685624,1,1,584,0.2349,0.0703440687264021,FALSE,12.9,0.0206,TRUE,20,20,546,585.5,TRUE,FALSE,FALSE,"",0,0,"4 - robust but small effect"
"VMP1",0.1862,9.082,0.00060010647183999,0.0126873792200291,0.00618049213090147,0.126875363685624,1,1,585,0.0643,0.288701694726686,FALSE,65.5,0.3724,TRUE,31,31,176,585,TRUE,FALSE,FALSE,"",0,0,"4 - robust but small effect"
"LRRC8C",-0.1219,6.574,0.000603817550448673,0.0127330901850004,0.0062027596342528,0.127332478997194,1,1,586,-0.0705,0.115192793649609,FALSE,42.2,-0.283,TRUE,30,30,235,586,TRUE,FALSE,FALSE,"",0,0,"4 - robust but small effect"
"ZNF252P",-0.1244,5.353,0.00060432761469884,0.0127330901850004,0.0062027596342528,0.127332478997194,1,1,587,-0.1051,0.0750843807220677,FALSE,15.5,-0.2355,TRUE,30,30,280,601.5,TRUE,FALSE,FALSE,"",0,0,"4 - robust but small effect"
"RABIF",0.0996,4.543,0.000609710115146113,0.0128246508573591,0.00624736222752274,0.128248097061676,1,1,588,0.0601,0.207019729427359,FALSE,39.7,0.0013,TRUE,28,28,405,600,TRUE,FALSE,FALSE,"",0,0,"4 - robust but small effect"
"KLHL21",0.2154,6.52,0.000614104286274678,0.0128351661943353,0.00625248463746323,0.12835325173389,1,1,589,0.0693,0.405816348033375,FALSE,67.8,0.345,TRUE,31,31,456,577,TRUE,FALSE,FALSE,"",0,0,"4 - robust but small effect"
"BCL3",0.3001,3.329,0.000614218593810984,0.0128351661943353,0.00625248463746323,0.12835325173389,1,1,590,0.1449,0.20857656824939,FALSE,51.7,0.3678,TRUE,26,26,501,612,TRUE,FALSE,FALSE,"",0,0,"4 - robust but small effect"
"IRF2",0.1527,6.118,0.000614915642034251,0.0128351661943353,0.00625248463746323,0.12835325173389,1,1,591,0.0543,0.256508203572721,FALSE,64.4,0.22,TRUE,30,30,323,588,TRUE,FALSE,FALSE,"",0,0,"4 - robust but small effect"
"STAT4",-0.1405,6.478,0.000615032862685548,0.0128351661943353,0.00625248463746323,0.12835325173389,1,1,592,-0.0743,0.140998711068161,FALSE,47.1,-0.3733,TRUE,30,30,242,597.5,TRUE,FALSE,FALSE,"",0,0,"4 - robust but small effect"
"ARHGAP26-IT1",0.2874,2.904,0.000615398896607441,0.0128351661943353,0.00625248463746323,0.12835325173389,1,1,593,0.1359,0.282654719690696,FALSE,52.7,0.2823,TRUE,23,23,525,618,TRUE,FALSE,FALSE,"",0,0,"4 - robust but small effect"
"ZNF512",-0.1055,4.616,0.000620348087048457,0.0129166079808339,0.00629215794680882,0.129167679686426,1,1,594,-0.0752,0.117177136582569,FALSE,28.7,-0.2393,TRUE,28,28,294,602.5,TRUE,FALSE,FALSE,"",0,0,"4 - robust but small effect"
"FTO",-0.1156,4.721,0.000622672405804111,0.0129432139747651,0.00630511871146125,0.129433742921213,1,1,595,-0.0653,0.219589976172804,FALSE,43.5,-0.2581,TRUE,28,28,400,618,TRUE,FALSE,FALSE,"",0,0,"4 - robust but small effect"
"FASTKD3",-0.1267,3.636,0.000624253945338007,0.0129543167717122,0.0063105272949025,0.129544772265899,1,1,596,-0.0823,0.155538602280032,FALSE,35,-0.3028,TRUE,26,26,437,604,TRUE,FALSE,FALSE,"",0,0,"4 - robust but small effect"
"TFEB",0.1986,5.104,0.000633456558487432,0.0131183351815016,0.00639042673460917,0.131184976679456,1,1,597,0.0822,0.243466282185306,FALSE,58.6,0.2659,TRUE,30,30,376,595,TRUE,FALSE,FALSE,"",0,0,"4 - robust but small effect"
"PSTPIP1",0.1519,6.853,0.000635154918564483,0.0131183351815016,0.00639042673460917,0.131184976679456,1,1,598,0.0772,0.246016624380081,FALSE,49.2,0.1293,TRUE,31,31,436,597,TRUE,FALSE,FALSE,"",0,0,"4 - robust but small effect"
"EPM2A",-0.1738,2.791,0.000635339810294263,0.0131183351815016,0.00639042673460917,0.131184976679456,1,1,599,-0.1314,0.0877002388126299,FALSE,24.4,-0.2956,TRUE,22,22,475,587,TRUE,FALSE,FALSE,"",0,0,"4 - robust but small effect"
"THOC5",0.164,5.845,0.000637928646609226,0.0131498358354382,0.00640577186936056,0.131499987120559,1,1,600,0.0532,0.314980215230646,FALSE,67.6,0.2839,TRUE,30,30,357,607,TRUE,FALSE,FALSE,"",0,0,"4 - robust but small effect"
"DEDD2",0.173,6.466,0.000646088714676345,0.0132643214261497,0.00646154203908775,0.132644857208099,1,1,601,0.0622,0.331675575841653,FALSE,64,0.2495,TRUE,30,30,423,597,TRUE,FALSE,FALSE,"",0,0,"4 - robust but small effect"
"RP11-399O19.9",0.1973,3.666,0.000646915534862944,0.0132643214261497,0.00646154203908775,0.132644857208099,1,1,602,0.1093,0.256627143017721,FALSE,44.6,0.2047,TRUE,26,26,458,618,TRUE,FALSE,FALSE,"",0,0,"4 - robust but small effect"
"MBP",0.1676,8.714,0.00064712764024267,0.0132643214261497,0.00646154203908775,0.132644857208099,1,1,603,0.056,0.318193114701041,FALSE,66.6,0.249,TRUE,31,31,167,603,TRUE,FALSE,FALSE,"",0,0,"4 - robust but small effect"
"TTLL3",0.2191,3.729,0.000647772488793211,0.0132643214261497,0.00646154203908775,0.132644857208099,1,1,604,0.166,0.115526839762202,FALSE,24.2,0.0743,TRUE,27,27,548,618,TRUE,FALSE,FALSE,"",0,0,"4 - robust but small effect"
"VWA5A",-0.1749,3.276,0.000649462932371762,0.0132769546240892,0.00646769613751099,0.132771190752268,1,1,605,-0.146,0.0906069589600339,FALSE,16.5,-0.2116,TRUE,25,25,477,621,TRUE,FALSE,FALSE,"",0,0,"4 - robust but small effect"
"RP11-695J4.2",0.3003,2.341,0.000652878947914927,0.0133247637422637,0.00649098572896551,0.133249287855751,1,1,606,0.1142,0.407379275469406,FALSE,62,0.3545,TRUE,20,20,548,584.5,TRUE,FALSE,FALSE,"",0,0,"4 - robust but small effect"
"DGKZ",0.1736,4.734,0.000663678240547046,0.0135228541665335,0.00658748290834152,0.135230216634344,1,1,607,0.1632,0.0507122498464728,FALSE,6,-0.0771,FALSE,29,29,526,628,TRUE,FALSE,FALSE,"",0,0,"4 - robust but small effect"
"RP1-229K20.5",0.3574,2.887,0.000667600816814372,0.0135512040654892,0.00660129319369426,0.135513719135378,1,1,608,0.113,0.415967779342715,FALSE,68.4,0.4796,TRUE,22,22,571,596.5,TRUE,FALSE,FALSE,"",0,0,"4 - robust but small effect"
"ZNFX1",0.1847,8,0.000668007285054801,0.0135512040654892,0.00660129319369426,0.135513719135378,1,1,609,0.079,0.265951519934039,FALSE,57.2,0.196,TRUE,31,31,206,609,TRUE,FALSE,FALSE,"",0,0,"4 - robust but small effect"
"CAAP1",-0.1223,4.294,0.000668356604135543,0.0135512040654892,0.00660129319369426,0.135513719135378,1,1,610,-0.0717,0.179548123150407,FALSE,41.4,-0.323,TRUE,26,26,351,644.5,TRUE,FALSE,FALSE,"",0,0,"4 - robust but small effect"
"ADM",0.3794,5.484,0.000670399996285625,0.0135703881408521,0.00661063846703739,0.135705562265187,1,1,611,0.1232,0.406350899191705,FALSE,67.5,0.5293,TRUE,30,30,380,617.5,TRUE,FALSE,FALSE,"",0,0,"4 - robust but small effect"
"C8orf33",-0.1055,4.243,0.000672456860838643,0.0135897817889744,0.00662008583103045,0.135899501148548,1,1,612,-0.0698,0.171923016537459,FALSE,33.8,-0.3516,TRUE,26,26,340,633,TRUE,FALSE,FALSE,"",0,0,"4 - robust but small effect"
"APAF1",0.1881,8.057,0.000676093977349472,0.013640995614777,0.00664503398161984,0.136411645750025,1,1,613,0.0566,0.370818609201126,FALSE,69.9,0.2949,TRUE,31,31,173,613,TRUE,FALSE,FALSE,"",0,0,"4 - robust but small effect"
"INPP4B",-0.1826,7.6,0.00068044531655061,0.0137064294382703,0.00667690921953791,0.137065992089728,1,1,614,-0.1256,0.03421648250209,TRUE,31.2,-0.2924,TRUE,31,31,127,603,TRUE,FALSE,FALSE,"",0,0,"4 - robust but small effect"
"IMPAD1",-0.0983,5.831,0.000684961396102559,0.0137749634910511,0.0067102946939188,0.137751341106308,1,1,615,-0.0526,0.26262104488174,FALSE,46.5,-0.3002,TRUE,30,30,211,638.5,TRUE,FALSE,FALSE,"",0,0,"4 - robust but small effect"
"NFKBIE",0.1371,4.485,0.000690221272517851,0.0138582089261376,0.00675084662726634,0.138583805768127,1,1,616,0.1218,0.0350550260233431,TRUE,11.2,-0.1255,FALSE,28,28,397,624.5,TRUE,FALSE,FALSE,"",0,0,"4 - robust but small effect"
"RP11-326I11.3",0.1984,4.528,0.000691942651096193,0.013861865040313,0.00675262765583803,0.138620367362735,1,1,617,0.1044,0.286414520099566,FALSE,47.4,0.2203,TRUE,28,28,468,613.5,TRUE,FALSE,FALSE,"",0,0,"4 - robust but small effect"
"CYB5R4",0.1691,7.75,0.000692881306723307,0.013861865040313,0.00675262765583803,0.138620367362735,1,1,618,0.0554,0.36060939173625,FALSE,67.2,0.3206,TRUE,31,31,234,618,TRUE,FALSE,FALSE,"",0,0,"4 - robust but small effect"
"TMX4",0.1719,7.879,0.000694143694561374,0.013861865040313,0.00675262765583803,0.138620367362735,1,1,619,0.0548,0.394315425948175,FALSE,68.1,0.2686,TRUE,31,31,224,619,TRUE,FALSE,FALSE,"",0,0,"4 - robust but small effect"
"HLCS",-0.1487,3.902,0.000694886507518926,0.013861865040313,0.00675262765583803,0.138620367362735,1,1,620,-0.0856,0.219713157008786,FALSE,42.4,-0.3276,TRUE,26,26,424,652,TRUE,FALSE,FALSE,"",0,0,"4 - robust but small effect"
"RER1",0.0746,6.62,0.000697103144686491,0.0138836903276691,0.00676325956132612,0.138838622939621,1,1,621,0.0402,0.247039501732387,FALSE,46.1,-0.0263,FALSE,27,31,440,648,FALSE,FALSE,FALSE,"",0,0,"5 - filter-dependent"
"ALKBH8",-0.1355,4.28,0.000702149395860122,0.0139617101736302,0.00680126591674864,0.139618831062934,1,1,622,-0.0753,0.212094884168316,FALSE,44.4,-0.3254,TRUE,27,27,359,628,TRUE,FALSE,FALSE,"",0,0,"4 - robust but small effect"
"PLEKHG3",0.2377,7.563,0.000705915702877333,0.014014069684088,0.00682677217274922,0.140142432652871,1,1,623,0.086,0.414173703649818,FALSE,63.8,0.2227,TRUE,31,31,423,618,TRUE,FALSE,FALSE,"",0,0,"4 - robust but small effect"
"UFL1",-0.1525,5.675,0.000711960773713336,0.0141114276430874,0.00687419883896932,0.141116024301825,1,1,624,-0.1015,0.152392702621635,FALSE,33.4,-0.2893,TRUE,29,29,201,631,TRUE,FALSE,FALSE,"",0,0,"4 - robust but small effect"
"VEGFA",0.2118,3.458,0.000713407049876405,0.014113027754344,0.00687497831240181,0.141132025612584,1,1,625,0.1458,0.148474698016348,FALSE,31.2,0.1178,TRUE,26,26,524,649,TRUE,FALSE,FALSE,"",0,0,"4 - robust but small effect"
"AMD1",0.1457,7.626,0.000714323688083711,0.014113027754344,0.00687497831240181,0.141132025612584,1,1,626,0.0521,0.426264943505146,FALSE,64.2,0.1788,TRUE,31,31,399,634,TRUE,FALSE,FALSE,"",0,0,"4 - robust but small effect"
"RP11-318K15.2",0.2919,2.966,0.000718818270174199,0.0141455948135239,0.00689084293262773,0.141457700238207,1,1,627,0.154,0.26262104488174,FALSE,47.2,0.2584,TRUE,23,23,610,631,TRUE,FALSE,FALSE,"",0,0,"4 - robust but small effect"
"KIAA1279",-0.1111,3.361,0.000718964859613526,0.0141455948135239,0.00689084293262773,0.141457700238207,1,1,628,-0.0807,0.144495063940436,FALSE,27.4,-0.2706,TRUE,24,24,528,653,TRUE,FALSE,FALSE,"",0,0,"4 - robust but small effect"
"IGIP",-0.1413,4.211,0.000719403229115988,0.0141455948135239,0.00689084293262773,0.141457700238207,1,1,629,-0.0785,0.17151179940415,FALSE,44.4,-0.3375,TRUE,27,27,400,639,TRUE,FALSE,FALSE,"",0,0,"4 - robust but small effect"
"NPEPPS",0.1318,6.466,0.000725142225307624,0.01421646784141,0.00692536780837603,0.142166439295549,1,1,630,0.0523,0.352133016936196,FALSE,60.3,0.1854,TRUE,30,30,378,649.5,TRUE,FALSE,FALSE,"",0,0,"4 - robust but small effect"
"C1orf132",0.2157,7.241,0.000725306533629503,0.01421646784141,0.00692536780837603,0.142166439295549,1,1,631,0.1366,0.187104847537824,FALSE,36.7,0.1011,TRUE,31,31,455,618,TRUE,FALSE,FALSE,"",0,0,"4 - robust but small effect"
"MICAL1",0.1756,5.307,0.000726941856305157,0.0142259760740224,0.00692999962049585,0.142261522799383,1,1,632,0.1244,0.12382609376285,FALSE,29.2,0.0767,TRUE,30,30,409,631,TRUE,FALSE,FALSE,"",0,0,"4 - robust but small effect"
"MPHOSPH10",-0.1378,4.437,0.000729997777848205,0.0142632109264243,0.00694813809561149,0.142633875935389,1,1,633,-0.0993,0.108559379853529,FALSE,27.9,-0.2628,TRUE,28,28,362,634.5,TRUE,FALSE,FALSE,"",0,0,"4 - robust but small effect"
"LRPPRC",-0.133,6.414,0.000733788274535857,0.0143146583272232,0.00697320002922899,0.14314835631576,1,1,634,-0.0662,0.244108899475165,FALSE,50.2,-0.3413,TRUE,31,31,150,649,TRUE,FALSE,FALSE,"",0,0,"4 - robust but small effect"
"RFC1",-0.1189,6.046,0.000743175959747767,0.0144670857566292,0.00704745307326903,0.1446726494898,1,1,635,-0.0762,0.188831793181562,FALSE,35.9,-0.2533,TRUE,30,30,168,669.5,TRUE,FALSE,FALSE,"",0,0,"4 - robust but small effect"
"PTK2B",0.1541,7.058,0.000744088307934034,0.0144670857566292,0.00704745307326903,0.1446726494898,1,1,636,0.0996,0.154691858792896,FALSE,35.4,0.1013,TRUE,31,31,443,629,TRUE,FALSE,FALSE,"",0,0,"4 - robust but small effect"
"GIMAP6",-0.1254,7.96,0.000746164935699427,0.0144670857566292,0.00704745307326903,0.1446726494898,1,1,637,-0.0834,0.173706915130587,FALSE,33.5,-0.3632,TRUE,31,31,61,665,TRUE,FALSE,FALSE,"",0,0,"4 - robust but small effect"
"SPIN1",-0.1055,4.753,0.000747396835538893,0.0144670857566292,0.00704745307326903,0.1446726494898,1,1,638,-0.0566,0.280551911071823,FALSE,46.4,-0.2755,TRUE,28,28,396,671,TRUE,FALSE,FALSE,"",0,0,"4 - robust but small effect"
"PTTG1IP",0.1351,7.731,0.000747450501171251,0.0144670857566292,0.00704745307326903,0.1446726494898,1,1,639,0.046,0.364896412777475,FALSE,66,0.1803,TRUE,31,31,366,639,TRUE,FALSE,FALSE,"",0,0,"4 - robust but small effect"
"IL1RAP",0.2772,7.549,0.000749707239694357,0.0144880924070934,0.0070576861904195,0.144882718596371,1,1,640,0.0856,0.40822934751349,FALSE,69.1,0.4132,TRUE,31,31,239,640,TRUE,FALSE,FALSE,"",0,0,"4 - robust but small effect"
"RBM5",0.0837,8.196,0.000755869473947932,0.0145843894754883,0.00710459605754982,0.145845701207876,1,1,641,0.04,0.283668314038414,FALSE,52.2,0.0393,TRUE,29,31,382,679,FALSE,FALSE,FALSE,"",0,0,"5 - filter-dependent"
"ERGIC1",0.2276,8.018,0.000761501254934175,0.0146558872584333,0.00713942527461704,0.146560687893191,1,1,642,0.056,0.420649215052704,FALSE,75.4,0.3979,TRUE,31,31,293,642,TRUE,FALSE,FALSE,"",0,0,"4 - robust but small effect"
"CCDC17",0.2069,2.787,0.000761944979557943,0.0146558872584333,0.00713942527461704,0.146560687893191,1,1,643,0.1416,0.168426198058156,FALSE,31.6,0.1202,TRUE,23,23,574,677,TRUE,FALSE,FALSE,"",0,0,"4 - robust but small effect"
"GTF3C4",-0.1104,4.345,0.000763869804395552,0.0146637070114476,0.0071432345658136,0.146638886391905,1,1,644,-0.0671,0.224282069683313,FALSE,39.2,-0.3022,TRUE,28,28,379,662.5,TRUE,FALSE,FALSE,"",0,0,"4 - robust but small effect"
"DHRS3",-0.1661,3.885,0.000765154003584488,0.0146637070114476,0.0071432345658136,0.146638886391905,1,1,645,-0.12,0.134250924750977,FALSE,27.8,-0.3223,TRUE,26,26,453,668,TRUE,FALSE,FALSE,"",0,0,"4 - robust but small effect"
"C1orf63",0.1357,8.373,0.000765908370746698,0.0146637070114476,0.0071432345658136,0.146638886391905,1,1,646,0.0862,0.216891003740951,FALSE,36.5,0.0817,TRUE,30,31,467,649,FALSE,FALSE,FALSE,"",0,0,"5 - filter-dependent"
"PLAC8",-0.1371,6.446,0.000777848817283447,0.0148576462409734,0.00723770954454402,0.148578302708881,1,1,647,-0.0644,0.341819093842777,FALSE,53,-0.3987,TRUE,31,31,212,642,TRUE,FALSE,FALSE,"",0,0,"4 - robust but small effect"
"BIN3",0.1486,5.485,0.00077844071508334,0.0148576462409734,0.00723770954454402,0.148578302708881,1,1,648,0.0605,0.318193114701041,FALSE,59.3,0.1901,TRUE,29,29,528,639,TRUE,FALSE,FALSE,"",0,0,"4 - robust but small effect"
"TUBE1",-0.1567,4.31,0.000784146757663395,0.0149434932184605,0.00727952878550935,0.149436783116939,1,1,649,-0.0885,0.121196089849151,FALSE,43.5,-0.314,TRUE,27,27,493,651,TRUE,FALSE,FALSE,"gran",1,0,"4 - robust but small effect"
"BTBD10",0.1301,5.864,0.000786200154953443,0.0149595746407141,0.00728736264165636,0.149597599331353,1,1,650,0.0653,0.323305507408265,FALSE,49.8,0.1418,TRUE,30,30,458,648,TRUE,FALSE,FALSE,"",0,0,"4 - robust but small effect"
"UBR2",0.1667,8.86,0.000788550391393249,0.0149812461455479,0.0072979196339845,0.149814317063969,1,1,651,0.0577,0.377223436291792,FALSE,65.4,0.2562,TRUE,31,31,136,656,TRUE,FALSE,FALSE,"",0,0,"4 - robust but small effect"
"APEX1",-0.1616,5.253,0.000797471637861402,0.0151075177279228,0.0073594311965925,0.15107704852798,1,1,652,-0.1153,0.148474698016348,FALSE,28.7,-0.324,TRUE,29,29,284,652,TRUE,FALSE,FALSE,"",0,0,"4 - robust but small effect"
"ITPK1",0.2298,6.599,0.000797640968461967,0.0151075177279228,0.0073594311965925,0.15107704852798,1,1,653,0.0885,0.271017286541552,FALSE,61.5,0.2675,TRUE,31,31,360,651,TRUE,FALSE,FALSE,"",0,0,"4 - robust but small effect"
"HSD17B11",0.1872,7.878,0.000798861302883369,0.0151075177279228,0.0073594311965925,0.15107704852798,1,1,654,0.067,0.404065014869954,FALSE,64.2,0.3306,TRUE,31,31,316,652,TRUE,FALSE,FALSE,"",0,0,"4 - robust but small effect"
"MARCH7",0.1371,8.573,0.0008076231886129,0.0152498986210143,0.00742879020085032,0.15250087509449,1,1,655,0.0613,0.331612280379808,FALSE,55.3,0.1619,TRUE,31,31,327,656,TRUE,FALSE,FALSE,"",0,0,"4 - robust but small effect"
"MKNK1",0.1831,6.536,0.00081427746397797,0.0152981712376288,0.00745230557955464,0.152983607239783,1,1,656,0.0762,0.266737013911029,FALSE,58.4,0.2806,TRUE,30,30,406,655.5,TRUE,FALSE,FALSE,"",0,0,"4 - robust but small effect"
"EGLN2",0.1431,5.658,0.000815014180919653,0.0152981712376288,0.00745230557955464,0.152983607239783,1,1,657,0.0813,0.258370484686541,FALSE,43.2,0.094,TRUE,29,29,550,655,TRUE,FALSE,FALSE,"",0,0,"4 - robust but small effect"
"SNX10",0.2016,7.425,0.000815099581940725,0.0152981712376288,0.00745230557955464,0.152983607239783,1,1,658,0.0775,0.373525274611922,FALSE,61.6,0.2696,TRUE,31,31,284,658,TRUE,FALSE,FALSE,"",0,0,"4 - robust but small effect"
"SUMF2",-0.099,5.791,0.000815127332276632,0.0152981712376288,0.00745230557955464,0.152983607239783,1,1,659,-0.0631,0.218410013584254,FALSE,36.3,-0.3413,TRUE,30,30,273,661,TRUE,FALSE,FALSE,"",0,0,"4 - robust but small effect"
"AKAP1",-0.1388,3.995,0.000832542928678756,0.015601349911968,0.00759999513612217,0.156015431535519,1,1,660,-0.0908,0.185135525504713,FALSE,34.6,-0.2876,TRUE,27,27,391,674,TRUE,FALSE,FALSE,"",0,0,"4 - robust but small effect"
"MAP7D1",0.1702,4.803,0.00083477071694899,0.0156194315086613,0.00760880335128932,0.156196249742077,1,1,661,0.1022,0.19904350636271,FALSE,40,0.1081,TRUE,29,29,513,669,TRUE,FALSE,FALSE,"",0,0,"4 - robust but small effect"
"SBNO2",0.2659,6.82,0.000844196413091594,0.015758073257371,0.007676340879888,0.157582684401632,1,1,662,0.092,0.345827884830366,FALSE,65.4,0.3976,TRUE,31,31,307,662,TRUE,FALSE,FALSE,"",0,0,"4 - robust but small effect"
"RP11-448G15.3",0.133,5.777,0.000845919848521552,0.015758073257371,0.007676340879888,0.157582684401632,1,1,663,0.0727,0.280551911071823,FALSE,45.3,0.0666,TRUE,29,29,528,663,TRUE,FALSE,FALSE,"",0,0,"4 - robust but small effect"
"TTC7B",0.283,2.165,0.000846002639302585,0.015758073257371,0.007676340879888,0.157582684401632,1,1,664,0.2842,0.0330035904738304,TRUE,-0.4,-0.0055,FALSE,19,19,467,536,TRUE,FALSE,FALSE,"",0,0,"4 - robust but small effect"
"PTBP3",0.1223,8.57,0.000857665701417447,0.0159314748736222,0.00776081122684778,0.15931672204203,1,1,665,0.0469,0.341819093842777,FALSE,61.7,0.1705,TRUE,31,31,174,673,TRUE,FALSE,FALSE,"",0,0,"4 - robust but small effect"
"FLOT2",0.2292,5.927,0.000857888281519437,0.0159314748736222,0.00776081122684778,0.15931672204203,1,1,666,0.0925,0.284735871421862,FALSE,59.6,0.3703,TRUE,30,30,373,669,TRUE,FALSE,FALSE,"",0,0,"4 - robust but small effect"
"AL512428.1",0.1884,3.253,0.000864510132156162,0.0160303767833694,0.00780899000863738,0.1603057533897,1,1,667,0.0908,0.309224936286466,FALSE,51.8,0.2013,TRUE,24,24,605,679,TRUE,FALSE,FALSE,"",0,0,"4 - robust but small effect"
"RTN3",0.187,6.792,0.000868324581780061,0.0160770036339159,0.00783170367376028,0.160772027670464,1,1,668,0.0561,0.318193114701041,FALSE,70,0.4007,TRUE,31,31,219,668,TRUE,FALSE,FALSE,"",0,0,"4 - robust but small effect"
"WDR43",-0.1242,5.587,0.000881499868411682,0.0162965476420264,0.00793865168808083,0.162967494944749,1,1,669,-0.0665,0.205033259711507,FALSE,46.5,-0.344,TRUE,30,30,298,674,TRUE,FALSE,FALSE,"",0,0,"4 - robust but small effect"
"CSF1",0.2974,1.865,0.000886451377732085,0.0163402266684671,0.00795992935894729,0.163404290619331,1,1,670,0.2507,0.0909288809526891,FALSE,15.7,0.0832,TRUE,19,19,642,739,TRUE,FALSE,FALSE,"",0,0,"4 - robust but small effect"
"PRDM10",0.1034,4.716,0.000886504858873011,0.0163402266684671,0.00795992935894729,0.163404290619331,1,1,671,0.0578,0.243301469860973,FALSE,44.1,0.0156,TRUE,29,29,416,700,TRUE,FALSE,FALSE,"",0,0,"4 - robust but small effect"
"KLHL24",-0.082,7.107,0.00090004492362627,0.0165408054769668,0.00805763872240676,0.165410103548439,1,1,672,-0.0948,0.0080769614217522,TRUE,-15.6,-0.0908,TRUE,31,31,29,739,TRUE,FALSE,FALSE,"",0,0,"4 - robust but small effect"
"RUNDC3A",0.4092,4.92,0.000900061617561338,0.0165408054769668,0.00805763872240676,0.165410103548439,1,1,673,0.4083,0.0358763836313715,TRUE,0.2,-0.0267,FALSE,28,28,515,685.5,TRUE,FALSE,FALSE,"",0,0,"4 - robust but small effect"
"PEX1",-0.1093,5.324,0.000902056610427388,0.0165520969519645,0.00806313921791176,0.165523019697002,1,1,674,-0.0692,0.175439193114189,FALSE,36.7,-0.2699,TRUE,29,29,283,689,TRUE,FALSE,FALSE,"",0,0,"4 - robust but small effect"
"NRD1",0.1366,7.953,0.000903913495005078,0.0165520969519645,0.00806313921791176,0.165523019697002,1,1,675,0.0459,0.36524943363676,FALSE,66.4,0.2316,TRUE,31,31,188,684,TRUE,FALSE,FALSE,"",0,0,"4 - robust but small effect"
"CLEC16A",0.1662,5.635,0.000904690939483184,0.0165520969519645,0.00806313921791176,0.165523019697002,1,1,676,0.1698,0.0335866875583261,TRUE,-2.2,-0.115,FALSE,30,30,559,683.5,TRUE,FALSE,FALSE,"",0,0,"4 - robust but small effect"
"RC3H1-IT1",0.2267,1.956,0.000907820391478833,0.0165848192050372,0.00807907943882846,0.165850246280776,1,1,677,0.1411,0.218241932519693,FALSE,37.8,0.1988,TRUE,19,19,508,584,TRUE,FALSE,FALSE,"",0,0,"4 - robust but small effect"
"LGALSL",0.2732,4.58,0.000909709839127244,0.0165948249119849,0.00808395358911448,0.165950304589581,1,1,678,0.1592,0.256627143017721,FALSE,41.7,0.2169,TRUE,27,27,542,683,TRUE,FALSE,FALSE,"",0,0,"4 - robust but small effect"
"RASSF2",0.2204,10.151,0.000915077540135622,0.0166681576088327,0.00811967666067601,0.1666836406412,1,1,679,0.0552,0.407016371131717,FALSE,75,0.3954,TRUE,31,31,164,681,TRUE,FALSE,FALSE,"",0,0,"4 - robust but small effect"
"SAMD4B",0.243,3.818,0.00092199749322161,0.0167695073473013,0.00816904787045946,0.167697150579277,1,1,680,0.1827,0.143448608662965,FALSE,24.8,0.0845,TRUE,27,27,567,687,TRUE,FALSE,FALSE,"",0,0,"4 - robust but small effect"
"DUS2",0.1212,4.416,0.000923697608890784,0.0167757592169768,0.00817209338763547,0.167759670050402,1,1,681,0.0962,0.106387577018695,FALSE,20.6,-0.0703,FALSE,28,28,535,709,TRUE,FALSE,FALSE,"",0,0,"4 - robust but small effect"
"BRI3",0.1928,5.647,0.000925185867967371,0.0167781507551619,0.00817325839442509,0.167783585728474,1,1,682,0.0785,0.31428294187571,FALSE,59.3,0.3208,TRUE,30,30,484,674,TRUE,FALSE,FALSE,"",0,0,"4 - robust but small effect"
"RNMT",-0.1101,5.261,0.000926876178694052,0.0167841941114027,0.00817620233698742,0.167844020039424,1,1,683,-0.0567,0.25849620181773,FALSE,48.5,-0.312,TRUE,29,29,329,683,TRUE,FALSE,FALSE,"",0,0,"4 - robust but small effect"
"SNAP23",0.1526,7.854,0.000928703105609634,0.0167926900733625,0.008180341034596,0.16792898071135,1,1,684,0.0516,0.396660867440533,FALSE,66.2,0.1925,TRUE,31,31,295,684,TRUE,FALSE,FALSE,"",0,0,"4 - robust but small effect"
"TWISTNB",-0.1618,4.082,0.000930720780603747,0.0168046052766528,0.00818614537124397,0.168048134220094,1,1,685,-0.1057,0.148474698016348,FALSE,34.7,-0.3111,TRUE,26,26,375,696,TRUE,FALSE,FALSE,"",0,0,"4 - robust but small effect"
"CENPC",-0.13,5.637,0.000933204786162148,0.0168248932875415,0.00819602841245167,0.168251016841897,1,1,686,-0.0876,0.169479805914229,FALSE,32.6,-0.2491,TRUE,30,30,277,699,TRUE,FALSE,FALSE,"",0,0,"4 - robust but small effect"
"NHLRC3",-0.0999,5.205,0.000935336229915269,0.0168292376902975,0.00819814473187285,0.168294461407564,1,1,687,-0.0566,0.258731112729144,FALSE,43.3,-0.2903,TRUE,29,29,264,689,TRUE,FALSE,FALSE,"",0,0,"4 - robust but small effect"
"DCP2",0.1273,8.819,0.00093616716776558,0.0168292376902975,0.00819814473187285,0.168294461407564,1,1,688,0.0567,0.31296521456741,FALSE,55.5,0.1682,TRUE,31,31,250,688,TRUE,FALSE,FALSE,"",0,0,"4 - robust but small effect"
"STXBP5",0.1508,7.561,0.000937591535349722,0.0168303804197465,0.00819870139769365,0.168305888843595,1,1,689,0.0477,0.448259867725991,FALSE,68.4,0.2638,TRUE,31,31,292,703,TRUE,FALSE,FALSE,"",0,0,"4 - robust but small effect"
"FAM45B",0.1676,4.445,0.000942321352161725,0.0168907688167191,0.00822811882156145,0.168909780293154,1,1,690,0.0714,0.37406186263483,FALSE,57.4,0.2153,TRUE,28,28,496,700.5,TRUE,FALSE,FALSE,"",0,0,"4 - robust but small effect"
"RPGRIP1L",-0.1849,2.722,0.000944139160144671,0.0168988612629078,0.00823206095169892,0.168990705757388,1,1,691,-0.1098,0.187304295497666,FALSE,40.6,-0.2608,TRUE,21,21,642,720,TRUE,FALSE,FALSE,"",0,0,"4 - robust but small effect"
"POLR1B",-0.1301,4.916,0.000949270404752545,0.0169661508178894,0.00826484018512793,0.16966360964183,1,1,692,-0.0766,0.253723873392732,FALSE,41.1,-0.2939,TRUE,29,29,200,732,TRUE,FALSE,FALSE,"",0,0,"4 - robust but small effect"
"NCOA7",-0.0929,5.63,0.000953966034339164,0.0170254717355076,0.0082937376002819,0.170256826165624,1,1,693,-0.0638,0.185135525504713,FALSE,31.3,-0.2198,TRUE,30,30,227,721.5,TRUE,FALSE,FALSE,"",0,0,"4 - robust but small effect"
"HAVCR2",-0.1574,4.873,0.0009567968770682,0.0170513887256189,0.00830636272566528,0.17051599927687,1,1,694,-0.1098,0.0721759801415035,FALSE,30.2,-0.2966,TRUE,30,30,208,707.5,TRUE,FALSE,FALSE,"",0,0,"4 - robust but small effect"
"GNAS",0.1624,8.439,0.000960454965992914,0.0170919525458998,0.00832612286428002,0.170921642503999,1,1,695,0.1244,0.121494592777515,FALSE,23.4,0.012,TRUE,31,31,456,695,TRUE,FALSE,FALSE,"",0,0,"4 - robust but small effect"
"RFX1",0.2673,1.705,0.000962818149699292,0.0171093891889093,0.00833461689863024,0.171096011093832,1,1,696,0.2105,0.137226917999574,FALSE,21.2,0.1007,TRUE,17,17,657,721,TRUE,FALSE,FALSE,"",0,0,"4 - robust but small effect"
"RIPK2",0.1142,4.652,0.000965054052898552,0.0171245172543031,0.00834198633935565,0.171247293621565,1,1,697,0.0855,0.136390282631094,FALSE,25.1,-0.0116,FALSE,28,28,557,711,TRUE,FALSE,FALSE,"",0,0,"4 - robust but small effect"
"RP11-378A13.1",0.1363,3.755,0.000975668261463583,0.0172880588220367,0.00842165349164323,0.172882729555501,1,1,698,0.0708,0.314582726297988,FALSE,48.1,0.1073,TRUE,26,26,615,680,TRUE,FALSE,FALSE,"",0,0,"4 - robust but small effect"
"PTAFR",0.2651,8.57,0.000983253304914272,0.0173975348715017,0.00847498332836577,0.173977503610084,1,1,699,0.0773,0.403260861797177,FALSE,70.8,0.3758,TRUE,31,31,220,699,TRUE,FALSE,FALSE,"",0,0,"4 - robust but small effect"
"C3orf18",-0.1702,3.295,0.000985321927063104,0.0174092308484521,0.00848068087174736,0.174094464828276,1,1,700,-0.1091,0.200569558918623,FALSE,35.9,-0.3687,TRUE,24,24,578,702,TRUE,FALSE,FALSE,"",0,0,"4 - robust but small effect"
"PPP3CA",0.1346,6.905,0.000992136551727047,0.0175046289183454,0.00852715280342478,0.175048457343413,1,1,701,0.0545,0.392144408309471,FALSE,59.5,0.1697,TRUE,31,31,351,701,TRUE,FALSE,FALSE,"",0,0,"4 - robust but small effect"
"PTPLB",-0.1056,4.979,0.00100044332932179,0.0176260442977947,0.00858629872980115,0.17626262617667,1,1,702,-0.0626,0.216891003740951,FALSE,40.7,-0.2934,TRUE,28,28,421,739,TRUE,FALSE,FALSE,"",0,0,"4 - robust but small effect"
"KIF3A",-0.1381,4.016,0.00100422793068888,0.0176280793224038,0.00858729006562902,0.176282976674823,1,1,703,-0.0798,0.188228965027051,FALSE,42.2,-0.2882,TRUE,27,27,504,712,TRUE,FALSE,FALSE,"",0,0,"4 - robust but small effect"
"ZNF225",-0.128,3.473,0.00100460173416086,0.0176280793224038,0.00858729006562902,0.176282976674823,1,1,704,-0.0929,0.143448608662965,FALSE,27.4,-0.2768,TRUE,24,24,451,741,TRUE,FALSE,FALSE,"",0,0,"4 - robust but small effect"
"FBXO32",-0.1541,3.852,0.00100483472851671,0.0176280793224038,0.00858729006562902,0.176282976674823,1,1,705,-0.095,0.196118772025292,FALSE,38.4,-0.2804,TRUE,26,26,604,754.5,TRUE,FALSE,FALSE,"",0,0,"4 - robust but small effect"
"RP5-1085F17.3",0.1343,3.408,0.00101389256268739,0.0177617892568239,0.00865242512490132,0.177620092580616,1,1,706,0.0924,0.200049355950474,FALSE,31.2,0.0239,TRUE,24,24,479,734,TRUE,FALSE,FALSE,"",0,0,"4 - robust but small effect"
"ACADSB",-0.1176,4.406,0.00101737530189725,0.0177975922685504,0.00866986609741432,0.177978127132517,1,1,707,-0.0662,0.18116013206875,FALSE,43.7,-0.3023,TRUE,27,27,440,725,TRUE,FALSE,FALSE,"",0,0,"4 - robust but small effect"
"USP32",0.1746,7.966,0.00102316485474264,0.0178735916997979,0.00870688823402993,0.17873813085844,1,1,708,0.046,0.422083127214737,FALSE,73.7,0.3249,TRUE,31,31,185,710,TRUE,FALSE,FALSE,"",0,0,"4 - robust but small effect"
"GNAQ",0.1547,7.402,0.00102654975581226,0.0178854287410263,0.00871265449504384,0.178856502736885,1,1,709,0.051,0.427974996343812,FALSE,67,0.2931,TRUE,31,31,272,718,TRUE,FALSE,FALSE,"",0,0,"4 - robust but small effect"
"RABEPK",0.1233,3.665,0.00102673467061196,0.0178854287410263,0.00871265449504384,0.178856502736885,1,1,710,0.1043,0.110224600452262,FALSE,15.4,-0.0897,FALSE,25,26,569,705,FALSE,FALSE,FALSE,"",0,0,"5 - filter-dependent"
"OBFC1",0.1162,5.299,0.00102987675014391,0.0179149305847819,0.00872702593535601,0.179151524828601,1,1,711,0.1296,0.0172360895730933,TRUE,-11.5,-0.1877,FALSE,27,29,526,712,FALSE,FALSE,FALSE,"",0,0,"5 - filter-dependent"
"VASP",0.2247,8.46,0.00103408848882443,0.0179629303789052,0.0087504084121244,0.179631528715189,1,1,712,0.0667,0.363309879470776,FALSE,70.3,0.3645,TRUE,31,31,252,712,TRUE,FALSE,FALSE,"",0,0,"4 - robust but small effect"
"IP6K1",0.1634,5.849,0.00104217655733947,0.0180595134214508,0.00879745758785088,0.180597371103623,1,1,713,0.0638,0.327016396652086,FALSE,61,0.1996,TRUE,30,30,466,714.5,TRUE,FALSE,FALSE,"",0,0,"4 - robust but small effect"
"INTS3",0.144,5.322,0.00104313304975042,0.0180595134214508,0.00879745758785088,0.180597371103623,1,1,714,0.1153,0.115526839762202,FALSE,19.9,0.0199,TRUE,30,30,504,739,TRUE,FALSE,FALSE,"",0,0,"4 - robust but small effect"
"LYL1",0.2365,6.808,0.00104406973796091,0.0180595134214508,0.00879745758785088,0.180597371103623,1,1,715,0.2062,0.0926848842592157,FALSE,12.8,0.0274,TRUE,31,31,535,714,TRUE,FALSE,FALSE,"",0,0,"4 - robust but small effect"
"REC8",0.237,2.539,0.00104548929574376,0.0180595134214508,0.00879745758785088,0.180597371103623,1,1,716,0.1992,0.0921426609485386,FALSE,15.9,-0.008,FALSE,22,22,560,759,TRUE,FALSE,FALSE,"",0,0,"4 - robust but small effect"
"AKR1C3",-0.3268,2.344,0.00104717040252886,0.0180633243214462,0.00879931401832597,0.180635480575603,1,1,717,-0.2187,0.19625536009978,FALSE,33.1,-0.333,TRUE,17,17,680,737,TRUE,FALSE,FALSE,"",0,0,"4 - robust but small effect"
"RP11-288H12.3",0.2471,5.005,0.00105208441239297,0.01812281338785,0.00882829334497864,0.181230378608081,1,1,718,0.09,0.385513114041024,FALSE,63.6,0.3165,TRUE,29,29,523,718,TRUE,FALSE,FALSE,"",0,0,"4 - robust but small effect"
"U73166.2",0.2787,1.805,0.00105594089086865,0.01813946872762,0.00883640677759547,0.181396934068746,1,1,719,0.1644,0.276215903796703,FALSE,41,0.2536,TRUE,17,17,719,873,TRUE,FALSE,FALSE,"",0,0,"4 - robust but small effect"
"EMR4P",0.3366,4.098,0.00105598459604515,0.01813946872762,0.00883640677759547,0.181396934068746,1,1,720,0.3716,0.0205299638380215,TRUE,-10.4,-0.1869,FALSE,26,26,661,734,TRUE,FALSE,FALSE,"",0,0,"4 - robust but small effect"
"RNF130",0.1744,8.21,0.0010582141845932,0.0181525562205946,0.00884278217994924,0.181527810619536,1,1,721,0.0512,0.403838831197287,FALSE,70.6,0.2844,TRUE,31,31,322,719,TRUE,FALSE,FALSE,"",0,0,"4 - robust but small effect"
"7SK",0.1592,5.172,0.0010613991295705,0.0181819729010082,0.00885711213404464,0.181821981067285,1,1,722,0.0535,0.42270536772076,FALSE,66.4,0.2457,TRUE,29,29,508,732,TRUE,FALSE,FALSE,"",0,0,"4 - robust but small effect"
"RP1-90J20.12",0.3215,1.871,0.00106506160542565,0.0182194770897709,0.00887538181287302,0.182197027600259,1,1,723,0.1441,0.416818872206068,FALSE,55.2,0.3402,TRUE,16,16,528,601,TRUE,FALSE,FALSE,"",0,0,"4 - robust but small effect"
"ST3GAL2",0.1803,6.706,0.00106875355321609,0.0182573811411279,0.00889384627957478,0.182576072808703,1,1,724,0.0603,0.354716833178266,FALSE,66.6,0.2957,TRUE,31,31,464,713,TRUE,FALSE,FALSE,"",0,0,"4 - robust but small effect"
"KIAA1107",-0.1881,2.922,0.00107025073623386,0.0182577394561936,0.00889402082810886,0.182579656003742,1,1,725,-0.1533,0.1125038742282,FALSE,18.5,-0.1799,TRUE,22,22,640,764.5,TRUE,FALSE,FALSE,"",0,0,"4 - robust but small effect"
"AC083799.1",0.2386,4.073,0.00108365539564901,0.0184517591617643,0.00898853500970014,0.184519877091136,1,1,726,0.0881,0.458579244117683,FALSE,63.1,0.2811,TRUE,26,26,539,757,TRUE,FALSE,FALSE,"",0,0,"4 - robust but small effect"
"CNOT6L",-0.0967,7.617,0.00108460777090901,0.0184517591617643,0.00898853500970014,0.184519877091136,1,1,727,-0.0719,0.115526839762202,FALSE,25.6,-0.224,TRUE,31,31,75,771,TRUE,FALSE,FALSE,"",0,0,"4 - robust but small effect"
"ZNF251",-0.1233,3.788,0.00108942147310194,0.0185081933781935,0.00901602620583335,0.185084226245488,1,1,728,-0.0799,0.207916200155346,FALSE,35.2,-0.3127,TRUE,27,27,618,761,TRUE,FALSE,FALSE,"",0,0,"4 - robust but small effect"
"FKTN",-0.1321,4.443,0.0010961318904909,0.0185966518814697,0.0090591176176946,0.185968822234905,1,1,729,-0.0669,0.261180131680621,FALSE,49.4,-0.3433,TRUE,28,28,483,732,TRUE,FALSE,FALSE,"",0,0,"4 - robust but small effect"
"ELF4",0.2018,4.507,0.00110893870212275,0.0187749288710541,0.00914596293950129,0.18775161421251,1,1,730,0.1355,0.138981648744202,FALSE,32.9,0.1268,TRUE,27,27,607,746,TRUE,FALSE,FALSE,"",0,0,"4 - robust but small effect"
"CDK11A",0.2622,1.404,0.00110967601914137,0.0187749288710541,0.00914596293950129,0.18775161421251,1,1,731,0.2329,0.0934145922064358,FALSE,11.2,-0.0529,FALSE,17,17,731,834,TRUE,FALSE,FALSE,"",0,0,"4 - robust but small effect"
"ALPL",0.4081,6.063,0.00112505287476063,0.0190047136687012,0.00925789962154015,0.190049490650607,1,1,732,0.1325,0.382388435527935,FALSE,67.5,0.5718,TRUE,30,30,420,742.5,TRUE,FALSE,FALSE,"",0,0,"4 - robust but small effect"
"CLIP1",0.1088,6.449,0.0011263304591816,0.0190047136687012,0.00925789962154015,0.190049490650607,1,1,733,0.0512,0.318165408177483,FALSE,52.9,0.1409,TRUE,29,30,405,740.5,FALSE,FALSE,FALSE,"",0,0,"5 - filter-dependent"
"PLCG2",0.1788,7.693,0.00113096888009228,0.0190569797125087,0.00928336034647501,0.190572157562463,1,1,734,0.0582,0.353696002228952,FALSE,67.4,0.2276,TRUE,31,31,276,734,TRUE,FALSE,FALSE,"",0,0,"4 - robust but small effect"
"NOTCH1",0.2462,6.589,0.00113853281962406,0.0191370964793576,0.0093223881896943,0.191373335154382,1,1,735,0.1179,0.287929005140029,FALSE,52.1,0.2451,TRUE,31,31,339,733,TRUE,FALSE,FALSE,"",0,0,"4 - robust but small effect"
"CDC42SE1",0.1263,9.591,0.00113881816047923,0.0191370964793576,0.0093223881896943,0.191373335154382,1,1,736,0.0302,0.476625016553378,FALSE,76.1,0.1985,TRUE,30,31,266,740,FALSE,FALSE,FALSE,"",0,0,"5 - filter-dependent"
"NANP",-0.1628,2.452,0.00114133574441686,0.0191533792224528,0.00933032011667656,0.191536164602149,1,1,737,-0.1077,0.234012374528423,FALSE,33.8,-0.3278,TRUE,21,21,404,616,TRUE,FALSE,FALSE,"",0,0,"4 - robust but small effect"
"SRSF8",-0.1454,3.893,0.00114556090437246,0.0191982347768002,0.00935217091784391,0.191984725701527,1,1,738,-0.104,0.147404027281663,FALSE,28.5,-0.2884,TRUE,27,27,518,747,TRUE,FALSE,FALSE,"",0,0,"4 - robust but small effect"
"DOK3",0.253,5.839,0.00116120883373269,0.0194247005291196,0.00946249077002576,0.194249411275242,1,1,739,0.0856,0.374699358308199,FALSE,66.2,0.4099,TRUE,30,30,470,742.5,TRUE,FALSE,FALSE,"",0,0,"4 - robust but small effect"
"SLC24A3",0.3221,1.496,0.00116343631486982,0.0194247005291196,0.00946249077002576,0.194249411275242,1,1,740,0.2592,0.116110867188106,FALSE,19.5,0.1233,TRUE,17,17,740,839,TRUE,FALSE,FALSE,"",0,0,"4 - robust but small effect"
"NLRP3",-0.19,5.565,0.00116378582568545,0.0194247005291196,0.00946249077002576,0.194249411275242,1,1,741,-0.2381,9.88417926003426e-05,TRUE,-25.3,-0.0698,TRUE,29,29,160,771,TRUE,FALSE,FALSE,"gran",1,1,"4 - robust but small effect"
"SLC19A1",0.2746,5.814,0.00116768810735242,0.0194635667274054,0.00948142393411719,0.194638078072148,1,1,742,0.0928,0.403872039482162,FALSE,66.2,0.3752,TRUE,30,30,465,743,TRUE,FALSE,FALSE,"",0,0,"4 - robust but small effect"
"GBA2",0.1194,5.607,0.00117247405820351,0.019498194725907,0.00949829251418693,0.194984362346261,1,1,743,0.0698,0.199896448543429,FALSE,41.5,0.0252,TRUE,30,30,512,751.5,TRUE,FALSE,FALSE,"",0,0,"4 - robust but small effect"
"CAMK2G",0.1537,6.588,0.00117291857018716,0.019498194725907,0.00949829251418693,0.194984362346261,1,1,744,0.0478,0.429362558315658,FALSE,68.9,0.2027,TRUE,31,31,463,744,TRUE,FALSE,FALSE,"",0,0,"4 - robust but small effect"
"LRFN1",0.3034,1.525,0.00117538169062096,0.0195106871549902,0.00950437803888875,0.195109288184432,1,1,745,0.1525,0.314171218261315,FALSE,49.7,0.2466,TRUE,17,17,702,749,TRUE,FALSE,FALSE,"",0,0,"4 - robust but small effect"
"FAM45A",0.1485,5.099,0.00117682508227868,0.0195106871549902,0.00950437803888875,0.195109288184432,1,1,746,0.0529,0.435463076429935,FALSE,64.4,0.2424,TRUE,30,30,546,746,TRUE,FALSE,FALSE,"",0,0,"4 - robust but small effect"
"TOPORS",0.19,6.994,0.00118403369032678,0.0195114473522037,0.0095047483590955,0.195116890250726,1,1,747,0.0567,0.531387615828122,FALSE,70.2,0.2586,TRUE,31,31,411,747,TRUE,FALSE,FALSE,"",0,0,"4 - robust but small effect"
"TRMT61B",-0.1537,3.327,0.00118471281682468,0.0195114473522037,0.0095047483590955,0.195116890250726,1,1,748,-0.0713,0.286414520099566,FALSE,53.6,-0.3863,TRUE,24,24,643,809,TRUE,FALSE,FALSE,"",0,0,"4 - robust but small effect"
"ATP13A3",-0.1042,6.69,0.00118492334890552,0.0195114473522037,0.0095047483590955,0.195116890250726,1,1,749,-0.0845,0.134433790069693,FALSE,18.9,-0.1664,TRUE,29,30,147,829,FALSE,FALSE,FALSE,"",0,0,"5 - filter-dependent"
"SLC46A3",-0.0805,4.988,0.00118658625666823,0.0195114473522037,0.0095047483590955,0.195116890250726,1,1,750,-0.0875,0.0172254308801591,TRUE,-8.7,-0.1139,TRUE,27,27,289,806,TRUE,FALSE,FALSE,"gran",1,1,"4 - robust but small effect"
"RBBP7",-0.1211,5.715,0.0011885344932402,0.0195114473522037,0.0095047483590955,0.195116890250726,1,1,751,-0.079,0.222981644965749,FALSE,34.8,-0.2909,TRUE,30,30,243,796,TRUE,FALSE,FALSE,"",0,0,"4 - robust but small effect"
"SERBP1",-0.0999,7.129,0.00118901218173753,0.0195114473522037,0.0095047483590955,0.195116890250726,1,1,752,-0.0621,0.221114539963374,FALSE,37.8,-0.245,TRUE,30,31,107,782,FALSE,FALSE,FALSE,"",0,0,"5 - filter-dependent"
"NIPSNAP1",-0.1264,3.11,0.00119097372958179,0.0195114473522037,0.0095047483590955,0.195116890250726,1,1,753,-0.1076,0.107792211379579,FALSE,14.9,-0.2132,TRUE,24,24,623,756.5,TRUE,FALSE,FALSE,"",0,0,"4 - robust but small effect"
"NR6A1",0.2959,2.642,0.0011917867156596,0.0195114473522037,0.0095047483590955,0.195116890250726,1,1,754,0.1351,0.232234265930713,FALSE,54.3,0.3336,TRUE,21,21,725,796,TRUE,FALSE,FALSE,"",0,0,"4 - robust but small effect"
"PLD6",-0.2128,2.142,0.00119238755424121,0.0195114473522037,0.0095047483590955,0.195116890250726,1,1,755,-0.1847,0.0908944588521445,FALSE,13.2,-0.1936,TRUE,19,19,648,737,TRUE,FALSE,FALSE,"",0,0,"4 - robust but small effect"
"RP11-47G11.2",0.3559,2.514,0.00119264668485333,0.0195114473522037,0.0095047483590955,0.195116890250726,1,1,756,0.1565,0.37406186263483,FALSE,56,0.325,TRUE,21,21,618,823,TRUE,FALSE,FALSE,"",0,0,"4 - robust but small effect"
"SERPINA1",0.2436,7.212,0.00119494482028127,0.0195191048494864,0.00950847860951814,0.195193466172026,1,1,757,0.094,0.318165408177483,FALSE,61.4,0.369,TRUE,31,31,317,757,TRUE,FALSE,FALSE,"",0,0,"4 - robust but small effect"
"ZNF646",0.1517,6.203,0.00119627114132525,0.0195191048494864,0.00950847860951814,0.195193466172026,1,1,758,0.0646,0.370713068652887,FALSE,57.4,0.172,TRUE,30,31,608,745,FALSE,FALSE,FALSE,"",0,0,"5 - filter-dependent"
"SEPHS1",-0.11,4.088,0.00120156884453071,0.0195797147156203,0.00953800391921365,0.195799572340631,1,1,759,-0.0511,0.323354200981411,FALSE,53.5,-0.3579,TRUE,26,26,484,788.5,TRUE,FALSE,FALSE,"",0,0,"4 - robust but small effect"
"MEGF9",0.22,8.396,0.0012066783673209,0.0196371026934538,0.00956595972783711,0.196373459227161,1,1,760,0.0653,0.392144408309471,FALSE,70.3,0.4191,TRUE,31,31,242,760,TRUE,FALSE,FALSE,"",0,0,"4 - robust but small effect"
"NDUFB3",0.3462,3.168,0.00121151558471814,0.0196859832348021,0.00958977124918587,0.19686227069509,1,1,761,0.3256,0.0691919906768246,FALSE,6,0.1101,TRUE,22,22,686,754,TRUE,FALSE,FALSE,"",0,0,"4 - robust but small effect"
"BBS9",-0.1187,4.929,0.00121319614765767,0.0196859832348021,0.00958977124918587,0.19686227069509,1,1,762,-0.0704,0.206237860215104,FALSE,40.7,-0.277,TRUE,28,28,519,763,TRUE,FALSE,FALSE,"",0,0,"4 - robust but small effect"
"NSFL1C",0.1611,6.43,0.00121445708345359,0.0196859832348021,0.00958977124918587,0.19686227069509,1,1,763,0.0679,0.346401512404986,FALSE,57.9,0.1986,TRUE,30,30,491,760,TRUE,FALSE,FALSE,"",0,0,"4 - robust but small effect"
"ALDH1B1",-0.1679,2.535,0.00122371511300602,0.019810089682799,0.00965022809468064,0.198103350547143,1,1,764,-0.1223,0.183384204406861,FALSE,27.2,-0.2935,TRUE,21,21,669,768,TRUE,FALSE,FALSE,"",0,0,"4 - robust but small effect"
"IMP4",-0.1021,4.815,0.00124257530579303,0.0200891129177101,0.0097861506424188,0.200893617456655,1,1,765,-0.0548,0.310369518680342,FALSE,46.3,-0.3532,TRUE,29,29,309,765,TRUE,FALSE,FALSE,"",0,0,"4 - robust but small effect"
"EZH1",0.0834,6.607,0.0012473894543367,0.0201353488131236,0.0098086738588225,0.201355982137665,1,1,766,0.0374,0.379807577850865,FALSE,55.2,0.0243,TRUE,27,31,584,805,FALSE,FALSE,FALSE,"",0,0,"5 - filter-dependent"
"AGO2",0.1841,6.256,0.00124869118205577,0.0201353488131236,0.0098086738588225,0.201355982137665,1,1,767,0.1242,0.199904583282142,FALSE,32.5,0.1112,TRUE,31,31,449,767,TRUE,FALSE,FALSE,"",0,0,"4 - robust but small effect"
"SLC25A36",-0.1286,6.075,0.0012538846317054,0.020172214010553,0.00982663226131565,0.20172463867816,1,1,768,-0.0768,0.209508093535704,FALSE,40.3,-0.3237,TRUE,30,30,344,772.5,TRUE,FALSE,FALSE,"",0,0,"4 - robust but small effect"
"CLYBL",-0.1843,2.769,0.00125518010648417,0.020172214010553,0.00982663226131565,0.20172463867816,1,1,769,-0.1377,0.14197269444499,FALSE,25.3,-0.2598,TRUE,20,20,744,833.5,TRUE,FALSE,FALSE,"",0,0,"4 - robust but small effect"
"CTB-52I2.4",0.1791,1.923,0.00125587037420163,0.020172214010553,0.00982663226131565,0.20172463867816,1,1,770,0.1899,0.0304189996724482,TRUE,-6,-0.1588,FALSE,20,20,603,668,TRUE,FALSE,FALSE,"",0,0,"4 - robust but small effect"
"MBOAT7",0.2775,6.629,0.00126041844322244,0.0202190081786967,0.0098494274330346,0.20219258615562,1,1,771,0.0845,0.380279350775251,FALSE,69.5,0.3997,TRUE,31,31,314,762,TRUE,FALSE,FALSE,"",0,0,"4 - robust but small effect"
"AP3M1",-0.0854,5.704,0.00127394080839747,0.0204094558526682,0.00994220154579002,0.204097086484583,1,1,772,-0.0774,0.079464908654331,FALSE,9.4,-0.1812,TRUE,28,30,174,848,FALSE,FALSE,FALSE,"",0,0,"5 - filter-dependent"
"ANXA3",0.3862,5.733,0.00127580861886962,0.0204129379019139,0.00994389778089021,0.204131907408334,1,1,773,0.1579,0.437225907501271,FALSE,59.1,0.5384,TRUE,29,29,492,783,TRUE,FALSE,FALSE,"",0,0,"4 - robust but small effect"
"TCERG1",-0.1042,6.009,0.00127912857093226,0.0204396152006333,0.00995689328074478,0.204398683699834,1,1,774,-0.0513,0.287604672987779,FALSE,50.8,-0.2945,TRUE,30,30,388,774.5,TRUE,FALSE,FALSE,"",0,0,"4 - robust but small effect"
"BASP1",0.3479,7.665,0.00128317850441106,0.020472775819441,0.00997304704584017,0.204730293995254,1,1,775,0.0838,0.483773138126217,FALSE,75.9,0.5541,TRUE,31,31,280,775,TRUE,FALSE,FALSE,"",0,0,"4 - robust but small effect"
"MBOAT2",0.191,6.861,0.00128451439488084,0.020472775819441,0.00997304704584017,0.204730293995254,1,1,776,0.1211,0.243156527690525,FALSE,36.6,0.3043,TRUE,31,31,414,748,TRUE,FALSE,FALSE,"",0,0,"4 - robust but small effect"
"USPL1",-0.0961,5.495,0.00128924352676937,0.0205217039113044,0.00999688173080527,0.205219580974224,1,1,777,-0.0599,0.200466111729172,FALSE,37.7,-0.2683,TRUE,29,29,268,783,TRUE,FALSE,FALSE,"",0,0,"4 - robust but small effect"
"FNIP2",-0.118,4.96,0.00129220862117774,0.0205424630163577,0.0100069942594214,0.205427174596024,1,1,778,-0.0794,0.169479805914229,FALSE,32.7,-0.2734,TRUE,29,29,225,798,TRUE,FALSE,FALSE,"",0,0,"4 - robust but small effect"
"FBRS",0.1683,4.927,0.0012964451229989,0.0205833546614254,0.0100269140936266,0.205836096111625,1,1,779,0.0833,0.307235840008545,FALSE,50.5,0.1774,TRUE,30,30,547,783.5,TRUE,FALSE,FALSE,"",0,0,"4 - robust but small effect"
"NDEL1",0.1894,7.476,0.00129962027581038,0.0206073122707985,0.0100385847321121,0.206075675172796,1,1,780,0.0439,0.518642162383896,FALSE,76.8,0.3432,TRUE,31,31,359,778,TRUE,FALSE,FALSE,"",0,0,"4 - robust but small effect"
"TMTC2",-0.1352,4.369,0.00130563932143999,0.0206700348844148,0.0100691392393245,0.206702909077913,1,1,781,-0.1132,0.088628815378678,FALSE,16.3,-0.1636,TRUE,28,28,384,785.5,TRUE,FALSE,FALSE,"gran",1,1,"4 - robust but small effect"
"RPS16P5",0.2186,2.239,0.00130691844110708,0.0206700348844148,0.0100691392393245,0.206702909077913,1,1,782,0.1642,0.168324664540193,FALSE,24.9,0.1052,TRUE,20,20,716,840,TRUE,FALSE,FALSE,"",0,0,"4 - robust but small effect"
"MSRB1",0.2589,7.863,0.0013089811296831,0.0206762178951731,0.0100721512127726,0.206764739951336,1,1,783,0.0432,0.606297019963189,FALSE,83.3,0.5628,TRUE,31,31,384,783,TRUE,FALSE,FALSE,"",0,0,"4 - robust but small effect"
"TMEM97",-0.246,1.787,0.00131152444416961,0.0206899672519002,0.0100788490334638,0.206902235221632,1,1,784,-0.1698,0.220774773257894,FALSE,31,-0.2858,TRUE,17,17,784,831,TRUE,FALSE,FALSE,"",0,0,"4 - robust but small effect"
"RXRA",0.2036,7.668,0.00131442810851359,0.0207093590396128,0.0100882954911824,0.207096155500665,1,1,785,0.0722,0.329516733865235,FALSE,64.5,0.2679,TRUE,31,31,353,769,TRUE,FALSE,FALSE,"",0,0,"4 - robust but small effect"
"RP11-68I3.11",0.2344,3.712,0.00132658152703397,0.0208481478958772,0.0101559046813172,0.208484061253987,1,1,786,0.1065,0.330014784345799,FALSE,54.6,0.2324,TRUE,26,26,708,802.5,TRUE,FALSE,FALSE,"",0,0,"4 - robust but small effect"
"PTGDR2",0.3447,3.959,0.00132660837597472,0.0208481478958772,0.0101559046813172,0.208484061253987,1,1,787,0.3451,0.0555532080858851,FALSE,-0.1,-0.1625,FALSE,26,26,651,808,TRUE,FALSE,FALSE,"",0,0,"4 - robust but small effect"
"AC009506.1",0.2863,3.234,0.00132966854631545,0.020869721549276,0.0101664140065887,0.208699800460133,1,1,788,0.0881,0.542087623957334,FALSE,69.2,0.488,TRUE,23,23,676,823,TRUE,FALSE,FALSE,"",0,0,"4 - robust but small effect"
"CUL1",-0.1043,5.874,0.00135846602010226,0.0212946866116917,0.0103734302215704,0.212949503721352,1,1,789,-0.0548,0.317777796261876,FALSE,47.5,-0.2986,TRUE,29,30,257,829,FALSE,FALSE,FALSE,"",0,0,"5 - filter-dependent"
"MSRA",0.1674,3.555,0.00136624499370326,0.021389516559648,0.0104196254000193,0.213897814946751,1,1,790,0.1087,0.213792392530744,FALSE,35.1,0.1236,TRUE,25,25,615,824,TRUE,FALSE,FALSE,"",0,0,"4 - robust but small effect"
"ADK",-0.148,4.852,0.00136952869365407,0.0214138190684115,0.0104314640517667,0.214140843044545,1,1,791,-0.126,0.0931528468779592,FALSE,14.9,-0.2008,TRUE,28,28,440,806.5,TRUE,FALSE,FALSE,"",0,0,"4 - robust but small effect"
"NFE2",0.2045,7.836,0.00137296971426105,0.0214405169519958,0.0104444695792711,0.214407825187243,1,1,792,0.0834,0.3813685306155,FALSE,59.2,0.3363,TRUE,31,31,374,792,TRUE,FALSE,FALSE,"",0,0,"4 - robust but small effect"
"RP11-288H12.4",0.2371,4.951,0.001384004837135,0.0215705236484857,0.0105078006542461,0.215707908255044,1,1,793,0.0746,0.411219129502002,FALSE,68.5,0.3316,TRUE,27,27,605,812,TRUE,FALSE,FALSE,"",0,0,"4 - robust but small effect"
"GTPBP4",-0.1124,4.891,0.00138541034601005,0.0215705236484857,0.0105078006542461,0.215707908255044,1,1,794,-0.0645,0.253166510642408,FALSE,42.6,-0.3161,TRUE,28,29,322,841,FALSE,FALSE,FALSE,"",0,0,"5 - filter-dependent"
"VPS8",0.1323,7.943,0.00138652702947495,0.0215705236484857,0.0105078006542461,0.215707908255044,1,1,795,0.0433,0.48343610974649,FALSE,67.3,0.1921,TRUE,29,31,346,818,FALSE,FALSE,FALSE,"",0,0,"5 - filter-dependent"
"RIN3",0.1884,5.055,0.00139122447637426,0.0216164124670815,0.0105301547966824,0.216166802124887,1,1,796,0.1435,0.132930788987977,FALSE,23.8,0.0459,TRUE,30,30,630,791,TRUE,FALSE,FALSE,"",0,0,"4 - robust but small effect"
"RP11-446E9.2",0.223,2.811,0.00139730779113144,0.0216836922970059,0.010562929292676,0.216839608757551,1,1,797,0.0751,0.441031182813083,FALSE,66.3,0.3475,TRUE,22,22,737,874.5,TRUE,FALSE,FALSE,"",0,0,"4 - robust but small effect"
"ACKR3",-0.1997,2.046,0.00139974046069838,0.0216942230800971,0.010568059226991,0.216944917892829,1,1,798,-0.1542,0.15341163912208,FALSE,22.8,-0.3216,TRUE,17,17,768,824,TRUE,FALSE,FALSE,"",0,0,"4 - robust but small effect"
"STX7",0.1116,8.538,0.00140433875118328,0.0217270019880659,0.010584027046605,0.21727271103258,1,1,799,0.0436,0.424184803170028,FALSE,60.9,0.1454,TRUE,29,31,549,794,FALSE,FALSE,FALSE,"",0,0,"5 - filter-dependent"
"SLC35B4",-0.0963,4.537,0.00141125319271053,0.0217270019880659,0.010584027046605,0.21727271103258,1,1,800,-0.0419,0.383708668532089,FALSE,56.5,-0.3098,TRUE,27,27,608,827,TRUE,FALSE,FALSE,"",0,0,"4 - robust but small effect"
"MTMR3",0.1815,7.688,0.00141130352412918,0.0217270019880659,0.010584027046605,0.21727271103258,1,1,801,0.0656,0.330158495472626,FALSE,63.9,0.2927,TRUE,31,31,285,801,TRUE,FALSE,FALSE,"",0,0,"4 - robust but small effect"
"EIF5A2",-0.1959,3.176,0.00141206643636226,0.0217270019880659,0.010584027046605,0.21727271103258,1,1,802,-0.0992,0.330639013183358,FALSE,49.4,-0.3008,TRUE,23,23,646,773,TRUE,FALSE,FALSE,"",0,0,"4 - robust but small effect"
"ADAM8",0.2313,7.662,0.00141230488766265,0.0217270019880659,0.010584027046605,0.21727271103258,1,1,803,0.0818,0.411443488627463,FALSE,64.6,0.325,TRUE,31,31,352,803,TRUE,FALSE,FALSE,"",0,0,"4 - robust but small effect"
"PSMD12",-0.0895,5.049,0.00141239566610648,0.0217270019880659,0.010584027046605,0.21727271103258,1,1,804,-0.0697,0.143448608662965,FALSE,22.1,-0.1787,TRUE,29,29,291,839,TRUE,FALSE,FALSE,"",0,0,"4 - robust but small effect"
"RSPH3",0.1717,4.152,0.00141572524958766,0.0217511675613666,0.0105957989920189,0.217514369758786,1,1,805,0.081,0.365081957947787,FALSE,52.8,0.1448,TRUE,27,27,531,823,TRUE,FALSE,FALSE,"",0,0,"4 - robust but small effect"
"LGALS12",0.2972,3.045,0.00142148227933992,0.0218125221226751,0.0106256870703041,0.218127922971375,1,1,806,0.2819,0.0658816910638932,FALSE,5.1,-0.0546,FALSE,22,22,727,793.5,TRUE,FALSE,FALSE,"",0,0,"4 - robust but small effect"
"ZSCAN30",-0.1245,4.489,0.00142493919396316,0.0218237049658626,0.0106311346472326,0.218239752788381,1,1,807,-0.088,0.155590099907901,FALSE,29.3,-0.2618,TRUE,28,28,550,807,TRUE,FALSE,FALSE,"",0,0,"4 - robust but small effect"
"TMEM186",-0.1445,2.502,0.0014281970609097,0.0218237049658626,0.0106311346472326,0.218239752788381,1,1,808,-0.1073,0.181442878254481,FALSE,25.7,-0.2758,TRUE,21,21,679,910,TRUE,FALSE,FALSE,"",0,0,"4 - robust but small effect"
"NUCKS1",-0.1302,7.007,0.00142847968893389,0.0218237049658626,0.0106311346472326,0.218239752788381,1,1,809,-0.0628,0.352594402839773,FALSE,51.8,-0.3463,TRUE,30,31,161,840,FALSE,FALSE,FALSE,"",0,0,"5 - filter-dependent"
"MIR29B1",0.2194,5.878,0.00143212897218142,0.0218237049658626,0.0106311346472326,0.218239752788381,1,1,810,0.1306,0.283668314038414,FALSE,40.5,0.2089,TRUE,30,30,633,808,TRUE,FALSE,FALSE,"",0,0,"4 - robust but small effect"
"DDX10",-0.104,4.515,0.00143388953823816,0.0218237049658626,0.0106311346472326,0.218239752788381,1,1,811,-0.0566,0.272431592035751,FALSE,45.6,-0.2949,TRUE,27,27,546,824,TRUE,FALSE,FALSE,"",0,0,"4 - robust but small effect"
"IL10RB",0.1576,5.988,0.00143446566420115,0.0218237049658626,0.0106311346472326,0.218239752788381,1,1,812,0.0466,0.415642699600307,FALSE,70.4,0.3122,TRUE,30,30,479,803.5,TRUE,FALSE,FALSE,"",0,0,"4 - robust but small effect"
"USB1",0.2003,4.395,0.00143456275365834,0.0218237049658626,0.0106311346472326,0.218239752788381,1,1,813,0.0992,0.31296521456741,FALSE,50.5,0.2468,TRUE,28,28,686,819,TRUE,FALSE,FALSE,"",0,0,"4 - robust but small effect"
"CANT1",0.1885,5.687,0.00144241331395235,0.0219161767407404,0.0106761810722705,0.219164481990906,1,1,814,0.0605,0.380279350775251,FALSE,67.9,0.2948,TRUE,30,30,469,809.5,TRUE,FALSE,FALSE,"",0,0,"4 - robust but small effect"
"KLF2",0.1164,6.863,0.00144643832895256,0.0219503671809634,0.0106928365015034,0.219506390628036,1,1,815,0.0661,0.318902011538058,FALSE,43.2,0.0888,TRUE,29,31,626,845,FALSE,FALSE,FALSE,"",0,0,"5 - filter-dependent"
"GLUD1",-0.1232,6.147,0.00146011316647797,0.0221307348566171,0.0107807002738959,0.22131008972529,1,1,816,-0.0838,0.173706915130587,FALSE,32,-0.281,TRUE,29,30,217,862.5,FALSE,FALSE,FALSE,"",0,0,"5 - filter-dependent"
"CREB5",0.2942,7.76,0.00146280855915198,0.0221444507461342,0.0107873817914701,0.22144725031934,1,1,817,0.0924,0.464984443033826,FALSE,68.6,0.4873,TRUE,31,31,265,817,TRUE,FALSE,FALSE,"",0,0,"4 - robust but small effect"
"KDM1A",-0.1162,5.475,0.00146980087751157,0.0222231017763608,0.0108256956201161,0.222233770363487,1,1,818,-0.068,0.28739555818965,FALSE,41.5,-0.3096,TRUE,29,30,285,855,FALSE,FALSE,FALSE,"",0,0,"5 - filter-dependent"
"NT5C3B",-0.2526,2.759,0.00148114928301681,0.0223673435071452,0.0108959611073062,0.223676205537414,1,1,819,-0.1683,0.242311930944253,FALSE,33.4,-0.3276,TRUE,21,21,692,801,TRUE,FALSE,FALSE,"",0,0,"4 - robust but small effect"
"TMEM50A",0.1338,6.882,0.0014854060322118,0.0224042704956043,0.0109139496104975,0.224045479995859,1,1,820,0.0642,0.384674761186382,FALSE,52,0.1289,TRUE,28,31,555,798,FALSE,FALSE,FALSE,"",0,0,"5 - filter-dependent"
"MUTYH",-0.1318,3.376,0.00148747639266267,0.0224081705535346,0.0109158494731035,0.224084481058231,1,1,821,-0.0815,0.258518535180906,FALSE,38.2,-0.3518,TRUE,25,25,707,853,TRUE,FALSE,FALSE,"",0,0,"4 - robust but small effect"
"C1orf109",-0.1263,3.412,0.00149741926519453,0.0225053416625221,0.0109631851177653,0.225056204183923,1,1,822,-0.0776,0.258201445536355,FALSE,38.6,-0.3219,TRUE,24,24,710,836.5,TRUE,FALSE,FALSE,"",0,0,"4 - robust but small effect"
"CTSF",-0.2105,2.385,0.00149756599193529,0.0225053416625221,0.0109631851177653,0.225056204183923,1,1,823,-0.1533,0.187804853309375,FALSE,27.2,-0.3663,TRUE,21,21,754,900,TRUE,FALSE,FALSE,"",0,0,"4 - robust but small effect"
"RCAN3",-0.1681,6.617,0.00151193265772816,0.0226308504042791,0.0110243250724664,0.226311307147268,1,1,824,-0.1008,0.129286961661226,FALSE,40,-0.2737,TRUE,30,30,410,834,TRUE,FALSE,FALSE,"",0,0,"4 - robust but small effect"
"TGM3",0.5204,2.728,0.00151205861303286,0.0226308504042791,0.0110243250724664,0.226311307147268,1,1,825,0.2304,0.224282069683313,FALSE,55.7,0.5297,TRUE,20,20,780,904.5,TRUE,FALSE,FALSE,"",0,0,"4 - robust but small effect"
"MKI67IP",-0.1559,4.08,0.00151358789902703,0.0226308504042791,0.0110243250724664,0.226311307147268,1,1,826,-0.0775,0.286414520099566,FALSE,50.3,-0.3546,TRUE,26,26,464,832.5,TRUE,FALSE,FALSE,"",0,0,"4 - robust but small effect"
"UNC13D",0.1687,6.514,0.0015148009108832,0.0226308504042791,0.0110243250724664,0.226311307147268,1,1,827,0.0789,0.341944676780742,FALSE,53.2,0.1615,TRUE,31,31,551,826,TRUE,FALSE,FALSE,"",0,0,"4 - robust but small effect"
"POFUT1",-0.1107,4.251,0.00151571129838025,0.0226308504042791,0.0110243250724664,0.226311307147268,1,1,828,-0.079,0.185135525504713,FALSE,28.6,-0.2698,TRUE,27,27,689,861,TRUE,FALSE,FALSE,"",0,0,"4 - robust but small effect"
"ST20",0.2514,4.947,0.00151813513445902,0.0226308504042791,0.0110243250724664,0.226311307147268,1,1,829,0.0551,0.618332061143378,FALSE,78.1,0.4293,TRUE,28,28,652,837,TRUE,FALSE,FALSE,"",0,0,"4 - robust but small effect"
"AGO4",0.1743,8.329,0.00152057705564841,0.0226308504042791,0.0110243250724664,0.226311307147268,1,1,830,0.0354,0.497877328324855,FALSE,79.7,0.334,TRUE,30,31,274,830,FALSE,FALSE,FALSE,"",0,0,"5 - filter-dependent"
"NT5C2",0.1652,7.8,0.00152059497738842,0.0226308504042791,0.0110243250724664,0.226311307147268,1,1,831,0.0356,0.546687858742532,FALSE,78.5,0.2901,TRUE,30,31,320,831,FALSE,FALSE,FALSE,"",0,0,"5 - filter-dependent"
"FCGR2B",0.2987,4.599,0.00152238579692434,0.0226308504042791,0.0110243250724664,0.226311307147268,1,1,832,0.2417,0.16466893796743,FALSE,19.1,0.0884,TRUE,28,28,629,836,TRUE,FALSE,FALSE,"",0,0,"4 - robust but small effect"
"RP11-474N24.2",0.2682,2.654,0.00152583527031851,0.0226548987074422,0.0110360398912547,0.226551793157572,1,1,833,0.1168,0.467578065119604,FALSE,56.5,0.2808,TRUE,21,21,737,785,TRUE,FALSE,FALSE,"",0,0,"4 - robust but small effect"
"APBB1IP",0.1626,6.817,0.00153165619086604,0.0226602495548878,0.0110386464871448,0.226605302294795,1,1,834,0.0497,0.458579244117683,FALSE,69.4,0.3138,TRUE,31,31,400,826,TRUE,FALSE,FALSE,"",0,0,"4 - robust but small effect"
"U2SURP",-0.1037,7.234,0.00153202833488885,0.0226602495548878,0.0110386464871448,0.226605302294795,1,1,835,-0.0717,0.174723566376033,FALSE,30.9,-0.2345,TRUE,30,31,106,849,FALSE,FALSE,FALSE,"",0,0,"5 - filter-dependent"
"IFNAR2",0.1063,6.821,0.00153276151529499,0.0226602495548878,0.0110386464871448,0.226605302294795,1,1,836,0.0442,0.391627846972831,FALSE,58.4,0.1327,TRUE,29,30,619,839,FALSE,FALSE,FALSE,"",0,0,"5 - filter-dependent"
"MIR181A1HG",-0.1584,3.128,0.00153352432708935,0.0226602495548878,0.0110386464871448,0.226605302294795,1,1,837,-0.1162,0.216311647092572,FALSE,26.6,-0.2194,TRUE,24,24,662,876.5,TRUE,FALSE,FALSE,"gran",1,1,"4 - robust but small effect"
"ZNHIT2",-0.1555,2.326,0.0015367847616029,0.0226813292738718,0.0110489151986764,0.226816102095614,1,1,838,-0.1279,0.138981648744202,FALSE,17.7,-0.3044,TRUE,21,21,759,860,TRUE,FALSE,FALSE,"",0,0,"4 - robust but small effect"
"KMT2D",0.2258,6.321,0.00154496324638209,0.0227748574865956,0.0110944762537006,0.227751395807452,1,1,839,0.1603,0.18116013206875,FALSE,29,0.1002,TRUE,30,30,570,835.5,TRUE,FALSE,FALSE,"",0,0,"4 - robust but small effect"
"MINA",-0.0977,5.361,0.00155855224205276,0.0229478263448911,0.0111787357882385,0.229481105814691,1,1,840,-0.0596,0.202556407938784,FALSE,39,-0.3219,TRUE,30,30,431,853,TRUE,FALSE,FALSE,"",0,0,"4 - robust but small effect"
"FRMD8",0.1605,5.148,0.00156705267026763,0.0230455498524019,0.0112263405266719,0.230458352994038,1,1,841,0.0852,0.283668314038414,FALSE,46.9,0.0987,TRUE,29,29,649,841,TRUE,FALSE,FALSE,"",0,0,"4 - robust but small effect"
"MYO9B",0.1725,7.428,0.00158551297797422,0.0232786714726895,0.011339902698555,0.232789598071846,1,1,842,0.0846,0.303877927167606,FALSE,51,0.1501,TRUE,31,31,468,834,TRUE,FALSE,FALSE,"",0,0,"4 - robust but small effect"
"CTD-2020K17.1",0.1345,5.14,0.00158666882693057,0.0232786714726895,0.011339902698555,0.232789598071846,1,1,843,0.0679,0.377631891387501,FALSE,49.5,0.1185,TRUE,29,29,659,849,TRUE,FALSE,FALSE,"",0,0,"4 - robust but small effect"
"PTDSS1",-0.0861,6.613,0.0016019677578806,0.0234752810775678,0.0114356785159824,0.234755718473106,1,1,844,-0.0564,0.246016624380081,FALSE,34.5,-0.2788,TRUE,29,31,121,878,FALSE,FALSE,FALSE,"",0,0,"5 - filter-dependent"
"H1F0",-0.3228,4.338,0.00160518397255583,0.0234945744054088,0.0114450770102524,0.234948654141227,1,1,845,-0.3409,0.0280898557353316,TRUE,-5.6,-0.0811,TRUE,27,27,707,847,TRUE,FALSE,FALSE,"",0,0,"4 - robust but small effect"
"HTATSF1",-0.1611,4.945,0.00161873868087575,0.0236649645450015,0.0115280803554408,0.236652576642034,1,1,846,-0.1206,0.170757227055141,FALSE,25.1,-0.2486,TRUE,27,28,382,902,FALSE,FALSE,FALSE,"",0,0,"5 - filter-dependent"
"MRPL24",-0.1261,3.632,0.00162413008580999,0.0237157507689468,0.0115528202053348,0.237160445171975,1,1,847,-0.0611,0.331800808155248,FALSE,51.5,-0.3818,TRUE,26,26,360,886.5,TRUE,FALSE,FALSE,"",0,0,"4 - robust but small effect"
"SHISA5",0.1766,7.366,0.00163024955765137,0.0237770360012172,0.0115826745108788,0.237773305085595,1,1,848,0.0628,0.440044404431171,FALSE,64.4,0.2279,TRUE,29,31,594,847,FALSE,FALSE,FALSE,"",0,0,"5 - filter-dependent"
"BTF3L4",-0.1021,4.831,0.00163867929242639,0.0238718321422021,0.0116288532207003,0.238721278237092,1,1,849,-0.0724,0.181442878254481,FALSE,29.1,-0.2308,TRUE,28,28,507,872,TRUE,FALSE,FALSE,"",0,0,"4 - robust but small effect"
"AC116366.6",0.362,1.873,0.00164529425150355,0.0239399991795245,0.0116620599082637,0.239402957053629,1,1,850,0.1976,0.279563287523597,FALSE,45.4,0.3154,TRUE,16,16,829,853.5,TRUE,FALSE,FALSE,"",0,0,"4 - robust but small effect"
"HPSE",0.2187,5.122,0.00164807722172551,0.0239523138405418,0.0116680588355593,0.239526105189121,1,1,851,0.1282,0.258201445536355,FALSE,41.4,0.167,TRUE,27,28,646,866.5,FALSE,FALSE,FALSE,"",0,0,"5 - filter-dependent"
"BMS1",-0.1309,5.163,0.00165042023469753,0.0239582129844355,0.0116709325269483,0.239585097358738,1,1,852,-0.0883,0.234420978116014,FALSE,32.5,-0.283,TRUE,28,29,209,896,FALSE,FALSE,FALSE,"",0,0,"5 - filter-dependent"
"RALB",0.2206,7.366,0.00165288801221015,0.0239659073095137,0.0116746807175536,0.239662041562555,1,1,853,0.0561,0.480679997831161,FALSE,74.6,0.4447,TRUE,31,31,330,853,TRUE,FALSE,FALSE,"",0,0,"4 - robust but small effect"
"DDHD2",-0.1132,5.653,0.00165687189408107,0.0239955404988228,0.0116891161411476,0.239958377126076,1,1,854,-0.0499,0.30075711606812,FALSE,55.9,-0.3501,TRUE,30,30,453,865.5,TRUE,FALSE,FALSE,"",0,0,"4 - robust but small effect"
"TMPO",-0.1136,7.648,0.00167623469639331,0.0242447165234251,0.0118104990077393,0.242450168235562,1,1,855,-0.0572,0.318193114701041,FALSE,49.6,-0.3061,TRUE,30,31,148,898,FALSE,FALSE,FALSE,"",0,0,"5 - filter-dependent"
"HSPA6",0.2684,7.07,0.00167828773994426,0.0242447165234251,0.0118104990077393,0.242450168235562,1,1,856,0.0541,0.602406625061154,FALSE,79.8,0.5305,TRUE,31,31,402,856,TRUE,FALSE,FALSE,"",0,0,"4 - robust but small effect"
"THEMIS2",0.1924,8.716,0.0016799581226209,0.0242447165234251,0.0118104990077393,0.242450168235562,1,1,857,0.0614,0.3813685306155,FALSE,68.1,0.2644,TRUE,29,31,308,857,FALSE,FALSE,FALSE,"",0,0,"5 - filter-dependent"
"MCU",0.1063,4.699,0.00168450300206763,0.0242819733444901,0.0118286481846041,0.24282274106092,1,1,858,0.0444,0.429362558315658,FALSE,58.2,0.1205,TRUE,26,28,568,886,FALSE,FALSE,FALSE,"",0,0,"5 - filter-dependent"
"NUDT19",-0.1191,3.574,0.00169572308591609,0.0244147598723168,0.0118933334183383,0.244150622786404,1,1,859,-0.0813,0.218241932519693,FALSE,31.7,-0.2914,TRUE,26,26,688,877,TRUE,FALSE,FALSE,"",0,0,"4 - robust but small effect"
"RPS2",-0.1176,7.381,0.00169766279836614,0.0244147598723168,0.0118933334183383,0.244150622786404,1,1,860,-0.0696,0.234012374528423,FALSE,40.8,-0.2876,TRUE,31,31,230,866,TRUE,FALSE,FALSE,"",0,0,"4 - robust but small effect"
"MAP2K2",0.138,5.26,0.0017083392687321,0.0245397677998591,0.0119542294078943,0.24540071754557,1,1,861,0.0985,0.139477739808402,FALSE,28.6,-0.0014,FALSE,29,30,647,879,FALSE,FALSE,FALSE,"",0,0,"5 - filter-dependent"
"SAP130",0.119,4.212,0.00172377191771377,0.0247264773587745,0.0120451825464132,0.247267836260961,1,1,862,0.0845,0.20857656824939,FALSE,29,0.0217,TRUE,27,28,658,887,FALSE,FALSE,FALSE,"",0,0,"5 - filter-dependent"
"BSDC1",0.0711,6.496,0.00172533554015382,0.0247264773587745,0.0120451825464132,0.247267836260961,1,1,863,0.0444,0.261798658362067,FALSE,37.6,-0.0788,FALSE,25,31,597,913,FALSE,FALSE,FALSE,"",0,0,"5 - filter-dependent"
"NFAM1",0.2405,6.63,0.00173224817511971,0.0247968118401396,0.012079445076213,0.247971189786388,1,1,864,0.0664,0.438238551987753,FALSE,72.4,0.3756,TRUE,31,31,403,857,TRUE,FALSE,FALSE,"",0,0,"4 - robust but small effect"
"FAM219A",0.1736,2.568,0.00173797897274145,0.0248417114188646,0.0121013173232845,0.248420191134993,1,1,865,0.1233,0.173706915130587,FALSE,29,0.0387,TRUE,22,22,770,852,TRUE,FALSE,FALSE,"",0,0,"4 - robust but small effect"
"STK35",0.1497,4.52,0.00173940185064171,0.0248417114188646,0.0121013173232845,0.248420191134993,1,1,866,0.0942,0.238339466889379,FALSE,37.1,0.0901,TRUE,27,27,739,866,TRUE,FALSE,FALSE,"",0,0,"4 - robust but small effect"
"GPSM2",0.1912,4.161,0.00175587957877775,0.0250441989593152,0.0121999565007425,0.25044509162003,1,1,867,0.0886,0.407379275469406,FALSE,53.7,0.2582,TRUE,28,28,667,898.5,TRUE,FALSE,FALSE,"",0,0,"4 - robust but small effect"
"PDP2",-0.1586,2.619,0.0017578751136283,0.0250441989593152,0.0121999565007425,0.25044509162003,1,1,868,-0.1051,0.19625536009978,FALSE,33.7,-0.2595,TRUE,21,21,774,916,TRUE,FALSE,FALSE,"",0,0,"4 - robust but small effect"
"OGFOD3",-0.1254,3.459,0.00175965466491307,0.0250441989593152,0.0121999565007425,0.25044509162003,1,1,869,-0.0919,0.208597981241181,FALSE,26.7,-0.2963,TRUE,25,25,580,902,TRUE,FALSE,FALSE,"",0,0,"4 - robust but small effect"
"ALKBH3",-0.1084,4.042,0.0017624913069758,0.0250557384881342,0.0122055778324472,0.25056048833753,1,1,870,-0.0579,0.31023201703753,FALSE,46.6,-0.3595,TRUE,27,27,658,870,TRUE,FALSE,FALSE,"",0,0,"4 - robust but small effect"
"RP11-349N19.2",0.2691,2.074,0.00177197833331506,0.0251344939898955,0.0122439425530455,0.251348053109965,1,1,871,0.0843,0.548246466819747,FALSE,68.7,0.3662,TRUE,18,18,839,920,TRUE,FALSE,FALSE,"",0,0,"4 - robust but small effect"
"HCCS",-0.0976,3.742,0.00177209563059418,0.0251344939898955,0.0122439425530455,0.251348053109965,1,1,872,-0.0895,0.0856285016347907,FALSE,8.3,-0.1742,TRUE,26,26,515,887.5,TRUE,FALSE,FALSE,"",0,0,"4 - robust but small effect"
"PRR14L",0.0803,7.338,0.0017780485839819,0.0251880399596058,0.0122700267772732,0.251883519439384,1,1,873,0.0476,0.276515400439407,FALSE,40.7,-0.0265,FALSE,26,31,491,907,FALSE,FALSE,FALSE,"",0,0,"5 - filter-dependent"
"ACN9",-0.1504,2.788,0.00177994396221665,0.0251880399596058,0.0122700267772732,0.251883519439384,1,1,874,-0.124,0.130318507744323,FALSE,17.6,-0.1885,TRUE,22,22,703,880,TRUE,FALSE,FALSE,"gran",1,1,"4 - robust but small effect"
"H3F3A",0.183,6.816,0.00178528398833728,0.0252347341345776,0.0122927732386161,0.25235046697274,1,1,875,0.0347,0.634104059433063,FALSE,81,0.3956,TRUE,30,30,596,872,TRUE,FALSE,FALSE,"",0,0,"4 - robust but small effect"
"TBC1D19",-0.1734,3.618,0.00178839613176195,0.0252498668466116,0.012300144942892,0.252501795967449,1,1,876,-0.0772,0.335744616549389,FALSE,55.5,-0.3788,TRUE,25,25,806,898,TRUE,FALSE,FALSE,"",0,0,"4 - robust but small effect"
"BRD4",0.1954,5.089,0.00181030573838932,0.0255300585774221,0.0124366367082428,0.255303747980688,1,1,877,0.165,0.119035604718481,FALSE,15.6,0.0191,TRUE,30,30,679,887.5,TRUE,FALSE,FALSE,"",0,0,"4 - robust but small effect"
"LILRA1",0.174,5.454,0.0018231055606137,0.0256812865303761,0.012510305442896,0.256816046241639,1,1,878,0.0746,0.375920158867956,FALSE,57.1,0.2015,TRUE,30,30,618,877,TRUE,FALSE,FALSE,"",0,0,"4 - robust but small effect"
"AC008984.2",0.3485,1.815,0.00183288675135485,0.0257448808998839,0.0125412846146774,0.257451997813648,1,1,879,0.1719,0.389016338972981,FALSE,50.7,0.3001,TRUE,17,17,879,1002,TRUE,FALSE,FALSE,"",0,0,"4 - robust but small effect"
"RSBN1L",0.1031,6.98,0.00183339237045657,0.0257448808998839,0.0125412846146774,0.257451997813648,1,1,880,0.0371,0.48510889110333,FALSE,64,0.1027,TRUE,26,31,559,880,FALSE,FALSE,FALSE,"",0,0,"5 - filter-dependent"
"RP11-175O19.4",0.1179,3.937,0.00183451638102497,0.0257448808998839,0.0125412846146774,0.257451997813648,1,1,881,0.0765,0.242311930944253,FALSE,35.1,0.044,TRUE,26,27,731,854,FALSE,FALSE,FALSE,"",0,0,"5 - filter-dependent"
"RP5-874C20.3",-0.1061,4.146,0.00183594639017607,0.0257448808998839,0.0125412846146774,0.257451997813648,1,1,882,-0.0662,0.260275333241021,FALSE,37.6,-0.2511,TRUE,27,27,526,891,TRUE,FALSE,FALSE,"",0,0,"4 - robust but small effect"
"JPX",0.1101,4.838,0.00184938918933452,0.0258552941629513,0.0125950710028432,0.25855614412034,1,1,883,0.0803,0.198544521428223,FALSE,27.1,0.046,TRUE,25,28,702,888.5,FALSE,FALSE,FALSE,"",0,0,"5 - filter-dependent"
"KDSR",-0.1022,4.431,0.00184944657604764,0.0258552941629513,0.0125950710028432,0.25855614412034,1,1,884,-0.0586,0.264712765636397,FALSE,42.7,-0.2521,TRUE,28,28,545,900,TRUE,FALSE,FALSE,"",0,0,"4 - robust but small effect"
"TRIM68",-0.1117,3.513,0.00185111368002705,0.0258552941629513,0.0125950710028432,0.25855614412034,1,1,885,-0.082,0.202708508074988,FALSE,26.6,-0.266,TRUE,25,26,585,929.5,FALSE,FALSE,FALSE,"",0,0,"5 - filter-dependent"
"SLC12A6",0.1654,8.08,0.00185218229530844,0.0258552941629513,0.0125950710028432,0.25855614412034,1,1,886,0.0499,0.462910012219918,FALSE,69.8,0.3051,TRUE,30,31,288,886,FALSE,FALSE,FALSE,"",0,0,"5 - filter-dependent"
"DST",-0.1974,5.066,0.00186527644699795,0.0260087250242059,0.0126698128556858,0.260090471737154,1,1,887,-0.1463,0.19806665034747,FALSE,25.9,-0.2132,TRUE,28,28,516,890,TRUE,FALSE,FALSE,"",0,0,"4 - robust but small effect"
"DGCR11",0.1986,3.296,0.00186758222208597,0.0260115505886929,0.0126711892927556,0.260118727732003,1,1,888,0.121,0.28739555818965,FALSE,39.1,0.1589,TRUE,25,25,704,909,TRUE,FALSE,FALSE,"",0,0,"4 - robust but small effect"
"HS1BP3",0.1542,4.617,0.00187163909060754,0.0260387314652802,0.0126844301040331,0.260390539864557,1,1,889,0.0798,0.335465904088167,FALSE,48.2,0.1435,TRUE,28,28,716,902.5,TRUE,FALSE,FALSE,"",0,0,"4 - robust but small effect"
"GIMAP5",-0.1267,8.095,0.00187413410765324,0.0260441467903992,0.012687068109385,0.2604446937865,1,1,890,-0.0629,0.252389603949324,FALSE,50.4,-0.4017,TRUE,31,31,189,908,TRUE,FALSE,FALSE,"",0,0,"4 - robust but small effect"
"GPR107",0.1257,5.556,0.00188525966065396,0.026169350710402,0.0127480595741246,0.261696748494548,1,1,891,0.0641,0.285738939724171,FALSE,49,0.0845,TRUE,28,30,582,889.5,FALSE,FALSE,FALSE,"",0,0,"5 - filter-dependent"
"CLDN15",0.1561,2.715,0.00190606715709011,0.0264285186086217,0.012874309852275,0.264288459577823,1,1,892,0.1525,0.0779167944111947,FALSE,2.3,-0.0803,FALSE,21,23,650,981,FALSE,FALSE,FALSE,"",0,0,"5 - filter-dependent"
"RAB3D",0.2316,6.798,0.00191133970274901,0.0264719478651733,0.0128954658509815,0.264722757522577,1,1,893,0.0568,0.469575436767897,FALSE,75.5,0.3653,TRUE,29,31,407,893,FALSE,FALSE,FALSE,"",0,0,"5 - filter-dependent"
"PLCD1",-0.1288,3.937,0.00192346428059299,0.0266017762168747,0.0129587100476074,0.266021057120403,1,1,894,-0.1368,0.0420258820941402,TRUE,-6.2,-0.1441,TRUE,27,27,765,995,TRUE,FALSE,FALSE,"",0,0,"4 - robust but small effect"
"CYP2U1",-0.1365,3.819,0.00192501533910922,0.0266017762168747,0.0129587100476074,0.266021057120403,1,1,895,-0.0784,0.26904904927492,FALSE,42.6,-0.3142,TRUE,27,27,602,895,TRUE,FALSE,FALSE,"",0,0,"4 - robust but small effect"
"ADAM19",0.1819,6.592,0.00193328990123757,0.0266648808371144,0.0129894506443887,0.26665211113907,1,1,896,0.0756,0.411443488627463,FALSE,58.4,0.2493,TRUE,30,31,494,896,FALSE,FALSE,FALSE,"",0,0,"5 - filter-dependent"
"CTA-217C2.1",0.199,4.32,0.00193389376705139,0.0266648808371144,0.0129894506443887,0.26665211113907,1,1,897,0.1305,0.263248628134647,FALSE,34.4,0.1009,TRUE,27,27,705,924,TRUE,FALSE,FALSE,"",0,0,"4 - robust but small effect"
"RP5-935K16.1",-0.1198,3.217,0.00194438086862425,0.0267796242573994,0.0130453464124466,0.267799559554281,1,1,898,-0.0839,0.211220285516766,FALSE,30,-0.2716,TRUE,24,24,796,935.5,TRUE,FALSE,FALSE,"",0,0,"4 - robust but small effect"
"VPS37B",0.1595,5.084,0.00194895391646249,0.0268056675709275,0.013058033074643,0.26805999591534,1,1,899,0.07,0.384674761186382,FALSE,56.1,0.1691,TRUE,28,29,686,916,FALSE,FALSE,FALSE,"",0,0,"5 - filter-dependent"
"CD300LB",0.2208,5.248,0.00195060646942389,0.0268056675709275,0.013058033074643,0.26805999591534,1,1,900,0.1401,0.231323173156265,FALSE,36.5,0.1202,TRUE,30,30,659,903.5,TRUE,FALSE,FALSE,"",0,0,"4 - robust but small effect"
"ALG6",-0.0894,5.094,0.00195691419979543,0.0268263007893022,0.0130680842791974,0.268266330654761,1,1,901,-0.0638,0.200466111729172,FALSE,28.6,-0.203,TRUE,27,28,454,934,FALSE,FALSE,FALSE,"",0,0,"5 - filter-dependent"
"BRWD3",0.1188,7.304,0.00195841426548816,0.0268263007893022,0.0130680842791974,0.268266330654761,1,1,902,0.047,0.446333065974044,FALSE,60.4,0.1575,TRUE,28,31,461,921,FALSE,FALSE,FALSE,"",0,0,"5 - filter-dependent"
"RBCK1",0.1469,5.528,0.00195861494281532,0.0268263007893022,0.0130680842791974,0.268266330654761,1,1,903,0.0809,0.242397880381052,FALSE,44.9,0.1063,TRUE,29,30,646,896.5,FALSE,FALSE,FALSE,"",0,0,"5 - filter-dependent"
"RRP1",-0.1323,3.252,0.00196562683822128,0.0268738335726584,0.0130912392577315,0.268741664375833,1,1,904,-0.0998,0.199904583282142,FALSE,24.6,-0.2896,TRUE,22,24,737,1030,FALSE,FALSE,FALSE,"",0,0,"5 - filter-dependent"
"PPP2R3C",0.1603,5.721,0.00196643106268239,0.0268738335726584,0.0130912392577315,0.268741664375833,1,1,905,0.1129,0.242311930944253,FALSE,29.6,0.0402,TRUE,29,29,713,932,TRUE,FALSE,FALSE,"",0,0,"4 - robust but small effect"
"IL17RA",0.1964,7.699,0.00198436156790772,0.0270889446709521,0.0131960278375648,0.270892802002881,1,1,906,0.0671,0.407379275469406,FALSE,65.8,0.3115,TRUE,29,31,334,906,FALSE,FALSE,FALSE,"",0,0,"5 - filter-dependent"
"CTBP2",0.1304,5.611,0.00198688319830286,0.0270934635023261,0.0131982291276235,0.270937990876333,1,1,907,0.0542,0.299241425950157,FALSE,58.4,0.1285,TRUE,29,30,666,901,FALSE,FALSE,FALSE,"",0,0,"5 - filter-dependent"
"IGSF6",0.2102,7.937,0.00199110092872804,0.0270959565406711,0.0131994435788988,0.270962921568576,1,1,908,0.0441,0.602406625061154,FALSE,79,0.3899,TRUE,29,31,375,908,FALSE,FALSE,FALSE,"",0,0,"5 - filter-dependent"
"NPTN",0.1298,6.309,0.00199144764678768,0.0270959565406711,0.0131994435788988,0.270962921568576,1,1,909,0.0506,0.335491495956705,FALSE,61,0.1831,TRUE,27,30,452,908.5,FALSE,FALSE,FALSE,"",0,0,"5 - filter-dependent"
"C1orf213",-0.2078,1.781,0.00199426741897819,0.027098373962103,0.0132006211943761,0.270987096082322,1,1,910,-0.1491,0.219674331269877,FALSE,28.2,-0.3002,TRUE,18,18,838,1029,TRUE,FALSE,FALSE,"",0,0,"4 - robust but small effect"
"PSMD5",-0.0788,4.871,0.00199747043200957,0.027098373962103,0.0132006211943761,0.270987096082322,1,1,911,-0.0573,0.186792353675709,FALSE,27.3,-0.2266,TRUE,27,29,386,990,FALSE,FALSE,FALSE,"",0,0,"5 - filter-dependent"
"POLR3C",-0.0937,4.354,0.00199903351554604,0.027098373962103,0.0132006211943761,0.270987096082322,1,1,912,-0.0462,0.395668348062605,FALSE,50.7,-0.3466,TRUE,27,27,623,939,TRUE,FALSE,FALSE,"",0,0,"4 - robust but small effect"
"DHRS13",0.2427,5.322,0.00200038934568241,0.027098373962103,0.0132006211943761,0.270987096082322,1,1,913,0.0775,0.482143472445302,FALSE,68.1,0.4241,TRUE,29,29,728,930,TRUE,FALSE,FALSE,"",0,0,"4 - robust but small effect"
"ZNF736",-0.1072,6.136,0.00200756813814605,0.0271658673223089,0.0132334997088752,0.271662038044249,1,1,914,-0.0661,0.243734567468756,FALSE,38.3,-0.2962,TRUE,30,30,415,927,TRUE,FALSE,FALSE,"",0,0,"4 - robust but small effect"
"KCNE3",0.189,7.702,0.00201793475097295,0.0272763027322769,0.0132872968856162,0.272766405822691,1,1,915,0.0479,0.556990991401552,FALSE,74.7,0.3578,TRUE,29,31,457,915,FALSE,FALSE,FALSE,"",0,0,"5 - filter-dependent"
"SFT2D3",-0.1163,4.114,0.00202431450688067,0.027332665743559,0.0133147533950861,0.273330042916752,1,1,916,-0.082,0.185103109662533,FALSE,29.5,-0.3358,TRUE,27,27,691,912,TRUE,FALSE,FALSE,"",0,0,"4 - robust but small effect"
"TRA2A",0.0735,6.842,0.00203009540748529,0.0273510175320147,0.0133236932306638,0.2735135630744,1,1,917,0.0525,0.220179179079743,FALSE,28.6,-0.0532,FALSE,24,31,599,976,FALSE,FALSE,FALSE,"",0,0,"5 - filter-dependent"
"PFKM",-0.1485,3.243,0.00203169501799365,0.0273510175320147,0.0133236932306638,0.2735135630744,1,1,918,-0.099,0.266896634479797,FALSE,33.3,-0.262,TRUE,24,24,813,955.5,TRUE,FALSE,FALSE,"",0,0,"4 - robust but small effect"
"MYO1F",0.215,9.37,0.00203230798123557,0.0273510175320147,0.0133236932306638,0.2735135630744,1,1,919,0.0493,0.555985772432791,FALSE,77.1,0.3125,TRUE,29,31,304,919,FALSE,FALSE,FALSE,"",0,0,"5 - filter-dependent"
"ATG7",0.1324,6.254,0.00203535472685342,0.0273622470236121,0.0133291635317597,0.273625859381282,1,1,920,0.0791,0.246016624380081,FALSE,40.3,0.0875,TRUE,28,30,710,932.5,FALSE,FALSE,FALSE,"",0,0,"5 - filter-dependent"
"RN7SKP16",0.3559,2.094,0.00204441167818873,0.0274541624710513,0.0133739389491059,0.274545025240514,1,1,921,0.1634,0.384860341923275,FALSE,54.1,0.3016,TRUE,18,18,921,976.5,TRUE,FALSE,FALSE,"",0,0,"4 - robust but small effect"
"THOC1",-0.1081,5.403,0.00204746804829447,0.0274653848387267,0.0133794057798757,0.274657250307294,1,1,922,-0.0512,0.279406324663185,FALSE,52.6,-0.31,TRUE,28,29,518,922,FALSE,FALSE,FALSE,"",0,0,"5 - filter-dependent"
"CIAPIN1",-0.1076,3.855,0.00205667675395618,0.0275341374689657,0.0134128977314286,0.275344785125529,1,1,923,-0.0746,0.242311930944253,FALSE,30.7,-0.3271,TRUE,25,27,555,971,FALSE,FALSE,FALSE,"",0,0,"5 - filter-dependent"
"RP11-815J21.1",0.1719,2.947,0.002057045845838,0.0275341374689657,0.0134128977314286,0.275344785125529,1,1,924,0.1665,0.0771424946260636,FALSE,3.1,-0.0781,FALSE,22,22,817,938.5,TRUE,FALSE,FALSE,"",0,0,"4 - robust but small effect"
"GNAQP1",0.1839,2.976,0.00206146097533826,0.0275634046951175,0.0134271548808199,0.275637461012146,1,1,925,0.0662,0.441945592267078,FALSE,64,0.2816,TRUE,22,23,853,954,FALSE,FALSE,FALSE,"",0,0,"5 - filter-dependent"
"GATAD2B",0.1651,4.731,0.00206434051826752,0.0275720988444198,0.0134313901228203,0.275724403582045,1,1,926,0.1403,0.133874228889566,FALSE,15,0.0195,TRUE,26,28,718,952.5,FALSE,FALSE,FALSE,"",0,0,"5 - filter-dependent"
"KSR1",0.2105,4.724,0.00207303394757592,0.0276583428949503,0.0134734027927655,0.276586854769718,1,1,927,0.186,0.108559379853529,FALSE,11.6,-0.0242,FALSE,29,29,736,944,TRUE,FALSE,FALSE,"",0,0,"4 - robust but small effect"
"WIPF1",0.1128,8.416,0.00207573261716924,0.02766450539779,0.0134764047760473,0.276648480561416,1,1,928,0.0537,0.391333524708825,FALSE,52.4,0.1159,TRUE,28,31,621,910,FALSE,FALSE,FALSE,"",0,0,"5 - filter-dependent"
"SETD1B",0.1965,3.861,0.00207963506674154,0.0276866808454891,0.0134872072576021,0.276870237785104,1,1,929,0.1326,0.242832321312027,FALSE,32.5,0.0913,TRUE,28,28,680,949.5,TRUE,FALSE,FALSE,"",0,0,"4 - robust but small effect"
"SLC12A9",0.1759,6.868,0.00208642073506917,0.0277129406805294,0.0134999993954432,0.277132839388105,1,1,930,0.0488,0.53407036684184,FALSE,72.3,0.3322,TRUE,31,31,558,929,TRUE,FALSE,FALSE,"",0,0,"4 - robust but small effect"
"ECI2",-0.1137,4.558,0.00208719150964355,0.0277129406805294,0.0134999993954432,0.277132839388105,1,1,931,-0.0626,0.29069719842868,FALSE,44.9,-0.3556,TRUE,26,27,858,989,FALSE,FALSE,FALSE,"",0,0,"5 - filter-dependent"
"DIEXF",-0.1096,5.025,0.0020899576659758,0.0277129406805294,0.0134999993954432,0.277132839388105,1,1,932,-0.058,0.342557217537829,FALSE,47.1,-0.3187,TRUE,25,27,671,976,FALSE,FALSE,FALSE,"",0,0,"5 - filter-dependent"
"FAM135A",-0.1223,4.798,0.00209057031492027,0.0277129406805294,0.0134999993954432,0.277132839388105,1,1,933,-0.0705,0.287583968798714,FALSE,42.4,-0.2818,TRUE,28,28,564,942.5,TRUE,FALSE,FALSE,"",0,0,"4 - robust but small effect"
"GNB2",0.1845,7.138,0.00209718765421522,0.0277626713828681,0.0135242250616851,0.277630152571241,1,1,934,0.0446,0.53018723826649,FALSE,75.8,0.3603,TRUE,29,31,525,918,FALSE,FALSE,FALSE,"",0,0,"5 - filter-dependent"
"ZFP36L1",0.1491,6.171,0.00209881126641184,0.0277626713828681,0.0135242250616851,0.277630152571241,1,1,935,0.089,0.330001609307163,FALSE,40.3,0.1643,TRUE,30,30,743,936,TRUE,FALSE,FALSE,"",0,0,"4 - robust but small effect"
"ADO",-0.0978,4.711,0.0021081684931853,0.0278509188332233,0.0135672136618549,0.278512638005307,1,1,936,-0.0442,0.411219129502002,FALSE,54.8,-0.3475,TRUE,27,28,547,946,FALSE,FALSE,FALSE,"",0,0,"5 - filter-dependent"
"LILRB3",0.2645,4.03,0.00211112130906197,0.0278509188332233,0.0135672136618549,0.278512638005307,1,1,937,0.0776,0.469502872635068,FALSE,70.7,0.3981,TRUE,27,27,592,983,TRUE,FALSE,FALSE,"",0,0,"4 - robust but small effect"
"RNF113A",-0.0931,4.233,0.00211364680804988,0.0278509188332233,0.0135672136618549,0.278512638005307,1,1,938,-0.0727,0.186440446709161,FALSE,21.9,-0.2526,TRUE,26,28,403,970.5,FALSE,FALSE,FALSE,"",0,0,"5 - filter-dependent"
"CEP63",0.1738,6.377,0.00211449003754824,0.0278509188332233,0.0135672136618549,0.278512638005307,1,1,939,0.037,0.62943332252589,FALSE,78.7,0.316,TRUE,28,30,554,941,FALSE,FALSE,FALSE,"",0,0,"5 - filter-dependent"
"ZNF684",-0.1777,2.044,0.00213292394441999,0.0280638333453048,0.0136709322032221,0.280641809498158,1,1,940,-0.1361,0.202236506186051,FALSE,23.4,-0.2413,TRUE,18,18,590,761.5,TRUE,FALSE,FALSE,"",0,0,"4 - robust but small effect"
"JMJD6",0.0991,5.127,0.00214400739488967,0.0281796848671577,0.0137273677685779,0.2818003390663,1,1,941,0.0624,0.282596925728789,FALSE,37,0.0033,TRUE,26,29,718,968,FALSE,FALSE,FALSE,"",0,0,"5 - filter-dependent"
"CEACAM21",-0.1214,4.053,0.00215003973988466,0.0282289718714368,0.0137513772930683,0.282293215213882,1,1,942,-0.1363,0.0314695919883544,TRUE,-12.3,-0.1011,TRUE,28,28,432,979.5,TRUE,FALSE,FALSE,"gran",1,0,"4 - robust but small effect"
"LANCL1",-0.1179,5.413,0.00215852095115659,0.0283102726658587,0.0137909819199535,0.283106233228187,1,1,943,-0.0491,0.354692290941643,FALSE,58.4,-0.3475,TRUE,28,29,455,993,FALSE,FALSE,FALSE,"",0,0,"5 - filter-dependent"
"DSTN",-0.1189,4.472,0.0021617932224422,0.028323155270302,0.0137972575135183,0.283235060868287,1,1,944,-0.0829,0.242311930944253,FALSE,30.3,-0.217,TRUE,26,26,561,969.5,TRUE,FALSE,FALSE,"",0,0,"4 - robust but small effect"
"SNX11",0.1658,5.29,0.00216783044374015,0.028372197807596,0.0138211479490896,0.283725492315738,1,1,945,0.0474,0.481766776186076,FALSE,71.4,0.2617,TRUE,29,30,567,946.5,FALSE,FALSE,FALSE,"",0,0,"5 - filter-dependent"
"LINC01011",0.1781,2.294,0.00217144956969633,0.0283895224926048,0.0138295874445528,0.283898741311698,1,1,946,0.1792,0.0723820650689189,FALSE,-0.6,-0.0924,FALSE,20,20,618,783,TRUE,FALSE,FALSE,"",0,0,"4 - robust but small effect"
"RP11-262D11.2",0.2217,1.947,0.00218167154579176,0.0284927812920209,0.0138798886286011,0.284931342095709,1,1,947,0.1772,0.178791807583438,FALSE,20.1,0.1329,TRUE,18,18,549,700,TRUE,FALSE,FALSE,"",0,0,"4 - robust but small effect"
"SELPLG",0.1844,8.222,0.00218395509903265,0.0284927812920209,0.0138798886286011,0.284931342095709,1,1,948,0.0529,0.535072249129165,FALSE,71.3,0.2447,TRUE,28,31,472,936,FALSE,FALSE,FALSE,"",0,0,"5 - filter-dependent"
"FTH1",0.1719,6.828,0.00220053064359137,0.0286787808218525,0.0139704958856666,0.286791360432317,1,1,949,0.0566,0.500900449874989,FALSE,67.1,0.3321,TRUE,29,31,600,949,FALSE,FALSE,FALSE,"",0,0,"5 - filter-dependent"
"COPS8P2",-0.2141,1.923,0.00220394817565382,0.0286930853015647,0.0139774641273156,0.286934407001222,1,1,950,-0.1578,0.198946444488711,FALSE,26.3,-0.239,TRUE,17,18,873,1037.5,FALSE,FALSE,FALSE,"",0,0,"5 - filter-dependent"
"SIGLEC5",0.3467,2.996,0.00220800458768953,0.0287156684968918,0.0139884652378357,0.287160241751694,1,1,951,0.1065,0.487987410619485,FALSE,69.3,0.4306,TRUE,24,24,726,991.5,TRUE,FALSE,FALSE,"",0,0,"4 - robust but small effect"
"MDH2",-0.1001,4.599,0.00221311522965308,0.0287365551646865,0.0139986399069858,0.287369111016707,1,1,952,-0.0848,0.142510256923428,FALSE,15.3,-0.2438,TRUE,26,28,442,1021.5,FALSE,FALSE,FALSE,"",0,0,"5 - filter-dependent"
"ATP6V0A1",0.1399,5.411,0.00221674147914816,0.0287365551646865,0.0139986399069858,0.287369111016707,1,1,953,0.0742,0.341961240290027,FALSE,47,0.1536,TRUE,29,30,709,939.5,FALSE,FALSE,FALSE,"",0,0,"5 - filter-dependent"
"EXOC6B",-0.1261,4.489,0.00221838702854657,0.0287365551646865,0.0139986399069858,0.287369111016707,1,1,954,-0.056,0.388047629150688,FALSE,55.6,-0.3043,TRUE,27,27,837,970,TRUE,FALSE,FALSE,"",0,0,"4 - robust but small effect"
"PLAA",-0.0676,4.773,0.00221890444552681,0.0287365551646865,0.0139986399069858,0.287369111016707,1,1,955,-0.0663,0.0828158900677468,FALSE,1.9,-0.158,TRUE,24,28,266,1004,FALSE,FALSE,FALSE,"",0,0,"5 - filter-dependent"
"SRGAP2B",0.1444,3.401,0.00222258498565969,0.0287541120320493,0.0140071925070695,0.287544681864966,1,1,956,0.1073,0.169585347497375,FALSE,25.7,-0.0187,FALSE,22,24,740,999,FALSE,FALSE,FALSE,"",0,0,"5 - filter-dependent"
"TNFRSF18",-0.2984,1.546,0.00222814490713371,0.0287959208060917,0.0140275591087522,0.287962774783912,1,1,957,-0.2555,0.132980470838989,FALSE,14.4,-0.241,TRUE,17,17,789,866,TRUE,FALSE,FALSE,"gran",1,1,"4 - robust but small effect"
"HLX",0.2769,4.468,0.00223071441213242,0.0287990353332503,0.0140290763102373,0.28799392044127,1,1,958,0.1074,0.369429963997382,FALSE,61.2,0.3648,TRUE,28,28,640,971,TRUE,FALSE,FALSE,"",0,0,"4 - robust but small effect"
"DYRK1A",0.0808,8.179,0.0022396448892273,0.0288841793430273,0.0140705531096058,0.288845371085156,1,1,959,0.0267,0.521677382144556,FALSE,67,0.0664,TRUE,24,31,516,959,FALSE,FALSE,FALSE,"",0,0,"5 - filter-dependent"
"PARD6B",-0.157,2.743,0.00224512110908953,0.0289246436221034,0.0140902647580144,0.289250018887907,1,1,960,-0.1286,0.112103036245972,FALSE,18.1,-0.216,TRUE,22,23,892,1029,FALSE,FALSE,FALSE,"",0,0,"5 - filter-dependent"
"ITPRIP",0.222,6.816,0.00225499721233975,0.0290216498670323,0.0141375200912896,0.290220093352592,1,1,961,0.0424,0.619001811706104,FALSE,80.9,0.3949,TRUE,29,31,527,959,FALSE,FALSE,FALSE,"",0,0,"5 - filter-dependent"
"C16orf52",-0.121,4.815,0.00226575492595284,0.0291282588396015,0.0141894532687111,0.291286196283095,1,1,962,-0.0782,0.198349740775917,FALSE,35.4,-0.2856,TRUE,28,28,607,965,TRUE,FALSE,FALSE,"",0,0,"4 - robust but small effect"
"MTRR",-0.0981,5.24,0.00227076241848944,0.0291282588396015,0.0141894532687111,0.291286196283095,1,1,963,-0.0531,0.263248628134647,FALSE,45.9,-0.2915,TRUE,27,28,560,982.5,FALSE,FALSE,FALSE,"",0,0,"5 - filter-dependent"
"DLAT",-0.1227,3.922,0.00227159516423352,0.0291282588396015,0.0141894532687111,0.291286196283095,1,1,964,-0.0697,0.290286144589105,FALSE,43.2,-0.2929,TRUE,26,27,613,987,FALSE,FALSE,FALSE,"",0,0,"5 - filter-dependent"
"AC079210.1",0.2099,4.32,0.00227270130823217,0.0291282588396015,0.0141894532687111,0.291286196283095,1,1,965,0.0551,0.579531808275529,FALSE,73.7,0.3554,TRUE,27,27,725,971,TRUE,FALSE,FALSE,"",0,0,"4 - robust but small effect"
"APEH",-0.0874,5.645,0.00227556395026548,0.0291347566634405,0.0141926185992658,0.291351175326318,1,1,966,-0.0688,0.171314080312238,FALSE,21.3,-0.2376,TRUE,27,30,239,1017,FALSE,FALSE,FALSE,"",0,0,"5 - filter-dependent"
"TMEM192",-0.1055,3.927,0.00228069273910565,0.0291551678847448,0.0142025616608285,0.291555290067538,1,1,967,-0.0644,0.314604936564505,FALSE,39,-0.2742,TRUE,24,26,588,1005.5,FALSE,FALSE,FALSE,"",0,0,"5 - filter-dependent"
"MAPK8",-0.0858,5.645,0.00228349104185692,0.0291551678847448,0.0142025616608285,0.291555290067538,1,1,968,-0.0767,0.0993655045080787,FALSE,10.6,-0.1673,TRUE,26,30,270,1006,FALSE,FALSE,FALSE,"",0,0,"5 - filter-dependent"
"RABGAP1L",0.1069,8.183,0.00228600176347551,0.0291551678847448,0.0142025616608285,0.291555290067538,1,1,969,0.0804,0.208597981241181,FALSE,24.8,-0.0345,FALSE,24,31,589,999,FALSE,FALSE,FALSE,"",0,0,"5 - filter-dependent"
"NCOA2",0.1272,8.148,0.00228865716933022,0.0291551678847448,0.0142025616608285,0.291555290067538,1,1,970,0.0316,0.550189927022073,FALSE,75.2,0.1969,TRUE,27,31,333,965,FALSE,FALSE,FALSE,"",0,0,"5 - filter-dependent"
"SEC14L1",0.235,8.118,0.00229098572627328,0.0291551678847448,0.0142025616608285,0.291555290067538,1,1,971,0.0738,0.517654453113429,FALSE,68.6,0.2989,TRUE,29,31,379,971,FALSE,FALSE,FALSE,"",0,0,"5 - filter-dependent"
"RHOG",0.1954,5.548,0.00229291065946893,0.0291551678847448,0.0142025616608285,0.291555290067538,1,1,972,0.0635,0.394286837828051,FALSE,67.5,0.3076,TRUE,28,30,581,964.5,FALSE,FALSE,FALSE,"",0,0,"5 - filter-dependent"
"FLVCR1-AS1",0.314,1.813,0.00229365931046707,0.0291551678847448,0.0142025616608285,0.291555290067538,1,1,973,0.2163,0.250838086225057,FALSE,31.1,0.1813,TRUE,18,18,896,1001.5,TRUE,FALSE,FALSE,"",0,0,"4 - robust but small effect"
"ZDHHC18",0.247,8.039,0.00229611226544351,0.0291563824425106,0.0142031533168816,0.291567435795634,1,1,974,0.0279,0.738201565279187,FALSE,88.7,0.4808,TRUE,29,31,419,965,FALSE,FALSE,FALSE,"",0,0,"5 - filter-dependent"
"CTDSPL2",-0.0889,6.259,0.00231578062781903,0.0293482291859661,0.0142966089681791,0.293485926992728,1,1,975,-0.0565,0.232855944037525,FALSE,36.4,-0.2315,TRUE,25,30,392,1007.5,FALSE,FALSE,FALSE,"",0,0,"5 - filter-dependent"
"RAPGEF2",0.1733,7.228,0.00231596633938413,0.0293482291859661,0.0142966089681791,0.293485926992728,1,1,976,0.0459,0.58382221874777,FALSE,73.5,0.295,TRUE,28,31,416,970,FALSE,FALSE,FALSE,"",0,0,"5 - filter-dependent"
"WHSC1L1",0.0809,8.002,0.0023187075064465,0.0293528909311467,0.0142988798768439,0.293532545021947,1,1,977,0.0441,0.366023039181893,FALSE,45.5,0.0043,TRUE,24,31,557,1028,FALSE,FALSE,FALSE,"",0,0,"5 - filter-dependent"
"TET2",0.1588,8.963,0.00232239348236289,0.0293694914006791,0.0143069665801366,0.29369855177344,1,1,978,0.0366,0.549796176913086,FALSE,77,0.3253,TRUE,29,31,321,978,FALSE,FALSE,FALSE,"",0,0,"5 - filter-dependent"
"RP11-73M18.6",0.1903,2.453,0.00233031407541388,0.0294096962242464,0.0143265518381614,0.294100604988966,1,1,979,0.1754,0.109144764726095,FALSE,7.8,-0.0495,FALSE,16,20,768,1162,FALSE,FALSE,FALSE,"",0,0,"5 - filter-dependent"
"RHOQP2",0.2103,1.738,0.00233032845243867,0.0294096962242464,0.0143265518381614,0.294100604988966,1,1,980,0.1312,0.31428294187571,FALSE,37.6,0.0745,TRUE,12,18,941,1227,FALSE,FALSE,FALSE,"",0,0,"5 - filter-dependent"
"RP11-16E12.1",0.1821,2.588,0.00233498575421741,0.0294384340552099,0.0143405510995572,0.294387986858129,1,1,981,0.0927,0.394286837828051,FALSE,49.1,0.2349,TRUE,18,20,840,1032,FALSE,FALSE,FALSE,"",0,0,"5 - filter-dependent"
"SEPT8",-0.1819,2.513,0.00234478619800224,0.0295318897117024,0.014386076809755,0.295322554998668,1,1,982,-0.1176,0.287987062254399,FALSE,35.3,-0.2799,TRUE,21,21,828,974,TRUE,FALSE,FALSE,"",0,0,"4 - robust but small effect"
"C5orf56",0.1799,5.348,0.00235107799972869,0.0295810098684073,0.014410005056615,0.295813762649842,1,1,983,0.1669,0.0909596064807204,FALSE,7.2,-0.0393,FALSE,28,30,799,982.5,FALSE,FALSE,FALSE,"",0,0,"5 - filter-dependent"
"PQBP1",-0.1017,4.372,0.00236264708824252,0.0296963609627881,0.0144661968452222,0.296967287881278,1,1,984,-0.0919,0.117371296067129,FALSE,9.6,-0.2153,TRUE,27,28,449,1002.5,FALSE,FALSE,FALSE,"",0,0,"5 - filter-dependent"
"SHPRH",-0.0966,6.902,0.00236795235765245,0.0297328271669498,0.0144839608833231,0.297331954439675,1,1,985,-0.0513,0.25483004478622,FALSE,46.9,-0.2789,TRUE,30,31,165,985,FALSE,FALSE,FALSE,"",0,0,"5 - filter-dependent"
"ZBTB20",-0.106,5.902,0.00238247339691027,0.0298848184310205,0.0145580014550806,0.298851885906339,1,1,986,-0.0723,0.220266956632678,FALSE,31.8,-0.2231,TRUE,30,30,394,1001,TRUE,FALSE,FALSE,"",0,0,"4 - robust but small effect"
"CTD-2267D19.2",0.2513,3.148,0.00239958639843084,0.0300689813331232,0.0146477140227835,0.300693537738167,1,1,987,0.0374,0.779123068898732,FALSE,85.1,0.4421,TRUE,21,23,787,1064,FALSE,FALSE,FALSE,"",0,0,"5 - filter-dependent"
"SEC62",-0.1327,7.046,0.00240321415136532,0.0300839601458364,0.0146550107570025,0.300843327720606,1,1,988,-0.1085,0.158403709551976,FALSE,18.2,-0.1405,TRUE,29,31,134,1018,FALSE,FALSE,FALSE,"gran",1,0,"5 - filter-dependent"
"TRIM25",0.22,7.878,0.00241104383658987,0.0301514561890228,0.0146878905784806,0.301518296512671,1,1,989,0.0577,0.540788259140835,FALSE,73.8,0.4118,TRUE,29,31,438,985,FALSE,FALSE,FALSE,"",0,0,"5 - filter-dependent"
"TNIP1",0.1455,6.546,0.00241665720196173,0.0301911275493562,0.0147072159668142,0.301915015029783,1,1,990,0.078,0.343248917855482,FALSE,46.4,0.1542,TRUE,28,31,645,984,FALSE,FALSE,FALSE,"",0,0,"5 - filter-dependent"
"MIDN",0.2017,4.937,0.00242559018647899,0.0302721487652595,0.0147466844006525,0.302725237224274,1,1,991,0.0779,0.406468874373355,FALSE,61.4,0.3159,TRUE,28,29,750,994,FALSE,FALSE,FALSE,"",0,0,"5 - filter-dependent"
"NIT1",0.0843,4.489,0.00244861094428852,0.0305286493537908,0.0148716353335044,0.305290274880286,1,1,992,0.0516,0.310369518680342,FALSE,38.8,-0.0325,FALSE,24,28,694,1014.5,FALSE,FALSE,FALSE,"",0,0,"5 - filter-dependent"
"ZNF3",-0.0747,4.972,0.0024553608932013,0.0305819773686946,0.0148976133838767,0.305823561634643,1,1,993,-0.0554,0.208597981241181,FALSE,25.8,-0.2661,TRUE,26,29,488,1031,FALSE,FALSE,FALSE,"",0,0,"5 - filter-dependent"
"ZBTB10",-0.1431,4.911,0.00246096030718489,0.0306208823735037,0.0149165654520624,0.30621261650159,1,1,994,-0.0793,0.256627143017721,FALSE,44.6,-0.3471,TRUE,27,28,643,1008,FALSE,FALSE,FALSE,"",0,0,"5 - filter-dependent"
"SNN",0.176,7.358,0.00247979996506788,0.0308242874049845,0.0150156515733685,0.308246692010571,1,1,995,0.0455,0.621160274244365,FALSE,74.1,0.2636,TRUE,27,31,631,987,FALSE,FALSE,FALSE,"",0,0,"5 - filter-dependent"
"FAM53C",0.2145,5.979,0.00248436023492101,0.0308499672545212,0.0150281611787986,0.308503493686697,1,1,996,0.0507,0.569562141085259,FALSE,76.4,0.4059,TRUE,27,29,775,996,FALSE,FALSE,FALSE,"",0,0,"5 - filter-dependent"
"RPS4XP11",-0.1815,2.979,0.00248736661027768,0.0308563191934949,0.0150312554434345,0.308567013863199,1,1,997,-0.1327,0.1842185494714,FALSE,26.9,-0.1447,TRUE,22,22,920,1015.5,TRUE,FALSE,FALSE,"",0,0,"4 - robust but small effect"
"TFE3",0.181,5.51,0.00249556287415461,0.0309269755787016,0.0150656747845131,0.309273586466914,1,1,998,0.0528,0.443681514216296,FALSE,70.8,0.3074,TRUE,28,30,584,988.5,FALSE,FALSE,FALSE,"",0,0,"5 - filter-dependent"
"TNFRSF1A",0.2018,6.427,0.00251028020116575,0.0310534774290337,0.0151272985191681,0.310538620639019,1,1,999,0.0523,0.518091606789093,FALSE,74.1,0.3749,TRUE,28,30,640,997.5,FALSE,FALSE,FALSE,"",0,0,"5 - filter-dependent"
"SLC16A7",-0.1103,5.978,0.00251079215952731,0.0310534774290337,0.0151272985191681,0.310538620639019,1,1,1000,-0.056,0.225870972594186,FALSE,49.2,-0.3038,TRUE,29,30,507,1012.5,FALSE,FALSE,FALSE,"",0,0,"5 - filter-dependent"
"POLR1E",-0.1199,4.041,0.002522027250207,0.0311612717588014,0.0151798091279653,0.311616577288327,1,1,1001,-0.0632,0.28739555818965,FALSE,47.3,-0.3527,TRUE,25,26,740,1027.5,FALSE,FALSE,FALSE,"",0,0,"5 - filter-dependent"
"AP1S1",-0.1609,2.547,0.00253240905895726,0.0312583186039754,0.015227084239123,0.312587057760492,1,1,1002,-0.1142,0.254400466971508,FALSE,29,-0.2799,TRUE,18,20,919,1069,FALSE,FALSE,FALSE,"",0,0,"5 - filter-dependent"
"THUMPD2",-0.1365,3.682,0.00254529312067378,0.0313860272347889,0.0152892958412279,0.313864159886885,1,1,1003,-0.0676,0.394286837828051,FALSE,50.5,-0.339,TRUE,24,25,765,1047,FALSE,FALSE,FALSE,"",0,0,"5 - filter-dependent"
"AGTPBP1",0.1379,8.148,0.0025523383935664,0.0314144748356648,0.0153031537208032,0.314148639419223,1,1,1004,0.0572,0.454946253248227,FALSE,58.5,0.2172,TRUE,28,31,531,1001,FALSE,FALSE,FALSE,"",0,0,"5 - filter-dependent"
"ABHD5",0.2496,7.206,0.00255377519555156,0.0314144748356648,0.0153031537208032,0.314148639419223,1,1,1005,0.0323,0.760715948792576,FALSE,87.1,0.4659,TRUE,27,30,623,1006.5,FALSE,FALSE,FALSE,"",0,0,"5 - filter-dependent"
"AKT3",-0.135,5.947,0.00255522005859304,0.0314144748356648,0.0153031537208032,0.314148639419223,1,1,1006,-0.0569,0.35737896538357,FALSE,57.9,-0.3626,TRUE,29,30,552,1000.5,FALSE,FALSE,FALSE,"",0,0,"5 - filter-dependent"
"PHYH",-0.1842,2.101,0.00255988716629161,0.031440600270799,0.0153158803874743,0.314409897006517,1,1,1007,-0.1443,0.188867269828061,FALSE,21.7,-0.3049,TRUE,18,18,956,1017.5,TRUE,FALSE,FALSE,"",0,0,"4 - robust but small effect"
"RP11-705C15.3",-0.1393,6.802,0.00256922403666078,0.0315048806320687,0.0153471937312397,0.315052708581114,1,1,1008,-0.1016,0.216868762073478,FALSE,27.1,-0.256,TRUE,28,30,385,1038,FALSE,FALSE,FALSE,"",0,0,"5 - filter-dependent"
"RTEL1P1",0.2717,4.288,0.00257217463438995,0.0315048806320687,0.0153471937312397,0.315052708581114,1,1,1009,0.1026,0.431066137648183,FALSE,62.2,0.3595,TRUE,25,27,854,1036,FALSE,FALSE,FALSE,"",0,0,"5 - filter-dependent"
"CD274",0.2935,4.632,0.00257299689629012,0.0315048806320687,0.0153471937312397,0.315052708581114,1,1,1010,0.2207,0.209117699599146,FALSE,24.8,0.1993,TRUE,25,27,817,1032,FALSE,FALSE,FALSE,"",0,0,"5 - filter-dependent"
"LINC00152",0.1788,3.351,0.0025753100193258,0.0315048806320687,0.0153471937312397,0.315052708581114,1,1,1011,0.1643,0.113773397015715,FALSE,8.1,-0.0205,FALSE,23,25,763,1029,FALSE,FALSE,FALSE,"",0,0,"5 - filter-dependent"
"POLR2A",0.1928,5.003,0.00258501837374064,0.0315923984648461,0.0153898269076754,0.31592789774903,1,1,1012,0.1554,0.161580389401242,FALSE,19.4,0.0416,TRUE,28,30,702,1017,FALSE,FALSE,FALSE,"",0,0,"5 - filter-dependent"
"POGLUT1",-0.0941,5.055,0.00259222862683859,0.0316492434913521,0.0154175182246061,0.316496355055034,1,1,1013,-0.0455,0.375252188583256,FALSE,51.6,-0.3139,TRUE,26,29,634,1069,FALSE,FALSE,FALSE,"",0,0,"5 - filter-dependent"
"ARG1",0.4261,3.563,0.00262672241749326,0.0320387602165252,0.0156072662421467,0.320391570553121,1,1,1014,0.2083,0.459250246041434,FALSE,51.1,0.3542,TRUE,21,22,946,1055.5,FALSE,FALSE,FALSE,"",0,0,"5 - filter-dependent"
"MARCKS",0.2249,6.604,0.00263263362301311,0.0320792242851489,0.0156269777880362,0.320796216251322,1,1,1015,0.1016,0.416872690868271,FALSE,54.8,0.3631,TRUE,28,30,611,1019.5,FALSE,FALSE,FALSE,"",0,0,"5 - filter-dependent"
"TDRKH",-0.1512,2.537,0.0026379779136526,0.0321127075158025,0.0156432887093055,0.321131052705161,1,1,1016,-0.1096,0.200466111729172,FALSE,27.5,-0.2937,TRUE,19,21,911,1094,FALSE,FALSE,FALSE,"",0,0,"5 - filter-dependent"
"RP11-925D8.2",0.3452,1.992,0.00264084419647748,0.0321132542232037,0.0156435550307209,0.32113651984689,1,1,1017,0.1236,0.433054761381884,FALSE,64.2,0.4029,TRUE,14,17,1017,1160,FALSE,FALSE,FALSE,"",0,0,"5 - filter-dependent"
"ATG14",-0.085,5.022,0.00264321578260199,0.0321132542232037,0.0156435550307209,0.32113651984689,1,1,1018,-0.0445,0.365424242706565,FALSE,47.6,-0.332,TRUE,26,29,499,1029,FALSE,FALSE,FALSE,"",0,0,"5 - filter-dependent"
"AC092620.2",0.2327,3.355,0.00265108932856549,0.0321773040389577,0.0156747560672303,0.321777025937774,1,1,1019,0.0832,0.472219743601799,FALSE,64.2,0.3048,TRUE,23,23,877,1011,TRUE,FALSE,FALSE,"",0,0,"4 - robust but small effect"
"UBFD1",-0.1129,4.428,0.00265502514783948,0.0321934814004693,0.0156826366589418,0.321938801556652,1,1,1020,-0.0735,0.29069719842868,FALSE,34.9,-0.2783,TRUE,25,28,480,1073,FALSE,FALSE,FALSE,"",0,0,"5 - filter-dependent"
"SLC15A3",0.1916,5.763,0.00267554051167427,0.0324083816797124,0.0157873225410106,0.324087830967081,1,1,1021,0.0602,0.415367751652879,FALSE,68.6,0.2891,TRUE,28,30,628,1018,FALSE,FALSE,FALSE,"",0,0,"5 - filter-dependent"
"EPN1",0.1736,3.631,0.00267798884837209,0.0324083816797124,0.0157873225410106,0.324087830967081,1,1,1022,0.1265,0.187014728537987,FALSE,27.1,0.0651,TRUE,25,27,884,1050,FALSE,FALSE,FALSE,"",0,0,"5 - filter-dependent"
"RPL7AP66",-0.1892,2.115,0.00269935431509278,0.0326350089629203,0.0158977210808684,0.326354131869689,1,1,1023,-0.1327,0.216868762073478,FALSE,29.9,-0.2485,TRUE,19,19,909,1066,TRUE,FALSE,FALSE,"",0,0,"4 - robust but small effect"
"ZBED6",0.107,5.821,0.0027022956551922,0.0326386647103683,0.0158995019307936,0.326390689796978,1,1,1024,0.0633,0.344414375312985,FALSE,40.8,0.0288,TRUE,24,30,686,1042,FALSE,FALSE,FALSE,"",0,0,"5 - filter-dependent"
"MS4A4A",-0.2798,2.287,0.00270595812287913,0.03265101469636,0.015905518066192,0.32651419118659,1,1,1025,-0.2395,0.113817384209104,FALSE,14.4,-0.1692,TRUE,20,20,929,1082.5,TRUE,FALSE,FALSE,"gran",1,1,"4 - robust but small effect"
"B3GNT5",0.2356,4.71,0.00271077635388819,0.0326772728507691,0.0159183093853355,0.326776775983071,1,1,1026,0.0599,0.635511671066938,FALSE,74.6,0.3613,TRUE,25,28,810,1056,FALSE,FALSE,FALSE,"",0,0,"5 - filter-dependent"
"IMPDH2",-0.1114,5.557,0.00271996543360975,0.0327269243783483,0.0159424964826208,0.327273297408805,1,1,1027,-0.0739,0.264712765636397,FALSE,33.7,-0.2934,TRUE,26,30,388,1075.5,FALSE,FALSE,FALSE,"",0,0,"5 - filter-dependent"
"EID2",-0.1447,3.286,0.00272018744024435,0.0327269243783483,0.0159424964826208,0.327273297408805,1,1,1028,-0.0773,0.37787329873946,FALSE,46.6,-0.3535,TRUE,19,24,627,1158.5,FALSE,FALSE,FALSE,"",0,0,"5 - filter-dependent"
"TRPC1",-0.2338,2.873,0.00272508432490052,0.0327524137022792,0.0159549132759746,0.327528193805275,1,1,1029,-0.1563,0.180954942566368,FALSE,33.1,-0.3374,TRUE,22,22,965,1074,TRUE,FALSE,FALSE,"",0,0,"4 - robust but small effect"
"SLC4A4",-0.2472,2.478,0.00272760237009602,0.0327524137022792,0.0159549132759746,0.327528193805275,1,1,1030,-0.1696,0.240977363430607,FALSE,31.4,-0.3096,TRUE,22,22,930,1038.5,TRUE,FALSE,FALSE,"",0,0,"4 - robust but small effect"
"ZNF341",0.223,1.635,0.00273937600894203,0.0328618840723522,0.016008240346055,0.328622911065234,1,1,1031,0.1746,0.194796116920198,FALSE,21.7,0.1219,TRUE,16,16,778,881.5,TRUE,FALSE,FALSE,"",0,0,"4 - robust but small effect"
"ARHGAP5",-0.1576,6.32,0.00274587548584597,0.0329079341171927,0.0160306730277641,0.329083417217494,1,1,1032,-0.0872,0.243156527690525,FALSE,44.7,-0.3056,TRUE,29,30,586,1036.5,FALSE,FALSE,FALSE,"",0,0,"5 - filter-dependent"
"PTPN23",0.1723,2.759,0.00276822875095804,0.0330613598535742,0.0161054123840912,0.330617693584941,1,1,1033,0.1945,0.0342210841553993,TRUE,-12.9,-0.1361,FALSE,21,23,898,1008,FALSE,FALSE,FALSE,"",0,0,"5 - filter-dependent"
"BEST1",0.24,5.713,0.00276895504940845,0.0330613598535742,0.0161054123840912,0.330617693584941,1,1,1034,0.0459,0.631850618479526,FALSE,80.9,0.4781,TRUE,28,30,651,1040,FALSE,FALSE,FALSE,"",0,0,"5 - filter-dependent"
"LONP2",-0.081,7.255,0.00276924416742451,0.0330613598535742,0.0161054123840912,0.330617693584941,1,1,1035,-0.0597,0.192395189302063,FALSE,26.3,-0.2565,TRUE,28,31,158,1058,FALSE,FALSE,FALSE,"",0,0,"5 - filter-dependent"
"NQO2",0.3197,5.357,0.00276946513474056,0.0330613598535742,0.0161054123840912,0.330617693584941,1,1,1036,0.1337,0.459761953145637,FALSE,58.2,0.3718,TRUE,26,28,823,1051,FALSE,FALSE,FALSE,"",0,0,"5 - filter-dependent"
"NR2C2",0.1083,5.398,0.00277204318953399,0.0330613598535742,0.0161054123840912,0.330617693584941,1,1,1037,0.0728,0.253219881783197,FALSE,32.8,0.0247,TRUE,26,30,684,1068,FALSE,FALSE,FALSE,"",0,0,"5 - filter-dependent"
"TCIRG1",0.1797,7.446,0.00278680381657996,0.0331866115436596,0.0161664271194065,0.331870225999731,1,1,1038,0.0707,0.446621534838714,FALSE,60.7,0.2122,TRUE,28,31,597,1038,FALSE,FALSE,FALSE,"",0,0,"5 - filter-dependent"
"NMI",0.1704,6.227,0.00278791149691642,0.0331866115436596,0.0161664271194065,0.331870225999731,1,1,1039,0.08,0.435071127971504,FALSE,53.1,0.2268,TRUE,27,30,768,1028.5,FALSE,FALSE,FALSE,"",0,0,"5 - filter-dependent"
"VIM",0.162,10.189,0.00279505221970932,0.0332171665025752,0.0161813115711016,0.332175779373489,1,1,1040,0.1151,0.16466893796743,FALSE,29,0.0756,TRUE,27,31,624,1031,FALSE,FALSE,FALSE,"",0,0,"5 - filter-dependent"
"RP11-473I1.10",0.1357,7.973,0.00279786718923956,0.0332171665025752,0.0161813115711016,0.332175779373489,1,1,1041,0.0384,0.582106612180449,FALSE,71.7,0.2103,TRUE,27,31,679,1026,FALSE,FALSE,FALSE,"",0,0,"5 - filter-dependent"
"PABPC1P3",0.119,2.737,0.00279853553490325,0.0332171665025752,0.0161813115711016,0.332175779373489,1,1,1042,0.0941,0.205938535481747,FALSE,20.9,-0.031,FALSE,21,23,835,1042,FALSE,FALSE,FALSE,"",0,0,"5 - filter-dependent"
"IL2RA",-0.177,3.324,0.00280933859700352,0.0333130533485138,0.0162280216036861,0.33313465970962,1,1,1043,-0.1421,0.168798163325042,FALSE,19.7,-0.2203,TRUE,22,23,969,1076,FALSE,FALSE,FALSE,"",0,0,"5 - filter-dependent"
"VOPP1",0.1024,5.143,0.00281200094565398,0.0333130533485138,0.0162280216036861,0.33313465970962,1,1,1044,0.1028,0.0685185490180469,FALSE,-0.4,-0.0775,FALSE,23,29,783,1092,FALSE,FALSE,FALSE,"",0,0,"5 - filter-dependent"
"PYGL",0.2557,8.535,0.00282565005539513,0.0334427175934229,0.0162911858578179,0.334431318219196,1,1,1045,0.0522,0.550758136698987,FALSE,79.6,0.5022,TRUE,28,31,329,1045,FALSE,FALSE,FALSE,"",0,0,"5 - filter-dependent"
"ATP8A1",-0.0927,7.613,0.00282982964069575,0.0334601653882649,0.0162996853246386,0.334605798328736,1,1,1046,-0.0872,0.0645139008409646,FALSE,5.9,-0.1899,TRUE,27,31,85,1111,FALSE,FALSE,FALSE,"",0,0,"5 - filter-dependent"
"MPZL2",0.2292,3.928,0.00283894491360738,0.0335358841370545,0.0163365707304376,0.335362995195315,1,1,1047,0.1158,0.39850216377486,FALSE,49.5,0.2195,TRUE,23,26,780,1072,FALSE,FALSE,FALSE,"",0,0,"5 - filter-dependent"
"TUT1",-0.2155,1.512,0.00284585726022235,0.0335854604908683,0.0163607212077987,0.335858764874084,1,1,1048,-0.1822,0.16466893796743,FALSE,15.5,-0.208,TRUE,14,16,1048,1149,FALSE,FALSE,FALSE,"",0,0,"5 - filter-dependent"
"TCEB1P19",0.1923,2.275,0.00285180939869523,0.0336236212040635,0.016379310703984,0.336240376732702,1,1,1049,0.0839,0.47912782121611,FALSE,56.4,0.2095,TRUE,15,20,933,1164.5,FALSE,FALSE,FALSE,"",0,0,"5 - filter-dependent"
"SLC20A2",-0.0994,4.471,0.00285940748477114,0.0336810969253805,0.0164073092557067,0.336815141064935,1,1,1050,-0.057,0.347287162710777,FALSE,42.7,-0.2706,TRUE,25,27,663,1085,FALSE,FALSE,FALSE,"",0,0,"5 - filter-dependent"
"SDAD1",-0.1128,4.712,0.00286373739995419,0.0337000039606408,0.0164165195725593,0.337004213759402,1,1,1051,-0.0548,0.373717679775422,FALSE,51.4,-0.3334,TRUE,24,28,595,1086.5,FALSE,FALSE,FALSE,"",0,0,"5 - filter-dependent"
"RNF217",-0.1707,3.789,0.00287791980945068,0.0338347074175723,0.0164821386134291,0.33835126501337,1,1,1052,-0.159,0.0862385105999742,FALSE,6.9,-0.1345,TRUE,26,26,631,1044,TRUE,FALSE,FALSE,"gran",1,1,"4 - robust but small effect"
"PRPS1",-0.118,4.618,0.00290334642053005,0.0340827280860338,0.0166029586632711,0.340831502418344,1,1,1053,-0.0772,0.243156527690525,FALSE,34.6,-0.3314,TRUE,22,28,553,1112,FALSE,FALSE,FALSE,"",0,0,"5 - filter-dependent"
"RP11-700P18.1",-0.1729,2.047,0.00290452744200191,0.0340827280860338,0.0166029586632711,0.340831502418344,1,1,1054,-0.112,0.303547112511672,FALSE,35.2,-0.2876,TRUE,12,19,963,1225,FALSE,FALSE,FALSE,"",0,0,"5 - filter-dependent"
"C21orf33",-0.0817,5.395,0.0029330624080443,0.0343194175776843,0.0167182588773849,0.343198426651704,1,1,1055,-0.0434,0.392385230865685,FALSE,46.9,-0.3528,TRUE,26,30,406,1109,FALSE,FALSE,FALSE,"",0,0,"5 - filter-dependent"
"NRIP1",-0.1287,6.073,0.00293464359219661,0.0343194175776843,0.0167182588773849,0.343198426651704,1,1,1056,-0.0831,0.287361074601967,FALSE,35.4,-0.2674,TRUE,25,30,375,1090,FALSE,FALSE,FALSE,"",0,0,"5 - filter-dependent"
"AP1AR",-0.1644,4.262,0.002940543336386,0.0343194175776843,0.0167182588773849,0.343198426651704,1,1,1057,-0.108,0.22959822267122,FALSE,34.3,-0.3031,TRUE,26,27,560,1087,FALSE,FALSE,FALSE,"",0,0,"5 - filter-dependent"
"FAS",0.1634,6.547,0.00294233659351826,0.0343194175776843,0.0167182588773849,0.343198426651704,1,1,1058,0.0703,0.477821216937869,FALSE,57,0.2277,TRUE,27,30,775,1062.5,FALSE,FALSE,FALSE,"",0,0,"5 - filter-dependent"
"ERCC3",-0.0715,5.394,0.00294635979486976,0.0343194175776843,0.0167182588773849,0.343198426651704,1,1,1059,-0.0423,0.3529785086673,FALSE,40.8,-0.2741,TRUE,22,29,317,1110,FALSE,FALSE,FALSE,"",0,0,"5 - filter-dependent"
"ZGPAT",0.1358,3.24,0.00294774373821616,0.0343194175776843,0.0167182588773849,0.343198426651704,1,1,1060,0.1141,0.177175585698342,FALSE,16,-0.0862,FALSE,22,24,888,1058,FALSE,FALSE,FALSE,"",0,0,"5 - filter-dependent"
"EXOSC6",-0.117,3.872,0.00294839533594892,0.0343194175776843,0.0167182588773849,0.343198426651704,1,1,1061,-0.0706,0.339255435146946,FALSE,39.7,-0.2902,TRUE,21,26,659,1162,FALSE,FALSE,FALSE,"",0,0,"5 - filter-dependent"
"LRRC58",-0.0974,6.22,0.00294845328778354,0.0343194175776843,0.0167182588773849,0.343198426651704,1,1,1062,-0.0498,0.368852309013722,FALSE,48.9,-0.2732,TRUE,24,30,427,1088,FALSE,FALSE,FALSE,"",0,0,"5 - filter-dependent"
"IMPDH1",0.1918,5.626,0.00294967180506779,0.0343194175776843,0.0167182588773849,0.343198426651704,1,1,1063,0.0474,0.533484720957115,FALSE,75.3,0.3725,TRUE,28,30,696,1067.5,FALSE,FALSE,FALSE,"",0,0,"5 - filter-dependent"
"EFHD2",0.1652,7.328,0.00295484146929601,0.034347254973922,0.0167318195036899,0.34347680406208,1,1,1064,0.055,0.435781250922217,FALSE,66.7,0.2546,TRUE,28,31,580,1052,FALSE,FALSE,FALSE,"",0,0,"5 - filter-dependent"
"KCTD3",-0.1725,2.982,0.00296196211424062,0.0343976971163643,0.0167563917387452,0.343981231734372,1,1,1065,-0.1268,0.220790923278693,FALSE,26.5,-0.2339,TRUE,22,22,857,996,TRUE,FALSE,FALSE,"",0,0,"4 - robust but small effect"
"CDC42-IT1",0.1999,2.212,0.00297002644040586,0.0344589934474106,0.0167862514509138,0.344594202637126,1,1,1066,0.1549,0.219589976172804,FALSE,22.5,0.0644,TRUE,18,18,711,858,TRUE,FALSE,FALSE,"",0,0,"4 - robust but small effect"
"MAL",-0.1878,4.492,0.00297282831917486,0.0344591758683736,0.0167863403149185,0.344596026869351,1,1,1067,-0.1474,0.146803790078651,FALSE,21.5,-0.2793,TRUE,26,27,866,1093,FALSE,FALSE,FALSE,"",0,0,"5 - filter-dependent"
"CTBS",0.163,7.273,0.00298119978048467,0.0345238566339273,0.0168178487104344,0.345242842536384,1,1,1068,0.0243,0.744658240919154,FALSE,85.1,0.3677,TRUE,26,31,529,1068,FALSE,FALSE,FALSE,"",0,0,"5 - filter-dependent"
"ZNF746",0.194,5.98,0.00298829016041253,0.0345735946716391,0.0168420779500081,0.345740229074159,1,1,1069,0.0452,0.611057068838788,FALSE,76.7,0.3286,TRUE,27,30,655,1071.5,FALSE,FALSE,FALSE,"",0,0,"5 - filter-dependent"
"LSMEM1",0.2658,3.363,0.00299288820648351,0.0345944311568113,0.0168522281733449,0.345948596506731,1,1,1070,0.0582,0.681167307687712,FALSE,78.1,0.4834,TRUE,22,22,919,1012,TRUE,FALSE,FALSE,"",0,0,"4 - robust but small effect"
"RP13-977J11.5",-0.1842,1.989,0.00299587471128851,0.0345966185146745,0.0168532937163406,0.345970470356294,1,1,1071,-0.1129,0.329712270599627,FALSE,38.7,-0.3583,TRUE,17,20,934,1169,FALSE,FALSE,FALSE,"",0,0,"5 - filter-dependent"
"TFPI",0.3029,1.942,0.00301151716945918,0.0346569692926249,0.0168826928145899,0.346573985610972,1,1,1072,0.2683,0.136623476563482,FALSE,11.4,0.0425,TRUE,11,18,1034,1288,FALSE,FALSE,FALSE,"",0,0,"5 - filter-dependent"
"PCNXL4",-0.0706,6.282,0.00301357232081631,0.0346569692926249,0.0168826928145899,0.346573985610972,1,1,1073,-0.0483,0.271886415333681,FALSE,31.6,-0.2006,TRUE,24,30,246,1130,FALSE,FALSE,FALSE,"",0,0,"5 - filter-dependent"
"HDHD2",-0.0921,4.985,0.00301369974960799,0.0346569692926249,0.0168826928145899,0.346573985610972,1,1,1074,-0.0534,0.341819093842777,FALSE,42,-0.2967,TRUE,26,28,694,1114.5,FALSE,FALSE,FALSE,"",0,0,"5 - filter-dependent"
"HIST3H2BB",-0.2759,3.899,0.00301827392389516,0.0346569692926249,0.0168826928145899,0.346573985610972,1,1,1075,-0.2205,0.207916200155346,FALSE,20.1,-0.214,TRUE,26,27,853,1081,FALSE,FALSE,FALSE,"gran",1,1,"5 - filter-dependent"
"MFSD11",0.0715,4.588,0.0030186333050975,0.0346569692926249,0.0168826928145899,0.346573985610972,1,1,1076,0.0723,0.0828158900677468,FALSE,-1.1,-0.1635,FALSE,22,28,767,1076,FALSE,FALSE,FALSE,"",0,0,"5 - filter-dependent"
"TANK",0.1015,7.67,0.00301970758850267,0.0346569692926249,0.0168826928145899,0.346573985610972,1,1,1077,0.0411,0.477560557899346,FALSE,59.5,0.13,TRUE,24,31,740,1058,FALSE,FALSE,FALSE,"",0,0,"5 - filter-dependent"
"TSPYL4",-0.0937,3.981,0.00302071579054412,0.0346569692926249,0.0168826928145899,0.346573985610972,1,1,1078,-0.0669,0.21229801013631,FALSE,28.6,-0.2231,TRUE,23,27,892,1132,FALSE,FALSE,FALSE,"",0,0,"5 - filter-dependent"
"GMPS",-0.0985,5.354,0.00303941148258622,0.0348391484862154,0.0169714390444356,0.348395800111973,1,1,1079,-0.0417,0.411443488627463,FALSE,57.7,-0.3256,TRUE,27,29,448,1079,FALSE,FALSE,FALSE,"",0,0,"5 - filter-dependent"
"TRAC",-0.1711,7.215,0.00304721210767576,0.0348582351155862,0.0169807368482283,0.34858666876979,1,1,1080,-0.1252,0.191332954601721,FALSE,26.8,-0.2678,TRUE,28,31,159,1110,FALSE,FALSE,FALSE,"",0,0,"5 - filter-dependent"
"SSH2",0.1875,8.896,0.00304863770397735,0.0348582351155862,0.0169807368482283,0.34858666876979,1,1,1081,0.0506,0.550758136698987,FALSE,73,0.2946,TRUE,25,31,389,1081,FALSE,FALSE,FALSE,"",0,0,"5 - filter-dependent"
"C15orf39",0.2521,5.082,0.00304953188834607,0.0348582351155862,0.0169807368482283,0.34858666876979,1,1,1082,0.1342,0.347287162710777,FALSE,46.8,0.2275,TRUE,27,30,738,1081.5,FALSE,FALSE,FALSE,"",0,0,"5 - filter-dependent"
"RP4-647C14.3",0.2191,2.039,0.00305969971071697,0.0349421662254362,0.0170216227991383,0.349425990264174,1,1,1083,0.0944,0.458579244117683,FALSE,56.9,0.2847,TRUE,17,19,990,1119,FALSE,FALSE,FALSE,"",0,0,"5 - filter-dependent"
"MB21D2",-0.2106,2.405,0.00306375982077337,0.034956255962477,0.0170284864316818,0.349566889379766,1,1,1084,-0.1605,0.205033259711507,FALSE,23.8,-0.2154,TRUE,15,18,1014,1176.5,FALSE,FALSE,FALSE,"",0,0,"5 - filter-dependent"
"RIT1",0.1407,6.71,0.0030765472214353,0.0350698027969694,0.0170837992985,0.350702371788838,1,1,1085,0.0338,0.641180581659597,FALSE,76,0.2782,TRUE,25,31,545,1085,FALSE,FALSE,FALSE,"",0,0,"5 - filter-dependent"
"AMOTL1",-0.2477,1.502,0.00310249515319063,0.0353248237787472,0.0172080294601242,0.353252613194048,1,1,1086,-0.2276,0.111215479282816,FALSE,8.1,-0.1018,TRUE,17,17,631,790,TRUE,FALSE,FALSE,"gran",1,0,"4 - robust but small effect"
"GNA13",0.1167,8.328,0.00310463158534106,0.0353248237787472,0.0172080294601242,0.353252613194048,1,1,1087,0.0405,0.54858807709731,FALSE,65.3,0.1396,TRUE,24,31,554,1114,FALSE,FALSE,FALSE,"",0,0,"5 - filter-dependent"
"PIGM",-0.1013,4.075,0.00310874623326414,0.0353391299751938,0.0172149985380582,0.35339567693051,1,1,1088,-0.0593,0.331306268549795,FALSE,41.5,-0.3067,TRUE,25,27,915,1098,FALSE,FALSE,FALSE,"",0,0,"5 - filter-dependent"
"CTB-31N19.3",0.181,3.116,0.00311536081052388,0.0353818021162161,0.0172357857177604,0.353822403626193,1,1,1089,0.0696,0.555321159927491,FALSE,61.5,0.2149,TRUE,21,25,907,1148,FALSE,FALSE,FALSE,"",0,0,"5 - filter-dependent"
"DOCK5",0.2172,8.689,0.00312480387656348,0.0354564902250799,0.0172721690606951,0.354569293965857,1,1,1090,0.0397,0.681167307687712,FALSE,81.7,0.3566,TRUE,25,31,401,1091,FALSE,FALSE,FALSE,"",0,0,"5 - filter-dependent"
"ENGASE",-0.1295,5.359,0.00313818835448067,0.0355757227939661,0.017330251659234,0.355761634423114,1,1,1091,-0.1011,0.216868762073478,FALSE,21.9,-0.2803,TRUE,28,30,494,1109,FALSE,FALSE,FALSE,"",0,0,"5 - filter-dependent"
"ATXN7",0.0997,7.101,0.00314932675369963,0.0356509177518895,0.0173668819071102,0.356513593316153,1,1,1092,0.0512,0.387410474164007,FALSE,48.6,0.0489,TRUE,24,31,741,1100,FALSE,FALSE,FALSE,"",0,0,"5 - filter-dependent"
"ARPC1B",0.1138,8.253,0.00315058644104263,0.0356509177518895,0.0173668819071102,0.356513593316153,1,1,1093,0.0472,0.383520525285747,FALSE,58.5,0.0697,TRUE,23,31,694,1083,FALSE,FALSE,FALSE,"",0,0,"5 - filter-dependent"
"TOMM20",-0.0989,5.875,0.00316363234708059,0.0357658179786954,0.0174228540614296,0.357662609815995,1,1,1094,-0.0526,0.339322309273065,FALSE,46.8,-0.3409,TRUE,28,30,451,1092,FALSE,FALSE,FALSE,"",0,0,"5 - filter-dependent"
"DYNC2H1",-0.1642,3.795,0.00316974080870358,0.0358021500657954,0.0174405527661445,0.358025935187163,1,1,1095,-0.1141,0.26262104488174,FALSE,30.5,-0.1949,TRUE,21,26,771,1172.5,FALSE,FALSE,FALSE,"",0,0,"5 - filter-dependent"
"RP11-925D8.5",0.3402,2.769,0.00317399253094092,0.0358174631593771,0.0174480123409503,0.358179068019692,1,1,1096,0.1251,0.502231049585055,FALSE,63.2,0.3449,TRUE,18,21,1020,1125,FALSE,FALSE,FALSE,"",0,0,"5 - filter-dependent"
"C16orf72",0.1349,7.827,0.00320502681206229,0.0361261531508931,0.017598386664155,0.36126600616984,1,1,1097,0.0217,0.727951839594325,FALSE,83.9,0.3174,TRUE,26,31,599,1090,FALSE,FALSE,FALSE,"",0,0,"5 - filter-dependent"
"ZNF101",-0.093,6.501,0.0032085368634502,0.0361261531508931,0.017598386664155,0.36126600616984,1,1,1098,-0.0642,0.188831793181562,FALSE,31,-0.278,TRUE,26,30,531,1137.5,FALSE,FALSE,FALSE,"",0,0,"5 - filter-dependent"
"AREL1",0.1323,7.183,0.00321011014819143,0.0361261531508931,0.017598386664155,0.36126600616984,1,1,1099,0.0263,0.648515475086552,FALSE,80.1,0.2123,TRUE,24,31,489,1099,FALSE,FALSE,FALSE,"",0,0,"5 - filter-dependent"
"HIBADH",-0.1108,3.82,0.00321450089202892,0.0361426791205579,0.017606437075804,0.361431267913429,1,1,1100,-0.0542,0.385579802229964,FALSE,51.1,-0.3503,TRUE,25,27,713,1093,FALSE,FALSE,FALSE,"",0,0,"5 - filter-dependent"
"DARS",-0.1059,5.759,0.00322546280157555,0.0362329917619314,0.0176504317069764,0.362334405513476,1,1,1101,-0.063,0.287929005140029,FALSE,40.5,-0.288,TRUE,24,30,429,1122.5,FALSE,FALSE,FALSE,"",0,0,"5 - filter-dependent"
"RP11-396K3.1",0.2578,1.938,0.00323255983490111,0.0362797640998702,0.0176732162443944,0.362802134686184,1,1,1102,0.1309,0.3740074838206,FALSE,49.2,0.2664,TRUE,11,17,1088,1249,FALSE,FALSE,FALSE,"",0,0,"5 - filter-dependent"
"AFF1",0.1314,7.284,0.0032380119348239,0.036282775983297,0.0176746834443177,0.362832253893511,1,1,1103,0.0805,0.29069719842868,FALSE,38.7,0.1192,TRUE,26,31,683,1102,FALSE,FALSE,FALSE,"",0,0,"5 - filter-dependent"
"FOXN3",0.1059,7.063,0.00323869539825031,0.036282775983297,0.0176746834443177,0.362832253893511,1,1,1104,0.0645,0.310759375616425,FALSE,39.1,0.0185,TRUE,23,31,717,1106,FALSE,FALSE,FALSE,"",0,0,"5 - filter-dependent"
"PTPDC1",-0.1351,3.385,0.00324655129922573,0.0363182913811464,0.0176919843094631,0.363187412271017,1,1,1105,-0.0625,0.383889086442917,FALSE,53.7,-0.3171,TRUE,20,24,1048,1173,FALSE,FALSE,FALSE,"",0,0,"5 - filter-dependent"
"SERTAD3",0.1332,3.587,0.00324773854039036,0.0363182913811464,0.0176919843094631,0.363187412271017,1,1,1106,0.0639,0.398956128849188,FALSE,52,0.1454,TRUE,21,26,855,1153,FALSE,FALSE,FALSE,"",0,0,"5 - filter-dependent"
"NUAK2",0.1987,5.705,0.00326943004394254,0.0365278326860717,0.0177940596367415,0.365282851274494,1,1,1107,0.0589,0.538560982485616,FALSE,70.4,0.3135,TRUE,27,30,701,1109,FALSE,FALSE,FALSE,"",0,0,"5 - filter-dependent"
"ABI1",0.0826,7.66,0.00327588323816833,0.0365668988173879,0.017813090195614,0.365673517426469,1,1,1108,0.0329,0.501494370326346,FALSE,60.2,0.047,TRUE,23,31,666,1110,FALSE,FALSE,FALSE,"",0,0,"5 - filter-dependent"
"SIRPB2",0.2095,6.042,0.00328587250417649,0.0366200109872364,0.0178389630998687,0.366204645703537,1,1,1109,0.1007,0.373525274611922,FALSE,51.9,0.2133,TRUE,27,30,772,1111.5,FALSE,FALSE,FALSE,"",0,0,"5 - filter-dependent"
"KRT10",-0.1664,2.535,0.00328656308181051,0.0366200109872364,0.0178389630998687,0.366204645703537,1,1,1110,-0.1434,0.160318732114688,FALSE,13.8,-0.1766,TRUE,18,20,989,1182,FALSE,FALSE,FALSE,"",0,0,"5 - filter-dependent"
"MTIF2",-0.1002,4.402,0.00329325402977039,0.0366615354097211,0.0178591911833804,0.366619895071687,1,1,1111,-0.0582,0.341997088638606,FALSE,41.9,-0.3143,TRUE,26,28,588,1103.5,FALSE,FALSE,FALSE,"",0,0,"5 - filter-dependent"
"FAM60A",-0.1018,5.192,0.00329998423278396,0.0367034217545612,0.0178795955726705,0.367038763708218,1,1,1112,-0.051,0.315064388213312,FALSE,49.9,-0.3196,TRUE,25,29,604,1133,FALSE,FALSE,FALSE,"",0,0,"5 - filter-dependent"
"C11orf83",-0.1397,2.653,0.00330585613707567,0.0367356951512596,0.0178953171390297,0.367361501672652,1,1,1113,-0.0878,0.314980215230646,FALSE,37.2,-0.3824,TRUE,20,22,1063,1153.5,FALSE,FALSE,FALSE,"",0,0,"5 - filter-dependent"
"GTPBP1",0.1637,5.803,0.00331015092453635,0.0367504009287841,0.0179024808677,0.367508561269386,1,1,1114,0.0685,0.429990279380099,FALSE,58.2,0.196,TRUE,28,31,579,1114,FALSE,FALSE,FALSE,"",0,0,"5 - filter-dependent"
"ELOVL5",0.1269,8.017,0.0033253349041872,0.0368858673497643,0.0179684715766045,0.368863242258343,1,1,1115,0.02,0.721952868766277,FALSE,84.2,0.2506,TRUE,24,31,540,1115,FALSE,FALSE,FALSE,"",0,0,"5 - filter-dependent"
"C20orf197",-0.1586,3.119,0.00332902401456619,0.0368936998316798,0.01797228706852,0.368941568047645,1,1,1116,-0.2026,0.00777911006610906,TRUE,-27.7,-0.0114,TRUE,18,24,970,1181,FALSE,FALSE,FALSE,"gran",1,1,"5 - filter-dependent"
"HTATIP2",0.1454,5.71,0.00333707473153437,0.0369375029052347,0.0179936251673283,0.369379604208734,1,1,1117,0.0417,0.609356481582676,FALSE,71.3,0.2002,TRUE,26,30,836,1115,FALSE,FALSE,FALSE,"",0,0,"5 - filter-dependent"
"KIAA0513",0.1778,6.861,0.00333894956727461,0.0369375029052347,0.0179936251673283,0.369379604208734,1,1,1118,0.0696,0.406226452469205,FALSE,60.9,0.1958,TRUE,24,31,562,1112,FALSE,FALSE,FALSE,"",0,0,"5 - filter-dependent"
"NFKBID",0.1199,3.762,0.00334811932931311,0.0370058443833284,0.0180269168314496,0.37006302745459,1,1,1119,0.0853,0.244844503657826,FALSE,28.9,0.0351,TRUE,23,27,803,1141,FALSE,FALSE,FALSE,"",0,0,"5 - filter-dependent"
"ARPC5",0.1538,9.163,0.0033535966207138,0.037033288397311,0.0180402858266943,0.370337470993688,1,1,1120,0.0357,0.670200295216846,FALSE,76.8,0.2283,TRUE,25,31,514,1120,FALSE,FALSE,FALSE,"",0,0,"5 - filter-dependent"
"RBM4B",-0.0856,3.774,0.00336216765901105,0.0370823058738679,0.0180641640542528,0.370827651830665,1,1,1121,-0.0714,0.173706915130587,FALSE,16.6,-0.2195,TRUE,20,26,830,1208,FALSE,FALSE,FALSE,"",0,0,"5 - filter-dependent"
"EML5",-0.1711,3.614,0.00336403195265846,0.0370823058738679,0.0180641640542528,0.370827651830665,1,1,1122,-0.101,0.25849620181773,FALSE,41,-0.2536,TRUE,25,26,1007,1136.5,FALSE,FALSE,FALSE,"",0,0,"5 - filter-dependent"
"ZNF16",-0.1395,2.882,0.0033821527858963,0.0372488563276629,0.018145296946336,0.372493176997903,1,1,1123,-0.0911,0.300795883745266,FALSE,34.7,-0.3335,TRUE,22,23,912,1090,FALSE,FALSE,FALSE,"",0,0,"5 - filter-dependent"
"BAZ2B",0.179,8.583,0.00339142118746577,0.0373177021766696,0.0181788343082018,0.37318164401536,1,1,1124,0.0413,0.647736157139928,FALSE,76.9,0.3235,TRUE,24,31,343,1133,FALSE,FALSE,FALSE,"",0,0,"5 - filter-dependent"
"PRR13",0.1612,3.55,0.00339624477597839,0.0373375603460451,0.0181885079576948,0.373380228168789,1,1,1125,0.0749,0.475964775192482,FALSE,53.5,0.2327,TRUE,22,26,933,1118,FALSE,FALSE,FALSE,"",0,0,"5 - filter-dependent"
"DGKE",-0.1271,5.329,0.00341536567915339,0.0375025789886659,0.0182688946478443,0.375030435034552,1,1,1126,-0.0589,0.283668314038414,FALSE,53.7,-0.3305,TRUE,27,30,608,1130.5,FALSE,FALSE,FALSE,"",0,0,"5 - filter-dependent"
"IGF2R",0.2466,9.727,0.00341786747769811,0.0375025789886659,0.0182688946478443,0.375030435034552,1,1,1127,0.0653,0.580458782502802,FALSE,73.5,0.3267,TRUE,24,31,362,1127,FALSE,FALSE,FALSE,"",0,0,"5 - filter-dependent"
"B3GALTL",-0.1227,3.156,0.00342194399190218,0.0375025789886659,0.0182688946478443,0.375030435034552,1,1,1128,-0.0818,0.276279195658339,FALSE,33.3,-0.2679,TRUE,18,24,841,1185,FALSE,FALSE,FALSE,"",0,0,"5 - filter-dependent"
"KIAA0226",0.1416,4.713,0.00342338386790134,0.0375025789886659,0.0182688946478443,0.375030435034552,1,1,1129,0.131,0.115192793649609,FALSE,7.5,-0.0686,FALSE,23,29,847,1173,FALSE,FALSE,FALSE,"",0,0,"5 - filter-dependent"
"LSM11",-0.0983,3.696,0.0034421184310932,0.0376744431466909,0.0183526160419823,0.376749097902256,1,1,1130,-0.0526,0.385789467439653,FALSE,46.5,-0.3148,TRUE,20,26,856,1199.5,FALSE,FALSE,FALSE,"",0,0,"5 - filter-dependent"
"BRCA1",0.1642,4.373,0.00344521727786325,0.0376750197105329,0.0183528969075753,0.376754863612091,1,1,1131,0.0696,0.484344861515637,FALSE,57.6,0.1899,TRUE,21,26,991,1139,FALSE,FALSE,FALSE,"",0,0,"5 - filter-dependent"
"ZNF281",0.1532,6.877,0.00345008089376652,0.0376907149968516,0.0183605426626128,0.376911818419328,1,1,1132,0.0393,0.647706298422079,FALSE,74.3,0.272,TRUE,25,31,517,1132,FALSE,FALSE,FALSE,"",0,0,"5 - filter-dependent"
"ERP27",0.1331,3.696,0.00345302498166997,0.0376907149968516,0.0183605426626128,0.376911818419328,1,1,1133,0.1259,0.115526839762202,FALSE,5.4,-0.0939,FALSE,22,26,822,1152,FALSE,FALSE,FALSE,"",0,0,"5 - filter-dependent"
"KIAA0247",0.1892,5.84,0.00345579485821715,0.0376907149968516,0.0183605426626128,0.376911818419328,1,1,1134,0.0767,0.416818872206068,FALSE,59.5,0.2368,TRUE,25,30,719,1135,FALSE,FALSE,FALSE,"",0,0,"5 - filter-dependent"
"YWHAH",0.1139,4.199,0.00345888191106407,0.0376911466749255,0.0183607529489843,0.376916135253536,1,1,1135,0.1065,0.113757704864192,FALSE,6.5,-0.086,FALSE,22,28,737,1183,FALSE,FALSE,FALSE,"",0,0,"5 - filter-dependent"
"PPIA",-0.1124,5.902,0.00346976110640679,0.0377456894448483,0.018387322751499,0.377461569708545,1,1,1136,-0.05,0.416818872206068,FALSE,55.5,-0.4178,TRUE,26,29,536,1141,FALSE,FALSE,FALSE,"",0,0,"5 - filter-dependent"
"FAM120C",-0.1259,3.275,0.00347249499876467,0.0377456894448483,0.018387322751499,0.377461569708545,1,1,1137,-0.0723,0.354600644389824,FALSE,42.6,-0.2656,TRUE,21,24,1032,1196,FALSE,FALSE,FALSE,"",0,0,"5 - filter-dependent"
"ICAM3",0.2071,9.123,0.00347304290008387,0.0377456894448483,0.018387322751499,0.377461569708545,1,1,1138,0.0349,0.736397598656356,FALSE,83.1,0.3595,TRUE,24,31,387,1138,FALSE,FALSE,FALSE,"",0,0,"5 - filter-dependent"
"MYO9A",-0.0983,6.397,0.00348424589140605,0.0378341994599737,0.018430439256689,0.378346680822836,1,1,1139,-0.0386,0.452568424193327,FALSE,60.7,-0.3059,TRUE,24,30,517,1176,FALSE,FALSE,FALSE,"",0,0,"5 - filter-dependent"
"TNFAIP2",0.1969,8.044,0.00350040124921444,0.0379762830265651,0.018499653422201,0.379767534087517,1,1,1140,0.0694,0.508446932358665,FALSE,64.8,0.2158,TRUE,23,31,612,1130,FALSE,FALSE,FALSE,"",0,0,"5 - filter-dependent"
"CEP68",-0.1265,4.547,0.0035059867339542,0.0380035441941678,0.0185129333462047,0.38004014914017,1,1,1141,-0.0765,0.245489388468552,FALSE,39.5,-0.2816,TRUE,26,28,757,1168.5,FALSE,FALSE,FALSE,"",0,0,"5 - filter-dependent"
"NADK",0.211,7.93,0.00353123145834999,0.0382042419963852,0.0186107006759094,0.382047152021193,1,1,1142,0.037,0.685887254950708,FALSE,82.5,0.3595,TRUE,24,31,509,1141,FALSE,FALSE,FALSE,"",0,0,"5 - filter-dependent"
"TRIM56",0.1314,5.989,0.00353189425217719,0.0382042419963852,0.0186107006759094,0.382047152021193,1,1,1143,0.0817,0.321527930412291,FALSE,37.8,0.0271,TRUE,25,30,896,1159,FALSE,FALSE,FALSE,"",0,0,"5 - filter-dependent"
"KIAA0586",-0.0802,5.493,0.00353495343167579,0.0382042419963852,0.0186107006759094,0.382047152021193,1,1,1144,-0.0529,0.253219881783197,FALSE,34,-0.2128,TRUE,23,29,335,1192,FALSE,FALSE,FALSE,"",0,0,"5 - filter-dependent"
"MKS1",-0.1348,2.652,0.00353685778507932,0.0382042419963852,0.0186107006759094,0.382047152021193,1,1,1145,-0.0847,0.338636222352936,FALSE,37.2,-0.3062,TRUE,22,24,934,1154,FALSE,FALSE,FALSE,"",0,0,"5 - filter-dependent"
"TBC1D32",-0.1349,4.339,0.0035422814947769,0.0382068351733712,0.0186119639084241,0.382073084112249,1,1,1146,-0.0698,0.327016396652086,FALSE,48.3,-0.3067,TRUE,21,27,716,1210,FALSE,FALSE,FALSE,"",0,0,"5 - filter-dependent"
"RP11-3K24.1",0.2135,2.612,0.00354327619209709,0.0382068351733712,0.0186119639084241,0.382073084112249,1,1,1147,0.0767,0.589509306129381,FALSE,64.1,0.2968,TRUE,18,21,1066,1147,FALSE,FALSE,FALSE,"",0,0,"5 - filter-dependent"
"SHOC2",0.1173,7.592,0.00356388715983733,0.0383956066139966,0.018703921465859,0.383960821900129,1,1,1148,0.0409,0.548369543092332,FALSE,65.1,0.1769,TRUE,24,31,666,1124,FALSE,FALSE,FALSE,"",0,0,"5 - filter-dependent"
"STAU2",-0.077,5.593,0.00358820487265329,0.0386239494038084,0.0188151556924952,0.386244278081263,1,1,1149,-0.0792,0.0810112526203634,FALSE,-2.9,-0.0898,TRUE,22,30,279,1244,FALSE,FALSE,FALSE,"",0,0,"5 - filter-dependent"
"RCN3",0.271,1.778,0.00359360076630584,0.03864788895231,0.0188268175328615,0.386483676531482,1,1,1150,0.1441,0.405816348033375,FALSE,46.8,0.2463,TRUE,15,18,1079,1201,FALSE,FALSE,FALSE,"",0,0,"5 - filter-dependent"
"EXOC3",0.1098,5.37,0.0035966785401123,0.03864788895231,0.0188268175328615,0.386483676531482,1,1,1151,0.0738,0.253999298770821,FALSE,32.8,0.0127,TRUE,21,30,791,1183,FALSE,FALSE,FALSE,"",0,0,"5 - filter-dependent"
"HIST2H2AC",-0.0961,6.436,0.00360628239012723,0.0387174484384493,0.018860702533795,0.387179280008658,1,1,1152,-0.0792,0.200466111729172,FALSE,17.6,-0.244,TRUE,27,31,215,1201,FALSE,FALSE,FALSE,"gran",1,0,"5 - filter-dependent"
"RN7SL239P",0.2155,1.726,0.00361347441388528,0.0387543468822301,0.0188786771318167,0.387548269016785,1,1,1153,0.1014,0.441945592267078,FALSE,52.9,0.2186,TRUE,14,17,1028,1197,FALSE,FALSE,FALSE,"",0,0,"5 - filter-dependent"
"ZNF287",-0.1507,3.12,0.00361598611756902,0.0387543468822301,0.0188786771318167,0.387548269016785,1,1,1154,-0.0806,0.294833750108217,FALSE,46.5,-0.3923,TRUE,22,23,1041,1164,FALSE,FALSE,FALSE,"",0,0,"5 - filter-dependent"
"RPS6KA5",0.1432,6.487,0.00362794118615851,0.0388488109007865,0.0189246940525075,0.38849292090286,1,1,1155,0.0341,0.688678613992014,FALSE,76.2,0.2219,TRUE,23,30,786,1170,FALSE,FALSE,FALSE,"",0,0,"5 - filter-dependent"
"CNOT2",-0.0685,7.045,0.00363448833809526,0.0388852523923548,0.0189424460521892,0.388857340332261,1,1,1156,-0.0534,0.205033259711507,FALSE,22,-0.1782,TRUE,21,31,71,1284,FALSE,FALSE,FALSE,"",0,0,"5 - filter-dependent"
"PEX19",-0.0692,4.566,0.00364195250932134,0.0389247330191593,0.0189616785271595,0.389252151490459,1,1,1157,-0.0509,0.256508203572721,FALSE,26.4,-0.2064,TRUE,18,27,794,1297,FALSE,FALSE,FALSE,"",0,0,"5 - filter-dependent"
"DCAF15",0.1088,3.939,0.00364447290072659,0.0389247330191593,0.0189616785271595,0.389252151490459,1,1,1158,0.074,0.285738939724171,FALSE,32,-0.0234,FALSE,21,28,701,1235.5,FALSE,FALSE,FALSE,"",0,0,"5 - filter-dependent"
"HIST1H1E",-0.1257,7.594,0.0036482433459472,0.0389313836951467,0.0189649183176546,0.3893186590741,1,1,1159,-0.077,0.347287162710777,FALSE,38.7,-0.3715,TRUE,24,31,203,1219,FALSE,FALSE,FALSE,"",0,0,"5 - filter-dependent"
"MFAP3L",0.2395,5.089,0.003655203977527,0.0389720368914258,0.018984721994627,0.389725196072281,1,1,1160,0.1961,0.202556407938784,FALSE,18.1,0.0106,TRUE,26,29,840,1160,FALSE,FALSE,FALSE,"",0,0,"5 - filter-dependent"
"GAR1",-0.2039,1.565,0.00367138134586747,0.0390476066713342,0.0190215348321688,0.390480903231596,1,1,1161,-0.1721,0.181442878254481,FALSE,15.6,-0.1708,TRUE,7,16,1161,1418.5,FALSE,FALSE,FALSE,"",0,0,"5 - filter-dependent"
"WWC3",0.1461,6.044,0.00367163666186905,0.0390476066713342,0.0190215348321688,0.390480903231596,1,1,1162,0.0557,0.513465205673702,FALSE,61.9,0.241,TRUE,24,30,825,1170,FALSE,FALSE,FALSE,"",0,0,"5 - filter-dependent"
"SLC16A1",-0.1385,3.904,0.00367176314349626,0.0390476066713342,0.0190215348321688,0.390480903231596,1,1,1163,-0.0995,0.274916047995464,FALSE,28.2,-0.2238,TRUE,19,26,528,1280,FALSE,FALSE,FALSE,"",0,0,"5 - filter-dependent"
"SORL1",0.206,11.343,0.00367802499874648,0.0390805955193268,0.0190376049213408,0.39081079579759,1,1,1164,0.0412,0.678888475752189,FALSE,80,0.3576,TRUE,24,31,404,1167,FALSE,FALSE,FALSE,"",0,0,"5 - filter-dependent"
"EXTL3",0.1946,6.44,0.00369012482137362,0.0391755053997845,0.0190838390378704,0.391759906357903,1,1,1165,0.0341,0.699412320601443,FALSE,82.5,0.321,TRUE,23,30,743,1161.5,FALSE,FALSE,FALSE,"",0,0,"5 - filter-dependent"
"KRT23",0.3526,6.909,0.00371201114501184,0.039374059898376,0.0191805622850295,0.393745475937194,1,1,1166,0.0784,0.694569453134075,FALSE,77.8,0.5199,TRUE,23,30,760,1164.5,FALSE,FALSE,FALSE,"",0,0,"5 - filter-dependent"
"CEP19",0.2379,5.409,0.00371676067711839,0.0393906564306771,0.0191886470703511,0.393911443315886,1,1,1167,0.0401,0.764513985369321,FALSE,83.1,0.4262,TRUE,23,29,737,1177,FALSE,FALSE,FALSE,"",0,0,"5 - filter-dependent"
"TRBV7-3",-0.2355,1.978,0.00372839288160983,0.0394608642351745,0.0192228478911588,0.394613530056945,1,1,1168,-0.2005,0.168324664540193,FALSE,14.9,-0.24,TRUE,6,17,1006,1495,FALSE,FALSE,FALSE,"",0,0,"5 - filter-dependent"
"CNPY4",-0.1143,3.618,0.0037297663559928,0.0394608642351745,0.0192228478911588,0.394613530056945,1,1,1169,-0.0763,0.259667404144993,FALSE,33.2,-0.323,TRUE,19,26,603,1225,FALSE,FALSE,FALSE,"",0,0,"5 - filter-dependent"
"ZMAT1",-0.1198,5.174,0.00373624716221124,0.03949564521558,0.0192397909943776,0.394961344169046,1,1,1170,-0.0825,0.21229801013631,FALSE,31.1,-0.2403,TRUE,24,29,597,1170,FALSE,FALSE,FALSE,"",0,0,"5 - filter-dependent"
"DHX57",-0.107,4.815,0.00374375836331673,0.0395412497331352,0.0192620066432516,0.395417394993269,1,1,1171,-0.0726,0.247032115541914,FALSE,32.1,-0.2701,TRUE,20,28,524,1234.5,FALSE,FALSE,FALSE,"",0,0,"5 - filter-dependent"
"API5",-0.0996,5.894,0.00378386035656595,0.0399307038310646,0.0194517241527433,0.399311984211162,1,1,1172,-0.0505,0.408214059336439,FALSE,49.3,-0.3078,TRUE,22,30,425,1235.5,FALSE,FALSE,FALSE,"",0,0,"5 - filter-dependent"
"NCOA6",0.1144,4.95,0.00379039240925566,0.039965535650191,0.0194686920213852,0.399660306716767,1,1,1173,0.0907,0.198892153497551,FALSE,20.7,0.0118,TRUE,21,29,891,1208,FALSE,FALSE,FALSE,"",0,0,"5 - filter-dependent"
"CAMTA2",0.2449,2.378,0.00380169622022898,0.0400505782383237,0.0195101194145158,0.400510743131647,1,1,1174,0.2049,0.187104847537824,FALSE,16.3,0.0649,TRUE,19,21,1063,1162,FALSE,FALSE,FALSE,"",0,0,"5 - filter-dependent"
"TTLL1",-0.1585,2.124,0.00380494487378629,0.0400506878289266,0.0195101728001558,0.400511839051251,1,1,1175,-0.1059,0.303877927167606,FALSE,33.2,-0.316,TRUE,20,20,813,975.5,TRUE,FALSE,FALSE,"",0,0,"4 - robust but small effect"
"NARG2",-0.1045,6.037,0.00381613244412144,0.0401136283829846,0.0195408334742259,0.401141252387779,1,1,1176,-0.047,0.326065238538355,FALSE,55,-0.3248,TRUE,26,30,614,1176.5,FALSE,FALSE,FALSE,"",0,0,"5 - filter-dependent"
"KMT2E",0.0804,7.492,0.00381741110986197,0.0401136283829846,0.0195408334742259,0.401141252387779,1,1,1177,0.0554,0.279406324663185,FALSE,31.1,0.0032,TRUE,19,31,714,1211,FALSE,FALSE,FALSE,"",0,0,"5 - filter-dependent"
"DHX32",-0.1339,3.767,0.00382220274629112,0.040129884181773,0.0195487522756388,0.401303812389141,1,1,1178,-0.0887,0.28739555818965,FALSE,33.8,-0.2863,TRUE,19,25,539,1253,FALSE,FALSE,FALSE,"",0,0,"5 - filter-dependent"
"RAC1P2",0.1668,5.34,0.00383341712249246,0.0401505385554828,0.0195588137857402,0.401510358684533,1,1,1179,0.0532,0.541495472708802,FALSE,68.1,0.2334,TRUE,23,30,679,1175.5,FALSE,FALSE,FALSE,"",0,0,"5 - filter-dependent"
"CYTH4",0.1573,8.855,0.00383622399480893,0.0401505385554828,0.0195588137857402,0.401510358684533,1,1,1180,0.0344,0.658746157352546,FALSE,78.1,0.2758,TRUE,23,31,582,1180,FALSE,FALSE,FALSE,"",0,0,"5 - filter-dependent"
"PREPL",-0.0982,5.52,0.00383687964319718,0.0401505385554828,0.0195588137857402,0.401510358684533,1,1,1181,-0.0456,0.403943187621576,FALSE,53.6,-0.2576,TRUE,23,30,511,1245,FALSE,FALSE,FALSE,"",0,0,"5 - filter-dependent"
"MARS2",-0.1149,4.158,0.00384002927643791,0.0401505385554828,0.0195588137857402,0.401510358684533,1,1,1182,-0.0567,0.323330170748164,FALSE,50.7,-0.3544,TRUE,17,26,1047,1248,FALSE,FALSE,FALSE,"",0,0,"5 - filter-dependent"
"HS2ST1",-0.1056,4.886,0.00384040160989135,0.0401505385554828,0.0195588137857402,0.401510358684533,1,1,1183,-0.1027,0.0906791375190346,FALSE,2.7,-0.1301,TRUE,22,28,459,1248,FALSE,FALSE,FALSE,"gran",1,1,"5 - filter-dependent"
"MBTPS2",-0.1221,3.288,0.0038485890133569,0.0402021528016876,0.0195839569959319,0.40202650753963,1,1,1184,-0.0596,0.426195934674395,FALSE,51.2,-0.2939,TRUE,21,24,1045,1223,FALSE,FALSE,FALSE,"",0,0,"5 - filter-dependent"
"UTP14A",-0.1211,3.375,0.00385222031662199,0.0402061273215028,0.0195858931316787,0.402066253230073,1,1,1185,-0.0737,0.331306268549795,FALSE,39.1,-0.2774,TRUE,17,24,1058,1266,FALSE,FALSE,FALSE,"",0,0,"5 - filter-dependent"
"EPAS1",0.2686,1.958,0.00386883425801081,0.0403347274711116,0.0196485390255947,0.403352270654845,1,1,1186,0.2013,0.220845105721687,FALSE,25.1,0.1155,TRUE,18,20,1039,1127.5,FALSE,FALSE,FALSE,"",0,0,"5 - filter-dependent"
"GLTSCR1L",0.1129,5.905,0.003871064158167,0.0403347274711116,0.0196485390255947,0.403352270654845,1,1,1187,0.0746,0.285738939724171,FALSE,33.9,0.0406,TRUE,22,30,793,1220,FALSE,FALSE,FALSE,"",0,0,"5 - filter-dependent"
"HNRNPA1P7",-0.1752,2.488,0.00388174727673683,0.0404119952177451,0.0196861790055905,0.404124957691725,1,1,1188,-0.1125,0.337283487346853,FALSE,35.8,-0.2465,TRUE,13,21,958,1336,FALSE,FALSE,FALSE,"",0,0,"5 - filter-dependent"
"SLC22A4",0.238,5.553,0.00389510448788856,0.0405079825974584,0.0197329380118987,0.405084843378056,1,1,1189,0.0419,0.707065997814089,FALSE,82.4,0.5415,TRUE,23,30,714,1198.5,FALSE,FALSE,FALSE,"",0,0,"5 - filter-dependent"
"FADS1",-0.1999,3.471,0.0039002300622216,0.0405079825974584,0.0197329380118987,0.405084843378056,1,1,1190,-0.1328,0.30586569366168,FALSE,33.6,-0.2707,TRUE,22,25,913,1189,FALSE,FALSE,FALSE,"",0,0,"5 - filter-dependent"
"SMOX",0.2872,3.764,0.00390759159890765,0.0405079825974584,0.0197329380118987,0.405084843378056,1,1,1191,0.2595,0.138719877753146,FALSE,9.6,0.0109,TRUE,22,25,936,1202,FALSE,FALSE,FALSE,"",0,0,"5 - filter-dependent"
"RAP1GAP2",0.168,5.998,0.00390765902436342,0.0405079825974584,0.0197329380118987,0.405084843378056,1,1,1192,0.1192,0.198175459709812,FALSE,29,0.0353,TRUE,23,30,861,1199.5,FALSE,FALSE,FALSE,"",0,0,"5 - filter-dependent"
"ITPA",-0.1067,4.034,0.00390985111101129,0.0405079825974584,0.0197329380118987,0.405084843378056,1,1,1193,-0.067,0.342389809954972,FALSE,37.2,-0.3368,TRUE,20,27,942,1227,FALSE,FALSE,FALSE,"",0,0,"5 - filter-dependent"
"TRAP1",-0.1232,4.482,0.00391061863044674,0.0405079825974584,0.0197329380118987,0.405084843378056,1,1,1194,-0.0777,0.339209144168616,FALSE,36.9,-0.3397,TRUE,19,28,729,1273,FALSE,FALSE,FALSE,"",0,0,"5 - filter-dependent"
"CTD-2210P15.2",0.183,2.013,0.00392724930349098,0.040646208690859,0.0198002730594079,0.406467121433035,1,1,1195,0.1414,0.250829391522731,FALSE,22.7,0.0636,TRUE,15,20,1038,1261.5,FALSE,FALSE,FALSE,"",0,0,"5 - filter-dependent"
"FAF1",-0.074,5.494,0.00393423950550317,0.0406845102040662,0.0198189311444918,0.406850141309212,1,1,1196,-0.0295,0.471687695907313,FALSE,60.1,-0.3077,TRUE,23,30,514,1210.5,FALSE,FALSE,FALSE,"",0,0,"5 - filter-dependent"
"PIGK",-0.1471,5.007,0.00393760268981017,0.0406852715685649,0.0198193020333264,0.406857755048504,1,1,1197,-0.0849,0.324767626952586,FALSE,42.3,-0.2898,TRUE,22,28,660,1226,FALSE,FALSE,FALSE,"",0,0,"5 - filter-dependent"
"TREML2",0.2309,6.384,0.0039425549697943,0.0407024372841535,0.0198276640888996,0.407029414330571,1,1,1198,0.0426,0.690066025774991,FALSE,81.6,0.4136,TRUE,23,30,779,1199.5,FALSE,FALSE,FALSE,"",0,0,"5 - filter-dependent"
"SLC16A3",0.2165,8.127,0.00395117046031995,0.0407573613454855,0.019854419632576,0.4075786617469,1,1,1199,0.0358,0.727276267307382,FALSE,83.5,0.4009,TRUE,24,31,563,1199,FALSE,FALSE,FALSE,"",0,0,"5 - filter-dependent"
"TRIM44",-0.0907,5.439,0.00396836241986435,0.0409001290386495,0.0199239670614692,0.409006356362045,1,1,1200,-0.055,0.356983938000578,FALSE,39.4,-0.2789,TRUE,22,30,345,1256,FALSE,FALSE,FALSE,"",0,0,"5 - filter-dependent"
"CXorf38",0.0907,5.346,0.00397512885819467,0.0409001290386495,0.0199239670614692,0.409006356362045,1,1,1201,0.0436,0.404065014869954,FALSE,51.9,0.0467,TRUE,21,30,765,1209,FALSE,FALSE,FALSE,"",0,0,"5 - filter-dependent"
"CDKN2D",0.1509,6.465,0.00397840749438516,0.0409001290386495,0.0199239670614692,0.409006356362045,1,1,1202,0.0385,0.612239512880697,FALSE,74.5,0.2774,TRUE,24,31,771,1193,FALSE,FALSE,FALSE,"",0,0,"5 - filter-dependent"
"AUH",-0.0749,4.33,0.00397908183654077,0.0409001290386495,0.0199239670614692,0.409006356362045,1,1,1203,-0.0509,0.286414520099566,FALSE,32,-0.2202,TRUE,19,27,780,1243,FALSE,FALSE,FALSE,"",0,0,"5 - filter-dependent"
"FAM110A",0.1696,2.927,0.00398312637713787,0.0409001290386495,0.0199239670614692,0.409006356362045,1,1,1204,0.1493,0.141233971190824,FALSE,12,-0.0471,FALSE,21,22,958,1103,FALSE,FALSE,FALSE,"",0,0,"5 - filter-dependent"
"ZNF396",0.2162,2.723,0.00398485248153078,0.0409001290386495,0.0199239670614692,0.409006356362045,1,1,1205,0.1172,0.414608957082496,FALSE,45.8,0.1913,TRUE,19,22,1097,1197,FALSE,FALSE,FALSE,"",0,0,"5 - filter-dependent"
"GZF1",-0.0815,4.356,0.00400347144731393,0.0410571599173953,0.0200004626161118,0.410576684599677,1,1,1206,-0.0799,0.112382089925094,FALSE,2,-0.1923,TRUE,19,27,592,1274,FALSE,FALSE,FALSE,"",0,0,"5 - filter-dependent"
"TOP3A",0.1108,5.561,0.00401171635687588,0.0411076287504895,0.0200250478531718,0.411081379181794,1,1,1207,0.0524,0.403838831197287,FALSE,52.7,0.0621,TRUE,22,30,812,1208,FALSE,FALSE,FALSE,"",0,0,"5 - filter-dependent"
"IRF2BP2",-0.0679,6.987,0.00402407075640734,0.0411806992566471,0.0200606432019413,0.411812093294035,1,1,1208,-0.0464,0.27251241032125,FALSE,31.7,-0.2568,TRUE,21,31,111,1288,FALSE,FALSE,FALSE,"",0,0,"5 - filter-dependent"
"BTBD8",-0.1849,1.596,0.00402550658160465,0.0411806992566471,0.0200606432019413,0.411812093294035,1,1,1209,-0.1643,0.166892329398801,FALSE,11.1,-0.1767,TRUE,11,17,1209,1281,FALSE,FALSE,FALSE,"",0,0,"5 - filter-dependent"
"WBP1",-0.1162,2.811,0.00403077780977337,0.0411819619788661,0.0200612583206828,0.411824720672629,1,1,1210,-0.0997,0.17151179940415,FALSE,14.2,-0.2058,TRUE,20,22,908,1119,FALSE,FALSE,FALSE,"",0,0,"5 - filter-dependent"
"HECW2",0.3153,4.259,0.00403228945313768,0.0411819619788661,0.0200612583206828,0.411824720672629,1,1,1211,0.0528,0.744028361663613,FALSE,83.3,0.4682,TRUE,20,27,984,1246,FALSE,FALSE,FALSE,"",0,0,"5 - filter-dependent"
"AFMID",-0.2039,1.661,0.00403974565705221,0.0412240711934173,0.0200817712780602,0.412245818033876,1,1,1212,-0.2081,0.0817668195620471,FALSE,-2.1,-0.1732,TRUE,16,16,961,1152,TRUE,FALSE,FALSE,"",0,0,"4 - robust but small effect"
"F11R",0.1844,4.835,0.00405606234758885,0.0413564543404608,0.020146260010081,0.413569665901565,1,1,1213,0.0521,0.555298368571574,FALSE,71.7,0.2818,TRUE,19,27,948,1260,FALSE,FALSE,FALSE,"",0,0,"5 - filter-dependent"
"FBXL20",0.1202,5.122,0.00406148047502141,0.0413775869152099,0.0201565544696126,0.413780994266581,1,1,1214,0.0364,0.599502365317843,FALSE,69.7,0.1679,TRUE,19,28,986,1251.5,FALSE,FALSE,FALSE,"",0,0,"5 - filter-dependent"
"NUDT21",-0.1186,6.116,0.00406847264372378,0.0414147075370993,0.0201746372988165,0.414152205083313,1,1,1215,-0.0773,0.280491910879084,FALSE,34.8,-0.2567,TRUE,24,30,476,1227,FALSE,FALSE,FALSE,"",0,0,"5 - filter-dependent"
"SRF",0.1066,4.22,0.00407556048656276,0.0414206833767474,0.020177548351547,0.414211964219974,1,1,1216,0.0694,0.280551911071823,FALSE,34.9,0.024,TRUE,18,28,1004,1264.5,FALSE,FALSE,FALSE,"",0,0,"5 - filter-dependent"
"C12orf66",-0.1282,3.492,0.00407575773524431,0.0414206833767474,0.020177548351547,0.414211964219974,1,1,1217,-0.0658,0.334853856839386,FALSE,48.7,-0.3365,TRUE,19,24,965,1181,FALSE,FALSE,FALSE,"",0,0,"5 - filter-dependent"
"PSIP1",-0.094,6.693,0.00408801691192036,0.0414832205592497,0.0202080125283988,0.414837343790983,1,1,1218,-0.0832,0.0770891129144483,FALSE,11.5,-0.1562,TRUE,24,31,162,1259,FALSE,FALSE,FALSE,"",0,0,"5 - filter-dependent"
"GPR27",0.2902,4.914,0.00408889669283463,0.0414832205592497,0.0202080125283988,0.414837343790983,1,1,1219,0.0323,0.82367491461408,FALSE,88.9,0.5398,TRUE,22,29,750,1224,FALSE,FALSE,FALSE,"",0,0,"5 - filter-dependent"
"GNPDA2",-0.1311,4.092,0.00409445500693084,0.0414832205592497,0.0202080125283988,0.414837343790983,1,1,1220,-0.0734,0.318193114701041,FALSE,44,-0.317,TRUE,21,27,872,1220,FALSE,FALSE,FALSE,"",0,0,"5 - filter-dependent"
"TMEM161B",-0.1037,5.84,0.00409722647928922,0.0414832205592497,0.0202080125283988,0.414837343790983,1,1,1221,-0.0533,0.310266114213005,FALSE,48.6,-0.2793,TRUE,23,30,568,1226,FALSE,FALSE,FALSE,"",0,0,"5 - filter-dependent"
"NAA15",-0.1063,5.901,0.00410972100981049,0.0414832205592497,0.0202080125283988,0.414837343790983,1,1,1222,-0.0407,0.464984443033826,FALSE,61.7,-0.3249,TRUE,23,30,546,1241,FALSE,FALSE,FALSE,"",0,0,"5 - filter-dependent"
"CHST11",0.1573,7.74,0.00411006874929132,0.0414832205592497,0.0202080125283988,0.414837343790983,1,1,1223,0.0274,0.710937630226061,FALSE,82.6,0.2703,TRUE,23,31,546,1223,FALSE,FALSE,FALSE,"",0,0,"5 - filter-dependent"
"RAB33B",0.1605,5.767,0.00411230407196278,0.0414832205592497,0.0202080125283988,0.414837343790983,1,1,1224,0.0589,0.569562141085259,FALSE,63.3,0.2123,TRUE,23,30,892,1224.5,FALSE,FALSE,FALSE,"",0,0,"5 - filter-dependent"
"RP11-373D23.2",0.2609,2.03,0.00411639188388871,0.0414832205592497,0.0202080125283988,0.414837343790983,1,1,1225,0.088,0.567650840253122,FALSE,66.3,0.3285,TRUE,12,19,1177,1339,FALSE,FALSE,FALSE,"",0,0,"5 - filter-dependent"
"BZW2",-0.0925,4.592,0.00411737221694624,0.0414832205592497,0.0202080125283988,0.414837343790983,1,1,1226,-0.0529,0.321697956003433,FALSE,42.8,-0.3097,TRUE,20,27,672,1238,FALSE,FALSE,FALSE,"",0,0,"5 - filter-dependent"
"CRIP1",0.1642,2.696,0.0041179959529296,0.0414832205592497,0.0202080125283988,0.414837343790983,1,1,1227,0.2225,0.00287279430938397,TRUE,-35.5,-0.345,FALSE,17,23,903,1265,FALSE,FALSE,FALSE,"",0,0,"5 - filter-dependent"
"CHRNA10",0.2147,1.73,0.00412199523954015,0.0414832205592497,0.0202080125283988,0.414837343790983,1,1,1228,0.105,0.45315438319658,FALSE,51.1,0.1931,TRUE,7,17,1192,1493,FALSE,FALSE,FALSE,"",0,0,"5 - filter-dependent"
"GDPD3",0.1978,1.974,0.00412216025770682,0.0414832205592497,0.0202080125283988,0.414837343790983,1,1,1229,0.132,0.31836037900328,FALSE,33.3,0.1203,TRUE,16,20,1133,1232.5,FALSE,FALSE,FALSE,"",0,0,"5 - filter-dependent"
"FASTKD2",-0.1043,5.122,0.00413477992148299,0.0415763886739038,0.0202533981663216,0.415769036477521,1,1,1230,-0.0437,0.425851484909288,FALSE,58.1,-0.3534,TRUE,22,29,639,1230,FALSE,FALSE,FALSE,"",0,0,"5 - filter-dependent"
"TIMM50",-0.097,3.764,0.00414138779391123,0.0415806883157701,0.0202554926810562,0.415812033428747,1,1,1231,-0.061,0.345484730295824,FALSE,37.1,-0.2996,TRUE,19,26,642,1298.5,FALSE,FALSE,FALSE,"",0,0,"5 - filter-dependent"
"EIF3FP3",-0.1099,5.336,0.00414193143637037,0.0415806883157701,0.0202554926810562,0.415812033428747,1,1,1232,-0.0711,0.317758628239469,FALSE,35.3,-0.3184,TRUE,23,29,530,1220,FALSE,FALSE,FALSE,"",0,0,"5 - filter-dependent"
"ANK3",-0.1904,6.016,0.00414542024235217,0.0415819607116072,0.0202561125121752,0.415824757544719,1,1,1233,-0.1569,0.12961769386056,FALSE,17.6,-0.238,TRUE,23,30,549,1247,FALSE,FALSE,FALSE,"",0,0,"5 - filter-dependent"
"GNAI2",0.1433,7.474,0.00415886944591007,0.0416830610267551,0.020305362218625,0.416835773218695,1,1,1234,0.0477,0.460271104951351,FALSE,66.7,0.1723,TRUE,22,31,642,1210,FALSE,FALSE,FALSE,"",0,0,"5 - filter-dependent"
"REPS1",-0.0854,5.86,0.0041757328703311,0.0417608990008376,0.0203432799775222,0.417614162600695,1,1,1235,-0.035,0.47984346416,FALSE,59,-0.2884,TRUE,23,30,491,1239.5,FALSE,FALSE,FALSE,"",0,0,"5 - filter-dependent"
"MYBL1",-0.1943,6.095,0.00417592660063917,0.0417608990008376,0.0203432799775222,0.417614162600695,1,1,1236,-0.1091,0.333846388086359,FALSE,43.8,-0.3764,TRUE,23,30,473,1272.5,FALSE,FALSE,FALSE,"",0,0,"5 - filter-dependent"
"MAP3K3",0.1434,6.623,0.00417676520569503,0.0417608990008376,0.0203432799775222,0.417614162600695,1,1,1237,0.0551,0.452977839905962,FALSE,61.6,0.189,TRUE,22,31,651,1237,FALSE,FALSE,FALSE,"",0,0,"5 - filter-dependent"
"SIK3",0.135,6.177,0.00419024031930268,0.0418617869702226,0.0203924262424893,0.41862305479074,1,1,1238,0.0915,0.285738939724171,FALSE,32.2,0.0419,TRUE,21,30,878,1257.5,FALSE,FALSE,FALSE,"",0,0,"5 - filter-dependent"
"PRKACA",0.1838,3.693,0.00422638363224941,0.0421887915768045,0.0205517222927372,0.421893141360033,1,1,1239,0.0871,0.416872690868271,FALSE,52.6,0.188,TRUE,20,27,965,1245,FALSE,FALSE,FALSE,"",0,0,"5 - filter-dependent"
"ATXN7L3",0.0962,6.031,0.00423246238736692,0.0422153990378662,0.0205646837720832,0.422159219266306,1,1,1240,0.0411,0.464560578089266,FALSE,57.3,0.0372,TRUE,19,30,846,1267,FALSE,FALSE,FALSE,"",0,0,"5 - filter-dependent"
"FRRS1",0.2267,2.802,0.00424755732360855,0.0423318202887917,0.0206213968735628,0.423323446195741,1,1,1241,0.2741,0.0233978023729169,TRUE,-20.9,-0.2104,FALSE,16,22,1138,1287,FALSE,FALSE,FALSE,"",0,0,"5 - filter-dependent"
"MAPKAPK2",0.1329,6.237,0.0042561881030201,0.0423692017406963,0.0206396067627236,0.423697265344931,1,1,1242,0.0389,0.538556099694962,FALSE,70.7,0.1742,TRUE,22,30,865,1244,FALSE,FALSE,FALSE,"",0,0,"5 - filter-dependent"
"RP11-83A24.1",0.1705,1.961,0.00425815958632644,0.0423692017406963,0.0206396067627236,0.423697265344931,1,1,1243,0.1117,0.342515596358675,FALSE,34.5,0.117,TRUE,18,19,779,997,FALSE,FALSE,FALSE,"",0,0,"5 - filter-dependent"
"ASB7",0.0758,5.626,0.00426911588315078,0.042385342463941,0.0206474695065788,0.423858674576602,1,1,1244,0.0234,0.624275677534146,FALSE,69.1,0.0582,TRUE,19,30,757,1257.5,FALSE,FALSE,FALSE,"",0,0,"5 - filter-dependent"
"NOP10",0.1583,6.167,0.00427094554276807,0.042385342463941,0.0206474695065788,0.423858674576602,1,1,1245,0.0538,0.599502365317843,FALSE,66,0.2941,TRUE,22,30,974,1234.5,FALSE,FALSE,FALSE,"",0,0,"5 - filter-dependent"
"NSL1",0.0889,5.558,0.0042796577016485,0.042385342463941,0.0206474695065788,0.423858674576602,1,1,1246,0.0838,0.123661614582615,FALSE,5.7,-0.1118,FALSE,19,29,857,1273,FALSE,FALSE,FALSE,"",0,0,"5 - filter-dependent"
"WAC",0.0705,8.008,0.00428020469657452,0.042385342463941,0.0206474695065788,0.423858674576602,1,1,1247,0.0219,0.578573853228949,FALSE,68.9,0.0877,TRUE,21,31,720,1247,FALSE,FALSE,FALSE,"",0,0,"5 - filter-dependent"
"DUSP18",0.1442,4.322,0.00428365815030254,0.042385342463941,0.0206474695065788,0.423858674576602,1,1,1248,0.0631,0.480679997831161,FALSE,56.2,0.1518,TRUE,20,28,761,1272.5,FALSE,FALSE,FALSE,"",0,0,"5 - filter-dependent"
"YBX1P6",0.2045,2.273,0.00428417773538259,0.042385342463941,0.0206474695065788,0.423858674576602,1,1,1249,0.2053,0.103679610078907,FALSE,-0.4,-0.0478,FALSE,13,20,1130,1312.5,FALSE,FALSE,FALSE,"",0,0,"5 - filter-dependent"
"FCAR",0.2686,5.217,0.00428965248063297,0.042385342463941,0.0206474695065788,0.423858674576602,1,1,1250,0.0495,0.702618948728471,FALSE,81.6,0.5072,TRUE,22,30,715,1251,FALSE,FALSE,FALSE,"",0,0,"5 - filter-dependent"
"GABARAP",0.1586,3.136,0.00429164256966936,0.042385342463941,0.0206474695065788,0.423858674576602,1,1,1251,0.0797,0.435071127971504,FALSE,49.7,0.1667,TRUE,13,24,723,1417.5,FALSE,FALSE,FALSE,"",0,0,"5 - filter-dependent"
"DHX36",-0.079,6.388,0.0042933975458341,0.042385342463941,0.0206474695065788,0.423858674576602,1,1,1252,-0.0378,0.429655077655541,FALSE,52.2,-0.2453,TRUE,23,30,496,1252.5,FALSE,FALSE,FALSE,"",0,0,"5 - filter-dependent"
"PCBP4",-0.1726,1.944,0.00429405191682714,0.042385342463941,0.0206474695065788,0.423858674576602,1,1,1253,-0.111,0.326065238538355,FALSE,35.7,-0.2997,TRUE,4,19,1100,1569,FALSE,FALSE,FALSE,"",0,0,"5 - filter-dependent"
"UQCRFS1",-0.0933,4.606,0.00430600547124023,0.042469438331977,0.0206884357173008,0.424699643673252,1,1,1254,-0.0759,0.213795385809853,FALSE,18.6,-0.2579,TRUE,18,28,605,1272.5,FALSE,FALSE,FALSE,"",0,0,"5 - filter-dependent"
"PAQR3",-0.1043,4.243,0.00431628181810109,0.0425108465542523,0.0207086071953885,0.425113731024915,1,1,1255,-0.0642,0.297950455761713,FALSE,38.4,-0.2965,TRUE,17,27,1102,1291,FALSE,FALSE,FALSE,"",0,0,"5 - filter-dependent"
"KIF1C",0.1237,4.358,0.004317078207644,0.0425108465542523,0.0207086071953885,0.425113731024915,1,1,1256,0.0869,0.191332954601721,FALSE,29.7,0.0288,TRUE,20,28,814,1271.5,FALSE,FALSE,FALSE,"",0,0,"5 - filter-dependent"
"PTPN12",0.1349,6.338,0.0043401826304204,0.0427043586102144,0.0208028740820612,0.427048875553344,1,1,1257,0.0669,0.428826897890653,FALSE,50.4,0.1605,TRUE,21,30,898,1254.5,FALSE,FALSE,FALSE,"",0,0,"5 - filter-dependent"
"GPR34",0.2545,2.837,0.00435011084309932,0.0427557125704376,0.020827890497315,0.427562421516384,1,1,1258,0.221,0.180081613525733,FALSE,13.2,-0.0417,FALSE,18,21,1105,1221,FALSE,FALSE,FALSE,"",0,0,"5 - filter-dependent"
"ACTN1",0.2089,7.268,0.00435231582520867,0.0427557125704376,0.020827890497315,0.427562421516384,1,1,1259,0.0475,0.667712799993336,FALSE,77.3,0.3255,TRUE,23,31,570,1257,FALSE,FALSE,FALSE,"",0,0,"5 - filter-dependent"
"PANK2",0.0866,6.333,0.00436560769718664,0.0428522507927019,0.0208749178394231,0.428527815696454,1,1,1260,0.0338,0.461906830051773,FALSE,61,0.0551,TRUE,20,30,788,1257.5,FALSE,FALSE,FALSE,"",0,0,"5 - filter-dependent"
"SHQ1",-0.0977,4.161,0.004373434307134,0.04288987266278,0.020893244845177,0.428904039057159,1,1,1261,-0.0417,0.481261134511806,FALSE,57.3,-0.3109,TRUE,16,27,701,1348,FALSE,FALSE,FALSE,"",0,0,"5 - filter-dependent"
"TMTC4",-0.1465,3.869,0.00437817340765393,0.04288987266278,0.020893244845177,0.428904039057159,1,1,1262,-0.0981,0.311391752616258,FALSE,33,-0.3156,TRUE,17,25,1098,1304,FALSE,FALSE,FALSE,"",0,0,"5 - filter-dependent"
"FBLN5",-0.2883,2.071,0.00437984388527581,0.04288987266278,0.020893244845177,0.428904039057159,1,1,1263,-0.2479,0.174439314109215,FALSE,14,-0.1783,TRUE,8,18,1178,1439,FALSE,FALSE,FALSE,"",0,0,"5 - filter-dependent"
"ACTR8",-0.0721,5.217,0.00438422826604517,0.042898841134847,0.0208976137199521,0.428993724888682,1,1,1264,-0.0517,0.28739555818965,FALSE,28.3,-0.2529,TRUE,14,29,370,1341,FALSE,FALSE,FALSE,"",0,0,"5 - filter-dependent"
"CRYL1",-0.1353,3.587,0.00439792909959163,0.0429754429539659,0.0209349293020015,0.429759752567933,1,1,1265,-0.1065,0.222737167922642,FALSE,21.3,-0.2892,TRUE,16,25,1018,1289,FALSE,FALSE,FALSE,"",0,0,"5 - filter-dependent"
"FAM160A2",0.1293,4.841,0.00439900636964108,0.0429754429539659,0.0209349293020015,0.429759752567933,1,1,1266,0.0704,0.374699358308199,FALSE,45.6,0.0998,TRUE,22,30,870,1271,FALSE,FALSE,FALSE,"",0,0,"5 - filter-dependent"
"APPL1",-0.0898,6.209,0.00440791588535118,0.043025422923966,0.0209592763957497,0.430259558458557,1,1,1267,-0.0485,0.382388435527935,FALSE,46,-0.2724,TRUE,20,30,424,1318.5,FALSE,FALSE,FALSE,"",0,0,"5 - filter-dependent"
"C10orf2",-0.1425,2.91,0.00441107990520609,0.043025422923966,0.0209592763957497,0.430259558458557,1,1,1268,-0.1024,0.257271624328914,FALSE,28.1,-0.2426,TRUE,16,23,1136,1302,FALSE,FALSE,FALSE,"",0,0,"5 - filter-dependent"
"CLN6",0.1943,3.731,0.00441943170462082,0.0430729167239955,0.020982412384062,0.430734502341534,1,1,1269,0.1542,0.219201479376988,FALSE,20.6,-0.0292,FALSE,19,27,902,1271,FALSE,FALSE,FALSE,"",0,0,"5 - filter-dependent"
"DIP2B",0.1379,7.924,0.00442312275542835,0.0430731314991429,0.0209825170089877,0.43073665011961,1,1,1270,0.024,0.738201565279187,FALSE,82.6,0.2461,TRUE,23,31,515,1270,FALSE,FALSE,FALSE,"",0,0,"5 - filter-dependent"
"RAB44",0.2821,2.373,0.0044309845256512,0.0430731314991429,0.0209825170089877,0.43073665011961,1,1,1271,0.2721,0.123661614582615,FALSE,3.5,-0.125,FALSE,16,21,1112,1279,FALSE,FALSE,FALSE,"",0,0,"5 - filter-dependent"
"CYP2R1",-0.1099,4.376,0.00443304412952067,0.0430731314991429,0.0209825170089877,0.43073665011961,1,1,1272,-0.0463,0.482805030839775,FALSE,57.9,-0.3915,TRUE,21,28,779,1281.5,FALSE,FALSE,FALSE,"",0,0,"5 - filter-dependent"
"C16orf93",0.1966,1.826,0.00443522010980387,0.0430731314991429,0.0209825170089877,0.43073665011961,1,1,1273,0.0896,0.478776662640223,FALSE,54.4,0.1422,TRUE,9,19,1236,1440,FALSE,FALSE,FALSE,"",0,0,"5 - filter-dependent"
"SMG8",-0.076,4.771,0.00443686687660964,0.0430731314991429,0.0209825170089877,0.43073665011961,1,1,1274,-0.0638,0.188114728611978,FALSE,16.1,-0.2276,TRUE,11,29,411,1422,FALSE,FALSE,FALSE,"",0,0,"5 - filter-dependent"
"PDCD4",-0.0787,7.61,0.00445344765916052,0.0432001887439194,0.0210444112968384,0.432007238304951,1,1,1275,-0.0846,0.0529632378944263,FALSE,-7.5,-0.1252,TRUE,19,31,54,1377,FALSE,FALSE,FALSE,"",0,0,"5 - filter-dependent"
"MARCKSL1",0.1614,2.974,0.00446840888873531,0.0433113488525692,0.0210985615011372,0.433118853159973,1,1,1276,0.1139,0.265969634823981,FALSE,29.4,0.0536,TRUE,16,24,975,1364.5,FALSE,FALSE,FALSE,"",0,0,"5 - filter-dependent"
"FAM184A",-0.2597,2.208,0.00448170967184705,0.0434052184695876,0.0211442888668328,0.434057560957044,1,1,1277,-0.1869,0.215435768909119,FALSE,28,-0.2336,TRUE,11,19,1200,1381,FALSE,FALSE,FALSE,"",0,0,"5 - filter-dependent"
"TSHZ2",-0.2271,3.758,0.00448731451173341,0.0434052184695876,0.0211442888668328,0.434057560957044,1,1,1278,-0.1684,0.209669996047638,FALSE,25.8,-0.2309,TRUE,16,24,989,1357.5,FALSE,FALSE,FALSE,"",0,0,"5 - filter-dependent"
"DDC8",0.3015,2.358,0.00448862180001638,0.0434052184695876,0.0211442888668328,0.434057560957044,1,1,1279,0.1691,0.387829021904056,FALSE,43.9,0.1775,TRUE,17,20,1118,1217.5,FALSE,FALSE,FALSE,"",0,0,"5 - filter-dependent"
"CTB-167B5.2",0.273,6.184,0.00449747403562631,0.0434545863430904,0.021168337785716,0.43455124580688,1,1,1280,0.037,0.807614693936001,FALSE,86.4,0.4797,TRUE,22,30,801,1282,FALSE,FALSE,FALSE,"",0,0,"5 - filter-dependent"
"MYLIP",0.1456,6.872,0.00450075397036698,0.0434545863430904,0.021168337785716,0.43455124580688,1,1,1281,0.0345,0.698682278200597,FALSE,76.3,0.1838,TRUE,20,30,928,1308,FALSE,FALSE,FALSE,"",0,0,"5 - filter-dependent"
"GPATCH2",-0.0991,4.892,0.00451277416644492,0.0435366543608352,0.021208316155486,0.435371936149445,1,1,1282,-0.0481,0.418960097330515,FALSE,51.5,-0.2992,TRUE,21,28,687,1279,FALSE,FALSE,FALSE,"",0,0,"5 - filter-dependent"
"DBT",-0.0828,4.736,0.00451838671740784,0.043556825347545,0.0212181421898836,0.435573648514963,1,1,1283,-0.045,0.365905274872273,FALSE,45.7,-0.2737,TRUE,17,27,1068,1337,FALSE,FALSE,FALSE,"",0,0,"5 - filter-dependent"
"RP11-925D8.6",0.3456,2.142,0.00452735063632913,0.0436092466278183,0.0212436785362482,0.436097867810705,1,1,1284,0.1105,0.553486239847383,FALSE,68,0.3856,TRUE,15,17,1090,1142,FALSE,FALSE,FALSE,"",0,0,"5 - filter-dependent"
"KLF12",-0.1221,7.365,0.00453187457008256,0.0436188518932148,0.0212483576166295,0.436193921654399,1,1,1285,-0.0567,0.235897592938296,FALSE,53.6,-0.36,TRUE,24,31,255,1285,FALSE,FALSE,FALSE,"",0,0,"5 - filter-dependent"
"CECR5",-0.0942,4.414,0.00453600623343728,0.0436246695918758,0.0212511916330304,0.436252099361602,1,1,1286,-0.0673,0.280551911071823,FALSE,28.6,-0.2908,TRUE,14,27,858,1351,FALSE,FALSE,FALSE,"",0,0,"5 - filter-dependent"
"PANX2",0.3065,1.949,0.00454299270365439,0.0436579127884985,0.0212673856248367,0.4365845354454,1,1,1287,0.0923,0.540788259140835,FALSE,69.9,0.4164,TRUE,9,19,1199,1438,FALSE,FALSE,FALSE,"",0,0,"5 - filter-dependent"
"TOMM70A",-0.1119,5.604,0.004578622904862,0.0439661553473084,0.0214175419870054,0.439666999213068,1,1,1288,-0.0608,0.375418892860715,FALSE,45.7,-0.3143,TRUE,20,30,463,1309,FALSE,FALSE,FALSE,"",0,0,"5 - filter-dependent"
"MTX2",-0.1545,3.008,0.0045895143228788,0.0440365501515632,0.021451833902318,0.440370955974863,1,1,1289,-0.0642,0.473665110833026,FALSE,58.4,-0.362,TRUE,11,23,953,1419,FALSE,FALSE,FALSE,"",0,0,"5 - filter-dependent"
"NPHP4",0.1707,2.436,0.00459553238203818,0.0440442326545296,0.021455576333935,0.440447781956098,1,1,1290,0.1544,0.147404027281663,FALSE,9.5,-0.0187,FALSE,16,22,1158,1323.5,FALSE,FALSE,FALSE,"",0,0,"5 - filter-dependent"
"TMEM164",0.269,6.403,0.00459790115982127,0.0440442326545296,0.021455576333935,0.440447781956098,1,1,1291,0.1399,0.427974996343812,FALSE,48,0.2028,TRUE,22,30,924,1296.5,FALSE,FALSE,FALSE,"",0,0,"5 - filter-dependent"
"CCNG2",0.1194,6.634,0.0046009984305993,0.0440442326545296,0.021455576333935,0.440447781956098,1,1,1292,0.025,0.727128977582763,FALSE,79.1,0.1794,TRUE,20,30,917,1286,FALSE,FALSE,FALSE,"",0,0,"5 - filter-dependent"
"NCBP1",-0.0741,6.037,0.0046063220062607,0.0440610909307288,0.0214637886243996,0.440616366806191,1,1,1293,-0.03,0.463039673046348,FALSE,59.5,-0.3096,TRUE,19,30,559,1373.5,FALSE,FALSE,FALSE,"",0,0,"5 - filter-dependent"
"TIMP2",0.2017,4.595,0.00461586787945442,0.0441023106680443,0.0214838682844853,0.441028569284909,1,1,1294,0.0659,0.493747038424758,FALSE,67.3,0.2946,TRUE,20,28,939,1310.5,FALSE,FALSE,FALSE,"",0,0,"5 - filter-dependent"
"SOD2",0.2372,11.315,0.00461776296208905,0.0441023106680443,0.0214838682844853,0.441028569284909,1,1,1295,0.0393,0.717461025237622,FALSE,83.4,0.4526,TRUE,23,31,456,1295,FALSE,FALSE,FALSE,"",0,0,"5 - filter-dependent"
"MGRN1",0.1999,4.447,0.00462938570038685,0.0441511961806092,0.0215076822274977,0.44151743046562,1,1,1296,0.0955,0.438238551987753,FALSE,52.2,0.2147,TRUE,20,29,1005,1301,FALSE,FALSE,FALSE,"",0,0,"5 - filter-dependent"
"ITSN2",0.075,8.199,0.00463002113892708,0.0441511961806092,0.0215076822274977,0.44151743046562,1,1,1297,0.0343,0.481766776186076,FALSE,54.3,0.0294,TRUE,16,31,688,1297,FALSE,FALSE,FALSE,"",0,0,"5 - filter-dependent"
"SLFN5",-0.1285,7.802,0.00463800295405166,0.0441789657490242,0.021521209812359,0.441795129589367,1,1,1298,-0.0633,0.422332228214387,FALSE,50.7,-0.2903,TRUE,20,31,226,1332,FALSE,FALSE,FALSE,"",0,0,"5 - filter-dependent"
"GOLGB1",0.1005,7.484,0.00464227055944272,0.0441789657490242,0.021521209812359,0.441795129589367,1,1,1299,0.0591,0.402354358259412,FALSE,41.2,-0.0033,FALSE,20,31,739,1299,FALSE,FALSE,FALSE,"",0,0,"5 - filter-dependent"
"SIPA1L2",0.2869,6.057,0.0046436493753017,0.0441789657490242,0.021521209812359,0.441795129589367,1,1,1300,0.0658,0.655407026554727,FALSE,77.1,0.4365,TRUE,22,30,774,1292.5,FALSE,FALSE,FALSE,"",0,0,"5 - filter-dependent"
"SH3BP2",0.1458,6.833,0.00464833796403321,0.0441895802760667,0.021526380541453,0.441901276174529,1,1,1301,0.0932,0.311600785980996,FALSE,36.1,0.0908,TRUE,19,31,871,1296,FALSE,FALSE,FALSE,"",0,0,"5 - filter-dependent"
"SRSF11",-0.0864,7.702,0.00465335937702433,0.044203340072993,0.0215330834479518,0.44203887584811,1,1,1302,-0.0516,0.308107301901808,FALSE,40.3,-0.2553,TRUE,19,31,202,1326,FALSE,FALSE,FALSE,"",0,0,"5 - filter-dependent"
"ATAD1",-0.1049,5.588,0.00465741614525775,0.0442079223979646,0.0215353156680925,0.442084699665402,1,1,1303,-0.0614,0.281119163140232,FALSE,41.5,-0.2921,TRUE,23,30,513,1291,FALSE,FALSE,FALSE,"",0,0,"5 - filter-dependent"
"TLE4",0.1132,7.097,0.00468157354588787,0.0444031454106911,0.0216304160251483,0.444036953973398,1,1,1304,0.0224,0.694927476607048,FALSE,80.2,0.1996,TRUE,22,31,595,1302,FALSE,FALSE,FALSE,"",0,0,"5 - filter-dependent"
"HGS",0.1177,5.121,0.00469367834035271,0.0444838419260401,0.0216697262853255,0.444843929122127,1,1,1305,0.0679,0.329712270599627,FALSE,42.3,0.0577,TRUE,22,30,822,1316,FALSE,FALSE,FALSE,"",0,0,"5 - filter-dependent"
"C3orf17",-0.0743,5.657,0.00469736996161448,0.0444847409534823,0.0216701642348764,0.444852919507904,1,1,1306,-0.0423,0.328892709619265,FALSE,43.1,-0.2557,TRUE,17,29,398,1312,FALSE,FALSE,FALSE,"",0,0,"5 - filter-dependent"
"GPR114",0.2178,3.787,0.00470863242043754,0.0445572806243087,0.0217055009941035,0.445578325201083,1,1,1307,0.2784,0.00714612472810888,TRUE,-27.8,-0.2661,FALSE,15,26,1177,1323,FALSE,FALSE,FALSE,"",0,0,"5 - filter-dependent"
"UMPS",-0.1044,4.188,0.0047176484076375,0.0446084675119729,0.0217304360221284,0.446090200417841,1,1,1308,-0.0506,0.428107806445219,FALSE,51.5,-0.3658,TRUE,16,28,912,1292.5,FALSE,FALSE,FALSE,"",0,0,"5 - filter-dependent"
"MOCS3",-0.0949,3.49,0.00472493871094151,0.0446432711817606,0.0217473901781853,0.446438241426573,1,1,1309,-0.0681,0.290286144589105,FALSE,28.2,-0.2457,TRUE,12,25,1146,1372,FALSE,FALSE,FALSE,"",0,0,"5 - filter-dependent"
"RAB7A",0.1503,5.476,0.00474166119851111,0.0447670730558667,0.0218076986544619,0.447676275501993,1,1,1310,0.0553,0.483371562222955,FALSE,63.2,0.2112,TRUE,21,30,754,1297,FALSE,FALSE,FALSE,"",0,0,"5 - filter-dependent"
"TMEM127",0.1585,6.119,0.00474663325389447,0.0447699861339887,0.0218091177226633,0.447705406644033,1,1,1311,0.0542,0.508521025497938,FALSE,65.8,0.2125,TRUE,22,30,844,1308,FALSE,FALSE,FALSE,"",0,0,"5 - filter-dependent"
"PPP4R1L",0.1664,4.546,0.00474920939584356,0.0447699861339887,0.0218091177226633,0.447705406644033,1,1,1312,0.0593,0.58760238170515,FALSE,64.4,0.2081,TRUE,20,28,930,1311.5,FALSE,FALSE,FALSE,"",0,0,"5 - filter-dependent"
"KIF13A",0.1915,6.963,0.0047551561618491,0.0447919051102434,0.0218197952674824,0.447924599121511,1,1,1313,0.0351,0.638356966362387,FALSE,81.7,0.353,TRUE,22,31,460,1310,FALSE,FALSE,FALSE,"",0,0,"5 - filter-dependent"
"INPP4A",0.0844,7.84,0.00476448071790432,0.0448387195188196,0.0218426002990654,0.448392749005803,1,1,1314,0.0811,0.0926848842592157,FALSE,3.9,-0.1209,FALSE,18,31,915,1330,FALSE,FALSE,FALSE,"",0,0,"5 - filter-dependent"
"DIS3L",-0.0928,4.947,0.00476737679230658,0.0448387195188196,0.0218426002990654,0.448392749005803,1,1,1315,-0.0449,0.428802330543836,FALSE,51.6,-0.3614,TRUE,15,29,713,1381,FALSE,FALSE,FALSE,"",0,0,"5 - filter-dependent"
"SPARC",0.3182,4.692,0.00477338863660302,0.0448611479160381,0.0218535260016958,0.448617035756016,1,1,1316,0.2454,0.250679115666111,FALSE,22.9,0.045,TRUE,20,28,845,1314.5,FALSE,FALSE,FALSE,"",0,0,"5 - filter-dependent"
"TMEM81",0.1388,2.45,0.00478495650913641,0.0449357191381922,0.0218898524047868,0.449362757214105,1,1,1317,0.0765,0.408464843608787,FALSE,44.9,0.1021,TRUE,13,21,1152,1329,FALSE,FALSE,FALSE,"",0,0,"5 - filter-dependent"
"CDK5RAP1",-0.0791,4.593,0.00479447152482948,0.0449909133680508,0.0219167395575547,0.449914706349164,1,1,1318,-0.0414,0.431360688901471,FALSE,47.7,-0.3436,TRUE,14,28,987,1343,FALSE,FALSE,FALSE,"",0,0,"5 - filter-dependent"
"ZNF551",-0.1081,4.517,0.00479828501079828,0.0449925617995096,0.0219175425695465,0.449931190867929,1,1,1319,-0.063,0.341819409540482,FALSE,41.7,-0.3266,TRUE,15,27,1025,1354,FALSE,FALSE,FALSE,"",0,0,"5 - filter-dependent"
"CTD-2576F9.1",-0.1448,4.085,0.00483298142180961,0.0452136889701576,0.022025261800951,0.452142489963684,1,1,1320,-0.0964,0.239625358839842,FALSE,33.4,-0.3355,TRUE,17,27,1093,1351,FALSE,FALSE,FALSE,"",0,0,"5 - filter-dependent"
"MAP9",-0.1819,3.002,0.00483375810089518,0.0452136889701576,0.022025261800951,0.452142489963684,1,1,1321,-0.0905,0.380299384835902,FALSE,50.2,-0.2853,TRUE,7,21,1192,1458,FALSE,FALSE,FALSE,"",0,0,"5 - filter-dependent"
"SSBP1",-0.085,5.425,0.00483487431645045,0.0452136889701576,0.022025261800951,0.452142489963684,1,1,1322,-0.05,0.341137947033495,FALSE,41.2,-0.3121,TRUE,18,30,664,1342.5,FALSE,FALSE,FALSE,"",0,0,"5 - filter-dependent"
"RUVBL1",-0.1148,4.424,0.00483649017686922,0.0452136889701576,0.022025261800951,0.452142489963684,1,1,1323,-0.0663,0.396875824605219,FALSE,42.2,-0.3131,TRUE,13,27,804,1425,FALSE,FALSE,FALSE,"",0,0,"5 - filter-dependent"
"CHCHD10",-0.171,2.045,0.00485185236112368,0.0453025426452987,0.0220685457156577,0.453031037720696,1,1,1324,-0.1454,0.203085127253663,FALSE,15,-0.2324,TRUE,19,19,979,1152,TRUE,FALSE,FALSE,"",0,0,"4 - robust but small effect"
"LHFPL2",0.185,4.57,0.00485332058578758,0.0453025426452987,0.0220685457156577,0.453031037720696,1,1,1325,0.1641,0.0828158900677468,FALSE,11.3,0.0202,TRUE,19,29,860,1325,FALSE,FALSE,FALSE,"",0,0,"5 - filter-dependent"
"ALG10B",-0.1385,3.213,0.00486613940236985,0.0453879427816819,0.0221101472837784,0.453885049662369,1,1,1326,-0.0738,0.383520525285747,FALSE,46.7,-0.3158,TRUE,14,24,1176,1325.5,FALSE,FALSE,FALSE,"",0,0,"5 - filter-dependent"
"GNPTAB",-0.1078,6.364,0.00487902196377287,0.0454738083255033,0.0221519755690924,0.454743715736068,1,1,1327,-0.0527,0.427366602198811,FALSE,51.1,-0.2985,TRUE,15,30,408,1394,FALSE,FALSE,FALSE,"",0,0,"5 - filter-dependent"
"EIF3L",-0.0854,7.547,0.00488465745821227,0.0454920507855191,0.0221608621467395,0.454926142595775,1,1,1328,-0.0497,0.360313823360164,FALSE,41.8,-0.3254,TRUE,18,31,213,1328,FALSE,FALSE,FALSE,"",0,0,"5 - filter-dependent"
"DDX1",-0.0999,5.081,0.00489747801772503,0.0455771317706721,0.0222023082444802,0.455776962985614,1,1,1329,-0.0385,0.488917228735227,FALSE,61.5,-0.3345,TRUE,19,30,621,1334.5,FALSE,FALSE,FALSE,"",0,0,"5 - filter-dependent"
"PIK3R1",-0.0909,7.48,0.00490484546223002,0.0456113749450082,0.022218989362452,0.456119398970407,1,1,1330,-0.0629,0.247222781332043,FALSE,30.8,-0.2506,TRUE,15,31,131,1418,FALSE,FALSE,FALSE,"",0,0,"5 - filter-dependent"
"MAML1",0.139,5.567,0.00491853187148296,0.0457042841371159,0.0222642488696167,0.457048502399411,1,1,1331,0.0872,0.340376509889946,FALSE,37.3,0.0829,TRUE,19,30,952,1320,FALSE,FALSE,FALSE,"",0,0,"5 - filter-dependent"
"ARMC1",-0.1087,4.736,0.00492871823110364,0.0457645548665839,0.0222936089732867,0.457651217159349,1,1,1332,-0.046,0.460730136296354,FALSE,57.7,-0.3583,TRUE,15,27,834,1361,FALSE,FALSE,FALSE,"",0,0,"5 - filter-dependent"
"IL1RL1",0.3807,3.405,0.00493591032527647,0.0457969534156185,0.0223093915059822,0.457975206662647,1,1,1333,0.3924,0.103679610078907,FALSE,-3.1,-0.0543,FALSE,15,23,1205,1370,FALSE,FALSE,FALSE,"",0,0,"5 - filter-dependent"
"TMUB2",0.1156,5.134,0.00494648065572861,0.0458606242504134,0.0223404079268358,0.458611922896999,1,1,1334,0.0338,0.574852221581139,FALSE,70.8,0.1592,TRUE,21,30,895,1329,FALSE,FALSE,FALSE,"",0,0,"5 - filter-dependent"
"ATP2A3",0.1404,6.259,0.00495955111317291,0.0459473619233877,0.0223826610585483,0.459479310370252,1,1,1335,0.1009,0.276515400439407,FALSE,28.1,0,FALSE,18,31,965,1365,FALSE,FALSE,FALSE,"",0,0,"5 - filter-dependent"
"PTPLAD2",0.1095,7.61,0.00497068779116252,0.0460160678151932,0.0224161302420799,0.460166377798362,1,1,1336,0.0479,0.492398466850886,FALSE,56.3,0.104,TRUE,17,31,944,1324,FALSE,FALSE,FALSE,"",0,0,"5 - filter-dependent"
"FAM179B",-0.0838,5.113,0.0050027145359401,0.0462779157670211,0.0225436860735641,0.462784889749676,1,1,1337,-0.0394,0.470395268419525,FALSE,53,-0.289,TRUE,20,29,485,1337,FALSE,FALSE,FALSE,"",0,0,"5 - filter-dependent"
"PF4",0.2772,5.859,0.00501149742459513,0.0463245143104578,0.0225663859492458,0.463250880955837,1,1,1338,0.2292,0.219589976172804,FALSE,17.3,-0.014,FALSE,20,30,1045,1318,FALSE,FALSE,FALSE,"",0,0,"5 - filter-dependent"
"GLO1",-0.1244,5.128,0.00502063512274459,0.0463743205362995,0.0225906484057821,0.463748949383357,1,1,1339,-0.0662,0.421092758539828,FALSE,46.8,-0.3171,TRUE,14,29,627,1362,FALSE,FALSE,FALSE,"",0,0,"5 - filter-dependent"
"ALKBH2",-0.1536,2.327,0.00502479631262028,0.0463781199958863,0.0225924992632106,0.463786944449834,1,1,1340,-0.0914,0.296979247394616,FALSE,40.5,-0.3783,TRUE,10,21,1281,1393,FALSE,FALSE,FALSE,"",0,0,"5 - filter-dependent"
"PRRC1",-0.1009,5.31,0.00503251734545299,0.0464147461063106,0.0226103411975721,0.464153210090664,1,1,1341,-0.0472,0.464931122080854,FALSE,53.2,-0.2729,TRUE,13,29,407,1441,FALSE,FALSE,FALSE,"",0,0,"5 - filter-dependent"
"TSEN34",0.2013,6.598,0.00505202813036821,0.0464464525142341,0.0226257865627079,0.464470278097121,1,1,1342,0.0281,0.757746520994394,FALSE,86,0.4449,TRUE,20,30,805,1338.5,FALSE,FALSE,FALSE,"",0,0,"5 - filter-dependent"
"HDAC7",0.1417,5.692,0.00505215169912189,0.0464464525142341,0.0226257865627079,0.464470278097121,1,1,1343,0.0951,0.331612280379808,FALSE,32.9,0.0424,TRUE,19,30,998,1359,FALSE,FALSE,FALSE,"",0,0,"5 - filter-dependent"
"CMIP",0.2038,4.484,0.00505253723564523,0.0464464525142341,0.0226257865627079,0.464470278097121,1,1,1344,0.1271,0.318490946804463,FALSE,37.6,0.1117,TRUE,18,28,1009,1353,FALSE,FALSE,FALSE,"",0,0,"5 - filter-dependent"
"HNRNPA0",-0.1191,5.965,0.00505785691061443,0.0464464525142341,0.0226257865627079,0.464470278097121,1,1,1345,-0.1046,0.185135525504713,FALSE,12.2,-0.2046,TRUE,16,31,129,1381,FALSE,FALSE,FALSE,"",0,0,"5 - filter-dependent"
"MDM1",0.1049,5.256,0.00506314139701078,0.0464464525142341,0.0226257865627079,0.464470278097121,1,1,1346,0.1129,0.0811568520386545,FALSE,-7.6,-0.159,FALSE,15,30,907,1399.5,FALSE,FALSE,FALSE,"",0,0,"5 - filter-dependent"
"RP11-830F9.7",0.2378,2.619,0.00506341694257014,0.0464464525142341,0.0226257865627079,0.464470278097121,1,1,1347,0.1087,0.510306135130214,FALSE,54.3,0.2158,TRUE,15,21,1213,1311,FALSE,FALSE,FALSE,"",0,0,"5 - filter-dependent"
"AKNA",0.1538,7.433,0.00506372342086774,0.0464464525142341,0.0226257865627079,0.464470278097121,1,1,1348,0.1153,0.250558751964922,FALSE,25,0.017,TRUE,18,31,863,1348,FALSE,FALSE,FALSE,"",0,0,"5 - filter-dependent"
"TMEM161A",-0.162,1.894,0.00506599809522169,0.0464464525142341,0.0226257865627079,0.464470278097121,1,1,1349,-0.1267,0.250558751964922,FALSE,21.8,-0.2495,TRUE,17,18,998,1135.5,FALSE,FALSE,FALSE,"",0,0,"5 - filter-dependent"
"DKC1",-0.1084,4.781,0.00507272742653696,0.0464736983788215,0.0226390590320463,0.464742740117725,1,1,1350,-0.0746,0.310369518680342,FALSE,31.2,-0.2606,TRUE,13,29,453,1427,FALSE,FALSE,FALSE,"",0,0,"5 - filter-dependent"
"ZNHIT6",-0.112,4.375,0.00507734096439901,0.0464815344542464,0.0226428762744933,0.464821101842566,1,1,1351,-0.053,0.392631301955464,FALSE,52.7,-0.2955,TRUE,15,27,755,1387,FALSE,FALSE,FALSE,"",0,0,"5 - filter-dependent"
"SIRT7",0.1057,5.803,0.00509151502327535,0.0465768179052289,0.0226892923710559,0.465773948154399,1,1,1352,0.0345,0.59504880558456,FALSE,67.4,0.0744,TRUE,18,30,938,1348.5,FALSE,FALSE,FALSE,"",0,0,"5 - filter-dependent"
"CTLA4",-0.1652,3.129,0.00510212774976923,0.0466394057717264,0.0227197812379581,0.466399834571638,1,1,1353,-0.1157,0.242397880381052,FALSE,30,-0.2978,TRUE,9,22,1283,1384.5,FALSE,FALSE,FALSE,"",0,0,"5 - filter-dependent"
"TAS2R14",-0.1645,3.268,0.00511364847603619,0.04671019523753,0.0227542654075224,0.467107737997805,1,1,1354,-0.1324,0.214508445248507,FALSE,19.5,-0.1791,TRUE,8,23,1228,1506,FALSE,FALSE,FALSE,"",0,0,"5 - filter-dependent"
"RINT1",-0.1044,4.096,0.00512600729559115,0.0467885300604216,0.0227924251998689,0.467891095929436,1,1,1355,-0.0589,0.381567237171984,FALSE,43.6,-0.2866,TRUE,10,26,760,1463.5,FALSE,FALSE,FALSE,"",0,0,"5 - filter-dependent"
"DCXR",-0.1224,3.618,0.00514031036395358,0.0468844827296297,0.0228391672974049,0.468850634506415,1,1,1356,-0.1268,0.0998471666249579,FALSE,-3.6,-0.1706,TRUE,11,28,745,1424.5,FALSE,FALSE,FALSE,"",0,0,"5 - filter-dependent"
"ATR",-0.0925,6.82,0.00515366628820623,0.0469716614978148,0.0228816353029249,0.469722432986411,1,1,1357,-0.0375,0.49483956239572,FALSE,59.5,-0.3003,TRUE,14,31,275,1398,FALSE,FALSE,FALSE,"",0,0,"5 - filter-dependent"
"RP11-44F14.4",0.2756,2.09,0.0051624920076264,0.0470174529825651,0.0229039420304415,0.470180353505743,1,1,1358,0.0904,0.591578893693687,FALSE,67.2,0.3325,TRUE,4,19,1212,1565,FALSE,FALSE,FALSE,"",0,0,"5 - filter-dependent"
"MLC1",-0.2245,2.971,0.00518622225857998,0.0471942361485565,0.0229900596554716,0.47194820706239,1,1,1359,-0.1375,0.30586569366168,FALSE,38.8,-0.3089,TRUE,7,23,1014,1548,FALSE,FALSE,FALSE,"",0,0,"5 - filter-dependent"
"PLAUR",0.2328,6.129,0.00518965313471831,0.0471942361485565,0.0229900596554716,0.47194820706239,1,1,1360,0.0385,0.721952868766277,FALSE,83.5,0.3858,TRUE,19,30,854,1355.5,FALSE,FALSE,FALSE,"",0,0,"5 - filter-dependent"
"CCDC101",-0.1193,3.633,0.00519335021007321,0.0471942361485565,0.0229900596554716,0.47194820706239,1,1,1361,-0.0957,0.234420978116014,FALSE,19.8,-0.2388,TRUE,13,26,1107,1385,FALSE,FALSE,FALSE,"",0,0,"5 - filter-dependent"
"GPRASP1",-0.1553,5.143,0.00520344738171066,0.0471983758473988,0.0229920762560379,0.471989604563564,1,1,1362,-0.1085,0.234420978116014,FALSE,30.1,-0.2783,TRUE,14,29,573,1435,FALSE,FALSE,FALSE,"",0,0,"5 - filter-dependent"
"FAM84B",-0.1394,4.412,0.00520501246423397,0.0471983758473988,0.0229920762560379,0.471989604563564,1,1,1363,-0.0958,0.223316333478312,FALSE,31.3,-0.3061,TRUE,15,28,794,1368,FALSE,FALSE,FALSE,"",0,0,"5 - filter-dependent"
"YPEL2",-0.0706,6.259,0.00520525425742658,0.0471983758473988,0.0229920762560379,0.471989604563564,1,1,1364,-0.0719,0.0809737066847279,FALSE,-1.8,-0.1617,TRUE,11,30,162,1440,FALSE,FALSE,FALSE,"",0,0,"5 - filter-dependent"
"PCYT1A",0.1113,6.78,0.00522828345881614,0.0472967644558604,0.0230400049897678,0.472973502834799,1,1,1365,0.0282,0.626290722955453,FALSE,74.7,0.1139,TRUE,18,31,824,1365,FALSE,FALSE,FALSE,"",0,0,"5 - filter-dependent"
"RP11-344B5.2",0.2558,2.797,0.00522832182314677,0.0472967644558604,0.0230400049897678,0.472973502834799,1,1,1366,0.1342,0.394286837828051,FALSE,47.5,0.325,TRUE,14,22,1266,1367,FALSE,FALSE,FALSE,"",0,0,"5 - filter-dependent"
"FPR2",0.2793,8.295,0.00522974694389493,0.0472967644558604,0.0230400049897678,0.472973502834799,1,1,1367,0.0342,0.828384378655101,FALSE,87.8,0.4302,TRUE,18,31,534,1363,FALSE,FALSE,FALSE,"",0,0,"5 - filter-dependent"
"ALKBH4",-0.1147,2.959,0.00523517529538607,0.0472967644558604,0.0230400049897678,0.472973502834799,1,1,1368,-0.0975,0.202556407938784,FALSE,15,-0.2673,TRUE,6,23,1129,1568,FALSE,FALSE,FALSE,"",0,0,"5 - filter-dependent"
"SLC37A1",0.109,4.442,0.00523522562581443,0.0472967644558604,0.0230400049897678,0.472973502834799,1,1,1369,0.1206,0.062093041966038,FALSE,-10.6,-0.1743,FALSE,16,28,981,1385,FALSE,FALSE,FALSE,"",0,0,"5 - filter-dependent"
"TNFSF14",0.1981,5.983,0.00526056563437536,0.0474910042087259,0.023134626364543,0.474915924422397,1,1,1370,0.0208,0.845936126377058,FALSE,89.5,0.4079,TRUE,19,30,893,1372,FALSE,FALSE,FALSE,"",0,0,"5 - filter-dependent"
"N4BP2",-0.1244,6.048,0.00526497928493832,0.0474961807411503,0.0231371480451328,0.474967690387817,1,1,1371,-0.0594,0.416818872206068,FALSE,52.3,-0.3365,TRUE,16,30,618,1367,FALSE,FALSE,FALSE,"",0,0,"5 - filter-dependent"
"PSMD6",-0.0559,6.008,0.00527296736792749,0.0475335717248741,0.0231553625775956,0.47534160485638,1,1,1372,-0.0725,0.0105861602748733,TRUE,-29.7,-0.0687,TRUE,11,30,144,1494,FALSE,FALSE,FALSE,"",0,0,"5 - filter-dependent"
"EML2",-0.1039,4.098,0.00527915498492774,0.0475546896238793,0.023165649888029,0.475552786462139,1,1,1373,-0.0787,0.265344744055646,FALSE,24.3,-0.2192,TRUE,11,28,623,1406.5,FALSE,FALSE,FALSE,"",0,0,"5 - filter-dependent"
"DISP1",-0.1372,2.628,0.00528425515605779,0.0475659881878622,0.0231711538368412,0.475665773501433,1,1,1374,-0.0825,0.373827790338594,FALSE,39.9,-0.2622,TRUE,12,22,1186,1338,FALSE,FALSE,FALSE,"",0,0,"5 - filter-dependent"
"STX10",0.1266,6.12,0.0052950356408612,0.0475776123936063,0.023176816417811,0.475782016998672,1,1,1375,0.0323,0.659501864768344,FALSE,74.5,0.2151,TRUE,17,30,1012,1372,FALSE,FALSE,FALSE,"",0,0,"5 - filter-dependent"
"KLF7-IT1",0.1732,3.115,0.0052955989961016,0.0475776123936063,0.023176816417811,0.475782016998672,1,1,1376,0.0525,0.613907674767255,FALSE,69.7,0.2455,TRUE,11,24,953,1440.5,FALSE,FALSE,FALSE,"",0,0,"5 - filter-dependent"
"MCCC2",-0.0937,4.316,0.00529721520577702,0.0475776123936063,0.023176816417811,0.475782016998672,1,1,1377,-0.0395,0.521026049907972,FALSE,57.8,-0.3098,TRUE,12,26,837,1418.5,FALSE,FALSE,FALSE,"",0,0,"5 - filter-dependent"
"ABR",0.1464,5.464,0.00530093385174559,0.0475776123936063,0.023176816417811,0.475782016998672,1,1,1378,0.0846,0.345391708110564,FALSE,42.2,0.0845,TRUE,16,30,967,1382.5,FALSE,FALSE,FALSE,"",0,0,"5 - filter-dependent"
"ZFYVE9",-0.1782,3.143,0.00532504113203684,0.0477581549059927,0.0232647653596489,0.477587464484909,1,1,1379,-0.1197,0.243156527690525,FALSE,32.8,-0.2847,TRUE,9,24,1162,1466,FALSE,FALSE,FALSE,"",0,0,"5 - filter-dependent"
"UBTD1",0.2194,2.539,0.00532877213537111,0.0477581549059927,0.0232647653596489,0.477587464484909,1,1,1380,0.064,0.60429387697956,FALSE,70.8,0.3959,TRUE,10,22,1183,1431,FALSE,FALSE,FALSE,"",0,0,"5 - filter-dependent"
"KIAA0226L",0.2413,4.928,0.00533673609856286,0.0477948965003804,0.0232826635505244,0.477954884979677,1,1,1381,0.0407,0.779726653568408,FALSE,83.1,0.3909,TRUE,15,27,1117,1424,FALSE,FALSE,FALSE,"",0,0,"5 - filter-dependent"
"PRR12",0.2323,1.653,0.00535530579017248,0.0479264992857115,0.0233467721394645,0.479270929133584,1,1,1382,0.2637,0.0602569099902126,FALSE,-13.5,-0.1238,FALSE,4,19,1304,1540,FALSE,FALSE,FALSE,"",0,0,"5 - filter-dependent"
"MED12",0.1957,4.329,0.00536570557247305,0.0479691667217151,0.0233675570271779,0.479697608778498,1,1,1383,0.1486,0.234420978116014,FALSE,24.1,0.0608,TRUE,15,28,1055,1420,FALSE,FALSE,FALSE,"",0,0,"5 - filter-dependent"
"FRY",0.1715,8.106,0.00536961291100662,0.0479691667217151,0.0233675570271779,0.479697608778498,1,1,1384,0.0276,0.764172147481088,FALSE,83.9,0.298,TRUE,18,31,561,1384,FALSE,FALSE,FALSE,"",0,0,"5 - filter-dependent"
"AC073046.25",0.1881,2.524,0.00537170891895014,0.0479691667217151,0.0233675570271779,0.479697608778498,1,1,1385,0.1111,0.381405948279658,FALSE,40.9,0.1156,TRUE,12,21,1174,1385,FALSE,FALSE,FALSE,"",0,0,"5 - filter-dependent"
"SCARNA3",0.2156,1.95,0.00538310515658933,0.0480362514983383,0.0234002365054872,0.48036846485399,1,1,1386,0.1407,0.335491495956705,FALSE,34.7,0.2382,TRUE,13,17,1171,1307,FALSE,FALSE,FALSE,"",0,0,"5 - filter-dependent"
"KBTBD2",0.0963,7.26,0.00539973237793995,0.0481181537647621,0.0234401341316523,0.481187497662815,1,1,1387,0.0184,0.754652137400603,FALSE,80.9,0.1636,TRUE,15,31,882,1387,FALSE,FALSE,FALSE,"",0,0,"5 - filter-dependent"
"FGD3",0.1414,7.083,0.00540006447489406,0.0481181537647621,0.0234401341316523,0.481187497662815,1,1,1388,0.0532,0.529513713697872,FALSE,62.4,0.1779,TRUE,17,31,747,1388,FALSE,FALSE,FALSE,"",0,0,"5 - filter-dependent"
"MED15",0.1434,5.387,0.00549355806360077,0.0489160015339196,0.0238287953179713,0.489166074177484,1,1,1389,0.1479,0.103655673816925,FALSE,-3.1,-0.1171,FALSE,14,30,1129,1414,FALSE,FALSE,FALSE,"",0,0,"5 - filter-dependent"
"MSMO1",-0.123,4.003,0.00550081959572921,0.0489338109342016,0.0238374709361892,0.489344170386213,1,1,1390,-0.0536,0.482143472445302,FALSE,56.4,-0.3302,TRUE,13,26,1138,1371.5,FALSE,FALSE,FALSE,"",0,0,"5 - filter-dependent"
"RHOA",0.1237,8.923,0.00550347113595362,0.0489338109342016,0.0238374709361892,0.489344170386213,1,1,1391,0.054,0.426264943505146,FALSE,56.3,0.1252,TRUE,18,31,606,1362,FALSE,FALSE,FALSE,"",0,0,"5 - filter-dependent"
"TCF12",-0.0701,6.326,0.00552554895161957,0.0490597600260846,0.0238988254017394,0.490603676905361,1,1,1392,-0.0204,0.630777464323825,FALSE,70.9,-0.3016,TRUE,10,31,350,1434,FALSE,FALSE,FALSE,"",0,0,"5 - filter-dependent"
"MGST3",-0.1205,4.771,0.00552556967305433,0.0490597600260846,0.0238988254017394,0.490603676905361,1,1,1393,-0.0754,0.379701809565234,FALSE,37.4,-0.3332,TRUE,11,28,837,1400,FALSE,FALSE,FALSE,"",0,0,"5 - filter-dependent"
"ORMDL1",-0.0956,6.256,0.0055315806787958,0.0490778980167479,0.0239076610884971,0.490785059058603,1,1,1394,-0.0525,0.388797935009643,FALSE,45.1,-0.3019,TRUE,12,30,563,1397,FALSE,FALSE,FALSE,"",0,0,"5 - filter-dependent"
"ATF7IP",0.0784,7.452,0.00553945031240302,0.0491124885045165,0.0239245113957001,0.49113096822074,1,1,1395,0.059,0.267730072668709,FALSE,24.7,-0.0592,FALSE,15,31,872,1448,FALSE,FALSE,FALSE,"",0,0,"5 - filter-dependent"
"ACTR3",0.1005,9.313,0.00554508157381195,0.04912719835595,0.0239316771089222,0.491278068557068,1,1,1396,0.042,0.487217964646887,FALSE,58.2,0.1104,TRUE,15,31,676,1396,FALSE,FALSE,FALSE,"",0,0,"5 - filter-dependent"
"RRP15",-0.1329,4.132,0.00556249179528285,0.0491273221656836,0.0239317374212272,0.49127930666974,1,1,1397,-0.0602,0.416818872206068,FALSE,54.7,-0.3155,TRUE,10,26,968,1500,FALSE,FALSE,FALSE,"",0,0,"5 - filter-dependent"
"PPP1R12B",0.188,7.041,0.00556326250386471,0.0491273221656836,0.0239317374212272,0.49127930666974,1,1,1398,0.0395,0.744028361663613,FALSE,79,0.2958,TRUE,16,30,996,1402.5,FALSE,FALSE,FALSE,"",0,0,"5 - filter-dependent"
"NAALADL1",-0.1616,2.696,0.00556368258056243,0.0491273221656836,0.0239317374212272,0.49127930666974,1,1,1399,-0.1112,0.318193114701041,FALSE,31.2,-0.3358,TRUE,7,22,1252,1460,FALSE,FALSE,FALSE,"",0,0,"5 - filter-dependent"
"FH",-0.1026,4.362,0.00556376390243695,0.0491273221656836,0.0239317374212272,0.49127930666974,1,1,1400,-0.0654,0.356840903743614,FALSE,36.3,-0.3083,TRUE,9,27,813,1531,FALSE,FALSE,FALSE,"",0,0,"5 - filter-dependent"
"RNF122",0.1559,2.491,0.0055690583296193,0.0491273221656836,0.0239317374212272,0.49127930666974,1,1,1401,0.0923,0.379084407584754,FALSE,40.8,0.0874,TRUE,6,21,1259,1468,FALSE,FALSE,FALSE,"",0,0,"5 - filter-dependent"
"F8",-0.1799,2.337,0.00557160540402863,0.0491273221656836,0.0239317374212272,0.49127930666974,1,1,1402,-0.2014,0.0680462153617931,FALSE,-12,-0.031,TRUE,13,19,1139,1307,FALSE,FALSE,FALSE,"gran",1,1,"5 - filter-dependent"
"CDK5",-0.1337,2.483,0.00557290046882715,0.0491273221656836,0.0239317374212272,0.49127930666974,1,1,1403,-0.1105,0.199073056030055,FALSE,17.4,-0.2351,TRUE,8,22,1229,1429,FALSE,FALSE,FALSE,"",0,0,"5 - filter-dependent"
"RQCD1",-0.071,5.519,0.00558268147415235,0.0491784932139005,0.0239566647332708,0.491791023490061,1,1,1404,-0.0297,0.53690921798321,FALSE,58.2,-0.2732,TRUE,9,30,732,1482,FALSE,FALSE,FALSE,"",0,0,"5 - filter-dependent"
"EXPH5",-0.2237,2.237,0.00559978590182383,0.0492940583870157,0.0240129608075552,0.492946689535358,1,1,1405,-0.163,0.247498171006286,FALSE,27.1,-0.2276,TRUE,3,20,1400,1583.5,FALSE,FALSE,FALSE,"",0,0,"5 - filter-dependent"
"RP5-1160K1.3",0.1452,2.832,0.00560397543111597,0.0492958521565024,0.0240138346190812,0.492964627452404,1,1,1406,0.0684,0.475964775192482,FALSE,52.9,0.1272,TRUE,6,23,1166,1522,FALSE,FALSE,FALSE,"",0,0,"5 - filter-dependent"
"RPL22",-0.1179,6.09,0.00561610280156498,0.0493674196515677,0.0240486977955031,0.493680311267557,1,1,1407,-0.0603,0.385789467439653,FALSE,48.9,-0.3615,TRUE,12,30,740,1396.5,FALSE,FALSE,FALSE,"",0,0,"5 - filter-dependent"
"RP11-571M6.8",0.2018,1.538,0.00562802943248775,0.0494312740909452,0.0240798036569464,0.494318863570477,1,1,1408,0.1504,0.280551911071823,FALSE,25.5,0.0412,TRUE,15,18,1084,1210.5,FALSE,FALSE,FALSE,"",0,0,"5 - filter-dependent"
"LINC01004",0.1546,2.126,0.00563136038115636,0.0494312740909452,0.0240798036569464,0.494318863570477,1,1,1409,0.1352,0.203867665773073,FALSE,12.5,0.005,TRUE,11,20,1133,1423,FALSE,FALSE,FALSE,"",0,0,"5 - filter-dependent"
"EGF",0.3292,2.412,0.00563538330346129,0.0494315040405739,0.0240799156739237,0.494321163095246,1,1,1410,0.2778,0.216676196778279,FALSE,15.6,0.0374,TRUE,3,19,1369,1652,FALSE,FALSE,FALSE,"",0,0,"5 - filter-dependent"
"RP4-798A10.2",0.1596,3.036,0.0056440392137935,0.0494432329723123,0.0240856292708026,0.494438453865399,1,1,1411,0.1502,0.163290179210611,FALSE,5.9,-0.0905,FALSE,12,23,1165,1411,FALSE,FALSE,FALSE,"",0,0,"5 - filter-dependent"
"ARHGEF2",0.1168,7.329,0.00564471579535131,0.0494432329723123,0.0240856292708026,0.494438453865399,1,1,1412,0.0496,0.464543008398439,FALSE,57.5,0.0884,TRUE,17,31,791,1412,FALSE,FALSE,FALSE,"",0,0,"5 - filter-dependent"
"LRTOMT",0.2127,1.373,0.00567214133137853,0.0496482972303536,0.0241855236627943,0.4964891218455,1,1,1413,0.111,0.438238551987753,FALSE,47.8,0.2308,TRUE,9,17,1260,1411,FALSE,FALSE,FALSE,"",0,0,"5 - filter-dependent"
"OPRL1",0.1912,2.904,0.00569195422181156,0.0497452162456233,0.0242327365032731,0.49745832400279,1,1,1414,0.0855,0.452977839905962,FALSE,55.3,0.2143,TRUE,8,23,1140,1522,FALSE,FALSE,FALSE,"",0,0,"5 - filter-dependent"
"LY75",0.1079,5.2,0.00569326357608537,0.0497452162456233,0.0242327365032731,0.49745832400279,1,1,1415,0.0751,0.315064388213312,FALSE,30.4,-0.0206,FALSE,12,29,910,1450,FALSE,FALSE,FALSE,"",0,0,"5 - filter-dependent"
"PDK2",-0.1762,2.932,0.00569528025580551,0.0497452162456233,0.0242327365032731,0.49745832400279,1,1,1416,-0.1414,0.243482956190481,FALSE,19.8,-0.2811,TRUE,9,23,1250,1389,FALSE,FALSE,FALSE,"",0,0,"5 - filter-dependent"
"DNAJA2",-0.0847,6.372,0.00570450458292717,0.0497906229228251,0.0242548557767865,0.497912396398974,1,1,1417,-0.085,0.0811568520386545,FALSE,-0.4,-0.1385,TRUE,10,30,252,1463.5,FALSE,FALSE,FALSE,"",0,0,"5 - filter-dependent"
"RPS4X",-0.1251,8.242,0.00571698793956429,0.0498193254229419,0.0242688378272189,0.498199424955293,1,1,1418,-0.0767,0.26904904927492,FALSE,38.7,-0.2478,TRUE,12,31,299,1416,FALSE,FALSE,FALSE,"",0,0,"5 - filter-dependent"
"VRK3",0.1012,5.865,0.00572228382778664,0.0498193254229419,0.0242688378272189,0.498199424955293,1,1,1419,0.032,0.606961233973536,FALSE,68.4,0.1216,TRUE,13,30,937,1406.5,FALSE,FALSE,FALSE,"",0,0,"5 - filter-dependent"
"ALAS1",0.1092,4.587,0.00572302380844468,0.0498193254229419,0.0242688378272189,0.498199424955293,1,1,1420,0.0495,0.427974996343812,FALSE,54.7,0.1052,TRUE,12,28,913,1458.5,FALSE,FALSE,FALSE,"",0,0,"5 - filter-dependent"
"SIRPA",0.1976,6.218,0.00572994347703607,0.0498193254229419,0.0242688378272189,0.498199424955293,1,1,1421,0.0449,0.66242871613902,FALSE,77.3,0.3626,TRUE,16,31,542,1421,FALSE,FALSE,FALSE,"",0,0,"5 - filter-dependent"
"ATP1B3",-0.1025,4.569,0.00573002617517489,0.0498193254229419,0.0242688378272189,0.498199424955293,1,1,1422,-0.068,0.31296521456741,FALSE,33.7,-0.2624,TRUE,9,29,451,1471,FALSE,FALSE,FALSE,"",0,0,"5 - filter-dependent"
"STAT3",0.1811,7.896,0.00573196151979676,0.0498193254229419,0.0242688378272189,0.498199424955293,1,1,1423,0.0502,0.592948402593288,FALSE,72.3,0.2676,TRUE,17,31,524,1414,FALSE,FALSE,FALSE,"",0,0,"5 - filter-dependent"
"EPS15L1",0.1743,4.733,0.00573654849333564,0.0498241796106567,0.0242712024817668,0.498247967433692,1,1,1424,0.0894,0.426264943505146,FALSE,48.7,0.1396,TRUE,12,28,1072,1449.5,FALSE,FALSE,FALSE,"",0,0,"5 - filter-dependent"
"CSNK1D",0.1457,5.857,0.00574463859938713,0.0498362472768973,0.0242770810887623,0.498368645590824,1,1,1425,0.0646,0.471479612718017,FALSE,55.7,0.161,TRUE,12,30,1043,1425,FALSE,FALSE,FALSE,"",0,0,"5 - filter-dependent"
"PAICS",-0.1348,3.673,0.00574599681572247,0.0498362472768973,0.0242770810887623,0.498368645590824,1,1,1426,-0.0779,0.35690438998648,FALSE,42.2,-0.2759,TRUE,8,26,807,1481,FALSE,FALSE,FALSE,"",0,0,"5 - filter-dependent"
