"module","gene","kWithin","kWithin_scaled","gs_lithium"
"ours:green","ENSG00000139668.7",4.04747099355428,0.113880815143666,0.343868482963083
"ours:green","ENSG00000154803.8",2.8935230747021,0.0814130025660088,0.249611452159623
"ours:green","ENSG00000184575.7",14.6339023299077,0.411743710755844,-0.240888026022557
"ours:green","ENSG00000273311.1",7.8228278160143,0.220105347224227,0.212251713982513
"ours:green","ENSG00000105204.9",3.02797412423181,0.0851959562034157,0.22559029224147
"ours:green","ENSG00000180089.4",3.02045026908801,0.0849842628378145,0.213094865156052
"ours:green","ENSG00000224950.1",5.94145900230142,0.167170609845578,0.204878392884506
"ours:green","ENSG00000118960.8",11.7154294987373,0.329628714621808,0.21177093811916
"ours:green","ENSG00000269858.1",5.73899696936221,0.161474079497744,0.211725712051098
"ours:green","ENSG00000163811.7",18.5464572112649,0.52182848712431,-0.202727198859641
"ours:green","ENSG00000132952.7",6.87580698357483,0.193459695031045,-0.199697778997308
"ours:green","ENSG00000120159.7",9.97552360016136,0.280674218760406,-0.201315220771483
"ours:green","ENSG00000167604.9",1.68676259193015,0.0474592404068509,0.190634876829213
"ours:green","ENSG00000164338.5",14.2955663931775,0.402224192931357,-0.184775435139805
"ours:green","ENSG00000198301.7",13.8607792795637,0.389990896882749,-0.185532257442601
"ours:green","ENSG00000223559.1",0.515071509523818,0.0144922010448657,-0.176421888320235
"ours:green","ENSG00000157500.6",13.9856806309389,0.393505157449361,-0.176976316209007
"ours:green","ENSG00000087470.13",13.2532213664148,0.372896471621501,-0.176282593698054
"ours:green","ENSG00000169871.8",3.92403604831451,0.110407813804433,0.173074981099972
"ours:green","ENSG00000130940.10",0.752210554622614,0.0211644138417575,0.180929050610543
"ours:green","ENSG00000165832.4",12.873985290187,0.362226175636308,-0.179955109572291
"ours:green","ENSG00000164970.10",1.04417199784351,0.029379125496879,0.177016768935579
"ours:green","ENSG00000119041.6",14.4864148634884,0.407593960720313,-0.174239890872119
"ours:green","ENSG00000005700.10",20.231225133668,0.569231604932126,-0.161626733001464
"ours:green","ENSG00000117528.7",11.390528926038,0.320487218087662,-0.162365916107877
"ours:green","ENSG00000079785.10",14.1210626633769,0.397314305491286,-0.163922490661177
"ours:green","ENSG00000175395.11",5.30533650891541,0.149272483288677,-0.162872689504473
"ours:green","ENSG00000187676.7",1.39960227231696,0.0393796145549188,-0.145997553021669
"ours:green","ENSG00000164323.8",17.4007968308982,0.489593855127756,-0.15320993977758
"ours:green","ENSG00000171148.9",6.633259720651,0.186635315052382,0.155028008542568
"ours:green","ENSG00000105723.7",1.26393544819451,0.0355624535317464,0.151554399424046
"ours:green","ENSG00000239521.3",2.20330089539713,0.0619927115905665,0.141050514588491
"ours:green","ENSG00000128059.4",5.8109739914997,0.163499245821526,-0.142324085681181
"ours:green","ENSG00000126005.11",3.55961096437516,0.100154244184317,0.14695437560235
"ours:green","ENSG00000115866.6",9.49757933231769,0.267226640531443,-0.145182502016633
"ours:green","ENSG00000145241.6",5.51196903762992,0.155086355912516,-0.142732666086278
"ours:green","ENSG00000156802.8",4.89729131927373,0.137791605751606,-0.139000283512136
"ours:green","ENSG00000255989.1",4.64177075345969,0.130602205168571,0.139410243980116
"ours:green","ENSG00000095002.8",12.2044788760836,0.343388749425366,-0.140369282426625
"ours:green","ENSG00000152404.11",6.84386821879245,0.192561056702594,-0.140350449099752
"ours:green","ENSG00000153551.9",1.68340690673319,0.047364823877071,0.136843989440305
"ours:green","ENSG00000187954.8",11.2410052399835,0.316280176387229,0.137668697532805
"ours:green","ENSG00000111727.7",14.2667645767911,0.401413816690755,-0.133206767024782
"ours:green","ENSG00000164169.8",4.58727600734728,0.129068925222103,-0.137498673363388
"ours:green","ENSG00000109911.13",4.77647866728431,0.134392386014112,-0.13042126202108
"ours:green","ENSG00000160131.9",11.2654426067496,0.316967753210316,-0.128013520405767
"ours:green","ENSG00000261226.1",2.40653482026899,0.0677109601131902,0.125742104880741
"ours:green","ENSG00000165983.10",3.57402328507802,0.100559753410292,-0.131897319006429
"ours:green","ENSG00000092978.6",9.45319178450186,0.265977739641098,-0.129698528663512
"ours:green","ENSG00000227345.4",0.714198055380765,0.0200948831629204,-0.11558258765272
"ours:green","ENSG00000078902.11",7.38326515572431,0.207737685012376,0.131529594129445
"ours:green","ENSG00000152620.8",4.14138106772981,0.116523096166641,-0.126916658381925
"ours:green","ENSG00000133805.11",2.94341712264532,0.0828168359374253,0.121349523376124
"ours:green","ENSG00000230409.2",2.58406847858319,0.0727060984987289,-0.124641250152414
"ours:green","ENSG00000054611.9",9.3963330942971,0.264377947079562,0.119317789813984
"ours:green","ENSG00000138686.5",3.13572468174003,0.0882276570706394,-0.113238048901002
"ours:green","ENSG00000139793.14",7.81802506381447,0.219970215598498,-0.114011010366926
"ours:green","ENSG00000141905.13",2.45790722189005,0.0691563888714965,0.124986645110434
"ours:green","ENSG00000166135.9",3.54930778843442,0.0998643510444845,0.11573939034995
"ours:green","ENSG00000186501.10",1.19705916444253,0.0336808030592455,0.111836054537588
"ours:green","ENSG00000015171.14",17.2374764289275,0.484998625035769,-0.108851739832798
"ours:green","ENSG00000266173.1",1.23284595355686,0.0346877105138522,0.102960690458662
"ours:green","ENSG00000078808.12",0.945714867158602,0.0266089071761153,0.110405043177873
"ours:green","ENSG00000148356.9",2.33545254725907,0.0657109687097864,0.115029588597438
"ours:green","ENSG00000154035.6",3.21819161708676,0.0905479706280784,0.107379870715411
"ours:green","ENSG00000130479.6",5.3797003344204,0.151364805402707,0.115428211576548
"ours:green","ENSG00000103489.7",2.40920514073401,0.0677860930225391,0.0953743660403705
"ours:green","ENSG00000101363.8",0.803178750094638,0.0225984697388842,0.100728593701951
"ours:green","ENSG00000197063.6",1.74622996458474,0.0491324316127031,0.11318727671928
"ours:green","ENSG00000005486.12",2.18202490669555,0.0613940842155508,0.0925769250397963
"ours:green","ENSG00000053918.11",12.0727930790243,0.339683599731685,0.0935500004093045
"ours:green","ENSG00000224470.3",3.11418296636647,0.0876215531330839,0.09036002940499
"ours:green","ENSG00000089060.7",1.248804564822,0.0351367266185579,0.0863088735314667
"ours:green","ENSG00000101986.8",2.57614282025476,0.07248309988245,0.0918945070119484
"ours:green","ENSG00000132603.9",2.57179193378863,0.0723606820817667,-0.0756920064213774
"ours:green","ENSG00000258634.2",0.92002959445829,0.0258862189105398,0.0782725873547763
"ours:green","ENSG00000179604.8",2.23740646118633,0.0629523156591799,0.0795073174235573
"ours:green","ENSG00000224531.4",2.40910082037348,0.0677831578346867,-0.0735498306816048
"ours:green","ENSG00000113658.12",1.45606002969911,0.0409681263545346,-0.0670330186516523
"ours:green","ENSG00000155189.7",4.42821985896517,0.12459367540309,-0.0710964072210108
"ours:green","ENSG00000234176.1",0.612744595078537,0.0172403592449571,-0.0546352911084131
"ours:green","ENSG00000136122.11",1.0799665907582,0.0303862525214709,-0.0574961505193095
"ours:green","ENSG00000153443.8",1.57705350572154,0.0443724338093482,0.0591701509393303
"ours:green","ENSG00000188428.12",3.76931579916762,0.106054560101037,-0.0627374333849965
"ours:green","ENSG00000106524.4",1.47696193811164,0.041556228498285,-0.0535826186459476
"ours:green","ENSG00000158796.12",0.878076994325184,0.0247058284128284,0.0461071318505998
"ours:green","ENSG00000180694.9",1.01176597527051,0.0284673402680152,-0.0324269180629282
"ours:green","ENSG00000085644.9",1.29528016185871,0.0364443774660275,0.0487950626561966
"ours:green","ENSG00000176994.9",3.51277312305708,0.0988364011269191,0.0330257991165612
"ours:green","ENSG00000167778.4",0.565444788302175,0.0159095181937406,0.0416540158055839
"ours:green","ENSG00000115756.8",5.0395737371267,0.14179490503442,0.0322667922462346
"ours:green","ENSG00000107736.15",1.38724189641872,0.0390318394417642,-0.00306471048763348
"ours:green","ENSG00000128309.12",1.01574720190763,0.0285793572127764,0.0636419439419709
"ours:green","ENSG00000188026.7",1.07076258906577,0.0301272860663718,0.285277174382803
"ours:green","ENSG00000167065.9",2.41379379265375,0.0679152006608305,0.215429263298667
"ours:green","ENSG00000065150.14",13.8207519773027,0.388864677123115,-0.203303647669438
"ours:green","ENSG00000115295.15",2.16794228858136,0.0609978515970206,-0.180273205928031
"ours:green","ENSG00000100106.15",5.71024662486717,0.160665151485172,0.188387922472515
"ours:green","ENSG00000156162.12",10.6868694744179,0.300688852129841,-0.186670139234405
"ours:green","ENSG00000130935.5",11.7297983006318,0.33003299939,-0.179525723360345
"ours:green","ENSG00000100722.14",7.54137001549601,0.212186169099761,-0.176041115065692
"ours:green","ENSG00000273243.1",0.579602329163488,0.0163078588603652,0.175814581282451
"ours:green","ENSG00000113522.9",8.69688198548171,0.24469798827272,-0.166900022376476
"ours:green","ENSG00000115365.7",12.4170911977172,0.349370871233228,-0.164482874723495
"ours:green","ENSG00000128050.4",2.36283034676196,0.0664812783992677,-0.163738667284698
"ours:green","ENSG00000138078.11",10.6183523655969,0.298761034928374,-0.158097138210737
"ours:green","ENSG00000103005.7",7.61336234004918,0.214211765976739,0.161965193601411
"ours:green","ENSG00000163608.10",6.26217797497033,0.176194451671187,-0.153791487682522
"ours:green","ENSG00000182310.8",0.328791785791944,0.00925098083177305,0.152240176344387
"ours:green","ENSG00000160075.10",2.46548043480608,0.0693694709816605,0.154962634287795
"ours:green","ENSG00000136937.8",13.597998040391,0.38259720789298,-0.140831021728692
"ours:green","ENSG00000023516.7",13.2065715099104,0.371583917759222,-0.143772180708673
"ours:green","ENSG00000113649.7",8.35142048110832,0.234977983415007,-0.142757962343677
"ours:green","ENSG00000164134.8",16.8839800333836,0.475052548154924,-0.140782662012605
"ours:green","ENSG00000186416.8",3.1296484384469,0.0880566941309827,-0.135911888236695
"ours:green","ENSG00000101695.4",2.32650711876372,0.065459277544987,-0.132902986528002
"ours:green","ENSG00000155850.7",4.57379064004002,0.128689497025111,-0.132507726562232
"ours:green","ENSG00000175938.6",3.3644475621189,0.0946630702214768,0.135719272046419
"ours:green","ENSG00000163812.9",5.93063106831432,0.166865951961498,0.13341843461114
"ours:green","ENSG00000053900.6",3.28740494841384,0.0924953769474537,-0.122973782340506
"ours:green","ENSG00000135040.11",3.11868341006175,0.087748178919246,-0.129784980187045
"ours:green","ENSG00000175455.10",8.52319787478694,0.239811161872995,-0.121415183139017
"ours:green","ENSG00000172780.12",0.990908169816966,0.0278804790178815,0.120414553355549
"ours:green","ENSG00000197299.6",1.22557767042911,0.0344832079964529,-0.114869215288899
"ours:green","ENSG00000146463.7",2.649809942357,0.0745558193479265,-0.116035060558805
"ours:green","ENSG00000112679.10",0.944279666975837,0.0265685259684506,0.116129823272666
"ours:green","ENSG00000047188.11",5.29521480195529,0.148987696012598,-0.110897518582066
"ours:green","ENSG00000134453.11",1.13097898180555,0.0318215519180946,-0.100730388485576
"ours:green","ENSG00000112715.16",0.845401012447942,0.0237864475308588,0.123046853829135
"ours:green","ENSG00000138835.18",1.98858586051608,0.0559514272342869,0.109182142535778
"ours:green","ENSG00000197563.5",1.7486423224331,0.0492003064112196,-0.0978292604806288
"ours:green","ENSG00000197146.2",1.53644283689291,0.0432298002791516,0.0991685315404229
"ours:green","ENSG00000112144.11",0.38841140532327,0.0109284556998068,-0.0813002065448585
"ours:green","ENSG00000141380.9",12.2391585501189,0.344364506769729,-0.0888374226801819
"ours:green","ENSG00000175182.9",6.85055424265551,0.192749176604827,0.102146055770826
"ours:green","ENSG00000161813.16",11.356078639851,0.319517914866179,-0.0868963265972976
"ours:green","ENSG00000148297.11",1.67407878863486,0.0471023652468583,0.0880201924034111
"ours:green","ENSG00000111581.5",6.84615581915779,0.192625421288466,-0.0844127060771396
"ours:green","ENSG00000148288.7",1.87635531158471,0.0527936760319487,0.0853818442868427
"ours:green","ENSG00000198380.8",1.51038369721258,0.0424965927840356,-0.0753133366806605
"ours:green","ENSG00000068976.9",2.44555243392459,0.0688087709820356,0.0786412041256974
"ours:green","ENSG00000172183.10",0.953533806822838,0.026828903125176,0.071434900742992
"ours:green","ENSG00000160087.16",4.19351751377666,0.117990022300013,0.0725395871094897
"ours:green","ENSG00000080546.9",1.3422352025996,0.0377655180803006,-0.0618897889073338
"ours:green","ENSG00000157873.13",0.65057504717782,0.0183047677927096,0.0659552854924542
"ours:green","ENSG00000110628.9",1.29811469798817,0.0365241307948324,0.0584506599390858
"ours:green","ENSG00000185262.7",2.9847752035063,0.0839804988688524,0.0401225950623876
"ours:green","ENSG00000198933.5",0.89294441089625,0.0251241423478485,0.0243374163568443
"ours:green","ENSG00000130382.7",2.50574666445093,0.0705024132713076,0.0233597761198264
"ours:green","ENSG00000030419.12",0.658706141346241,0.0185335466112322,-0.0116004083497158
"ours:green","ENSG00000134900.7",12.62820429087,0.355310810314701,-0.224826118729192
"ours:green","ENSG00000111912.14",0.911646400239042,0.0256503469320338,-0.215042892778942
"ours:green","ENSG00000138095.14",21.3129068095259,0.59966611358428,-0.211258983983664
"ours:green","ENSG00000230454.1",4.09973428908119,0.115351310350717,0.208195734567067
"ours:green","ENSG00000145675.10",8.15325379726374,0.2294023082523,-0.204405305779351
"ours:green","ENSG00000138767.8",9.7739182768997,0.275001793043976,-0.199168824071285
"ours:green","ENSG00000142864.10",20.4650771226787,0.575811332167706,-0.198983233391936
"ours:green","ENSG00000095564.9",13.1472773056183,0.369915598868529,-0.192896077644586
"ours:green","ENSG00000014123.9",22.8630037878866,0.643280090739045,-0.202054258003081
"ours:green","ENSG00000086712.8",5.43538176654052,0.152931474290095,-0.195799166353634
"ours:green","ENSG00000177613.7",2.2421155130996,0.0630848109065311,-0.191964047662707
"ours:green","ENSG00000174738.8",14.2382919220216,0.40061270183666,-0.189391331535768
"ours:green","ENSG00000154174.7",23.7313577635441,0.667712349484963,-0.195260967983619
"ours:green","ENSG00000167985.2",1.68818652880863,0.0474993047069267,0.186249908876137
"ours:green","ENSG00000067248.5",7.45935444314489,0.209878555222183,-0.195845508267253
"ours:green","ENSG00000125676.15",15.1644233950632,0.426670604968801,-0.188504157680388
"ours:green","ENSG00000138660.7",16.8027196468299,0.47276618240348,-0.20312402844452
"ours:green","ENSG00000120802.9",16.4617277973466,0.463171937049198,-0.189157867740175
"ours:green","ENSG00000163714.13",24.4238417468556,0.687196279232461,-0.185404977451662
"ours:green","ENSG00000139350.7",9.96535453507551,0.280388099002396,-0.184440553197081
"ours:green","ENSG00000134987.7",16.2996995586089,0.458613063635865,-0.183185785741879
"ours:green","ENSG00000166181.8",17.314353873262,0.487161671056587,-0.181136998793855
"ours:green","ENSG00000070476.10",9.91108576034573,0.278861177052142,0.180514358086079
"ours:green","ENSG00000177485.6",22.8684752019008,0.643434036027082,-0.187576657478717
"ours:green","ENSG00000142892.10",24.3391734965622,0.684814028840659,-0.191486610584097
"ours:green","ENSG00000145734.14",20.7089745157242,0.582673699798176,-0.173922464146715
"ours:green","ENSG00000163104.13",30.7815427074927,0.866078393271089,-0.186171144552056
"ours:green","ENSG00000066654.8",17.2067724243978,0.484134728279108,-0.175122968681296
"ours:green","ENSG00000163428.3",19.9219281993438,0.560529136882728,-0.179920537296863
"ours:green","ENSG00000121892.10",12.2679052163204,0.345173331288768,-0.173040495164032
"ours:green","ENSG00000163946.9",26.7258093775769,0.751965106640577,-0.175999293309481
"ours:green","ENSG00000145388.10",12.5040752040177,0.351818278406185,-0.18829166135926
"ours:green","ENSG00000109606.8",18.3920563955612,0.517484221092713,-0.167303762316964
"ours:green","ENSG00000116754.9",20.1414023703891,0.566704325671336,-0.168902522847263
"ours:green","ENSG00000119912.11",5.23773869684809,0.147370531686698,-0.172112691282273
"ours:green","ENSG00000039123.11",25.2644588873329,0.710848126357183,-0.172339508901643
"ours:green","ENSG00000108506.7",7.49910186087372,0.210996900069626,-0.172669754113558
"ours:green","ENSG00000163539.11",7.20865156639358,0.202824706532774,-0.169855045218553
"ours:green","ENSG00000111530.8",29.61827392079,0.833348326058291,-0.165903972105656
"ours:green","ENSG00000102189.12",16.3720393624916,0.460648437291813,-0.176334786629234
"ours:green","ENSG00000137145.16",11.896257585732,0.334716546006055,-0.163300197612907
"ours:green","ENSG00000134899.13",2.51848350540249,0.0708607807141449,-0.177368275272852
"ours:green","ENSG00000102753.5",7.29097974953861,0.205141116118114,-0.163876157997719
"ours:green","ENSG00000104331.4",4.51662630068116,0.127081104630526,-0.164634340099323
"ours:green","ENSG00000197170.5",2.1724366814371,0.0611243071350102,-0.164193744798722
"ours:green","ENSG00000167005.9",22.3646581117489,0.629258492582502,-0.166941661202566
"ours:green","ENSG00000124406.12",3.20911965911445,0.0902927193932998,-0.161118641639741
"ours:green","ENSG00000175054.10",14.2457544310988,0.400822669151578,-0.165221368146038
"ours:green","ENSG00000135316.13",24.6308935646144,0.693021949094183,-0.16480570617262
"ours:green","ENSG00000126777.13",24.537786330009,0.690402256997681,-0.163195758345734
"ours:green","ENSG00000149313.6",9.07821462961159,0.255427273899117,-0.171366965142314
"ours:green","ENSG00000112739.12",14.4464347357965,0.406469068278009,-0.161771661450362
"ours:green","ENSG00000124207.12",17.9158151432918,0.504084559402769,-0.164869458116817
"ours:green","ENSG00000198677.6",28.9720448132135,0.815165836879843,-0.158990327900848
"ours:green","ENSG00000083097.10",4.32463817420042,0.121679271145777,-0.160234091940012
"ours:green","ENSG00000162613.12",14.2511535380865,0.400974579988194,-0.162914570568326
"ours:green","ENSG00000164244.16",8.09312261958953,0.227710440036322,-0.154452218840773
"ours:green","ENSG00000137770.9",17.5322840842663,0.493293418538687,-0.163179096397472
"ours:green","ENSG00000114120.7",17.1158850788165,0.481577495622585,-0.163074031659431
"ours:green","ENSG00000060339.9",6.77102695005316,0.190511573686326,-0.155203093937954
"ours:green","ENSG00000156136.5",6.30148772423794,0.177300482152151,-0.159467357811563
"ours:green","ENSG00000197056.5",15.5789399626445,0.438333563068287,-0.165283077349909
"ours:green","ENSG00000148835.9",0.820702663795164,0.0230915276458837,-0.159383412922992
"ours:green","ENSG00000047932.9",25.6632273571902,0.722067991421875,-0.161015154412503
"ours:green","ENSG00000106443.10",18.9344664797575,0.532745628185878,-0.158222911827706
"ours:green","ENSG00000144674.12",7.29287724509981,0.205194504602327,-0.147768347017228
"ours:green","ENSG00000100815.8",15.4714735177772,0.435309856076545,-0.157962344990431
"ours:green","ENSG00000064703.7",6.64159004766829,0.186869699543995,-0.159811625328358
"ours:green","ENSG00000125944.14",16.9138260371688,0.475892303954349,-0.155713323263898
"ours:green","ENSG00000092439.9",29.1614912492774,0.820496156627502,-0.15132228412324
"ours:green","ENSG00000185658.9",12.5048871995504,0.351841124947469,-0.14695328321198
"ours:green","ENSG00000205339.5",20.785309690168,0.584821488356424,-0.153777570847974
"ours:green","ENSG00000166266.9",35.5412892720184,1,-0.159365661603438
"ours:green","ENSG00000105849.5",13.7427230498172,0.386669232639143,-0.170998043442627
"ours:green","ENSG00000187735.8",11.6948445005477,0.329049529155798,-0.156694170682515
"ours:green","ENSG00000164209.12",23.2093504095427,0.653024999512761,-0.154596848810928
"ours:green","ENSG00000142875.15",26.6134035325621,0.748802423256908,-0.14816396103169
"ours:green","ENSG00000198707.10",23.7178756489778,0.667333012808032,-0.163059945838032
"ours:green","ENSG00000198087.7",16.4004270082444,0.461447160307616,-0.155408841053177
"ours:green","ENSG00000164985.10",9.28262452595357,0.26117860989533,-0.147272799858393
"ours:green","ENSG00000126261.8",22.235831543033,0.625633790964901,-0.149471496117959
"ours:green","ENSG00000149311.13",12.2862260322663,0.345688811067954,-0.140039977615463
"ours:green","ENSG00000133103.12",12.0692848693309,0.339584891728533,-0.153367752700369
"ours:green","ENSG00000164163.6",30.6935507236381,0.863602625349979,-0.159277063966988
"ours:green","ENSG00000064313.7",6.88929278155109,0.193839135345465,-0.146434744843747
"ours:green","ENSG00000164654.11",14.3115868097227,0.402674948007308,-0.157347362808194
"ours:green","ENSG00000163558.8",9.54718238088988,0.268622286260346,-0.153557461552566
"ours:green","ENSG00000083520.10",16.1987800098285,0.455773562006986,-0.14907304548959
"ours:green","ENSG00000136100.8",14.027643982636,0.394685850456188,-0.146885566854151
"ours:green","ENSG00000015479.13",26.2838735174068,0.739530671390137,-0.140594391349258
"ours:green","ENSG00000112249.9",19.7918292493422,0.556868635177067,-0.14422556932587
"ours:green","ENSG00000166479.5",26.7600931800229,0.752929725627346,-0.150123170533468
"ours:green","ENSG00000159086.10",16.4214544254748,0.462038793803787,-0.143562756155076
"ours:green","ENSG00000156017.8",18.200064550847,0.51208228299067,-0.152786051656534
"ours:green","ENSG00000071794.11",20.9659891174404,0.589905137007701,-0.152330493821225
"ours:green","ENSG00000232952.1",3.44338357432566,0.0968840367036609,-0.148482642658837
"ours:green","ENSG00000152795.13",14.0770269120167,0.39607530284782,-0.141238169879223
"ours:green","ENSG00000170242.13",24.8139925518841,0.698173675185726,-0.143613876602926
"ours:green","ENSG00000177200.11",7.81855544978335,0.219985138691603,-0.139274675693365
"ours:green","ENSG00000167635.7",19.3511841226798,0.544470516378114,-0.147008188891316
"ours:green","ENSG00000149308.12",8.02707553387889,0.225852120119868,-0.141284964605019
"ours:green","ENSG00000120008.11",1.8550210051132,0.0521934078112819,-0.139894740679526
"ours:green","ENSG00000203880.7",0.759718062747343,0.0213756472628996,-0.138328289988806
"ours:green","ENSG00000004766.11",24.4001709249717,0.686530270138004,-0.146996423712262
"ours:green","ENSG00000164902.9",8.79554438921363,0.247473982215337,-0.151978471933887
"ours:green","ENSG00000067955.9",7.51136714454197,0.211341999640279,-0.139683815774751
"ours:green","ENSG00000198887.7",21.8678498067138,0.61528015034419,-0.142197390291389
"ours:green","ENSG00000125249.6",5.45681210322644,0.153534444444664,-0.142631755338417
"ours:green","ENSG00000115232.9",3.75846275216399,0.105749195629856,-0.132525126438071
"ours:green","ENSG00000159459.7",4.98196204530038,0.140173925801354,-0.133166392146856
"ours:green","ENSG00000155545.15",20.4037722693946,0.574086441075127,-0.14247822357206
"ours:green","ENSG00000143401.10",11.9220294082424,0.335441669462133,-0.142512237470246
"ours:green","ENSG00000115816.9",19.9480698233003,0.561264665179308,-0.146724991661846
"ours:green","ENSG00000247556.2",3.95025932590774,0.111145639531365,-0.125560386936334
"ours:green","ENSG00000112972.10",4.44500854467896,0.125066046722692,-0.140380115865125
"ours:green","ENSG00000161547.10",3.86028644706585,0.108614136575654,-0.126644888193012
"ours:green","ENSG00000105866.9",7.09005711934255,0.199487898851338,-0.13024796346355
"ours:green","ENSG00000163527.5",19.1303944570823,0.538258314454102,-0.126268767392268
"ours:green","ENSG00000071073.8",10.2255565153518,0.287709217217461,-0.120453719283467
"ours:green","ENSG00000078177.9",14.8891761533489,0.418926168924073,-0.133839084667152
"ours:green","ENSG00000120694.15",6.004971387709,0.168957612700806,-0.13159176314647
"ours:green","ENSG00000029725.12",10.0595943999494,0.283039659111897,-0.124797021115914
"ours:green","ENSG00000018510.8",6.71196875940521,0.188849895343823,-0.131968648391741
"ours:green","ENSG00000114062.13",26.3212430098554,0.740582110243763,-0.127025976364303
"ours:green","ENSG00000165156.10",16.5879992864658,0.466724748207868,-0.143059133969326
"ours:green","ENSG00000081307.8",18.5548239251328,0.522063895406884,-0.138194879128058
"ours:green","ENSG00000116750.9",16.329686636697,0.459456788742703,-0.13233714466399
"ours:green","ENSG00000126773.8",0.827503759330424,0.0232828852379848,-0.121504781349286
"ours:green","ENSG00000136824.14",9.03094875926995,0.254097387693248,-0.129724050033957
"ours:green","ENSG00000152332.11",10.546570478296,0.296741358974821,-0.126614532789668
"ours:green","ENSG00000153914.11",14.4587550709376,0.406815716792833,-0.128014907228496
"ours:green","ENSG00000204116.7",16.905416213474,0.475655682721212,-0.127270144151762
"ours:green","ENSG00000168944.11",9.04857225617916,0.254593247502225,-0.1211322758049
"ours:green","ENSG00000163807.4",7.69283299130605,0.216447775217952,-0.129171503044981
"ours:green","ENSG00000109971.9",8.07017075831358,0.227064659825585,-0.111190442136999
"ours:green","ENSG00000138698.10",6.28203656364969,0.176753198669006,-0.122559002144212
"ours:green","ENSG00000107643.11",1.34842651710957,0.0379397186970138,-0.121056200020086
"ours:green","ENSG00000111605.12",16.927347220064,0.476272739869086,-0.124812814595138
"ours:green","ENSG00000107669.13",1.39079466676273,0.0391318012162745,-0.119009435660982
"ours:green","ENSG00000152683.10",8.71638572309453,0.245246751078243,-0.125839015427746
"ours:green","ENSG00000129003.11",7.070792554767,0.198945865487604,-0.118072345510644
"ours:green","ENSG00000104714.9",0.619285936892906,0.0174244083311988,0.118812737470353
"ours:green","ENSG00000136631.8",4.78815332889841,0.134720867671734,-0.119170828544363
"ours:green","ENSG00000259623.1",11.1041571143594,0.312429777923157,-0.13110320176394
"ours:green","ENSG00000172667.6",3.41333517113806,0.0960385861360795,-0.114073264782618
"ours:green","ENSG00000171566.7",14.8606345106517,0.418123113005679,-0.122985632191439
"ours:green","ENSG00000188419.9",13.854309938121,0.3898088736198,-0.116266978054018
"ours:green","ENSG00000126821.7",1.65616835372658,0.0465984320673048,-0.114380120177238
"ours:green","ENSG00000168283.9",18.7393889576692,0.527256870572297,-0.134743328308884
"ours:green","ENSG00000127995.12",20.8969944938321,0.587963884311993,-0.124472410696587
"ours:green","ENSG00000198836.4",6.31813704257048,0.177768932190784,-0.116949626513236
"ours:green","ENSG00000144381.12",4.49540005140412,0.126483876738353,-0.118137327005674
"ours:green","ENSG00000153214.5",1.6930684612188,0.0476366641699672,-0.113257280215781
"ours:green","ENSG00000080345.13",17.3175439528374,0.487251428058674,-0.108985789978701
"ours:green","ENSG00000172175.8",23.4131812969727,0.658760044346669,-0.111373085152923
"ours:green","ENSG00000115419.8",25.2891153642748,0.711541868127584,-0.108562879753736
"ours:green","ENSG00000185246.13",23.1943283386997,0.652602334180391,-0.11447839124285
"ours:green","ENSG00000156531.12",22.3066156734982,0.627625393743389,-0.113366198401215
"ours:green","ENSG00000164187.6",12.2506039635399,0.34468653823385,-0.112574570047961
"ours:green","ENSG00000074695.5",8.61845304317175,0.24249128885589,-0.106540916053144
"ours:green","ENSG00000120137.6",16.0516373520207,0.451633513606331,-0.105472426248652
"ours:green","ENSG00000068796.12",7.7860137426688,0.219069535803213,-0.103061074599463
"ours:green","ENSG00000088035.11",2.11594033992453,0.0595347097211356,-0.112048316699044
"ours:green","ENSG00000048405.5",13.2632654769374,0.373179075621759,-0.108439708683349
"ours:green","ENSG00000112200.12",10.5601087574462,0.297122275914739,-0.0996201785523332
"ours:green","ENSG00000135945.5",1.20448160255198,0.0338896429258199,-0.100753894697712
"ours:green","ENSG00000134001.8",16.4269006409447,0.462192030098287,-0.106762124904567
"ours:green","ENSG00000177311.6",0.805413656867645,0.0226613517225934,-0.0982855286141822
"ours:green","ENSG00000108848.11",15.4385480432601,0.434383455397461,-0.0977939335627185
"ours:green","ENSG00000173145.7",18.2791679353824,0.514307958709128,-0.112345516548289
"ours:green","ENSG00000163728.6",13.8432157272836,0.389496723693205,-0.0978965620518164
"ours:green","ENSG00000077232.12",17.0383121235319,0.479394880504409,-0.097950131072148
"ours:green","ENSG00000198252.7",16.4965767134271,0.464152456236719,-0.105072249392923
"ours:green","ENSG00000204977.5",12.0337006482159,0.338583683785777,-0.108296183282253
"ours:green","ENSG00000196323.7",2.33182352949724,0.0656088616158639,-0.0940437946919581
"ours:green","ENSG00000116062.10",2.68852710990311,0.0756451767780913,-0.0987789122460144
"ours:green","ENSG00000172469.10",5.99079274139647,0.168558678205099,-0.111794156531566
"ours:green","ENSG00000226723.2",2.18533166620872,0.061487124158133,-0.097343637453085
"ours:green","ENSG00000146802.8",8.81885698308292,0.24812991210271,-0.0981262800825223
"ours:green","ENSG00000162441.7",0.696439120991749,0.0195952126458185,-0.0869689961360545
"ours:green","ENSG00000121644.14",4.19976153965885,0.118165706019149,-0.0872948106295044
"ours:green","ENSG00000172292.10",0.818724261016932,0.0230358627327994,-0.085933788234436
"ours:green","ENSG00000139746.11",9.60518126001422,0.270254159507274,-0.0836170401218428
"ours:green","ENSG00000122591.7",5.9461811104638,0.167303472447332,-0.0887970505147988
"ours:green","ENSG00000070444.10",7.08074195302721,0.199225804636239,0.0888077808079732
"ours:green","ENSG00000116001.11",15.6722662974928,0.440959419832628,-0.0783365435360634
"ours:green","ENSG00000117569.14",3.50788712990005,0.0986989274095298,-0.0807857409267886
"ours:green","ENSG00000162688.11",7.8578346227355,0.221090308868507,-0.0760976137329729
"ours:green","ENSG00000154001.9",2.6342160660587,0.0741170655317958,-0.0720203204874546
"ours:green","ENSG00000115825.5",2.49501895997945,0.0702005754738833,-0.0739235739915572
"ours:green","ENSG00000078140.9",3.18842544239283,0.0897104609230671,-0.0700208428449662
"ours:green","ENSG00000017260.15",3.43837065976021,0.0967429918887956,-0.0714959293464994
"ours:green","ENSG00000158987.15",3.28136666485731,0.0923254820539312,-0.0719060889526818
"ours:green","ENSG00000172869.10",3.71336932892743,0.104480434024406,-0.0709103240623304
"ours:green","ENSG00000131725.9",0.552663665384699,0.0155499048206957,-0.0582702069705036
"ours:green","ENSG00000082898.12",7.30308308045717,0.205481658939336,-0.0569724213009841
"ours:green","ENSG00000101974.10",8.88634077168093,0.25002865550736,-0.0660257625451437
"ours:green","ENSG00000122257.14",0.266691279680297,0.00750370302098924,-0.0573843379264897
"ours:green","ENSG00000166471.6",2.02783549046597,0.0570557661807299,-0.0664975205908713
"ours:green","ENSG00000204217.8",0.869769217815631,0.0244720784088268,-0.0523542372636778
"ours:green","ENSG00000225674.1",0.484461772634537,0.0136309566298135,-0.0608750339899424
"ours:green","ENSG00000145715.10",1.6353357317726,0.0460122793874025,-0.0564409424844044
"ours:green","ENSG00000128791.7",0.501507444041887,0.014110558573257,-0.0502046734964714
"ours:green","ENSG00000112893.5",3.80910420616063,0.107174058234278,-0.0530686528208639
"ours:green","ENSG00000244462.3",3.92011229966983,0.110297414077101,-0.0525938800711433
"ours:green","ENSG00000116906.7",0.632850741389307,0.0178060715959325,0.0552636137275922
"ours:green","ENSG00000166225.4",0.805427851932417,0.0226617511190436,-0.0380080001626777
"ours:green","ENSG00000136152.10",1.71623397705014,0.0482884558271026,-0.03418816714029
"ours:green","ENSG00000081014.6",0.74648344130765,0.0210032741241988,-0.0364183574270376
"ours:green","ENSG00000165392.5",2.8968065741045,0.0815053880553836,-0.0329489129554573
"ours:green","ENSG00000165434.6",1.19028751109104,0.0334902738609473,-0.02432264960803
"ours:green","ENSG00000108443.9",4.5268698197647,0.12736931924776,-0.0294902812603499
"ours:green","ENSG00000168256.13",1.03807116070758,0.0292074705777444,0.0377004808087534
"ours:green","ENSG00000020922.8",1.31947932285957,0.0371252520627717,-0.0265517003917733
"ours:green","ENSG00000225224.1",0.615615312553904,0.0173211305825807,-0.0220559753640104
"ours:green","ENSG00000122482.16",29.9334081657548,0.842215034369091,-0.173804216894383
"ours:green","ENSG00000173276.9",3.0583729923699,0.0860512675542626,-0.158934263865938
"ours:green","ENSG00000111860.9",7.04631293445399,0.198257099806493,-0.142795042632336
"ours:green","ENSG00000128513.10",18.728006260701,0.526936603716443,-0.156231557733141
"ours:green","ENSG00000143033.13",11.8853583148346,0.33440988096602,-0.138047677110063
"ours:green","ENSG00000177888.7",23.3322428330576,0.656482736303744,-0.14607373799296
"ours:green","ENSG00000174013.7",5.01298931766691,0.141046918115422,-0.136850292350091
"ours:green","ENSG00000137710.10",3.04587740318401,0.0856996880409181,-0.129557760731447
"ours:green","ENSG00000118412.8",21.5243379659957,0.60561500178728,-0.125310420095244
"ours:green","ENSG00000164347.13",4.30679106879578,0.121177119823464,-0.120360178065378
"ours:green","ENSG00000132485.8",14.5124317955723,0.408325980650282,-0.0916623050957241
"ours:green","ENSG00000066427.17",1.01504592240192,0.0285596258096652,-0.0796090147800059
"ours:green","ENSG00000166822.8",2.51927761760064,0.0708831240847547,-0.0606440493993907
"ours:green","ENSG00000117155.12",2.37891993272135,0.0669339796458726,-0.0602483887819892
"ours:green","ENSG00000088179.4",12.5242758598546,0.352386649904536,-0.184073065685199
"ours:green","ENSG00000162852.9",1.08115815752798,0.0304197787889246,-0.0897424811901567
"ours:green","ENSG00000080824.14",2.76900089553952,0.0779094104984974,-0.0803206871838135
"ours:green","ENSG00000069275.12",13.0426851525267,0.366972763781958,-0.183660441017512
"ours:green","ENSG00000132424.10",3.62787489975188,0.102074938024494,-0.0456628636880978
"ours:green","ENSG00000170088.9",1.00925644997081,0.0283967315379693,-0.214178897896932
"ours:green","ENSG00000107937.14",6.49835553085085,0.182839611729195,-0.211577957532483
"ours:green","ENSG00000136518.12",4.57650016345291,0.128765732959946,-0.209087398058343
"ours:green","ENSG00000172530.15",11.11838571876,0.312830118054086,0.209827767101499
"ours:green","ENSG00000150768.11",3.37671832141,0.0950083238558395,-0.191622949856775
"ours:green","ENSG00000135272.5",10.5325717302991,0.296347486150182,-0.190041975292741
"ours:green","ENSG00000253200.1",4.31117010927175,0.121300329773516,0.186009257894815
"ours:green","ENSG00000140153.13",1.49624067443766,0.042098660602491,0.188856577384255
"ours:green","ENSG00000253797.2",4.36142693697666,0.122714370421289,-0.19454457412741
"ours:green","ENSG00000104660.13",1.06162144419906,0.0298700881691106,-0.172786046991038
"ours:green","ENSG00000256043.2",1.83385681037984,0.0515979259037076,-0.174242819776326
"ours:green","ENSG00000196290.10",4.20703918368875,0.1183704719176,-0.170603575031327
"ours:green","ENSG00000001561.6",8.72858363279632,0.24558995499548,-0.188159503656283
"ours:green","ENSG00000162813.13",2.26010982121169,0.0635911039668185,-0.164670184914905
"ours:green","ENSG00000136045.7",4.4608506618788,0.125511785116665,-0.159871975795951
"ours:green","ENSG00000089195.10",1.9303679754301,0.0543133919722455,-0.153845033311302
"ours:green","ENSG00000180917.12",19.6213555867947,0.552072138875462,-0.161333426302724
"ours:green","ENSG00000104442.5",14.718589857943,0.41412650355177,-0.157961527407747
"ours:green","ENSG00000107625.8",13.5028696893531,0.379920649079658,-0.157887612740967
"ours:green","ENSG00000163577.3",4.39832751268628,0.123752615697852,-0.163660334209547
"ours:green","ENSG00000174780.11",9.32336151961529,0.262324797737587,-0.149506182591045
"ours:green","ENSG00000074696.8",9.48664930457721,0.266919110107973,-0.147603210999182
"ours:green","ENSG00000139324.7",17.3741728652028,0.488844755524427,-0.157949043613198
"ours:green","ENSG00000066557.5",16.7227736196006,0.47051679784634,-0.15950674921986
"ours:green","ENSG00000254017.1",1.08177400434744,0.0304371064332526,0.14910089437588
"ours:green","ENSG00000157538.9",0.532635219675444,0.0149863786763297,0.135895654239847
"ours:green","ENSG00000174946.5",4.24343693146773,0.119394569481996,-0.138831481568825
"ours:green","ENSG00000198742.5",2.49637388675314,0.0702386980856805,0.130600643110211
"ours:green","ENSG00000101911.8",1.43601097063952,0.0404040202269784,-0.12360013801258
"ours:green","ENSG00000131375.5",4.58222864452603,0.128926911161144,-0.118138752214299
"ours:green","ENSG00000181827.10",7.99857577182205,0.225050242567292,-0.122825364568177
"ours:green","ENSG00000255529.3",9.54745691403133,0.268630010604259,-0.130247780221722
"ours:green","ENSG00000069956.7",9.43179119536992,0.265375606472317,-0.123502300296563
"ours:green","ENSG00000124193.10",11.2764694993674,0.317278009052006,-0.110765670773774
"ours:green","ENSG00000082269.12",5.29973547501388,0.14911489097798,-0.12682934590539
"ours:green","ENSG00000197894.6",11.3106683756582,0.318240238531895,-0.120435482352775
"ours:green","ENSG00000050405.9",2.43079543701345,0.0683935638465207,-0.11357640236719
"ours:green","ENSG00000184517.7",2.09644697835987,0.0589862388591064,-0.128960940845674
"ours:green","ENSG00000124784.4",2.69133661010007,0.0757242256886543,-0.114956870350561
"ours:green","ENSG00000136143.9",4.12007075364488,0.115923503002706,-0.115384384952275
"ours:green","ENSG00000198924.3",6.68727090960709,0.188154989494767,-0.126621118314041
"ours:green","ENSG00000188725.3",9.19341805140564,0.258668670712618,-0.12185629650429
"ours:green","ENSG00000113621.10",1.56124122665553,0.0439275349497435,-0.10930758363396
"ours:green","ENSG00000163507.9",0.534041228457758,0.0150259385463039,-0.117777771001024
"ours:green","ENSG00000052802.8",4.55355952696963,0.128120268573224,-0.117363592767708
"ours:green","ENSG00000178425.9",0.908219519408462,0.0255539272213038,-0.100690709165642
"ours:green","ENSG00000160446.14",1.17299597457172,0.033003754185564,0.111484384669454
"ours:green","ENSG00000078596.6",3.26938384429162,0.0919883299468712,-0.102146514055824
"ours:green","ENSG00000161057.6",5.08863349104382,0.143175264467687,-0.101021340452369
"ours:green","ENSG00000133808.4",1.33495821364187,0.0375607706131495,0.105161077136173
"ours:green","ENSG00000100522.4",5.11843294523595,0.144013710534291,-0.107812154540601
"ours:green","ENSG00000139291.9",4.25470306796542,0.119711556758723,-0.0948212909615352
"ours:green","ENSG00000102805.9",2.94179329205961,0.0827711473701568,-0.10766864988966
"ours:green","ENSG00000230539.1",1.79806656785619,0.0505909212829768,0.0841294850886698
"ours:green","ENSG00000109667.7",0.629862490975871,0.0177219933175514,0.107040793968883
"ours:green","ENSG00000109814.7",0.980141769813219,0.0275775524717637,-0.0904922889145253
"ours:green","ENSG00000106460.14",11.7823488897463,0.331511577972566,-0.0774761705784052
"ours:green","ENSG00000154511.7",3.16732390134506,0.0891167418577211,-0.0873836502028385
"ours:green","ENSG00000125449.2",2.1523700321341,0.0605597060832754,0.0761600154556988
"ours:green","ENSG00000175893.7",9.73882123742163,0.274014292584737,-0.0727401380432785
"ours:green","ENSG00000105963.9",1.00668966642107,0.0283245117732302,0.0845582543217706
"ours:green","ENSG00000156876.8",1.3955634631753,0.0392659774521467,-0.0727206369784481
"ours:green","ENSG00000156504.12",3.6758602297768,0.10342506715621,-0.0594439164074798
"ours:green","ENSG00000163029.11",8.86186101333873,0.24933988594262,-0.063554211559405
"ours:green","ENSG00000055070.12",1.06890146691858,0.0300749209950615,0.06380154549494
"ours:green","ENSG00000095209.7",1.94573382282896,0.0547457299012737,-0.0542449612360671
"ours:green","ENSG00000129911.4",2.24650713180377,0.063208374761251,0.0640632428876606
"ours:green","ENSG00000112977.11",1.70965864867651,0.0481034504851943,-0.043965853280761
"ours:green","ENSG00000105321.8",0.531280835876751,0.0149482713418342,0.0578305839489269
"ours:green","ENSG00000227032.1",2.09795240025641,0.0590285958452306,0.0496165128704868
"ours:green","ENSG00000169508.6",5.49704460280895,0.154666437695516,-0.0431452443652264
"ours:green","ENSG00000125703.10",4.81000969259895,0.135335824645671,-0.0498263081730491
"ours:green","ENSG00000068001.9",0.300395577334717,0.00845201689324248,-0.0314984908156992
"ours:green","ENSG00000100319.11",0.977683038991293,0.0275083729098432,0.0525460098866913
"ours:green","ENSG00000228340.1",1.41883989140447,0.0399208897726037,-0.0304127769511992
"ours:green","ENSG00000104756.11",1.06941312427588,0.0300893171345313,-0.0316729460036911
"ours:green","ENSG00000178295.10",0.636343770762405,0.0179043524811971,-0.0330017279846342
"ours:green","ENSG00000169519.15",2.17002643704949,0.0610564918014369,-0.00447697750340562
"ours:pink","ENSG00000113407.9",1.73727776005246,0.0624760976984841,-0.164912064046191
"ours:pink","ENSG00000119203.9",1.52454455813276,0.0548257722223522,-0.127475141463415
"ours:pink","ENSG00000260336.1",0.578823057308067,0.0208156730662471,0.102462464637789
"ours:pink","ENSG00000156261.8",1.8165314680566,0.0653262247870181,-0.100834319611015
"ours:pink","ENSG00000116199.7",1.04523043741565,0.0375886461146188,-0.175458847728442
"ours:pink","ENSG00000106263.13",6.93297031024486,0.2493239367955,-0.143009180041431
"ours:pink","ENSG00000167986.9",8.35516346229411,0.300468940983466,-0.11228967981283
"ours:pink","ENSG00000131828.9",2.1082550389726,0.0758172071368689,-0.193841136513109
"ours:pink","ENSG00000085662.9",4.50150061516036,0.161883262820363,-0.184221609918736
"ours:pink","ENSG00000163161.8",1.27029475041856,0.0456824238230189,-0.173389801908632
"ours:pink","ENSG00000261490.1",1.6739598073607,0.0601990532963737,0.177187557977328
"ours:pink","ENSG00000129347.15",2.01768713159576,0.0725601980622513,-0.165722580641271
"ours:pink","ENSG00000145191.7",5.94331464969648,0.213733874481911,-0.168053576790528
"ours:pink","ENSG00000166326.5",1.5821276740481,0.0568965800450466,-0.166899175881477
"ours:pink","ENSG00000261468.1",1.9265514039968,0.0692827689992536,0.148446105620201
"ours:pink","ENSG00000248863.2",0.469084159251114,0.0168692355569548,0.137839253150187
"ours:pink","ENSG00000134014.12",0.814023377698201,0.0292739625426316,-0.137707601399768
"ours:pink","ENSG00000100714.11",0.980337645713094,0.0352549672478531,-0.117738184519338
"ours:pink","ENSG00000117593.8",0.898295801327838,0.0323045730143931,-0.107653051743464
"ours:pink","ENSG00000106617.9",0.784397009204681,0.0282085371195856,0.109830030632261
"ours:pink","ENSG00000155957.12",1.32096511893295,0.0475046349665193,0.101480396662611
"ours:pink","ENSG00000138614.10",4.1881291485345,0.150613777413353,-0.0962055808923861
"ours:pink","ENSG00000185278.10",2.45197126956513,0.0881779529524405,0.0636166015192234
"ours:pink","ENSG00000143390.13",2.47943700107862,0.089165677405521,-0.0349187308905231
"ours:pink","ENSG00000225137.1",1.72615761394942,0.0620761942689171,-0.147096636540735
"ours:pink","ENSG00000260841.1",2.18451438844078,0.078559650905707,0.131668401699423
"ours:pink","ENSG00000138231.8",1.6860580011153,0.0606341293402669,-0.128848732747455
"ours:pink","ENSG00000143319.12",1.13658086460141,0.0408737962183553,0.110402923489312
"ours:pink","ENSG00000134308.9",2.6859272388392,0.0965914929916965,-0.0970813163966843
"ours:pink","ENSG00000178307.5",0.802990273283806,0.0288771893120283,0.0609835896765972
"ours:pink","ENSG00000135457.5",1.63787332120133,0.0589013086946008,-0.114970798837317
"ours:pink","ENSG00000064961.14",0.411122387058487,0.0147848104721748,0.0084604378385723
"ours:pink","ENSG00000231991.3",7.75455709718794,0.278869895161587,-0.104363767398914
"ours:pink","ENSG00000177410.8",2.80205829497195,0.100767805712443,0.148882194555672
"ours:pink","ENSG00000219626.4",0.360679307855353,0.012970773121917,0.122457865827872
"ours:pink","ENSG00000167642.8",0.592916622620454,0.0213225067940616,-0.0679235101006336
"ours:pink","ENSG00000160908.14",0.89994928402669,0.0323640356685591,0.0537734644670224
"ours:pink","ENSG00000272906.1",0.312273984780375,0.011230017692303,0.0272586347224131
"ours:pink","ENSG00000157191.15",0.575656697923831,0.0207018042406701,0.0289213899067411
"ours:pink","ENSG00000140830.4",0.41792130223863,0.0150293135095161,0.0100801453539102
"ours:pink","ENSG00000065183.11",10.9393005436459,0.393399849599906,-0.231549271399971
"ours:pink","ENSG00000143420.13",0.844481972002763,0.0303693165253321,0.23420434120427
"ours:pink","ENSG00000094880.6",10.3607293699258,0.372593234787909,-0.218371101138493
"ours:pink","ENSG00000086827.4",4.1009186672671,0.14747750831852,-0.213403242204945
"ours:pink","ENSG00000110002.11",0.958281455030071,0.034461781059867,-0.203908730067644
"ours:pink","ENSG00000102241.7",10.6187706985451,0.381872934112776,-0.219969718679064
"ours:pink","ENSG00000102054.13",16.6752970414923,0.599678134994404,-0.214951231784033
"ours:pink","ENSG00000171115.3",3.77434133003031,0.135733112519255,-0.215919506363913
"ours:pink","ENSG00000165733.7",16.2068997104438,0.582833599198694,-0.20577521484731
"ours:pink","ENSG00000113013.8",27.8070786116755,1,-0.20993682232509
"ours:pink","ENSG00000088205.8",9.75194949264364,0.350700252580616,-0.208397026509884
"ours:pink","ENSG00000069248.9",9.20465722295313,0.331018491783899,-0.208885085048748
"ours:pink","ENSG00000125630.11",6.25661557481473,0.225000823070559,-0.204472293665942
"ours:pink","ENSG00000175792.7",5.65222173631026,0.203265571879854,-0.194915112845131
"ours:pink","ENSG00000133561.11",4.96022438202422,0.178379917261123,-0.207723229932036
"ours:pink","ENSG00000004487.11",13.3407321210457,0.479760290800355,-0.200140752825925
"ours:pink","ENSG00000035928.10",10.8813085331261,0.391314337082405,-0.203447097836211
"ours:pink","ENSG00000148672.7",9.41567712898782,0.338607203600109,-0.205513418592357
"ours:pink","ENSG00000155380.7",4.33152460893286,0.155770574443378,-0.186894582645183
"ours:pink","ENSG00000160695.10",11.5315907180403,0.414699828021432,-0.191243769253033
"ours:pink","ENSG00000167447.8",1.36417658714555,0.0490586086440872,-0.202903898766093
"ours:pink","ENSG00000167721.6",7.10051659569692,0.255349247393273,-0.192033524833074
"ours:pink","ENSG00000172053.10",5.06738237530449,0.182233540102153,-0.193316634913388
"ours:pink","ENSG00000168872.11",4.75765182343837,0.171094989512518,-0.181361600177718
"ours:pink","ENSG00000156709.9",14.4777729567213,0.5206506285289,-0.181519790511428
"ours:pink","ENSG00000166197.12",15.7242622737952,0.565476959783651,-0.183671225268216
"ours:pink","ENSG00000159921.10",3.80381211797505,0.136792942944317,-0.178211866769902
"ours:pink","ENSG00000130826.11",11.1492559247268,0.400950278899328,-0.184497840029922
"ours:pink","ENSG00000055130.11",6.3639811297886,0.228861910258942,-0.186738359046388
"ours:pink","ENSG00000167699.9",7.96243755183893,0.286345705819514,-0.184044912201609
"ours:pink","ENSG00000183199.6",4.71564719499145,0.169584416286416,-0.170105226321568
"ours:pink","ENSG00000124228.10",11.3328738489425,0.407553558833186,-0.181895034412168
"ours:pink","ENSG00000115053.11",12.1028576544634,0.435243767368708,-0.180599709360283
"ours:pink","ENSG00000067704.8",18.7138289190975,0.672987953191173,-0.180278591660928
"ours:pink","ENSG00000096384.15",10.6245809113296,0.382081881369179,-0.182977238770547
"ours:pink","ENSG00000159131.12",8.46530932874814,0.304430013917168,-0.176416028211902
"ours:pink","ENSG00000171824.9",14.2153785869463,0.511214384850111,-0.176585800867987
"ours:pink","ENSG00000001497.12",7.21869813208067,0.259599299620412,-0.172962954676642
"ours:pink","ENSG00000165732.8",20.9926263996874,0.754938218891976,-0.181959153772958
"ours:pink","ENSG00000135387.15",9.63863590543968,0.346625261863815,-0.180635661841878
"ours:pink","ENSG00000082516.8",12.7574183167617,0.458783121194371,-0.170554796304165
"ours:pink","ENSG00000108592.12",14.7438202894888,0.530218240304403,-0.168514803320453
"ours:pink","ENSG00000113552.11",1.83884803607051,0.0661287746817972,-0.170386619816783
"ours:pink","ENSG00000132718.7",1.58423965432085,0.0569725312192869,-0.172005036058482
"ours:pink","ENSG00000129675.11",3.47719559493783,0.125047137942705,-0.181277721978871
"ours:pink","ENSG00000085721.8",8.02474258978101,0.28858632371441,-0.17851740728591
"ours:pink","ENSG00000249565.2",7.28730343441519,0.262066488040043,-0.169190710129323
"ours:pink","ENSG00000132305.16",13.5530138429591,0.48739438012264,-0.171465961496669
"ours:pink","ENSG00000091483.6",4.26884515117346,0.153516491638251,-0.172048416051279
"ours:pink","ENSG00000125166.8",9.84991140293568,0.354223165277059,-0.164684748477877
"ours:pink","ENSG00000072042.8",3.21664526435091,0.11567720972315,-0.177171779263437
"ours:pink","ENSG00000101266.12",2.47241842648739,0.0889132749619116,-0.173525213720311
"ours:pink","ENSG00000059573.4",8.50650420957554,0.305911466945826,-0.164680932985536
"ours:pink","ENSG00000163214.16",2.04562978072039,0.0735650734580039,-0.165371681733273
"ours:pink","ENSG00000092201.5",14.6418419061279,0.52655088693784,-0.169802868963407
"ours:pink","ENSG00000198689.5",5.50944852746155,0.198131152301209,-0.169655837324505
"ours:pink","ENSG00000182890.3",9.13500347686875,0.328513599160798,-0.159657339860272
"ours:pink","ENSG00000116005.7",3.71563941929195,0.133622070523146,-0.164251805720633
"ours:pink","ENSG00000136628.13",18.3713075853751,0.660670178335869,-0.169446314527833
"ours:pink","ENSG00000198668.6",3.77623029247453,0.135801043511597,-0.16101132079129
"ours:pink","ENSG00000010165.15",2.72082099117191,0.0978463444207154,-0.153372108976989
"ours:pink","ENSG00000149136.3",18.3356878010056,0.659389217294726,-0.156684650973864
"ours:pink","ENSG00000273247.1",7.37793759882412,0.265325879854431,0.162427717802829
"ours:pink","ENSG00000171867.12",4.02372572301902,0.144701490552466,-0.166885806377861
"ours:pink","ENSG00000134684.6",5.45842893411661,0.196296382311257,-0.152856633143938
"ours:pink","ENSG00000112992.12",5.03257855812058,0.180981922926903,-0.16078147409051
"ours:pink","ENSG00000143374.10",3.99566474134992,0.143692359673923,-0.144410828309352
"ours:pink","ENSG00000090861.11",15.3870512597627,0.553350154996221,-0.154383554402456
"ours:pink","ENSG00000137124.6",1.33892955546185,0.0481506732210147,-0.163775793242577
"ours:pink","ENSG00000152234.11",8.08429250919657,0.29072786185465,-0.159528388265424
"ours:pink","ENSG00000135624.11",16.0211372666426,0.576153197909676,-0.158198220054086
"ours:pink","ENSG00000168827.10",6.27403497971123,0.225627260861446,-0.157712596744039
"ours:pink","ENSG00000006744.14",9.78998429299447,0.35206806258619,-0.150978286400814
"ours:pink","ENSG00000142230.7",7.29000749413535,0.262163731614528,-0.151789571210768
"ours:pink","ENSG00000147649.5",8.71293326273257,0.313335082207242,-0.161518815743145
"ours:pink","ENSG00000213740.2",1.16469258278055,0.0418847516866271,-0.149351247236346
"ours:pink","ENSG00000170606.9",10.2967149040204,0.370291142331544,-0.15750245275513
"ours:pink","ENSG00000150093.14",5.99769594547805,0.215689538237209,-0.157259792429996
"ours:pink","ENSG00000146731.6",11.3162812374814,0.4069568542425,-0.158323557803228
"ours:pink","ENSG00000075856.7",15.2131399555555,0.547095945173038,-0.152025094016778
"ours:pink","ENSG00000156853.7",1.18037932397554,0.0424488793108937,-0.146457334810264
"ours:pink","ENSG00000122692.7",5.15592420099381,0.185417687093134,-0.156320666205053
"ours:pink","ENSG00000111667.9",23.2018275626076,0.834385657214124,-0.14506008990392
"ours:pink","ENSG00000116977.14",0.38080475298054,0.013694525710466,-0.155904575969631
"ours:pink","ENSG00000134440.7",8.97699698767593,0.322831359346995,-0.159758161104486
"ours:pink","ENSG00000003056.3",8.83597123195581,0.317759781793324,-0.154711879200729
"ours:pink","ENSG00000163961.4",0.492576810273473,0.0177140798266616,-0.152774917534713
"ours:pink","ENSG00000269378.1",5.42520327865039,0.195101519092066,-0.156884563619822
"ours:pink","ENSG00000101365.16",14.4402055860827,0.519299628261548,-0.148710511705565
"ours:pink","ENSG00000166477.8",5.32132253020295,0.191365752746449,-0.148268471834503
"ours:pink","ENSG00000214413.3",7.19758086327989,0.258839879003249,0.147724397498159
"ours:pink","ENSG00000104635.9",0.763913267195647,0.0274718994348043,-0.140845018194754
"ours:pink","ENSG00000076003.4",4.02523542770921,0.144755782652376,-0.148183650867808
"ours:pink","ENSG00000065427.10",7.42331216294201,0.266957642929997,-0.151810244910295
"ours:pink","ENSG00000100220.7",6.72914491544791,0.241993954468217,-0.152698372692582
"ours:pink","ENSG00000084090.9",9.32757167242419,0.335438749344485,-0.150760733816593
"ours:pink","ENSG00000166508.13",1.80836808728808,0.0650326527479515,-0.145959648628274
"ours:pink","ENSG00000012963.9",4.00292975837751,0.143953624696727,-0.147636557409683
"ours:pink","ENSG00000163374.15",0.800506279029296,0.0287878597463735,0.150869892678491
"ours:pink","ENSG00000070010.14",2.15460025286149,0.0774838767836918,0.154630967936508
"ours:pink","ENSG00000089737.11",14.110287279047,0.507435084285426,-0.147493981426949
"ours:pink","ENSG00000197471.7",6.30988477022709,0.226916493398833,-0.145023229367407
"ours:pink","ENSG00000148843.9",12.1527845393012,0.437039241303061,-0.14183469051254
"ours:pink","ENSG00000167881.10",2.62825179302018,0.0945173647948995,-0.136414527849167
"ours:pink","ENSG00000110108.5",5.59856019400117,0.201335791946533,-0.135677488441865
"ours:pink","ENSG00000113812.9",1.13151111168164,0.0406914774285764,-0.144446653536254
"ours:pink","ENSG00000147140.11",4.22893723454331,0.152081320501165,-0.141680248000364
"ours:pink","ENSG00000109445.6",1.98486471485914,0.0713798361409225,-0.150558309290832
"ours:pink","ENSG00000133706.13",11.558127993602,0.415654163280176,-0.14755236650969
"ours:pink","ENSG00000124299.9",8.35561220599934,0.30048507873427,-0.128979363038319
"ours:pink","ENSG00000162909.13",7.71002359861019,0.277268378540598,-0.145364367555797
"ours:pink","ENSG00000168003.12",8.76397466449765,0.315170636473042,-0.140911893043043
"ours:pink","ENSG00000101361.10",5.23587223938737,0.188292783737051,-0.142180991516647
"ours:pink","ENSG00000143799.8",23.0439216709977,0.82870703509725,-0.142995532364949
"ours:pink","ENSG00000141720.7",10.8885804708802,0.391575850988833,-0.139157578267879
"ours:pink","ENSG00000175216.10",8.75850460159169,0.314973921709065,-0.141657251614026
"ours:pink","ENSG00000196419.8",24.1374384953038,0.86803215945055,-0.14265130970095
"ours:pink","ENSG00000167325.10",6.20668921521995,0.22320536802503,-0.140657129102061
"ours:pink","ENSG00000124198.8",10.1550065293457,0.365195016389888,-0.139735419573978
"ours:pink","ENSG00000087269.11",6.64093130315647,0.238821610709157,-0.128663212635212
"ours:pink","ENSG00000132383.7",5.11250937648663,0.183856400303052,-0.138514820645419
"ours:pink","ENSG00000110031.8",3.79375904505833,0.136431413671245,-0.141072019736777
"ours:pink","ENSG00000087191.8",3.09104188286075,0.111160252611467,-0.130624501069897
"ours:pink","ENSG00000112118.13",23.6875662016312,0.851853822274069,-0.13489540012998
"ours:pink","ENSG00000101161.6",13.8401866299085,0.497721706878526,-0.138273826125384
"ours:pink","ENSG00000187091.9",0.298876996184442,0.0107482343024323,-0.125886795338347
"ours:pink","ENSG00000228002.2",2.04064886274124,0.0733859493562342,-0.12675449166536
"ours:pink","ENSG00000256238.1",1.87884476851668,0.0675671398191324,-0.134777218071857
"ours:pink","ENSG00000136811.12",4.23205615090842,0.152193483177751,-0.123025168912236
"ours:pink","ENSG00000181191.11",8.16996488450871,0.2938088174814,-0.133408923030203
"ours:pink","ENSG00000260290.2",0.628557312465249,0.0226042196392876,-0.119455066412539
"ours:pink","ENSG00000250896.1",0.326401973114679,0.0117380893431082,-0.127072088751075
"ours:pink","ENSG00000170445.8",3.63637009492041,0.130771381837774,-0.129184957744338
"ours:pink","ENSG00000031698.8",14.8981827427693,0.535769433057736,-0.131537202097541
"ours:pink","ENSG00000070061.10",10.3333955004524,0.371610252366233,-0.134990544349259
"ours:pink","ENSG00000128829.7",2.11041074956521,0.0758947309437641,-0.126292671738925
"ours:pink","ENSG00000110107.4",9.21635875745255,0.331439303141425,-0.123804231781193
"ours:pink","ENSG00000105618.9",8.96852580492264,0.322526718112596,-0.132297018700436
"ours:pink","ENSG00000234825.2",12.8952875940305,0.463741185261227,-0.124851121504719
"ours:pink","ENSG00000189241.6",7.9955098077528,0.287535052473858,-0.132478593005038
"ours:pink","ENSG00000089220.4",8.51837348174646,0.306338310496588,-0.131102849716044
"ours:pink","ENSG00000107581.8",17.9437661583564,0.645294905262803,-0.133192094114082
"ours:pink","ENSG00000110063.4",1.38049382525235,0.0496454102399925,-0.127830520159306
"ours:pink","ENSG00000127022.10",11.4881277071598,0.413136808349807,-0.132941190696845
"ours:pink","ENSG00000180867.9",5.10277762616257,0.183506426454307,-0.129436554275702
"ours:pink","ENSG00000104823.4",5.19944567113944,0.186982809080718,-0.125318329218828
"ours:pink","ENSG00000198492.10",14.1823362684176,0.510026114805992,-0.131466869564758
"ours:pink","ENSG00000179295.11",6.3212206676959,0.227324155693284,-0.135877321782108
"ours:pink","ENSG00000177733.4",6.87100035587814,0.247095369198302,-0.128408962373507
"ours:pink","ENSG00000130517.9",0.818728371432154,0.0294431638384477,-0.122056491923651
"ours:pink","ENSG00000127884.4",4.87178663943193,0.175199513313362,-0.12737899312933
"ours:pink","ENSG00000072506.8",4.59449437602673,0.165227510598601,-0.127118236715195
"ours:pink","ENSG00000037474.10",4.66402166419997,0.167727855533939,-0.128859209154046
"ours:pink","ENSG00000105447.8",6.42215314385385,0.230953896075849,-0.118805274636855
"ours:pink","ENSG00000197043.9",19.6147891209203,0.705388343552371,-0.133072471173833
"ours:pink","ENSG00000228393.3",0.633357983988816,0.0227768617061012,0.133370419700517
"ours:pink","ENSG00000113282.9",11.7163353184857,0.421343625560375,-0.129328725655434
"ours:pink","ENSG00000213585.6",5.35370702838291,0.192530366211682,-0.120150130859421
"ours:pink","ENSG00000127837.5",13.0729531343612,0.470130405172162,-0.124682391760633
"ours:pink","ENSG00000100029.13",9.30471809135369,0.33461688735065,-0.117946992167095
"ours:pink","ENSG00000111361.8",5.88189054406637,0.211524936733078,-0.124409216857647
"ours:pink","ENSG00000140968.6",1.64896629115016,0.0593002348135125,-0.129692552130737
"ours:pink","ENSG00000100221.6",1.40471125857244,0.0505163191786225,-0.12469062869168
"ours:pink","ENSG00000183431.7",6.80458047009645,0.244706772873271,-0.127104857836186
"ours:pink","ENSG00000166598.8",5.48145900985776,0.197124591418109,-0.126471309314086
"ours:pink","ENSG00000009954.6",12.9181320281734,0.464562718312646,-0.122945772251192
"ours:pink","ENSG00000111641.6",8.1517417190798,0.293153474801093,-0.115834821951685
"ours:pink","ENSG00000163468.10",11.3373041834694,0.407712882816435,-0.124922065939172
"ours:pink","ENSG00000241945.3",9.00943764405723,0.323997992377179,-0.114999715758774
"ours:pink","ENSG00000123415.10",1.54733116261242,0.0556452255995975,0.13495317708716
"ours:pink","ENSG00000122390.13",0.709124251000655,0.0255015732110353,0.126177230051342
"ours:pink","ENSG00000163399.11",6.41217439448558,0.230595039631142,-0.121953736133301
"ours:pink","ENSG00000167004.8",1.18439876679019,0.042593426779212,-0.126687966876804
"ours:pink","ENSG00000270049.1",0.466276843649685,0.0167682786876399,0.122229400127932
"ours:pink","ENSG00000161204.7",8.35932687553911,0.300618665925922,-0.111029551855884
"ours:pink","ENSG00000116237.11",6.75191651658526,0.242812868294274,-0.117031876851514
"ours:pink","ENSG00000271975.1",1.17165871394619,0.0421352681562976,0.109517190499442
"ours:pink","ENSG00000183207.8",7.04892694517926,0.253493976969576,-0.109637582960671
"ours:pink","ENSG00000118705.12",22.1757112960925,0.797484396177508,-0.118870713492712
"ours:pink","ENSG00000148308.13",1.16070838697093,0.0417414717734348,-0.114367094725998
"ours:pink","ENSG00000174243.5",15.7308355072067,0.565713346838303,-0.118917880199106
"ours:pink","ENSG00000089597.12",11.410406880768,0.41034180685119,-0.117986617206504
"ours:pink","ENSG00000013275.3",11.6615359752972,0.419372927956582,-0.113811256933218
"ours:pink","ENSG00000254986.3",5.97088151024257,0.21472523574395,-0.101686852207408
"ours:pink","ENSG00000161671.12",1.69166131621032,0.0608356361282782,-0.11277877200556
"ours:pink","ENSG00000011485.10",1.05688658969306,0.0380078254336758,-0.106665700703404
"ours:pink","ENSG00000079999.9",3.52169337295147,0.126647369978406,-0.106503050446448
"ours:pink","ENSG00000066044.9",2.60517548991119,0.0936874932563877,-0.103266358889546
"ours:pink","ENSG00000116478.7",14.5586705003886,0.523559871344262,-0.11369379751905
"ours:pink","ENSG00000167658.11",6.16495795882464,0.221704625822726,-0.11530085088805
"ours:pink","ENSG00000135269.13",5.24864176708875,0.188752002336736,-0.117555548791912
"ours:pink","ENSG00000197142.6",6.50419988597104,0.233904466441869,-0.112269648129666
"ours:pink","ENSG00000023191.12",10.6225036626166,0.382007179213585,-0.112035880192834
"ours:pink","ENSG00000102181.15",3.1593720977535,0.113617548318325,-0.095875779469283
"ours:pink","ENSG00000084652.11",11.7373454878799,0.422099194661596,-0.109190473925318
"ours:pink","ENSG00000169813.12",14.7630694816542,0.530910481026064,-0.113982015212798
"ours:pink","ENSG00000119711.8",2.70544260680268,0.0972933059450098,-0.101982386780306
"ours:pink","ENSG00000237036.4",0.333954872910744,0.0120097072250706,0.112820801746648
"ours:pink","ENSG00000244038.5",14.8790201377818,0.535080306189895,-0.110882647716321
"ours:pink","ENSG00000010292.8",6.99919686852527,0.251705580664144,-0.10623125232366
"ours:pink","ENSG00000128595.12",3.44639029575011,0.123939315736068,-0.112214500064456
"ours:pink","ENSG00000104889.4",0.919357946656655,0.0330620112776119,-0.106745331011462
"ours:pink","ENSG00000011007.8",0.613525495874917,0.0220636444569662,-0.104761368334212
"ours:pink","ENSG00000133313.10",3.1803976643461,0.114373671134613,-0.108541004842022
"ours:pink","ENSG00000102316.12",12.2834778097385,0.441739241337671,-0.106524418964858
"ours:pink","ENSG00000172893.11",0.316475248758673,0.0113811038253329,-0.103804035650594
"ours:pink","ENSG00000136193.12",1.96028899521643,0.0704960424858641,-0.106756315455113
"ours:pink","ENSG00000154832.10",7.7972156379694,0.280403984426309,-0.0979646842197957
"ours:pink","ENSG00000168291.8",3.16901678567554,0.11396439122321,-0.102583107725416
"ours:pink","ENSG00000103051.14",1.46515794449235,0.0526901068951978,-0.104477663240875
"ours:pink","ENSG00000105676.9",2.2693777513071,0.0816115127733789,-0.0879886784676753
"ours:pink","ENSG00000179041.2",1.06974609221052,0.0384702797136468,-0.10773195274477
"ours:pink","ENSG00000173692.8",7.29829061460283,0.262461609740567,-0.107260948811456
"ours:pink","ENSG00000110955.4",5.60319944701534,0.201502629070236,-0.107182621682992
"ours:pink","ENSG00000120053.9",1.53880067224484,0.0553384515408512,-0.103629731468772
"ours:pink","ENSG00000179051.9",13.8282521947756,0.497292519933017,-0.101282602111085
"ours:pink","ENSG00000108883.8",16.9898280574013,0.610989320189419,-0.101880840538219
"ours:pink","ENSG00000100983.5",4.67824209864479,0.168239251737884,-0.0934591261439069
"ours:pink","ENSG00000179950.9",8.83945481379022,0.317885058593633,-0.101813444956481
"ours:pink","ENSG00000099783.7",8.03645409020297,0.289007493467102,-0.0998224911340089
"ours:pink","ENSG00000179889.14",3.61435314695838,0.129979606899116,-0.0988527373977378
"ours:pink","ENSG00000226666.1",3.25884625377693,0.117194844495769,-0.0909647937207077
"ours:pink","ENSG00000178952.4",1.14439937441793,0.0411549659854388,-0.0986777919989686
"ours:pink","ENSG00000106609.12",7.2086304747909,0.259237245863152,-0.10307104547204
"ours:pink","ENSG00000163156.7",0.433759027031333,0.0155988708159083,0.107324318374082
"ours:pink","ENSG00000102900.8",8.54639657902251,0.307346078974082,-0.0991467796652191
"ours:pink","ENSG00000116521.6",2.02282551030465,0.0727449847771971,-0.096237790690956
"ours:pink","ENSG00000179218.9",3.69990364463572,0.133056179554303,-0.100342626816634
"ours:pink","ENSG00000053371.8",2.05618306623135,0.0739445914094699,-0.0861547307096706
"ours:pink","ENSG00000147872.5",1.08904235945793,0.0391642133525191,-0.0941081337573473
"ours:pink","ENSG00000115241.9",7.24951512003097,0.260707542179101,-0.0955028625415846
"ours:pink","ENSG00000101811.9",2.93965631613049,0.105716114849124,-0.0814235179928192
"ours:pink","ENSG00000107798.13",1.56979185697819,0.0564529585757734,-0.0993035819559345
"ours:pink","ENSG00000235477.2",0.299397157650127,0.0107669403834612,0.0867989186253655
"ours:pink","ENSG00000165675.12",2.25470517883572,0.0810838567518211,-0.093067845407229
"ours:pink","ENSG00000092820.13",23.3420499200752,0.839428342906706,-0.0966649213692675
"ours:pink","ENSG00000111669.10",2.80799857864138,0.100981430586612,-0.0942859681652178
"ours:pink","ENSG00000145945.5",0.565799490468234,0.0203473186942648,-0.0970711026794011
"ours:pink","ENSG00000255423.1",2.40387739063946,0.0864483976979205,0.085444783173491
"ours:pink","ENSG00000198730.3",10.6682562251519,0.383652535893238,-0.0934414658416386
"ours:pink","ENSG00000073111.9",5.45324091217326,0.19610981032303,-0.0773184982666763
"ours:pink","ENSG00000133835.10",2.59175921201559,0.0932050161834468,-0.0960017158568304
"ours:pink","ENSG00000164961.11",6.57813508496986,0.236563328957824,-0.0961802207896758
"ours:pink","ENSG00000073578.12",2.21155291218276,0.0795320120846564,-0.0891308771139225
"ours:pink","ENSG00000123136.10",4.78401403351264,0.172043029054622,-0.0824819366806389
"ours:pink","ENSG00000149480.2",24.5916627395291,0.884367001760614,-0.0930506580195564
"ours:pink","ENSG00000155660.6",13.8639993625783,0.498578061945606,-0.0895472814242792
"ours:pink","ENSG00000115902.6",0.351626164121399,0.0126452033682445,-0.0859269323909852
"ours:pink","ENSG00000126067.7",3.13941623274701,0.11289989418122,-0.0848067116040039
"ours:pink","ENSG00000183258.7",7.83796425538064,0.281869388900482,-0.0825299006513614
"ours:pink","ENSG00000120438.7",4.0163677587209,0.144436882953772,-0.0901709475370509
"ours:pink","ENSG00000149428.14",5.21973095022113,0.187712309628581,-0.0787979043821893
"ours:pink","ENSG00000198466.8",0.818444171809039,0.0294329434328062,0.0941046447131194
"ours:pink","ENSG00000118579.7",4.58674303143475,0.164948756231764,0.0992552931923579
"ours:pink","ENSG00000110756.13",2.21625459688187,0.0797010943807425,-0.0839033491889078
"ours:pink","ENSG00000125835.13",3.44641972134399,0.123940373941221,-0.079540477041675
"ours:pink","ENSG00000068438.10",1.87667101260235,0.0674889670651841,-0.0759402394140819
"ours:pink","ENSG00000125817.7",5.26568041178751,0.18936474720421,-0.0838113544423779
"ours:pink","ENSG00000100395.10",8.60417222898677,0.309423810718977,-0.0698631688339093
"ours:pink","ENSG00000197451.6",7.38972461614962,0.265749765351002,-0.0800256716116885
"ours:pink","ENSG00000151657.7",2.32485011279649,0.0836064135058169,0.0881136381798563
"ours:pink","ENSG00000259917.1",7.20090100239472,0.258959278065667,-0.0757580946317242
"ours:pink","ENSG00000084207.11",4.65324526792954,0.167340314058585,-0.0826256076678001
"ours:pink","ENSG00000258441.1",1.7314961366623,0.0622681785757705,0.0801846525278473
"ours:pink","ENSG00000102401.15",1.39889896924867,0.0503072972455766,-0.0785660891898474
"ours:pink","ENSG00000179091.4",1.85943651127328,0.0668691787886178,-0.0731013430689608
"ours:pink","ENSG00000168385.13",1.48135904854229,0.0532727320704704,-0.0829038178552377
"ours:pink","ENSG00000139626.11",17.1084149261853,0.615253949007141,-0.0802811846195752
"ours:pink","ENSG00000242622.1",0.776386922522966,0.0279204778526063,0.0754433318310003
"ours:pink","ENSG00000226415.1",2.41352516649156,0.0867953516511506,-0.0719253295304248
"ours:pink","ENSG00000101158.8",3.9827027188618,0.143226218563987,-0.0756571994125602
"ours:pink","ENSG00000139641.8",14.5828169848171,0.524428228814161,-0.0783000014000061
"ours:pink","ENSG00000010256.6",8.26733654059621,0.297310503417104,-0.0742625818362319
"ours:pink","ENSG00000151348.9",1.23474887318261,0.0444041206351023,-0.0702691894692284
"ours:pink","ENSG00000100591.3",4.79884000405686,0.17257620158782,-0.0720062590535124
"ours:pink","ENSG00000183684.6",6.26917878878759,0.225452622202295,-0.068205289393122
"ours:pink","ENSG00000123395.10",1.74345688702752,0.0626983118714055,-0.0676667738797629
"ours:pink","ENSG00000136448.7",7.0918763006425,0.255038524531117,-0.0723671647330722
"ours:pink","ENSG00000108312.10",6.40283016839274,0.230259001954429,-0.0709727509070664
"ours:pink","ENSG00000132792.14",2.43633025687648,0.0876154698197433,-0.0669483937615926
"ours:pink","ENSG00000099341.7",1.08049120932529,0.0388566963259356,-0.0649683473195624
"ours:pink","ENSG00000196510.8",0.606890817447891,0.021825047712602,-0.0623737257754219
"ours:pink","ENSG00000198218.6",8.06810238477932,0.290145631529654,-0.0674731841174194
"ours:pink","ENSG00000101138.7",0.289199171353435,0.0104001997258356,-0.0758739605374386
"ours:pink","ENSG00000184056.10",0.786198903436396,0.0282733369591113,-0.0512858667312044
"ours:pink","ENSG00000134910.8",7.7918413846534,0.280210715173143,-0.0673281453898952
"ours:pink","ENSG00000266066.1",0.57255964321803,0.0205904277545225,-0.0608233381835515
"ours:pink","ENSG00000171604.7",0.887094767892438,0.0319017607092307,-0.0622026076354314
"ours:pink","ENSG00000121774.13",0.406450486055824,0.01461679925935,-0.0620026659771847
"ours:pink","ENSG00000115234.6",5.3475750479689,0.192309847526507,-0.0618473823750039
"ours:pink","ENSG00000272831.1",0.512488115431382,0.0184301314995456,0.0662703291853735
"ours:pink","ENSG00000131652.9",4.36927203059553,0.157128049717563,-0.0477698120059162
"ours:pink","ENSG00000270820.1",0.324704562523824,0.0116770469511849,0.0654330601779341
"ours:pink","ENSG00000182199.6",5.4283280958372,0.195213893974392,-0.0606488390052001
"ours:pink","ENSG00000186409.10",1.82944554617887,0.0657906417184987,0.0688051731838954
"ours:pink","ENSG00000058262.5",11.4379471670107,0.411332212446372,-0.060203986711312
"ours:pink","ENSG00000107874.6",1.25644031393197,0.0451841896618518,-0.0512355018360856
"ours:pink","ENSG00000101945.12",0.349165705782762,0.0125567202027529,-0.0541286825369403
"ours:pink","ENSG00000166886.8",0.380390476215943,0.0136796274620602,-0.0449483410235129
"ours:pink","ENSG00000070761.3",0.666088893544788,0.0239539328401479,-0.0556406357065913
"ours:pink","ENSG00000185432.10",1.01671149273753,0.0365630459400594,-0.0521339683508139
"ours:pink","ENSG00000073905.8",0.936554062732678,0.0336804191411695,-0.0486232542206964
"ours:pink","ENSG00000197785.9",0.57597063277993,0.0207130939867267,-0.0494977539492388
"ours:pink","ENSG00000168439.12",10.8250524042227,0.389291250454391,-0.0457281302456425
"ours:pink","ENSG00000127589.4",0.597683061461836,0.0214939177828945,-0.0478487684982059
"ours:pink","ENSG00000183624.9",3.05046267253344,0.109700940366049,-0.0438065887475458
"ours:pink","ENSG00000140553.12",5.96113526785395,0.214374740730622,-0.0398759380143015
"ours:pink","ENSG00000239280.1",0.320105244113414,0.0115116459583428,0.0388120487758913
"ours:pink","ENSG00000263874.1",0.381693808469059,0.0137264979827401,0.0458902724546532
"ours:pink","ENSG00000237842.2",1.61679345941611,0.0581432333110052,-0.0322373307211826
"ours:pink","ENSG00000147164.7",0.473047438093174,0.0170117632527767,-0.0323845384931991
"ours:pink","ENSG00000272345.1",0.381524207612548,0.0137203987855221,0.0306324231843973
"ours:pink","ENSG00000261324.2",1.97226177406815,0.070926608350726,0.0334568732818706
"ours:pink","ENSG00000163159.7",0.495013330625683,0.0178017021327023,-0.0242231614413532
"ours:pink","ENSG00000142227.6",1.5938595641159,0.0573184830515306,0.0349374798640174
"ours:pink","ENSG00000234558.1",0.419998004039445,0.0151039959970156,-0.0151893939386782
"ours:pink","ENSG00000160679.8",0.677283882886932,0.0243565277872289,0.0273898356020811
"ours:pink","ENSG00000164663.9",0.598238524565506,0.0215138933837631,-0.0131222519583445
"ours:pink","ENSG00000242372.2",3.01202572894513,0.108318668458774,-0.00242708269813317
"ours:pink","ENSG00000075415.8",1.67784766204769,0.0603388685837426,-0.00171200160420457
"ours:pink","ENSG00000172456.12",0.393126714492806,0.0141376489052591,0.00105091946396762
"ours:pink","ENSG00000110917.3",3.32921253996906,0.119725361533347,0.00829251549710856
"ours:pink","ENSG00000147443.8",1.74103023137717,0.0626110443204255,0.010693181151009
"ours:pink","ENSG00000160201.7",5.5456229671661,0.19943205989419,0.153640269072825
"ours:pink","ENSG00000147224.6",3.72617590734994,0.134000984403497,-0.141927860550061
"ours:pink","ENSG00000076248.6",2.01722164206813,0.0725434580970744,-0.133848610481605
"ours:pink","ENSG00000178035.7",3.45510436473691,0.124252691661259,-0.130563366825432
"ours:pink","ENSG00000117450.9",1.54504889276421,0.0555631504603825,-0.0927463211338088
"ours:pink","ENSG00000157020.13",0.527062498331968,0.0189542564212649,0.0217943957965005
"ours:pink","ENSG00000084754.6",1.12775067230355,0.0405562442589721,-0.118048345223585
"ours:pink","ENSG00000144021.2",0.391196729682305,0.014068242663868,-0.119956018133227
"ours:pink","ENSG00000115685.10",0.687940400561206,0.0247397581805792,-0.1078468146339
"ours:pink","ENSG00000179163.11",0.573448912694614,0.0206224077222495,-0.0543608498425886
"ours:pink","ENSG00000273270.1",0.351480271839473,0.0126399567803536,0.0537164410937611
"ours:pink","ENSG00000158623.10",0.562332031572299,0.0202226217081355,-0.0385970510223005
"ours:pink","ENSG00000268006.1",0.31501903418947,0.0113287353406913,0.00298383470214082
"ours:orange","ENSG00000186204.10",0.0891409801935339,0.0336479735432011,0.174319492696195
"ours:orange","ENSG00000165914.10",0.335498453943693,0.126640329482277,0.125810216308238
"ours:orange","ENSG00000152207.3",1.37643545060125,0.519561973911461,0.251143564479248
"ours:orange","ENSG00000091181.15",2.55242636986682,0.963462313043731,0.238173292031925
"ours:orange","ENSG00000174083.13",1.38111790864601,0.521329457554394,0.207433922865991
"ours:orange","ENSG00000072134.11",0.387007651689155,0.146083464606077,0.201659562224202
"ours:orange","ENSG00000182240.11",0.653353000903165,0.246620627695941,0.1788243988511
"ours:orange","ENSG00000112759.12",1.94484744312355,0.734119988020174,0.171605607855128
"ours:orange","ENSG00000140263.9",0.524765697336897,0.198082882441226,0.163527196993222
"ours:orange","ENSG00000174837.10",0.550706378918155,0.207874690492289,0.162537501876551
"ours:orange","ENSG00000131203.8",0.825866488363102,0.311739153981996,0.148250549732792
"ours:orange","ENSG00000133317.10",1.09203971005641,0.412211344236133,0.150320412849877
"ours:orange","ENSG00000135605.8",0.539128272790388,0.203504312156515,0.134849348092945
"ours:orange","ENSG00000103056.7",2.47696927507327,0.934979584631414,0.134030568091835
"ours:orange","ENSG00000105205.6",0.804437558953287,0.303650393366225,0.133742512704764
"ours:orange","ENSG00000260401.1",0.93300526473893,0.352180741062573,0.128792723645988
"ours:orange","ENSG00000092067.5",0.974380716722538,0.367798699387238,0.133298560861772
"ours:orange","ENSG00000268758.1",1.30630587184903,0.493090218661211,0.116550722898664
"ours:orange","ENSG00000156869.8",0.414128497510006,0.156320748296114,0.124908406523913
"ours:orange","ENSG00000179627.9",0.213845572291213,0.080720114846879,0.11789307839103
"ours:orange","ENSG00000138623.5",0.966151208479643,0.364692313580964,0.116803630254597
"ours:orange","ENSG00000182557.3",1.12171332714187,0.423412220426354,0.112274743706242
"ours:orange","ENSG00000183134.4",2.64922284484932,1,0.110400462393254
"ours:orange","ENSG00000175591.7",1.24822257523488,0.471165563765882,0.114250102326961
"ours:orange","ENSG00000121933.13",0.888810488093968,0.335498574543102,0.108328702518441
"ours:orange","ENSG00000134072.6",0.605090830339733,0.228403145290765,0.11853354699534
"ours:orange","ENSG00000159618.11",0.314785796486072,0.11882193945975,0.0954034993753931
"ours:orange","ENSG00000134489.6",1.06070773620166,0.400384489460339,0.0942646717548525
"ours:orange","ENSG00000184221.8",0.314324798714599,0.118647927004599,0.095377454730836
"ours:orange","ENSG00000115602.12",1.09577491545733,0.413621269191361,0.100715328518457
"ours:orange","ENSG00000103319.7",0.314194889710449,0.118598890358097,0.0880547921753796
"ours:orange","ENSG00000145990.6",0.21738875404969,0.0820575567934357,0.0788732069396015
"ours:orange","ENSG00000255587.3",0.840501344884094,0.317263361411146,0.0837511271893483
"ours:orange","ENSG00000250696.1",1.07509546175405,0.405815412563075,0.0712150069824146
"ours:orange","ENSG00000151689.8",0.106633233712015,0.0402507603010194,0.082221034576543
"ours:orange","ENSG00000071242.7",0.288865393386436,0.109037785910707,0.0688820116458655
"ours:orange","ENSG00000005187.7",0.140198890029814,0.0529207613856991,0.0421692215067023
"ours:orange","ENSG00000100628.7",0.329218815433778,0.124269959423705,0.0381043027479082
"ours:orange","ENSG00000188822.6",0.194400852736775,0.0733803323169787,0.142793981776368
"ours:turquoise","ENSG00000047578.8",39.9818189983815,0.22063449856375,0.298753204365943
"ours:turquoise","ENSG00000104973.10",39.742122710965,0.219311765593951,0.293030502060913
"ours:turquoise","ENSG00000203804.3",44.8778250490602,0.247652474909456,0.27185837892583
"ours:turquoise","ENSG00000149187.13",16.0030925590699,0.088310997115529,0.281134704987127
"ours:turquoise","ENSG00000149532.11",19.7807136369416,0.109157310594008,0.267711775326692
"ours:turquoise","ENSG00000237781.2",39.7613802460086,0.219418035811123,0.247716005377718
"ours:turquoise","ENSG00000167987.6",10.4402243137634,0.0576130279728774,0.253019944985309
"ours:turquoise","ENSG00000196588.10",28.837364880389,0.159135269471909,0.248032814229876
"ours:turquoise","ENSG00000172830.8",20.9532820394161,0.115627977712034,0.24940506857418
"ours:turquoise","ENSG00000146826.10",38.2951833660282,0.211327017905627,0.241596888098576
"ours:turquoise","ENSG00000166716.5",63.6269480056992,0.351117085717074,0.226000854043539
"ours:turquoise","ENSG00000104960.11",3.56163228229062,0.0196544072370361,0.227919102405123
"ours:turquoise","ENSG00000160055.15",19.5889183005953,0.108098912829181,0.22262876609318
"ours:turquoise","ENSG00000064687.8",9.54167263496493,0.0526544867145781,0.213125152826087
"ours:turquoise","ENSG00000173327.3",71.6459595384467,0.395368964016466,0.214000676033266
"ours:turquoise","ENSG00000132694.14",68.1015472814051,0.375809583262247,0.215526747192446
"ours:turquoise","ENSG00000123643.8",20.5530405056236,0.113419296558325,0.20978398252468
"ours:turquoise","ENSG00000054967.8",78.7101609791744,0.43435184627831,0.207474816376361
"ours:turquoise","ENSG00000105287.8",39.5115771519866,0.218039529735863,0.208188806438338
"ours:turquoise","ENSG00000159588.10",16.6851965123077,0.0920750995866313,0.202587079328244
"ours:turquoise","ENSG00000160685.9",54.4413982047935,0.300427816816196,0.205698072809228
"ours:turquoise","ENSG00000090372.10",43.0850931598638,0.237759515776004,0.208179270446067
"ours:turquoise","ENSG00000144711.9",89.3158863214067,0.492878170277801,0.199782027062348
"ours:turquoise","ENSG00000141012.8",40.1968691103501,0.221821224801048,0.20034406021131
"ours:turquoise","ENSG00000137841.7",33.3162851551856,0.183851611891867,0.200479216743664
"ours:turquoise","ENSG00000185033.10",58.4536571789604,0.322568949187114,0.196325935041421
"ours:turquoise","ENSG00000197324.4",111.382182150796,0.61464817067908,0.197461454380245
"ours:turquoise","ENSG00000203709.5",36.8614280018886,0.203415024310667,0.199850456399212
"ours:turquoise","ENSG00000005339.8",71.1631701631394,0.392704753272648,0.197129771360992
"ours:turquoise","ENSG00000127663.10",110.576057271388,0.610199674762593,0.197472109239209
"ours:turquoise","ENSG00000142599.13",33.4452260979471,0.184563155812659,0.19306269242218
"ours:turquoise","ENSG00000110395.4",76.8910746028932,0.424313453315468,0.192978633779693
"ours:turquoise","ENSG00000072864.8",66.305892500382,0.365900494528174,0.191116533849604
"ours:turquoise","ENSG00000099308.6",101.148354090494,0.558174113744258,0.193773983454
"ours:turquoise","ENSG00000172932.10",53.0054330393346,0.292503628718379,0.195144295090433
"ours:turquoise","ENSG00000125834.8",25.5827052742455,0.141174851257164,0.190139929765843
"ours:turquoise","ENSG00000087266.11",42.9183928575178,0.236839601711563,0.189605462212498
"ours:turquoise","ENSG00000172081.9",94.3669816561064,0.520751986784606,0.191770927993736
"ours:turquoise","ENSG00000196182.6",99.3835448380484,0.548435242071364,0.191275475057878
"ours:turquoise","ENSG00000158480.6",6.65490054408203,0.0367242081855907,0.1867558371367
"ours:turquoise","ENSG00000100393.9",44.1246254313075,0.243496040206273,0.188238620980839
"ours:turquoise","ENSG00000095370.15",45.0615960911695,0.248666591644065,0.187607492305441
"ours:turquoise","ENSG00000072518.16",78.1080680041297,0.431029274045088,0.188973466380827
"ours:turquoise","ENSG00000105397.9",68.1465973086418,0.376058186012664,0.18477318931915
"ours:turquoise","ENSG00000171777.11",115.535061295319,0.637565297278166,0.18451151391229
"ours:turquoise","ENSG00000169220.13",62.4079473094543,0.344390187989491,0.184684374377739
"ours:turquoise","ENSG00000256448.1",30.8508467100468,0.170246408609219,0.179966389792575
"ours:turquoise","ENSG00000176095.7",96.071453261295,0.530157892952661,0.1830486347441
"ours:turquoise","ENSG00000171475.9",55.8033932139759,0.307943810170812,0.183508489706449
"ours:turquoise","ENSG00000120899.13",54.2631982933475,0.299444443645817,0.180965575924242
"ours:turquoise","ENSG00000108175.12",42.8724271864628,0.236585946099126,0.179341685010983
"ours:turquoise","ENSG00000173120.10",79.1928559136493,0.437015535862604,0.182722919954886
"ours:turquoise","ENSG00000173442.7",38.9541290133552,0.214963324259889,0.18605021842217
"ours:turquoise","ENSG00000132510.6",96.3258138416789,0.531561548927134,0.178829413654269
"ours:turquoise","ENSG00000169221.9",22.3007860565349,0.123064004400606,0.180749999350309
"ours:turquoise","ENSG00000168010.6",100.806390472655,0.556287031734505,0.175948136313591
"ours:turquoise","ENSG00000061273.13",12.3019179770722,0.0678865437401333,0.180797449548319
"ours:turquoise","ENSG00000068650.14",77.57335675612,0.428078539160169,0.174489472571901
"ours:turquoise","ENSG00000140368.8",44.3470165649657,0.244723276922584,0.177234480023728
"ours:turquoise","ENSG00000232334.1",64.9117856547213,0.358207296155956,0.167402761877398
"ours:turquoise","ENSG00000089159.11",85.5376784142293,0.472028618457675,0.174234488082349
"ours:turquoise","ENSG00000217527.1",6.52448892783904,0.0360045485433462,0.162553551522493
"ours:turquoise","ENSG00000141068.9",5.52814062132426,0.0305063292399266,0.170044210607087
"ours:turquoise","ENSG00000122359.13",88.695830265127,0.489456471103378,0.173401873377909
"ours:turquoise","ENSG00000103653.12",28.1592085120187,0.155392951237482,0.173475537886294
"ours:turquoise","ENSG00000070610.10",18.7909118097541,0.103695217190308,0.179244130943295
"ours:turquoise","ENSG00000142208.11",50.6195696106678,0.279337549875223,0.172076021903832
"ours:turquoise","ENSG00000089639.6",103.029267987728,0.568553693887284,0.170179131541666
"ours:turquoise","ENSG00000178404.5",24.7978371179425,0.136843657818677,0.160438056721531
"ours:turquoise","ENSG00000102886.10",2.32261938952114,0.0128170747904738,0.173172796053471
"ours:turquoise","ENSG00000181915.3",21.5072901903943,0.118685200060928,-0.17094268818253
"ours:turquoise","ENSG00000140678.12",67.2661594601254,0.37119960358469,0.168064800189299
"ours:turquoise","ENSG00000064547.9",62.9730347538116,0.347508549986365,0.172518189148895
"ours:turquoise","ENSG00000068024.12",34.9955901141297,0.193118639176624,0.167748663034406
"ours:turquoise","ENSG00000166454.5",12.8407317956611,0.0708599181303379,-0.16090277543857
"ours:turquoise","ENSG00000142327.7",11.7517445968061,0.0648504830775842,0.17398423834719
"ours:turquoise","ENSG00000161021.7",45.2363006532212,0.249630676180754,0.164112461231599
"ours:turquoise","ENSG00000159840.11",67.2415665039815,0.371063890536036,0.166016121566463
"ours:turquoise","ENSG00000100226.11",61.2735061553915,0.338129921162039,0.164462832128375
"ours:turquoise","ENSG00000179134.10",23.0774115645106,0.127349711850059,0.160467836596447
"ours:turquoise","ENSG00000167470.8",92.2369841941689,0.508997871195826,0.164591799505438
"ours:turquoise","ENSG00000141141.10",5.62737987227255,0.0310539682148243,-0.159279378748317
"ours:turquoise","ENSG00000141506.9",72.8908606775914,0.40223878998931,0.16313081162129
"ours:turquoise","ENSG00000135596.13",18.2015214989191,0.100442742967095,0.167701920305684
"ours:turquoise","ENSG00000184922.9",68.3216041193062,0.377023938469242,0.160604513999963
"ours:turquoise","ENSG00000099331.9",85.3145406123103,0.470797261349109,0.162590227172407
"ours:turquoise","ENSG00000235499.1",11.410085589342,0.0629650820208021,0.158059928725352
"ours:turquoise","ENSG00000198646.9",17.153640140779,0.0946601451814136,0.156599501619707
"ours:turquoise","ENSG00000121058.4",8.1370210905675,0.0449030987857931,-0.164785046666995
"ours:turquoise","ENSG00000156858.7",8.53434124163265,0.0470956586666499,0.169288998372747
"ours:turquoise","ENSG00000120318.11",45.1578279333149,0.249197634622336,0.161314710200668
"ours:turquoise","ENSG00000051009.6",31.8863309529993,0.175960594517663,0.162101516583329
"ours:turquoise","ENSG00000163545.7",90.64953470726,0.500237736456744,0.15809643260509
"ours:turquoise","ENSG00000213600.2",8.79737873956669,0.0485471970887134,0.155281338725233
"ours:turquoise","ENSG00000167522.10",16.7015554305607,0.0921653741618312,0.15571240782433
"ours:turquoise","ENSG00000130518.12",3.97003828081224,0.0219081429337009,0.156208784549146
"ours:turquoise","ENSG00000100599.11",27.6066998465048,0.152344003605242,0.153872157006412
"ours:turquoise","ENSG00000092929.7",51.5296444849158,0.284359680397682,0.157832903594751
"ours:turquoise","ENSG00000120913.19",33.7055206921498,0.185999557875134,0.158661313840218
"ours:turquoise","ENSG00000143624.9",20.7754049679732,0.114646386092468,0.1545170765351
"ours:turquoise","ENSG00000167548.10",52.8739547007183,0.291778082506643,0.155534863878287
"ours:turquoise","ENSG00000173638.14",130.573706710846,0.720554117533371,0.154525213722832
"ours:turquoise","ENSG00000106948.12",37.8511416901018,0.208876631330834,0.156018248551494
"ours:turquoise","ENSG00000157823.12",3.90727098814026,0.0215617697447911,0.161632648824602
"ours:turquoise","ENSG00000267121.1",6.8209725682527,0.0376406551781562,0.157342852733109
"ours:turquoise","ENSG00000167173.14",54.4920976387636,0.300707595087213,0.152905697764603
"ours:turquoise","ENSG00000136715.13",9.64741378359832,0.0532380055711671,0.149686762812542
"ours:turquoise","ENSG00000139722.2",61.7072994043427,0.340523753117674,0.153364971686287
"ours:turquoise","ENSG00000214176.5",58.0586476199564,0.320389140009791,0.149391666986145
"ours:turquoise","ENSG00000087152.11",23.7063607149893,0.130820486414957,0.158198355423115
"ours:turquoise","ENSG00000156860.11",55.2669939035805,0.304983759931882,0.1521898519545
"ours:turquoise","ENSG00000132005.4",6.03833531690867,0.0333217727002331,0.155961123720558
"ours:turquoise","ENSG00000134250.13",47.1770199967979,0.260340284946688,0.148792666102079
"ours:turquoise","ENSG00000116871.11",22.7107993689967,0.125326609851427,0.151149753681142
"ours:turquoise","ENSG00000145901.10",37.1341431249636,0.204919967455771,0.150695815326715
"ours:turquoise","ENSG00000178927.12",38.7623915903867,0.213905246082549,0.151396630924091
"ours:turquoise","ENSG00000063245.10",20.7015966058768,0.11423908418953,0.152173997575214
"ours:turquoise","ENSG00000131061.9",1.3127006465388,0.00724396878804148,0.155011507708642
"ours:turquoise","ENSG00000128915.7",56.4404630540067,0.311459397711013,-0.139275675155933
"ours:turquoise","ENSG00000148400.9",95.7738038050214,0.528515352913766,0.146674241893122
"ours:turquoise","ENSG00000059145.14",33.5307968659504,0.185035367031736,0.151550721708442
"ours:turquoise","ENSG00000110719.5",44.0933051145351,0.243323203087827,0.141855054602916
"ours:turquoise","ENSG00000124767.6",15.9161831637955,0.0878313988549389,-0.149977065179007
"ours:turquoise","ENSG00000159842.10",49.1272303819382,0.271102268798314,0.145018880603178
"ours:turquoise","ENSG00000198792.8",50.1941255726751,0.276989791960726,0.141675479647111
"ours:turquoise","ENSG00000151651.11",73.6497967768216,0.40642688072381,0.141296374411591
"ours:turquoise","ENSG00000167315.13",0.755751205955028,0.00417051531276222,-0.142922673102411
"ours:turquoise","ENSG00000127527.9",58.181992647266,0.321069803594704,0.141679739053611
"ours:turquoise","ENSG00000139718.6",33.9511168076652,0.18735484828346,0.143585931647016
"ours:turquoise","ENSG00000186635.10",73.6305560264438,0.406320703130645,0.141756681903945
"ours:turquoise","ENSG00000039650.5",5.32394727230703,0.0293795146452156,0.153422243886436
"ours:turquoise","ENSG00000102858.8",54.2072978384747,0.299135964213431,0.14505857642638
"ours:turquoise","ENSG00000185359.8",32.8220568025108,0.181124276630487,0.148267893213753
"ours:turquoise","ENSG00000111540.11",13.8105984661755,0.076212001949518,0.143104184556959
"ours:turquoise","ENSG00000167981.4",0.476628202698533,0.00263021110940424,-0.149774022136981
"ours:turquoise","ENSG00000171206.9",30.8514756479969,0.170249879321976,0.137809348020533
"ours:turquoise","ENSG00000262246.1",11.112008896577,0.0613201843325699,0.142276839582176
"ours:turquoise","ENSG00000132313.10",21.6866329280603,0.119674879770037,-0.14577565402281
"ours:turquoise","ENSG00000214655.6",51.7076900188665,0.285342201655814,0.142452296391755
"ours:turquoise","ENSG00000088832.10",40.434227113343,0.223131054250593,0.139006475240061
"ours:turquoise","ENSG00000113328.14",19.871978144773,0.109660941980136,-0.136021089631691
"ours:turquoise","ENSG00000132359.9",29.0362188914221,0.160232619620322,0.137505887364923
"ours:turquoise","ENSG00000142552.3",13.6718028639633,0.0754460763647372,0.143696823683775
"ours:turquoise","ENSG00000142687.13",26.0208387349579,0.14359263411022,0.13521182635958
"ours:turquoise","ENSG00000214021.11",12.6039808224282,0.0695534384960361,0.140246674353966
"ours:turquoise","ENSG00000157933.9",22.2560014235857,0.12281686619425,0.136387064255145
"ours:turquoise","ENSG00000162341.11",31.2544816638437,0.172473815912458,0.141170049493535
"ours:turquoise","ENSG00000014164.6",11.6901395820701,0.0645105237691837,0.135937214923926
"ours:turquoise","ENSG00000188167.4",29.7452252433267,0.164145179500034,0.140417000032538
"ours:turquoise","ENSG00000138964.12",27.8948515643086,0.153934131602432,0.138311139471563
"ours:turquoise","ENSG00000074370.13",22.0584761047003,0.121726848261657,0.137269205922595
"ours:turquoise","ENSG00000079805.12",70.8968167671596,0.391234916495959,0.136300591828328
"ours:turquoise","ENSG00000116604.13",30.0484447379732,0.165818457075494,0.134555880460034
"ours:turquoise","ENSG00000128789.16",3.22063020874703,0.0177726313851536,-0.130436109285449
"ours:turquoise","ENSG00000136636.8",0.608327339735241,0.00335697576867471,-0.123397168950113
"ours:turquoise","ENSG00000116171.12",6.81295061895552,0.0375963870881836,-0.125237991512135
"ours:turquoise","ENSG00000167208.10",10.0371824795442,0.0553888937233384,0.132688802080946
"ours:turquoise","ENSG00000015285.6",58.0607025333539,0.320400479783678,0.138211516273708
"ours:turquoise","ENSG00000141551.10",59.7279859075525,0.329601167507388,0.132573689188494
"ours:turquoise","ENSG00000175220.7",10.0638759076978,0.0555361979551908,0.136436540834898
"ours:turquoise","ENSG00000139083.6",44.5805538064447,0.246012021993731,0.128321258797448
"ours:turquoise","ENSG00000160796.12",53.4219053937981,0.294801877557344,0.124937003940969
"ours:turquoise","ENSG00000074755.10",43.6314321484936,0.240774416844088,0.126642164798913
"ours:turquoise","ENSG00000125868.11",0.697084850346367,0.00384677261479233,-0.122622157324047
"ours:turquoise","ENSG00000085185.11",13.3262459259734,0.0735391650823438,0.129661756468598
"ours:turquoise","ENSG00000100647.7",106.427363613961,0.587305645232868,0.127359410902019
"ours:turquoise","ENSG00000187240.9",0.740661836230913,0.00408724657696863,-0.114548667001857
"ours:turquoise","ENSG00000166889.13",21.9624513993794,0.121196948341169,0.122649381382797
"ours:turquoise","ENSG00000153815.12",47.822434069972,0.263901919058596,0.122868135950526
"ours:turquoise","ENSG00000109118.9",64.2015175621707,0.35428777352363,0.126827676427322
"ours:turquoise","ENSG00000198860.7",27.5365994997734,0.151957163905656,-0.128130204055659
"ours:turquoise","ENSG00000257499.2",1.28467805082611,0.00708932971687327,0.124580188756324
"ours:turquoise","ENSG00000102034.12",38.7153417978534,0.213645607885909,0.131123483174619
"ours:turquoise","ENSG00000142197.8",2.30649123613118,0.0127280736613331,0.127043046957194
"ours:turquoise","ENSG00000072062.9",42.5812066752106,0.234978883362081,0.13305354067974
"ours:turquoise","ENSG00000182095.10",66.9366777141827,0.369381401171115,0.124390826271808
"ours:turquoise","ENSG00000257923.5",47.5907912747052,0.262623628243921,0.120189906900114
"ours:turquoise","ENSG00000175215.5",53.2249460028758,0.293714982625042,0.122669108759274
"ours:turquoise","ENSG00000185215.4",65.9289785280597,0.363820543506226,0.120656044336655
"ours:turquoise","ENSG00000135956.4",113.691591582826,0.627392348027161,0.122796207359614
"ours:turquoise","ENSG00000095261.9",0.51136642428189,0.00282190949362109,-0.112645052832948
"ours:turquoise","ENSG00000116852.10",38.1508957752542,0.210530785492072,0.120974274579376
"ours:turquoise","ENSG00000076108.7",33.9635300365485,0.187423349082044,0.120539673882256
"ours:turquoise","ENSG00000198373.8",100.905932258872,0.556836340211163,0.12087992619014
"ours:turquoise","ENSG00000135972.4",7.83663983299496,0.0432454836546468,-0.128335555047156
"ours:turquoise","ENSG00000125637.11",30.7098579707133,0.169468380480803,0.119364129937016
"ours:turquoise","ENSG00000110060.4",4.29278727852253,0.0236891915466879,-0.130983049177505
"ours:turquoise","ENSG00000096070.15",7.67979332620157,0.0423799464868848,0.121579568340954
"ours:turquoise","ENSG00000116584.13",65.3509715971028,0.360630886993019,0.119608126298777
"ours:turquoise","ENSG00000039523.13",8.06385184497201,0.044499323764629,0.122562430311374
"ours:turquoise","ENSG00000111269.2",21.7087585468866,0.119796977136727,-0.111752188592219
"ours:turquoise","ENSG00000038002.4",0.666973131214152,0.00368060498615348,-0.121944980314036
"ours:turquoise","ENSG00000184988.4",2.84954212202841,0.0157248297596333,0.120407076374691
"ours:turquoise","ENSG00000160741.12",7.10100464968636,0.0391859760118926,0.128001854346691
"ours:turquoise","ENSG00000177889.5",24.3337918337341,0.134282883918012,-0.109068840483442
"ours:turquoise","ENSG00000215769.4",12.8301231460828,0.0708013756693195,0.111550483891542
"ours:turquoise","ENSG00000187514.10",5.43911503845715,0.0300150530717256,-0.108756113994266
"ours:turquoise","ENSG00000140992.14",49.3875620335492,0.272538875357306,0.121480900297208
"ours:turquoise","ENSG00000090020.6",9.26679355607817,0.0511376020591226,0.1184791027365
"ours:turquoise","ENSG00000108509.16",7.86088120521684,0.0433792565328866,0.122512897753469
"ours:turquoise","ENSG00000125447.12",16.0425175830174,0.0885285590125973,0.121994863040808
"ours:turquoise","ENSG00000138621.7",46.0231975384077,0.253973064897274,0.112500641794897
"ours:turquoise","ENSG00000133246.7",27.8766713068746,0.153833806202458,0.11925908149797
"ours:turquoise","ENSG00000091073.15",9.21434876936432,0.0508481922846608,0.111504447188354
"ours:turquoise","ENSG00000179361.13",12.2632332697631,0.0676730671847126,0.116337817680963
"ours:turquoise","ENSG00000173275.8",2.3182872898953,0.0127931686588215,-0.108653052198842
"ours:turquoise","ENSG00000197114.7",0.212685659993685,0.0011736783147937,0.107584179035464
"ours:turquoise","ENSG00000265206.2",0.977316319389101,0.00539319374326899,0.112247724415617
"ours:turquoise","ENSG00000188566.7",1.31696908912936,0.00726752363657535,0.119805546966903
"ours:turquoise","ENSG00000133874.1",4.53793514836368,0.0250420083692182,0.11242820938698
"ours:turquoise","ENSG00000166987.10",33.5909384736046,0.185367250717371,0.114624016822795
"ours:turquoise","ENSG00000142784.11",18.2478592871783,0.100698452060208,0.109911851754583
"ours:turquoise","ENSG00000175115.7",30.1999795133195,0.166654682140062,0.10736933042033
"ours:turquoise","ENSG00000180104.11",22.6652250208044,0.125075113703611,0.113679338610383
"ours:turquoise","ENSG00000127084.13",76.8639759200935,0.42416391273825,0.107114264464947
"ours:turquoise","ENSG00000187764.7",40.3606330227295,0.222724934777128,0.107943781358043
"ours:turquoise","ENSG00000214182.5",1.10070434823727,0.00607409462661267,-0.101677167207834
"ours:turquoise","ENSG00000272760.1",0.483398722319584,0.00266757334651674,-0.105876348371031
"ours:turquoise","ENSG00000132436.7",24.3497605715018,0.134371005332653,-0.109799390242444
"ours:turquoise","ENSG00000116337.11",50.4392539876117,0.278342501423881,0.103753593542394
"ours:turquoise","ENSG00000084112.10",43.3585570586479,0.239268590943043,0.105667027448377
"ours:turquoise","ENSG00000101104.8",10.1469504116959,0.0559946338641167,0.109946035482265
"ours:turquoise","ENSG00000263335.1",1.51803266162198,0.0083770669642099,0.10118979982335
"ours:turquoise","ENSG00000100813.10",14.5227720631446,0.0801420398615998,0.106582917974034
"ours:turquoise","ENSG00000064999.12",30.7660558548727,0.169778501238249,0.109001249210059
"ours:turquoise","ENSG00000156030.8",16.4074352623827,0.0905423100429611,0.10188505155098
"ours:turquoise","ENSG00000163945.11",5.3735486427121,0.0296532333944261,0.104926803843356
"ours:turquoise","ENSG00000139684.9",9.61694536020309,0.0530698695161741,-0.0978556759141045
"ours:turquoise","ENSG00000049239.8",6.25328046378551,0.0345079197012438,0.104627730053458
"ours:turquoise","ENSG00000085760.10",7.53636854248672,0.0415884753625264,-0.105409772136747
"ours:turquoise","ENSG00000086062.8",25.0354183175062,0.138154718949638,0.0979047273936345
"ours:turquoise","ENSG00000213445.4",51.7224465876818,0.285423633872824,0.100585678273022
"ours:turquoise","ENSG00000156711.12",20.3113314627355,0.112085456457701,0.103380642977285
"ours:turquoise","ENSG00000158717.6",13.6115942405913,0.0751138228615277,0.102075842075192
"ours:turquoise","ENSG00000267283.1",4.37564523609515,0.0241464324721644,0.104191540571539
"ours:turquoise","ENSG00000181222.10",25.0592698542664,0.138286340571288,0.100404392857311
"ours:turquoise","ENSG00000253307.1",19.2661192262014,0.10631758787449,0.0915654335079076
"ours:turquoise","ENSG00000184634.11",24.8729814492049,0.137258332094719,0.103093568977772
"ours:turquoise","ENSG00000183386.5",0.922678740384292,0.00509168332807374,0.0978358617816672
"ours:turquoise","ENSG00000077454.11",48.1584256991569,0.265756045421126,0.0998431930752739
"ours:turquoise","ENSG00000100299.13",14.8063657932364,0.0817070151929414,0.103004190928069
"ours:turquoise","ENSG00000152291.9",37.086492652622,0.204657014485276,0.0932072587060834
"ours:turquoise","ENSG00000153015.11",7.83198503242672,0.0432197967395685,-0.0929722766368684
"ours:turquoise","ENSG00000197744.5",0.966522182906225,0.00533362769675109,-0.0934281716166807
"ours:turquoise","ENSG00000108819.9",28.4031992887299,0.156739382791185,0.093062518545564
"ours:turquoise","ENSG00000129933.16",57.5202766081504,0.317418209191563,0.0937602912491349
"ours:turquoise","ENSG00000180329.9",8.6531034422863,0.0477510325152136,-0.0951782793124735
"ours:turquoise","ENSG00000028203.13",42.3663609640968,0.233793285084472,-0.0893500871494487
"ours:turquoise","ENSG00000101294.12",6.54909117538132,0.036140312865381,0.0891873254922982
"ours:turquoise","ENSG00000154059.5",6.28498615031349,0.034682883432859,-0.0893484021340206
"ours:turquoise","ENSG00000133119.8",0.847661256182537,0.00467770904113501,-0.0718794058052468
"ours:turquoise","ENSG00000144579.3",25.0732950881622,0.138363737011104,0.090859171107804
"ours:turquoise","ENSG00000060069.12",25.9377162936192,0.143133933665278,0.0904247980246607
"ours:turquoise","ENSG00000064102.10",17.4067115174827,0.0960566868520696,-0.0920429446112559
"ours:turquoise","ENSG00000142102.11",3.32655455868371,0.0183571612144472,0.0863763938504306
"ours:turquoise","ENSG00000183520.7",1.41551459902556,0.00781133429117657,-0.0771217030683844
"ours:turquoise","ENSG00000054965.6",8.5487123006561,0.0471749634977182,0.0848426185399265
"ours:turquoise","ENSG00000079432.3",14.2541435321206,0.0786596480463397,0.0916433592491532
"ours:turquoise","ENSG00000105329.5",15.7221764929312,0.0867607981264954,0.0821694781266994
"ours:turquoise","ENSG00000133275.11",30.3029732943372,0.167223040003694,0.0891920442530347
"ours:turquoise","ENSG00000124067.12",8.6461938065943,0.047712902584051,0.09743253254325
"ours:turquoise","ENSG00000165861.9",19.5788947184766,0.10804359898729,0.0872283709513103
"ours:turquoise","ENSG00000165660.7",0.775327687265773,0.00427854559367098,-0.0734629751970148
"ours:turquoise","ENSG00000173039.14",5.16567472150327,0.0285061080379673,0.0958502244073444
"ours:turquoise","ENSG00000104381.8",1.1126560849001,0.00614004874004801,-0.0773526903321553
"ours:turquoise","ENSG00000114650.14",28.6904839802215,0.158324726215776,0.0861198819232754
"ours:turquoise","ENSG00000172432.14",6.25752402262405,0.0345313372320096,0.0828836401901698
"ours:turquoise","ENSG00000126746.13",8.81334372948289,0.0486352978213209,0.0851608249762753
"ours:turquoise","ENSG00000231113.2",5.92074210716623,0.0326728497768645,0.0856535097956691
"ours:turquoise","ENSG00000129993.10",4.97510683808508,0.0274544838134158,0.0814489720300637
"ours:turquoise","ENSG00000198624.8",4.61024951362749,0.0254410658438064,0.0795762352988869
"ours:turquoise","ENSG00000172890.7",8.73440969959933,0.0481997105834396,0.082839050615094
"ours:turquoise","ENSG00000136643.7",1.74746429195825,0.00964315575111466,-0.0792394591717351
"ours:turquoise","ENSG00000175348.6",0.638583083737255,0.00352393817993539,-0.0708415082039432
"ours:turquoise","ENSG00000167302.5",5.06224084411362,0.0279353215594107,0.08830350812093
"ours:turquoise","ENSG00000130475.10",20.6712873878488,0.114071826688771,0.0832779401461888
"ours:turquoise","ENSG00000091592.11",38.5053467543733,0.212486777390454,0.0748021727994776
"ours:turquoise","ENSG00000011451.13",3.42073934566342,0.0188769077834676,0.0747095739943062
"ours:turquoise","ENSG00000174891.8",0.735473013619019,0.00405861273029052,-0.0758556212631914
"ours:turquoise","ENSG00000197724.6",14.1086634643941,0.0778568351029077,0.0832351473350666
"ours:turquoise","ENSG00000065970.4",9.38829287150097,0.0518080803216357,0.0843482757974199
"ours:turquoise","ENSG00000214688.4",6.90066932287175,0.0380804514138713,0.0666032281179314
"ours:turquoise","ENSG00000143373.13",24.8225463154437,0.136980012330232,0.0803450103880167
"ours:turquoise","ENSG00000167491.13",25.5681405097686,0.141094477487597,0.0733000361754479
"ours:turquoise","ENSG00000033100.10",27.4284216386557,0.151360198366285,0.0753798757683614
"ours:turquoise","ENSG00000154237.8",21.9800597525049,0.121294117761163,0.0743319163992557
"ours:turquoise","ENSG00000215440.7",6.02820770236347,0.0332658847688481,0.0837429448650542
"ours:turquoise","ENSG00000100982.7",13.7391708879829,0.0758178380947221,0.0748593993820559
"ours:turquoise","ENSG00000131480.4",34.6466673411582,0.191193153969082,0.0690326856757056
"ours:turquoise","ENSG00000155034.14",0.79281911638384,0.00437506978364805,0.0717803621007668
"ours:turquoise","ENSG00000060491.12",24.7863664216369,0.136780358264255,0.0679842507043646
"ours:turquoise","ENSG00000177169.5",50.2052991122962,0.277051451694406,0.0775352223668287
"ours:turquoise","ENSG00000117143.9",1.84631970627905,0.0101886765732129,-0.0707414256021049
"ours:turquoise","ENSG00000146067.11",4.88016598761004,0.0269305650057542,0.0695849881423345
"ours:turquoise","ENSG00000128815.13",20.9325155559677,0.115513380558193,0.0590104599310719
"ours:turquoise","ENSG00000161036.6",10.6915399676628,0.0589998809142494,0.0728179092486758
"ours:turquoise","ENSG00000254901.3",11.2967126156984,0.0623394479246758,0.0713557200199047
"ours:turquoise","ENSG00000177666.11",10.3209602945119,0.0569548849032657,0.0682144579747042
"ours:turquoise","ENSG00000169564.5",14.7505086459492,0.0813987747478675,0.0622116398409854
"ours:turquoise","ENSG00000254995.4",3.46845190623877,0.0191402033798526,0.0706510086533679
"ours:turquoise","ENSG00000110047.13",37.5932077306383,0.207453256125942,0.0569307244851497
"ours:turquoise","ENSG00000140548.5",29.7748610917664,0.164308721097785,0.0579923773222617
"ours:turquoise","ENSG00000103111.10",4.24018573000283,0.0233989167024696,0.0582282719551048
"ours:turquoise","ENSG00000205903.2",2.21234522064371,0.0122085410477796,0.0590257911248557
"ours:turquoise","ENSG00000135912.6",6.66014310247463,0.0367531385662267,0.0625683626646558
"ours:turquoise","ENSG00000089248.6",0.584771747107929,0.00322698727645756,-0.0441126113607499
"ours:turquoise","ENSG00000105639.14",17.4829404568482,0.0964773463976901,0.0499748781367458
"ours:turquoise","ENSG00000100307.8",7.21568847094725,0.0398188438511047,0.0509729822534425
"ours:turquoise","ENSG00000233038.1",1.90884431854806,0.0105337105616972,0.0626118168272806
"ours:turquoise","ENSG00000107331.12",3.90776139239153,0.0215644759772433,0.0519521821230516
"ours:turquoise","ENSG00000078061.8",4.19336103355583,0.0231405206694776,0.0610482065542468
"ours:turquoise","ENSG00000255026.1",0.313963461122077,0.00173256676527932,0.0440021030791195
"ours:turquoise","ENSG00000105327.11",6.66917327060158,0.0368029703814504,-0.0323001041303579
"ours:turquoise","ENSG00000161202.13",6.84464453941812,0.0377712858902883,0.0574570132643725
"ours:turquoise","ENSG00000267742.1",1.04270473799804,0.00575403127675497,-0.0489164257653716
"ours:turquoise","ENSG00000186625.9",1.80708803227233,0.00997218165279322,-0.0440399522981504
"ours:turquoise","ENSG00000108395.9",1.80635197512095,0.00996811981657426,-0.0475836591200965
"ours:turquoise","ENSG00000267350.2",7.26225277384454,0.0400758029359609,0.0389350421162459
"ours:turquoise","ENSG00000148719.10",51.832191142968,0.286029245011393,0.0411100878591904
"ours:turquoise","ENSG00000162736.11",23.4097151077552,0.129183485987191,0.039976976212161
"ours:turquoise","ENSG00000147180.12",2.07853165699733,0.0114701081986553,-0.0369898635342331
"ours:turquoise","ENSG00000130749.5",7.19601798489811,0.0397102948172017,0.0417173967873881
"ours:turquoise","ENSG00000110046.8",30.772947513605,0.169816531965884,0.0399867011703512
"ours:turquoise","ENSG00000113119.8",0.951044804255586,0.00524821778386535,-0.00785073259829553
"ours:turquoise","ENSG00000104859.10",2.4988022220983,0.0137893169719207,0.0325326380510915
"ours:turquoise","ENSG00000072310.12",3.10193319177014,0.017117617244282,-0.000167936227782276
"ours:turquoise","ENSG00000186866.12",2.5152959473064,0.013880335461872,0.0378002662389998
"ours:turquoise","ENSG00000131748.11",15.0844123168601,0.0832413789826326,0.0263463133945946
"ours:turquoise","ENSG00000169925.12",7.06531306292438,0.038989016605206,0.0227152032305532
"ours:turquoise","ENSG00000135723.9",3.84059124587589,0.0211938062086785,0.0222785707530503
"ours:turquoise","ENSG00000224051.2",0.613118152126541,0.0033834132474125,0.019920308162541
"ours:turquoise","ENSG00000178607.11",5.61956975314252,0.0310108690822399,0.00250302745568948
"ours:turquoise","ENSG00000111726.8",0.614414750573224,0.00339056835829262,-0.030983348786145
"ours:turquoise","ENSG00000144659.6",1.77494755486665,0.00979481858393716,0.00994161442702284
"ours:turquoise","ENSG00000110422.7",44.3414980484704,0.244692823702839,0.29186813052573
"ours:turquoise","ENSG00000133703.7",12.3162880743029,0.0679658432636727,0.197817979177397
"ours:turquoise","ENSG00000241975.1",6.26714918438624,0.0345844524426778,0.143883201699288
"ours:turquoise","ENSG00000157193.10",0.881219520765418,0.0048628959852111,-0.130452637766793
"ours:turquoise","ENSG00000123684.8",89.7337847173513,0.495184288542294,0.145916122822903
"ours:turquoise","ENSG00000108932.7",3.35323213826667,0.0185043779880117,-0.140442086715438
"ours:turquoise","ENSG00000065243.14",39.7579907099561,0.219399331094678,0.140776737525036
"ours:turquoise","ENSG00000116679.11",8.73507482498444,0.0482033809918778,-0.130744578962953
"ours:turquoise","ENSG00000144228.4",94.7614989624011,0.522929079529,0.134817134194154
"ours:turquoise","ENSG00000138814.12",48.09442884787,0.26540288707198,0.133461693113706
"ours:turquoise","ENSG00000189180.11",27.5048879634715,0.15178216789282,0.126966777377791
"ours:turquoise","ENSG00000112308.8",1.42969776306136,0.00788960224805002,0.126290106382771
"ours:turquoise","ENSG00000241157.1",7.67466105387003,0.0423516247056169,0.102797794256778
"ours:turquoise","ENSG00000135679.17",10.1855064384557,0.0562074003125644,0.115663555937562
"ours:turquoise","ENSG00000117335.14",75.7935109315752,0.418256690108351,0.112413824571345
"ours:turquoise","ENSG00000157107.9",11.9373358000794,0.0658746441362319,0.100519810172692
"ours:turquoise","ENSG00000113532.8",63.691963991846,0.351475868030173,-0.0965028014851721
"ours:turquoise","ENSG00000172795.11",63.7559542949578,0.351828990244061,0.107973591862972
"ours:turquoise","ENSG00000102786.10",12.4318809179766,0.0686037274255344,0.10221517805888
"ours:turquoise","ENSG00000136754.12",37.9600678643256,0.209477726339326,0.10066066797697
"ours:turquoise","ENSG00000115091.7",52.0297616383505,0.287119512244644,0.0995159061328052
"ours:turquoise","ENSG00000128585.13",20.5915096592195,0.11363158360845,0.092446309458105
"ours:turquoise","ENSG00000102710.15",9.92895029700062,0.0547916284182021,0.08592294282543
"ours:turquoise","ENSG00000101546.8",3.48280611171913,0.0192194152068224,-0.080381225076012
"ours:turquoise","ENSG00000164463.8",44.9025001011444,0.247788640993943,-0.0811280799042092
"ours:turquoise","ENSG00000115042.5",4.14466523898712,0.0228717992234307,-0.0741924315325605
"ours:turquoise","ENSG00000114544.11",2.69496540760616,0.0148718181475913,-0.0690806964185996
"ours:turquoise","ENSG00000134982.12",31.6846680566125,0.17484774389861,0.0837819044475974
"ours:turquoise","ENSG00000187257.10",43.041617875584,0.237519603040984,0.0794542622401781
"ours:turquoise","ENSG00000039319.12",92.0285459768115,0.507847631844034,0.0761648541114367
"ours:turquoise","ENSG00000169967.12",95.7694439004545,0.528491293344141,0.0770720758863561
"ours:turquoise","ENSG00000117899.6",4.75949557506945,0.0262646609366209,-0.0629876870109536
"ours:turquoise","ENSG00000167113.6",4.27629774322984,0.0235981961782431,-0.058088881627789
"ours:turquoise","ENSG00000197162.8",2.02685573205502,0.0111849412884672,-0.0659416495483627
"ours:turquoise","ENSG00000113580.10",55.1337639988753,0.304248547929159,0.073713376660201
"ours:turquoise","ENSG00000124209.3",4.08943202827633,0.0225670018916802,0.0684319688424175
"ours:turquoise","ENSG00000120063.5",50.6760202629808,0.279649065501043,0.068505323653264
"ours:turquoise","ENSG00000198399.10",22.8553226938648,0.1261241431331,0.0719202498407614
"ours:turquoise","ENSG00000129292.16",45.3384375931823,0.250194305677803,0.0642714126961594
"ours:turquoise","ENSG00000168096.10",5.0790659079456,0.0280281684987164,-0.0440010313033523
"ours:turquoise","ENSG00000176853.11",30.1602810461193,0.16643561128176,0.0618299906762414
"ours:turquoise","ENSG00000073536.13",4.04937878729921,0.0223459732601615,-0.0447354169808859
"ours:turquoise","ENSG00000167077.8",5.06125472245478,0.0279298797745402,-0.0437565158762621
"ours:turquoise","ENSG00000115339.9",22.973918286139,0.126778597574864,0.0569415056810541
"ours:turquoise","ENSG00000116903.6",18.0495077308136,0.0996038746429171,0.0653348321735587
"ours:turquoise","ENSG00000071189.17",41.5165360744949,0.229103636312066,0.0587712136847689
"ours:turquoise","ENSG00000100413.12",9.61674509241887,0.0530687643643011,-0.0484112835649224
"ours:turquoise","ENSG00000164754.8",22.2404173736842,0.122730867629859,0.0613428411335267
"ours:turquoise","ENSG00000119820.6",14.1069933564997,0.0778476188284346,-0.0491044487553064
"ours:turquoise","ENSG00000151553.10",44.7163207531562,0.246761234334732,0.0551246289588585
"ours:turquoise","ENSG00000211455.3",43.8237254205402,0.241835562402696,0.0560184041333659
"ours:turquoise","ENSG00000196233.7",10.6847390171294,0.0589623507480814,0.0584271637358631
"ours:turquoise","ENSG00000198961.5",46.4368356107584,0.256255673116867,0.0552272837858248
"ours:turquoise","ENSG00000147955.12",1.93471248009682,0.0106764606664962,-0.0430735118136342
"ours:turquoise","ENSG00000114331.8",69.198754975953,0.381864382057586,0.052185118224032
"ours:turquoise","ENSG00000138434.12",44.8348511080285,0.247415328772328,0.0515952604567569
"ours:turquoise","ENSG00000174718.7",44.6969023122221,0.246654076179207,-0.0395120805585072
"ours:turquoise","ENSG00000101596.10",72.0794974819487,0.397761387101989,0.0493283919885397
"ours:turquoise","ENSG00000186432.4",20.7273600308738,0.114381256319211,0.0512549264594519
"ours:turquoise","ENSG00000115204.10",4.83164016631823,0.0266627815352586,-0.0343280837866329
"ours:turquoise","ENSG00000125772.8",7.45236256056134,0.0411248992130968,0.0430414899055832
"ours:turquoise","ENSG00000112531.12",33.546553809452,0.185122319687104,0.0435916970766389
"ours:turquoise","ENSG00000147894.10",13.4229761483095,0.0740729583072579,-0.0455723290895073
"ours:turquoise","ENSG00000036257.8",25.6770176327926,0.141695301813384,0.0472051979177147
"ours:turquoise","ENSG00000141076.13",1.2003246367332,0.00662383630794952,-0.0303556102167958
"ours:turquoise","ENSG00000112406.4",33.1878974079357,0.183143120708978,0.0491975199607557
"ours:turquoise","ENSG00000176953.6",6.43692145950203,0.0355213187916479,-0.0302660801315977
"ours:turquoise","ENSG00000154429.6",7.28083845120118,0.0401783655933582,0.0371706922815182
"ours:turquoise","ENSG00000214558.3",1.75540918159281,0.00968699859730271,0.0253391411076705
"ours:turquoise","ENSG00000166478.5",9.21625335380622,0.050858702487644,0.0378128576901515
"ours:turquoise","ENSG00000135932.6",54.9209727913975,0.303074287164221,0.0428930031691692
"ours:turquoise","ENSG00000197930.8",1.22517381026725,0.00676096325914276,0.0365519042083869
"ours:turquoise","ENSG00000171055.10",4.32224959176131,0.0238517755128709,-0.0287275731124168
"ours:turquoise","ENSG00000111647.8",77.7916444375986,0.429283131506196,0.032899530380721
"ours:turquoise","ENSG00000105856.9",49.3494982088814,0.272328825062462,-0.0236787844742019
"ours:turquoise","ENSG00000110066.10",8.50249514782047,0.0469199201155913,0.0299916025573206
"ours:turquoise","ENSG00000182957.11",1.20692142596666,0.00666023983638114,-0.0184686715905618
"ours:turquoise","ENSG00000082074.11",25.0672846979337,0.138330569449761,0.0260479197438128
"ours:turquoise","ENSG00000113163.11",37.2090184022011,0.205333156991965,0.0242341125372354
"ours:turquoise","ENSG00000139496.11",48.9600326301158,0.270179609623257,0.0193701816672576
"ours:turquoise","ENSG00000132842.9",8.02831617663277,0.0443032247735983,-0.0140454973282178
"ours:turquoise","ENSG00000151883.12",28.3810589943117,0.156617204439139,-0.0120872757976882
"ours:turquoise","ENSG00000168495.8",5.88230984529953,0.0324607663089769,-0.00615021616395526
"ours:turquoise","ENSG00000145332.9",16.3482818602302,0.0902158796416129,-0.015153119572287
"ours:turquoise","ENSG00000185728.12",36.0452046216899,0.198910801123287,0.015192607315067
"ours:turquoise","ENSG00000109133.8",49.4992407582574,0.273155159959745,-0.0115807243177852
"ours:turquoise","ENSG00000119900.7",40.7745713158381,0.225009199726156,-0.00796916203723876
"ours:turquoise","ENSG00000188690.8",3.83953320000367,0.0211879675193361,0.0131879132250669
"ours:turquoise","ENSG00000110321.11",1.27434964487516,0.00703233374407767,0.0160572396624631
"ours:turquoise","ENSG00000164144.10",13.477473374658,0.0743736942044665,-0.0105419230101973
"ours:turquoise","ENSG00000241399.2",8.86827021784926,0.0489384025454725,-0.00747837242108988
"ours:turquoise","ENSG00000153250.13",11.3681766435748,0.0627338129223387,0.0108366445457498
"ours:turquoise","ENSG00000143740.10",3.51780429028394,0.0194125481300295,-0.0019114508632749
"ours:turquoise","ENSG00000164327.8",39.3278003314994,0.217025381114024,0.00822599758672404
"ours:turquoise","ENSG00000109586.7",30.0753525235565,0.165966944211106,0.00400932989957365
"ours:turquoise","ENSG00000143702.11",5.91297168923608,0.0326299697302183,-0.00700378931641007
"ours:turquoise","ENSG00000250492.1",0.809499773755635,0.00446711983457466,-0.000403795211682827
"ours:turquoise","ENSG00000113369.4",23.791584148074,0.131290780911196,0.00388561421402958
"ours:turquoise","ENSG00000109787.8",11.114860952232,0.0613359230329364,0.00601872728976644
"ours:turquoise","ENSG00000185361.4",1.71203840227002,0.00944766255937533,0.0115911389547943
"ours:turquoise","ENSG00000171862.5",67.9628286767552,0.375044082578558,0.00299718441219665
"ours:turquoise","ENSG00000165355.7",27.5797563024667,0.15219531914122,-0.000392391434557885
"ours:turquoise","ENSG00000136451.4",8.33883242494943,0.0460167685407294,0.0035402443158042
"ours:turquoise","ENSG00000134198.5",15.7477511130583,0.0869019283609134,0.488430739864169
"ours:turquoise","ENSG00000069943.5",20.1539062388079,0.111216725714261,0.43613107897755
"ours:turquoise","ENSG00000087903.8",26.2843723439278,0.145046910256889,0.436054734640925
"ours:turquoise","ENSG00000241163.3",22.0165793027301,0.121495646177167,0.411241113621531
"ours:turquoise","ENSG00000267519.2",21.8754801484796,0.120717008738308,0.393945356159593
"ours:turquoise","ENSG00000187049.5",1.06281752563645,0.00586502109478954,0.377880354847178
"ours:turquoise","ENSG00000136867.6",41.7922025790267,0.230624866274131,0.376635481719961
"ours:turquoise","ENSG00000213085.5",13.275353213172,0.0732583202270875,0.375941873736314
"ours:turquoise","ENSG00000180758.10",1.24965578073442,0.0068960638476902,0.35231625267268
"ours:turquoise","ENSG00000106714.13",24.0822269406436,0.132894655582389,0.346771915112236
"ours:turquoise","ENSG00000155744.5",63.8839076834486,0.3525350844743,0.349026758421892
"ours:turquoise","ENSG00000243660.5",9.55444183039378,0.0527249518685178,0.337331054342723
"ours:turquoise","ENSG00000188596.5",3.53021117253299,0.0194810139055328,0.336328192755112
"ours:turquoise","ENSG00000165801.5",60.822290188868,0.33563994419221,0.332566314443522
"ours:turquoise","ENSG00000229124.2",5.99065278556607,0.0330586428162863,0.32436444158071
"ours:turquoise","ENSG00000163659.8",6.50470023115008,0.0358953471793118,0.323115422514088
"ours:turquoise","ENSG00000120696.8",25.5240721790879,0.140851292102693,0.316661184083961
"ours:turquoise","ENSG00000143409.11",111.142918884713,0.613327827281521,0.314810012051052
"ours:turquoise","ENSG00000165609.8",11.5784803567222,0.0638943467714426,0.310856786714316
"ours:turquoise","ENSG00000181826.5",17.6461950931071,0.097378245999348,0.300268666133465
"ours:turquoise","ENSG00000135378.3",30.6194072516231,0.168969239882623,0.298917223256154
"ours:turquoise","ENSG00000185905.3",59.7248192997629,0.329583692991738,0.298891492026055
"ours:turquoise","ENSG00000067082.10",52.0072113780149,0.286995071548691,0.299540945440752
"ours:turquoise","ENSG00000183690.12",1.01702848135569,0.00561234017436896,0.285557151788885
"ours:turquoise","ENSG00000163694.10",132.626804566625,0.731883872588547,0.2951148132324
"ours:turquoise","ENSG00000264584.1",42.2212983642852,0.23299277588375,0.285574731637731
"ours:turquoise","ENSG00000137094.10",1.18456973553687,0.00653689492277855,0.296047405189781
"ours:turquoise","ENSG00000111837.7",33.9773221650292,0.187499459159767,0.286689260268385
"ours:turquoise","ENSG00000114316.8",119.566668862961,0.659813202360435,0.287625472409842
"ours:turquoise","ENSG00000010361.9",3.44927078161258,0.0190343548236886,0.284004639066469
"ours:turquoise","ENSG00000264508.1",40.7681460139453,0.22497374252844,0.27477956003749
"ours:turquoise","ENSG00000204054.7",31.2003418121328,0.172175052140979,0.276499521661756
"ours:turquoise","ENSG00000135604.9",56.1212149722035,0.309697668449798,0.272677280769737
"ours:turquoise","ENSG00000173171.10",53.3979314918317,0.294669580679126,0.269455202401163
"ours:turquoise","ENSG00000188315.3",94.5106449791248,0.521544774257268,0.268853547998882
"ours:turquoise","ENSG00000152242.6",9.07414257113252,0.0500744825081332,0.267628974161734
"ours:turquoise","ENSG00000173846.8",5.63840399357607,0.0311148034028383,0.273732829605769
"ours:turquoise","ENSG00000087074.7",51.0391305346147,0.281652842585536,0.267082210968515
"ours:turquoise","ENSG00000110931.14",79.8927212313409,0.440877652126932,0.259274731367238
"ours:turquoise","ENSG00000134152.6",18.6369406676713,0.102845547350922,0.254624915941061
"ours:turquoise","ENSG00000258738.1",8.96592903956489,0.0494773201259964,0.252655000503696
"ours:turquoise","ENSG00000213203.2",14.595974945276,0.0805460005016381,-0.249774194726076
"ours:turquoise","ENSG00000178502.5",3.22181547807269,0.0177791721406741,-0.248078904637239
"ours:turquoise","ENSG00000180221.6",20.9956865097397,0.115861981298691,0.246320375512773
"ours:turquoise","ENSG00000158470.5",104.637450332606,0.577428240222345,0.252904889892812
"ours:turquoise","ENSG00000003402.15",129.963613624702,0.717187397721448,0.253192839002228
"ours:turquoise","ENSG00000169231.9",2.08670526444267,0.0115152131945093,0.256382316456932
"ours:turquoise","ENSG00000132155.7",141.57905143465,0.781285689419981,0.248434569788935
"ours:turquoise","ENSG00000197852.8",102.498600756468,0.565625275385915,0.244060674707428
"ours:turquoise","ENSG00000238160.1",84.6798162258662,0.467294616891264,0.240830363190261
"ours:turquoise","ENSG00000197818.7",62.5752508574273,0.345313430986926,0.241703031075687
"ours:turquoise","ENSG00000137409.14",5.03285123386731,0.0277731387952913,0.24404246550774
"ours:turquoise","ENSG00000156502.9",7.89690347495879,0.0435780407708414,-0.224733231127956
"ours:turquoise","ENSG00000198734.6",33.5600608198936,0.185196856377794,0.233300417072123
"ours:turquoise","ENSG00000226266.2",1.68167989680163,0.00928013307224931,0.229122249016264
"ours:turquoise","ENSG00000238829.1",7.46343746851132,0.0411860146606527,0.230031697841801
"ours:turquoise","ENSG00000157514.12",23.9107739278134,0.131948514299658,0.234298988403469
"ours:turquoise","ENSG00000228242.3",32.2011662037523,0.177697972141299,0.227280966126709
"ours:turquoise","ENSG00000158156.7",41.3356843470972,0.228105629438231,0.230308347394717
"ours:turquoise","ENSG00000134815.14",110.606567343996,0.610368040653382,0.229438982216848
"ours:turquoise","ENSG00000181778.4",18.5048471271296,0.102116606226905,0.228521456792999
"ours:turquoise","ENSG00000134755.10",3.5306142784149,0.0194832383932212,0.228297890936929
"ours:turquoise","ENSG00000131759.13",134.223229890004,0.740693539320632,0.229373753784363
"ours:turquoise","ENSG00000165046.8",14.9577732992476,0.0825425379381401,0.228391249069914
"ours:turquoise","ENSG00000170345.5",48.0004748578111,0.264884414125925,0.226310910802309
"ours:turquoise","ENSG00000072401.10",27.2226251628945,0.150224537123918,0.228329141397079
"ours:turquoise","ENSG00000164823.5",39.1767209778116,0.216191669234992,0.224640119903145
"ours:turquoise","ENSG00000167552.9",74.4738294012029,0.41097419821549,0.225895632655225
"ours:turquoise","ENSG00000224307.1",7.75080247671227,0.0427718013026199,0.223490998688967
"ours:turquoise","ENSG00000198604.6",53.7434461221557,0.296576258492135,0.228615413158647
"ours:turquoise","ENSG00000172197.9",26.5922454464026,0.146745868165446,0.223168920841086
"ours:turquoise","ENSG00000196411.5",19.2751659172126,0.106367510869114,0.224305403111386
"ours:turquoise","ENSG00000214530.3",6.10218189348311,0.0336741017778092,0.228042281147033
"ours:turquoise","ENSG00000123329.13",101.557376270902,0.56043124976099,0.22110218450116
"ours:turquoise","ENSG00000130363.7",5.80511843994752,0.0320347955192546,0.221474577706293
"ours:turquoise","ENSG00000113749.5",64.1729816262327,0.354130301650802,0.221024316364568
"ours:turquoise","ENSG00000077150.13",15.289572036315,0.0843735263676538,0.222528818935459
"ours:turquoise","ENSG00000095951.12",3.23497456539966,0.0178517888626411,0.218947223124209
"ours:turquoise","ENSG00000242999.2",3.06110322924502,0.0168923023753295,0.216774420840624
"ours:turquoise","ENSG00000212304.1",14.6147858805495,0.0806498062157241,0.209931206788502
"ours:turquoise","ENSG00000261884.2",5.75496676204667,0.0317580399692825,0.22167532508191
"ours:turquoise","ENSG00000183023.14",22.1737057183145,0.122362727985401,0.215104415821333
"ours:turquoise","ENSG00000141385.5",10.8339274391604,0.0597856277652592,-0.209411688624814
"ours:turquoise","ENSG00000163235.11",82.0995037118631,0.453055495912604,0.2143520419267
"ours:turquoise","ENSG00000064012.17",28.6950546519185,0.158349948876557,0.221390307329388
"ours:turquoise","ENSG00000143878.8",23.4334665687434,0.129314555353632,0.21524988114358
"ours:turquoise","ENSG00000151465.9",20.8760811225404,0.115201954434198,0.218106943240284
"ours:turquoise","ENSG00000223117.1",15.7632246510693,0.0869873170797258,0.205554416089816
"ours:turquoise","ENSG00000111348.4",44.6993118096114,0.246667372679006,0.217797301964767
"ours:turquoise","ENSG00000188895.7",159.195429281567,0.878499392801547,0.214146008637651
"ours:turquoise","ENSG00000107341.4",97.4342905530172,0.537678534334567,0.211953434092204
"ours:turquoise","ENSG00000004455.12",1.38861132782157,0.00766287206758296,-0.204202787259825
"ours:turquoise","ENSG00000254470.2",101.263944800686,0.558811986132773,0.208902883959682
"ours:turquoise","ENSG00000124731.8",89.870695619084,0.495939813651167,0.210112141883158
"ours:turquoise","ENSG00000172765.12",75.899797328033,0.418843217844559,0.209631097604933
"ours:turquoise","ENSG00000136238.13",54.1966438214038,0.299077171397771,0.210506302646771
"ours:turquoise","ENSG00000105810.5",5.64447966273768,0.0311483311975332,-0.203669120191456
"ours:turquoise","ENSG00000164713.5",41.3590977532693,0.22823483329288,0.210157999592762
"ours:turquoise","ENSG00000143384.8",123.33235980778,0.680593680942207,0.214738941816812
"ours:turquoise","ENSG00000165879.7",92.1272126497092,0.508392111120993,0.209579844982397
"ours:turquoise","ENSG00000127528.5",6.0996450169586,0.0336601023527223,0.20879323347407
"ours:turquoise","ENSG00000261471.1",31.620270827622,0.174492376116874,0.202694259705896
"ours:turquoise","ENSG00000145491.7",90.6688863721192,0.500344526117133,0.203206976559635
"ours:turquoise","ENSG00000154928.12",87.3209874438713,0.481869578759036,0.202776088893157
"ours:turquoise","ENSG00000205155.3",11.8315869967442,0.065291083038161,0.197840555491741
"ours:turquoise","ENSG00000160588.5",91.5186265374247,0.505033707349464,0.204879122324508
"ours:turquoise","ENSG00000198055.6",34.9968344511568,0.193125505889618,0.208146296152423
"ours:turquoise","ENSG00000180304.10",89.8345662652775,0.495740438483648,0.203211476718401
"ours:turquoise","ENSG00000087206.12",41.5752761724568,0.229427785947677,0.198919598241626
"ours:turquoise","ENSG00000070413.14",91.0171665015322,0.502266464979291,0.203331134496342
"ours:turquoise","ENSG00000120051.10",34.5925683359053,0.1908946156035,0.194830748556962
"ours:turquoise","ENSG00000160570.9",80.0926120205453,0.441980723601629,0.203178441529277
"ours:turquoise","ENSG00000115840.9",11.717765757689,0.0646629752473206,-0.197595796938252
"ours:turquoise","ENSG00000197405.3",113.175557309485,0.624544679612054,0.19883528641256
"ours:turquoise","ENSG00000137261.9",29.4451947906567,0.162489500240384,0.204119780506501
"ours:turquoise","ENSG00000270426.1",38.3640112354846,0.2117068356039,0.190720888358454
"ours:turquoise","ENSG00000146426.13",1.17171664342225,0.00646596679582625,0.193159304259549
"ours:turquoise","ENSG00000112763.11",12.2922957422272,0.0678334446812789,0.196927026189716
"ours:turquoise","ENSG00000124588.15",8.1254095342904,0.0448390219138317,0.19568600454804
"ours:turquoise","ENSG00000196684.8",49.8771107137381,0.275240386451145,0.195228547441866
"ours:turquoise","ENSG00000051620.6",19.3205572190662,0.106617996899378,0.198641119730822
"ours:turquoise","ENSG00000175711.4",52.6098095148326,0.290320431451841,0.194115562104927
"ours:turquoise","ENSG00000147439.7",61.6522321757186,0.340219871736607,0.196645043043737
"ours:turquoise","ENSG00000182541.13",121.927041278677,0.672838612344564,0.196013215334049
"ours:turquoise","ENSG00000234383.1",19.0627409735439,0.105195271283649,0.193007506198213
"ours:turquoise","ENSG00000177125.5",114.438472067445,0.631513911411196,0.19466551175085
"ours:turquoise","ENSG00000114656.6",56.7546313596528,0.313193094884312,0.189987875196809
"ours:turquoise","ENSG00000172965.10",7.79715573696565,0.0430275957759332,0.190645805706612
"ours:turquoise","ENSG00000155099.3",113.10712927495,0.624167068351093,0.191487745445601
"ours:turquoise","ENSG00000136404.11",54.1282114522243,0.298699536216639,0.191283959633547
"ours:turquoise","ENSG00000035664.7",69.3247654107036,0.38255975434883,0.191172322118685
"ours:turquoise","ENSG00000227598.1",4.19147810937224,0.0231301299958292,0.189076931943673
"ours:turquoise","ENSG00000234219.1",3.83522712660677,0.021164205010063,0.188605005894758
"ours:turquoise","ENSG00000008405.7",5.73646447597851,0.0316559374959284,-0.192511029164653
"ours:turquoise","ENSG00000162413.12",91.7360121943718,0.506233321989744,0.191541128336597
"ours:turquoise","ENSG00000154845.11",126.512323547403,0.698141899675602,0.192227981894359
"ours:turquoise","ENSG00000270346.1",5.02418105130327,0.027725293513851,0.183217849644724
"ours:turquoise","ENSG00000218809.1",53.3832701297627,0.294588673848237,0.186968344990609
"ours:turquoise","ENSG00000144635.4",23.8985308544893,0.131880952482528,0.191852977501884
"ours:turquoise","ENSG00000151948.7",133.797353704566,0.73834339665633,0.191059468755121
"ours:turquoise","ENSG00000135636.9",132.49775560619,0.731171732586193,0.189491180199433
"ours:turquoise","ENSG00000079277.15",47.2161268651501,0.26055609114324,0.192234698618425
"ours:turquoise","ENSG00000112561.13",82.1481566783448,0.45332398101739,0.189233707044551
"ours:turquoise","ENSG00000162551.9",54.6754466844663,0.301719383089214,0.187153400999349
"ours:turquoise","ENSG00000165886.4",33.3181455078689,0.183861878007609,0.187125226401656
"ours:turquoise","ENSG00000157350.8",93.5227815141286,0.516093377454694,0.187964170368227
"ours:turquoise","ENSG00000255031.1",24.3151750184061,0.134180149429745,0.193296102950311
"ours:turquoise","ENSG00000159128.10",114.854275237246,0.63380846744113,0.185306362562663
"ours:turquoise","ENSG00000176407.13",23.8745613847198,0.131748680062815,0.186613941642956
"ours:turquoise","ENSG00000102921.3",122.592704974258,0.676511991379487,0.185085091185555
"ours:turquoise","ENSG00000128016.4",51.5345059608529,0.28438650782406,0.182967650029697
"ours:turquoise","ENSG00000177173.5",14.8784781578074,0.0821049579528246,0.175351698665373
"ours:turquoise","ENSG00000168461.8",82.5127692395538,0.455336048292659,0.184343078575189
"ours:turquoise","ENSG00000133943.16",53.7760631729216,0.296756251469459,0.184083500849526
"ours:turquoise","ENSG00000125744.7",11.7450721171485,0.0648136618613334,0.185161531911559
"ours:turquoise","ENSG00000101442.8",7.10555371701052,0.0392110794517346,-0.181687978005237
"ours:turquoise","ENSG00000151151.5",55.2140745600016,0.304691731376719,0.183274314218995
"ours:turquoise","ENSG00000181444.8",96.3521885638564,0.531707094421266,0.181891049375343
"ours:turquoise","ENSG00000126775.8",10.5480850963037,0.0582082437551165,-0.171995233097799
"ours:turquoise","ENSG00000244482.5",49.9375874255801,0.275574119365913,0.183806871182338
"ours:turquoise","ENSG00000116793.11",45.3940640315089,0.250501272985308,0.182689493991301
"ours:turquoise","ENSG00000196923.9",112.601276568243,0.621375585594996,0.183964568306301
"ours:turquoise","ENSG00000073737.12",10.1915905235745,0.056240974549631,0.176654529313496
"ours:turquoise","ENSG00000166900.10",160.840078499188,0.887575176858738,0.181561648604745
"ours:turquoise","ENSG00000129103.13",6.54040263990905,0.0360923663057896,-0.17004562641978
"ours:turquoise","ENSG00000113719.11",124.286904744295,0.685861213753388,0.182441611548141
"ours:turquoise","ENSG00000221930.5",22.0538284385515,0.12170120071695,0.174435470874038
"ours:turquoise","ENSG00000174080.6",1.35173681803378,0.00745938485312824,-0.170509369166977
"ours:turquoise","ENSG00000160785.9",94.6177099692485,0.522135598561951,0.180057933773576
"ours:turquoise","ENSG00000120306.5",55.3954011108352,0.305692358502291,0.180712938520783
"ours:turquoise","ENSG00000066336.7",118.265936561038,0.652635279334672,0.178555856310617
"ours:turquoise","ENSG00000149573.4",3.1991763446947,0.0176542410103277,0.180470018695676
"ours:turquoise","ENSG00000180509.7",11.7747290722038,0.0649773199332143,0.177129045574329
"ours:turquoise","ENSG00000105053.6",26.0196196404203,0.143585906694641,0.181157201755662
"ours:turquoise","ENSG00000228283.3",8.76323658546743,0.0483587880258371,0.167511079719173
"ours:turquoise","ENSG00000149474.9",9.2409022514427,0.0509947242421918,-0.174368424536712
"ours:turquoise","ENSG00000248712.3",8.79739413643281,0.0485472820543284,0.175213066591703
"ours:turquoise","ENSG00000256751.1",20.6481740420107,0.113944278678279,0.178680957103242
"ours:turquoise","ENSG00000167395.10",47.3512074566599,0.261301515921804,0.179106693794952
"ours:turquoise","ENSG00000179101.5",14.2197506189882,0.0784698552021619,0.178987394875077
"ours:turquoise","ENSG00000259448.2",4.99618406009711,0.0275707957378415,0.180396700800248
"ours:turquoise","ENSG00000250616.2",24.8612375448581,0.137193524877047,0.17217338772453
"ours:turquoise","ENSG00000119979.11",25.0910391525447,0.138461655336123,0.175789740077244
"ours:turquoise","ENSG00000146833.11",7.27788170676864,0.040162049181509,-0.166170767262256
"ours:turquoise","ENSG00000069399.8",39.2476080844345,0.216582850567313,0.174395306691799
"ours:turquoise","ENSG00000118515.7",28.5376148274773,0.15748113756207,0.17569726016068
"ours:turquoise","ENSG00000140995.12",103.55587822659,0.571459724400666,0.176284390890366
"ours:turquoise","ENSG00000198000.7",26.7680105707851,0.147715805278229,-0.168438242572552
"ours:turquoise","ENSG00000163026.7",12.0317915875261,0.0663958861862896,-0.175976220680814
"ours:turquoise","ENSG00000132589.11",97.3306666097851,0.537106699002234,0.176622364282046
"ours:turquoise","ENSG00000109381.15",67.4627192845043,0.372284293560686,0.174840218218723
"ours:turquoise","ENSG00000235655.2",21.145857059485,0.116690678060672,0.174287550045161
"ours:turquoise","ENSG00000135297.11",20.3858361584447,0.112496600987646,-0.166573041858797
"ours:turquoise","ENSG00000144736.9",15.5444440931675,0.0857800048588862,-0.169445843708865
"ours:turquoise","ENSG00000186431.14",78.8944952227745,0.435369070967524,0.171776223957481
"ours:turquoise","ENSG00000198736.7",125.55174893861,0.692841092897583,0.171878582299683
"ours:turquoise","ENSG00000203644.2",27.5744976263967,0.152166299817266,0.15605081633223
"ours:turquoise","ENSG00000248166.1",4.63006947409837,0.025550439732979,0.171646145089981
"ours:turquoise","ENSG00000166579.11",138.620443274709,0.764958992832175,0.172425085124262
"ours:turquoise","ENSG00000180953.7",46.264692486151,0.255305723541524,0.161377783612178
"ours:turquoise","ENSG00000137760.10",22.2505095156807,0.122786559810571,-0.177445455815332
"ours:turquoise","ENSG00000231047.1",14.2946710545563,0.078883293938764,0.163633021867578
"ours:turquoise","ENSG00000138442.5",13.1425912071496,0.0725256902627465,-0.166136206815047
"ours:turquoise","ENSG00000269657.1",42.5526415656875,0.234821250498596,0.16600937867308
"ours:turquoise","ENSG00000183726.6",16.9003023132887,0.0932621331365437,0.173502305922265
"ours:turquoise","ENSG00000156052.6",64.2652894556816,0.354639690472376,0.171288710782672
"ours:turquoise","ENSG00000222365.1",10.5440758217622,0.0581861190919512,0.154770513054586
"ours:turquoise","ENSG00000166130.10",37.1230439263021,0.204858717963065,0.165881632216495
"ours:turquoise","ENSG00000102796.6",13.2611080962584,0.0731797103912681,0.165080689624718
"ours:turquoise","ENSG00000131389.12",158.737672622572,0.875973321866013,0.170027856840471
"ours:turquoise","ENSG00000224152.1",25.0891563844669,0.138451265523924,0.162873874037015
"ours:turquoise","ENSG00000175274.14",42.7977377273789,0.236173781976388,0.173280745144039
"ours:turquoise","ENSG00000269089.1",5.86008239835309,0.0323381070169727,0.166124531168364
"ours:turquoise","ENSG00000163412.8",18.9062391711438,0.104331636322512,0.167524079587529
"ours:turquoise","ENSG00000138069.12",44.7106659632772,0.246730029107939,0.168441260654601
"ours:turquoise","ENSG00000108256.4",15.0915569289844,0.0832808056008545,0.174463564758236
"ours:turquoise","ENSG00000115828.11",104.634461121642,0.577411744648142,0.167730490874118
"ours:turquoise","ENSG00000260682.2",43.3563998538638,0.239256686687365,0.163113132922759
"ours:turquoise","ENSG00000128011.4",7.61018414369873,0.0419958172135876,0.165902009505968
"ours:turquoise","ENSG00000146828.13",78.0164935515288,0.430523932268825,0.169187302573546
"ours:turquoise","ENSG00000088833.13",50.9071480522235,0.280924514321562,0.166545663931219
"ours:turquoise","ENSG00000086475.10",17.3706099832683,0.0958574652033723,-0.155787473077788
"ours:turquoise","ENSG00000180771.10",3.99951259394717,0.0220707931197592,-0.167287020380048
"ours:turquoise","ENSG00000129355.6",36.1509603503193,0.199494400437699,0.169377123467702
"ours:turquoise","ENSG00000118520.9",3.60669548150455,0.0199030826753059,0.167252291768891
"ours:turquoise","ENSG00000106049.4",9.01689538645547,0.0497585713214532,-0.163904777236731
"ours:turquoise","ENSG00000188603.12",0.74510957108624,0.00411179082668347,0.18051850434723
"ours:turquoise","ENSG00000271722.1",43.1515004215176,0.238125975663098,0.166714478817063
"ours:turquoise","ENSG00000209042.1",3.82993298585041,0.0211349899788221,0.158298750188068
"ours:turquoise","ENSG00000155016.13",8.67210819324041,0.047855907776073,-0.163119265990747
"ours:turquoise","ENSG00000186141.4",4.7234609132952,0.026065808314838,-0.160610722196538
"ours:turquoise","ENSG00000133318.9",112.482698784575,0.620721229427723,0.163027155623399
"ours:turquoise","ENSG00000106348.12",120.954538407958,0.66747198099541,0.167921743543789
"ours:turquoise","ENSG00000167536.9",36.7626802535315,0.202870097629269,0.166711629023527
"ours:turquoise","ENSG00000234290.2",3.5459540201024,0.0195678887743221,0.15509116288432
"ours:turquoise","ENSG00000064932.11",92.0022040939593,0.507702267569473,0.16551547451063
"ours:turquoise","ENSG00000109854.9",30.7886381390867,0.169903118653835,0.16372968390537
"ours:turquoise","ENSG00000261338.1",2.93355994543599,0.0161884712547514,0.163974188930119
"ours:turquoise","ENSG00000179335.14",25.7319491484856,0.141998434280188,0.168311668735663
"ours:turquoise","ENSG00000143207.15",97.4820692445224,0.537942194865938,0.16416451323543
"ours:turquoise","ENSG00000136925.10",5.03601301966683,0.0277905867014127,-0.155577905244511
"ours:turquoise","ENSG00000146094.9",107.211600042809,0.591633352565075,0.162652196736453
"ours:turquoise","ENSG00000183762.8",40.5417725724238,0.223724529961091,0.158557572298642
"ours:turquoise","ENSG00000168906.8",1.06127676723762,0.00585651861878293,-0.154977791316005
"ours:turquoise","ENSG00000235750.5",71.2719482801477,0.39330503124654,0.164786679054874
"ours:turquoise","ENSG00000120129.5",62.1976940131894,0.343229932359434,0.162006065709018
"ours:turquoise","ENSG00000139890.5",25.7381599031386,0.142032707526701,0.153045015899716
"ours:turquoise","ENSG00000148200.12",41.1470607528521,0.227064734522089,0.162292988277725
"ours:turquoise","ENSG00000236535.1",4.3856702144924,0.0242017540192375,0.159625275025331
"ours:turquoise","ENSG00000244617.1",68.7313111858994,0.379284853941835,0.156953726166309
"ours:turquoise","ENSG00000099875.10",74.3784908576987,0.410448084790268,0.16283412103436
"ours:turquoise","ENSG00000062716.6",96.9251049513149,0.534868659428375,0.161509882554067
"ours:turquoise","ENSG00000272941.1",16.9115915118815,0.0933244311193046,0.15683917078052
"ours:turquoise","ENSG00000174529.6",0.866159175361602,0.0047797874163763,0.156006241838922
"ours:turquoise","ENSG00000148841.11",134.760832893163,0.743660231982442,0.159718253198558
"ours:turquoise","ENSG00000125780.11",28.7256857958689,0.158518982883894,0.162754051965779
"ours:turquoise","ENSG00000085415.11",8.42900122646284,0.0465143534132139,-0.136726649190819
"ours:turquoise","ENSG00000253719.2",7.6045164314083,0.0419645406761381,-0.150132295526159
"ours:turquoise","ENSG00000175756.9",16.3775518987094,0.0903774025643964,0.159856695964344
"ours:turquoise","ENSG00000261997.1",21.7245913319397,0.119884348313891,0.155838933995536
"ours:turquoise","ENSG00000160746.8",15.0932554115938,0.0832901784575236,0.156584179700506
"ours:turquoise","ENSG00000138772.8",24.3673307579982,0.134467964135039,0.154263274277829
"ours:turquoise","ENSG00000002919.10",63.7580497751417,0.351840553880515,0.158789174791448
"ours:turquoise","ENSG00000249936.2",33.3123796490222,0.183830059861079,0.158720496839489
"ours:turquoise","ENSG00000072952.14",75.7813484228147,0.418189572876347,0.157246352420028
"ours:turquoise","ENSG00000085788.9",47.3321821183448,0.261196527052255,-0.152682432858345
"ours:turquoise","ENSG00000182923.12",69.7461097700327,0.384884888716704,0.154262663951726
"ours:turquoise","ENSG00000166938.8",12.9177004536066,0.0712846597172982,-0.152302108850469
"ours:turquoise","ENSG00000180549.7",39.7725591707009,0.219479725261622,0.156221940604178
"ours:turquoise","ENSG00000076944.10",37.756992682684,0.2083570822067,0.162103426195001
"ours:turquoise","ENSG00000175595.10",3.56741751992423,0.0196863323228961,-0.152550369557616
"ours:turquoise","ENSG00000163191.5",62.3029892637395,0.343810990585104,0.155903174839921
"ours:turquoise","ENSG00000112242.10",57.2505266707359,0.315929629040134,0.154002138398189
"ours:turquoise","ENSG00000182782.7",51.7239370269574,0.285431858669255,0.15157870600399
"ours:turquoise","ENSG00000197249.8",91.5978720674955,0.505471013560852,0.154488807718385
"ours:turquoise","ENSG00000196177.8",20.8975062317057,0.115320186128897,-0.155051962537092
"ours:turquoise","ENSG00000213462.4",21.3626647839811,0.117887103455447,0.151848999006829
"ours:turquoise","ENSG00000168769.8",105.786728696681,0.583770384274826,0.155891815303105
"ours:turquoise","ENSG00000148925.6",24.3643639749673,0.134451592326483,0.153530044628115
"ours:turquoise","ENSG00000174840.8",12.9588837681587,0.0715119245137238,-0.150780627034383
"ours:turquoise","ENSG00000059728.6",181.212907585389,1,0.155198087618353
"ours:turquoise","ENSG00000170892.6",114.329805347207,0.630914248165984,0.155795564653633
"ours:turquoise","ENSG00000159322.13",4.19905823885789,0.0231719599602984,0.159145218214841
"ours:turquoise","ENSG00000159110.15",33.9097518047938,0.187126580863536,0.154112690913732
"ours:turquoise","ENSG00000243646.4",88.0692997378763,0.48599904339804,0.154623979795684
"ours:turquoise","ENSG00000115368.5",40.4707027238661,0.223332340191032,-0.153378063319668
"ours:turquoise","ENSG00000139178.6",88.8754086059106,0.490447450957829,0.155797509481849
"ours:turquoise","ENSG00000079950.9",29.3128943042364,0.161759417112293,0.157738651307473
"ours:turquoise","ENSG00000157916.14",12.2954848173137,0.0678510431798019,0.16134232559742
"ours:turquoise","ENSG00000125753.9",119.268534410635,0.658167985933534,0.153496615811476
"ours:turquoise","ENSG00000271327.1",4.07969949496679,0.0225132941650109,0.154033097854333
"ours:turquoise","ENSG00000119537.11",4.96905854447911,0.027421107087185,-0.148263046342516
"ours:turquoise","ENSG00000272562.1",2.22524756601498,0.0122797409724604,0.141977887400216
"ours:turquoise","ENSG00000108799.8",7.44791591003643,0.0411003609471192,0.158432781608336
"ours:turquoise","ENSG00000059588.5",16.2328625092386,0.0895789528766851,-0.147719396613851
"ours:turquoise","ENSG00000119729.6",9.23673382506444,0.0509717213201936,0.152875218800843
"ours:turquoise","ENSG00000121060.10",104.64454176937,0.577467373399221,0.154725330212994
"ours:turquoise","ENSG00000184014.3",150.454698457225,0.830264799908524,0.153604687154585
"ours:turquoise","ENSG00000170837.2",77.133024521481,0.425648622657497,0.147848579751453
"ours:turquoise","ENSG00000170956.12",80.1512975842837,0.442304572297179,0.147488904581936
"ours:turquoise","ENSG00000198189.6",64.4402954516538,0.355605438433182,0.153037792722088
"ours:turquoise","ENSG00000204577.7",73.7144238578695,0.406783516914405,0.151040632285988
"ours:turquoise","ENSG00000183155.4",3.45323514587061,0.0190562316552612,0.145393512890982
"ours:turquoise","ENSG00000140044.8",68.4730688312497,0.377859776897982,0.154330060688005
"ours:turquoise","ENSG00000126883.12",48.1688121075771,0.265813361473049,0.151179466618974
"ours:turquoise","ENSG00000105520.6",63.1933061037656,0.348724088950388,0.155495131801756
"ours:turquoise","ENSG00000159267.10",3.99683596332226,0.0220560224797393,-0.137877919584165
"ours:turquoise","ENSG00000140382.10",7.40747259732036,0.0408771797551447,-0.140211574421782
"ours:turquoise","ENSG00000175198.10",2.31719145594427,0.0127871214408521,-0.140247350691683
"ours:turquoise","ENSG00000161040.12",26.3455291663803,0.145384396274124,0.144468171442051
"ours:turquoise","ENSG00000144118.9",102.919037821118,0.567945402965416,0.150063149620853
"ours:turquoise","ENSG00000129749.3",4.29396684831947,0.023695700850096,0.14975484219401
"ours:turquoise","ENSG00000143157.7",4.41299244124009,0.0243525281948288,-0.140241440307573
"ours:turquoise","ENSG00000110446.5",82.016695939999,0.452598531930471,0.149173450804797
"ours:turquoise","ENSG00000083290.15",0.993822745385995,0.00548428232088102,-0.135857463712508
"ours:turquoise","ENSG00000100483.9",15.2157813150315,0.0839663218132611,0.143505199215422
"ours:turquoise","ENSG00000166411.9",3.8000709085612,0.0209701999664156,-0.141234602223559
"ours:turquoise","ENSG00000163389.6",11.8692451397487,0.0654988946311998,-0.145722181937335
"ours:turquoise","ENSG00000170006.7",146.67452226698,0.809404386372789,0.149289596204494
"ours:turquoise","ENSG00000156804.3",2.00654330819705,0.0110728498037677,-0.140494051442234
"ours:turquoise","ENSG00000270640.1",22.6738915662157,0.125122938913894,0.142444427095137
"ours:turquoise","ENSG00000133794.13",13.1563407945868,0.0726015655832211,0.150413032510945
"ours:turquoise","ENSG00000125384.6",3.43718261396664,0.0189676478335133,-0.140624476914878
"ours:turquoise","ENSG00000173110.6",97.5954957978525,0.538568124634636,0.147172305427008
"ours:turquoise","ENSG00000172340.10",16.0996602744442,0.0888438935667862,-0.139005817120205
"ours:turquoise","ENSG00000166526.12",1.7155720921049,0.00946716276982925,-0.135260837259544
"ours:turquoise","ENSG00000204160.7",161.700591161432,0.892323804722559,0.147217610080141
"ours:turquoise","ENSG00000135766.8",85.3684094580289,0.47109452960906,0.148556670947252
"ours:turquoise","ENSG00000105339.6",148.156973591123,0.817585102326721,0.148203487804807
"ours:turquoise","ENSG00000205352.6",7.23413590123185,0.0399206436099099,0.143117378020117
"ours:turquoise","ENSG00000136444.5",13.8185365273371,0.076255807113661,-0.131330617553163
"ours:turquoise","ENSG00000102218.5",91.8851396161255,0.507056262384779,0.146663049506821
"ours:turquoise","ENSG00000170525.14",48.8561761257106,0.269606490932161,0.147714450385997
"ours:turquoise","ENSG00000197208.5",86.2779177862765,0.476113533720669,0.145070039300241
"ours:turquoise","ENSG00000188186.6",33.3979690369135,0.1843023738316,0.148875080200705
"ours:turquoise","ENSG00000167995.11",104.800461527622,0.578327796424985,0.147091181082019
"ours:turquoise","ENSG00000182134.11",2.41915563591386,0.0133497975842253,-0.128462461638685
"ours:turquoise","ENSG00000148660.16",100.16250183998,0.552733815568752,0.147988322954978
"ours:turquoise","ENSG00000117151.8",101.294698098104,0.558981694228227,0.144160160207602
"ours:turquoise","ENSG00000107815.3",3.12208671415892,0.0172288318517695,-0.135485339833388
"ours:turquoise","ENSG00000184083.7",2.66164310254562,0.01468793331563,-0.131069310851543
"ours:turquoise","ENSG00000176788.7",98.901752894383,0.545776535525096,0.145093473982014
"ours:turquoise","ENSG00000182831.7",82.5577622308715,0.455584336297731,0.14864046244817
"ours:turquoise","ENSG00000073150.9",54.9704960830036,0.303347575045674,0.149595344944506
"ours:turquoise","ENSG00000243609.1",24.3897572382122,0.134591721766396,0.138340407127618
"ours:turquoise","ENSG00000248323.1",105.646133674713,0.582994528824784,0.143140641087702
"ours:turquoise","ENSG00000136560.9",40.9793052672002,0.226138997565008,0.147391333636067
"ours:turquoise","ENSG00000184154.8",0.877889273906691,0.00484451844851627,0.141607440791822
"ours:turquoise","ENSG00000175029.12",44.2151474746707,0.243995574398232,0.143259439561396
"ours:turquoise","ENSG00000198355.4",17.0431994058359,0.0940506922654226,0.145287771648957
"ours:turquoise","ENSG00000089351.10",41.1648998854647,0.227163177468843,0.145685361395482
"ours:turquoise","ENSG00000146909.3",22.4233824193037,0.123740536577052,-0.131849059157086
"ours:turquoise","ENSG00000113269.9",100.617699272837,0.555245763745752,0.143820058705446
"ours:turquoise","ENSG00000198964.9",1.70942033097896,0.00943321507146761,0.141237605972819
"ours:turquoise","ENSG00000068383.14",39.0874405280516,0.215698986616797,0.144266071434337
"ours:turquoise","ENSG00000134905.12",17.6430533282653,0.0973609085762932,0.143956215474485
"ours:turquoise","ENSG00000167193.7",63.2293769993712,0.348923141523884,0.144044591353974
"ours:turquoise","ENSG00000136371.5",9.64379494703867,0.0532180354895219,0.134155626003689
"ours:turquoise","ENSG00000135334.8",24.9612201817464,0.137745266131136,0.140755590733854
"ours:turquoise","ENSG00000264469.1",1.94393920703565,0.0107273771661086,0.137933681684711
"ours:turquoise","ENSG00000121057.8",7.93566202442282,0.0437919248146465,-0.129973946181977
"ours:turquoise","ENSG00000135049.11",51.6219668668202,0.2848691495251,0.145218867653212
"ours:turquoise","ENSG00000119514.5",3.24129053198449,0.0178866427075961,-0.135846795113933
"ours:turquoise","ENSG00000225873.1",93.7257750886248,0.517213571248839,0.138763252605143
"ours:turquoise","ENSG00000166925.4",26.3865077063754,0.145610531048634,0.14660571662888
"ours:turquoise","ENSG00000260528.2",45.2581900790425,0.249751470146885,0.134809573673646
"ours:turquoise","ENSG00000131089.9",6.96815211719345,0.0384528464889291,-0.13721575204997
"ours:turquoise","ENSG00000087053.14",8.79609701299722,0.0485401240463648,-0.136454748768397
"ours:turquoise","ENSG00000104974.6",37.8847800455272,0.209062260245869,0.144497764727738
"ours:turquoise","ENSG00000076356.6",13.0901059218242,0.0722360570019331,0.147058862537976
"ours:turquoise","ENSG00000258944.1",17.026770776968,0.0939600330012078,0.138024749395445
"ours:turquoise","ENSG00000213753.6",5.4642628456878,0.0301538279943607,0.147611591708747
"ours:turquoise","ENSG00000118246.9",43.5918853272253,0.240556182824253,-0.143175330959214
"ours:turquoise","ENSG00000123810.3",55.755026414532,0.307676904241823,0.144689361293869
"ours:turquoise","ENSG00000141526.10",125.439148339481,0.69221972105035,0.139022837970736
"ours:turquoise","ENSG00000067182.3",133.518551371081,0.736804862027647,0.140931086754799
"ours:turquoise","ENSG00000065615.9",91.7185175992645,0.506136780328664,0.14167220093455
"ours:turquoise","ENSG00000163041.5",85.390890224507,0.471218586812147,0.139797621942724
"ours:turquoise","ENSG00000136718.5",8.39347047552384,0.0463182815582205,-0.130479928645676
"ours:turquoise","ENSG00000134698.10",158.593779490534,0.875179266221988,0.139385482753782
"ours:turquoise","ENSG00000170633.12",1.69972775309609,0.00937972783365426,0.146390734661937
"ours:turquoise","ENSG00000172775.12",5.52919882279221,0.0305121687879039,0.140680021994857
"ours:turquoise","ENSG00000101493.6",128.849532180089,0.711039483318122,0.137081144093017
"ours:turquoise","ENSG00000136630.11",47.9184190181133,0.264431599584228,0.140400933994032
"ours:turquoise","ENSG00000233013.4",14.7310784062526,0.0812915514823974,0.130185666691978
"ours:turquoise","ENSG00000146592.12",76.7401426072616,0.423480554612817,0.135816644650676
"ours:turquoise","ENSG00000086300.11",59.2196737889463,0.326796112804722,0.138969278579743
"ours:turquoise","ENSG00000262944.1",54.2280445075914,0.299250452024444,0.136959220393743
"ours:turquoise","ENSG00000100335.8",3.59346163730513,0.0198300534172041,-0.122390936760236
"ours:turquoise","ENSG00000117597.13",6.42202476816406,0.0354391133266153,-0.128912398601063
"ours:turquoise","ENSG00000104325.2",13.5641175228456,0.0748518287333041,0.137894551823854
"ours:turquoise","ENSG00000083828.11",9.22231563181532,0.0508921563849954,0.137440265178365
"ours:turquoise","ENSG00000196668.3",14.6308915930203,0.0807386835075539,0.137016576813794
"ours:turquoise","ENSG00000125900.8",25.8442770418446,0.142618301235891,0.145759748447126
"ours:turquoise","ENSG00000043514.11",1.36085750276547,0.00750971617253159,-0.133325863020752
"ours:turquoise","ENSG00000070731.5",85.6755619589214,0.472789510970958,0.137648964138788
"ours:turquoise","ENSG00000079616.8",4.94143280781963,0.0272686580313888,-0.12355194803833
"ours:turquoise","ENSG00000104549.7",3.34239295279266,0.018444563344461,-0.132592125866999
"ours:turquoise","ENSG00000118308.10",89.2400220234943,0.492459522958892,0.138154354636855
"ours:turquoise","ENSG00000006530.11",12.5010495466613,0.0689854255595491,-0.129873810927599
"ours:turquoise","ENSG00000258565.1",6.04067003107817,0.033334656518503,0.133018319506539
"ours:turquoise","ENSG00000196118.7",3.28449471229952,0.0181250593904402,0.139519521395607
"ours:turquoise","ENSG00000106723.12",4.0809050171178,0.0225199466831293,-0.121651103402625
"ours:turquoise","ENSG00000100296.9",103.302527895484,0.570061643356212,0.136529617156892
"ours:turquoise","ENSG00000101265.11",143.468746658136,0.791713728176524,0.134940813867594
"ours:turquoise","ENSG00000151422.8",7.25628455896448,0.040042868113825,-0.134116637802081
"ours:turquoise","ENSG00000125779.17",23.1162118892025,0.127563826425057,0.137444469535118
"ours:turquoise","ENSG00000167996.11",44.7886416088294,0.247160327625805,0.133395576378191
"ours:turquoise","ENSG00000116922.10",3.87194676514939,0.0213668375875758,-0.135221332823723
"ours:turquoise","ENSG00000091317.7",88.0777096036847,0.486045452155122,0.140372349153273
"ours:turquoise","ENSG00000131844.11",11.3179589608692,0.0624566931333858,-0.116060164197273
"ours:turquoise","ENSG00000125827.4",64.7033642686446,0.35705714968541,0.135594895054591
"ours:turquoise","ENSG00000075785.8",43.4459065342541,0.239750617730043,0.137150682459127
"ours:turquoise","ENSG00000121316.6",50.9011976347846,0.280891677712304,0.131825129145157
"ours:turquoise","ENSG00000177112.3",4.81035694923128,0.0265453328536468,0.132420870662297
"ours:turquoise","ENSG00000003756.12",25.7270931907496,0.141971637305289,0.140775847729991
"ours:turquoise","ENSG00000170296.5",1.88784560705284,0.0104178318874072,0.133742556982657
"ours:turquoise","ENSG00000181274.5",93.4701230580144,0.515802788573273,0.132840943593837
"ours:turquoise","ENSG00000124224.12",18.5886179247301,0.102578884542046,0.137134970525409
"ours:turquoise","ENSG00000121957.8",5.89301321105291,0.0325198314489606,0.131277125141311
"ours:turquoise","ENSG00000108244.12",37.747337352828,0.208303800517307,0.13152234601849
"ours:turquoise","ENSG00000182885.12",93.8901884768956,0.51812086527365,0.131954448203808
"ours:turquoise","ENSG00000033050.3",1.34039445415399,0.0073967934846053,-0.111209563315801
"ours:turquoise","ENSG00000083093.5",9.41483814435597,0.051954566977629,-0.130382028515596
"ours:turquoise","ENSG00000125735.6",91.3779673341519,0.504257497723191,0.130967492974532
"ours:turquoise","ENSG00000131378.9",7.82419823469343,0.0431768263030966,-0.122200719178206
"ours:turquoise","ENSG00000198874.8",2.50525077620966,0.0138249024839975,-0.1221651016972
"ours:turquoise","ENSG00000171169.8",3.95871937393864,0.0218456810096337,0.123173883207886
"ours:turquoise","ENSG00000158825.5",68.025809236654,0.375391632655084,0.133165936037975
"ours:turquoise","ENSG00000235568.2",138.264090597234,0.762992506657305,0.128504713334291
"ours:turquoise","ENSG00000106780.7",112.814761297233,0.622553673468728,0.126577696474919
"ours:turquoise","ENSG00000122694.11",79.5515728016573,0.438995068627614,0.130690690686648
"ours:turquoise","ENSG00000149798.3",27.51706818097,0.151849382848204,0.124857885966162
"ours:turquoise","ENSG00000188786.9",52.4281785853538,0.289318124652071,0.128427164070862
"ours:turquoise","ENSG00000148926.5",46.3225814146664,0.255625176108599,0.125021142710071
"ours:turquoise","ENSG00000183943.5",2.16393033367862,0.0119413697540224,-0.131262077865853
"ours:turquoise","ENSG00000146872.13",1.48131253029461,0.00817443166732813,0.126352477804336
"ours:turquoise","ENSG00000078070.7",9.32001641315293,0.0514313055142679,-0.123875209966701
"ours:turquoise","ENSG00000082213.13",0.90695045147137,0.00500488879934785,-0.126546251414658
"ours:turquoise","ENSG00000166188.2",11.3835071376744,0.0628184122718211,0.129301423552987
"ours:turquoise","ENSG00000171453.13",8.23638022450193,0.0454513993194491,-0.118206743683572
"ours:turquoise","ENSG00000109917.6",12.8305023409508,0.0708034682071693,-0.120787568377548
"ours:turquoise","ENSG00000259600.2",45.1405759502417,0.249102431784398,0.115932965328051
"ours:turquoise","ENSG00000171700.9",71.8899237127429,0.396715248768181,0.130882117765296
"ours:turquoise","ENSG00000120709.6",140.000911737263,0.772576929550639,0.128961552811215
"ours:turquoise","ENSG00000133961.15",121.699690799167,0.671584008119406,0.127444719628995
"ours:turquoise","ENSG00000137574.6",1.1651262883031,0.00642959877322254,-0.126148592692249
"ours:turquoise","ENSG00000176597.7",29.9897511105428,0.165494563881502,0.126854530272511
"ours:turquoise","ENSG00000174007.7",34.723685402317,0.191618168181287,0.126679779730434
"ours:turquoise","ENSG00000138185.12",83.1458723434046,0.458829745912143,0.126432489713458
"ours:turquoise","ENSG00000259144.2",62.8076633480044,0.346595969265649,0.130664993842354
"ours:turquoise","ENSG00000225611.1",4.50577494816199,0.0248645364626625,0.125792169195434
"ours:turquoise","ENSG00000024862.12",8.47969028212368,0.0467940744128726,-0.118780570912419
"ours:turquoise","ENSG00000158201.5",25.2277364712717,0.139216001814795,0.129064451122141
"ours:turquoise","ENSG00000242324.1",23.720909615128,0.130900772639226,0.129913331437707
"ours:turquoise","ENSG00000109743.6",87.1541792551735,0.480949069337712,0.125231956586358
"ours:turquoise","ENSG00000076685.14",104.88628993817,0.57880142941113,0.128427846105483
"ours:turquoise","ENSG00000179195.11",13.9054416316135,0.0767353816949336,-0.121345194843605
"ours:turquoise","ENSG00000132286.7",9.33039137520131,0.0514885584008676,-0.127029363754646
"ours:turquoise","ENSG00000128340.10",43.4596582299048,0.239826504684421,0.129666437480709
"ours:turquoise","ENSG00000006007.7",18.2545794084483,0.100735536180537,0.126458363718164
"ours:turquoise","ENSG00000177191.2",76.3229003330852,0.421178057071466,0.126418769322984
"ours:turquoise","ENSG00000249138.1",63.9846438618396,0.353090984049741,0.115160549904473
"ours:turquoise","ENSG00000072609.13",42.7797000936996,0.236074243627163,0.131385226388345
"ours:turquoise","ENSG00000115364.9",10.7978434921516,0.0595865031692819,-0.118570612835195
"ours:turquoise","ENSG00000269619.1",33.5652883593253,0.185225703878235,0.123056699765234
"ours:turquoise","ENSG00000163803.8",4.25525084069717,0.023482051567944,-0.118413711493083
"ours:turquoise","ENSG00000142405.17",125.080486860889,0.690240494055037,0.124392261330755
"ours:turquoise","ENSG00000114268.7",150.837410363047,0.83237674607683,0.125484188454325
"ours:turquoise","ENSG00000125510.11",18.697056544373,0.103177289043623,0.134712274112465
"ours:turquoise","ENSG00000265666.1",53.2162952862297,0.293667244763753,0.126993297165857
"ours:turquoise","ENSG00000234444.5",5.65061792774091,0.0311822044192867,-0.11638605579926
"ours:turquoise","ENSG00000151229.8",0.960981356123373,0.00530305136056907,-0.111977075465248
"ours:turquoise","ENSG00000226564.1",7.43445130536238,0.0410260582671751,0.119943311647275
"ours:turquoise","ENSG00000100271.12",0.731839261281448,0.00403856033785342,-0.116717156624832
"ours:turquoise","ENSG00000134759.9",28.6297341042537,0.1579894858801,-0.115092241959489
"ours:turquoise","ENSG00000175538.6",84.7515517061893,0.467690479864155,0.122788893470963
"ours:turquoise","ENSG00000162704.11",53.0502367565513,0.292750872238798,0.12863720460516
"ours:turquoise","ENSG00000203999.4",11.2169829291389,0.0618994699583054,0.113458032222388
"ours:turquoise","ENSG00000141401.7",31.0623585241617,0.171413609207307,0.124218579040205
"ours:turquoise","ENSG00000255801.1",22.8919313776419,0.126326163421085,0.122441866818866
"ours:turquoise","ENSG00000204020.5",1.99599442849117,0.0110146371750624,0.124409847320016
"ours:turquoise","ENSG00000100439.6",58.2661545176402,0.321534239994382,0.127426280226035
"ours:turquoise","ENSG00000163625.11",157.096713423039,0.866917900696529,0.121875239851136
"ours:turquoise","ENSG00000155130.5",25.7127456187869,0.141892462084528,0.121566824377101
"ours:turquoise","ENSG00000258476.1",3.54380092252702,0.0195560071837441,-0.114392658002202
"ours:turquoise","ENSG00000100504.12",122.285420543748,0.67481628198105,0.122755294466766
"ours:turquoise","ENSG00000181016.5",37.1525068731104,0.205021305425519,0.122248089718037
"ours:turquoise","ENSG00000140943.12",10.4291311029539,0.0575518115233576,-0.11270359096274
"ours:turquoise","ENSG00000155256.13",15.2558352124073,0.0841873540670309,0.127578197856675
"ours:turquoise","ENSG00000206527.5",5.54855785431311,0.0306189991002633,-0.117440465429974
"ours:turquoise","ENSG00000163874.8",1.40115582244296,0.00773209723917003,0.119794064663309
"ours:turquoise","ENSG00000150403.13",36.0384451689521,0.198873499957339,0.122605837876544
"ours:turquoise","ENSG00000072210.14",1.71174628008825,0.00944605052088612,-0.109712118300155
"ours:turquoise","ENSG00000116991.6",77.9488021797045,0.430150386185788,0.120152689097396
"ours:turquoise","ENSG00000170190.11",49.1569772359214,0.271266422965805,0.129569627093763
"ours:turquoise","ENSG00000268734.1",46.5729300084113,0.257006692453548,0.117994041648192
"ours:turquoise","ENSG00000115750.12",5.18779863569874,0.0286281959978718,-0.124001058555729
"ours:turquoise","ENSG00000138411.6",43.7258095971474,0.241295226591646,0.120347271265287
"ours:turquoise","ENSG00000069974.11",59.1109708460757,0.326196249669589,0.122440990837177
"ours:turquoise","ENSG00000140563.10",100.113431761669,0.55246302868627,0.120767456933168
"ours:turquoise","ENSG00000109103.7",62.1226572845616,0.342815851874618,0.123065612551272
"ours:turquoise","ENSG00000212743.1",29.7934800364614,0.164411467336688,0.117248950479067
"ours:turquoise","ENSG00000033327.8",165.159137300323,0.911409344406105,0.119567312135057
"ours:turquoise","ENSG00000100485.7",92.2133030151249,0.508867189671207,0.120556785401499
"ours:turquoise","ENSG00000102445.14",33.3342210240745,0.183950588665254,0.118513228551672
"ours:turquoise","ENSG00000129187.10",10.4890464330487,0.0578824465255391,-0.113549994472517
"ours:turquoise","ENSG00000188921.12",13.5465117917644,0.0747546737827226,0.120055557461741
"ours:turquoise","ENSG00000103356.11",8.31039211973724,0.0458598243936973,-0.103945327752851
"ours:turquoise","ENSG00000110315.2",42.8141757601138,0.236264493134626,0.120386992620035
"ours:turquoise","ENSG00000256812.1",12.6449243008471,0.0697793797877708,0.118641789252411
"ours:turquoise","ENSG00000154309.7",0.626875870889551,0.00345933343955735,-0.107672607906809
"ours:turquoise","ENSG00000185104.15",18.5829694834933,0.102547714349415,-0.115828077969976
"ours:turquoise","ENSG00000144029.7",8.69964815274941,0.0480078834817551,-0.108707664193073
"ours:turquoise","ENSG00000188997.3",16.3264297168852,0.0900952914140076,0.125393924934861
"ours:turquoise","ENSG00000112425.9",1.04079396521164,0.00574348692419281,-0.104423204162963
"ours:turquoise","ENSG00000179299.12",27.4883271664883,0.15169077927595,0.115746483283662
"ours:turquoise","ENSG00000070190.8",18.8186216137261,0.103848130160699,0.12136055896389
"ours:turquoise","ENSG00000273112.1",15.5330731725544,0.0857172559037224,0.113025559578225
"ours:turquoise","ENSG00000267430.1",4.37176435628908,0.0241250163387455,0.114174032642234
"ours:turquoise","ENSG00000147459.13",150.149353723809,0.828579794477708,0.117927536928218
"ours:turquoise","ENSG00000134996.11",85.0587996617413,0.469385987980249,0.119293514218096
"ours:turquoise","ENSG00000140749.7",97.4928650195329,0.538001769954458,0.119446665500827
"ours:turquoise","ENSG00000135407.6",23.7264835756717,0.130931531819783,0.117075128646788
"ours:turquoise","ENSG00000167261.9",50.2943082752564,0.277542637251473,0.119312215772558
"ours:turquoise","ENSG00000198721.8",9.16912795723876,0.0505986470799173,-0.108420142758037
"ours:turquoise","ENSG00000073331.13",97.636782450292,0.538795959687832,0.116698634066574
"ours:turquoise","ENSG00000129680.11",2.25286882380349,0.0124321653121863,-0.113308708316084
"ours:turquoise","ENSG00000149547.10",12.2653812979071,0.0676849208002888,-0.113764819120885
"ours:turquoise","ENSG00000012048.15",14.6838513899571,0.0810309352993411,0.109521283631451
"ours:turquoise","ENSG00000135249.3",3.02249988162137,0.0166792747928132,-0.113964537694906
"ours:turquoise","ENSG00000134574.7",1.68843859992795,0.00931743010156353,-0.103379785818811
"ours:turquoise","ENSG00000012660.9",106.738699128625,0.589023710015406,0.118856145698507
"ours:turquoise","ENSG00000104375.11",12.0074843528391,0.0662617498545521,0.115089241569711
"ours:turquoise","ENSG00000085514.11",73.5300746148089,0.405766209452608,0.121683585397728
"ours:turquoise","ENSG00000025039.10",56.0952816323599,0.309554558667006,0.11566589243733
"ours:turquoise","ENSG00000196954.8",51.8377970434798,0.286060180448534,0.119003623696004
"ours:turquoise","ENSG00000226328.2",0.831518809897116,0.00458862903849881,0.116962023517784
"ours:turquoise","ENSG00000165115.10",39.12445612509,0.215903252403002,0.111883105997322
"ours:turquoise","ENSG00000129071.5",13.2127786306886,0.0729130104844362,0.119125055044418
"ours:turquoise","ENSG00000196358.6",37.407645591348,0.206429255453126,0.115019076481099
"ours:turquoise","ENSG00000257433.1",1.83443004642179,0.0101230650226027,0.108903845349089
"ours:turquoise","ENSG00000163421.4",50.1857200339503,0.276943407082094,0.115288198111393
"ours:turquoise","ENSG00000174021.6",18.6263686768442,0.102787207186482,0.119289361369341
"ours:turquoise","ENSG00000152213.3",66.2200786580015,0.365426941934576,0.1161160092972
"ours:turquoise","ENSG00000101474.7",69.3729449051758,0.382825626659551,0.115121628713907
"ours:turquoise","ENSG00000163964.9",17.1317636183787,0.0945394224211435,0.11503792959187
"ours:turquoise","ENSG00000196663.11",140.735482952629,0.776630565823867,0.115075636435879
"ours:turquoise","ENSG00000187531.9",33.594058140096,0.185384466193536,0.118463866559362
"ours:turquoise","ENSG00000033011.7",3.24236889139445,0.0178925934945701,-0.107118534336914
"ours:turquoise","ENSG00000169891.13",131.199401300075,0.724006932222822,0.111652812590578
"ours:turquoise","ENSG00000184162.10",6.39028739934893,0.0352639747603949,-0.104627505390811
"ours:turquoise","ENSG00000104915.10",50.74563010168,0.280033198395475,0.115214729963131
"ours:turquoise","ENSG00000095787.17",41.9324404318471,0.231398750732412,0.120977245542363
"ours:turquoise","ENSG00000142634.8",80.534251070143,0.444417851593682,0.116078780938444
"ours:turquoise","ENSG00000148399.7",4.20322436302398,0.0231949501778365,-0.102153519822457
"ours:turquoise","ENSG00000165030.3",122.510701272141,0.676059464552289,0.110223130671012
"ours:turquoise","ENSG00000109332.15",53.6566481080896,0.296097274874342,0.121506421033302
"ours:turquoise","ENSG00000134686.12",136.95050241859,0.755743640138095,0.112771062010134
"ours:turquoise","ENSG00000136040.4",152.581414222157,0.8420008058767,0.11275034502251
"ours:turquoise","ENSG00000165792.13",5.92304002242279,0.0326855305250914,-0.102276123073848
"ours:turquoise","ENSG00000065029.10",8.41812014232822,0.046454307557322,-0.0978095953054139
"ours:turquoise","ENSG00000132781.13",3.31093238281528,0.0182709522568371,-0.102805352968302
"ours:turquoise","ENSG00000165055.11",3.95641056819561,0.0218329401636653,-0.104320543393015
"ours:turquoise","ENSG00000100034.9",41.3630398285546,0.228256587125639,0.110882254792704
"ours:turquoise","ENSG00000100368.9",115.376147209823,0.636688350444668,0.11247566995319
"ours:turquoise","ENSG00000182022.13",145.318806740882,0.801923045533647,0.110117619575436
"ours:turquoise","ENSG00000134830.3",122.892466122281,0.678166184516261,0.11132430691269
"ours:turquoise","ENSG00000119535.13",130.988633915189,0.722843839661178,0.112443546000025
"ours:turquoise","ENSG00000166532.11",5.41074359759344,0.0298584889436966,-0.105876389412387
"ours:turquoise","ENSG00000085982.9",1.17588624193221,0.00648897618608171,-0.0931325411851694
"ours:turquoise","ENSG00000117115.8",29.0965505497174,0.160565552075847,0.111484402080053
"ours:turquoise","ENSG00000049245.8",27.7217363059085,0.152978817432449,0.111454061691187
"ours:turquoise","ENSG00000144040.8",21.5927490149361,0.119156793534486,0.117940287950904
"ours:turquoise","ENSG00000187116.9",12.9364617576594,0.0713881915479098,0.108329507519981
"ours:turquoise","ENSG00000129925.6",18.7954882290891,0.103720471568685,0.118169579428821
"ours:turquoise","ENSG00000160999.8",24.310422702272,0.134153924387625,0.11320807921112
"ours:turquoise","ENSG00000259962.1",26.4442436380489,0.145929139322419,0.107804980304056
"ours:turquoise","ENSG00000205060.6",9.68494949062961,0.0534451415171184,-0.0998909180774571
"ours:turquoise","ENSG00000113303.7",29.0548343211829,0.160335346462515,0.109555443231477
"ours:turquoise","ENSG00000225113.1",3.75140326345975,0.0207016338595641,0.11766517979539
"ours:turquoise","ENSG00000012983.7",8.22280502605805,0.0453764863420858,-0.105060946939755
"ours:turquoise","ENSG00000094841.9",5.32535573997023,0.0293872870919026,-0.098288538926837
"ours:turquoise","ENSG00000135838.9",124.385604005285,0.686405872863521,0.107478592124612
"ours:turquoise","ENSG00000169826.6",10.3795157911755,0.0572780158404807,0.109127143465505
"ours:turquoise","ENSG00000177479.15",1.24129595654838,0.00684993123883005,-0.094289208975557
"ours:turquoise","ENSG00000087253.7",55.9365306219299,0.308678511742174,0.108011865389033
"ours:turquoise","ENSG00000139631.14",30.7244331671966,0.169548811818049,0.111906757802986
"ours:turquoise","ENSG00000138035.10",1.42240417161015,0.00784935350667505,-0.116104007307216
"ours:turquoise","ENSG00000158615.8",25.6987072957809,0.14181499341415,0.118419198967433
"ours:turquoise","ENSG00000112096.12",101.999622501302,0.562871728401792,0.110284177907175
"ours:turquoise","ENSG00000183486.8",70.6583109162923,0.389918752796335,0.109451698156312
"ours:turquoise","ENSG00000172349.12",12.6367565913114,0.0697343073387687,0.113148229534219
"ours:turquoise","ENSG00000254087.3",131.546021655165,0.725919711834985,0.107688060590345
"ours:turquoise","ENSG00000198216.6",23.5419504096084,0.129913209402676,0.112877444712818
"ours:turquoise","ENSG00000254826.1",33.0208709135902,0.182221406596164,0.103252677258536
"ours:turquoise","ENSG00000127947.11",21.1924029726724,0.116947535664292,0.106294842711117
"ours:turquoise","ENSG00000142166.8",44.667349504494,0.246490992830886,0.1121339266708
"ours:turquoise","ENSG00000092036.12",13.1934190165189,0.0728061769568044,0.109141147285527
"ours:turquoise","ENSG00000179456.9",52.5678189773953,0.290088712100295,0.10955366506881
"ours:turquoise","ENSG00000108578.10",11.0624923869853,0.0610469338767855,-0.101521891181291
"ours:turquoise","ENSG00000151466.7",7.43319091694272,0.0410191029766472,0.104149200831631
"ours:turquoise","ENSG00000022277.8",95.6860785440911,0.528031252404044,0.109447159382685
"ours:turquoise","ENSG00000154945.6",5.11234656047088,0.0282118234765473,-0.092330734796838
"ours:turquoise","ENSG00000129282.8",1.9814017826674,0.0109341095458873,-0.0957806026950977
"ours:turquoise","ENSG00000143226.9",137.258935444788,0.757445687913323,0.108566854632669
"ours:turquoise","ENSG00000186205.8",44.6568351306116,0.246432970618106,0.106895370650562
"ours:turquoise","ENSG00000255163.1",30.462063898641,0.16810096093341,0.0999568316468471
"ours:turquoise","ENSG00000184557.3",6.23817038002732,0.0344245366577315,0.106563832634375
"ours:turquoise","ENSG00000134324.7",5.72471458872717,0.0315910972623716,-0.0959729805219264
"ours:turquoise","ENSG00000246263.2",33.2561676176707,0.183519861034182,0.0984020038489131
"ours:turquoise","ENSG00000217555.8",19.6379837352236,0.108369674086102,0.0995421287168057
"ours:turquoise","ENSG00000123191.9",1.29118223325707,0.00712522220663921,0.105696647342937
"ours:turquoise","ENSG00000113916.13",106.00077419403,0.584951566676242,0.105476138628214
"ours:turquoise","ENSG00000077238.9",7.39860832492358,0.0408282634140579,0.107938962229011
"ours:turquoise","ENSG00000136156.8",104.711574125503,0.577837282789376,0.104732006908178
"ours:turquoise","ENSG00000125910.4",31.6097841099304,0.174434506521207,0.107780289724533
"ours:turquoise","ENSG00000171049.8",70.7894990351311,0.390642697467754,0.104581171006394
"ours:turquoise","ENSG00000229808.1",10.1485106725912,0.0560032439621289,0.105234634740995
"ours:turquoise","ENSG00000163162.4",155.587476309478,0.858589370827041,0.106917958007444
"ours:turquoise","ENSG00000124226.7",4.22184307232923,0.0232976951177712,0.107443063354466
"ours:turquoise","ENSG00000261804.1",6.26884657118497,0.0345938192522574,0.10098177867543
"ours:turquoise","ENSG00000111321.6",17.8253402739172,0.098366835516492,0.109854242536413
"ours:turquoise","ENSG00000131373.10",7.44579026267136,0.0410886308369775,-0.0946245324453022
"ours:turquoise","ENSG00000271461.1",19.7409632786195,0.108937953381259,0.096257638874441
"ours:turquoise","ENSG00000128594.3",139.254266598697,0.768456664893363,0.104098142900525
"ours:turquoise","ENSG00000185201.12",62.9128742453587,0.347176561999115,0.102754333766382
"ours:turquoise","ENSG00000090470.10",4.14611633901925,0.0228798069313334,-0.104439763973279
"ours:turquoise","ENSG00000189159.11",70.4753000318677,0.388908830893623,0.105980122147917
"ours:turquoise","ENSG00000143748.13",20.0306700701537,0.110536662851763,-0.0966207211356453
"ours:turquoise","ENSG00000170871.7",122.232376638035,0.67452356604586,0.105796425809041
"ours:turquoise","ENSG00000261596.1",4.88254541243578,0.0269436955539996,0.102282366697652
"ours:turquoise","ENSG00000080819.2",3.08635125229611,0.0170316303260119,-0.101769500385057
"ours:turquoise","ENSG00000144655.10",35.2536573736468,0.194542749980627,0.106435697038857
"ours:turquoise","ENSG00000224397.1",33.6492990094631,0.185689305788592,0.107459904765395
"ours:turquoise","ENSG00000169180.7",157.867262416714,0.871170075687491,0.104790487083376
"ours:turquoise","ENSG00000089505.13",14.4766965390593,0.0798877780394193,0.102238894620816
"ours:turquoise","ENSG00000185261.9",51.8541368718388,0.286150349678622,0.100838918057835
"ours:turquoise","ENSG00000125124.7",2.28043173886489,0.0125842676951162,-0.0967880572859628
"ours:turquoise","ENSG00000070495.10",1.18484694931296,0.00653842469115867,0.108538254670211
"ours:turquoise","ENSG00000189077.6",89.8128320264909,0.495620500897103,0.10939685186113
"ours:turquoise","ENSG00000158793.9",0.758615517853065,0.00418632164762105,0.107469897561741
"ours:turquoise","ENSG00000123505.10",37.0827858042626,0.204636558721894,0.107071371334885
"ours:turquoise","ENSG00000011198.3",127.146530772564,0.701641690245776,0.101944895094422
"ours:turquoise","ENSG00000156026.10",15.5587882230203,0.0858591610848079,0.109194296558453
"ours:turquoise","ENSG00000171223.4",62.812477585317,0.346622536011787,0.103681696328492
"ours:turquoise","ENSG00000143622.6",74.5024682388429,0.411132237938055,0.103436052781317
"ours:turquoise","ENSG00000010539.7",21.3743769628563,0.117951735600206,0.101969987473942
"ours:turquoise","ENSG00000113108.13",3.43845540421835,0.0189746715619478,-0.0879740742949078
"ours:turquoise","ENSG00000168297.11",21.2095481565596,0.117042149144732,0.102397945220647
"ours:turquoise","ENSG00000151715.3",0.916991382078396,0.00506029837662807,0.0992791284026177
"ours:turquoise","ENSG00000073009.8",7.29436665804019,0.0402530192536259,0.111346883298048
"ours:turquoise","ENSG00000144580.9",6.03332818123933,0.0332941414694557,-0.0903720222355626
"ours:turquoise","ENSG00000131669.5",78.3311140004961,0.432260124536581,0.101946427057269
"ours:turquoise","ENSG00000260452.1",42.4458248631515,0.234231796336863,0.101894899439196
"ours:turquoise","ENSG00000108264.12",7.04799023179066,0.0388934228014061,-0.0881443865063535
"ours:turquoise","ENSG00000170502.8",2.10186723156507,0.0115988825496586,-0.091410294316074
"ours:turquoise","ENSG00000182180.9",0.847490371743698,0.00467676603745434,-0.0916378477030337
"ours:turquoise","ENSG00000148450.8",6.32628403808441,0.0349107804867786,0.101346112998948
"ours:turquoise","ENSG00000133063.11",2.50508556512067,0.0138239907879645,0.103489592191559
"ours:turquoise","ENSG00000223891.1",0.625857707951978,0.00345371483903303,0.0977287868456622
"ours:turquoise","ENSG00000181409.7",73.9568588425073,0.408121363030712,0.10423934853691
"ours:turquoise","ENSG00000103490.13",41.7957544715719,0.230644466933888,0.102563133091448
"ours:turquoise","ENSG00000105948.9",2.03479730786738,0.011228765847756,0.0954899120344932
"ours:turquoise","ENSG00000117410.9",84.6393722581219,0.4670714320846,0.100033975153225
"ours:turquoise","ENSG00000180891.8",11.1602806630388,0.0615865658343347,0.110150811813579
"ours:turquoise","ENSG00000215114.3",114.690882905541,0.632906807984956,0.0992257248519741
"ours:turquoise","ENSG00000204859.7",6.68882652499158,0.0369114243246705,0.105774763744982
"ours:turquoise","ENSG00000125170.6",4.25624548145406,0.0234875403643556,0.0993819821771032
"ours:turquoise","ENSG00000108294.4",27.3653359508247,0.151012068154858,0.101336731919433
"ours:turquoise","ENSG00000241685.4",10.2557869957356,0.0565952344807611,0.104493169681365
"ours:turquoise","ENSG00000169087.6",15.321707299516,0.0845508606625954,-0.0934542706904041
"ours:turquoise","ENSG00000115561.10",62.31504142606,0.343877498884547,0.0990520492589938
"ours:turquoise","ENSG00000241553.8",50.8051279482861,0.280361529569003,0.102883537111107
"ours:turquoise","ENSG00000119977.16",2.18807947614145,0.0120746336742619,-0.0978536998780156
"ours:turquoise","ENSG00000140332.11",111.053025869642,0.612831764300856,0.0993165119053206
"ours:turquoise","ENSG00000167112.7",4.10885577621599,0.0226741893332288,-0.0890180492701275
"ours:turquoise","ENSG00000108296.7",29.2548089432928,0.161438880558261,0.101276184652384
"ours:turquoise","ENSG00000011422.7",94.0730270685884,0.519129836401198,0.098593611581623
"ours:turquoise","ENSG00000135720.8",1.49269265906666,0.00823723143652605,0.102651569452438
"ours:turquoise","ENSG00000103569.5",147.735488771312,0.815259192845838,0.0987522902202965
"ours:turquoise","ENSG00000018280.12",83.2779518305153,0.459558609484118,0.0968856652662232
"ours:turquoise","ENSG00000181804.10",1.52086609223098,0.00839270288466808,-0.092912273237824
"ours:turquoise","ENSG00000184602.5",42.7979242054123,0.236174811031304,0.0982195581856856
"ours:turquoise","ENSG00000075426.7",113.067127848735,0.623946325652639,0.0964801471086784
"ours:turquoise","ENSG00000136279.14",57.6457021103527,0.31811035360817,0.0999259546268218
"ours:turquoise","ENSG00000005469.7",8.87407773692282,0.0489704505885779,-0.103281401209202
"ours:turquoise","ENSG00000116701.10",144.16844146673,0.795574903508441,0.0968123012738621
"ours:turquoise","ENSG00000241878.5",72.078045919549,0.39775337684257,0.0980670746507194
"ours:turquoise","ENSG00000114626.13",93.1808772492951,0.51420662297683,0.0947704723885106
"ours:turquoise","ENSG00000270120.1",1.43883706054802,0.00794003627953506,0.094992144653173
"ours:turquoise","ENSG00000088876.7",1.99282413718325,0.0109971423323927,-0.087337804512897
"ours:turquoise","ENSG00000196470.7",6.10158328209062,0.0336707984182391,0.0927496819316734
"ours:turquoise","ENSG00000188897.4",40.1149949400279,0.221369412778311,0.0974038381152353
"ours:turquoise","ENSG00000066027.7",13.8671538358323,0.0765240954444593,0.098346114749362
"ours:turquoise","ENSG00000130703.11",143.954248672325,0.794392908267271,0.0958940642197505
"ours:turquoise","ENSG00000168575.5",3.72914825219736,0.0205788224574464,-0.0768647624728114
"ours:turquoise","ENSG00000127507.13",14.6417739994481,0.0807987366603498,0.0958910192628667
"ours:turquoise","ENSG00000263766.1",4.95602607094102,0.0273491890670409,0.0936556784864014
"ours:turquoise","ENSG00000121067.13",10.9735992256809,0.0605563884598566,0.101486826696279
"ours:turquoise","ENSG00000247626.3",9.1918557456892,0.050724067441818,-0.0922339430889324
"ours:turquoise","ENSG00000196352.9",30.3355300818287,0.167402700425931,0.0941888388443943
"ours:turquoise","ENSG00000188305.4",30.9736439396652,0.170924049243403,0.0949662310074523
"ours:turquoise","ENSG00000105501.7",41.7693207135888,0.230498595658297,0.0976175155883186
"ours:turquoise","ENSG00000178234.8",2.62296362771586,0.01447448563497,-0.0820636368144613
"ours:turquoise","ENSG00000176903.3",1.16718448083772,0.00644095664260414,-0.0778469382919819
"ours:turquoise","ENSG00000124571.13",5.25063808084322,0.028974967350872,-0.0774928076389946
"ours:turquoise","ENSG00000173614.9",15.6187252453284,0.0861899157926638,0.0963931548913482
"ours:turquoise","ENSG00000111802.9",47.1249203735337,0.260052779912094,0.0939255083236019
"ours:turquoise","ENSG00000186767.5",1.29018785782598,0.00711973487439371,-0.0836523812843
"ours:turquoise","ENSG00000265996.1",4.49502362160694,0.0248052066571961,0.0861326866669627
"ours:turquoise","ENSG00000087157.14",46.0156676740477,0.253931512314402,0.0964138367453189
"ours:turquoise","ENSG00000167676.3",59.4088209673215,0.327839897052188,0.087632913384297
"ours:turquoise","ENSG00000171051.4",104.92647959195,0.579023210819065,0.0933700292527109
"ours:turquoise","ENSG00000109046.10",6.61088110484918,0.0364812926018203,0.096141528167036
"ours:turquoise","ENSG00000119048.3",29.3349162623394,0.161880942440685,0.0945663353380697
"ours:turquoise","ENSG00000122707.7",3.41324262715939,0.0188355381117156,-0.0756676389853872
"ours:turquoise","ENSG00000166557.8",0.931941205991076,0.00514279704690428,-0.0852532518858791
"ours:turquoise","ENSG00000214193.5",2.97643234548742,0.0164250570511094,0.0995689056693012
"ours:turquoise","ENSG00000243544.2",6.49095564765403,0.0358194994724393,0.0845018701618788
"ours:turquoise","ENSG00000160961.7",6.91843211726231,0.0381784730980175,0.0951225167057284
"ours:turquoise","ENSG00000078804.8",13.0719987895153,0.0721361351335071,0.0985241843292666
"ours:turquoise","ENSG00000172216.4",76.4745964032065,0.422015172220396,0.0939874558703087
"ours:turquoise","ENSG00000121297.6",21.6035494510871,0.119216394344908,0.100643403223794
"ours:turquoise","ENSG00000107951.8",2.03251574666237,0.011216175347248,-0.0849935801183156
"ours:turquoise","ENSG00000163393.8",58.9275482702615,0.325184055901175,0.0885904430523313
"ours:turquoise","ENSG00000138764.9",38.9967209110634,0.215198362140334,0.0924713690153247
"ours:turquoise","ENSG00000027001.7",3.09009951377638,0.0170523146223472,-0.0875535037712871
"ours:turquoise","ENSG00000100365.10",126.93653258545,0.700482842402584,0.0907859520343793
"ours:turquoise","ENSG00000107443.11",0.682196896119945,0.00376461536438009,-0.0689724606379817
"ours:turquoise","ENSG00000153310.14",95.4989289636891,0.526998491642707,0.0926438641212075
"ours:turquoise","ENSG00000119723.11",4.34571561266127,0.0239812697150921,-0.0722711588580562
"ours:turquoise","ENSG00000197362.9",2.93408271869271,0.016191356111375,-0.0844398309463823
"ours:turquoise","ENSG00000170852.6",68.5959929579735,0.378538117797435,0.0942042381608619
"ours:turquoise","ENSG00000153575.6",6.25295333715509,0.0345061144952307,-0.0893083769255204
"ours:turquoise","ENSG00000141480.13",98.8754677010536,0.545631484084337,0.0928562807697121
"ours:turquoise","ENSG00000230257.1",17.7722211796956,0.0980737046632355,0.0844375869550173
"ours:turquoise","ENSG00000151690.10",6.56344693353535,0.0362195332605797,-0.0779708494151795
"ours:turquoise","ENSG00000127954.8",69.1486942107835,0.381588128197767,0.0881059267113496
"ours:turquoise","ENSG00000128383.8",66.2992429855259,0.365863800040211,0.0872401664260205
"ours:turquoise","ENSG00000253981.1",47.7960474598488,0.263756307962373,0.0909541166625916
"ours:turquoise","ENSG00000255398.2",39.8633629383126,0.21998081411242,0.0870548460014487
"ours:turquoise","ENSG00000213347.6",53.3880072473179,0.294614815018964,0.0880518954440146
"ours:turquoise","ENSG00000251333.3",51.3041803097786,0.283115485499308,0.0919492419365393
"ours:turquoise","ENSG00000167207.7",2.73475426116149,0.0150913877913076,0.088598342199831
"ours:turquoise","ENSG00000116514.12",69.3558115439782,0.382731078421096,0.0859502245776248
"ours:turquoise","ENSG00000226091.3",1.38338607138417,0.00763403716554962,0.0910991270908845
"ours:turquoise","ENSG00000047230.10",1.35553107001048,0.00748032294207156,-0.0734840867303483
"ours:turquoise","ENSG00000101391.16",8.87598157550298,0.0489809566756196,-0.0807847157876574
"ours:turquoise","ENSG00000160593.13",116.039665806497,0.640349892028624,0.0898243691601619
"ours:turquoise","ENSG00000182487.8",25.0160268856153,0.138047709840026,0.085970331523472
"ours:turquoise","ENSG00000115271.6",94.4978224544051,0.521474014812532,0.0875227294452425
"ours:turquoise","ENSG00000169228.9",11.6458266668272,0.0642659886759979,0.0919582357651325
"ours:turquoise","ENSG00000113742.8",73.1191368962013,0.403498502785995,0.0854498551179361
"ours:turquoise","ENSG00000182197.6",3.93006694216195,0.021687566269583,0.0936900434013079
"ours:turquoise","ENSG00000146859.6",86.5785882967106,0.477772745056332,0.0868374522019051
"ours:turquoise","ENSG00000136280.11",25.7423778022189,0.142055983457409,0.0909952467671484
"ours:turquoise","ENSG00000177674.11",31.2677811428946,0.172547207368002,0.0887467052700023
"ours:turquoise","ENSG00000235546.2",10.383944487265,0.0573024550272281,0.0886547917409241
"ours:turquoise","ENSG00000070882.8",5.82444130390768,0.0321414262456065,-0.080836760746449
"ours:turquoise","ENSG00000158089.10",5.31402130712591,0.0293247394897734,-0.0807178594516826
"ours:turquoise","ENSG00000214106.3",0.601930749836419,0.00332167701438588,-0.0905752857257588
"ours:turquoise","ENSG00000174132.8",26.6413160232659,0.147016657799127,0.0812091203537307
"ours:turquoise","ENSG00000266613.1",1.17335789172805,0.00647502381239126,0.0859890135844536
"ours:turquoise","ENSG00000135446.12",2.18918250056497,0.012080720571924,-0.0711613314270802
"ours:turquoise","ENSG00000042832.7",12.0182250561758,0.0663210210371615,0.0930290910037139
"ours:turquoise","ENSG00000134215.11",21.3630573463896,0.117889269760341,0.0839350692624007
"ours:turquoise","ENSG00000233461.1",20.664868176588,0.114036403101421,0.0860846527172184
"ours:turquoise","ENSG00000188404.4",36.846438462891,0.20333230647783,0.0840672236164815
"ours:turquoise","ENSG00000163739.4",8.25399384703148,0.045548597817968,-0.0818084770372802
"ours:turquoise","ENSG00000119401.10",8.06217851120408,0.0444900896885898,-0.0877163211304469
"ours:turquoise","ENSG00000159388.5",12.581806308958,0.0694310713105764,0.0878887601479946
"ours:turquoise","ENSG00000100938.13",54.4827418134177,0.300655966174733,0.0900843078364688
"ours:turquoise","ENSG00000097033.10",61.0472830422986,0.336881538162687,0.0870149740812301
"ours:turquoise","ENSG00000185650.8",6.36995975307174,0.0351517992727431,0.0817439960343748
"ours:turquoise","ENSG00000141127.10",1.57846338738801,0.00871054611076324,-0.0746376187642004
"ours:turquoise","ENSG00000178996.8",20.5840137749864,0.113590218540515,-0.0770453546331037
"ours:turquoise","ENSG00000267174.1",6.81896506657967,0.03762957703974,0.0851061898649554
"ours:turquoise","ENSG00000117298.10",66.8334426346635,0.368811711732902,0.0840167183994488
"ours:turquoise","ENSG00000157557.7",82.7626409311012,0.456714932914494,0.083609776982565
"ours:turquoise","ENSG00000115590.9",95.6904988089419,0.528055645064091,0.0815123517089645
"ours:turquoise","ENSG00000162702.7",46.3302248404271,0.255667355365379,0.0830639095862182
"ours:turquoise","ENSG00000157800.13",15.8270838186158,0.0873397156389535,0.0845704215235085
"ours:turquoise","ENSG00000219507.4",3.95670274170992,0.0218345524854265,0.0852492010503144
"ours:turquoise","ENSG00000170873.14",1.30872600331655,0.00722203523333388,-0.0747644865675096
"ours:turquoise","ENSG00000058799.9",50.8034516102432,0.280352278914262,0.0866310415731811
"ours:turquoise","ENSG00000161921.10",34.0456185438863,0.187876343895888,0.0854442189251134
"ours:turquoise","ENSG00000196872.6",3.14120458537798,0.0173343313521849,0.0780028545612148
"ours:turquoise","ENSG00000148572.10",103.51713430875,0.571245921099586,0.0801518823169062
"ours:turquoise","ENSG00000136869.13",90.4759865388568,0.499280033328883,0.081939293868863
"ours:turquoise","ENSG00000214812.3",5.24375393813569,0.028936978099448,0.0775118192771349
"ours:turquoise","ENSG00000124107.5",1.93869375343785,0.0106984308086571,0.0766727823021749
"ours:turquoise","ENSG00000103047.3",21.5304166443198,0.118812820406706,-0.0731779387765631
"ours:turquoise","ENSG00000165071.10",63.2524857993814,0.349050664448814,0.0827477203355195
"ours:turquoise","ENSG00000157551.13",84.171103218679,0.464487349936797,0.0797489235821005
"ours:turquoise","ENSG00000267940.1",1.08566824300016,0.00599111982400365,0.0943526677361535
"ours:turquoise","ENSG00000188375.3",59.6928333516611,0.329407182672865,0.0846125245759961
"ours:turquoise","ENSG00000214293.4",5.13934554466347,0.028360813879893,0.082490186543873
"ours:turquoise","ENSG00000090487.6",38.0204321179113,0.209810838667747,0.0829779265673127
"ours:turquoise","ENSG00000096063.10",56.8999737108273,0.313995147856759,0.0807887990751452
"ours:turquoise","ENSG00000169299.9",29.3635801106981,0.162039120181667,0.0807848504097585
"ours:turquoise","ENSG00000128918.10",12.3796911640683,0.0683157250166349,0.0891512106561295
"ours:turquoise","ENSG00000264868.1",55.8709068064502,0.308316375201493,0.0797338468329952
"ours:turquoise","ENSG00000144036.10",11.6412000401628,0.0642404572349646,-0.0719200921087221
"ours:turquoise","ENSG00000077380.11",6.91175083287903,0.0381416032940268,-0.0682953125830788
"ours:turquoise","ENSG00000011600.7",66.638309640319,0.367734895533965,0.0812767405926937
"ours:turquoise","ENSG00000269220.1",3.75596318684581,0.02072679720718,0.0783191599320647
"ours:turquoise","ENSG00000119004.10",8.71442833278639,0.048089445994238,-0.0792017944754082
"ours:turquoise","ENSG00000120656.7",12.7400938395056,0.070304560581604,0.083182509330558
"ours:turquoise","ENSG00000074582.8",2.20635893004521,0.0121755064771286,-0.0732812464082672
"ours:turquoise","ENSG00000138796.11",2.73161819641542,0.0150740818234941,-0.0660057442093324
"ours:turquoise","ENSG00000142867.8",29.3181168351625,0.161788236973945,0.0806993032312294
"ours:turquoise","ENSG00000173334.3",82.1264582486402,0.453204241038634,0.0803502994728864
"ours:turquoise","ENSG00000214212.4",26.0567569223804,0.143790843983353,0.0828695384570088
"ours:turquoise","ENSG00000018699.7",20.0277145134525,0.110520352994255,-0.0828487247986977
"ours:turquoise","ENSG00000041802.6",2.67979771686981,0.0147881172074184,-0.0749049512481633
"ours:turquoise","ENSG00000144566.6",24.4181880377404,0.13474861345754,0.0769350454697427
"ours:turquoise","ENSG00000085063.10",6.78824315316542,0.0374600421328528,0.0798639761407645
"ours:turquoise","ENSG00000251192.3",3.14718899259882,0.0173673555296597,-0.0680328668271707
"ours:turquoise","ENSG00000006652.9",77.7988148422408,0.429322700457093,0.080491820953058
"ours:turquoise","ENSG00000126062.3",2.6604673416379,0.0146814450310846,0.0833100968331571
"ours:turquoise","ENSG00000124356.11",1.45138573096561,0.00800928449471354,0.0809198506312224
"ours:turquoise","ENSG00000236349.1",2.00004441372711,0.011036986494931,-0.0727591275383047
"ours:turquoise","ENSG00000183688.4",14.9985232216365,0.0827674111159496,0.0780562093922715
"ours:turquoise","ENSG00000225022.1",5.4472009971257,0.0300596743891378,0.0832205302435669
"ours:turquoise","ENSG00000173960.8",2.72094526917494,0.0150151846545082,-0.0810061192099645
"ours:turquoise","ENSG00000116455.9",4.71222340325444,0.0260037955686683,-0.0605345404593116
"ours:turquoise","ENSG00000142046.10",26.7474600659031,0.147602399974183,-0.06691851491934
"ours:turquoise","ENSG00000131269.11",11.660483696963,0.064346871601674,-0.0774508056268343
"ours:turquoise","ENSG00000173535.9",132.41952735187,0.730740040079502,0.0780367428069816
"ours:turquoise","ENSG00000009790.10",11.7360911003601,0.0647641012814165,-0.0682878951029038
"ours:turquoise","ENSG00000174652.13",0.327676962828895,0.00180824295131676,-0.0737686395319147
"ours:turquoise","ENSG00000116741.6",50.2536698653215,0.277318379440723,0.0772099748216223
"ours:turquoise","ENSG00000100445.12",6.50766665039862,0.0359117169803821,-0.0690901432558714
"ours:turquoise","ENSG00000174574.11",21.5360176636316,0.118843728907576,0.0803431584209537
"ours:turquoise","ENSG00000185344.9",0.86096849445276,0.00475114331492676,-0.0684977450476379
"ours:turquoise","ENSG00000110080.14",55.0321929870505,0.303688041433356,0.0787908299235091
"ours:turquoise","ENSG00000140350.11",63.7850299994669,0.351989440759958,0.0798370104891222
"ours:turquoise","ENSG00000198169.4",4.02549053202337,0.0222141490121311,-0.0669418660600397
"ours:turquoise","ENSG00000101460.8",11.8128858614254,0.0651878832409282,0.0739159015121603
"ours:turquoise","ENSG00000144802.7",18.70844089279,0.103240112098386,0.0793986142458998
"ours:turquoise","ENSG00000174099.6",0.749547600700149,0.0041362815192784,0.0747520468580049
"ours:turquoise","ENSG00000174130.8",71.6141442582202,0.395193395506195,0.0768678024157756
"ours:turquoise","ENSG00000164466.8",14.0140966187065,0.0773349801923073,-0.0695115447236104
"ours:turquoise","ENSG00000257878.1",49.0825780380286,0.270855860611919,0.0748109629417935
"ours:turquoise","ENSG00000183283.11",69.4119181666855,0.383040695564018,0.0786030765879648
"ours:turquoise","ENSG00000133131.10",3.33294147645588,0.0183924065943557,-0.0614802813507898
"ours:turquoise","ENSG00000005302.13",2.28465499477677,0.0126075731868064,0.0769866178012219
"ours:turquoise","ENSG00000022567.5",60.6374763681568,0.334620073018717,0.0740520128922802
"ours:turquoise","ENSG00000137575.7",119.748276562916,0.66081538097108,0.0740757351057862
"ours:turquoise","ENSG00000073756.7",23.743490422324,0.131025381904078,-0.0717720048151497
"ours:turquoise","ENSG00000087995.11",2.2279348639394,0.0122945704785934,-0.0742451790829252
"ours:turquoise","ENSG00000178935.5",31.967395968197,0.176407941322467,0.075033021401052
"ours:turquoise","ENSG00000122188.8",6.45457712730373,0.0356187493115649,-0.0702903211905184
"ours:turquoise","ENSG00000082996.15",57.8286732969108,0.319120056443338,0.0732209938598701
"ours:turquoise","ENSG00000114779.15",2.55824849204864,0.0141173635263436,-0.0607089964262119
"ours:turquoise","ENSG00000108788.7",12.0137809010922,0.066296496541954,0.0765886262134888
"ours:turquoise","ENSG00000109466.9",85.2860036138045,0.470639783612639,0.073082122285877
"ours:turquoise","ENSG00000133028.6",1.36035558538008,0.00750694640633737,-0.0670870352863978
"ours:turquoise","ENSG00000205423.7",30.7468145523875,0.169672320598351,0.0692088759171336
"ours:turquoise","ENSG00000165724.5",2.28922768400416,0.0126328069810671,-0.062642549415444
"ours:turquoise","ENSG00000101464.6",2.328512851995,0.0128495971011215,-0.0614439357353202
"ours:turquoise","ENSG00000108091.10",2.84865204015134,0.0157199179578808,-0.0652133138779331
"ours:turquoise","ENSG00000177981.6",7.58630201233895,0.0418640267595962,0.0803066862735725
"ours:turquoise","ENSG00000084110.6",128.382322892691,0.708461249274953,0.0695999985850816
"ours:turquoise","ENSG00000004059.6",15.6069405200717,0.0861248833100786,0.0812963316266088
"ours:turquoise","ENSG00000163563.7",61.7619485107691,0.340825327145454,0.0729490838850356
"ours:turquoise","ENSG00000118564.10",75.5015049808181,0.416645293024953,0.0743697319551727
"ours:turquoise","ENSG00000058804.10",12.6005536829186,0.0695345262697754,-0.0663917503301319
"ours:turquoise","ENSG00000214456.4",50.1503471726237,0.276748206520513,0.0661958310614133
"ours:turquoise","ENSG00000151012.9",4.88254710468063,0.026943704892434,0.070958122856317
"ours:turquoise","ENSG00000249662.1",16.0207231162205,0.0884082890655648,0.0677273772107109
"ours:turquoise","ENSG00000105854.8",1.04553250073273,0.00576963591978165,-0.0642948365173787
"ours:turquoise","ENSG00000260916.1",77.3268733246628,0.426718352213546,0.0678355978303312
"ours:turquoise","ENSG00000159063.8",9.62285606398644,0.0531024869707589,-0.0702436359134463
"ours:turquoise","ENSG00000058600.11",23.4447688732266,0.129376925659555,-0.0597182562390599
"ours:turquoise","ENSG00000184678.8",2.94621684669345,0.0162583167278256,0.0722701098589401
"ours:turquoise","ENSG00000073921.13",93.4045964549462,0.515441188486716,0.0716650172934144
"ours:turquoise","ENSG00000023839.6",0.772211056039957,0.00426134686722625,0.0777318292733073
"ours:turquoise","ENSG00000105486.9",4.31553404295636,0.0238147166250994,-0.0613496696918398
"ours:turquoise","ENSG00000257704.2",1.83526758225689,0.0101276868558168,0.0724630154901063
"ours:turquoise","ENSG00000229644.4",97.0217710077999,0.535402098562336,0.0700790407107976
"ours:turquoise","ENSG00000189337.11",2.54504504458892,0.0140445020087197,0.0672902005770664
"ours:turquoise","ENSG00000113048.12",30.829690233383,0.170129659328245,-0.0665085171925595
"ours:turquoise","ENSG00000007944.10",21.4706038164427,0.11848275104976,0.0712119017452981
"ours:turquoise","ENSG00000113368.7",21.55387272605,0.118942259760904,0.0671610895977272
"ours:turquoise","ENSG00000166523.3",27.7026394187273,0.152873433729734,0.0673076901337772
"ours:turquoise","ENSG00000157625.11",7.45271483721802,0.0411268432062779,0.0666393005322083
"ours:turquoise","ENSG00000173930.8",10.0511193390815,0.0554658024806833,0.0642998107397072
"ours:turquoise","ENSG00000115761.11",7.43011489962914,0.0410021283728259,-0.0622563029183255
"ours:turquoise","ENSG00000124102.4",1.80102254860565,0.009938710065435,0.0641816008904297
"ours:turquoise","ENSG00000185862.5",29.4235067124554,0.16236981738506,0.0683242231720285
"ours:turquoise","ENSG00000134571.6",10.2687655686382,0.0566668550572178,0.0770562065180283
"ours:turquoise","ENSG00000138678.6",62.2602991022775,0.343575410448839,0.0676554075512987
"ours:turquoise","ENSG00000123815.7",9.03407142783434,0.0498533550849705,0.0795429828336979
"ours:turquoise","ENSG00000108599.10",9.62471513459101,0.0531127460115156,0.0661962260127769
"ours:turquoise","ENSG00000197579.3",40.5403166630549,0.223716495713486,0.0676238931618903
"ours:turquoise","ENSG00000116641.11",0.847545847463124,0.00467707217303908,-0.0559132695486261
"ours:turquoise","ENSG00000262766.1",0.746203937300244,0.00411782994513582,0.068940730420838
"ours:turquoise","ENSG00000248697.1",5.31590166771457,0.0293351160165546,0.0711813308823612
"ours:turquoise","ENSG00000179978.10",0.571190221139873,0.00315203938147024,-0.0551507360104294
"ours:turquoise","ENSG00000236018.2",16.196819167743,0.089380052356982,0.0613273278205662
"ours:turquoise","ENSG00000234568.3",1.71953207923316,0.00948901544677717,0.0704575971358129
"ours:turquoise","ENSG00000116044.11",32.5521244846114,0.179634690035933,0.0677315996763149
"ours:turquoise","ENSG00000173559.8",85.5564302301221,0.472132097929102,0.0667826123582024
"ours:turquoise","ENSG00000156671.8",44.0405962332923,0.243032335941854,0.0681053989705984
"ours:turquoise","ENSG00000141179.9",1.36152280244529,0.00751338754279261,-0.0570294767826711
"ours:turquoise","ENSG00000131355.10",112.061542507386,0.618397132966822,0.0636882685287834
"ours:turquoise","ENSG00000008516.12",28.1131804530596,0.155138951345464,0.0619958749259373
"ours:turquoise","ENSG00000168887.6",4.00065568300075,0.022077101108902,0.0670618561003371
"ours:turquoise","ENSG00000116138.8",3.6026979352882,0.0198810227333866,-0.0553398240612363
"ours:turquoise","ENSG00000236345.1",13.8495289188202,0.0764268346187987,-0.0606316877795006
"ours:turquoise","ENSG00000130150.7",50.3090655488993,0.277624073357982,0.0642965781897718
"ours:turquoise","ENSG00000165178.8",30.5969777782667,0.168845465733997,0.0623960040780634
"ours:turquoise","ENSG00000126262.4",59.3354888558329,0.327435223276651,0.0641863528891727
"ours:turquoise","ENSG00000171793.9",8.5104769120347,0.0469639664493794,-0.0571623631555154
"ours:turquoise","ENSG00000186529.10",88.0306457691023,0.48578573646925,0.0593851093135023
"ours:turquoise","ENSG00000138433.11",32.3493372503586,0.178515634903741,0.0597973680534388
"ours:turquoise","ENSG00000140598.9",7.09251163586103,0.0391391084132293,-0.062904511982913
"ours:turquoise","ENSG00000199135.1",2.74363240535029,0.0151403806820851,0.0557764831866337
"ours:turquoise","ENSG00000139112.6",61.0867618963306,0.337099397114116,0.0632830391632938
"ours:turquoise","ENSG00000172985.8",4.39133421408836,0.0242330100686626,0.0628917803504512
"ours:turquoise","ENSG00000174885.8",19.2040618392661,0.105975132208598,0.0612880302168179
"ours:turquoise","ENSG00000173281.4",119.149739654541,0.65751243243198,0.0627704401891723
"ours:turquoise","ENSG00000273253.1",4.07916558274906,0.0225103478394713,0.0653668974649273
"ours:turquoise","ENSG00000100612.9",50.0735168060167,0.276324228076423,0.0629630076698697
"ours:turquoise","ENSG00000121848.9",4.80966725522993,0.0265415268664766,-0.0519017997057978
"ours:turquoise","ENSG00000247570.2",35.0448214950661,0.193390316186791,0.0688109964038626
"ours:turquoise","ENSG00000164933.7",14.4629156205482,0.0798117298224638,-0.0603312878959887
"ours:turquoise","ENSG00000004660.10",15.0959129638724,0.0833048438161561,0.0725342132904957
"ours:turquoise","ENSG00000104763.13",26.2881251921963,0.145067619864822,0.0589815126718369
"ours:turquoise","ENSG00000270956.1",2.98868251499263,0.0164926580275985,0.0588806301969362
"ours:turquoise","ENSG00000065559.10",76.4817897038095,0.422054867519692,0.0593254440027916
"ours:turquoise","ENSG00000241886.1",25.5566596630809,0.141031121919604,0.0500034993950885
"ours:turquoise","ENSG00000184588.13",31.4772849822958,0.17370332721726,0.0607166596126641
"ours:turquoise","ENSG00000115806.8",3.47564876371103,0.0191799183072722,-0.0460505324607857
"ours:turquoise","ENSG00000257335.4",123.448900345491,0.681236794831082,0.0529895064787298
"ours:turquoise","ENSG00000258215.1",48.2956739167999,0.266513431964236,0.0534447234520183
"ours:turquoise","ENSG00000132749.6",1.64693886315944,0.00908841917004939,0.0636222373683666
"ours:turquoise","ENSG00000197329.7",102.328308251055,0.564685538213314,0.0596148458426814
"ours:turquoise","ENSG00000110934.6",48.5715351355375,0.268035736431469,0.0641584062333185
"ours:turquoise","ENSG00000040633.8",9.78917766535048,0.0540203112227961,0.0636779379601747
"ours:turquoise","ENSG00000102010.10",57.9964511936257,0.320045917072973,0.0609367993859181
"ours:turquoise","ENSG00000133136.3",0.690380289897427,0.00380977436484272,0.0556066067343736
"ours:turquoise","ENSG00000105835.7",110.976113996451,0.61240733607322,0.0587101972033256
"ours:turquoise","ENSG00000112299.7",2.7904870620155,0.0153989420466674,0.0575744550459818
"ours:turquoise","ENSG00000132600.12",15.5313823008463,0.0857079250468284,-0.0475178187122264
"ours:turquoise","ENSG00000189067.8",102.761659664036,0.567076931954277,0.0568391231545959
"ours:turquoise","ENSG00000151726.9",116.598832484675,0.643435581042884,0.0559842189629461
"ours:turquoise","ENSG00000139266.5",4.71682544129047,0.0260291913205348,-0.0424166143836425
"ours:turquoise","ENSG00000261716.1",9.95715337937849,0.0549472634816955,-0.0540660952994293
"ours:turquoise","ENSG00000198825.7",2.04831643381916,0.0113033693963217,-0.0511250151066928
"ours:turquoise","ENSG00000166946.9",13.2062702690988,0.0728770949325227,-0.0530650660697265
"ours:turquoise","ENSG00000255112.2",40.1196629041641,0.221395172334837,0.0594152954615923
"ours:turquoise","ENSG00000132475.4",77.7144757528613,0.428857286097248,0.0570245198387535
"ours:turquoise","ENSG00000238005.2",38.5623609443377,0.212801402825938,0.0557896003654739
"ours:turquoise","ENSG00000167434.5",62.3957649318614,0.344322961113904,-0.0435836792194083
"ours:turquoise","ENSG00000058091.12",24.0410255478554,0.132667291023555,0.0532347646933328
"ours:turquoise","ENSG00000108179.9",11.625634851663,0.0641545627547799,-0.045891612873047
"ours:turquoise","ENSG00000104964.10",5.7238131902664,0.0315861230115151,-0.0449281580914846
"ours:turquoise","ENSG00000221869.4",35.797938001842,0.197546292252795,0.0554015675456241
"ours:turquoise","ENSG00000213593.5",1.39828282461504,0.0077162429721302,-0.0422372452594684
"ours:turquoise","ENSG00000247624.2",2.46094362608132,0.0135803992048508,0.0569966155993687
"ours:turquoise","ENSG00000203747.5",16.2535702950122,0.0896932261149962,-0.0456679465962535
"ours:turquoise","ENSG00000198863.3",10.9235082404338,0.0602799678344467,0.0599874744671262
"ours:turquoise","ENSG00000132823.6",35.3002530613443,0.194799882258446,0.0515862879395301
"ours:turquoise","ENSG00000058056.4",2.13015331549823,0.0117549756465029,-0.0396342727306413
"ours:turquoise","ENSG00000100985.7",64.7894532152519,0.357532220406113,0.0540036370345485
"ours:turquoise","ENSG00000099985.3",15.1975410360633,0.083865665192211,0.0506050535588988
"ours:turquoise","ENSG00000138738.6",8.81364436384746,0.0486369568331903,0.0478275181684636
"ours:turquoise","ENSG00000225808.1",1.37649939146574,0.00759603391285537,0.048881657900704
"ours:turquoise","ENSG00000234975.5",6.02014824513778,0.0332214096962218,0.056208566879721
"ours:turquoise","ENSG00000117090.10",4.24394258090185,0.0234196483984016,0.0397794253698835
"ours:turquoise","ENSG00000151893.10",123.874056990036,0.683582966801999,0.0526136869437238
"ours:turquoise","ENSG00000060971.13",24.8478704843009,0.1371197604817,0.056246068598135
"ours:turquoise","ENSG00000198879.7",6.04308426909333,0.033347979178833,-0.0430351422230162
"ours:turquoise","ENSG00000152684.10",4.67888420900401,0.0258198175358965,0.0482403029160883
"ours:turquoise","ENSG00000272993.1",2.71044896581555,0.014957262161573,-0.0484994140034197
"ours:turquoise","ENSG00000133597.5",1.82553268576692,0.0100739660882419,-0.0449223197419247
"ours:turquoise","ENSG00000267365.1",8.86650861230422,0.0489286813530447,0.0433649139866551
"ours:turquoise","ENSG00000168040.4",29.1078062046785,0.160627664952413,0.0549397910790754
"ours:turquoise","ENSG00000075399.8",7.2919562536409,0.0402397177486095,0.0565375767818375
"ours:turquoise","ENSG00000101150.13",111.799273719559,0.616949836572091,0.0499158418347299
"ours:turquoise","ENSG00000131042.9",23.3406329667599,0.128802265124308,0.0505722475058789
"ours:turquoise","ENSG00000269904.2",1.50704498231021,0.00831643287661546,0.037350978164877
"ours:turquoise","ENSG00000188917.10",5.1457113155834,0.0283959425636317,-0.0450073286351498
"ours:turquoise","ENSG00000121964.10",4.57385362745993,0.0252402198519148,0.0467627716149961
"ours:turquoise","ENSG00000262714.1",5.71055681590594,0.0315129694236327,0.0480075367914486
"ours:turquoise","ENSG00000145476.11",1.22092854013499,0.00673753628482387,-0.046443291333618
"ours:turquoise","ENSG00000151849.10",0.752628894109409,0.00415328523855159,-0.0375781064709273
"ours:turquoise","ENSG00000175928.5",2.36165690917926,0.0130324982952245,0.0539735365746098
"ours:turquoise","ENSG00000131778.13",4.98360807834426,0.0275013968085907,-0.0434328088401842
"ours:turquoise","ENSG00000169026.8",2.96715276709448,0.0163738488975811,0.0628171661587541
"ours:turquoise","ENSG00000249437.3",1.79785630164495,0.00992123754097258,-0.0426465782430463
"ours:turquoise","ENSG00000222057.1",1.48494360648855,0.00819446929181264,0.0458870514319937
"ours:turquoise","ENSG00000172071.7",3.58562527605545,0.0197868094708754,-0.041653258520825
"ours:turquoise","ENSG00000111490.8",11.3080165734711,0.0624018273540625,0.0513879398877761
"ours:turquoise","ENSG00000180316.7",8.44131763228555,0.0465823199062569,0.0488783737300526
"ours:turquoise","ENSG00000130695.9",2.32482700289458,0.0128292572194346,-0.0371048359804289
"ours:turquoise","ENSG00000066294.10",1.45073797808042,0.00800570995416989,0.0480511611539344
"ours:turquoise","ENSG00000073417.10",3.93983827941734,0.0217414881308102,-0.0407880095796967
"ours:turquoise","ENSG00000136270.9",1.71856205750116,0.00948366250727126,-0.0384878570671837
"ours:turquoise","ENSG00000138780.10",4.17634498535228,0.0230466198076114,-0.0445027005550526
"ours:turquoise","ENSG00000167528.8",1.94242771092241,0.0107190361702415,0.0451946069371685
"ours:turquoise","ENSG00000111424.6",27.3137434495031,0.150727361607134,0.053936915534133
"ours:turquoise","ENSG00000021355.8",23.8814987163532,0.131786962830449,0.0472618925440529
"ours:turquoise","ENSG00000211797.2",0.761115727687652,0.00420011873232048,-0.0407190051253626
"ours:turquoise","ENSG00000178904.14",12.3890686763077,0.0683674736054323,0.0460329961133936
"ours:turquoise","ENSG00000115317.7",0.797065564797617,0.00439850326016117,0.0538186717910557
"ours:turquoise","ENSG00000086589.7",2.12893211011742,0.0117482365825086,-0.0397861507489903
"ours:turquoise","ENSG00000015475.14",54.9837155957812,0.303420525217678,0.0467090410411748
"ours:turquoise","ENSG00000119471.10",73.7619414108981,0.407045736386857,0.043103303464781
"ours:turquoise","ENSG00000256229.3",2.93011457238119,0.0161694584090292,0.0322038944043878
"ours:turquoise","ENSG00000093134.9",48.747230804493,0.269005290263459,0.0427162436385167
"ours:turquoise","ENSG00000226479.3",9.32125342543727,0.0514381318066155,0.042647359924059
"ours:turquoise","ENSG00000130714.11",8.48244848987323,0.046809295225707,-0.0352334999721923
"ours:turquoise","ENSG00000184005.9",1.54940464420292,0.00855018919374067,0.0475371060511403
"ours:turquoise","ENSG00000125538.7",34.0602932741058,0.187957324497187,0.0419656475214784
"ours:turquoise","ENSG00000184445.7",2.42210274913664,0.0133660608474886,-0.0427377727256903
"ours:turquoise","ENSG00000172936.8",23.3962381476959,0.129109115125651,0.0427628949997742
"ours:turquoise","ENSG00000074660.11",8.81987627718149,0.0486713468411487,0.0416670850879022
"ours:turquoise","ENSG00000070540.8",7.41051107139923,0.0408939471814796,0.0443322129915414
"ours:turquoise","ENSG00000103707.5",3.34141556486107,0.0184391697555351,0.0474055711883008
"ours:turquoise","ENSG00000130598.11",8.7444223709625,0.0482549642157365,0.0441324776870543
"ours:turquoise","ENSG00000154359.8",12.7364254898311,0.0702843172682366,0.0359261335902491
"ours:turquoise","ENSG00000139132.10",36.8513560005233,0.203359443273425,0.039327339123392
"ours:turquoise","ENSG00000225342.1",14.8099083548073,0.0817265643609233,0.0334695558757806
"ours:turquoise","ENSG00000135525.14",1.37209335695646,0.0075717197811084,0.0442957649324091
"ours:turquoise","ENSG00000150977.9",33.9343481399959,0.187262312559086,0.0449585440395961
"ours:turquoise","ENSG00000075884.8",7.01072596000668,0.038687784735771,0.0439284589738128
"ours:turquoise","ENSG00000111052.3",68.811637711144,0.379728125485319,0.0394666602955696
"ours:turquoise","ENSG00000253210.1",1.97999730603397,0.0109263591231821,0.0334675180328592
"ours:turquoise","ENSG00000141562.13",27.5452275650376,0.152004776768223,0.0459880510408123
"ours:turquoise","ENSG00000183307.3",5.19905989712638,0.028690339812999,0.0420528780626915
"ours:turquoise","ENSG00000182308.5",1.09564587260637,0.00604618008289556,0.0374188540455239
"ours:turquoise","ENSG00000136689.14",47.0386872038997,0.259576913315266,0.0399783476680314
"ours:turquoise","ENSG00000262370.1",3.52646420423326,0.0194603367454472,0.040272829386035
"ours:turquoise","ENSG00000070759.12",4.87775902103147,0.0269172824719069,0.0410623933372404
"ours:turquoise","ENSG00000103194.11",45.2331493459896,0.249613286099255,0.0384322224214188
"ours:turquoise","ENSG00000251442.1",1.98804093209141,0.0109707468335534,0.0392133664856771
"ours:turquoise","ENSG00000263648.1",3.452089704878,0.019049910687247,0.0368536300701101
"ours:turquoise","ENSG00000168234.8",16.9862544999344,0.0937364491650812,-0.0378599554635811
"ours:turquoise","ENSG00000176749.4",2.5216378222036,0.0139153322784989,0.0418776739647306
"ours:turquoise","ENSG00000049541.6",1.36706378058689,0.00754396471422829,0.0414198197286134
"ours:turquoise","ENSG00000059804.11",58.0580081109303,0.320385610961917,0.0385322244885551
"ours:turquoise","ENSG00000112062.6",85.5466642723243,0.472078205753716,0.0383338240007583
"ours:turquoise","ENSG00000135083.10",62.699809990267,0.346000794456225,0.0365036182927577
"ours:turquoise","ENSG00000187554.7",11.4267625660149,0.0630571117602674,0.0372168493054428
"ours:turquoise","ENSG00000134463.10",3.61152859139973,0.0199297535673498,0.0372664596088574
"ours:turquoise","ENSG00000181631.6",39.1077825046544,0.215811241184497,0.033727195022269
"ours:turquoise","ENSG00000237803.1",5.06267138465862,0.0279376974417402,0.0337342984051833
"ours:turquoise","ENSG00000137449.11",34.4402250153801,0.190053928686905,0.0344651888438699
"ours:turquoise","ENSG00000235095.1",2.3488313751666,0.0129617222440946,0.0392405964641655
"ours:turquoise","ENSG00000123700.4",56.7664054009035,0.313258068408592,0.0383965692093384
"ours:turquoise","ENSG00000171236.9",79.8326475739116,0.440546143415826,0.0368757822059329
"ours:turquoise","ENSG00000148110.11",8.68307301437214,0.0479164157237564,0.0355268842380384
"ours:turquoise","ENSG00000168404.8",22.2873150307231,0.122989666286444,0.0367808891449163
"ours:turquoise","ENSG00000108523.11",1.63791905484953,0.00903864452413651,0.0492410057565473
"ours:turquoise","ENSG00000207939.1",39.425612575622,0.217565145336263,-0.0309757032206504
"ours:turquoise","ENSG00000196549.6",100.904201830713,0.556826791067108,0.0338101918807432
"ours:turquoise","ENSG00000137513.5",11.3064662729872,0.0623932722212931,-0.0400123376695546
"ours:turquoise","ENSG00000155926.9",74.954921098664,0.413629040543619,0.0351106565567983
"ours:turquoise","ENSG00000128284.15",1.7174304935597,0.00947741811796952,-0.0275396963122111
"ours:turquoise","ENSG00000164251.4",7.20561569259462,0.0397632585261581,-0.0237696373242141
"ours:turquoise","ENSG00000120029.8",2.5743968557553,0.0142064761835038,-0.0195991198929425
"ours:turquoise","ENSG00000108100.13",18.4804856918971,0.101982170796465,-0.0241724248534201
"ours:turquoise","ENSG00000174125.3",72.901502458808,0.40229751528299,0.0367007155218846
"ours:turquoise","ENSG00000123610.3",12.1592933936954,0.0670994884178756,0.0267063256272108
"ours:turquoise","ENSG00000075420.8",72.517515316213,0.400178531885441,0.0346934840476233
"ours:turquoise","ENSG00000101452.10",2.73779331184097,0.0151081583995384,-0.0241932419338469
"ours:turquoise","ENSG00000170836.7",25.2671418531234,0.139433455319497,-0.028214018719746
"ours:turquoise","ENSG00000130559.14",6.37520048252619,0.0351807195606204,-0.0216749240868244
"ours:turquoise","ENSG00000115165.5",20.8516535647988,0.11506715411524,-0.0214890950257651
"ours:turquoise","ENSG00000229894.2",17.7667537253817,0.0980435332235362,0.0336746720567537
"ours:turquoise","ENSG00000048392.7",65.3473223632961,0.360610749168096,0.0308306050842653
"ours:turquoise","ENSG00000141096.4",8.28563063894119,0.0457231813635402,0.0374850455361268
"ours:turquoise","ENSG00000172243.13",26.668029419393,0.147164072221659,0.0324431861275282
"ours:turquoise","ENSG00000232801.1",40.9282787200745,0.225857414162337,0.0324727182447202
"ours:turquoise","ENSG00000102096.9",0.726349643363648,0.00400826659117197,-0.0199577940719397
"ours:turquoise","ENSG00000145982.7",5.36202567503979,0.0295896453872259,-0.0194118156882625
"ours:turquoise","ENSG00000260563.2",0.908622648786731,0.0050141166040205,-0.0199910270290111
"ours:turquoise","ENSG00000109220.6",41.5510028107671,0.229293836539695,0.0301574751917865
"ours:turquoise","ENSG00000167851.9",31.1650307167716,0.171980192426891,0.0293840119855592
"ours:turquoise","ENSG00000102978.8",6.02833200576033,0.0332665707210715,0.0378939566890418
"ours:turquoise","ENSG00000006327.9",16.2155493315987,0.0894834123444424,0.034516899595838
"ours:turquoise","ENSG00000166527.3",5.17601535911933,0.0285631715096253,-0.0280025095819818
"ours:turquoise","ENSG00000163154.5",13.3848364708427,0.0738624894285507,0.0315748184582028
"ours:turquoise","ENSG00000130313.2",11.7475992821735,0.064827607694766,0.0377637033541532
"ours:turquoise","ENSG00000108984.9",3.52036825296407,0.0194266970265639,0.0264391382493248
"ours:turquoise","ENSG00000102554.9",1.39575731137419,0.00770230625385501,0.0318063505120541
"ours:turquoise","ENSG00000198363.11",5.38827285667274,0.0297344870653529,-0.0242205514098928
"ours:turquoise","ENSG00000137757.6",5.04765454438056,0.0278548289503167,-0.0281945185579074
"ours:turquoise","ENSG00000237984.2",58.7745754375586,0.324339895103022,0.0240944688297752
"ours:turquoise","ENSG00000255197.1",7.66755604486492,0.0423124166320874,0.0326422811557366
"ours:turquoise","ENSG00000124215.12",2.36609544156629,0.0130569917623079,0.0355434651169308
"ours:turquoise","ENSG00000141447.12",1.71532133726959,0.00946577901169272,0.0382583560421799
"ours:turquoise","ENSG00000180539.4",13.949471234043,0.0769783533629903,0.0333475582426411
"ours:turquoise","ENSG00000141337.8",20.3920758694005,0.112531034025772,0.0251060575023473
"ours:turquoise","ENSG00000258819.1",6.19958346203101,0.0342115997399894,-0.0179901362601561
"ours:turquoise","ENSG00000137414.5",46.9991826585244,0.25935891258948,0.0273153701064184
"ours:turquoise","ENSG00000164048.9",1.28963086036632,0.00711666115593136,-0.0168553241524346
"ours:turquoise","ENSG00000203710.6",81.0073786863041,0.447028745168899,-0.0201215712732707
"ours:turquoise","ENSG00000092200.8",10.5728393990742,0.0583448471742675,-0.0168072097250631
"ours:turquoise","ENSG00000183621.11",39.304807797493,0.216898499788004,0.0247531317228389
"ours:turquoise","ENSG00000253616.1",22.1344437637645,0.122146065965718,0.02403725063852
"ours:turquoise","ENSG00000115525.12",3.93704543012928,0.0217260761531246,-0.0241011756737271
"ours:turquoise","ENSG00000112303.9",42.193310517232,0.232838328568566,0.0241112495724353
"ours:turquoise","ENSG00000213523.5",19.2028106416122,0.105968227636123,-0.0111186610538912
"ours:turquoise","ENSG00000087589.12",79.4489698428607,0.438428867465877,0.0257532975996155
"ours:turquoise","ENSG00000174032.12",0.938517618220516,0.00517908812747392,0.0303211160805901
"ours:turquoise","ENSG00000099860.4",3.28332758475555,0.0181186187479963,0.0225583922810666
"ours:turquoise","ENSG00000146143.13",6.30173407879695,0.0347753047107173,-0.0151949862436989
"ours:turquoise","ENSG00000101457.8",32.4705754198363,0.179184672066122,0.0277696461420331
"ours:turquoise","ENSG00000138449.6",35.7305485498394,0.197174412275256,0.0205496710711683
"ours:turquoise","ENSG00000213903.4",67.1433923098391,0.370522128939411,0.0215348371556686
"ours:turquoise","ENSG00000198814.8",47.7404920558366,0.263449732648547,0.0191952405073034
"ours:turquoise","ENSG00000101558.9",22.8930933211278,0.126332575455975,-0.01441654657519
"ours:turquoise","ENSG00000111817.12",6.60379418487516,0.0364421843502699,0.0198087645636468
"ours:turquoise","ENSG00000272037.1",4.63166889590345,0.0255592659354079,0.0183611738802319
"ours:turquoise","ENSG00000112053.9",28.9938553580137,0.159998841938738,0.0206867571607962
"ours:turquoise","ENSG00000163328.9",3.66039775722305,0.0201994317402487,-0.0135740677131314
"ours:turquoise","ENSG00000165650.7",17.0451998601146,0.0940617315137046,-0.0137567183510026
"ours:turquoise","ENSG00000109016.13",7.43238138507486,0.0410146356797055,0.0214833670679676
"ours:turquoise","ENSG00000136161.8",25.7084834207069,0.141868941695519,-0.0158763132012609
"ours:turquoise","ENSG00000111261.9",82.038466816595,0.452718671698029,0.0218321618474056
"ours:turquoise","ENSG00000259948.2",2.35065456917947,0.0129717833045189,-0.016077083094733
"ours:turquoise","ENSG00000164938.9",61.9619310129234,0.341928904726207,0.0178327069479921
"ours:turquoise","ENSG00000166261.6",13.9113668206927,0.0767680790847504,-0.0184464068887591
"ours:turquoise","ENSG00000129295.4",1.68181844269664,0.00928089761985719,-0.0196080141837465
"ours:turquoise","ENSG00000159496.10",15.612228554683,0.0861540646453475,-0.00763656162347411
"ours:turquoise","ENSG00000257743.4",47.6243974030122,0.26280907931777,-0.00852331665287502
"ours:turquoise","ENSG00000136827.11",3.85015522384741,0.0212465837845088,-0.00678596661825009
"ours:turquoise","ENSG00000163606.6",2.96936314952206,0.0163860466072091,0.0118068727215858
"ours:turquoise","ENSG00000213995.7",1.75815873083021,0.00970217162925743,-0.00981116133694806
"ours:turquoise","ENSG00000074319.8",26.1044918239931,0.144054262865864,0.0228487831382514
"ours:turquoise","ENSG00000196843.11",8.27771612472101,0.045679506140149,-0.00625662722253504
"ours:turquoise","ENSG00000005020.8",8.41670886035089,0.0464465195802064,0.0128878091602021
"ours:turquoise","ENSG00000101181.13",4.14386594388,0.0228673884167295,0.0295444792667468
"ours:turquoise","ENSG00000147533.12",11.3592873581326,0.062684758549995,-0.0114630875175716
"ours:turquoise","ENSG00000089818.12",3.56673877949052,0.0196825867815726,0.0167873388145979
"ours:turquoise","ENSG00000225889.3",13.6544723971743,0.0753504404245611,0.012803466999602
"ours:turquoise","ENSG00000185950.7",13.7243544813549,0.075736075670481,0.0142720705183551
"ours:turquoise","ENSG00000175471.15",38.3502315631946,0.211630794264055,0.0103383005528108
"ours:turquoise","ENSG00000158887.11",3.08587567772648,0.0170290059292404,0.0134893701984716
"ours:turquoise","ENSG00000235117.2",4.89745384734104,0.0270259658243899,0.023144987334741
"ours:turquoise","ENSG00000267194.1",1.21513444764215,0.00670556233456808,0.00953574742847745
"ours:turquoise","ENSG00000163171.6",4.75132289619734,0.0262195610649781,-0.00752565853808405
"ours:turquoise","ENSG00000162747.5",55.9796404171707,0.308916407573189,0.013834204154831
"ours:turquoise","ENSG00000121940.11",4.89060174813367,0.0269881534008784,-0.0088309403231127
"ours:turquoise","ENSG00000049249.4",4.91749910630293,0.0271365829941544,-0.00488542523553009
"ours:turquoise","ENSG00000132965.5",55.8816534360219,0.308375679087264,0.0115978819026562
"ours:turquoise","ENSG00000233429.5",0.239467908265433,0.00132147268898378,-0.00786528257422713
"ours:turquoise","ENSG00000131724.6",38.4439997370472,0.212148241807401,-0.00523780311930022
"ours:turquoise","ENSG00000130338.8",6.6960929571778,0.0369515231911532,0.00620125118462858
"ours:turquoise","ENSG00000205531.8",5.20641081341754,0.0287309048940912,0.0160572635860642
"ours:turquoise","ENSG00000081913.9",16.2883162201619,0.0898849670103482,0.00224303863087436
"ours:turquoise","ENSG00000163464.7",97.577764586801,0.538470277239063,0.0108455458199977
"ours:turquoise","ENSG00000160856.16",1.02378598545114,0.00564963058698631,0.00882633133737923
"ours:turquoise","ENSG00000154957.9",5.9250591005032,0.0326966725464149,0.0104851126214601
"ours:turquoise","ENSG00000173597.4",48.9111506198535,0.269909860569983,0.00689705260368936
"ours:turquoise","ENSG00000137462.6",37.2618851583338,0.205624895350105,0.0104018523090725
"ours:turquoise","ENSG00000119121.17",27.0067573030569,0.149033298250739,0.00715377625526877
"ours:turquoise","ENSG00000132825.5",53.6898415579339,0.296280448635453,-0.00571564306369465
"ours:turquoise","ENSG00000237135.1",8.12988467407759,0.0448637173941196,-0.0148702288175079
"ours:turquoise","ENSG00000131873.5",33.4128493054492,0.184384488669522,0.0120575390049373
"ours:turquoise","ENSG00000138463.8",32.739240614707,0.180667266206079,0.0105535653986901
"ours:turquoise","ENSG00000178726.6",10.2744940231917,0.0566984667929922,0.0106894349815759
"ours:turquoise","ENSG00000137393.8",47.0978278921395,0.25990327355653,-0.00526801874553907
"ours:turquoise","ENSG00000064225.8",10.1580203166575,0.0560557217033282,0.00328426078547238
"ours:turquoise","ENSG00000143493.8",1.62774739932517,0.00898251355830247,0.00699515785289563
"ours:turquoise","ENSG00000153898.8",0.699389727857821,0.00385949178332269,-0.00751729777045672
"ours:turquoise","ENSG00000157017.11",5.17152356391482,0.0285383841185704,0.00945176370864967
"ours:turquoise","ENSG00000086730.12",73.3455146902208,0.404747739372041,0.0086062482981285
"ours:turquoise","ENSG00000258082.1",23.5955052627027,0.130208744934929,0.00588152480644933
"ours:turquoise","ENSG00000062282.10",120.590009925762,0.665460377699307,-0.00106438492066864
"ours:turquoise","ENSG00000150048.6",1.12712108695681,0.00621987198359863,0.00882832237023401
"ours:turquoise","ENSG00000180573.8",15.7835818178452,0.087099655472433,0.00934747189682732
"ours:turquoise","ENSG00000178075.15",2.21715201222193,0.0122350667055943,-0.00322012360582986
"ours:turquoise","ENSG00000182871.10",0.741831087350546,0.00409369893809021,0.00635216131369386
"ours:turquoise","ENSG00000057704.6",106.574319548822,0.588116602558256,0.000541405795944311
"ours:turquoise","ENSG00000178146.9",56.7713533236581,0.313285372880555,-0.00068749570422254
"ours:turquoise","ENSG00000105352.6",43.3435448490678,0.239185748005528,0.000481732014065706
"ours:turquoise","ENSG00000128512.15",31.5742291345736,0.174238300986896,0.00245019205289415
"ours:turquoise","ENSG00000136271.6",6.0842951721027,0.033575396218593,0.00592701122794127
"ours:turquoise","ENSG00000105176.13",63.6821455874859,0.351421686435214,-0.115058477512153
"ours:turquoise","ENSG00000211460.7",15.7415101038052,0.086867488158302,-0.108763956073451
"ours:turquoise","ENSG00000173852.9",0.511835440352546,0.00282449769816406,-0.0923673760076274
"ours:turquoise","ENSG00000226015.2",0.674525863339021,0.0037222837618296,0.00801008242305379
"ours:turquoise","ENSG00000108061.7",53.0287894413531,0.292632518002977,0.118183494323782
"ours:turquoise","ENSG00000136536.10",49.9951497120312,0.275891769400991,0.119270481017978
"ours:turquoise","ENSG00000225135.1",9.23923644889867,0.050985531726238,0.0566211428244085
"ours:turquoise","ENSG00000058272.11",41.68583544204,0.230037892981753,0.062972662445733
"ours:turquoise","ENSG00000067900.6",22.3281008026922,0.123214737295526,0.0501506869146338
"ours:turquoise","ENSG00000148516.17",1.96110684701037,0.0108221145675635,0.0327348894147766
"ours:turquoise","ENSG00000058673.11",15.6063803548065,0.0861217921104911,0.0381221740870817
"ours:turquoise","ENSG00000005889.11",5.81304501010277,0.0320785372717648,-0.0239215677993867
"ours:turquoise","ENSG00000153339.9",27.8413331982243,0.153638797419026,-0.0172132301393379
"ours:turquoise","ENSG00000090060.13",11.5576525956349,0.0637794114648749,0.0209537969972513
"ours:turquoise","ENSG00000138592.9",7.3620286872359,0.0406264034131612,-0.0106074334044732
"ours:turquoise","ENSG00000136021.13",12.9395440623073,0.0714052008475725,-0.00864242185731527
"ours:turquoise","ENSG00000135655.9",32.0617849008522,0.176928814443003,0.00325806605315308
"ours:turquoise","ENSG00000163660.7",9.52241481265046,0.0525482149121383,0.00699295982074396
"ours:turquoise","ENSG00000080371.4",19.300702371269,0.106508430489006,0.0026733238523504
"ours:turquoise","ENSG00000117632.16",2.83226391466708,0.0156294822063516,-0.134466946870198
"ours:turquoise","ENSG00000124575.5",15.378053345683,0.0848617990329237,-0.110399173532299
"ours:turquoise","ENSG00000203814.5",2.36968304018796,0.0130767894614314,0.00256388083440152
"ours:turquoise","ENSG00000061938.12",11.0063957209281,0.060737371678349,0.110149393727572
"ours:turquoise","ENSG00000010404.13",38.5219813960463,0.212578573509696,0.307943589482681
"ours:turquoise","ENSG00000124788.13",46.4873110472928,0.256534215286997,0.224647236603159
"ours:turquoise","ENSG00000065526.6",22.3502921164866,0.123337197191403,0.222258044149404
"ours:turquoise","ENSG00000051382.4",11.7298395176204,0.0647296027303864,0.218879796461068
"ours:turquoise","ENSG00000230789.1",35.6872853804329,0.196935670068738,0.208153215959015
"ours:turquoise","ENSG00000252906.1",4.20399603720456,0.0231992085620259,0.204215875040826
"ours:turquoise","ENSG00000185973.6",6.16628408422716,0.0340278414291298,0.204887006866855
"ours:turquoise","ENSG00000118495.14",6.87016852990603,0.0379121367315888,0.209632338072463
"ours:turquoise","ENSG00000157450.11",17.591134650203,0.0970744020644,0.194900212548877
"ours:turquoise","ENSG00000135899.12",38.2364646031219,0.211002986004761,0.195402038032382
"ours:turquoise","ENSG00000153317.10",20.2705068391413,0.111860171050948,0.192237520540994
"ours:turquoise","ENSG00000105993.10",17.9914790799678,0.0992836510362271,0.190374153664005
"ours:turquoise","ENSG00000272918.1",20.3731968985311,0.112426852866047,0.182048381292353
"ours:turquoise","ENSG00000226380.3",9.39174369522899,0.0518271232461933,0.180661744999985
"ours:turquoise","ENSG00000261438.1",10.408419515692,0.0574375173070247,0.172790129550429
"ours:turquoise","ENSG00000180370.6",41.2418166895256,0.227587632906845,0.171400373395202
"ours:turquoise","ENSG00000187605.11",61.4271129904403,0.338977580620163,0.170402921212135
"ours:turquoise","ENSG00000197548.8",29.2628571202028,0.161483293381924,0.169377021834465
"ours:turquoise","ENSG00000155849.11",13.9875622274851,0.0771885535852022,0.171529452966688
"ours:turquoise","ENSG00000140455.12",30.172959691469,0.166505576746796,0.165169624520059
"ours:turquoise","ENSG00000265625.1",45.7751252013652,0.252604109780621,0.157762940287815
"ours:turquoise","ENSG00000154127.5",1.53581094260701,0.00847517410912532,0.171998059530637
"ours:turquoise","ENSG00000172493.16",16.4125616759138,0.0905705994931958,0.160995298430217
"ours:turquoise","ENSG00000048740.13",56.0364285017075,0.309229785275107,0.162252325003895
"ours:turquoise","ENSG00000151532.9",6.55828088496925,0.0361910250895287,0.15454414911141
"ours:turquoise","ENSG00000157764.8",9.9894717639854,0.0551256083084385,0.152135677289415
"ours:turquoise","ENSG00000243175.1",8.00471131815974,0.0441729644141815,0.1446902316376
"ours:turquoise","ENSG00000005483.15",12.104768104895,0.066798597661655,0.147842336482001
"ours:turquoise","ENSG00000033627.10",14.8989238797183,0.082217785025594,0.143767993901121
"ours:turquoise","ENSG00000264112.1",5.84869061326093,0.0322752429238794,0.132853052326055
"ours:turquoise","ENSG00000145012.8",23.554272209979,0.129981205664834,0.135007505460028
"ours:turquoise","ENSG00000092871.12",30.0583673592195,0.165873213777864,0.140220274489714
"ours:turquoise","ENSG00000132549.14",23.9567160541195,0.132202039983443,0.136485605001585
"ours:turquoise","ENSG00000141279.11",62.0727899434372,0.342540665400383,0.132000621164761
"ours:turquoise","ENSG00000082701.10",40.0201273913898,0.220845898477359,0.127189856182666
"ours:turquoise","ENSG00000115935.12",32.9868513524514,0.182033674046689,0.130648625104021
"ours:turquoise","ENSG00000163635.13",24.968774919436,0.137786955974262,0.1267227004912
"ours:turquoise","ENSG00000249850.1",13.6943041319914,0.0755702467029757,0.12225217612847
"ours:turquoise","ENSG00000043462.7",23.0726414254474,0.127323388454409,0.124154105344771
"ours:turquoise","ENSG00000231721.2",18.9059183080642,0.104329865681094,0.124326280061095
"ours:turquoise","ENSG00000239653.1",12.4727507875324,0.0688292625162762,0.113486186182763
"ours:turquoise","ENSG00000176542.5",26.4699990075566,0.146071266998923,0.110103030359263
"ours:turquoise","ENSG00000143436.6",12.6142325979322,0.0696100115936183,-0.101319193090197
"ours:turquoise","ENSG00000113712.12",3.81816616858459,0.0210700563191694,0.110475345944895
"ours:turquoise","ENSG00000237711.1",2.28030995892352,0.0125835956682557,0.117032575845352
"ours:turquoise","ENSG00000248019.2",36.4807624601333,0.201314370737875,0.105528111258583
"ours:turquoise","ENSG00000241939.2",2.40387541119021,0.013265475639794,0.0996665218156138
"ours:turquoise","ENSG00000236194.2",11.613714936193,0.0640887842424831,0.0968372708965757
"ours:turquoise","ENSG00000114503.6",36.0935355075328,0.199177508867713,-0.0990036550432496
"ours:turquoise","ENSG00000147050.10",19.0248239309052,0.104986030986455,0.105052557769871
"ours:turquoise","ENSG00000153179.7",47.7859204753924,0.263700423508052,0.100152109004647
"ours:turquoise","ENSG00000159082.13",22.9159371655729,0.126458636257877,0.096026669350965
"ours:turquoise","ENSG00000131626.11",26.1788980946391,0.144464864249824,0.0973636437514629
"ours:turquoise","ENSG00000198740.4",25.4506749126364,0.140446258777918,0.0908923584255514
"ours:turquoise","ENSG00000162923.10",13.4593402775171,0.0742736290524725,0.0900678533154644
"ours:turquoise","ENSG00000224745.1",8.43201477194386,0.0465309832743048,0.0819927775367965
"ours:turquoise","ENSG00000152520.9",22.7319929963657,0.125443564143764,0.0906475531218758
"ours:turquoise","ENSG00000089902.8",71.2725068692009,0.393308113748006,0.0874019055236159
"ours:turquoise","ENSG00000207034.1",13.0933663450666,0.0722540492260292,0.0932044974658653
"ours:turquoise","ENSG00000248476.1",8.01355259706745,0.0442217538686719,0.082857723296583
"ours:turquoise","ENSG00000196505.6",6.36446742222869,0.0351214905551345,0.0846011469318309
"ours:turquoise","ENSG00000161912.13",5.56162909061739,0.0306911310277206,0.0893663523975799
"ours:turquoise","ENSG00000251682.1",5.77935502004432,0.0318926234176837,0.0876380338492243
"ours:turquoise","ENSG00000178385.9",17.7282474897549,0.0978310415410182,0.0785278343026116
"ours:turquoise","ENSG00000136044.7",10.3570469454149,0.0571540244203333,0.0715810483679907
"ours:turquoise","ENSG00000105483.12",34.059817470233,0.187954698835036,0.0726771443568797
"ours:turquoise","ENSG00000162924.9",0.929627556838845,0.00513002947320846,0.0652919588579286
"ours:turquoise","ENSG00000206965.1",1.93758698480652,0.0106923232490683,0.0614790009365942
"ours:turquoise","ENSG00000198900.5",4.28194195585314,0.023629343035818,0.0576174369811677
"ours:turquoise","ENSG00000226891.2",13.6231543058878,0.0751776155871706,0.0617761834942878
"ours:turquoise","ENSG00000261662.1",3.53001270244936,0.0194799186740381,0.0707817441306601
"ours:turquoise","ENSG00000170921.10",9.22481524134294,0.0509059501569784,0.0608347049120773
"ours:turquoise","ENSG00000232587.1",2.12373377990001,0.0117195502693388,0.0549171114397134
"ours:turquoise","ENSG00000198920.5",2.35420267352774,0.0129913630596012,0.0362197467544729
"ours:turquoise","ENSG00000119421.5",1.26606260933178,0.00698660280993065,-0.03073916828054
"ours:turquoise","ENSG00000124813.16",2.21589430813832,0.0122281262282278,0.0269263061233989
"ours:turquoise","ENSG00000137168.7",10.1741998006579,0.0561450060938058,-0.0622611709461379
"ours:turquoise","ENSG00000147010.13",40.5667573895853,0.223862405444104,0.0861188131111722
"ours:turquoise","ENSG00000109323.4",36.7040693665976,0.202546661028009,0.0674131460516249
"ours:turquoise","ENSG00000166747.8",25.6278013357672,0.141423708041831,0.0301839794359136
"ours:turquoise","ENSG00000102699.5",15.0301804458423,0.0829421074145063,-0.0266204872444801
"ours:turquoise","ENSG00000197323.6",13.3733895247171,0.0737993209364263,0.029040922398082
"ours:turquoise","ENSG00000064763.6",24.8567969021604,0.137169019764487,0.415149072410436
"ours:turquoise","ENSG00000179820.11",21.604453626401,0.11922138391947,0.393372933938648
"ours:turquoise","ENSG00000151694.8",17.7151817616133,0.0977589400096448,0.342344173539973
"ours:turquoise","ENSG00000158710.10",56.5651968319528,0.312147724936751,0.342574780355024
"ours:turquoise","ENSG00000253676.1",37.1163045840243,0.20482152777409,0.343957798308973
"ours:turquoise","ENSG00000216316.1",2.42121261285142,0.0133611487454917,0.319658894548934
"ours:turquoise","ENSG00000111885.5",11.6791602641735,0.0644499358229779,0.325452048826482
"ours:turquoise","ENSG00000104093.9",13.5104685059016,0.0745557735700221,0.325217038384304
"ours:turquoise","ENSG00000124831.14",39.1114218197805,0.215831324274464,0.325533657691999
"ours:turquoise","ENSG00000007237.14",14.1738687168233,0.0782166618575139,0.322451503143026
"ours:turquoise","ENSG00000104450.8",2.36590491059288,0.0130559403417665,0.31200395812872
"ours:turquoise","ENSG00000183049.8",17.1214655840759,0.0944825940503614,0.313684623299488
"ours:turquoise","ENSG00000156313.8",44.7195686293988,0.246779157319832,0.303472017977796
"ours:turquoise","ENSG00000077514.4",7.82889267586888,0.0432027319697403,0.301615675060774
"ours:turquoise","ENSG00000204131.6",98.323461592313,0.542585309746671,0.299435710130115
"ours:turquoise","ENSG00000213066.7",2.42614508777777,0.0133883679706124,0.282633932738713
"ours:turquoise","ENSG00000213390.6",33.0167036597625,0.182198410144734,0.284689301714178
"ours:turquoise","ENSG00000103381.7",79.881943227344,0.440818175105452,0.273422707919805
"ours:turquoise","ENSG00000156675.11",117.809007922597,0.650113777723501,0.272825775724365
"ours:turquoise","ENSG00000176463.9",82.0361943409313,0.452706131334907,0.270836788224235
"ours:turquoise","ENSG00000136868.9",4.76672935117581,0.0263045795947493,0.273895817927636
"ours:turquoise","ENSG00000123146.15",55.4764748931293,0.306139753687184,0.268574000575077
"ours:turquoise","ENSG00000065665.16",2.8309102716929,0.0156220123026223,0.265157798239125
"ours:turquoise","ENSG00000119321.4",20.2529455228336,0.111763261197551,0.265622349971553
"ours:turquoise","ENSG00000164691.12",28.356537232982,0.156481884269862,0.261665169499524
"ours:turquoise","ENSG00000148411.3",35.4819551158856,0.195802581552676,0.258680858925854
"ours:turquoise","ENSG00000135870.7",88.8689265893092,0.490411680787327,0.251742193052919
"ours:turquoise","ENSG00000076513.12",101.842791608063,0.562006277395409,0.248275307152552
"ours:turquoise","ENSG00000052749.9",15.5948302344958,0.0860580542649665,0.245380006468095
"ours:turquoise","ENSG00000249096.2",43.8470410400653,0.241964226634376,0.227504928731801
"ours:turquoise","ENSG00000093167.13",6.5207802272545,0.0359840825586988,0.234772546953911
"ours:turquoise","ENSG00000196850.4",54.3707988707412,0.300038223519598,0.232506842404761
"ours:turquoise","ENSG00000007516.9",1.29311003605742,0.00713586053713143,0.241828769118211
"ours:turquoise","ENSG00000145819.11",136.436333428089,0.752906265045162,0.228743723750067
"ours:turquoise","ENSG00000084731.9",22.5550157140699,0.124466937894266,0.231688940245734
"ours:turquoise","ENSG00000237788.1",8.62920813571069,0.0476191693554972,0.223205212294714
"ours:turquoise","ENSG00000118263.10",85.1164741949547,0.469704257434571,0.222669538612941
"ours:turquoise","ENSG00000197965.7",24.849249517175,0.137127370496309,0.216179477547604
"ours:turquoise","ENSG00000161638.6",76.6473281493516,0.422968370027587,0.217904004425247
"ours:turquoise","ENSG00000116017.6",92.1638622770243,0.508594357350599,0.21599693155729
"ours:turquoise","ENSG00000110619.12",58.5951437737033,0.323349724666235,0.220224546231704
"ours:turquoise","ENSG00000166046.6",28.1331714484106,0.155249269068507,0.213010562719542
"ours:turquoise","ENSG00000119408.12",42.6091706221014,0.235133198787309,0.210956455250358
"ours:turquoise","ENSG00000150961.10",11.0715413191867,0.0610968692391283,0.208289255643728
"ours:turquoise","ENSG00000139436.16",114.310767248633,0.630809188880594,0.20643895786895
"ours:turquoise","ENSG00000175003.8",46.8952472158129,0.258785358287547,0.201589940990522
"ours:turquoise","ENSG00000237892.1",23.6359438553878,0.130431900080022,0.197961340763969
"ours:turquoise","ENSG00000100030.10",129.501437919023,0.714636940848163,0.204012868902615
"ours:turquoise","ENSG00000105656.8",100.25910643651,0.553266915543903,0.203896313782791
"ours:turquoise","ENSG00000135365.11",69.5779260163533,0.383956788417887,0.201276265435641
"ours:turquoise","ENSG00000173825.6",25.3397046033917,0.139833883474616,0.201638713203521
"ours:turquoise","ENSG00000163297.12",63.4912520179253,0.350368264953796,0.19889480997337
"ours:turquoise","ENSG00000106012.13",10.3105008507556,0.0568971658152841,0.197172221480902
"ours:turquoise","ENSG00000179818.9",36.5464386164148,0.201676796114503,0.190108345548055
"ours:turquoise","ENSG00000213073.4",92.4423407067962,0.510131104558524,0.188041563955921
"ours:turquoise","ENSG00000197442.8",96.9257851971137,0.534872413276861,0.191113724677371
"ours:turquoise","ENSG00000249863.2",5.55784670670676,0.0306702584311654,0.18607858244849
"ours:turquoise","ENSG00000244627.1",4.45655014618504,0.024592895757633,0.183049507155204
"ours:turquoise","ENSG00000198718.8",14.0097522269545,0.0773110062281464,-0.185467712362245
"ours:turquoise","ENSG00000101654.13",15.5217735945398,0.0856549006434646,-0.184435191738899
"ours:turquoise","ENSG00000165175.11",41.0166162061778,0.226344893157517,0.189673676820507
"ours:turquoise","ENSG00000118900.10",124.026909135566,0.684426461603587,0.186811312006439
"ours:turquoise","ENSG00000104856.9",7.25370616080449,0.0400286395569614,0.187288495039735
"ours:turquoise","ENSG00000101236.12",131.750971963073,0.727050703609458,0.186409194018908
"ours:turquoise","ENSG00000166439.5",100.783392636282,0.556160121148061,0.188506894969165
"ours:turquoise","ENSG00000197555.5",96.2989101800858,0.531413084549229,0.181503260949654
"ours:turquoise","ENSG00000063046.13",14.9104421598899,0.0822813471654274,-0.173545206353247
"ours:turquoise","ENSG00000175806.10",9.54832579818221,0.0526912013355504,0.187167368371676
"ours:turquoise","ENSG00000107745.12",20.9372112214877,0.115539292981224,0.184867501253248
"ours:turquoise","ENSG00000175782.8",1.28662579966482,0.00710007811699921,0.174601231971293
"ours:turquoise","ENSG00000197321.10",103.956249445466,0.573669121204741,0.179970655322259
"ours:turquoise","ENSG00000263244.1",68.6171057706155,0.37865462612415,0.180421361318199
"ours:turquoise","ENSG00000111358.9",18.7488587313812,0.103463152714696,-0.175610777611633
"ours:turquoise","ENSG00000125505.12",131.551031484105,0.725947357928226,0.180557245244902
"ours:turquoise","ENSG00000241839.5",81.1828847899351,0.447997252909157,0.180202772171077
"ours:turquoise","ENSG00000135074.11",42.8972332496329,0.236722835151351,0.176593476691386
"ours:turquoise","ENSG00000197971.10",106.235217919436,0.586245314061731,0.178263103051554
"ours:turquoise","ENSG00000168310.6",89.2150533594687,0.492321736614871,0.176544546954097
"ours:turquoise","ENSG00000123405.9",27.5275508137584,0.151907229901861,0.175080242636762
"ours:turquoise","ENSG00000123066.3",108.411783524698,0.598256409928269,0.176875126813028
"ours:turquoise","ENSG00000229591.1",4.17624648167046,0.0230460762277797,0.170789073181997
"ours:turquoise","ENSG00000100605.12",91.7656267360059,0.506396746008643,0.175604366426816
"ours:turquoise","ENSG00000146223.10",27.7819937873763,0.153311340552743,-0.166343891705691
"ours:turquoise","ENSG00000100201.14",3.80252880356695,0.0209837635422034,0.180705271816025
"ours:turquoise","ENSG00000119927.9",12.6616512923228,0.0698716855274594,-0.172094122209571
"ours:turquoise","ENSG00000124383.4",10.5133718453568,0.0580166831681282,-0.174051864846414
"ours:turquoise","ENSG00000102409.9",4.31310894653343,0.0238013340440502,-0.166062974811536
"ours:turquoise","ENSG00000126814.6",4.69244708303322,0.0258946625025709,-0.175566213045521
"ours:turquoise","ENSG00000214077.4",28.2733298049868,0.156022714837045,0.172490483728463
"ours:turquoise","ENSG00000136261.10",10.9812418858232,0.0605985634916693,-0.164809953814083
"ours:turquoise","ENSG00000064666.10",59.6810886098172,0.329342370833573,0.172650172857392
"ours:turquoise","ENSG00000155111.10",101.086842039199,0.557834667442582,0.168879889557924
"ours:turquoise","ENSG00000185115.4",13.8445346489881,0.0763992743864809,-0.164881257017997
"ours:turquoise","ENSG00000196083.5",73.1188150119217,0.403496726509217,0.171040428908713
"ours:turquoise","ENSG00000101307.11",74.3347351476231,0.410206624561752,0.170149872859766
"ours:turquoise","ENSG00000251441.2",51.5669819341306,0.284565722283507,0.16631252946691
"ours:turquoise","ENSG00000100330.11",143.689421775008,0.792931495276079,0.168362614045918
"ours:turquoise","ENSG00000232528.3",55.5575792989823,0.306587317864227,0.156426367127521
"ours:turquoise","ENSG00000270949.1",102.322710626281,0.564654648444762,0.168689896940225
"ours:turquoise","ENSG00000143314.8",13.6842711938678,0.0755148812311823,-0.158985195841472
"ours:turquoise","ENSG00000186350.8",107.883896393359,0.595343333048851,0.165421751574031
"ours:turquoise","ENSG00000025156.8",17.8205409330303,0.098340350974354,-0.165029468956851
"ours:turquoise","ENSG00000198042.6",30.6649070715007,0.169220324755571,-0.170611934096734
"ours:turquoise","ENSG00000130939.14",43.3000621029617,0.238945794093384,0.162228032889287
"ours:turquoise","ENSG00000156697.8",6.28472464516973,0.0346814403505353,-0.159735471500674
"ours:turquoise","ENSG00000116729.9",23.0503373628829,0.127200306369023,0.160190101505448
"ours:turquoise","ENSG00000112195.8",96.0350033084719,0.529956748600922,0.162147532439754
"ours:turquoise","ENSG00000102882.7",48.4523043386108,0.267377776694961,0.165343551172649
"ours:turquoise","ENSG00000120833.9",1.13168921131454,0.00624508058721634,-0.151171173070783
"ours:turquoise","ENSG00000002834.13",86.8546008225355,0.479295884492163,0.16035745270345
"ours:turquoise","ENSG00000154889.12",38.3796621678708,0.211793203250635,0.158417359110821
"ours:turquoise","ENSG00000115484.10",24.0704058342614,0.132829422335267,-0.153018358796748
"ours:turquoise","ENSG00000170854.13",20.4502941757597,0.112852304221891,-0.157212357019917
"ours:turquoise","ENSG00000233369.3",9.24079043846289,0.05099410721672,0.153754956671451
"ours:turquoise","ENSG00000155640.5",15.265952622988,0.0842431856891573,0.150747021716731
"ours:turquoise","ENSG00000163626.12",7.86466358611593,0.043400129112823,-0.162639610582713
"ours:turquoise","ENSG00000241772.2",48.2862514773371,0.266461435450365,0.155626441932783
"ours:turquoise","ENSG00000065882.11",82.9697655259634,0.457857923210395,0.157285656848583
"ours:turquoise","ENSG00000133256.8",1.86867052678132,0.0103120166862329,-0.144834146702509
"ours:turquoise","ENSG00000196209.8",38.0307168236499,0.209867593486571,0.15381003816026
"ours:turquoise","ENSG00000125962.10",5.77940744276153,0.0318929127056704,-0.150625303778723
"ours:turquoise","ENSG00000109618.7",6.83557459887239,0.0377212345961141,-0.155892584037418
"ours:turquoise","ENSG00000215244.2",34.5970317247289,0.190919246237614,0.14237236834957
"ours:turquoise","ENSG00000100129.13",8.56090275579304,0.047242234948187,-0.143794393199166
"ours:turquoise","ENSG00000148358.15",57.0594715143424,0.314875315862671,0.154764378501174
"ours:turquoise","ENSG00000172354.5",116.686772499981,0.643920866646863,0.154413953580617
"ours:turquoise","ENSG00000267083.1",0.64086418035776,0.00353652611669387,0.143462052891812
"ours:turquoise","ENSG00000222112.1",44.3960912187916,0.244994089054456,0.148441537783647
"ours:turquoise","ENSG00000171302.12",118.860169246177,0.65591447557437,0.154241324433782
"ours:turquoise","ENSG00000140199.7",121.167536840629,0.668647385305787,0.150180166404999
"ours:turquoise","ENSG00000101849.11",105.6857609234,0.58321320667293,0.149535374274095
"ours:turquoise","ENSG00000100353.13",8.72166878614037,0.048129401499894,-0.14197626483061
"ours:turquoise","ENSG00000197258.5",8.05633536859794,0.0444578450616259,-0.14827346507898
"ours:turquoise","ENSG00000145287.6",5.20156403506416,0.028704158574428,-0.145168592159635
"ours:turquoise","ENSG00000160703.11",42.8021814091056,0.236198303859436,0.152718309044108
"ours:turquoise","ENSG00000168591.11",52.7573078943507,0.29113438218793,0.153689604314782
"ours:turquoise","ENSG00000068323.12",112.270923149801,0.619552572969442,0.152377333330431
"ours:turquoise","ENSG00000109775.6",8.91333012216805,0.0491870598012894,-0.144692484410253
"ours:turquoise","ENSG00000160712.8",127.150942984324,0.701666038465883,0.147756707784832
"ours:turquoise","ENSG00000105514.3",136.52852956385,0.753415037499557,0.14738840272751
"ours:turquoise","ENSG00000128654.9",12.9254545934855,0.0713274499356228,-0.153914766673942
"ours:turquoise","ENSG00000134697.8",12.1521977741006,0.0670603321585928,-0.138557458585815
"ours:turquoise","ENSG00000126822.11",62.9433019658894,0.347344473440613,0.145707618952448
"ours:turquoise","ENSG00000103018.12",7.54478889593535,0.0416349419942958,-0.139698279500979
"ours:turquoise","ENSG00000109756.4",78.9173200971551,0.435495027085577,0.143657867598298
"ours:turquoise","ENSG00000254325.2",36.0828460821642,0.19911852065594,0.142668881605593
"ours:turquoise","ENSG00000197622.8",107.818842022493,0.594984338914644,0.148946396162964
"ours:turquoise","ENSG00000204519.6",13.4030501744989,0.0739629993971773,-0.147763989393092
"ours:turquoise","ENSG00000169902.9",6.20812728483893,0.0342587477214537,0.146695760153496
"ours:turquoise","ENSG00000215492.5",0.902342939981124,0.00497946284293206,-0.14444280409522
"ours:turquoise","ENSG00000124275.10",11.0457224299797,0.0609543910373761,-0.139561809081655
"ours:turquoise","ENSG00000259626.2",56.6215744843836,0.312458837722159,0.137652874585578
"ours:turquoise","ENSG00000184508.6",6.06052275808703,0.0334442112255788,-0.142821364956305
"ours:turquoise","ENSG00000257218.1",0.927225497737669,0.00511677402064063,-0.138634055533703
"ours:turquoise","ENSG00000108349.10",75.0996264957723,0.414427578567409,0.145161082117467
"ours:turquoise","ENSG00000157600.7",6.7104527150325,0.037030765658183,0.142537978829952
"ours:turquoise","ENSG00000120253.9",12.8446697993688,0.0708816494946217,-0.140558852078171
"ours:turquoise","ENSG00000158792.11",5.47291260456467,0.0302015605703241,0.147872963679771
"ours:turquoise","ENSG00000244171.3",55.4816418912865,0.306168267098431,0.145883934029057
"ours:turquoise","ENSG00000173083.10",5.36567174871506,0.0296097657733719,0.147632766051303
"ours:turquoise","ENSG00000181192.7",57.7609896478334,0.318746552977282,0.145677938451703
"ours:turquoise","ENSG00000130775.11",100.485809501577,0.554517947096165,0.142235315935038
"ours:turquoise","ENSG00000231025.1",6.44392512542285,0.0355599676164703,0.137535016541495
"ours:turquoise","ENSG00000181220.11",124.770869215868,0.68853190911401,0.141698622670837
"ours:turquoise","ENSG00000176396.9",14.9855592228956,0.0826958709651202,-0.150991535489618
"ours:turquoise","ENSG00000108561.4",19.4003768886636,0.107058471425508,-0.144782668723993
"ours:turquoise","ENSG00000141298.13",116.39938712713,0.642334967625204,0.142325833658374
"ours:turquoise","ENSG00000180979.5",0.89322690298226,0.00492915717144136,0.136986646253657
"ours:turquoise","ENSG00000168071.17",31.5256300045113,0.17397011297143,0.142399753257735
"ours:turquoise","ENSG00000120868.9",98.6065291727988,0.544147381589442,0.138854829716455
"ours:turquoise","ENSG00000178202.8",3.17567714540304,0.0175245637174418,-0.139746829056457
"ours:turquoise","ENSG00000100347.10",3.69728744745724,0.020403002726034,-0.123203220348917
"ours:turquoise","ENSG00000170846.11",11.490015890815,0.0634061670546334,-0.143584740855837
"ours:turquoise","ENSG00000140443.9",66.6447621152465,0.367770502682559,0.138318122813865
"ours:turquoise","ENSG00000122378.9",0.538082691847819,0.0029693397618173,-0.13619599108359
"ours:turquoise","ENSG00000166272.12",41.6416342539995,0.229793974440688,0.141699407773179
"ours:turquoise","ENSG00000156639.7",70.2246383955356,0.387525587063633,0.139045538864031
"ours:turquoise","ENSG00000122687.13",1.41936332287985,0.00783257297613327,-0.129014152871077
"ours:turquoise","ENSG00000175691.8",0.457358640682127,0.00252387452293715,-0.130930328823424
"ours:turquoise","ENSG00000160410.10",23.1785079803725,0.127907599349404,0.138348403131217
"ours:turquoise","ENSG00000132661.3",4.25285365862848,0.0234688230286494,-0.137246760920609
"ours:turquoise","ENSG00000236438.2",38.2837368470135,0.211263851770459,0.125241764406904
"ours:turquoise","ENSG00000131779.6",2.06687340675791,0.0114057736521003,-0.12782342201846
"ours:turquoise","ENSG00000170832.8",133.55804997253,0.737022829952643,0.138573961144787
"ours:turquoise","ENSG00000240767.2",10.973398050397,0.0605552783000641,0.130013519483566
"ours:turquoise","ENSG00000182307.8",6.19919336198348,0.0342094470233163,-0.132365587039235
"ours:turquoise","ENSG00000147155.6",4.19882065863116,0.0231706489045359,-0.135495080844756
"ours:turquoise","ENSG00000197943.5",107.690489239224,0.594276040675963,0.136848678962583
"ours:turquoise","ENSG00000089050.10",5.77186717349523,0.0318513027046679,-0.133818069100286
"ours:turquoise","ENSG00000129353.10",64.6162399496332,0.356576365395967,0.135258035567489
"ours:turquoise","ENSG00000137814.5",18.2689692954503,0.100814944911371,-0.138871703207403
"ours:turquoise","ENSG00000152382.5",15.6677904532243,0.086460675798392,-0.135192471907729
"ours:turquoise","ENSG00000077420.11",97.4457267982154,0.537741643775007,0.135548241528711
"ours:turquoise","ENSG00000130779.15",38.1300118689724,0.210415540355508,0.136066254603487
"ours:turquoise","ENSG00000249476.1",1.60564780501806,0.00886055980455733,0.127282140842161
"ours:turquoise","ENSG00000131242.11",13.4622796677039,0.0742898496971602,0.137900201025073
"ours:turquoise","ENSG00000166902.4",2.8492012524687,0.0157229487150419,-0.123732762877919
"ours:turquoise","ENSG00000198053.7",108.675065490403,0.59970929741412,0.132951591156722
"ours:turquoise","ENSG00000134077.11",8.25929082840533,0.0455778285247893,-0.136532419738909
"ours:turquoise","ENSG00000259379.1",46.3609304543023,0.255836800325367,0.124846260453283
"ours:turquoise","ENSG00000263391.1",10.9635781438052,0.0605010884152338,0.135114882371811
"ours:turquoise","ENSG00000133884.5",20.2933366189267,0.111986154238844,0.134279027022543
"ours:turquoise","ENSG00000167085.7",6.69654325733357,0.0369540081143398,-0.126659656423766
"ours:turquoise","ENSG00000165097.9",17.7483653992556,0.0979420596233875,0.134596558154082
"ours:turquoise","ENSG00000170325.10",5.35030739076126,0.0295249795505884,0.135778678475666
"ours:turquoise","ENSG00000012232.4",114.362300113421,0.631093566331818,0.134072849213675
"ours:turquoise","ENSG00000166997.3",3.35618467289919,0.0185206711686238,-0.127645482150236
"ours:turquoise","ENSG00000047644.13",60.4138995480454,0.333386293245021,0.129657916275303
"ours:turquoise","ENSG00000121989.10",3.87147476941284,0.0213642329401319,-0.1251778514414
"ours:turquoise","ENSG00000137054.11",11.7458915563183,0.0648181838304403,-0.129255376508559
"ours:turquoise","ENSG00000065413.12",37.2995591596677,0.205832794455284,0.135373535244157
"ours:turquoise","ENSG00000143621.12",16.3287322882013,0.0901079978560968,-0.127740116717868
"ours:turquoise","ENSG00000138942.11",7.16634742472498,0.0395465616672374,0.138988590464424
"ours:turquoise","ENSG00000198890.6",8.08087284060352,0.0445932519282367,-0.13363733455762
"ours:turquoise","ENSG00000100055.16",73.4731741496279,0.405452211592636,0.132324083010237
"ours:turquoise","ENSG00000001629.5",18.6831834522058,0.103100732178265,-0.124137994060713
"ours:turquoise","ENSG00000163513.13",76.0955118401468,0.419923243074117,0.135410973522769
"ours:turquoise","ENSG00000109084.9",0.770164544690236,0.00425005345895313,-0.125560961082832
"ours:turquoise","ENSG00000137642.8",137.397596809822,0.75821087272759,0.13014876465294
"ours:turquoise","ENSG00000198408.9",34.6089893721837,0.190985232968991,0.13603417593273
"ours:turquoise","ENSG00000137992.10",10.250039216061,0.056563516101805,-0.125830654503059
"ours:turquoise","ENSG00000177105.9",91.6055166043337,0.505513198948969,0.131682207367059
"ours:turquoise","ENSG00000248971.2",9.84915507800726,0.0543512888195686,0.119592732649221
"ours:turquoise","ENSG00000100784.5",48.5705023771471,0.268030037287826,0.128107727769712
"ours:turquoise","ENSG00000106829.14",104.661859182853,0.577562937306417,0.127514151548805
"ours:turquoise","ENSG00000196189.8",77.4715681917436,0.42751683212874,0.128361103047274
"ours:turquoise","ENSG00000171103.6",13.628268962379,0.0752058401577013,-0.126826868153758
"ours:turquoise","ENSG00000196369.6",1.20911537169095,0.00667234684218732,0.126208460335072
"ours:turquoise","ENSG00000184886.3",1.0039663928151,0.00554025872766276,-0.133623230687767
"ours:turquoise","ENSG00000076242.10",2.32868894159546,0.0128505688288135,-0.124875375269917
"ours:turquoise","ENSG00000170191.4",1.01108292170162,0.00557953037216836,-0.131538594725904
"ours:turquoise","ENSG00000132463.9",17.3122532639821,0.0955354311934124,-0.120121238756841
"ours:turquoise","ENSG00000148229.8",7.66411192653018,0.0422934107103756,-0.123615191347076
"ours:turquoise","ENSG00000188559.9",94.3233085684648,0.520510982497309,0.127249790767144
"ours:turquoise","ENSG00000135709.8",75.6099534867823,0.417243752082916,0.124129471396013
"ours:turquoise","ENSG00000137177.14",136.56914793896,0.753639184750722,0.124417586710782
"ours:turquoise","ENSG00000229899.1",23.9496012035282,0.132162777600393,0.139632603833342
"ours:turquoise","ENSG00000119682.12",136.808989322409,0.754962718414213,0.127761144801734
"ours:turquoise","ENSG00000142409.4",36.8059924256519,0.203109110250928,0.12992319581207
"ours:turquoise","ENSG00000188811.8",3.8449310839005,0.0212177550436838,-0.119881529281001
"ours:turquoise","ENSG00000060688.8",8.3386666147102,0.0460158535383632,-0.122230701970467
"ours:turquoise","ENSG00000149600.7",1.74511939417266,0.00963021573587604,-0.121985831771426
"ours:turquoise","ENSG00000008086.6",43.6152433449999,0.240685081025192,0.126199599006277
"ours:turquoise","ENSG00000162511.7",59.4779171393732,0.328221195343642,0.12420775664362
"ours:turquoise","ENSG00000084676.11",105.476580721273,0.582058872774126,0.125911663089035
"ours:turquoise","ENSG00000163875.11",3.74790444787073,0.0206823260981268,-0.119087120217959
"ours:turquoise","ENSG00000124201.10",53.6168324398076,0.295877557257024,0.126881720914895
"ours:turquoise","ENSG00000103494.8",6.34168873573994,0.0349957893189904,-0.117091363041188
"ours:turquoise","ENSG00000197081.8",122.029017060008,0.673401352508552,0.122543455001572
"ours:turquoise","ENSG00000051825.10",34.1027804618171,0.188191784549054,-0.121317931923218
"ours:turquoise","ENSG00000177971.7",5.25218156680552,0.0289834848785849,-0.118017044736061
"ours:turquoise","ENSG00000163596.12",0.501427390236778,0.00276706221934274,-0.114098456123921
"ours:turquoise","ENSG00000198909.3",84.1085470617691,0.464142141873291,0.123222638050596
"ours:turquoise","ENSG00000165006.9",18.9754514819338,0.104713575510577,0.126000628380073
"ours:turquoise","ENSG00000158769.13",50.3107369660604,0.277633296857475,0.12755634056613
"ours:turquoise","ENSG00000187815.5",4.57750005867068,0.0252603422110742,-0.121995657309518
"ours:turquoise","ENSG00000129484.9",2.48190747750799,0.0136960855083598,-0.1201536609847
"ours:turquoise","ENSG00000174028.6",0.809339566777444,0.00446623575307999,-0.127719434690822
"ours:turquoise","ENSG00000171310.6",112.520029267047,0.620927232868478,0.123712606088138
"ours:turquoise","ENSG00000160991.11",45.2967654640116,0.249964343421108,0.122725680893831
"ours:turquoise","ENSG00000090097.16",1.41583715968298,0.00781311430045802,-0.110214537493758
"ours:turquoise","ENSG00000084092.6",1.6763759596113,0.00925086398065425,-0.109481694287552
"ours:turquoise","ENSG00000116824.4",11.3611623034708,0.0626951051934162,-0.114655772157722
"ours:turquoise","ENSG00000140396.8",114.638064729337,0.632615337708872,0.121649853754718
"ours:turquoise","ENSG00000167703.10",106.653342125495,0.588552678430146,0.120988365673655
"ours:turquoise","ENSG00000149269.5",105.677775881529,0.583169142251815,0.120200154975196
"ours:turquoise","ENSG00000168301.8",1.09644261550823,0.006050576805582,-0.12485809007748
"ours:turquoise","ENSG00000160710.11",63.6070497143236,0.351007279568932,0.119972222626152
"ours:turquoise","ENSG00000152439.8",0.635029694704092,0.00350432926200282,-0.121441825347703
"ours:turquoise","ENSG00000185963.9",68.8220330390714,0.379785490758389,0.120630631162398
"ours:turquoise","ENSG00000259671.1",50.5209837209994,0.27879351639007,0.118850614301876
"ours:turquoise","ENSG00000198429.5",3.43997443135622,0.0189830541168006,-0.123508465926474
"ours:turquoise","ENSG00000008130.11",121.755277380857,0.671890755483218,0.115526063108495
"ours:turquoise","ENSG00000245680.5",3.71112688101535,0.0204793738507101,-0.11370555055126
"ours:turquoise","ENSG00000161217.7",58.8856459237173,0.32495282321967,0.119696938484334
"ours:turquoise","ENSG00000128694.7",16.366692719482,0.0903174775879023,-0.115966246433767
"ours:turquoise","ENSG00000125877.8",1.6346540481754,0.00902062700696494,-0.105448196174721
"ours:turquoise","ENSG00000198522.9",8.37854631876903,0.0462359245288363,-0.111504632167745
"ours:turquoise","ENSG00000168672.3",4.64684472204062,0.0256430117697383,-0.112153396050837
"ours:turquoise","ENSG00000134146.7",11.0712222480469,0.0610951084862982,-0.114144439214922
"ours:turquoise","ENSG00000272505.1",1.24171157927975,0.00685222479913381,0.117681043713038
"ours:turquoise","ENSG00000105778.13",48.1956817355096,0.265961638040599,0.119426541373321
"ours:turquoise","ENSG00000055208.13",16.7443906825286,0.0924017549612933,0.118502369527663
"ours:turquoise","ENSG00000033800.9",48.7510971096637,0.269026625968638,0.115773536487135
"ours:turquoise","ENSG00000177663.9",123.387801053461,0.680899626288042,0.114250441241156
"ours:turquoise","ENSG00000177302.10",38.1602405486392,0.210582353415735,0.119861125577924
"ours:turquoise","ENSG00000142347.12",131.071352930075,0.723300313849408,0.114540290752459
"ours:turquoise","ENSG00000187713.5",2.85584359115988,0.0157596036022665,-0.108683227093096
"ours:turquoise","ENSG00000075336.7",8.62272733513897,0.0475834058954983,-0.11208461923146
"ours:turquoise","ENSG00000172840.2",1.694969246897,0.00935346863246106,-0.104240319438649
"ours:turquoise","ENSG00000118200.10",0.788094614121022,0.00434899822878051,-0.102218271491152
"ours:turquoise","ENSG00000100731.11",60.6840097367572,0.334876861396656,0.112812504818642
"ours:turquoise","ENSG00000129657.10",91.8140397457413,0.506663906943151,0.114377061755257
"ours:turquoise","ENSG00000080815.14",83.3358880954712,0.45987832327122,0.113113172606575
"ours:turquoise","ENSG00000135521.8",12.2822238195826,0.0677778640784466,-0.116855498452411
"ours:turquoise","ENSG00000162889.6",72.9023725621585,0.402302316835827,0.115313523607632
"ours:turquoise","ENSG00000184489.7",3.91798310619782,0.0216208831832337,0.122849786918945
"ours:turquoise","ENSG00000175489.9",67.4655351441456,0.372299832518031,0.112429002445108
"ours:turquoise","ENSG00000157895.7",1.11092444027023,0.00613049288305664,-0.103854163962368
"ours:turquoise","ENSG00000171960.6",6.07923728218362,0.0335474849070508,-0.10667853508549
"ours:turquoise","ENSG00000073910.15",108.545471665553,0.598994150647934,0.112483869120424
"ours:turquoise","ENSG00000102032.8",8.52549412882312,0.0470468370185267,0.121823784324389
"ours:turquoise","ENSG00000145220.9",3.90097587481981,0.0215270309758793,-0.119567216080743
"ours:turquoise","ENSG00000171466.5",2.79851807950388,0.0154432601782806,-0.114004708882346
"ours:turquoise","ENSG00000048544.5",4.43327393432547,0.0244644489920592,-0.116284801744695
"ours:turquoise","ENSG00000175137.9",79.1622312849965,0.436846537809094,0.112757560576009
"ours:turquoise","ENSG00000230063.1",1.86869872504963,0.0103121722947306,0.106932759438716
"ours:turquoise","ENSG00000234292.3",30.9818162011866,0.17096914681195,0.11473349262066
"ours:turquoise","ENSG00000011260.9",14.1377242112699,0.0780172030770386,-0.112788581846299
"ours:turquoise","ENSG00000156642.12",62.1717478754455,0.343086751953084,0.11281066550606
"ours:turquoise","ENSG00000213190.2",0.516318828312772,0.00284923869492839,-0.101521141879212
"ours:turquoise","ENSG00000232912.1",7.08426001454673,0.0390935729079264,0.112554853064298
"ours:turquoise","ENSG00000099901.12",3.34220516958379,0.0184435270871029,-0.111484796219404
"ours:turquoise","ENSG00000173011.11",47.7069258574515,0.263264501922809,0.113341599840597
"ours:turquoise","ENSG00000146263.7",10.4658148923102,0.0577542462717709,-0.103037510563866
"ours:turquoise","ENSG00000174238.10",55.5972464783954,0.306806216064921,0.111649605827648
"ours:turquoise","ENSG00000077157.16",67.6830687432854,0.373500263558172,0.111123025634324
"ours:turquoise","ENSG00000115946.3",1.70653609039371,0.00941729876272514,-0.116255424747009
"ours:turquoise","ENSG00000259651.2",72.6932908294752,0.401148526327914,0.103138389147211
"ours:turquoise","ENSG00000143376.8",92.017573375756,0.507787080963847,0.107245840292463
"ours:turquoise","ENSG00000048828.12",34.697565826275,0.191474030678114,0.109198180472044
"ours:turquoise","ENSG00000117395.6",6.61760667500956,0.0365184067911459,-0.0999341360301194
"ours:turquoise","ENSG00000230069.3",4.8512969450672,0.0267712549271979,0.103631138455291
"ours:turquoise","ENSG00000066084.8",105.86650181868,0.584210601934054,0.109830577361418
"ours:turquoise","ENSG00000120262.8",0.524537031221594,0.00289458978508155,0.112183948033136
"ours:turquoise","ENSG00000147789.11",2.53131188204084,0.0139687173268718,-0.101131024723266
"ours:turquoise","ENSG00000177150.8",11.4667483644326,0.0632777682187421,-0.11532575786495
"ours:turquoise","ENSG00000148688.9",33.6223889690789,0.185540806210152,-0.104312722232093
"ours:turquoise","ENSG00000133812.10",79.7282872488016,0.439970244455313,0.10662341531199
"ours:turquoise","ENSG00000109519.8",1.7193222718242,0.00948785765171857,-0.108720449223972
"ours:turquoise","ENSG00000223825.4",0.424261250994286,0.00234123085737903,0.112539265539099
"ours:turquoise","ENSG00000133114.13",28.2936045494361,0.156134598392799,-0.115260434678245
"ours:turquoise","ENSG00000131845.10",2.56860911677211,0.0141745372942695,-0.105454823544274
"ours:turquoise","ENSG00000139370.6",66.9394155279778,0.369396509442549,0.108110887084466
"ours:turquoise","ENSG00000160888.6",16.9182240888046,0.0933610321374739,0.109070745196405
"ours:turquoise","ENSG00000151611.9",3.90067398398019,0.0215253650303148,-0.0919278410746495
"ours:turquoise","ENSG00000061794.8",14.1572830016735,0.0781251357329635,-0.110289219918471
"ours:turquoise","ENSG00000118454.8",36.1925404458314,0.19972385481855,-0.108572467081549
"ours:turquoise","ENSG00000270277.1",14.9322660919886,0.082401779712918,0.106058868138355
"ours:turquoise","ENSG00000239998.1",99.2883536155886,0.547909941618277,0.106337307153238
"ours:turquoise","ENSG00000066136.15",54.4520656086849,0.300486683505294,0.1057149304104
"ours:turquoise","ENSG00000103187.6",53.07174649249,0.292869570935405,0.106600847156041
"ours:turquoise","ENSG00000144867.7",16.2341411732423,0.0895860090186601,-0.105649354812082
"ours:turquoise","ENSG00000072110.9",111.534365793393,0.615487976433669,0.106078821973204
"ours:turquoise","ENSG00000101052.8",0.497754096535657,0.00274679162300352,-0.0877693329397046
"ours:turquoise","ENSG00000124126.9",102.568154678661,0.566009099712339,0.103843049474744
"ours:turquoise","ENSG00000163681.10",24.7915437803432,0.136808928848853,0.106121448995075
"ours:turquoise","ENSG00000086189.5",23.2153880249732,0.128111117107008,-0.106041902468416
"ours:turquoise","ENSG00000085998.9",13.7325037226983,0.075781046205152,-0.0949759423018551
"ours:turquoise","ENSG00000155330.5",2.5016502022211,0.0138050331819896,-0.099445768023677
"ours:turquoise","ENSG00000185591.5",90.083079290115,0.497111825478917,0.102215765768521
"ours:turquoise","ENSG00000139597.12",3.02654759024474,0.0167016115494897,-0.103071579618931
"ours:turquoise","ENSG00000175575.8",1.23730122963858,0.00682788685488949,-0.0957785786518717
"ours:turquoise","ENSG00000129450.4",89.507748650199,0.49393693773178,0.105591090217991
"ours:turquoise","ENSG00000225031.1",5.68033529489522,0.0313461958675246,-0.108312947174057
"ours:turquoise","ENSG00000140395.4",17.1461914640587,0.0946190406220334,-0.0948394013617007
"ours:turquoise","ENSG00000114491.9",8.25207423660187,0.0455380046960145,-0.105124061102883
"ours:turquoise","ENSG00000101290.9",34.5961886146236,0.190914593643511,0.10247398666403
"ours:turquoise","ENSG00000107672.10",35.8075885295096,0.197599547441933,-0.0982771252730323
"ours:turquoise","ENSG00000102967.7",1.90309141040997,0.010501963881978,-0.0898486094484486
"ours:turquoise","ENSG00000160199.10",2.65128565375495,0.0146307770736786,0.108482647292309
"ours:turquoise","ENSG00000108306.7",51.0947884624564,0.281959983663858,0.103837597807747
"ours:turquoise","ENSG00000116157.5",4.32499524732615,0.023866927058097,-0.104610884659972
"ours:turquoise","ENSG00000189369.7",8.74029171062224,0.0482321697007359,-0.107478818468589
"ours:turquoise","ENSG00000198954.4",1.43353801812497,0.00791079419908031,-0.1050074779242
"ours:turquoise","ENSG00000115594.7",74.2908283274858,0.409964330451899,0.105272860623794
"ours:turquoise","ENSG00000132912.8",23.8798407847237,0.131777813749119,0.0995807732084035
"ours:turquoise","ENSG00000076321.6",13.127069776724,0.0724400372558362,-0.0992992819809499
"ours:turquoise","ENSG00000108840.11",14.496992766061,0.0799997801438615,-0.0919889041352815
"ours:turquoise","ENSG00000054523.12",45.2447360861864,0.249677226026886,0.0981774080948243
"ours:turquoise","ENSG00000175104.10",1.68935716342229,0.00932249907543839,0.0989890550610517
"ours:turquoise","ENSG00000267100.1",2.51971423461442,0.0139047172091045,-0.101863141517967
"ours:turquoise","ENSG00000044446.7",19.2257999328138,0.106095091067144,0.101391254565127
"ours:turquoise","ENSG00000093183.9",14.7580697104941,0.0814404995049262,-0.0936063620616289
"ours:turquoise","ENSG00000133142.13",0.570527880567666,0.00314838434066199,-0.0965648798867095
"ours:turquoise","ENSG00000159399.5",26.6834420642532,0.147249124909492,0.0981080890682156
"ours:turquoise","ENSG00000168610.10",103.695250001397,0.572228829519413,0.0976060655640211
"ours:turquoise","ENSG00000103037.7",9.11465506701897,0.0502980454784882,-0.09532769450479
"ours:turquoise","ENSG00000122547.6",60.644949856499,0.334661314497825,0.103393217433059
"ours:turquoise","ENSG00000067208.10",11.9793367994713,0.0661064212207208,0.0979419144907968
"ours:turquoise","ENSG00000088543.10",8.67219734970904,0.0478563997745174,-0.087885921414997
"ours:turquoise","ENSG00000107738.15",126.599085719589,0.698620685504619,0.096413218086191
"ours:turquoise","ENSG00000084070.7",52.2244054380376,0.288193628886116,0.0978845166824826
"ours:turquoise","ENSG00000226501.2",1.7507527789975,0.00966130284164518,0.0934433953535709
"ours:turquoise","ENSG00000176845.8",12.6730134716682,0.0699343862450671,0.100090172693983
"ours:turquoise","ENSG00000174721.9",1.07402749073786,0.00592688183777288,-0.0954997365953163
"ours:turquoise","ENSG00000136490.4",5.34303821626075,0.0294848655509987,0.0964538071549117
"ours:turquoise","ENSG00000108666.5",5.86250154401016,0.03235145675949,-0.0979253296404377
"ours:turquoise","ENSG00000145293.10",25.2273317558888,0.139213768445283,-0.101085186368086
"ours:turquoise","ENSG00000196547.10",57.1496517122466,0.315372963624665,0.0951367399956668
"ours:turquoise","ENSG00000103591.8",0.587775810727195,0.00324356481312034,-0.0946298969718978
"ours:turquoise","ENSG00000185753.8",11.5326834965574,0.0636416227200766,0.0975654057765867
"ours:turquoise","ENSG00000171649.7",4.19166392704292,0.023131155406619,-0.0958839439559738
"ours:turquoise","ENSG00000150636.11",1.92245089090094,0.0106087966719207,-0.0989194212180315
"ours:turquoise","ENSG00000135821.12",39.2369667467477,0.216524127721194,0.0923518716617498
"ours:turquoise","ENSG00000162869.11",12.280576015597,0.0677687708852103,0.0962550207459299
"ours:turquoise","ENSG00000185669.5",6.71821902769716,0.0370736230504524,0.101042976529471
"ours:turquoise","ENSG00000084072.12",1.06833150117674,0.00589544925586129,-0.0899582638105639
"ours:turquoise","ENSG00000184730.6",62.9577582167484,0.347424248391811,0.0955045187786567
"ours:turquoise","ENSG00000103313.7",117.611084642393,0.649021563692831,0.0952293490848742
"ours:turquoise","ENSG00000232956.4",8.81797232795161,0.0486608401435009,-0.0909586007304452
"ours:turquoise","ENSG00000058866.10",7.72274808583186,0.0426169867739297,0.0981999884480013
"ours:turquoise","ENSG00000144935.10",9.11317979374415,0.0502899043736713,-0.102184160132556
"ours:turquoise","ENSG00000120437.7",11.3542235244481,0.0626568144385516,-0.0898047644172055
"ours:turquoise","ENSG00000135469.9",2.89515910327756,0.0159765611724614,-0.0860362388842783
"ours:turquoise","ENSG00000143486.11",15.6096731794028,0.0861399631372692,-0.0849148325513282
"ours:turquoise","ENSG00000112130.12",5.97118805241489,0.0329512292031473,-0.0901735208665207
"ours:turquoise","ENSG00000111913.11",64.5762721346083,0.35635580817652,0.0947475822919023
"ours:turquoise","ENSG00000138641.11",56.2360918295192,0.310331601533518,0.0931205110488996
"ours:turquoise","ENSG00000163386.16",9.59053811870689,0.0529241445683871,0.0925312580400217
"ours:turquoise","ENSG00000177383.3",1.78158631129763,0.00983145370292198,-0.0920357000736761
"ours:turquoise","ENSG00000165526.4",16.6324406966286,0.0917839734390406,-0.0843672559066565
"ours:turquoise","ENSG00000111859.12",121.607542522264,0.671075499767925,0.0909938637934014
"ours:turquoise","ENSG00000175470.14",3.41792074282528,0.0188613536881457,0.0959202724418714
"ours:turquoise","ENSG00000147416.6",126.313672766859,0.697045671028366,0.0907667936898947
"ours:turquoise","ENSG00000197872.7",88.034935318157,0.485809407791077,0.0921029443014293
"ours:turquoise","ENSG00000204237.4",1.66608554896862,0.00919407768005459,-0.0886512910069682
"ours:turquoise","ENSG00000070614.10",37.8164129348231,0.208684985185195,0.0942051296002194
"ours:turquoise","ENSG00000119661.10",3.11579707218817,0.0171941232757936,-0.0913629429827386
"ours:turquoise","ENSG00000164576.7",4.8259938085167,0.026631622839795,0.0951909287640678
"ours:turquoise","ENSG00000261229.1",13.4501350747399,0.0742228313311628,0.0862132203055658
"ours:turquoise","ENSG00000112167.5",1.39525836877484,0.00769955290363289,-0.0865364791997126
"ours:turquoise","ENSG00000164296.6",1.45939021005083,0.00805345617758027,-0.094457406686036
"ours:turquoise","ENSG00000108961.9",2.05487211895455,0.0113395460971028,-0.0860104000338979
"ours:turquoise","ENSG00000160654.5",14.5001094452417,0.0800169791349391,-0.0847491962310699
"ours:turquoise","ENSG00000035862.8",76.477733170687,0.422032482066158,0.095145729648325
"ours:turquoise","ENSG00000115827.9",22.1322834940967,0.122134144796875,-0.0904982604099046
"ours:turquoise","ENSG00000105443.9",9.57625857702873,0.0528453447639558,0.0993934663462849
"ours:turquoise","ENSG00000189046.6",9.60732748330763,0.053016794506101,-0.0876626523774981
"ours:turquoise","ENSG00000166825.9",62.7115893607627,0.346065797389254,0.0901788157477505
"ours:turquoise","ENSG00000059377.11",127.257990148734,0.702256764401668,0.0878132350285091
"ours:turquoise","ENSG00000125952.14",11.0723552469176,0.0611013607940715,0.0917642096247075
"ours:turquoise","ENSG00000162384.9",1.08832879234674,0.00600580172156836,-0.0783938463119278
"ours:turquoise","ENSG00000169905.8",62.6841471888407,0.345914361311726,0.0924898995034219
"ours:turquoise","ENSG00000149177.8",91.2689161928129,0.503655713099832,0.0873017835497712
"ours:turquoise","ENSG00000010219.9",4.71065391558316,0.0259951345538864,-0.0791165569868405
"ours:turquoise","ENSG00000109919.5",4.01081526272695,0.0221331654360053,-0.0827040061401159
"ours:turquoise","ENSG00000182986.8",4.54106274419095,0.0250592676023984,-0.090265824577974
"ours:turquoise","ENSG00000197070.9",10.8831762483091,0.0600574009507619,0.0961844350437989
"ours:turquoise","ENSG00000160050.10",1.50515289761418,0.00830599165186367,-0.0850380089651597
"ours:turquoise","ENSG00000167220.7",6.46172682917736,0.0356582040169106,-0.0811733978398947
"ours:turquoise","ENSG00000101624.6",2.37886401259515,0.013127453470577,-0.0818105843872916
"ours:turquoise","ENSG00000138297.9",0.981424765926231,0.00541586567426924,-0.0922763249729468
"ours:turquoise","ENSG00000125247.11",0.979235491122228,0.00540378444433273,-0.0857624826489793
"ours:turquoise","ENSG00000155324.5",1.45314633500953,0.00801900016048692,-0.0856684696611771
"ours:turquoise","ENSG00000135842.12",102.406749533637,0.565118406288923,0.0849022540929363
"ours:turquoise","ENSG00000168806.6",9.95805220712552,0.0549522235464006,-0.08591437767469
"ours:turquoise","ENSG00000117280.8",5.50055209615771,0.0303540855309427,-0.0794303140366431
"ours:turquoise","ENSG00000225101.3",5.88184796688191,0.0324582174926493,0.0788216203944272
"ours:turquoise","ENSG00000125945.10",0.574651695718494,0.00317114108136979,-0.0899898595472173
"ours:turquoise","ENSG00000132879.9",2.90978103582886,0.0160572504166556,-0.0624850950724165
"ours:turquoise","ENSG00000164291.12",9.63871440409034,0.0531899991701668,-0.0875977785571738
"ours:turquoise","ENSG00000092470.7",14.4551732809831,0.0797690047226448,-0.0925583181035841
"ours:turquoise","ENSG00000071054.11",80.4850971758327,0.444146602183443,0.0836102335071393
"ours:turquoise","ENSG00000101846.6",1.45106689744331,0.00800752505314532,-0.0704716327435808
"ours:turquoise","ENSG00000147119.3",2.24611985389309,0.0123949219943656,-0.0720016580276855
"ours:turquoise","ENSG00000132623.11",3.28942858118912,0.0181522863079669,-0.087643341649338
"ours:turquoise","ENSG00000114738.6",13.6377860984236,0.075258359242414,0.0815322796394422
"ours:turquoise","ENSG00000102931.3",6.57162498638419,0.0362646627878182,-0.0788267700873752
"ours:turquoise","ENSG00000085382.7",15.5951501909325,0.0860598199031932,-0.0822083283493186
"ours:turquoise","ENSG00000224546.2",5.88127878065339,0.032455076512042,-0.079133354658944
"ours:turquoise","ENSG00000009780.11",2.43942301539437,0.013461640497352,-0.0744258933416268
"ours:turquoise","ENSG00000083817.8",7.53263495520758,0.0415678720438727,-0.0893571370326785
"ours:turquoise","ENSG00000119523.8",4.50326175400908,0.0248506677256812,-0.0820884954034461
"ours:turquoise","ENSG00000148300.7",7.73360184712671,0.0426768818522631,-0.0785335808389191
"ours:turquoise","ENSG00000141698.12",0.59277529850493,0.0032711538399968,-0.0767559759484261
"ours:turquoise","ENSG00000151882.7",2.47283781204623,0.0136460357322009,-0.0730267388795614
"ours:turquoise","ENSG00000125304.8",24.912012833332,0.137473721741335,0.0752861942154796
"ours:turquoise","ENSG00000123737.8",22.0150891815661,0.121487423136194,-0.0799734996868938
"ours:turquoise","ENSG00000113456.14",23.4497826468729,0.129404593521149,-0.0736477601730278
"ours:turquoise","ENSG00000163684.7",0.484581320116219,0.00267409935954966,-0.0736396499944819
"ours:turquoise","ENSG00000104154.5",6.59283711250875,0.036381719163146,-0.0842746178889428
"ours:turquoise","ENSG00000080839.7",24.4629686311004,0.134995729371945,-0.0811764110692869
"ours:turquoise","ENSG00000131408.9",5.87687026868526,0.0324307487087587,0.0843162120867219
"ours:turquoise","ENSG00000102743.10",1.8459847262535,0.0101868280292543,-0.0792866213046366
"ours:turquoise","ENSG00000153048.6",1.42774006847373,0.00787879896359462,0.0831282300144644
"ours:turquoise","ENSG00000109943.4",4.5944261712882,0.0253537467750374,-0.085539405411226
"ours:turquoise","ENSG00000125846.11",7.89173776638352,0.0435495344759858,-0.0645526026790347
"ours:turquoise","ENSG00000122557.5",4.17374107647279,0.0230322504731408,0.0813344824047768
"ours:turquoise","ENSG00000186222.3",1.29122737142799,0.00712547129579915,-0.0665933523080906
"ours:turquoise","ENSG00000140941.8",10.9042642192072,0.060173772191526,0.0759360686546818
"ours:turquoise","ENSG00000053372.4",5.54331630426252,0.0305900742840323,-0.0735251863568857
"ours:turquoise","ENSG00000138613.9",5.31877185182325,0.0293509547564486,0.0806411390521292
"ours:turquoise","ENSG00000040275.12",2.47223909501884,0.0136427317896983,-0.0747164900043382
"ours:turquoise","ENSG00000104324.11",132.128744232331,0.72913539103207,0.0751990695486785
"ours:turquoise","ENSG00000205181.5",1.14124728553714,0.00629782558397157,0.0849570399446473
"ours:turquoise","ENSG00000179859.7",0.485346471557127,0.00267832174884357,-0.0616611829420247
"ours:turquoise","ENSG00000163832.11",3.9149513747543,0.0216041529652602,-0.0686395999993693
"ours:turquoise","ENSG00000125901.5",5.9392069873385,0.0327747458306186,-0.0660665017271841
"ours:turquoise","ENSG00000133935.6",1.71594959317789,0.00946924596069029,-0.061405902029247
"ours:turquoise","ENSG00000134255.9",2.87637911779518,0.015872926250796,-0.0752670526044385
"ours:turquoise","ENSG00000107099.11",60.816031491075,0.335605406377678,0.0754777898545059
"ours:turquoise","ENSG00000026297.11",9.47546658143187,0.0522891371684821,0.0759200220418086
"ours:turquoise","ENSG00000168961.12",1.33077304051421,0.00734369895746604,0.0823058943480873
"ours:turquoise","ENSG00000170631.10",1.90502723815759,0.0105126464971041,-0.0719864702754264
"ours:turquoise","ENSG00000123836.10",8.59274829307136,0.0474179704280855,-0.06741906102418
"ours:turquoise","ENSG00000105497.3",6.83347232772888,0.0377096334846285,-0.0731077548002491
"ours:turquoise","ENSG00000112651.7",0.457707642359102,0.00252580044356623,-0.0626923899327254
"ours:turquoise","ENSG00000245556.2",3.60832379677496,0.0199120683225873,-0.0708963105157634
"ours:turquoise","ENSG00000123472.8",6.50174809108487,0.0358790561760685,-0.0730698446697095
"ours:turquoise","ENSG00000090316.11",72.9095206798401,0.402341762799014,0.0754663056964051
"ours:turquoise","ENSG00000160818.12",7.65442893706133,0.0422399763849852,-0.06171258231986
"ours:turquoise","ENSG00000132646.6",2.44762072470184,0.0135068784962159,-0.0605523191353948
"ours:turquoise","ENSG00000224578.3",2.31954740293681,0.0128001224297106,-0.072883511378275
"ours:turquoise","ENSG00000048162.15",2.36849803945059,0.0130702501880807,-0.065754756519093
"ours:turquoise","ENSG00000113758.9",0.775918074712462,0.00428180357045948,0.0708741895125479
"ours:turquoise","ENSG00000188215.5",0.708205698710163,0.00390814157858182,0.088734170915764
"ours:turquoise","ENSG00000017797.7",23.4558873887554,0.129438281749896,0.0701871222735546
"ours:turquoise","ENSG00000112983.13",2.84175038864907,0.0156818320864369,0.0778752745213123
"ours:turquoise","ENSG00000259856.1",7.41935031650229,0.040942725412682,0.0726018645265906
"ours:turquoise","ENSG00000213613.2",5.0561479258411,0.0279016985777275,0.061519024444252
"ours:turquoise","ENSG00000119965.8",12.4890733989136,0.0689193367366984,-0.0809821337819911
"ours:turquoise","ENSG00000134594.4",1.03312183615947,0.00570114927201121,-0.0696038918575369
"ours:turquoise","ENSG00000164715.5",56.6480172741017,0.312604758838212,0.0696809286314743
"ours:turquoise","ENSG00000161533.7",78.4703187177142,0.433028307769624,0.0692268714429742
"ours:turquoise","ENSG00000100056.7",6.04423748829896,0.03335434306991,0.086235482059349
"ours:turquoise","ENSG00000162946.16",1.27063877830284,0.00701185580670684,0.0632054575234397
"ours:turquoise","ENSG00000080608.9",28.4022305644928,0.156734037011737,-0.0793803967004564
"ours:turquoise","ENSG00000059691.7",1.65522442971722,0.00913414199778933,-0.0513547695899053
"ours:turquoise","ENSG00000177628.11",8.81398348005169,0.0486388282021162,0.0875120109187311
"ours:turquoise","ENSG00000205643.6",0.813998429080033,0.00449194508231413,-0.0577532233631135
"ours:turquoise","ENSG00000263883.1",7.11269581691218,0.039250492206581,0.0693625444968466
"ours:turquoise","ENSG00000121988.13",2.98681528003453,0.0164823539329124,-0.0576810286283093
"ours:turquoise","ENSG00000103507.9",24.1073669044388,0.13303338722204,0.0800286332158163
"ours:turquoise","ENSG00000130766.4",6.73274497133661,0.0371537825922477,0.0726991044808346
"ours:turquoise","ENSG00000167840.9",4.26107516498084,0.0235141923484286,-0.0626064524419346
"ours:turquoise","ENSG00000075914.8",6.4074926228593,0.0353589195617318,-0.0554815582832355
"ours:turquoise","ENSG00000139211.5",8.00777691191726,0.0441898814969565,-0.0651238648990024
"ours:turquoise","ENSG00000198182.8",5.45596032428822,0.0301080116035186,-0.0705082059499547
"ours:turquoise","ENSG00000228998.3",0.589851004940859,0.00325501650406948,-0.0678483655458415
"ours:turquoise","ENSG00000237298.4",3.84002052767425,0.0211906567740756,0.0650412665397083
"ours:turquoise","ENSG00000197498.8",4.99764801389602,0.0275788743775941,-0.0696738356610424
"ours:turquoise","ENSG00000177738.3",0.743165878247666,0.00410106480906986,-0.0687167632264725
"ours:turquoise","ENSG00000131467.6",33.2855290165129,0.183681888117316,0.0637033423228212
"ours:turquoise","ENSG00000137133.6",0.76697798646342,0.00423246884939482,-0.0590552116945981
"ours:turquoise","ENSG00000136653.15",80.362769597102,0.443471553256958,0.0672123811261787
"ours:turquoise","ENSG00000096092.5",6.41901664027572,0.0354225133618092,-0.0697526794749414
"ours:turquoise","ENSG00000270574.1",2.25909181532865,0.012466506086296,0.0647916440098164
"ours:turquoise","ENSG00000160688.14",3.08489079609395,0.0170235709872948,-0.054114994158551
"ours:turquoise","ENSG00000215256.3",1.64778305286048,0.00909307772176234,-0.0598461203711009
"ours:turquoise","ENSG00000175970.7",0.477568390263624,0.00263539941291759,0.0696020800316178
"ours:turquoise","ENSG00000248333.3",0.626468513191882,0.0034570854887734,0.0738409793574331
"ours:turquoise","ENSG00000169016.12",0.383727218875803,0.00211754904211218,-0.0647461369667579
"ours:turquoise","ENSG00000103496.10",4.4261000251774,0.0244248607019994,0.0706310586916212
"ours:turquoise","ENSG00000156795.2",0.462557948534371,0.00255256623105841,0.0614946220676523
"ours:turquoise","ENSG00000114784.3",2.51340543045963,0.0138699028890936,0.0703706912231498
"ours:turquoise","ENSG00000170291.10",1.34443945167858,0.00741911528043373,-0.0479593630454288
"ours:turquoise","ENSG00000155858.5",4.79649892868067,0.0264688591590559,-0.0715551310559461
"ours:turquoise","ENSG00000103550.9",8.83563982122957,0.0487583359207796,-0.0598249637277545
"ours:turquoise","ENSG00000132405.14",84.7700380149661,0.467792494168893,0.0626614792740183
"ours:turquoise","ENSG00000172167.3",7.58246904347073,0.0418428750164931,-0.0545957062247375
"ours:turquoise","ENSG00000013392.6",2.72017611890222,0.015010940198178,-0.0611831606226041
"ours:turquoise","ENSG00000203791.9",5.99247437945337,0.0330686950466245,-0.0711678461259674
"ours:turquoise","ENSG00000185031.6",27.0676395997652,0.14936926933315,0.0590848221548025
"ours:turquoise","ENSG00000170464.5",0.674415633528768,0.00372167547287424,-0.0590521764724346
"ours:turquoise","ENSG00000171608.11",94.2373172956008,0.520036450776529,0.061330878714121
"ours:turquoise","ENSG00000110042.3",0.378273970197531,0.00208745599437659,-0.0448295329201286
"ours:turquoise","ENSG00000123352.13",0.530740149026828,0.00292882088863752,-0.0567400952596864
"ours:turquoise","ENSG00000113648.12",28.7459592614065,0.15863085938214,0.0595938989381661
"ours:turquoise","ENSG00000139428.7",7.68101253651302,0.0423866745413468,-0.0560951580230651
"ours:turquoise","ENSG00000166199.8",10.2238443045552,0.056418962869616,-0.0599864192607359
"ours:turquoise","ENSG00000164040.12",7.27017856789347,0.0401195404056287,-0.0647786459696056
"ours:turquoise","ENSG00000177721.3",11.7266682067156,0.064712102261203,-0.0671155225981319
"ours:turquoise","ENSG00000211791.2",1.40741608391106,0.00776664368264097,-0.0599290575353633
"ours:turquoise","ENSG00000075131.5",0.904067002854108,0.00498897686097832,0.0538705313376697
"ours:turquoise","ENSG00000110944.4",6.31227241081935,0.0348334591333951,-0.0596375659801052
"ours:turquoise","ENSG00000178096.8",0.907043488365164,0.00500540221141675,-0.0549692167984208
"ours:turquoise","ENSG00000125445.6",4.84965626658727,0.0267622010551433,-0.0571210207914066
"ours:turquoise","ENSG00000227986.1",0.63061281413409,0.00347995527767215,-0.0551135296102687
"ours:turquoise","ENSG00000267009.2",1.17549814712909,0.00648683453509067,0.0537124539988043
"ours:turquoise","ENSG00000115956.9",15.9902901137997,0.0882403484766392,0.0564954720226734
"ours:turquoise","ENSG00000162694.9",0.675594759561766,0.00372818232742842,-0.0582548679672686
"ours:turquoise","ENSG00000133818.8",5.05339748509445,0.0278865206260942,-0.0628970419519785
"ours:turquoise","ENSG00000188158.10",15.0037927867417,0.0827964905296373,0.064576624194393
"ours:turquoise","ENSG00000198832.6",1.52830079217266,0.0084337303150026,-0.0489518950976685
"ours:turquoise","ENSG00000142686.7",1.20635997225097,0.00665714152664607,-0.0558726301867441
"ours:turquoise","ENSG00000140848.12",12.5185374012531,0.0690819300239651,0.0734873549930626
"ours:turquoise","ENSG00000123178.10",0.891093406098647,0.00491738374474654,-0.0530601750354729
"ours:turquoise","ENSG00000110435.7",2.22216621923881,0.0122627369586888,-0.0526216549995436
"ours:turquoise","ENSG00000260054.1",1.31814892334048,0.00727403439911893,0.0666294991190822
"ours:turquoise","ENSG00000116874.7",2.11698556391111,0.0116823111119365,-0.0597533363193356
"ours:turquoise","ENSG00000206053.8",8.09265162440981,0.0446582516236957,-0.050234741421982
"ours:turquoise","ENSG00000144231.6",1.1475910369632,0.0063328327559804,-0.0623854695634673
"ours:turquoise","ENSG00000106070.13",5.06034196759528,0.0279248428548657,0.0656169098453252
"ours:turquoise","ENSG00000244567.1",1.49032384145857,0.00822415942283978,-0.0438310102700501
"ours:turquoise","ENSG00000072415.4",6.10180282785557,0.0336720099531561,-0.0456761137377624
"ours:turquoise","ENSG00000271011.1",0.938793604256421,0.00518061112072856,0.052825652288336
"ours:turquoise","ENSG00000104290.6",5.05477026167274,0.0278940961161439,-0.0580967526348007
"ours:turquoise","ENSG00000082068.4",14.7958409781485,0.0816489353617184,-0.0542273280578067
"ours:turquoise","ENSG00000138756.13",10.5586757098319,0.0582666866865239,0.0541671107758156
"ours:turquoise","ENSG00000169359.9",9.84440773964373,0.054325091246632,-0.0486168697761001
"ours:turquoise","ENSG00000130449.5",48.2013919749346,0.265993149258541,0.0520612717121662
"ours:turquoise","ENSG00000147526.15",58.9658528189528,0.325395434600417,0.0551317714837498
"ours:turquoise","ENSG00000105011.4",7.49743639935315,0.0413736333645014,-0.0362854888943923
"ours:turquoise","ENSG00000127946.12",2.38054743308357,0.013136743208879,0.0525429296516969
"ours:turquoise","ENSG00000175701.6",0.575607313589079,0.00317641453502891,-0.0464328624911088
"ours:turquoise","ENSG00000180881.15",1.51185056370127,0.00834295185616883,-0.0508647633270254
"ours:turquoise","ENSG00000134897.9",1.69887985060819,0.00937504879340707,-0.0495893620574003
"ours:turquoise","ENSG00000151702.12",51.7185347231614,0.285402046754265,0.0535573918834777
"ours:turquoise","ENSG00000067992.8",74.2712747821729,0.409856426740329,0.0536102265673726
"ours:turquoise","ENSG00000042317.12",0.445639838774334,0.00245920582982945,-0.0490040829156131
"ours:turquoise","ENSG00000187601.3",11.1509817864826,0.0615352511863881,-0.0585127125285519
"ours:turquoise","ENSG00000246898.1",2.6211664379192,0.0144645680754506,-0.0470878834773944
"ours:turquoise","ENSG00000124074.7",0.985578538878003,0.00543878773322806,0.0545079056158038
"ours:turquoise","ENSG00000130713.11",26.4499546990837,0.14596065507431,-0.0524220163336421
"ours:turquoise","ENSG00000169371.9",0.820663112520646,0.00452872327614932,-0.0421373597501948
"ours:turquoise","ENSG00000131943.13",3.19337613992141,0.0176222333302426,-0.0478238724941805
"ours:turquoise","ENSG00000152454.3",3.86674581622979,0.0213381368234366,-0.0435530708323538
"ours:turquoise","ENSG00000130921.3",12.1176731481577,0.0668698124743007,-0.0447039173986272
"ours:turquoise","ENSG00000108424.5",78.8577345376421,0.435166211879713,0.0496093921446404
"ours:turquoise","ENSG00000112855.10",2.03461810209758,0.0112277769238863,0.0516107906722808
"ours:turquoise","ENSG00000130204.8",2.59441201442408,0.0143169272486927,-0.0432007150418303
"ours:turquoise","ENSG00000180871.3",77.9990966666467,0.43042792980899,0.046494673385977
"ours:turquoise","ENSG00000163110.10",1.80550715432096,0.00996345778222331,0.0518628097128372
"ours:turquoise","ENSG00000165233.13",6.99439749464283,0.0385976782109024,0.0608057836091351
"ours:turquoise","ENSG00000136950.9",4.13898301427384,0.0228404426010522,-0.0494204651823673
"ours:turquoise","ENSG00000163069.8",3.81896599719237,0.0210744700699251,-0.0463477668822107
"ours:turquoise","ENSG00000183647.6",2.51882086039517,0.0138997872389873,-0.0467436722737155
"ours:turquoise","ENSG00000158122.7",1.31737563174913,0.0072697670894573,-0.0411928072790728
"ours:turquoise","ENSG00000196782.8",54.45830962131,0.300521140281626,0.0491366000634427
"ours:turquoise","ENSG00000226950.2",8.4759034692376,0.0467731773755889,-0.0563479578445008
"ours:turquoise","ENSG00000166912.12",91.536846827098,0.505134253662175,0.0422760919158631
"ours:turquoise","ENSG00000267152.1",2.06669389730168,0.0114047830523763,-0.0364917639571991
"ours:turquoise","ENSG00000205659.6",5.69590380662456,0.0314321086865217,-0.0443486381601243
"ours:turquoise","ENSG00000105887.10",7.8618284877382,0.0433844839889987,0.0414133598618727
"ours:turquoise","ENSG00000113088.5",2.70408541458022,0.0149221457268767,-0.0483233040600984
"ours:turquoise","ENSG00000120889.8",1.12618186803582,0.00621468902542251,0.0446874681235148
"ours:turquoise","ENSG00000215271.6",0.823738119861235,0.00454569230656532,-0.0423002414497358
"ours:turquoise","ENSG00000180096.7",3.91294899629201,0.0215931030986201,-0.0372714679160266
"ours:turquoise","ENSG00000020426.6",5.36471760021376,0.0296045004282372,-0.0385686779084414
"ours:turquoise","ENSG00000260083.1",1.29502570053287,0.00714643188384713,0.0337804877543922
"ours:turquoise","ENSG00000183323.8",27.2204474254705,0.150212519561522,0.0430194761420129
"ours:turquoise","ENSG00000213402.2",6.58542904474542,0.0363408386990442,-0.0330220035814838
"ours:turquoise","ENSG00000173757.5",86.645702252303,0.478143104742552,0.0391097656606711
"ours:turquoise","ENSG00000157778.4",1.26413222804371,0.00697595025038731,-0.0441817403539888
"ours:turquoise","ENSG00000143067.4",3.42192196088242,0.0188834338926436,0.0537443759855357
"ours:turquoise","ENSG00000273033.1",22.4813877611286,0.124060631555924,0.0382265230045414
"ours:turquoise","ENSG00000169570.5",1.0103632114617,0.00557555874426663,-0.0321651967153271
"ours:turquoise","ENSG00000181924.6",9.95274945882469,0.0549229610155385,-0.0420803936832673
"ours:turquoise","ENSG00000197535.10",27.8373498752505,0.153616815966232,0.0381046336780094
"ours:turquoise","ENSG00000137161.12",28.2716377583082,0.156013377496227,0.0426697411180083
"ours:turquoise","ENSG00000117139.12",27.5169288579203,0.151848614011969,0.039015337559463
"ours:turquoise","ENSG00000225921.2",3.03045768400509,0.0167231888963379,-0.042704346306732
"ours:turquoise","ENSG00000162415.6",0.967969541942751,0.00534161476045318,-0.0324546338087993
"ours:turquoise","ENSG00000100478.10",1.32434050898367,0.00730820186392976,-0.035654098309806
"ours:turquoise","ENSG00000130725.3",2.13257339781524,0.011768330557857,0.0427034769963979
"ours:turquoise","ENSG00000172922.4",1.29297361811924,0.00713510773237818,0.0426803170669391
"ours:turquoise","ENSG00000165060.7",2.20088932082892,0.0121453231458794,-0.0366530428075808
"ours:turquoise","ENSG00000141582.10",4.1039156595337,0.0226469279380659,0.0413283953324472
"ours:turquoise","ENSG00000101577.5",9.48507754149475,0.0523421740089089,0.0366925728314271
"ours:turquoise","ENSG00000163882.5",6.39234570247585,0.0352753332400659,0.0430490974488827
"ours:turquoise","ENSG00000148057.11",2.2547930872242,0.0124427841110696,-0.0433650749431374
"ours:turquoise","ENSG00000135801.5",1.02043953361663,0.00563116362522789,-0.0294272848894078
"ours:turquoise","ENSG00000239789.1",0.578218865319639,0.00319082604558496,-0.0357016191805272
"ours:turquoise","ENSG00000101109.7",66.2658740834467,0.365679658068627,0.0403120047736102
"ours:turquoise","ENSG00000001167.10",18.6756186441177,0.103058986762947,0.0355185934864739
"ours:turquoise","ENSG00000198331.6",0.717441662103252,0.00395910904837278,-0.0334877218504813
"ours:turquoise","ENSG00000106080.6",7.96398921195706,0.0439482447363986,-0.0395160962393204
"ours:turquoise","ENSG00000213551.4",8.95705790627653,0.0494283659239665,-0.0404900796935636
"ours:turquoise","ENSG00000139131.8",16.6071113735646,0.0916441968447484,-0.043955134397645
"ours:turquoise","ENSG00000228382.1",10.3944643231044,0.0573605073811118,0.0337777771452364
"ours:turquoise","ENSG00000169689.10",0.492766060261526,0.00271926578976904,0.0347112597654934
"ours:turquoise","ENSG00000163904.8",4.26090787408139,0.0235132691752303,0.0396675525617598
"ours:turquoise","ENSG00000168818.5",1.52665438497988,0.0084246448297868,-0.0284165686363001
"ours:turquoise","ENSG00000168016.9",38.7347025243817,0.213752447551947,0.0316802003580336
"ours:turquoise","ENSG00000164366.3",4.50737972108643,0.0248733921945517,-0.0275111527538373
"ours:turquoise","ENSG00000135048.9",18.0085757874439,0.0993779970058596,0.0343148954138858
"ours:turquoise","ENSG00000136247.10",1.04716011663741,0.00577861770770375,0.0350890142359986
"ours:turquoise","ENSG00000159199.9",1.65651616259784,0.00914127025867228,-0.0291472332333742
"ours:turquoise","ENSG00000132334.12",130.397348232204,0.719580906071825,0.0288341791687368
"ours:turquoise","ENSG00000147364.12",4.10460073794682,0.0226507084547093,0.0260275843598704
"ours:turquoise","ENSG00000102390.6",0.447793150186201,0.00247108860043647,-0.0255432661315339
"ours:turquoise","ENSG00000136250.7",5.81741199067965,0.0321026358894355,0.0270382444853536
"ours:turquoise","ENSG00000113068.5",0.600380120648737,0.00331312006770728,-0.0274081058340081
"ours:turquoise","ENSG00000126953.5",0.558572479950024,0.00308241000816579,-0.0252093542398489
"ours:turquoise","ENSG00000109458.4",46.9914392828317,0.259316181771925,0.0269573050710109
"ours:turquoise","ENSG00000176422.10",1.59484807192623,0.00880096287387653,-0.0276733258007788
"ours:turquoise","ENSG00000109944.6",1.36707525247019,0.00754402802033302,-0.0266635023430967
"ours:turquoise","ENSG00000174579.3",11.4554432768727,0.0632153825547712,0.0336402058134292
"ours:turquoise","ENSG00000185721.7",1.06103320866039,0.00585517457226618,-0.0250433541846455
"ours:turquoise","ENSG00000165689.12",1.98719974656635,0.0109661048599972,-0.0174936206871445
"ours:turquoise","ENSG00000163719.14",23.1503012703851,0.127751944267417,0.03066575731582
"ours:turquoise","ENSG00000171861.6",3.84453842981527,0.021215588232884,-0.0279294515833757
"ours:turquoise","ENSG00000107566.9",1.9338798861609,0.0106718661045138,-0.0119076859598833
"ours:turquoise","ENSG00000125885.9",1.94176527883941,0.0107153806244428,0.0100847573900351
"ours:turquoise","ENSG00000110660.10",1.27371336471943,0.0070288225143082,-0.0249431970048363
"ours:turquoise","ENSG00000211799.3",0.646472307126477,0.00356747383914611,-0.0214716915081286
"ours:turquoise","ENSG00000119402.12",9.41409833306897,0.051950484424698,0.0243245067255865
"ours:turquoise","ENSG00000257727.1",0.598281630224816,0.00330153981963399,-0.00971951133674515
"ours:turquoise","ENSG00000067606.11",2.83329330203903,0.0156351627474658,-0.00974616187471348
"ours:turquoise","ENSG00000111364.11",8.92239324212639,0.0492370734569341,-0.0192593739987004
"ours:turquoise","ENSG00000139946.5",97.6945560345283,0.539114775742417,-0.0196562906560189
"ours:turquoise","ENSG00000187037.4",10.080436427689,0.055627585043516,0.0246834684929926
"ours:turquoise","ENSG00000180098.5",3.94291095239046,0.0217584442793212,-0.0182518497989737
"ours:turquoise","ENSG00000116299.12",2.46453091633858,0.0136001952023052,-0.0112235279996685
"ours:turquoise","ENSG00000183172.8",1.30804157322829,0.0072182582943874,0.0227475262595618
"ours:turquoise","ENSG00000173163.6",1.08036494129123,0.00596185423923046,-0.0183259519679316
"ours:turquoise","ENSG00000070371.11",1.24321644540174,0.00686052920825151,0.0399192876628656
"ours:turquoise","ENSG00000165029.11",22.3534777468554,0.123354776680697,-0.0141631771575592
"ours:turquoise","ENSG00000166501.8",31.0544736849317,0.171370097741512,0.0195104913343374
"ours:turquoise","ENSG00000119669.3",26.1877315887687,0.144513610745023,-0.0128263497708412
"ours:turquoise","ENSG00000146063.14",0.508498844463693,0.0028060851251674,-0.00140013732283829
"ours:turquoise","ENSG00000230633.1",10.5602315481503,0.0582752723791171,0.0190043149013718
"ours:turquoise","ENSG00000105722.5",31.5625644766726,0.17417393108049,0.0297300211683795
"ours:turquoise","ENSG00000014257.11",5.91111204332334,0.0326197075146978,-0.0113717210086579
"ours:turquoise","ENSG00000124357.8",4.21822888472432,0.0232777506907815,0.0145109775274905
"ours:turquoise","ENSG00000143498.13",3.97582853489349,0.0219400957021786,-0.0209148876904151
"ours:turquoise","ENSG00000068745.10",1.11409049592504,0.00614796435182231,0.0230147906360702
"ours:turquoise","ENSG00000164535.10",0.227388572544052,0.00125481443664219,-0.00117331641689581
"ours:turquoise","ENSG00000078319.7",1.01041249654702,0.00557583071763755,-0.0162225707169156
"ours:turquoise","ENSG00000174500.8",7.15055212600394,0.0394593973535497,-0.0180234172137051
"ours:turquoise","ENSG00000108528.9",3.31654747598947,0.0183019384224973,0.0229820755161168
"ours:turquoise","ENSG00000170417.10",2.48266249278944,0.0137002519625683,-0.0176241985426744
"ours:turquoise","ENSG00000153044.5",1.56927751535317,0.0086598550636561,-0.0190741444229985
"ours:turquoise","ENSG00000111652.5",0.921240369637993,0.0050837458650891,0.0306736533736826
"ours:turquoise","ENSG00000182768.7",1.16438155553316,0.00642548906172423,-0.00806177698434442
"ours:turquoise","ENSG00000086544.2",1.06952918107541,0.00590205849752418,-0.00586015863990181
"ours:turquoise","ENSG00000013810.14",26.0384277375601,0.143689696746854,0.017833052785423
"ours:turquoise","ENSG00000168569.7",6.01417362617618,0.0331884395339899,-0.017555519679474
"ours:turquoise","ENSG00000184293.3",0.89162663913673,0.0049203263223211,0.00116968894114253
"ours:turquoise","ENSG00000104907.8",2.60843976722875,0.0143943375887815,-0.0103910413875445
"ours:turquoise","ENSG00000090376.4",16.0423393698992,0.0885275755665471,0.00835214684715137
"ours:turquoise","ENSG00000136104.14",6.26482415961934,0.0345716220941232,0.0103581481168939
"ours:turquoise","ENSG00000168393.8",0.980567880234913,0.00541113706137551,0.0109055373083783
"ours:turquoise","ENSG00000196867.3",1.00307430877312,0.005535335877222,-0.00806078828264261
"ours:turquoise","ENSG00000083168.5",51.4166681570216,0.283736235139838,0.01389615162751
"ours:turquoise","ENSG00000169994.14",1.69431880297682,0.0093498792417888,0.0027412739782596
"ours:turquoise","ENSG00000091732.11",2.57646776734625,0.0142179042413532,-0.00397855404824486
"ours:turquoise","ENSG00000111707.7",8.63689309975077,0.0476615778359001,-0.00343707224895688
"ours:turquoise","ENSG00000167377.13",2.05258274736265,0.0113269124959846,-0.00870715060338744
"ours:turquoise","ENSG00000171940.9",74.1773473706153,0.409338100464297,-0.00284709621551776
"ours:turquoise","ENSG00000181026.13",8.28515635572241,0.0457205640929214,-0.00369023313169
"ours:turquoise","ENSG00000075651.11",3.90237134694485,0.0215347317083692,0.0144119921197637
"ours:turquoise","ENSG00000109654.10",0.573354243764779,0.00316398126052147,0.013812855247837
"ours:turquoise","ENSG00000111110.7",1.45680580271624,0.00803919445986363,0.0204547867916173
"ours:turquoise","ENSG00000135503.8",5.54179852808178,0.0305816986324247,0.0209066249411502
"ours:turquoise","ENSG00000129493.10",5.42796033712449,0.0299534972947045,0.00331557575439724
"ours:turquoise","ENSG00000167747.9",5.05424566746044,0.0278912012108124,-4.92629185673902e-05
"ours:turquoise","ENSG00000261461.1",0.862809909675745,0.00476130492674305,0.00929658115296042
"ours:turquoise","ENSG00000203497.2",1.23642549852597,0.00682305424597503,-0.0011658481097199
"ours:turquoise","ENSG00000114770.12",6.13589894576317,0.0338601649712612,0.00559995896951308
"ours:turquoise","ENSG00000152464.10",1.4886371328764,0.00821485153961752,-0.0117997847764899
"ours:turquoise","ENSG00000182154.7",0.792377210966571,0.00437263118574044,0.00126330158337846
"ours:turquoise","ENSG00000159884.7",1.94926040009088,0.010756741481963,-0.00303964491514452
"ours:turquoise","ENSG00000119431.5",1.05649328646425,0.00583012159863075,0.00366411760369219
"ours:turquoise","ENSG00000164494.7",1.26998397173198,0.00700824234131088,-9.94002225151552e-05
"ours:turquoise","ENSG00000118600.7",6.59472709580963,0.0363921487916204,-0.012894544047484
"ours:turquoise","ENSG00000138794.5",3.91272439200729,0.0215918636489158,-0.00737544169579503
"ours:turquoise","ENSG00000177058.7",3.58523585315775,0.0197846604909662,-0.00379831529624041
"ours:turquoise","ENSG00000120334.11",3.718765455771,0.0205215263378448,-0.0103150436292409
"ours:turquoise","ENSG00000075151.15",5.38849396993566,0.0297357072503048,0.00434513611331622
"ours:turquoise","ENSG00000184220.6",3.56577434523188,0.019677264675816,-0.00121926987818142
"ours:turquoise","ENSG00000266753.2",5.60196432694247,0.0309137158141055,0.0134856628452082
"ours:turquoise","ENSG00000153094.17",6.48592033317551,0.0357917127405469,0.00156061904809381
"ours:turquoise","ENSG00000170779.10",0.974199110741445,0.00537599183039649,0.00143084999272097
"ours:turquoise","ENSG00000267427.1",5.05384350197278,0.0278889819125681,0.0132979052803944
"ours:turquoise","ENSG00000135823.9",15.0460766495943,0.0830298285595607,0.0047871573752285
"ours:turquoise","ENSG00000140526.12",62.6609762119952,0.345786495271971,0.00156683688120432
"ours:turquoise","ENSG00000164054.11",35.7744194745157,0.197416508300649,0.176335166516306
"ours:turquoise","ENSG00000026103.15",12.6745652475655,0.0699429495197142,0.118284955255249
"ours:turquoise","ENSG00000102524.7",16.1296853162501,0.0890095828778074,0.0697050935910564
"ours:turquoise","ENSG00000155313.11",5.7686833169274,0.0318337330038654,0.0640124735751528
"ours:turquoise","ENSG00000130066.12",21.1817404002042,0.116888695636779,0.0415567108433526
"ours:turquoise","ENSG00000135363.7",5.88082694685015,0.0324525831256201,0.0270690487525046
"ours:turquoise","ENSG00000102580.10",57.6168107952999,0.317950920621647,0.256538066536307
"ours:turquoise","ENSG00000118260.10",39.1280725426932,0.215923209135949,0.226251622462432
"ours:turquoise","ENSG00000171988.13",69.896286008546,0.385713616871416,0.202429766770998
"ours:turquoise","ENSG00000217128.7",92.9733373231996,0.513061340729219,0.170783323755219
"ours:turquoise","ENSG00000093000.14",46.8593880780506,0.258587474272329,0.172340112542349
"ours:turquoise","ENSG00000083223.13",102.343147614491,0.564767427321735,0.172815365072618
"ours:turquoise","ENSG00000113161.11",47.205479869712,0.260497337075553,0.163498343037299
"ours:turquoise","ENSG00000008294.16",120.104276245945,0.662779919191746,0.155422094663314
"ours:turquoise","ENSG00000183475.8",15.3365125957931,0.0846325617758017,0.149844689400335
"ours:turquoise","ENSG00000164506.10",47.1607764874317,0.260250647240507,0.144694074720343
"ours:turquoise","ENSG00000168214.16",66.7274512131943,0.368226811778029,0.142162582845677
"ours:turquoise","ENSG00000119314.11",76.9547818221011,0.424665013367436,0.139316645941533
"ours:turquoise","ENSG00000135250.12",68.0426783530597,0.375484722692822,0.134468901955827
"ours:turquoise","ENSG00000116954.7",30.4424037114705,0.167992468732537,0.133427023090074
"ours:turquoise","ENSG00000070961.10",13.2579688502295,0.0731623868679569,0.130075905754488
"ours:turquoise","ENSG00000078618.15",89.3095803964363,0.492843371846197,0.131442002675615
"ours:turquoise","ENSG00000157540.15",50.4479197387196,0.278390322250903,0.132664100532568
"ours:turquoise","ENSG00000165288.10",44.6421947728818,0.246352179696946,0.120055039755544
"ours:turquoise","ENSG00000024048.6",90.3558137792923,0.498616875493353,0.116566597035619
"ours:turquoise","ENSG00000123636.13",85.7846419196329,0.473391454630297,0.114712361096672
"ours:turquoise","ENSG00000156931.11",67.209486794881,0.370886862809215,0.110799276674345
"ours:turquoise","ENSG00000092531.5",70.0016767007209,0.386295201779352,0.0960281246708809
"ours:turquoise","ENSG00000165240.13",25.9332223071971,0.143109134182272,0.0869002539949829
"ours:turquoise","ENSG00000144909.7",81.596916706691,0.450282034508176,0.081285995841451
"ours:turquoise","ENSG00000110880.6",32.5875712997769,0.179830298702213,0.0778856266300394
"ours:turquoise","ENSG00000188906.9",87.0965918726482,0.480631280813193,0.0731289992160928
"ours:turquoise","ENSG00000145860.7",36.4165926615526,0.20096025800145,0.0799974777776818
"ours:turquoise","ENSG00000163602.9",65.6887045463649,0.362494622605246,0.0631606652951944
"ours:turquoise","ENSG00000114030.8",41.9375451782545,0.231426920615427,0.0608389111559732
"ours:turquoise","ENSG00000100503.19",64.8519820252715,0.357877277559341,0.0602671492487039
"ours:turquoise","ENSG00000226121.1",33.1255543460987,0.182799088583078,-0.0502242142622439
"ours:turquoise","ENSG00000005893.11",84.1397772635135,0.464314481703607,0.0476039110937882
"ours:turquoise","ENSG00000115421.8",6.48166136306295,0.0357682101646581,-0.0427440881012549
"ours:turquoise","ENSG00000006459.6",57.9528137348646,0.319805109399047,0.0470649848850956
"ours:turquoise","ENSG00000168092.9",19.7557061847747,0.109019310202645,0.049516441465282
"ours:turquoise","ENSG00000115808.7",21.4685773343765,0.118471568170498,0.0463887262872657
"ours:turquoise","ENSG00000156273.11",85.1925772409859,0.470124222254105,0.0453335881797993
"ours:turquoise","ENSG00000260359.1",44.8386792974072,0.247436454140436,0.039547996941265
"ours:turquoise","ENSG00000101916.11",83.0296649261864,0.458188470305639,0.0397609162049587
"ours:turquoise","ENSG00000151461.15",14.2674737441572,0.078733209097891,-0.0309807870886508
"ours:turquoise","ENSG00000110713.11",64.346816926834,0.355089589280572,0.0377827182910308
"ours:turquoise","ENSG00000135828.7",60.0685603711408,0.331480583649021,0.0379211368142743
"ours:turquoise","ENSG00000114573.5",55.410180314375,0.3057739156261,0.0315885725781286
"ours:turquoise","ENSG00000120594.12",57.7264544781949,0.318555975108969,0.0270780177774813
"ours:turquoise","ENSG00000145868.12",52.5397635313811,0.289933891748986,0.0306418773362556
"ours:turquoise","ENSG00000198431.11",44.4345138201697,0.245206119212186,0.0295670548863132
"ours:turquoise","ENSG00000260822.1",38.2429549775569,0.211038802296887,0.0226931724144953
"ours:turquoise","ENSG00000143815.10",61.9170267367368,0.341681106284115,0.0230815346637554
"ours:turquoise","ENSG00000153207.10",36.6327837675591,0.202153280666817,-0.0221895767016642
"ours:turquoise","ENSG00000162378.8",15.3772303503952,0.0848572574398397,0.0204416017579152
"ours:turquoise","ENSG00000163788.9",53.1195100002218,0.293133147677085,-0.0158595464873679
"ours:turquoise","ENSG00000108582.7",78.2220392604687,0.431658209686911,0.0175978665515398
"ours:turquoise","ENSG00000038219.8",71.8156293009925,0.396305264663073,0.0199487628675728
"ours:turquoise","ENSG00000105851.6",52.3860813978441,0.289085816765891,-0.0119043549449647
"ours:turquoise","ENSG00000064419.9",8.43279449827408,0.0465352860932408,0.0156005379045775
"ours:turquoise","ENSG00000100697.10",40.5186777519705,0.223597084180539,-0.0108592353384
"ours:turquoise","ENSG00000114480.8",27.4330145682977,0.151385543854656,-0.00918505516333002
"ours:turquoise","ENSG00000134313.10",23.5934855643158,0.130197599490524,0.0120305785826989
"ours:turquoise","ENSG00000103994.12",65.1478368545858,0.359509914181404,-0.00255846058296078
"ours:turquoise","ENSG00000143669.9",62.7079370529987,0.346045642601095,0.00507143752017941
"ours:turquoise","ENSG00000118217.5",37.163003977349,0.205079232338003,0.0014639332886614
"ours:tan","ENSG00000197182.8",1.31673117612458,0.086623127607063,0.255377872790201
"ours:tan","ENSG00000131188.7",0.422718628942172,0.0278091765431671,0.189989074233813
"ours:tan","ENSG00000083812.7",1.47932513745797,0.0973196142674407,0.177368966066473
"ours:tan","ENSG00000154370.9",1.51520158238113,0.0996797997958289,0.136650668754641
"ours:tan","ENSG00000174151.10",1.65418051339299,0.10882273640584,0.127151432963134
"ours:tan","ENSG00000260630.2",0.468404684239718,0.0308147019455126,0.120280730525925
"ours:tan","ENSG00000126461.10",1.19603914412594,0.0786832219691144,0.106349886638534
"ours:tan","ENSG00000122678.10",0.930070184319295,0.0611860565927637,0.100214144674758
"ours:tan","ENSG00000158545.11",1.11803640772986,0.0735516954198423,0.0517421277280155
"ours:tan","ENSG00000180628.10",0.637788013577781,0.0419578373233385,-0.0968164973068322
"ours:tan","ENSG00000004897.7",0.688351348083141,0.0452842218249856,-0.0509598979065113
"ours:tan","ENSG00000180385.4",0.424667257823983,0.0279373700053928,0.165335513135852
"ours:tan","ENSG00000100068.7",0.555849282777965,0.0365673755018728,0.0992352805021339
"ours:tan","ENSG00000179588.4",0.893311990690313,0.0587678639084377,0.106274676395084
"ours:tan","ENSG00000170919.11",1.58235366646042,0.104097499971655,0.0981076502014103
"ours:tan","ENSG00000135637.9",2.00603570943249,0.131970056146111,0.0914134746331975
"ours:tan","ENSG00000228784.3",0.902354319864093,0.0593627270423014,0.0880705316884583
"ours:tan","ENSG00000141933.8",1.0874471360597,0.0715393344828969,0.0844070109315229
"ours:tan","ENSG00000160094.10",0.444543215900198,0.0292449396019569,0.0849062650554883
"ours:tan","ENSG00000019485.8",0.529664248915701,0.0348447539290153,0.0916934211401361
"ours:tan","ENSG00000008226.15",0.551031538064239,0.0362504329682088,0.0820220899367823
"ours:tan","ENSG00000104897.5",1.6312376372786,0.107313405024185,0.0711318971846612
"ours:tan","ENSG00000196312.7",0.30176426845474,0.0198520132336669,0.0662834255359511
"ours:tan","ENSG00000250571.2",0.632301606135676,0.0415969058131114,0.0677626655779801
"ours:tan","ENSG00000110844.9",0.610370159189341,0.0401541128103427,0.0726770943897703
"ours:tan","ENSG00000230701.1",0.595937091979628,0.0392046119210663,0.0536269910070816
"ours:tan","ENSG00000103042.4",0.488215093382932,0.0321179593075896,0.0630449686636519
"ours:tan","ENSG00000100603.9",1.12463574068188,0.0739858423974408,-0.0510241851145909
"ours:tan","ENSG00000258727.1",0.989722767033481,0.0651103908670916,0.0549392340118296
"ours:tan","ENSG00000175787.12",0.862676199592232,0.0567524426214268,0.0507974463217727
"ours:tan","ENSG00000197375.8",0.332619133771602,0.0218818466454554,0.054897118801353
"ours:tan","ENSG00000114026.17",1.39479244290604,0.0917585046651812,0.0600175988247765
"ours:tan","ENSG00000241506.1",0.737804807123629,0.0485375915110312,-0.0275303529704843
"ours:tan","ENSG00000132330.12",0.351281419568256,0.0231095729978921,0.0289560098609467
"ours:tan","ENSG00000249673.2",0.706796002851733,0.0464976309951023,0.0118370468716504
"ours:tan","ENSG00000124783.8",0.704408160437594,0.0463405432144709,0.00971187101169748
"ours:tan","ENSG00000163950.8",0.335501936648095,0.0220714961395697,-0.0760474568837125
"ours:tan","ENSG00000174010.9",1.67543903561335,0.110221260050167,-0.251294659378037
"ours:tan","ENSG00000136828.14",0.948324358086146,0.0623869346856037,0.244184473960554
"ours:tan","ENSG00000150593.11",1.7525531463371,0.115294327031986,-0.189139735851835
"ours:tan","ENSG00000134602.11",7.54584900467969,0.496414950210121,-0.198644562415854
"ours:tan","ENSG00000016864.12",0.76655597177165,0.0504290298314083,-0.187035030130208
"ours:tan","ENSG00000213918.6",1.84114132342873,0.121122232611977,0.192049186064695
"ours:tan","ENSG00000198146.4",4.82398295345721,0.317352925584626,-0.19471461326699
"ours:tan","ENSG00000114742.9",2.52245927551854,0.165943751973705,-0.191023904455917
"ours:tan","ENSG00000096717.7",2.61325207182578,0.171916691722479,-0.194939955546085
"ours:tan","ENSG00000180530.5",5.84710814446812,0.384660744816023,-0.197482863522246
"ours:tan","ENSG00000133657.10",1.92198059073315,0.126440364584809,-0.190005233259882
"ours:tan","ENSG00000127914.12",8.73439172598801,0.574605008804584,-0.184869938339053
"ours:tan","ENSG00000136450.8",8.02561472057902,0.527977054596651,-0.183238868873075
"ours:tan","ENSG00000111596.7",4.029506519772,0.26508710645329,-0.187781845984165
"ours:tan","ENSG00000153936.12",0.943164178088053,0.062047464535162,-0.186681481955649
"ours:tan","ENSG00000258486.2",2.84228296379421,0.186983831120919,0.174456205023533
"ours:tan","ENSG00000122068.8",6.51996431515643,0.42892559324642,-0.173807703468139
"ours:tan","ENSG00000111731.8",0.972741213140184,0.0639932339739172,-0.171070725885448
"ours:tan","ENSG00000067365.10",4.33144310551329,0.284950455837093,0.172017273945631
"ours:tan","ENSG00000119335.12",4.96985870072512,0.326949579555829,-0.164394222013772
"ours:tan","ENSG00000273151.1",0.647314282393725,0.0425845371495638,0.16749648069812
"ours:tan","ENSG00000244642.2",1.29310153165558,0.0850686161431723,0.156876002508113
"ours:tan","ENSG00000108055.9",9.33865232801444,0.614357195269335,-0.165276450911172
"ours:tan","ENSG00000145740.14",3.85240664207166,0.253436326412991,-0.160995758041195
"ours:tan","ENSG00000066422.4",7.30149739391444,0.480339914436603,-0.157202719579025
"ours:tan","ENSG00000153147.5",10.1658223630825,0.66877381181162,-0.157788696394493
"ours:tan","ENSG00000011405.9",5.37923567112604,0.353881055159531,-0.161510791679117
"ours:tan","ENSG00000121274.8",1.47254169397186,0.0968733553032977,-0.15298640243716
"ours:tan","ENSG00000265150.1",2.77530119641001,0.182577335483331,0.148713744124514
"ours:tan","ENSG00000139163.11",7.07722062878151,0.465585532374663,-0.160356080953925
"ours:tan","ENSG00000154727.6",9.37973609222526,0.617059952076755,-0.165695247296207
"ours:tan","ENSG00000078674.13",4.96033836260617,0.326323269889366,-0.150785209199474
"ours:tan","ENSG00000132294.9",8.60663440782966,0.566200302761139,-0.156953384390391
"ours:tan","ENSG00000077147.10",12.2223737860804,0.804067119644693,-0.147585012296832
"ours:tan","ENSG00000085365.13",3.78485978091669,0.248992655237448,-0.158843292855824
"ours:tan","ENSG00000137776.12",6.38701435181189,0.420179281281632,-0.139076460837175
"ours:tan","ENSG00000265735.1",1.76413063223447,0.116055969238414,0.146458975522077
"ours:tan","ENSG00000185009.8",0.397220232572442,0.0261317264435869,-0.145147402794605
"ours:tan","ENSG00000084093.11",3.09022779100737,0.203295252006699,-0.143276671276928
"ours:tan","ENSG00000196504.11",11.6500629915422,0.766416798998309,-0.141992956929671
"ours:tan","ENSG00000215067.5",1.30094658884096,0.0855847149505648,0.136660650071491
"ours:tan","ENSG00000211456.6",1.83636303485948,0.120807885759725,-0.138820360203329
"ours:tan","ENSG00000111725.6",0.562356897907419,0.0369954886854882,0.14417717006854
"ours:tan","ENSG00000138448.7",3.19628443322751,0.210272346662915,-0.127870335838241
"ours:tan","ENSG00000116747.8",15.2006884592934,1,-0.138371246918488
"ours:tan","ENSG00000004700.11",8.59902073757705,0.565699426088809,-0.139654289429688
"ours:tan","ENSG00000138041.11",8.56284677275974,0.563319667769692,-0.126422346826086
"ours:tan","ENSG00000131697.13",0.464011813351031,0.0305257103711868,0.146777777380963
"ours:tan","ENSG00000107897.14",2.28612169657258,0.150395931256317,-0.139619559521868
"ours:tan","ENSG00000198862.9",10.2999063190497,0.677594725175266,-0.131742700727468
"ours:tan","ENSG00000129534.9",5.10270485717675,0.335689062429081,-0.131065722757729
"ours:tan","ENSG00000263740.1",2.02006525576871,0.132893010811868,0.131709995991982
"ours:tan","ENSG00000062725.5",2.65909567570612,0.174932581693719,-0.128505713830982
"ours:tan","ENSG00000148700.9",8.87703519630742,0.583989022607735,-0.123839669238272
"ours:tan","ENSG00000082153.13",5.16411429127061,0.339728973796143,-0.131243359038025
"ours:tan","ENSG00000177853.10",9.24146415294103,0.607963525973785,-0.129864562815875
"ours:tan","ENSG00000152601.13",4.20309420673228,0.27650683177857,-0.119850833716858
"ours:tan","ENSG00000077254.10",9.05448580043126,0.595662875709787,-0.123665997790503
"ours:tan","ENSG00000148153.9",2.54229290162978,0.16724853669871,-0.125832010418231
"ours:tan","ENSG00000162636.11",0.497948291978592,0.0327582723185249,-0.121267478005778
"ours:tan","ENSG00000135341.13",7.04126070162436,0.46321985484279,-0.120033745035603
"ours:tan","ENSG00000240489.1",1.88170030553167,0.123790465844409,-0.128242002278419
"ours:tan","ENSG00000169018.5",5.53015069846185,0.363809225698645,-0.11681139700683
"ours:tan","ENSG00000177565.11",4.41867337409228,0.290689029376876,-0.121838586345646
"ours:tan","ENSG00000145216.11",1.40379129589374,0.0923505076531906,-0.114066272631794
"ours:tan","ENSG00000115966.12",3.93180084450697,0.258659392634493,-0.112649294762471
"ours:tan","ENSG00000104064.12",4.39104822457934,0.288871667644418,-0.12139755070027
"ours:tan","ENSG00000103160.7",0.496855687189636,0.0326863936801408,-0.10665580478976
"ours:tan","ENSG00000167566.12",1.81465058392744,0.119379499736935,0.119057130330925
"ours:tan","ENSG00000081019.9",3.56736920270039,0.234684712620327,-0.111161441566664
"ours:tan","ENSG00000067167.3",5.23736064570212,0.34454759465188,-0.110605834517823
"ours:tan","ENSG00000103978.11",0.626173144315452,0.0411937357963956,-0.108986710510603
"ours:tan","ENSG00000143756.7",4.65450206077586,0.306203371856503,-0.1120134658857
"ours:tan","ENSG00000186298.7",4.04860022895148,0.266343214637509,-0.103204576356085
"ours:tan","ENSG00000163510.9",2.01115652112644,0.132306936393849,-0.112542007777947
"ours:tan","ENSG00000070367.11",8.99515296224826,0.591759576307139,-0.112197673238342
"ours:tan","ENSG00000033178.8",10.8716583380096,0.715208285935425,-0.109343679338271
"ours:tan","ENSG00000138768.10",9.06326351824605,0.596240330990072,-0.104525090669987
"ours:tan","ENSG00000148154.5",1.23855751679013,0.0814803566369324,-0.106566547424008
"ours:tan","ENSG00000164951.11",1.93483006746019,0.127285686608311,-0.105100630579713
"ours:tan","ENSG00000136108.10",0.304675577687646,0.020043538061026,-0.102946437964719
"ours:tan","ENSG00000239899.2",1.20633771672494,0.0793607289535238,0.0965290620073886
"ours:tan","ENSG00000163683.7",0.621845224619647,0.0409090171333302,-0.0972135158787824
"ours:tan","ENSG00000102158.15",5.73912110539374,0.377556656118754,-0.0936295599621921
"ours:tan","ENSG00000174106.2",3.57301008464714,0.235055806466626,-0.0931899298488084
"ours:tan","ENSG00000113615.8",0.497564112386682,0.0327329984901099,-0.0862721921045554
"ours:tan","ENSG00000162836.7",0.402921448548403,0.0265067894541359,0.100346329465001
"ours:tan","ENSG00000170540.10",1.60491749907607,0.105581895410458,-0.0933736187075611
"ours:tan","ENSG00000164168.3",2.45627496859849,0.161589718464151,-0.0979525076515621
"ours:tan","ENSG00000114439.14",1.32251441037565,0.0870035863123749,-0.0850486118891537
"ours:tan","ENSG00000134970.13",6.20822073295322,0.408417075948797,-0.0976498587559993
"ours:tan","ENSG00000240869.2",1.32847883248364,0.0873959647315474,0.104899326135813
"ours:tan","ENSG00000182827.8",3.73495646659801,0.245709691149846,-0.0900712175581441
"ours:tan","ENSG00000155304.4",5.82402508358131,0.383142191169678,-0.098864973560495
"ours:tan","ENSG00000235720.1",1.16087190286769,0.0763696924633672,-0.0856128183590629
"ours:tan","ENSG00000123575.8",3.85173948848641,0.253392436717663,-0.0836192235469936
"ours:tan","ENSG00000163320.6",5.99620672606771,0.394469417758625,-0.0825992423864628
"ours:tan","ENSG00000266037.1",0.173688013615976,0.0114263254642119,0.0860358700676348
"ours:tan","ENSG00000129083.8",11.1205738029367,0.731583561673338,-0.0814815256343187
"ours:tan","ENSG00000158985.9",4.92368490076236,0.323911967141996,-0.0708197207334573
"ours:tan","ENSG00000166484.15",0.473757248448347,0.0311668283786648,0.0974825844215678
"ours:tan","ENSG00000198406.6",4.120300006842,0.271060091644924,-0.0830508663588811
"ours:tan","ENSG00000122884.8",1.70148667286776,0.111934842781907,-0.0812464163453997
"ours:tan","ENSG00000180673.9",0.634142326154043,0.0417180003295405,-0.0796851247133081
"ours:tan","ENSG00000085491.11",0.451229447417378,0.0296848033314903,-0.0744657283781107
"ours:tan","ENSG00000146085.7",0.374094486998219,0.0246103647213101,-0.0827872732844131
"ours:tan","ENSG00000272578.1",0.772077170511095,0.0507922501391089,0.0694044322931038
"ours:tan","ENSG00000179761.7",0.401611586656513,0.0264206182326548,0.0678538094742673
"ours:tan","ENSG00000113810.11",3.11667866082823,0.20503536199525,-0.0620889318501135
"ours:tan","ENSG00000134108.8",2.43466056388796,0.160167782558523,-0.063000431059683
"ours:tan","ENSG00000123562.12",2.44340550569262,0.160743081620015,-0.0547877582801962
"ours:tan","ENSG00000177556.7",1.62831940926541,0.107121425034528,0.0622990225421592
"ours:tan","ENSG00000175564.8",0.27276295852632,0.0179441187323038,0.0580236210309484
"ours:tan","ENSG00000114956.15",0.799257124826207,0.05258032404036,0.0588130815895341
"ours:tan","ENSG00000197860.5",2.59676734030389,0.170832219031256,-0.0462618763037421
"ours:tan","ENSG00000267169.1",0.70224086720144,0.046197964591012,0.052163493982438
"ours:tan","ENSG00000145725.15",0.477029476437775,0.0313820967856314,-0.0361673006412857
"ours:tan","ENSG00000119778.10",1.21279783509853,0.0797857174920949,-0.0285500113949971
"ours:tan","ENSG00000123360.7",0.34333072054153,0.022586524384139,0.0358343426923457
"ours:tan","ENSG00000272462.2",0.231616808662628,0.0152372577915063,0.0207156801654563
"ours:tan","ENSG00000103248.13",0.294225004199347,0.0193560314710262,-0.00184751554888217
"ours:tan","ENSG00000118965.10",0.292973145327912,0.0192736760649018,-0.0110953993719495
"ours:tan","ENSG00000089057.10",0.747713946251453,0.0491894790327287,-0.00198194032888146
"ours:tan","ENSG00000170348.4",3.15393840920177,0.207486550207765,-1.11852465117297e-06
"ours:tan","ENSG00000005175.5",1.03514172939956,0.068098345161906,-0.00720676228441559
"ours:tan","ENSG00000064726.5",4.16656701324501,0.274103835783678,-0.158544495735219
"ours:tan","ENSG00000155903.7",3.66073650365196,0.240827020003417,-0.116592599155157
"ours:tan","ENSG00000213281.4",2.49505031646658,0.164140612653709,-0.111726594558233
"ours:tan","ENSG00000177051.5",0.28383030181213,0.018672200444882,0.105322034809203
"ours:tan","ENSG00000143294.10",0.766238361834536,0.0504081353871886,0.106547605000598
"ours:tan","ENSG00000127870.12",4.17174848868627,0.274444706886664,-0.091757621173219
"ours:tan","ENSG00000165494.6",4.81128081573408,0.316517296477619,-0.0624113322251454
"ours:tan","ENSG00000107021.11",0.384021554968938,0.0252634317187229,0.0620463772843991
"ours:tan","ENSG00000086015.16",0.422127287932646,0.0277702742913967,0.0336408908996289
"ours:tan","ENSG00000118369.8",0.388559256057239,0.0255619511641055,-0.00659101979595299
"ours:tan","ENSG00000118007.8",4.32856433676631,0.284761071734216,-0.0123746222728794
"ours:tan","ENSG00000108064.6",1.66172113871362,0.109318807708191,0.0102387491352126
"ours:tan","ENSG00000131795.8",0.779462444572441,0.0512781014267741,-0.229480776808865
"ours:tan","ENSG00000035687.9",0.360070088361832,0.0236877487046774,-0.221402584096635
"ours:tan","ENSG00000153201.11",10.4872723717248,0.689920880873861,-0.208756714580462
"ours:tan","ENSG00000081189.9",0.456259100968085,0.0300156866045852,-0.214874302721361
"ours:tan","ENSG00000136940.9",1.55069300004969,0.102014655731046,-0.184530287806213
"ours:tan","ENSG00000077097.9",10.9006792070474,0.717117467162017,-0.182575699777225
"ours:tan","ENSG00000091009.6",10.8068621341634,0.710945570860397,-0.182327199142393
"ours:tan","ENSG00000111880.11",0.559554554340604,0.0368111323272667,0.181434596323444
"ours:tan","ENSG00000138757.10",10.1962743775038,0.670777143075386,-0.175847737125211
"ours:tan","ENSG00000135829.12",8.63267115849797,0.567913169302548,-0.175031248979673
"ours:tan","ENSG00000251474.2",3.65819404210804,0.240659760372334,0.168000670734287
"ours:tan","ENSG00000145833.11",4.13688640653609,0.272151252728746,-0.168594597545848
"ours:tan","ENSG00000123200.12",3.11100096416898,0.204661846238088,-0.15648540814648
"ours:tan","ENSG00000047315.10",12.2418107389452,0.805345808627557,-0.160643489152616
"ours:tan","ENSG00000092148.8",7.27018868218612,0.478280224060594,-0.15090874189153
"ours:tan","ENSG00000107362.9",0.521434908576754,0.0343033744802499,-0.146528822889179
"ours:tan","ENSG00000021776.6",5.09345384802762,0.335080470971273,-0.141414533949614
"ours:tan","ENSG00000163755.4",0.333226473308964,0.0219218013842811,-0.137527320116463
"ours:tan","ENSG00000163866.8",0.456369640480888,0.0300229586115801,0.143703251385257
"ours:tan","ENSG00000168538.11",4.00843309482779,0.263700759709809,-0.13376715864134
"ours:tan","ENSG00000103035.6",1.39047062616059,0.0914741874938226,-0.12891524681729
"ours:tan","ENSG00000165934.8",6.34894637336712,0.417674922446391,-0.129667549229054
"ours:tan","ENSG00000056097.11",11.5428184703026,0.759361557946118,-0.129161727228864
"ours:tan","ENSG00000204070.5",0.397899327645695,0.0261764017275433,0.12454941174165
"ours:tan","ENSG00000118873.11",8.15968918798544,0.53679734374115,-0.114612074180952
"ours:tan","ENSG00000163939.14",3.56645703071042,0.234624704023189,-0.104768589901037
"ours:tan","ENSG00000241990.1",1.43912074870546,0.0946747084883256,0.10009453657808
"ours:tan","ENSG00000245275.3",0.254209888962019,0.0167235773328807,0.102528254997931
"ours:tan","ENSG00000181472.4",0.868981041428856,0.0571672160610317,-0.101785696751069
"ours:tan","ENSG00000269821.1",0.497404993622327,0.0327225306244747,0.10182754262535
"ours:tan","ENSG00000141424.8",5.65194855193898,0.371821879454644,-0.0945135046167197
"ours:tan","ENSG00000166343.5",0.570039418677909,0.0375008947919987,0.0977038418600053
"ours:tan","ENSG00000115459.13",0.357869370232015,0.0235429711746523,0.0872306651907164
"ours:tan","ENSG00000260114.1",0.388307390080509,0.0255453817845406,0.0824296694139176
"ours:tan","ENSG00000184743.8",1.69321166392199,0.111390458955614,-0.0732657876215744
"ours:tan","ENSG00000101473.12",0.46727476324959,0.0307403684050842,0.0744536997234485
"ours:tan","ENSG00000242028.1",2.21225144646353,0.145536266491338,0.0693171664799737
"ours:tan","ENSG00000116151.9",0.539410904415887,0.0354859522225194,0.0649510696675118
"ours:tan","ENSG00000235530.2",0.411666068546398,0.0270820673450954,0.0544551503882879
"ours:tan","ENSG00000007047.10",0.692669037817307,0.0455682674947413,0.0641720399894184
"ours:tan","ENSG00000114796.11",2.50986282422079,0.165115075606086,-0.210080252794302
"ours:tan","ENSG00000144357.12",3.55686965770383,0.233993984366493,-0.135235550790108
"ours:tan","ENSG00000138593.4",2.13644061677881,0.140548937799764,-0.127175637923008
"ours:tan","ENSG00000118482.7",6.11756614637413,0.402453228533473,-0.120853315196833
"ours:tan","ENSG00000085224.16",11.6788590353639,0.76831118976218,-0.122334780130643
"ours:tan","ENSG00000102531.12",1.57031494502719,0.103305514696417,-0.123670380564133
"ours:tan","ENSG00000196455.3",3.22549060255071,0.212193718145622,-0.106464446112855
"ours:tan","ENSG00000029363.11",11.8264864515696,0.778023079891435,-0.101986193653772
"ours:tan","ENSG00000129636.8",1.16839444532141,0.0768645741573027,-0.109998959502959
"ours:tan","ENSG00000154305.12",2.62751567582365,0.172855044221188,-0.102125099439775
"ours:tan","ENSG00000153922.6",9.58364892781741,0.630474662610309,-0.0983363453807622
"ours:tan","ENSG00000129315.5",2.09692253015951,0.137949181431812,-0.094736968946662
"ours:tan","ENSG00000135837.11",5.61713642026221,0.369531711363245,-0.0836098661648929
"ours:tan","ENSG00000121741.12",3.03766183834695,0.199837122277826,-0.0866872780897116
"ours:tan","ENSG00000083642.14",4.10167666003312,0.269834926951972,-0.092901448453769
"ours:tan","ENSG00000047410.9",8.92892894015871,0.587402930075825,-0.0816732594956224
"ours:tan","ENSG00000110075.10",5.31879409760857,0.349904815946463,-0.0754633036188983
"ours:tan","ENSG00000083799.13",2.60857147903385,0.171608771932894,-0.0742631155206292
"ours:tan","ENSG00000166004.10",1.83794190259756,0.12091175393269,-0.0824824862525245
"ours:tan","ENSG00000115839.13",1.89813594573002,0.124871708989572,-0.0757605394621473
"ours:tan","ENSG00000112305.10",0.429882841448006,0.0282804849661388,-0.0766609819436798
"ours:tan","ENSG00000056586.11",2.62483231301726,0.172678515190047,-0.0628927696760379
"ours:tan","ENSG00000153187.12",3.05053033143342,0.200683695320944,-0.0594392876687411
"ours:tan","ENSG00000170248.9",0.731233076089028,0.0481052603668071,-0.066318208505731
"ours:tan","ENSG00000165417.7",4.34157307182153,0.285616870804768,-0.0669070019659897
"ours:tan","ENSG00000075292.14",4.63816294130269,0.305128478471448,-0.0588474413115926
"ours:tan","ENSG00000119707.9",2.25135109965344,0.148108495591001,-0.06010963728377
"ours:tan","ENSG00000164944.7",1.28677341829519,0.0846523117516091,-0.0542630602544275
"ours:tan","ENSG00000112282.13",2.48549260937991,0.163511844613875,-0.0487666243552751
"ours:tan","ENSG00000108654.7",0.867669551618683,0.0570809377445143,-0.0274844521886698
"ours:tan","ENSG00000107854.5",4.73369821272763,0.311413409031059,-0.0337467440691478
"ours:tan","ENSG00000085832.12",1.82744600528853,0.12022126564743,-0.0303427847109018
"ours:tan","ENSG00000134318.9",5.49107881672557,0.361238823585549,-0.0326624977708366
"ours:tan","ENSG00000103479.10",0.341146480910696,0.0224428309167883,-0.0222780043137759
"ours:tan","ENSG00000114098.13",0.580358778111726,0.0381797692693917,-0.020726938937945
"ours:tan","ENSG00000009413.11",1.59595311234978,0.104992159836948,-0.0049847037119175
"ours:tan","ENSG00000085719.7",4.23111844211647,0.278350447971299,-0.130790327837406
"ours:tan","ENSG00000079332.10",2.76114112018071,0.181645793713548,-0.12329974519987
"ours:tan","ENSG00000009307.11",2.41424080739155,0.158824438370456,-0.101876830429975
"ours:tan","ENSG00000136758.14",9.16401015621456,0.602868099083491,-0.0965169917294198
"ours:tan","ENSG00000150753.7",2.76395041732167,0.181830607523033,-0.097747268554909
"ours:tan","ENSG00000196204.7",1.91684933326605,0.126102797146279,0.0917126169674614
"ours:tan","ENSG00000065154.7",0.771759006554761,0.0507713192479071,-0.0883532509642178
"ours:tan","ENSG00000148842.13",2.02983831760689,0.133535946285768,0.093211387601344
"ours:tan","ENSG00000100883.7",2.57016963325288,0.169082449136147,-0.0851916598441136
"ours:tan","ENSG00000176715.11",2.90669641118484,0.19122136599068,0.0919773244407001
"ours:tan","ENSG00000215251.3",0.567987729694037,0.0373659213669879,-0.0891311301783443
"ours:tan","ENSG00000091527.11",5.59309786200354,0.367950298894787,-0.0771660341736305
"ours:tan","ENSG00000108406.5",2.43935993782686,0.160476937893921,-0.0816197740598829
"ours:tan","ENSG00000177189.8",4.24752983751624,0.279430096136165,-0.0763536069701048
"ours:tan","ENSG00000248966.1",0.46341615833551,0.030486524316087,-0.0736143049376527
"ours:tan","ENSG00000182220.9",3.56458827343777,0.2345017650341,-0.0801333567774799
"ours:tan","ENSG00000166855.5",2.06457680309255,0.135821269452458,-0.0751766553028512
"ours:tan","ENSG00000096401.7",8.31389579766953,0.546942055942643,-0.0639189725352216
"ours:tan","ENSG00000100934.10",7.18259474335727,0.472517725930103,-0.0624787977930984
"ours:tan","ENSG00000062650.13",9.02121339280702,0.593474000665519,-0.054352920910087
"ours:tan","ENSG00000079246.11",6.83430648792031,0.449605062706351,-0.0521899038550441
"ours:tan","ENSG00000163781.8",4.91529856759867,0.323360259685709,-0.0474620657485094
"ours:tan","ENSG00000108588.9",2.79200930374529,0.183676503286159,-0.0430211455462882
"ours:tan","ENSG00000119574.8",0.800014456338742,0.0526301462253593,0.0360167870009778
"ours:tan","ENSG00000132356.7",6.0645053486508,0.398962544682842,-0.0316648176555568
"ours:tan","ENSG00000149716.8",3.69661276893388,0.243187193713838,0.0370854243406229
"ours:tan","ENSG00000133104.8",0.313759248346218,0.0206411209062305,0.0239745011381696
"ours:tan","ENSG00000273329.1",2.56099655381113,0.168478984400564,0.0202560685977583
"published:M1/brown","ENSG00000134198.5",12.1904864234184,0.0999920748591435,0.488430739864169
"published:M1/brown","ENSG00000069943.5",13.6958268800109,0.112339581791675,0.43613107897755
"published:M1/brown","ENSG00000087903.8",13.631043812013,0.111808200749127,0.436054734640925
"published:M1/brown","ENSG00000118690.8",1.04825414316915,0.00859827107094101,0.413469492367279
"published:M1/brown","ENSG00000096093.10",0.0825187260173561,0.000676857210009088,0.418041803294525
"published:M1/brown","ENSG00000241163.3",13.6598631082175,0.112044590104184,0.411241113621531
"published:M1/brown","ENSG00000267519.2",16.580492419768,0.136000958588001,0.393945356159593
"published:M1/brown","ENSG00000162769.8",0.121190003315429,0.000994057124776993,0.374307359693011
"published:M1/brown","ENSG00000187049.5",1.03257239460978,0.00846964203011298,0.377880354847178
"published:M1/brown","ENSG00000136867.6",31.5035783094763,0.258407093141137,0.376635481719961
"published:M1/brown","ENSG00000150054.14",0.80377794587364,0.00659296288452683,0.37996117636858
"published:M1/brown","ENSG00000213085.5",8.91208661503569,0.0731011053217623,0.375941873736314
"published:M1/brown","ENSG00000180758.10",0.556472028814611,0.004564444012288,0.35231625267268
"published:M1/brown","ENSG00000106714.13",14.6470849731243,0.120142245865378,0.346771915112236
"published:M1/brown","ENSG00000155744.5",47.8300354404514,0.392324335400555,0.349026758421892
"published:M1/brown","ENSG00000243660.5",9.96896673782751,0.081770130714574,0.337331054342723
"published:M1/brown","ENSG00000188596.5",3.04631947386034,0.0249873380187641,0.336328192755112
"published:M1/brown","ENSG00000165801.5",35.8548844835478,0.294098542815941,0.332566314443522
"published:M1/brown","ENSG00000229124.2",6.48855220637112,0.0532221418745478,0.32436444158071
"published:M1/brown","ENSG00000163659.8",4.74911918525901,0.0389544981712266,0.323115422514088
"published:M1/brown","ENSG00000120696.8",22.6543294997196,0.18582141290671,0.316661184083961
"published:M1/brown","ENSG00000143409.11",53.5833309619123,0.439515557841323,0.314810012051052
"published:M1/brown","ENSG00000165609.8",9.37055224888713,0.0768616550150339,0.310856786714316
"published:M1/brown","ENSG00000181826.5",10.5083561294101,0.086194454941517,0.300268666133465
"published:M1/brown","ENSG00000135378.3",22.5731870886245,0.185155844875816,0.298917223256154
"published:M1/brown","ENSG00000185905.3",39.2939598624777,0.322307448579995,0.298891492026055
"published:M1/brown","ENSG00000067082.10",37.6494421588855,0.30881834473186,0.299540945440752
"published:M1/brown","ENSG00000183690.12",0.845221054697701,0.0069328986587032,0.285557151788885
"published:M1/brown","ENSG00000163694.10",76.4045379764187,0.626705778223903,0.2951148132324
"published:M1/brown","ENSG00000264584.1",25.9557037308201,0.212900829411378,0.285574731637731
"published:M1/brown","ENSG00000137094.10",0.832994945502078,0.00683261438919478,0.296047405189781
"published:M1/brown","ENSG00000111837.7",23.9038564280133,0.196070617558006,0.286689260268385
"published:M1/brown","ENSG00000188026.7",2.24030669502636,0.0183760439883826,0.285277174382803
"published:M1/brown","ENSG00000203705.6",3.00423696341378,0.0246421575732366,0.28064320355424
"published:M1/brown","ENSG00000114316.8",66.8757630939976,0.548546307119566,0.287625472409842
"published:M1/brown","ENSG00000136026.9",34.1852324007394,0.280403275026447,0.285765924019069
"published:M1/brown","ENSG00000010361.9",2.01032306283947,0.016489610603589,0.284004639066469
"published:M1/brown","ENSG00000264508.1",20.5913345769023,0.168899763056865,0.27477956003749
"published:M1/brown","ENSG00000176834.9",0.0743560543367783,0.000609903156710034,0.282298963939327
"published:M1/brown","ENSG00000204054.7",25.4083735936982,0.208411371473209,0.276499521661756
"published:M1/brown","ENSG00000135604.9",39.4178803944254,0.323323902778517,0.272677280769737
"published:M1/brown","ENSG00000173171.10",42.2244088657864,0.346344362771281,0.269455202401163
"published:M1/brown","ENSG00000188315.3",61.6345243806519,0.505555214264344,0.268853547998882
"published:M1/brown","ENSG00000152242.6",5.79841093057427,0.0475612801405734,0.267628974161734
"published:M1/brown","ENSG00000173846.8",2.83725854593592,0.0232725224462713,0.273732829605769
"published:M1/brown","ENSG00000087074.7",40.0394315918177,0.328422156588886,0.267082210968515
"published:M1/brown","ENSG00000247400.3",7.82728136365052,0.0642030249551151,0.24791658748265
"published:M1/brown","ENSG00000110931.14",41.5697045878908,0.340974171878802,0.259274731367238
"published:M1/brown","ENSG00000134152.6",14.1822119991344,0.116329140169621,0.254624915941061
"published:M1/brown","ENSG00000258738.1",8.5137803020587,0.0698340105331938,0.252655000503696
"published:M1/brown","ENSG00000213203.2",10.1523932830802,0.0832746810833623,-0.249774194726076
"published:M1/brown","ENSG00000178502.5",2.51807729363713,0.0206544484363462,-0.248078904637239
"published:M1/brown","ENSG00000180221.6",14.4565442471768,0.118579341657055,0.246320375512773
"published:M1/brown","ENSG00000158470.5",71.737844230856,0.588427372084622,0.252904889892812
"published:M1/brown","ENSG00000003402.15",90.4501473830631,0.741914439999161,0.253192839002228
"published:M1/brown","ENSG00000169231.9",1.07316572174544,0.00880260749717859,0.256382316456932
"published:M1/brown","ENSG00000132155.7",99.0796903485268,0.812697990075161,0.248434569788935
"published:M1/brown","ENSG00000197852.8",73.8609199501256,0.60584183274511,0.244060674707428
"published:M1/brown","ENSG00000238160.1",67.6982735397013,0.555292922734611,0.240830363190261
"published:M1/brown","ENSG00000197818.7",29.8345425734456,0.244716880916368,0.241703031075687
"published:M1/brown","ENSG00000137409.14",2.9001548415521,0.0237884272987252,0.24404246550774
"published:M1/brown","ENSG00000156502.9",6.96843218872922,0.0571583420763032,-0.224733231127956
"published:M1/brown","ENSG00000198734.6",20.4260304919921,0.167543861589216,0.233300417072123
"published:M1/brown","ENSG00000226266.2",1.41633141350265,0.0116174131043903,0.229122249016264
"published:M1/brown","ENSG00000238829.1",3.79527426822351,0.0311306157570676,0.230031697841801
"published:M1/brown","ENSG00000157514.12",15.7732882771767,0.129379892434517,0.234298988403469
"published:M1/brown","ENSG00000228242.3",26.2252420280589,0.215111708670726,0.227280966126709
"published:M1/brown","ENSG00000158156.7",27.454984753624,0.225198634032128,0.230308347394717
"published:M1/brown","ENSG00000134815.14",68.303830996681,0.560259988400958,0.229438982216848
"published:M1/brown","ENSG00000176871.4",0.974385131566382,0.00799236286667396,0.231427865647351
"published:M1/brown","ENSG00000181778.4",13.706140615034,0.112424179873219,0.228521456792999
"published:M1/brown","ENSG00000134755.10",2.41345872044816,0.0197963179369863,0.228297890936929
"published:M1/brown","ENSG00000131759.13",74.5134176244308,0.611193924042238,0.229373753784363
"published:M1/brown","ENSG00000165046.8",11.6769881194805,0.0957801214502322,0.228391249069914
"published:M1/brown","ENSG00000170345.5",37.0366296943761,0.303791770098371,0.226310910802309
"published:M1/brown","ENSG00000072401.10",23.321629876178,0.191294922894644,0.228329141397079
"published:M1/brown","ENSG00000164823.5",32.4592929586556,0.266246311973384,0.224640119903145
"published:M1/brown","ENSG00000167552.9",50.2170565114619,0.411903799363889,0.225895632655225
"published:M1/brown","ENSG00000224307.1",5.69028774677104,0.0466744031847784,0.223490998688967
"published:M1/brown","ENSG00000198604.6",34.7898424214202,0.285362569376865,0.228615413158647
"published:M1/brown","ENSG00000172197.9",21.0254932310889,0.172460935527125,0.223168920841086
"published:M1/brown","ENSG00000196411.5",13.2409954674659,0.108608841682395,0.224305403111386
"published:M1/brown","ENSG00000214530.3",4.89059231676362,0.0401149270060261,0.228042281147033
"published:M1/brown","ENSG00000123329.13",55.8687020329535,0.458261240932154,0.22110218450116
"published:M1/brown","ENSG00000130363.7",2.73795921198406,0.0224580228365671,0.221474577706293
"published:M1/brown","ENSG00000113749.5",35.4067202891708,0.290422490350369,0.221024316364568
"published:M1/brown","ENSG00000077150.13",6.61821519564355,0.0542856983955479,0.222528818935459
"published:M1/brown","ENSG00000095951.12",1.79429556313586,0.0147176519489695,0.218947223124209
"published:M1/brown","ENSG00000242999.2",1.74156590243148,0.0142851385941029,0.216774420840624
"published:M1/brown","ENSG00000212304.1",11.4724499828436,0.0941024039285711,0.209931206788502
"published:M1/brown","ENSG00000261884.2",3.14845524939285,0.0258251034497829,0.22167532508191
"published:M1/brown","ENSG00000167065.9",3.80324894894674,0.0311960278205537,0.215429263298667
"published:M1/brown","ENSG00000183023.14",14.0176624033788,0.114979427375123,0.215104415821333
"published:M1/brown","ENSG00000141385.5",7.16857339007105,0.0587999938768849,-0.209411688624814
"published:M1/brown","ENSG00000163235.11",66.4615869564876,0.545149040603013,0.2143520419267
"published:M1/brown","ENSG00000064012.17",24.0217789053061,0.197037872905125,0.221390307329388
"published:M1/brown","ENSG00000143878.8",15.2989882993848,0.125489462041686,0.21524988114358
"published:M1/brown","ENSG00000151465.9",20.8035387049096,0.170640360627471,0.218106943240284
"published:M1/brown","ENSG00000223117.1",8.29036915504884,0.0680014877477812,0.205554416089816
"published:M1/brown","ENSG00000111348.4",33.9521143113207,0.278491131356495,0.217797301964767
"published:M1/brown","ENSG00000188895.7",111.420382507042,0.913922122670673,0.214146008637651
"published:M1/brown","ENSG00000107341.4",64.6473679098398,0.530267966917979,0.211953434092204
"published:M1/brown","ENSG00000004455.12",0.826518161554478,0.00677948877608628,-0.204202787259825
"published:M1/brown","ENSG00000115310.13",8.47449057319157,0.0695117377892178,0.211660652373771
"published:M1/brown","ENSG00000254470.2",68.6362499586419,0.562986644300852,0.208902883959682
"published:M1/brown","ENSG00000124731.8",65.6478539907872,0.538474421986864,0.210112141883158
"published:M1/brown","ENSG00000172765.12",43.6682950616172,0.358187793096117,0.209631097604933
"published:M1/brown","ENSG00000136238.13",32.9460097799413,0.270238591127702,0.210506302646771
"published:M1/brown","ENSG00000105810.5",5.33944439007772,0.0437966217765716,-0.203669120191456
"published:M1/brown","ENSG00000079257.3",2.84730534252474,0.0233549309738485,0.19527758513574
"published:M1/brown","ENSG00000164713.5",35.7109812529746,0.292918181171281,0.210157999592762
"published:M1/brown","ENSG00000143384.8",86.4744684514931,0.709304060762956,0.214738941816812
"published:M1/brown","ENSG00000165879.7",73.6263627894568,0.603917885139271,0.209579844982397
"published:M1/brown","ENSG00000065150.14",20.0537975710213,0.164490632964372,-0.203303647669438
"published:M1/brown","ENSG00000116815.11",29.7204421263086,0.243780975649318,0.204163360920849
"published:M1/brown","ENSG00000127528.5",2.66875574100348,0.0218903835799818,0.20879323347407
"published:M1/brown","ENSG00000261471.1",18.802596222905,0.154227693938053,0.202694259705896
"published:M1/brown","ENSG00000145491.7",71.7829683820054,0.588797501490698,0.203206976559635
"published:M1/brown","ENSG00000154928.12",48.5618132286991,0.398326719295767,0.202776088893157
"published:M1/brown","ENSG00000205155.3",11.6708560746285,0.0957298235485262,0.197840555491741
"published:M1/brown","ENSG00000160588.5",71.9334732674773,0.590032012998447,0.204879122324508
"published:M1/brown","ENSG00000131828.9",3.32526898131312,0.0272754124287858,-0.193841136513109
"published:M1/brown","ENSG00000198055.6",13.2344888696243,0.108555471521775,0.208146296152423
"published:M1/brown","ENSG00000149485.12",0.0400981899073154,0.00032890411979181,-0.188221546398839
"published:M1/brown","ENSG00000180304.10",48.1308637537853,0.394791870015815,0.203211476718401
"published:M1/brown","ENSG00000087206.12",24.038658286436,0.197176325488795,0.198919598241626
"published:M1/brown","ENSG00000070413.14",38.7217253060449,0.317613712939234,0.203331134496342
"published:M1/brown","ENSG00000120051.10",26.7490700619677,0.21940839135923,0.194830748556962
"published:M1/brown","ENSG00000160570.9",46.0576267585094,0.377786209894317,0.203178441529277
"published:M1/brown","ENSG00000115840.9",9.76173685721484,0.0800703342490722,-0.197595796938252
"published:M1/brown","ENSG00000085662.9",4.61733135126627,0.0378735126793916,-0.184221609918736
"published:M1/brown","ENSG00000197405.3",62.9256088408094,0.516145293241139,0.19883528641256
"published:M1/brown","ENSG00000137261.9",18.4386909447665,0.151242772537102,0.204119780506501
"published:M1/brown","ENSG00000270426.1",22.642861087717,0.185727343624185,0.190720888358454
"published:M1/brown","ENSG00000146426.13",0.653465973205032,0.00536003373787426,0.193159304259549
"published:M1/brown","ENSG00000112763.11",7.12524732154356,0.0584446131859855,0.196927026189716
"published:M1/brown","ENSG00000124588.15",5.94003085776449,0.0487229130622875,0.19568600454804
"published:M1/brown","ENSG00000196684.8",32.6378582810989,0.267710988317611,0.195228547441866
"published:M1/brown","ENSG00000051620.6",21.432883962715,0.175802544969012,0.198641119730822
"published:M1/brown","ENSG00000127980.11",7.08043704092994,0.0580770582929365,-0.189234487803891
"published:M1/brown","ENSG00000175711.4",24.2712653148,0.199084277196797,0.194115562104927
"published:M1/brown","ENSG00000232303.2",0.404543529578993,0.00331825535818953,0.190258731226792
"published:M1/brown","ENSG00000147439.7",38.3485308522059,0.314552597371803,0.196645043043737
"published:M1/brown","ENSG00000182541.13",81.8761855405595,0.671586792305948,0.196013215334049
"published:M1/brown","ENSG00000234383.1",9.36329261630248,0.0768021081110269,0.193007506198213
"published:M1/brown","ENSG00000177125.5",82.1822605959967,0.674097363155442,0.19466551175085
"published:M1/brown","ENSG00000114656.6",35.9613878098415,0.29497213294234,0.189987875196809
"published:M1/brown","ENSG00000172965.10",4.69879511248289,0.0385417165743758,0.190645805706612
"published:M1/brown","ENSG00000105197.6",1.38157828267031,0.0113323516606484,-0.167299829784656
"published:M1/brown","ENSG00000155099.3",88.7820794565308,0.728232166200837,0.191487745445601
"published:M1/brown","ENSG00000136404.11",41.8858972589993,0.343567732147132,0.191283959633547
"published:M1/brown","ENSG00000035664.7",46.3425409451348,0.380123209394415,0.191172322118685
"published:M1/brown","ENSG00000227598.1",2.44874572298354,0.0200857584462915,0.189076931943673
"published:M1/brown","ENSG00000234219.1",2.76186235905583,0.0226540876356533,0.188605005894758
"published:M1/brown","ENSG00000008405.7",3.87197805702029,0.0317597761305711,-0.192511029164653
"published:M1/brown","ENSG00000162413.12",55.5032210311327,0.455263394708113,0.191541128336597
"published:M1/brown","ENSG00000154845.11",87.5672675817245,0.718267710665079,0.192227981894359
"published:M1/brown","ENSG00000270346.1",3.74154285942519,0.0306898855955108,0.183217849644724
"published:M1/brown","ENSG00000218809.1",36.0847162816679,0.295983730786659,0.186968344990609
"published:M1/brown","ENSG00000144635.4",15.8744177552542,0.130209403742857,0.191852977501884
"published:M1/brown","ENSG00000188042.5",6.69842141847769,0.0549435873721841,-0.180389913706703
"published:M1/brown","ENSG00000151948.7",92.8847206168731,0.761883949056448,0.191059468755121
"published:M1/brown","ENSG00000163161.8",3.15504762277373,0.0258791771815196,-0.173389801908632
"published:M1/brown","ENSG00000135636.9",69.7905044022554,0.572454379444757,0.189491180199433
"published:M1/brown","ENSG00000079277.15",33.8365888800925,0.277543537703028,0.192234698618425
"published:M1/brown","ENSG00000115295.15",7.4064526332592,0.0607511907582999,-0.180273205928031
"published:M1/brown","ENSG00000168781.17",0.987878583292683,0.00810304247274223,-0.177478438056393
"published:M1/brown","ENSG00000112561.13",45.1024314969646,0.369951251322525,0.189233707044551
"published:M1/brown","ENSG00000234506.1",8.0016494164945,0.065633273329743,0.187287558243381
"published:M1/brown","ENSG00000100106.15",9.28964590068004,0.0761980232824263,0.188387922472515
"published:M1/brown","ENSG00000111670.10",1.57760422805561,0.0129402482059123,-0.183044447044659
"published:M1/brown","ENSG00000162551.9",39.6321037866288,0.325081063299087,0.187153400999349
"published:M1/brown","ENSG00000165886.4",24.2753194664509,0.199117531246003,0.187125226401656
"published:M1/brown","ENSG00000157350.8",56.0938351855915,0.460107888413636,0.187964170368227
"published:M1/brown","ENSG00000255031.1",11.2256508478615,0.0920780419201043,0.193296102950311
"published:M1/brown","ENSG00000159128.10",98.2082371886069,0.805549923412657,0.185306362562663
"published:M1/brown","ENSG00000176407.13",23.9461507895821,0.196417535705586,0.186613941642956
"published:M1/brown","ENSG00000156162.12",9.17324629580252,0.0752432592475696,-0.186670139234405
"published:M1/brown","ENSG00000102921.3",80.9788389494831,0.66422633560283,0.185085091185555
"published:M1/brown","ENSG00000128016.4",31.531727391023,0.258637985081908,0.182967650029697
"published:M1/brown","ENSG00000177173.5",12.0645351150587,0.0989589632820766,0.175351698665373
"published:M1/brown","ENSG00000168461.8",62.099074033918,0.509365667932209,0.184343078575189
"published:M1/brown","ENSG00000133943.16",29.7934808504855,0.244380073447539,0.184083500849526
"published:M1/brown","ENSG00000130935.5",17.0725204909875,0.140036803099969,-0.179525723360345
"published:M1/brown","ENSG00000125744.7",8.93601556862094,0.0732973817979495,0.185161531911559
"published:M1/brown","ENSG00000101442.8",5.12701475000801,0.0420541744504874,-0.181687978005237
"published:M1/brown","ENSG00000151151.5",41.7008193801354,0.342049636767232,0.183274314218995
"published:M1/brown","ENSG00000181444.8",62.0556062992275,0.50900912522914,0.181891049375343
"published:M1/brown","ENSG00000126775.8",8.12613718652475,0.0666543802804878,-0.171995233097799
"published:M1/brown","ENSG00000244482.5",34.3516179544597,0.28176804720741,0.183806871182338
"published:M1/brown","ENSG00000116793.11",35.2886280374712,0.28945384243411,0.182689493991301
"published:M1/brown","ENSG00000196923.9",61.7428590783426,0.506443826156033,0.183964568306301
"published:M1/brown","ENSG00000073737.12",7.22810997818241,0.0592883408360229,0.176654529313496
"published:M1/brown","ENSG00000100722.14",14.1723182442369,0.11624798696162,-0.176041115065692
"published:M1/brown","ENSG00000261490.1",1.77548439067136,0.0145633539086842,0.177187557977328
"published:M1/brown","ENSG00000166900.10",108.969450796829,0.893818433734075,0.181561648604745
"published:M1/brown","ENSG00000167333.8",1.45337645079675,0.0119212738375564,-0.172168340049828
"published:M1/brown","ENSG00000129103.13",4.39577422361506,0.0360561974284499,-0.17004562641978
"published:M1/brown","ENSG00000113719.11",82.817462110793,0.679307583257582,0.182441611548141
"published:M1/brown","ENSG00000221930.5",20.2345339381179,0.165973117232906,0.174435470874038
"published:M1/brown","ENSG00000174080.6",1.04713380992933,0.00858908157338586,-0.170509369166977
"published:M1/brown","ENSG00000160785.9",58.1060318049119,0.476612866804316,0.180057933773576
"published:M1/brown","ENSG00000120306.5",49.4657024889271,0.405740842033271,0.180712938520783
"published:M1/brown","ENSG00000066336.7",71.4250978344426,0.585862079774216,0.178555856310617
"published:M1/brown","ENSG00000129347.15",3.51016996168177,0.0287920568044387,-0.165722580641271
"published:M1/brown","ENSG00000149573.4",2.67532777819854,0.021944290504805,0.180470018695676
"published:M1/brown","ENSG00000180509.7",8.67046524069756,0.0711192137293173,0.177129045574329
"published:M1/brown","ENSG00000070718.7",6.96855982823977,0.0571593890353047,-0.167026493852514
"published:M1/brown","ENSG00000105053.6",15.006434799145,0.123089801316082,0.181157201755662
"published:M1/brown","ENSG00000228283.3",8.27167762843427,0.0678481710987519,0.167511079719173
"published:M1/brown","ENSG00000149474.9",7.79440787991436,0.0639333812565411,-0.174368424536712
"published:M1/brown","ENSG00000248712.3",7.87618988208374,0.0646041955127583,0.175213066591703
"published:M1/brown","ENSG00000256751.1",15.4506513086401,0.126733473022715,0.178680957103242
"published:M1/brown","ENSG00000167395.10",27.0119478901343,0.221564638334112,0.179106693794952
"published:M1/brown","ENSG00000113732.4",32.277714864022,0.26475692346166,0.183186070369953
"published:M1/brown","ENSG00000179101.5",13.0673669727503,0.107184659509653,0.178987394875077
"published:M1/brown","ENSG00000273243.1",0.599858122134133,0.00492031705462349,0.175814581282451
"published:M1/brown","ENSG00000259448.2",3.38767736447026,0.027787315194905,0.180396700800248
"published:M1/brown","ENSG00000145191.7",11.7406750967052,0.0963025118432831,-0.168053576790528
"published:M1/brown","ENSG00000250616.2",19.0216350111355,0.15602435259047,0.17217338772453
"published:M1/brown","ENSG00000119979.11",24.8521213915361,0.203848730582005,0.175789740077244
"published:M1/brown","ENSG00000125347.9",30.919790117293,0.253618589172786,0.174412167571411
"published:M1/brown","ENSG00000146833.11",5.129845783846,0.0420773959149658,-0.166170767262256
"published:M1/brown","ENSG00000069399.8",27.5041191886909,0.225601657663731,0.174395306691799
"published:M1/brown","ENSG00000118515.7",18.505497916722,0.151790754587109,0.17569726016068
"published:M1/brown","ENSG00000140995.12",64.9646098541079,0.53287013381583,0.176284390890366
"published:M1/brown","ENSG00000198000.7",14.7537293521815,0.121016992972557,-0.168438242572552
"published:M1/brown","ENSG00000163026.7",7.87789622985861,0.0646181917757879,-0.175976220680814
"published:M1/brown","ENSG00000271646.1",6.59482836352385,0.0540938686533369,0.163921820798299
"published:M1/brown","ENSG00000132589.11",51.9221752829546,0.425889981532576,0.176622364282046
"published:M1/brown","ENSG00000166326.5",2.83905508033501,0.0232872584622005,-0.166899175881477
"published:M1/brown","ENSG00000214439.3",0.393241336036348,0.00322554947726442,0.157425861747683
"published:M1/brown","ENSG00000109381.15",50.170875187163,0.411524998528877,0.174840218218723
"published:M1/brown","ENSG00000235655.2",18.6201549511786,0.152731225243842,0.174287550045161
"published:M1/brown","ENSG00000135297.11",10.4141955194336,0.0854221055508099,-0.166573041858797
"published:M1/brown","ENSG00000144736.9",10.4797167136314,0.0859595410498974,-0.169445843708865
"published:M1/brown","ENSG00000186431.14",61.6434003419919,0.505628019053253,0.171776223957481
"published:M1/brown","ENSG00000198736.7",106.761527010241,0.875708009516081,0.171878582299683
"published:M1/brown","ENSG00000125826.15",12.4322746359512,0.101975334936542,0.174995577870511
"published:M1/brown","ENSG00000203644.2",22.0606012249086,0.180951375728633,0.15605081633223
"published:M1/brown","ENSG00000248166.1",4.25159125608081,0.0348735412503172,0.171646145089981
"published:M1/brown","ENSG00000166579.11",78.8273331952529,0.646578678490183,0.172425085124262
"published:M1/brown","ENSG00000160049.7",4.30576185642593,0.0353178738664849,-0.166111946236526
"published:M1/brown","ENSG00000180953.7",36.5878604607235,0.300110754817499,0.161377783612178
"published:M1/brown","ENSG00000137760.10",12.525631419458,0.10274109096635,-0.177445455815332
"published:M1/brown","ENSG00000231047.1",8.78828391713464,0.0720856176532387,0.163633021867578
"published:M1/brown","ENSG00000138442.5",6.24676003852999,0.0512388493538589,-0.166136206815047
"published:M1/brown","ENSG00000236609.3",0.491110473272844,0.00402831794416923,-0.161389573575959
"published:M1/brown","ENSG00000269657.1",32.3549561188505,0.265390492383092,0.16600937867308
"published:M1/brown","ENSG00000185022.7",0.0665704863484123,0.00054604228438109,-0.157319910482829
"published:M1/brown","ENSG00000104356.6",1.17020441168859,0.00959856424672957,-0.152167141542781
"published:M1/brown","ENSG00000183726.6",15.9279780373593,0.130648730243188,0.173502305922265
"published:M1/brown","ENSG00000156052.6",39.8992312114666,0.327272167454701,0.171288710782672
"published:M1/brown","ENSG00000163067.10",0.0445253056281977,0.000365217394848838,-0.144990816010435
"published:M1/brown","ENSG00000222365.1",10.1340245378104,0.0831240120379865,0.154770513054586
"published:M1/brown","ENSG00000166130.10",31.3945128424006,0.257512487136948,0.165881632216495
"published:M1/brown","ENSG00000113522.9",22.2680164571761,0.182652692535153,-0.166900022376476
"published:M1/brown","ENSG00000102796.6",9.69253566422593,0.0795027136776407,0.165080689624718
"published:M1/brown","ENSG00000103353.11",4.56409786867623,0.0374368667416273,-0.156253827417953
"published:M1/brown","ENSG00000131389.12",89.9203987170546,0.737569193515288,0.170027856840471
"published:M1/brown","ENSG00000224152.1",22.1241337855586,0.18147249952467,0.162873874037015
"published:M1/brown","ENSG00000175274.14",25.8262614505645,0.211839083249027,0.173280745144039
"published:M1/brown","ENSG00000160221.12",3.63874207818342,0.0298466654764384,-0.159739800323664
"published:M1/brown","ENSG00000269089.1",4.94401067152391,0.0405530893518519,0.166124531168364
"published:M1/brown","ENSG00000163412.8",13.4014281753823,0.109924785836109,0.167524079587529
"published:M1/brown","ENSG00000115365.7",24.3712307816688,0.19990424074044,-0.164482874723495
"published:M1/brown","ENSG00000136098.12",0.0862441779586114,0.000707415110363131,-0.159124315697167
"published:M1/brown","ENSG00000138069.12",33.6999925494502,0.276423110671271,0.168441260654601
"published:M1/brown","ENSG00000108256.4",10.2931860566505,0.0844295293039734,0.174463564758236
"published:M1/brown","ENSG00000115828.11",85.0750213189816,0.697825140433191,0.167730490874118
"published:M1/brown","ENSG00000260682.2",31.0537969632402,0.254717776039181,0.163113132922759
"published:M1/brown","ENSG00000128011.4",4.40295061249373,0.0361150615286219,0.165902009505968
"published:M1/brown","ENSG00000146828.13",55.9697817701635,0.459090344242619,0.169187302573546
"published:M1/brown","ENSG00000088833.13",22.7982772368907,0.187002139615315,0.166545663931219
"published:M1/brown","ENSG00000086475.10",9.1186799079814,0.0747956801972931,-0.155787473077788
"published:M1/brown","ENSG00000180771.10",2.19030701671767,0.017965923226772,-0.167287020380048
"published:M1/brown","ENSG00000129355.6",27.5569891775405,0.226035322055718,0.169377123467702
"published:M1/brown","ENSG00000271361.1",0.335601866778165,0.0027527635748222,0.160243747507586
"published:M1/brown","ENSG00000170989.8",13.6453925412685,0.111925895741764,-0.156005131690099
"published:M1/brown","ENSG00000118520.9",3.8424947426256,0.0315179401875536,0.167252291768891
"published:M1/brown","ENSG00000106049.4",4.63091662314537,0.0379849454373255,-0.163904777236731
"published:M1/brown","ENSG00000188603.12",0.438307167580236,0.00359520051864283,0.18051850434723
"published:M1/brown","ENSG00000271722.1",28.1053958926398,0.230533610590302,0.166714478817063
"published:M1/brown","ENSG00000209042.1",4.33201185688519,0.0355331886553954,0.158298750188068
"published:M1/brown","ENSG00000164659.10",0.15266513012475,0.00125223084539839,-0.155304775611882
"published:M1/brown","ENSG00000155016.13",4.86094489448868,0.0398717449733714,-0.163119265990747
"published:M1/brown","ENSG00000186141.4",3.5268278719997,0.0289286927808594,-0.160610722196538
"published:M1/brown","ENSG00000128050.4",3.55350387534992,0.0291475018448532,-0.163738667284698
"published:M1/brown","ENSG00000011143.12",0.910475231124933,0.00746814395307053,-0.148815218589571
"published:M1/brown","ENSG00000133318.9",75.0253453074336,0.615392994483181,0.163027155623399
"published:M1/brown","ENSG00000106348.12",75.8645784338172,0.622276777351468,0.167921743543789
"published:M1/brown","ENSG00000167536.9",31.5181028275102,0.258526230035605,0.166711629023527
"published:M1/brown","ENSG00000072694.14",0.024405357622288,0.000200184165058746,0.158287240343993
"published:M1/brown","ENSG00000234290.2",2.23117302458064,0.0183011253487791,0.15509116288432
"published:M1/brown","ENSG00000064932.11",59.351439208479,0.486828281185844,0.16551547451063
"published:M1/brown","ENSG00000109854.9",33.8839932901276,0.277932370859659,0.16372968390537
"published:M1/brown","ENSG00000107959.11",5.03497179842903,0.0412991950850322,-0.149440626008394
"published:M1/brown","ENSG00000261338.1",2.11593376497648,0.0173558790089025,0.163974188930119
"published:M1/brown","ENSG00000196329.6",14.1993041847174,0.116469338275009,-0.15356829277582
"published:M1/brown","ENSG00000179335.14",11.1680974806102,0.0916059622666183,0.168311668735663
"published:M1/brown","ENSG00000143207.15",68.1981649968163,0.559393266417802,0.16416451323543
"published:M1/brown","ENSG00000119138.3",0.895291701529545,0.00734360153735433,-0.157171550669557
"published:M1/brown","ENSG00000136925.10",5.30269185380178,0.0434951602736484,-0.155577905244511
"published:M1/brown","ENSG00000138078.11",12.7383702805709,0.104486074668148,-0.158097138210737
"published:M1/brown","ENSG00000089876.7",0.348084562282882,0.0028551524853216,-0.149084347955849
"published:M1/brown","ENSG00000146094.9",69.1871892870539,0.567505706515104,0.162652196736453
"published:M1/brown","ENSG00000183762.8",32.694410693658,0.26817485767226,0.158557572298642
"published:M1/brown","ENSG00000168906.8",1.15355470676282,0.00946199557477545,-0.154977791316005
"published:M1/brown","ENSG00000163947.7",7.43192677597229,0.0609601415988706,-0.153981876337294
"published:M1/brown","ENSG00000235750.5",51.3857529909456,0.421489994844954,0.164786679054874
"published:M1/brown","ENSG00000120129.5",50.619107109282,0.415201606529086,0.162006065709018
"published:M1/brown","ENSG00000139890.5",16.4417921975323,0.134863274452761,0.153045015899716
"published:M1/brown","ENSG00000125484.7",4.0668655338576,0.0333583344239949,-0.143926758319858
"published:M1/brown","ENSG00000148200.12",22.2622574248929,0.182605454257108,0.162292988277725
"published:M1/brown","ENSG00000236535.1",2.2171956956613,0.0181864767555163,0.159625275025331
"published:M1/brown","ENSG00000143797.7",8.58466576188912,0.0704154462495055,0.162003388909846
"published:M1/brown","ENSG00000244617.1",39.3296044671594,0.322599822309464,0.156953726166309
"published:M1/brown","ENSG00000266127.1",7.05612538259891,0.0578776426933164,0.150834197749975
"published:M1/brown","ENSG00000005194.10",0.732129310213498,0.00600526724288931,-0.148664792877483
"published:M1/brown","ENSG00000099875.10",32.5827712467772,0.267259138681072,0.16283412103436
"published:M1/brown","ENSG00000103005.7",18.6403711543868,0.152897048003849,0.161965193601411
"published:M1/brown","ENSG00000062716.6",77.1222760228745,0.632593001586261,0.161509882554067
"published:M1/brown","ENSG00000272941.1",10.6722710358359,0.0875389617170942,0.15683917078052
"published:M1/brown","ENSG00000174529.6",0.46264276596834,0.0037948124858151,0.156006241838922
"published:M1/brown","ENSG00000148841.11",83.7603610603327,0.687041681723568,0.159718253198558
"published:M1/brown","ENSG00000125780.11",21.8624015935825,0.179325649593985,0.162754051965779
"published:M1/brown","ENSG00000176105.9",1.14112884956866,0.00936007287869988,-0.165732453342428
"published:M1/brown","ENSG00000085415.11",6.32477956235082,0.0518788020018009,-0.136726649190819
"published:M1/brown","ENSG00000176371.9",0.0325446703965887,0.00026694661767642,-0.143866251229301
"published:M1/brown","ENSG00000253719.2",6.81369463871746,0.0558891122730878,-0.150132295526159
"published:M1/brown","ENSG00000100578.10",4.02801528461905,0.0330396664976114,-0.154053873138522
"published:M1/brown","ENSG00000114054.9",0.556226895099239,0.00456243331083059,-0.137334175958107
"published:M1/brown","ENSG00000175756.9",13.3164403962201,0.109227676296675,0.159856695964344
"published:M1/brown","ENSG00000261997.1",15.1124068931269,0.123959034026441,0.155838933995536
"published:M1/brown","ENSG00000160746.8",8.48557483279922,0.0696026560740138,0.156584179700506
"published:M1/brown","ENSG00000138772.8",26.627720894498,0.218413028695569,0.154263274277829
"published:M1/brown","ENSG00000002919.10",44.4486901843241,0.36458895912174,0.158789174791448
"published:M1/brown","ENSG00000249936.2",23.1791973825877,0.190126624923031,0.158720496839489
"published:M1/brown","ENSG00000168685.10",7.06238727683338,0.0579290056804282,-0.147456355250215
"published:M1/brown","ENSG00000072952.14",55.4202800441021,0.454583073915653,0.157246352420028
"published:M1/brown","ENSG00000163608.10",7.93331403273096,0.0650727545307815,-0.153791487682522
"published:M1/brown","ENSG00000085788.9",38.2162988797228,0.313467968848211,-0.152682432858345
"published:M1/brown","ENSG00000182923.12",47.5046352014797,0.389655250351419,0.154262663951726
"published:M1/brown","ENSG00000261468.1",3.54469677701778,0.0290752619025629,0.148446105620201
"published:M1/brown","ENSG00000065675.10",8.48431673766397,0.0695923365889191,-0.149577780042389
"published:M1/brown","ENSG00000152556.11",1.21230292697704,0.00994387597146064,-0.138678983770477
"published:M1/brown","ENSG00000166938.8",10.3069507132686,0.0845424334594894,-0.152302108850469
"published:M1/brown","ENSG00000180549.7",32.7482985407039,0.268616871013537,0.156221940604178
"published:M1/brown","ENSG00000165929.8",22.3728366019661,0.183512476419121,-0.147234715992132
"published:M1/brown","ENSG00000087263.12",3.15221266321425,0.0258559235164362,-0.137213527672451
"published:M1/brown","ENSG00000076944.10",16.7254855848511,0.137190260385605,0.162103426195001
"published:M1/brown","ENSG00000175595.10",2.59885274169436,0.0213170064646627,-0.152550369557616
"published:M1/brown","ENSG00000163191.5",46.0567613982254,0.377779111804275,0.155903174839921
"published:M1/brown","ENSG00000112242.10",31.1160725986308,0.255228589945993,0.154002138398189
"published:M1/brown","ENSG00000182782.7",41.6086286029633,0.341293444867078,0.15157870600399
"published:M1/brown","ENSG00000197249.8",49.5207192457891,0.406192115221195,0.154488807718385
"published:M1/brown","ENSG00000196177.8",12.8473223473391,0.105379750509943,-0.155051962537092
"published:M1/brown","ENSG00000213462.4",15.9550982983265,0.13087118331607,0.151848999006829
"published:M1/brown","ENSG00000168769.8",61.1037631008034,0.501201661847847,0.155891815303105
"published:M1/brown","ENSG00000148925.6",23.0228677550583,0.188844336154915,0.153530044628115
"published:M1/brown","ENSG00000174840.8",11.9494512802553,0.0980149918091557,-0.150780627034383
"published:M1/brown","ENSG00000081177.14",1.62873116627452,0.0133596152808703,-0.131427871749476
"published:M1/brown","ENSG00000198468.3",0.0564294499154951,0.000462860757497833,0.152727952677768
"published:M1/brown","ENSG00000168264.6",0.432361240237244,0.00354642923984912,-0.149453098282016
"published:M1/brown","ENSG00000059728.6",121.914526132104,1,0.155198087618353
"published:M1/brown","ENSG00000170892.6",85.2411316963049,0.699187655488561,0.155795564653633
"published:M1/brown","ENSG00000159322.13",3.59442506161398,0.0294831565659299,0.159145218214841
"published:M1/brown","ENSG00000159110.15",17.0232315156846,0.139632511857024,0.154112690913732
"published:M1/brown","ENSG00000243646.4",75.6418548462278,0.620449894250204,0.154623979795684
"published:M1/brown","ENSG00000115368.5",24.4300888127016,0.200387021856851,-0.153378063319668
"published:M1/brown","ENSG00000139178.6",56.7927766941373,0.465840933775174,0.155797509481849
"published:M1/brown","ENSG00000079950.9",19.944669445611,0.163595513007197,0.157738651307473
"published:M1/brown","ENSG00000027075.9",11.6400591096178,0.0954772124283602,-0.145319025519156
"published:M1/brown","ENSG00000157916.14",9.37036081342264,0.0768600847717613,0.16134232559742
"published:M1/brown","ENSG00000125753.9",74.1175854637114,0.607947123408404,0.153496615811476
"published:M1/brown","ENSG00000271327.1",3.58420350763771,0.0293993145964734,0.154033097854333
"published:M1/brown","ENSG00000119537.11",2.99188453537241,0.0245408371774374,-0.148263046342516
"published:M1/brown","ENSG00000272562.1",2.33909333125691,0.0191863382114311,0.141977887400216
"published:M1/brown","ENSG00000108799.8",5.11069786483788,0.0419203357219306,0.158432781608336
"published:M1/brown","ENSG00000059588.5",14.4363400356574,0.118413617258492,-0.147719396613851
"published:M1/brown","ENSG00000119729.6",8.57089349766898,0.070302479692877,0.152875218800843
"published:M1/brown","ENSG00000121060.10",68.2066776205829,0.559463090941891,0.154725330212994
"published:M1/brown","ENSG00000182310.8",1.37534718945391,0.0112812413179017,0.152240176344387
"published:M1/brown","ENSG00000213965.3",0.643511025981031,0.00527837860177331,-0.1361349593252
"published:M1/brown","ENSG00000184014.3",90.2931663321551,0.740626807951623,0.153604687154585
"published:M1/brown","ENSG00000170837.2",67.1790923403093,0.551034355557559,0.147848579751453
"published:M1/brown","ENSG00000170956.12",60.8602648525612,0.499204375257253,0.147488904581936
"published:M1/brown","ENSG00000198189.6",62.3277815239777,0.511241633802034,0.153037792722088
"published:M1/brown","ENSG00000204577.7",47.706222679347,0.391308765188928,0.151040632285988
"published:M1/brown","ENSG00000160075.10",4.18776696127406,0.0343500245141935,0.154962634287795
"published:M1/brown","ENSG00000183155.4",3.36305768903683,0.0275853730948573,0.145393512890982
"published:M1/brown","ENSG00000140044.8",51.2743590035731,0.42057628922753,0.154330060688005
"published:M1/brown","ENSG00000126883.12",42.7376840206772,0.350554485807273,0.151179466618974
"published:M1/brown","ENSG00000105520.6",34.484049706954,0.282854314420152,0.155495131801756
"published:M1/brown","ENSG00000165475.9",0.112042790707988,0.000919027406025274,-0.132755053439641
"published:M1/brown","ENSG00000159267.10",4.09290472141979,0.0335719200268621,-0.137877919584165
"published:M1/brown","ENSG00000140382.10",5.89004010856907,0.0483128655414428,-0.140211574421782
"published:M1/brown","ENSG00000182117.4",23.8657596656429,0.195758130083551,0.150349155946335
"published:M1/brown","ENSG00000175198.10",2.37074006892504,0.0194459195646313,-0.140247350691683
"published:M1/brown","ENSG00000161040.12",16.9834692331012,0.139306363006311,0.144468171442051
"published:M1/brown","ENSG00000144118.9",82.0362332296513,0.672899578355071,0.150063149620853
"published:M1/brown","ENSG00000129749.3",2.83919815512614,0.0232884320285972,0.14975484219401
"published:M1/brown","ENSG00000143157.7",4.62896162443294,0.0379689096229361,-0.140241440307573
"published:M1/brown","ENSG00000110446.5",53.5859416159821,0.439536971647803,0.149173450804797
"published:M1/brown","ENSG00000083290.15",0.876704336252666,0.00719113926836484,-0.135857463712508
"published:M1/brown","ENSG00000100483.9",11.7154112205767,0.0960952857076447,0.143505199215422
"published:M1/brown","ENSG00000166411.9",2.47856223753467,0.0203303274529317,-0.141234602223559
"published:M1/brown","ENSG00000163389.6",7.2843976662728,0.0597500387966859,-0.145722181937335
"published:M1/brown","ENSG00000170006.7",92.7730026518435,0.760967586022657,0.149289596204494
"published:M1/brown","ENSG00000156804.3",2.3087255614732,0.018937247551383,-0.140494051442234
"published:M1/brown","ENSG00000270640.1",16.1911644819116,0.1328075086341,0.142444427095137
"published:M1/brown","ENSG00000133794.13",8.17613793964217,0.0670645098581826,0.150413032510945
"published:M1/brown","ENSG00000125384.6",1.66867301904627,0.0136872370503096,-0.140624476914878
"published:M1/brown","ENSG00000173110.6",75.8363002094354,0.622044826120725,0.147172305427008
"published:M1/brown","ENSG00000172340.10",9.37635647171133,0.0769092639670459,-0.139005817120205
"published:M1/brown","ENSG00000166526.12",1.13323953520015,0.00929536103000714,-0.135260837259544
"published:M1/brown","ENSG00000204160.7",108.205450377874,0.887551744741432,0.147217610080141
"published:M1/brown","ENSG00000135766.8",70.0599250283779,0.57466429351054,0.148556670947252
"published:M1/brown","ENSG00000105339.6",71.1082715957258,0.58326332268785,0.148203487804807
"published:M1/brown","ENSG00000205352.6",6.04139945466983,0.0495543857351624,0.143117378020117
"published:M1/brown","ENSG00000136444.5",12.9149883466252,0.105934778704145,-0.131330617553163
"published:M1/brown","ENSG00000136937.8",20.3132117876738,0.166618469776627,-0.140831021728692
"published:M1/brown","ENSG00000102218.5",70.8270827459121,0.580956880143759,0.146663049506821
"published:M1/brown","ENSG00000023516.7",15.663659516735,0.128480666034515,-0.143772180708673
"published:M1/brown","ENSG00000113649.7",22.8298534886294,0.187261142809934,-0.142757962343677
"published:M1/brown","ENSG00000170525.14",35.2749525778847,0.289341669914391,0.147714450385997
"published:M1/brown","ENSG00000106245.5",5.60637961586876,0.0459861494256541,0.148200891002097
"published:M1/brown","ENSG00000197208.5",68.6610746728317,0.563190268224738,0.145070039300241
"published:M1/brown","ENSG00000167565.8",4.47218839920864,0.0366829822589201,0.153750409951691
"published:M1/brown","ENSG00000160214.8",1.36610363461697,0.011205421355095,-0.135708790211336
"published:M1/brown","ENSG00000188186.6",30.7507121011593,0.252231732155022,0.148875080200705
"published:M1/brown","ENSG00000167995.11",80.9814481465646,0.664247737458412,0.147091181082019
"published:M1/brown","ENSG00000010810.13",8.21015773584707,0.0673435561481058,-0.137448792065395
"published:M1/brown","ENSG00000182134.11",2.00625156705323,0.0164562142896679,-0.128462461638685
"published:M1/brown","ENSG00000269973.1",0.397179710842495,0.00325785387060537,-0.141955492586962
"published:M1/brown","ENSG00000148660.16",42.0938435428963,0.345273404887652,0.147988322954978
"published:M1/brown","ENSG00000117151.8",73.4519427931498,0.60248721070005,0.144160160207602
"published:M1/brown","ENSG00000107815.3",2.46023798377466,0.0201800233477411,-0.135485339833388
"published:M1/brown","ENSG00000184083.7",2.18028480739452,0.0178837163754548,-0.131069310851543
"published:M1/brown","ENSG00000176788.7",73.5340782085484,0.603160923816972,0.145093473982014
"published:M1/brown","ENSG00000153283.8",16.3221879676982,0.133882224584229,-0.136806757809168
"published:M1/brown","ENSG00000131437.11",6.91939752018273,0.0567561367763921,-0.140069353950269
"published:M1/brown","ENSG00000164134.8",27.9104687128688,0.228934726634835,-0.140782662012605
"published:M1/brown","ENSG00000182831.7",69.2265795111257,0.567828803567781,0.14864046244817
"published:M1/brown","ENSG00000073150.9",33.3282222442157,0.273373676637203,0.149595344944506
"published:M1/brown","ENSG00000243609.1",11.6474203020851,0.0955375923740558,0.138340407127618
"published:M1/brown","ENSG00000248323.1",73.1087424599033,0.59967212094713,0.143140641087702
"published:M1/brown","ENSG00000133316.11",5.84768729338617,0.0479654679299637,-0.129956043411051
"published:M1/brown","ENSG00000136560.9",36.4437452854463,0.298928654703185,0.147391333636067
"published:M1/brown","ENSG00000184154.8",0.860762321017527,0.00706037539845598,0.141607440791822
"published:M1/brown","ENSG00000175029.12",25.6221027150068,0.210164477752579,0.143259439561396
"published:M1/brown","ENSG00000198355.4",13.3302360577277,0.109340834768806,0.145287771648957
"published:M1/brown","ENSG00000089351.10",24.7340994726927,0.202880659568748,0.145685361395482
"published:M1/brown","ENSG00000146909.3",19.8677596974209,0.16296466325836,-0.131849059157086
"published:M1/brown","ENSG00000248863.2",0.423978354479099,0.00347766888762447,0.137839253150187
"published:M1/brown","ENSG00000113269.9",82.7356154540313,0.678636238674139,0.143820058705446
"published:M1/brown","ENSG00000198964.9",1.23113003845008,0.0100983047509536,0.141237605972819
"published:M1/brown","ENSG00000158417.6",8.60788011972254,0.0706058612769016,-0.13406998763928
"published:M1/brown","ENSG00000111371.11",24.4949721000209,0.200919224945177,-0.12947577576156
"published:M1/brown","ENSG00000068383.14",22.349636536068,0.183322178620867,0.144266071434337
"published:M1/brown","ENSG00000134905.12",14.6382947290428,0.120070144169539,0.143956215474485
"published:M1/brown","ENSG00000165264.6",15.2509733540691,0.12509562098895,0.133880689816048
"published:M1/brown","ENSG00000167193.7",51.0569435410907,0.418792945852625,0.144044591353974
"published:M1/brown","ENSG00000136371.5",6.39949622153995,0.052491663008275,0.134155626003689
"published:M1/brown","ENSG00000135334.8",23.0417331172872,0.188999078685009,0.140755590733854
"published:M1/brown","ENSG00000264469.1",1.30622488809068,0.0107142678525058,0.137933681684711
"published:M1/brown","ENSG00000121057.8",6.10232713526273,0.0500541430858729,-0.129973946181977
"published:M1/brown","ENSG00000135049.11",37.6932929307031,0.309178029284708,0.145218867653212
"published:M1/brown","ENSG00000106246.13",0.0312164857645313,0.000256052225726619,-0.136546546535778
"published:M1/brown","ENSG00000119514.5",2.19044050065085,0.0179670181244631,-0.135846795113933
"published:M1/brown","ENSG00000225873.1",72.0315938722876,0.590836844120081,0.138763252605143
"published:M1/brown","ENSG00000215105.3",8.69198067882188,0.0712956934221556,-0.151361668309022
"published:M1/brown","ENSG00000166925.4",10.5001204453995,0.0861269020069174,0.14660571662888
"published:M1/brown","ENSG00000260528.2",22.5491785924563,0.184958915954137,0.134809573673646
"published:M1/brown","ENSG00000131089.9",5.52256638916061,0.0452986741151458,-0.13721575204997
"published:M1/brown","ENSG00000087053.14",5.80496943961967,0.0476150761011819,-0.136454748768397
"published:M1/brown","ENSG00000104974.6",19.272806938309,0.158084582286982,0.144497764727738
"published:M1/brown","ENSG00000135372.4",14.6844944214817,0.120449095668632,-0.127831959709205
"published:M1/brown","ENSG00000134014.12",1.40537138525993,0.0115275138233905,-0.137707601399768
"published:M1/brown","ENSG00000076356.6",7.13760071371631,0.0585459414900415,0.147058862537976
"published:M1/brown","ENSG00000258944.1",9.43348151715155,0.0773778303245801,0.138024749395445
"published:M1/brown","ENSG00000213753.6",2.97660121452899,0.024415476227202,0.147611591708747
"published:M1/brown","ENSG00000118246.9",23.1255207292725,0.189686343891573,-0.143175330959214
"published:M1/brown","ENSG00000186416.8",7.7364691269001,0.063458140488665,-0.135911888236695
"published:M1/brown","ENSG00000164024.7",4.4742585609806,0.0366999626946208,-0.127917028026704
"published:M1/brown","ENSG00000263320.1",0.75142838026147,0.00616356724749303,0.130185436035335
"published:M1/brown","ENSG00000123810.3",42.6060795179988,0.349475004084679,0.144689361293869
"published:M1/brown","ENSG00000146414.11",18.3769815844999,0.150736603483878,-0.133059513196055
"published:M1/brown","ENSG00000143811.12",0.235602125524676,0.00193251889663568,-0.12641584906065
"published:M1/brown","ENSG00000141526.10",83.8579788917824,0.687842388862797,0.139022837970736
"published:M1/brown","ENSG00000067182.3",78.3700129970214,0.642827524195937,0.140931086754799
"published:M1/brown","ENSG00000065615.9",83.0960311255629,0.681592536688545,0.14167220093455
"published:M1/brown","ENSG00000163041.5",73.4485848193253,0.602459667027191,0.139797621942724
"published:M1/brown","ENSG00000136718.5",6.21280741335901,0.0509603540321924,-0.130479928645676
"published:M1/brown","ENSG00000134698.10",91.7096987843508,0.752245870069461,0.139385482753782
"published:M1/brown","ENSG00000170633.12",1.08074433949403,0.00886477086678705,0.146390734661937
"published:M1/brown","ENSG00000172775.12",4.67857577191766,0.0383758680802979,0.140680021994857
"published:M1/brown","ENSG00000101493.6",61.9390852489037,0.508053365041896,0.137081144093017
"published:M1/brown","ENSG00000136630.11",31.7871484947945,0.260733068513514,0.140400933994032
"published:M1/brown","ENSG00000101695.4",4.71555732831128,0.0386792081134088,-0.132902986528002
"published:M1/brown","ENSG00000249115.4",1.58765357881235,0.0130226776839702,-0.120570602243821
"published:M1/brown","ENSG00000233013.4",9.93866059074972,0.0815215455127995,0.130185666691978
"published:M1/brown","ENSG00000108439.5",0.539879750089729,0.00442834637690939,-0.11692199670446
"published:M1/brown","ENSG00000064651.9",5.74386216667775,0.0471138456499745,-0.134573316934324
"published:M1/brown","ENSG00000131043.7",1.94493917787247,0.0159533013790742,-0.124595445949279
"published:M1/brown","ENSG00000117174.6",10.866324522976,0.089130679236709,-0.13630864178832
"published:M1/brown","ENSG00000146592.12",53.6981664463231,0.440457492228094,0.135816644650676
"published:M1/brown","ENSG00000086300.11",53.0919023044076,0.435484630001172,0.138969278579743
"published:M1/brown","ENSG00000262944.1",39.105557382885,0.320762083268986,0.136959220393743
"published:M1/brown","ENSG00000100335.8",3.74300404540381,0.0307018709267505,-0.122390936760236
"published:M1/brown","ENSG00000117597.13",5.56036750349545,0.0456087365460482,-0.128912398601063
"published:M1/brown","ENSG00000104325.2",8.86701196756469,0.0727313819680238,0.137894551823854
"published:M1/brown","ENSG00000083828.11",9.88046694650051,0.0810442140077239,0.137440265178365
"published:M1/brown","ENSG00000196668.3",8.51762883121551,0.0698655779704706,0.137016576813794
"published:M1/brown","ENSG00000250130.1",0.39912613267921,0.00327381933344616,0.132215771202618
"published:M1/brown","ENSG00000169372.8",0.217374283818215,0.00178300560822976,0.146108030206844
"published:M1/brown","ENSG00000125900.8",13.89264979663,0.113954015467986,0.145759748447126
"published:M1/brown","ENSG00000124177.10",17.5663705733533,0.14408759260007,-0.127779980169127
"published:M1/brown","ENSG00000043514.11",1.11539499695945,0.00914899177601548,-0.133325863020752
"published:M1/brown","ENSG00000070731.5",59.0895057752572,0.484679780580281,0.137648964138788
"published:M1/brown","ENSG00000079616.8",4.2670325357421,0.0350001978527024,-0.12355194803833
"published:M1/brown","ENSG00000135775.9",14.5497871029047,0.119344163197901,-0.123419758693745
"published:M1/brown","ENSG00000155850.7",7.23789275443317,0.0593685837452243,-0.132507726562232
"published:M1/brown","ENSG00000104549.7",2.03448703624142,0.0166878148223034,-0.132592125866999
"published:M1/brown","ENSG00000118308.10",63.7074425324432,0.522558259082359,0.138154354636855
"published:M1/brown","ENSG00000006530.11",8.51214930417008,0.0698206323251954,-0.129873810927599
"published:M1/brown","ENSG00000258565.1",4.22177388130785,0.0346289651877351,0.133018319506539
"published:M1/brown","ENSG00000104980.3",1.46199895716993,0.0119919996702094,-0.120649523433323
"published:M1/brown","ENSG00000166133.13",2.85993747279087,0.0234585456181973,-0.126352762235087
"published:M1/brown","ENSG00000196118.7",2.47759430027511,0.0203223879785288,0.139519521395607
"published:M1/brown","ENSG00000106723.12",4.16689788384139,0.0341788465742484,-0.121651103402625
"published:M1/brown","ENSG00000100296.9",66.0398362671065,0.541689644067082,0.136529617156892
"published:M1/brown","ENSG00000101265.11",89.1390823138105,0.731160470715533,0.134940813867594
"published:M1/brown","ENSG00000151422.8",4.52503821056101,0.0371164811456329,-0.134116637802081
"published:M1/brown","ENSG00000143158.6",1.15176554970852,0.00944732007128081,0.133325413837913
"published:M1/brown","ENSG00000125779.17",14.7206815565003,0.120745919485831,0.137444469535118
"published:M1/brown","ENSG00000139651.9",1.21126800779412,0.00993538707997448,-0.124118874490632
"published:M1/brown","ENSG00000135299.12",0.276521229094675,0.0022681565344809,0.131480397849208
"published:M1/brown","ENSG00000167996.11",33.8272972390983,0.277467323315055,0.133395576378191
"published:M1/brown","ENSG00000162444.11",10.4413553542683,0.0856448832270753,0.134447834702745
"published:M1/brown","ENSG00000116922.10",2.74136514781546,0.0224859599162529,-0.135221332823723
"published:M1/brown","ENSG00000091317.7",74.4080123973495,0.610329341039495,0.140372349153273
"published:M1/brown","ENSG00000131844.11",8.74530567210472,0.0717330899734498,-0.116060164197273
"published:M1/brown","ENSG00000125827.4",39.9354160236013,0.32756897221852,0.135594895054591
"published:M1/brown","ENSG00000144426.14",5.7919949457064,0.0475086532299712,-0.131611468014247
"published:M1/brown","ENSG00000075785.8",20.8851968858688,0.171310159244174,0.137150682459127
"published:M1/brown","ENSG00000121316.6",40.1847462036895,0.329614095043491,0.131825129145157
"published:M1/brown","ENSG00000079134.7",21.3923343968519,0.175469938452384,-0.132144325604812
"published:M1/brown","ENSG00000177112.3",3.25281025119875,0.026681072013306,0.132420870662297
"published:M1/brown","ENSG00000108622.6",4.63811007187662,0.0380439494703925,-0.126103118003441
"published:M1/brown","ENSG00000154217.10",0.288049800236114,0.00236271927041729,-0.123259416664092
"published:M1/brown","ENSG00000003756.12",14.4502591252039,0.118527788145162,0.140775847729991
"published:M1/brown","ENSG00000170296.5",1.98446307766864,0.0162774949026034,0.133742556982657
"published:M1/brown","ENSG00000163220.10",24.5249653123878,0.201165243309998,0.133216365106215
"published:M1/brown","ENSG00000088812.13",4.73046915416681,0.0388015218878919,-0.124231475667711
"published:M1/brown","ENSG00000181274.5",76.9087633811943,0.630841670974117,0.132840943593837
"published:M1/brown","ENSG00000124224.12",8.91408858733386,0.0731175264354858,0.137134970525409
"published:M1/brown","ENSG00000251661.3",0.0206311691361885,0.000169226504754921,0.127518222577715
"published:M1/brown","ENSG00000121957.8",4.72946689114288,0.0387933008575051,0.131277125141311
"published:M1/brown","ENSG00000197956.5",13.9564248900083,0.114477128630967,0.132724044372074
"published:M1/brown","ENSG00000179981.9",4.35409487168612,0.0357143238777642,-0.114903514448718
"published:M1/brown","ENSG00000186496.6",1.88111318945495,0.0154297707511622,0.124694907749334
"published:M1/brown","ENSG00000175938.6",7.36519540806534,0.060412779688653,0.135719272046419
"published:M1/brown","ENSG00000108244.12",29.7482700437563,0.244009233251841,0.13152234601849
"published:M1/brown","ENSG00000182885.12",64.0731237573023,0.525557747629465,0.131954448203808
"published:M1/brown","ENSG00000033050.3",1.27565748205638,0.0104635396824994,-0.111209563315801
"published:M1/brown","ENSG00000083093.5",4.44494467147288,0.036459516453818,-0.130382028515596
"published:M1/brown","ENSG00000122126.11",0.119587830751679,0.000980915355583596,-0.108111775969934
"published:M1/brown","ENSG00000125735.6",69.0771329555103,0.566602972976819,0.130967492974532
"published:M1/brown","ENSG00000249485.1",0.303006881446303,0.002485404250499,-0.111221366652437
"published:M1/brown","ENSG00000131378.9",8.4232339398064,0.0690913068938081,-0.122200719178206
"published:M1/brown","ENSG00000198874.8",2.49693765787415,0.0204810512503532,-0.1221651016972
"published:M1/brown","ENSG00000171169.8",3.76225286403139,0.0308597587456862,0.123173883207886
"published:M1/brown","ENSG00000126602.6",4.53765637999219,0.0372199812766796,-0.116832872882115
"published:M1/brown","ENSG00000158825.5",43.9799729972114,0.360744321390837,0.133165936037975
"published:M1/brown","ENSG00000235568.2",80.1140671399732,0.657133072503298,0.128504713334291
"published:M1/brown","ENSG00000225470.2",0.879016148316514,0.0072101018328532,0.119652066751829
"published:M1/brown","ENSG00000106780.7",72.4057622972289,0.593905948654317,0.126577696474919
"published:M1/brown","ENSG00000178802.13",10.425821407024,0.0855174665218052,-0.117258428177062
"published:M1/brown","ENSG00000129055.8",4.53306713012423,0.0371823381014686,0.123605149134792
"published:M1/brown","ENSG00000122694.11",69.0321930121295,0.56623435452907,0.130690690686648
"published:M1/brown","ENSG00000197969.7",20.9547053383183,0.171880300101501,-0.12044847961886
"published:M1/brown","ENSG00000124374.8",3.30918560830063,0.0271434890762308,-0.131778443039054
"published:M1/brown","ENSG00000149798.3",16.8243995982051,0.138001599415434,0.124857885966162
"published:M1/brown","ENSG00000135519.6",0.0499273323620426,0.000409527346297867,0.12972400036316
"published:M1/brown","ENSG00000188786.9",24.4157945343906,0.200269773496344,0.128427164070862
"published:M1/brown","ENSG00000148926.5",41.5791477890205,0.341051629433937,0.125021142710071
"published:M1/brown","ENSG00000183943.5",1.94852046627217,0.0159826767825911,-0.131262077865853
"published:M1/brown","ENSG00000146872.13",1.0338012521916,0.00847972169511117,0.126352477804336
"published:M1/brown","ENSG00000078070.7",7.23837586480315,0.0593725464425772,-0.123875209966701
"published:M1/brown","ENSG00000082213.13",0.529225783515245,0.00434095755695089,-0.126546251414658
"published:M1/brown","ENSG00000166188.2",5.74847622836165,0.047151692343312,0.129301423552987
"published:M1/brown","ENSG00000171453.13",4.53973914732044,0.0372370651090524,-0.118206743683572
"published:M1/brown","ENSG00000109917.6",6.02610162401924,0.0494289057686979,-0.120787568377548
"published:M1/brown","ENSG00000163812.9",6.56409158296387,0.0538417511942026,0.13341843461114
"published:M1/brown","ENSG00000167074.10",0.90396999682582,0.007414784976864,-0.117544262577539
"published:M1/brown","ENSG00000259600.2",26.0356800232379,0.21355683239113,0.115932965328051
"published:M1/brown","ENSG00000107771.11",3.69968727091825,0.0303465664699327,-0.123269443554452
"published:M1/brown","ENSG00000171700.9",55.5649690466324,0.45576988082965,0.130882117765296
"published:M1/brown","ENSG00000120709.6",77.3182072522671,0.634200121226626,0.128961552811215
"published:M1/brown","ENSG00000133961.15",80.6427092789827,0.661469242734864,0.127444719628995
"published:M1/brown","ENSG00000127603.19",2.9894296574182,0.0245207011195607,-0.115391674167567
"published:M1/brown","ENSG00000137574.6",0.949474664843427,0.00778803556037772,-0.126148592692249
"published:M1/brown","ENSG00000176597.7",27.9915765470687,0.229600011049853,0.126854530272511
"published:M1/brown","ENSG00000053900.6",3.52230795021158,0.0288916182670051,-0.122973782340506
"published:M1/brown","ENSG00000174007.7",31.502236252678,0.258396084963188,0.126679779730434
"published:M1/brown","ENSG00000138185.12",58.5662140420946,0.480387496881491,0.126432489713458
"published:M1/brown","ENSG00000167984.12",16.69673810485,0.136954460100658,-0.118912627143206
"published:M1/brown","ENSG00000089094.12",8.97651254592055,0.0736295569585676,-0.106532427829049
"published:M1/brown","ENSG00000259144.2",38.8460934475474,0.318633838640807,0.130664993842354
"published:M1/brown","ENSG00000225611.1",3.84635863694653,0.0315496336570975,0.125792169195434
"published:M1/brown","ENSG00000024862.12",9.23348818222397,0.0757373913935304,-0.118780570912419
"published:M1/brown","ENSG00000158201.5",22.8503668096675,0.187429402669435,0.129064451122141
"published:M1/brown","ENSG00000160208.11",7.81476539648405,0.0641003631348746,-0.107050464230684
"published:M1/brown","ENSG00000242324.1",14.795974371651,0.121363506393146,0.129913331437707
"published:M1/brown","ENSG00000109743.6",72.7223756459499,0.596502959517305,0.125231956586358
"published:M1/brown","ENSG00000076685.14",68.8754091144301,0.564948339624419,0.128427846105483
"published:M1/brown","ENSG00000179195.11",11.1139313964894,0.0911616666946362,-0.121345194843605
"published:M1/brown","ENSG00000100714.11",1.18268105716451,0.00970090353206127,-0.117738184519338
"published:M1/brown","ENSG00000233452.2",0.0903609603998023,0.00074118288662246,0.124606135702183
"published:M1/brown","ENSG00000132286.7",7.64786926332842,0.0627314029424298,-0.127029363754646
"published:M1/brown","ENSG00000101084.12",19.946534048269,0.163610807350843,0.120878483265721
"published:M1/brown","ENSG00000128340.10",17.4709739310825,0.143305104694015,0.129666437480709
"published:M1/brown","ENSG00000135040.11",6.95742726308977,0.0570680745258431,-0.129784980187045
"published:M1/brown","ENSG00000006007.7",11.9056407143601,0.0976556370440992,0.126458363718164
"published:M1/brown","ENSG00000177191.2",54.7041036269401,0.448708659767613,0.126418769322984
"published:M1/brown","ENSG00000249138.1",42.4124203854058,0.347886521245619,0.115160549904473
"published:M1/brown","ENSG00000071575.7",14.3169284553748,0.117434147591742,-0.117313310785802
"published:M1/brown","ENSG00000175455.10",18.5592782825856,0.152231886317428,-0.121415183139017
"published:M1/brown","ENSG00000072609.13",17.6518770313922,0.144788956586395,0.131385226388345
"published:M1/brown","ENSG00000115364.9",7.49984155455162,0.0615172103972658,-0.118570612835195
"published:M1/brown","ENSG00000269619.1",26.6716235975571,0.218773139212765,0.123056699765234
"published:M1/brown","ENSG00000163803.8",2.87548932752202,0.0235861092090552,-0.118413711493083
"published:M1/brown","ENSG00000142405.17",88.0776990735698,0.722454508645922,0.124392261330755
"published:M1/brown","ENSG00000114268.7",97.2176488338347,0.797424654126052,0.125484188454325
"published:M1/brown","ENSG00000125510.11",10.4706562317898,0.0858852227374775,0.134712274112465
"published:M1/brown","ENSG00000265666.1",48.7390971568516,0.39978088504432,0.126993297165857
"published:M1/brown","ENSG00000234444.5",3.37427596870168,0.0276773906748846,-0.11638605579926
"published:M1/brown","ENSG00000188976.6",1.64373432803706,0.0134826782352083,-0.106998868952641
"published:M1/brown","ENSG00000151229.8",0.472920193275588,0.00387911275448129,-0.111977075465248
"published:M1/brown","ENSG00000168824.10",0.0133176563079518,0.000109237649773752,-0.124783234132119
"published:M1/brown","ENSG00000226564.1",4.91705309042874,0.0403319706554141,0.119943311647275
"published:M1/brown","ENSG00000100271.12",0.402666532467685,0.00330285934943768,-0.116717156624832
"published:M1/brown","ENSG00000134759.9",26.3014953261145,0.215737173908339,-0.115092241959489
"published:M1/brown","ENSG00000175538.6",72.0469742599521,0.59096300125781,0.122788893470963
"published:M1/brown","ENSG00000162704.11",45.819876406832,0.375836070241396,0.12863720460516
"published:M1/brown","ENSG00000203999.4",7.15958268110754,0.0587262478742652,0.113458032222388
"published:M1/brown","ENSG00000266017.1",0.729003923574898,0.00597963135898148,0.115608144549466
"published:M1/brown","ENSG00000141401.7",20.0077232808918,0.164112710073711,0.124218579040205
"published:M1/brown","ENSG00000255801.1",13.5329824921217,0.111003855910145,0.122441866818866
"published:M1/brown","ENSG00000204020.5",1.73552990431625,0.0142356285126816,0.124409847320016
"published:M1/brown","ENSG00000100439.6",29.0730833357573,0.238471035881764,0.127426280226035
"published:M1/brown","ENSG00000178105.5",7.46014349665275,0.0611915883474713,-0.118293095559366
"published:M1/brown","ENSG00000259834.1",16.0659128348873,0.131780136006751,-0.122994764884925
"published:M1/brown","ENSG00000163625.11",90.5339298437245,0.742601662952154,0.121875239851136
"published:M1/brown","ENSG00000072736.14",1.26215479255873,0.0103527843039072,-0.110882626124021
"published:M1/brown","ENSG00000172780.12",1.5009109836174,0.0123111743221726,0.120414553355549
"published:M1/brown","ENSG00000168286.1",2.29884497756088,0.0188562023779668,-0.113163803178731
"published:M1/brown","ENSG00000107651.8",0.669235267136627,0.00548938086681694,-0.114379865016946
"published:M1/brown","ENSG00000155130.5",21.5522849924033,0.176781928094849,0.121566824377101
"published:M1/brown","ENSG00000258476.1",2.90835391456013,0.0238556799327481,-0.114392658002202
"published:M1/brown","ENSG00000100504.12",85.7182723207923,0.703101386195027,0.122755294466766
"published:M1/brown","ENSG00000181016.5",27.4743511956356,0.225357486653107,0.122248089718037
"published:M1/brown","ENSG00000140943.12",11.1960924005557,0.0918355897017867,-0.11270359096274
"published:M1/brown","ENSG00000146409.6",0.16271906501695,0.0013346979246807,-0.115460155943872
"published:M1/brown","ENSG00000155256.13",7.59043624971763,0.0622603104858299,0.127578197856675
"published:M1/brown","ENSG00000127334.10",23.5588907870569,0.193241047925076,-0.107808073738425
"published:M1/brown","ENSG00000135404.7",24.1936162898775,0.198447363554215,0.124236329481021
"published:M1/brown","ENSG00000197299.6",1.41981271690031,0.011645968384127,-0.114869215288899
"published:M1/brown","ENSG00000206527.5",3.80899644099889,0.0312431714402231,-0.117440465429974
"published:M1/brown","ENSG00000135597.14",11.6847285117248,0.0958436117699661,-0.115105919622687
"published:M1/brown","ENSG00000151503.8",5.86061147887013,0.0480714781478926,-0.109912041837985
"published:M1/brown","ENSG00000163874.8",0.726871359354578,0.00596213906919471,0.119794064663309
"published:M1/brown","ENSG00000150403.13",27.9628961895585,0.22936476133499,0.122605837876544
"published:M1/brown","ENSG00000121966.6",4.11851025822837,0.0337819486232972,-0.121275527443585
"published:M1/brown","ENSG00000186162.6",0.163363944756083,0.0013399875301083,0.128289331835864
"published:M1/brown","ENSG00000072210.14",1.62404112821162,0.013321145393715,-0.109712118300155
"published:M1/brown","ENSG00000116991.6",50.7698683119809,0.41643822047069,0.120152689097396
"published:M1/brown","ENSG00000146463.7",12.7677588503834,0.104727133471761,-0.116035060558805
"published:M1/brown","ENSG00000185989.9",9.41731726326271,0.0772452435492247,-0.116705159700697
"published:M1/brown","ENSG00000170190.11",30.1790033449155,0.247542309373488,0.129569627093763
"published:M1/brown","ENSG00000268734.1",39.863439005396,0.326978583029562,0.117994041648192
"published:M1/brown","ENSG00000115750.12",2.46139148482489,0.0201894849031999,-0.124001058555729
"published:M1/brown","ENSG00000138411.6",36.7897981153078,0.301767141968325,0.120347271265287
"published:M1/brown","ENSG00000069974.11",43.0507765602874,0.353122617346176,0.122440990837177
"published:M1/brown","ENSG00000117593.8",1.58216955171582,0.0129776951271697,-0.107653051743464
"published:M1/brown","ENSG00000179115.6",1.62507457780161,0.0133296222309121,-0.110214956390221
"published:M1/brown","ENSG00000140563.10",65.8472053506736,0.540109595138178,0.120767456933168
"published:M1/brown","ENSG00000109103.7",48.056850828115,0.394184781361013,0.123065612551272
"published:M1/brown","ENSG00000212743.1",18.7098312408774,0.153466792140945,0.117248950479067
"published:M1/brown","ENSG00000033327.8",92.8902319197019,0.76192915534157,0.119567312135057
"published:M1/brown","ENSG00000100485.7",65.598381665026,0.538068626817651,0.120556785401499
"published:M1/brown","ENSG00000102445.14",23.6947835692391,0.1943557041231,0.118513228551672
"published:M1/brown","ENSG00000129187.10",6.77084058718297,0.0555376032864715,-0.113549994472517
"published:M1/brown","ENSG00000188921.12",13.2110819557698,0.108363477059776,0.120055557461741
"published:M1/brown","ENSG00000111229.11",16.5703481831295,0.135917750811533,0.120732377967346
"published:M1/brown","ENSG00000103356.11",7.33751686855473,0.0601857473538792,-0.103945327752851
"published:M1/brown","ENSG00000110315.2",35.6510948981519,0.292426965261884,0.120386992620035
"published:M1/brown","ENSG00000196363.5",1.80494152135089,0.0148049750806158,-0.0935327679258111
"published:M1/brown","ENSG00000256812.1",8.6965906447312,0.0713335065200331,0.118641789252411
"published:M1/brown","ENSG00000154309.7",0.580266887292503,0.00475962057764747,-0.107672607906809
"published:M1/brown","ENSG00000185104.15",16.697294537999,0.136959024225761,-0.115828077969976
"published:M1/brown","ENSG00000179222.13",1.74362283782529,0.0143020105408599,-0.0986648493523711
"published:M1/brown","ENSG00000141994.11",1.72502840281376,0.0141494902825981,-0.103843717323592
"published:M1/brown","ENSG00000144029.7",5.91797023029817,0.0485419614713145,-0.108707664193073
"published:M1/brown","ENSG00000188997.3",8.19188279547912,0.0671936565344359,0.125393924934861
"published:M1/brown","ENSG00000112425.9",0.759362208583642,0.00622864422046649,-0.104423204162963
"published:M1/brown","ENSG00000179299.12",18.1694095187429,0.149034000255678,0.115746483283662
"published:M1/brown","ENSG00000070190.8",17.1420199240987,0.140606869976462,0.12136055896389
"published:M1/brown","ENSG00000213246.2",31.5123940958326,0.258479404346668,0.121200941900889
"published:M1/brown","ENSG00000258890.2",10.2288589569308,0.083901888326638,-0.108856639024479
"published:M1/brown","ENSG00000211772.4",11.9580529845732,0.0980855470136161,-0.109911909691934
"published:M1/brown","ENSG00000273112.1",12.0592419599649,0.0989155463467723,0.113025559578225
"published:M1/brown","ENSG00000267430.1",2.55194758909994,0.0209322684512155,0.114174032642234
"published:M1/brown","ENSG00000111300.5",24.9722894464439,0.204834405207665,-0.112069143155169
"published:M1/brown","ENSG00000147459.13",70.2021495983854,0.575830885995617,0.117927536928218
"published:M1/brown","ENSG00000116473.10",6.61424336714034,0.0542531195993271,0.119704835962984
"published:M1/brown","ENSG00000134996.11",65.7595874003446,0.539390911703899,0.119293514218096
"published:M1/brown","ENSG00000151914.13",0.115357491522404,0.000946216133403206,-0.105684417148818
"published:M1/brown","ENSG00000114904.8",0.191396053829263,0.00156992000790676,-0.104182294608144
"published:M1/brown","ENSG00000140749.7",81.142228586064,0.66556653386931,0.119446665500827
"published:M1/brown","ENSG00000135407.6",12.8378225583612,0.105301828794793,0.117075128646788
"published:M1/brown","ENSG00000167261.9",26.3667725510754,0.216272608257566,0.119312215772558
"published:M1/brown","ENSG00000198721.8",5.51123287716744,0.0452057113456322,-0.108420142758037
"published:M1/brown","ENSG00000171314.8",0.579416964912411,0.00475264911651763,0.108897284785645
"published:M1/brown","ENSG00000128908.11",5.28181691735574,0.0433239342753337,-0.113470914502393
"published:M1/brown","ENSG00000073331.13",59.8457385794749,0.49088275596156,0.116698634066574
"published:M1/brown","ENSG00000129680.11",1.76841140618968,0.01450533797977,-0.113308708316084
"published:M1/brown","ENSG00000149547.10",5.72266529823398,0.0469399790147485,-0.113764819120885
"published:M1/brown","ENSG00000012048.15",10.7143133799495,0.0878838126995602,0.109521283631451
"published:M1/brown","ENSG00000160194.13",0.127839878203188,0.00104860251078418,-0.107004581845648
"published:M1/brown","ENSG00000106608.12",9.75496058940529,0.0800147521291679,-0.105653474614051
"published:M1/brown","ENSG00000135249.3",1.57349409511079,0.0129065349719342,-0.113964537694906
"published:M1/brown","ENSG00000135763.5",7.13132320252619,0.0584944504053506,-0.109517395168531
"published:M1/brown","ENSG00000134574.7",1.60068341655851,0.0131295545111994,-0.103379785818811
"published:M1/brown","ENSG00000140262.13",29.7337441437372,0.243890085021684,-0.11067636186505
"published:M1/brown","ENSG00000012660.9",71.2974481296533,0.584815037154775,0.118856145698507
"published:M1/brown","ENSG00000104375.11",10.3725016813967,0.0850801131782871,0.115089241569711
"published:M1/brown","ENSG00000185187.8",5.0615407783073,0.0415171262924216,-0.106001945198172
"published:M1/brown","ENSG00000085514.11",41.4822478862309,0.340256811081574,0.121683585397728
"published:M1/brown","ENSG00000103769.5",7.11482549600377,0.0583591284954369,0.117741917756848
"published:M1/brown","ENSG00000025039.10",45.4053505273706,0.372435934977677,0.11566589243733
"published:M1/brown","ENSG00000124535.11",2.6525118979059,0.0217571439766881,-0.107171699886451
"published:M1/brown","ENSG00000196954.8",52.8936479650197,0.433858455125398,0.119003623696004
"published:M1/brown","ENSG00000226328.2",0.81888037607627,0.00671684008506867,0.116962023517784
"published:M1/brown","ENSG00000165115.10",25.2411686062179,0.207039877913047,0.111883105997322
"published:M1/brown","ENSG00000129071.5",10.6471489875208,0.0873328989195574,0.119125055044418
"published:M1/brown","ENSG00000196358.6",24.4689041064402,0.200705403061864,0.115019076481099
"published:M1/brown","ENSG00000257433.1",1.29605155066385,0.0106308213777534,0.108903845349089
"published:M1/brown","ENSG00000112679.10",1.08854016426445,0.00892871587004263,0.116129823272666
"published:M1/brown","ENSG00000137824.11",0.77523055983554,0.00635880386390967,-0.096619325146652
"published:M1/brown","ENSG00000163421.4",45.9881596397828,0.377216408075531,0.115288198111393
"published:M1/brown","ENSG00000103472.5",0.71217706815085,0.00584160961573315,0.108568847220037
"published:M1/brown","ENSG00000174021.6",18.6986681457863,0.153375227210618,0.119289361369341
"published:M1/brown","ENSG00000152213.3",63.7012141677023,0.522507171119846,0.1161160092972
"published:M1/brown","ENSG00000101474.7",49.6891222797555,0.407573435719328,0.115121628713907
"published:M1/brown","ENSG00000163964.9",15.7210789504842,0.128951647102734,0.11503792959187
"published:M1/brown","ENSG00000196663.11",83.0359400956224,0.681099641938044,0.115075636435879
"published:M1/brown","ENSG00000187531.9",21.2353715330431,0.174182455583946,0.118463866559362
"published:M1/brown","ENSG00000033011.7",2.12229930302476,0.0174080921310811,-0.107118534336914
"published:M1/brown","ENSG00000169891.13",70.4949441339353,0.57823252380564,0.111652812590578
"published:M1/brown","ENSG00000002330.9",0.540353191301181,0.00443222976329879,0.121473864420363
"published:M1/brown","ENSG00000184162.10",4.22766898463959,0.0346773195842025,-0.104627505390811
"published:M1/brown","ENSG00000106617.9",0.633769640442576,0.00519847519856522,0.109830030632261
"published:M1/brown","ENSG00000104915.10",47.0611392968958,0.386017489383515,0.115214729963131
"published:M1/brown","ENSG00000095787.17",26.4093404030548,0.216621769701489,0.120977245542363
"published:M1/brown","ENSG00000142634.8",54.6399063653966,0.448182083783764,0.116078780938444
"published:M1/brown","ENSG00000256594.3",3.86016041989343,0.0316628423401378,-0.11038714757403
"published:M1/brown","ENSG00000148399.7",3.38384427728881,0.027755874419937,-0.102153519822457
"published:M1/brown","ENSG00000229325.1",2.0962554982412,0.0171944686556033,0.107993873944183
"published:M1/brown","ENSG00000141295.9",1.14115509643493,0.00936028816778071,-0.0944205939597988
"published:M1/brown","ENSG00000165030.3",100.950813336513,0.828045816518407,0.110223130671012
"published:M1/brown","ENSG00000047188.11",5.18027912789375,0.0424910738059261,-0.110897518582066
"published:M1/brown","ENSG00000115211.11",0.753356299322348,0.006179380941907,-0.0907795231353047
"published:M1/brown","ENSG00000109332.15",43.2365247238938,0.354646210715232,0.121506421033302
"published:M1/brown","ENSG00000134686.12",86.7179691325906,0.711301367308967,0.112771062010134
"published:M1/brown","ENSG00000137767.9",32.6982466168856,0.268206321709805,0.114462978920619
"published:M1/brown","ENSG00000136040.4",96.1445454564483,0.788622558006484,0.11275034502251
"published:M1/brown","ENSG00000165792.13",5.26076145537508,0.0431512275220971,-0.102276123073848
"published:M1/brown","ENSG00000065029.10",7.77058879252457,0.0637380059543069,-0.0978095953054139
"published:M1/brown","ENSG00000198818.5",8.48184796821045,0.0695720865864638,0.107324958193083
"published:M1/brown","ENSG00000132781.13",2.30995386503128,0.0189473226720191,-0.102805352968302
"published:M1/brown","ENSG00000165055.11",2.3548356816577,0.0193154643369244,-0.104320543393015
"published:M1/brown","ENSG00000100034.9",25.1695597245462,0.206452508352228,0.110882254792704
"published:M1/brown","ENSG00000100368.9",71.2136481569443,0.58412767055977,0.11247566995319
"published:M1/brown","ENSG00000182022.13",86.7614682156891,0.711658167146351,0.110117619575436
"published:M1/brown","ENSG00000134830.3",83.4449270631634,0.68445434445395,0.11132430691269
"published:M1/brown","ENSG00000125741.4",0.627728653454668,0.00514892419607548,-0.0951798264071128
"published:M1/brown","ENSG00000119535.13",90.1137506362677,0.739155156446428,0.112443546000025
"published:M1/brown","ENSG00000166532.11",3.2592303928238,0.026733733019576,-0.105876389412387
"published:M1/brown","ENSG00000085982.9",1.44473010669696,0.0118503524767137,-0.0931325411851694
"published:M1/brown","ENSG00000117115.8",17.5936651596642,0.144311475571008,0.111484402080053
"published:M1/brown","ENSG00000049245.8",26.4065858348606,0.216599175444007,0.111454061691187
"published:M1/brown","ENSG00000144040.8",14.0312438996779,0.115090829163983,0.117940287950904
"published:M1/brown","ENSG00000052126.10",0.118198293631036,0.000969517721809122,-0.114172583462571
"published:M1/brown","ENSG00000187116.9",12.5755356123654,0.103150428512012,0.108329507519981
"published:M1/brown","ENSG00000129925.6",8.62992572354009,0.0707866896368761,0.118169579428821
"published:M1/brown","ENSG00000160999.8",16.5365909150001,0.13564085789975,0.11320807921112
"published:M1/brown","ENSG00000259962.1",14.7107990561577,0.120664858592957,0.107804980304056
"published:M1/brown","ENSG00000216490.3",0.527932700230059,0.00433035108267575,0.112706491090011
"published:M1/brown","ENSG00000185163.5",1.53830729195349,0.0126179163448219,-0.0875795931174101
"published:M1/brown","ENSG00000163644.10",18.0254203840268,0.147852933985034,-0.102203044784934
"published:M1/brown","ENSG00000205060.6",7.6238241388633,0.0625341735783173,-0.0998909180774571
"published:M1/brown","ENSG00000113303.7",23.0344674613651,0.18893948237477,0.109555443231477
"published:M1/brown","ENSG00000225113.1",2.02146535838275,0.0165810049262902,0.11766517979539
"published:M1/brown","ENSG00000012983.7",5.72489952421256,0.0469583051818548,-0.105060946939755
"published:M1/brown","ENSG00000094841.9",4.42247149033288,0.0362751809045362,-0.098288538926837
"published:M1/brown","ENSG00000198908.7",0.214352391998698,0.00175821863726419,-0.0966568945314275
"published:M1/brown","ENSG00000135838.9",78.1018161064313,0.640627647781707,0.107478592124612
"published:M1/brown","ENSG00000140326.8",0.811667669320431,0.0066576780886711,-0.0798678836049716
"published:M1/brown","ENSG00000143543.10",0.990855556051545,0.00812746099654994,0.11463541164729
"published:M1/brown","ENSG00000169826.6",9.43541442952153,0.0773936849764522,0.109127143465505
"published:M1/brown","ENSG00000148606.8",8.29778275557431,0.0680622975688967,-0.0951494201344171
"published:M1/brown","ENSG00000177479.15",1.19109407489048,0.00976991104078802,-0.094289208975557
"published:M1/brown","ENSG00000106105.9",1.26848326147325,0.0104046933677021,-0.105560086932007
"published:M1/brown","ENSG00000087253.7",37.5698617483153,0.308165588960296,0.108011865389033
"published:M1/brown","ENSG00000139631.14",18.1694089582843,0.149033995658535,0.111906757802986
"published:M1/brown","ENSG00000110448.6",3.52145277453647,0.028884603715891,-0.0994764598041263
"published:M1/brown","ENSG00000214114.4",6.33392856122366,0.0519538463723374,0.0990713220099551
"published:M1/brown","ENSG00000138035.10",0.714800777312284,0.00586313050618545,-0.116104007307216
"published:M1/brown","ENSG00000123992.14",2.89501646714419,0.0237462799470443,-0.0924630209036971
"published:M1/brown","ENSG00000158615.8",22.2232770084703,0.182285718638562,0.118419198967433
"published:M1/brown","ENSG00000112096.12",73.595651682627,0.603665978268087,0.110284177907175
"published:M1/brown","ENSG00000183486.8",39.6104384298482,0.324903353903268,0.109451698156312
"published:M1/brown","ENSG00000172349.12",9.6959907900503,0.07953105423667,0.113148229534219
"published:M1/brown","ENSG00000163466.11",30.1363014564692,0.247192048499734,0.114775405784383
"published:M1/brown","ENSG00000186532.7",6.05238688665932,0.0496445097945185,-0.095727700638411
"published:M1/brown","ENSG00000254087.3",74.9112237680979,0.614456916208045,0.107688060590345
"published:M1/brown","ENSG00000146425.6",14.9756786213111,0.122837524751429,0.107286349355935
"published:M1/brown","ENSG00000198216.6",18.9690549902654,0.155593066651556,0.112877444712818
"published:M1/brown","ENSG00000155957.12",2.42433311734719,0.0198855148296293,0.101480396662611
"published:M1/brown","ENSG00000254826.1",15.2245811913731,0.124879140118841,0.103252677258536
"published:M1/brown","ENSG00000127947.11",13.0931179741088,0.107395881274405,0.106294842711117
"published:M1/brown","ENSG00000142166.8",33.8558678685482,0.277701672989014,0.1121339266708
"published:M1/brown","ENSG00000092036.12",11.5918003233609,0.0950813712781053,0.109141147285527
"published:M1/brown","ENSG00000129351.13",25.907176112859,0.212502783177671,-0.0972328763408507
"published:M1/brown","ENSG00000179456.9",37.1697672601161,0.304883826721679,0.10955366506881
"published:M1/brown","ENSG00000108578.10",6.86676947954756,0.0563244569568917,-0.101521891181291
"published:M1/brown","ENSG00000151466.7",5.23454135441018,0.0429361579828324,0.104149200831631
"published:M1/brown","ENSG00000022277.8",72.3643412730008,0.593566194028333,0.109447159382685
"published:M1/brown","ENSG00000132581.5",18.665050209755,0.153099477165911,0.114601631917889
"published:M1/brown","ENSG00000134453.11",2.81978654870739,0.0231292089480126,-0.100730388485576
"published:M1/brown","ENSG00000154945.6",4.888014202679,0.0400937801077325,-0.092330734796838
"published:M1/brown","ENSG00000112715.16",1.61105222742737,0.013214604350606,0.123046853829135
"published:M1/brown","ENSG00000129282.8",1.87975804282952,0.0154186552043245,-0.0957806026950977
"published:M1/brown","ENSG00000173214.5",1.89849189627023,0.0155723190377909,0.0958808974280649
"published:M1/brown","ENSG00000143226.9",106.421917837472,0.872922376142078,0.108566854632669
"published:M1/brown","ENSG00000138835.18",1.44300142960094,0.0118361730581418,0.109182142535778
"published:M1/brown","ENSG00000186205.8",35.4638445805754,0.290891050522949,0.106895370650562
"published:M1/brown","ENSG00000255163.1",20.6909045831702,0.169716482847581,0.0999568316468471
"published:M1/brown","ENSG00000235272.1",0.907944962345013,0.00744738950435801,0.0988542436654444
"published:M1/brown","ENSG00000152380.5",1.09611979053132,0.00899088751199001,0.106431443226185
"published:M1/brown","ENSG00000184557.3",5.83732125074462,0.0478804407968532,0.106563832634375
"published:M1/brown","ENSG00000134324.7",5.68473160501327,0.0466288291097765,-0.0959729805219264
"published:M1/brown","ENSG00000246263.2",29.8802104972238,0.245091470600035,0.0984020038489131
"published:M1/brown","ENSG00000166166.8",1.9387467911594,0.0159025085251827,-0.088466577779141
"published:M1/brown","ENSG00000217555.8",20.8423463497209,0.170958679092404,0.0995421287168057
"published:M1/brown","ENSG00000107742.8",6.70087816174977,0.054963738730271,-0.101096570425518
"published:M1/brown","ENSG00000123191.9",0.852536108064267,0.00699290014990072,0.105696647342937
"published:M1/brown","ENSG00000113916.13",79.5535086748561,0.652535109627982,0.105476138628214
"published:M1/brown","ENSG00000077238.9",6.09437315423131,0.0499889008109465,0.107938962229011
"published:M1/brown","ENSG00000136156.8",78.6896465871938,0.645449308492797,0.104732006908178
"published:M1/brown","ENSG00000256745.1",13.3862965473983,0.1098006691417,0.103389422557061
"published:M1/brown","ENSG00000125910.4",23.4738263814133,0.19254330985938,0.107780289724533
"published:M1/brown","ENSG00000070669.12",0.982882370773744,0.00806206119940713,-0.0956572591340137
"published:M1/brown","ENSG00000251136.4",0.280688977163607,0.00230234235467116,0.104829826363322
"published:M1/brown","ENSG00000171049.8",46.9739093980035,0.385301988928731,0.104581171006394
"published:M1/brown","ENSG00000229808.1",4.99160312667897,0.0409434649425628,0.105234634740995
"published:M1/brown","ENSG00000163162.4",115.894416672787,0.950620244770552,0.106917958007444
"published:M1/brown","ENSG00000124226.7",4.08548678840935,0.0335110746686772,0.107443063354466
"published:M1/brown","ENSG00000261804.1",4.23165064624105,0.0347099790360971,0.10098177867543
"published:M1/brown","ENSG00000175482.4",0.901239211861018,0.00739238580056041,0.104241229770831
"published:M1/brown","ENSG00000125246.11",1.13065544822496,0.00927416513926979,-0.0945406680265627
"published:M1/brown","ENSG00000119559.11",1.08015014185993,0.00885989697970443,0.10823576494391
"published:M1/brown","ENSG00000111321.6",13.0078612558586,0.106696565770706,0.109854242536413
"published:M1/brown","ENSG00000131373.10",4.95978988119859,0.04068251781436,-0.0946245324453022
"published:M1/brown","ENSG00000178921.9",1.14973572905882,0.00943067053234482,-0.0776640791856573
"published:M1/brown","ENSG00000271461.1",11.0364533794005,0.0905261557383376,0.096257638874441
"published:M1/brown","ENSG00000128594.3",98.7858238696763,0.810287559684511,0.104098142900525
"published:M1/brown","ENSG00000260490.2",1.35953031059842,0.0111515038751433,0.104091925964253
"published:M1/brown","ENSG00000185201.12",49.4735159043622,0.40580493132339,0.102754333766382
"published:M1/brown","ENSG00000090470.10",3.61271136838603,0.0296331494121657,-0.104439763973279
"published:M1/brown","ENSG00000189159.11",55.632783406582,0.456326125947448,0.105980122147917
"published:M1/brown","ENSG00000197563.5",3.65275386083783,0.0299615966753607,-0.0978292604806288
"published:M1/brown","ENSG00000143119.8",43.6120670357005,0.357726584512524,0.10680142607972
"published:M1/brown","ENSG00000143748.13",12.0134247793705,0.0985397323888459,-0.0966207211356453
"published:M1/brown","ENSG00000175197.6",12.4762132258065,0.102335739814036,0.0979554384775727
"published:M1/brown","ENSG00000241170.2",0.368482225999142,0.00302246366934045,0.112898615525636
"published:M1/brown","ENSG00000170871.7",81.9375294911907,0.672089964098329,0.105796425809041
"published:M1/brown","ENSG00000261596.1",5.04622689366532,0.0413915146436064,0.102282366697652
"published:M1/brown","ENSG00000080819.2",1.79906538403193,0.0147567762522613,-0.101769500385057
"published:M1/brown","ENSG00000144655.10",25.0469446682483,0.205446762275956,0.106435697038857
"published:M1/brown","ENSG00000224397.1",22.8914262062473,0.187766191056204,0.107459904765395
"published:M1/brown","ENSG00000169180.7",85.656441585109,0.70259422156383,0.104790487083376
"published:M1/brown","ENSG00000089505.13",8.9315667988902,0.0732608909065695,0.102238894620816
"published:M1/brown","ENSG00000198420.5",0.289944943767254,0.00237826412459722,-0.0995634281600213
"published:M1/brown","ENSG00000185261.9",35.4449890752494,0.290736388843786,0.100838918057835
"published:M1/brown","ENSG00000125124.7",2.72059304235461,0.0223155773858041,-0.0967880572859628
"published:M1/brown","ENSG00000070495.10",1.12450388924361,0.00922370717354154,0.108538254670211
"published:M1/brown","ENSG00000189077.6",70.137899527165,0.575303876842083,0.10939685186113
"published:M1/brown","ENSG00000158793.9",0.633887879916497,0.00519944505406704,0.107469897561741
"published:M1/brown","ENSG00000118680.8",8.73938378036078,0.0716845158458882,0.104974238894426
"published:M1/brown","ENSG00000004478.5",0.867860066242057,0.00711859442657112,-0.0878121078509777
"published:M1/brown","ENSG00000123505.10",28.4597536707322,0.233440218927593,0.107071371334885
"published:M1/brown","ENSG00000148339.8",2.74430112256523,0.0225100421552027,-0.0852120913007248
"published:M1/brown","ENSG00000088298.8",15.8254072990087,0.12980739704357,0.107156586385102
"published:M1/brown","ENSG00000129007.10",0.540636984604966,0.00443455756879326,0.109650960711981
"published:M1/brown","ENSG00000011198.3",86.4958435546065,0.709479389362358,0.101944895094422
"published:M1/brown","ENSG00000156026.10",10.8138924209184,0.0887006065971223,0.109194296558453
"published:M1/brown","ENSG00000171223.4",51.3726111808519,0.421382199568127,0.103681696328492
"published:M1/brown","ENSG00000090621.9",3.52978027125176,0.0289529097412638,-0.0879624543073614
"published:M1/brown","ENSG00000164032.7",5.05769917851595,0.0414856156930432,0.101959829844917
"published:M1/brown","ENSG00000115520.4",19.9651394451541,0.163763417523522,0.101039682562917
"published:M1/brown","ENSG00000155966.9",13.0409021355634,0.106967582529358,0.106843432900563
"published:M1/brown","ENSG00000143622.6",59.5012207062935,0.488056859129479,0.103436052781317
"published:M1/brown","ENSG00000010539.7",18.231882185552,0.149546430306396,0.101969987473942
"published:M1/brown","ENSG00000138614.10",7.80430393579264,0.064014553338263,-0.0962055808923861
"published:M1/brown","ENSG00000176022.3",1.05439834319365,0.00864866867506113,-0.0848624910770421
"published:M1/brown","ENSG00000113108.13",1.89467501674392,0.0155410112055957,-0.0879740742949078
"published:M1/brown","ENSG00000127804.8",9.68154370786041,0.0794125525072351,-0.087990602625464
"published:M1/brown","ENSG00000116133.7",0.101605114078291,0.000833412697418797,-0.0914127727763868
"published:M1/brown","ENSG00000168297.11",15.7001273447901,0.128779792227365,0.102397945220647
"published:M1/brown","ENSG00000151715.3",0.722122179008043,0.00592318406935007,0.0992791284026177
"published:M1/brown","ENSG00000073009.8",3.17629043760614,0.0260534206905285,0.111346883298048
"published:M1/brown","ENSG00000144580.9",4.68826880403596,0.0384553748661242,-0.0903720222355626
"published:M1/brown","ENSG00000105135.11",3.08103759066147,0.0252721122610354,-0.0806086123161299
"published:M1/brown","ENSG00000131669.5",53.4616571162792,0.438517532015415,0.101946427057269
"published:M1/brown","ENSG00000260452.1",20.9328533111941,0.17170105954816,0.101894899439196
"published:M1/brown","ENSG00000108264.12",5.18141854648066,0.0425004198504301,-0.0881443865063535
"published:M1/brown","ENSG00000170502.8",1.05709769933059,0.00867081005740976,-0.091410294316074
"published:M1/brown","ENSG00000182180.9",0.44550185054951,0.00365421467550776,-0.0916378477030337
"published:M1/brown","ENSG00000196155.8",1.81282471911923,0.0148696367580914,-0.0856474239814086
"published:M1/brown","ENSG00000163257.6",10.7004834035355,0.0877703727605084,-0.0928423749060229
"published:M1/brown","ENSG00000249286.1",0.0626059001955637,0.00051352289330744,0.0962517394629657
"published:M1/brown","ENSG00000177156.6",57.4078101824009,0.470885726284946,0.0989427662055654
"published:M1/brown","ENSG00000232742.2",0.710917097358209,0.00583127474561869,0.099345902020083
"published:M1/brown","ENSG00000196839.8",1.42268737146983,0.0116695476462602,-0.0965991764763637
"published:M1/brown","ENSG00000148450.8",6.24456203326407,0.0512208202859894,0.101346112998948
"published:M1/brown","ENSG00000133063.11",2.43882619104704,0.0200043938029532,0.103489592191559
"published:M1/brown","ENSG00000223891.1",0.531560788891044,0.00436011036383847,0.0977287868456622
"published:M1/brown","ENSG00000188483.6",0.214047498017268,0.00175571775413645,0.107702358321615
"published:M1/brown","ENSG00000107164.15",5.71117573167081,0.0468457362126175,-0.0846926025812161
"published:M1/brown","ENSG00000181409.7",43.2635086497314,0.354867545503576,0.10423934853691
"published:M1/brown","ENSG00000139625.8",0.849901010778953,0.00697128584872664,-0.0722471976236572
"published:M1/brown","ENSG00000103490.13",36.1777999352339,0.296747246476867,0.102563133091448
"published:M1/brown","ENSG00000101608.8",4.56603882895508,0.0374527874062145,0.104659552500601
"published:M1/brown","ENSG00000105948.9",1.95080830626525,0.0160014427169359,0.0954899120344932
"published:M1/brown","ENSG00000117410.9",70.7926773847232,0.580674671269391,0.100033975153225
"published:M1/brown","ENSG00000180891.8",8.51515813093129,0.0698453121304383,0.110150811813579
"published:M1/brown","ENSG00000215114.3",82.8227371452807,0.679350851559194,0.0992257248519741
"published:M1/brown","ENSG00000204859.7",4.0638496176344,0.033333596467667,0.105774763744982
"published:M1/brown","ENSG00000165802.15",1.11541477904603,0.00914915403794779,-0.082476926326571
"published:M1/brown","ENSG00000126001.11",7.54010809332421,0.0618474953932388,-0.0891943877726393
"published:M1/brown","ENSG00000125170.6",3.81035826161129,0.0312543417302255,0.0993819821771032
"published:M1/brown","ENSG00000108294.4",25.7422848182383,0.211150267609165,0.101336731919433
"published:M1/brown","ENSG00000241685.4",8.27594962718159,0.0678832120317962,0.104493169681365
"published:M1/brown","ENSG00000169087.6",8.56171455953211,0.0702271897464852,-0.0934542706904041
"published:M1/brown","ENSG00000244045.6",0.215532822124821,0.0017679010776064,0.0965250769760316
"published:M1/brown","ENSG00000115561.10",52.4101927888303,0.429892929510628,0.0990520492589938
"published:M1/brown","ENSG00000241553.8",44.6710174058275,0.366412591042866,0.102883537111107
"published:M1/brown","ENSG00000182247.5",0.0972286070250217,0.000797514538338661,-0.0803015979771868
"published:M1/brown","ENSG00000005075.11",2.04142394355096,0.0167447145825667,0.101378352952578
"published:M1/brown","ENSG00000118508.4",15.3298628239591,0.125742709341691,0.099793651842572
"published:M1/brown","ENSG00000115073.6",3.96375863266158,0.0325126033657919,-0.0870932985175111
"published:M1/brown","ENSG00000119977.16",1.87539555056597,0.0153828720011086,-0.0978536998780156
"published:M1/brown","ENSG00000083720.8",17.9906752573453,0.147567938195084,-0.102031853904489
"published:M1/brown","ENSG00000140332.11",60.4599042113022,0.495920429906679,0.0993165119053206
"published:M1/brown","ENSG00000166881.5",2.14848535533091,0.0176228823873116,-0.0980604115434258
"published:M1/brown","ENSG00000211801.3",0.138025114758009,0.00113214658775319,-0.0976986922670845
"published:M1/brown","ENSG00000138002.10",0.808752419119937,0.00663376584217363,-0.0781916156494328
"published:M1/brown","ENSG00000167112.7",2.46472044007539,0.0202167905521338,-0.0890180492701275
"published:M1/brown","ENSG00000138758.7",0.554295858338403,0.00454659404358246,0.0982186414551274
"published:M1/brown","ENSG00000122335.9",0.0747438584032836,0.000613084107157933,0.104233723018815
"published:M1/brown","ENSG00000108296.7",18.9406257586678,0.155359876788957,0.101276184652384
"published:M1/brown","ENSG00000011422.7",64.714542369935,0.530818963277695,0.098593611581623
"published:M1/brown","ENSG00000135720.8",1.08751451615943,0.00892030302427637,0.102651569452438
"published:M1/brown","ENSG00000103569.5",114.563067914689,0.939699899178137,0.0987522902202965
"published:M1/brown","ENSG00000018280.12",59.7475093977048,0.490077034240888,0.0968856652662232
"published:M1/brown","ENSG00000122729.14",0.724710243396793,0.00594441258469488,-0.0803046388221166
"published:M1/brown","ENSG00000181804.10",1.1823918452127,0.00969853128027976,-0.092912273237824
"published:M1/brown","ENSG00000072849.6",1.13834330329598,0.00933722452452053,0.10006933487391
"published:M1/brown","ENSG00000197146.2",2.30659018400078,0.0189197321859858,0.0991685315404229
"published:M1/brown","ENSG00000184602.5",29.6282365783824,0.243024662592527,0.0982195581856856
"published:M1/brown","ENSG00000129562.6",0.826365780272871,0.00677823887349926,0.102798910464232
"published:M1/brown","ENSG00000169991.6",4.96079652515277,0.0406907747791871,-0.088670439170379
"published:M1/brown","ENSG00000141560.10",0.384872591551764,0.0031569051183837,-0.0823873651395978
"published:M1/brown","ENSG00000075426.7",54.7835393564287,0.449360228797234,0.0964801471086784
"published:M1/brown","ENSG00000136279.14",32.3341338751391,0.265219698595248,0.0999259546268218
"published:M1/brown","ENSG00000005469.7",4.97596887777181,0.0408152255161124,-0.103281401209202
"published:M1/brown","ENSG00000078246.11",0.0568555875696446,0.000466356137971918,-0.087222057404976
"published:M1/brown","ENSG00000116701.10",96.8320463014967,0.794261761691723,0.0968123012738621
"published:M1/brown","ENSG00000241878.5",40.0548129537337,0.328548321717882,0.0980670746507194
"published:M1/brown","ENSG00000008517.12",0.400793612960297,0.00328749678710152,-0.0816359052634553
"published:M1/brown","ENSG00000106628.6",0.813793315853954,0.00667511363635325,-0.0795600316742578
"published:M1/brown","ENSG00000185442.8",3.98338776300023,0.0326736106793698,0.0978847270572385
"published:M1/brown","ENSG00000116221.11",0.771030684483977,0.00632435452071153,-0.0868624137838186
"published:M1/brown","ENSG00000114626.13",50.6269951938661,0.415266308290512,0.0947704723885106
"published:M1/brown","ENSG00000183255.7",44.8921363917848,0.368226312450582,0.0991690652401541
"published:M1/brown","ENSG00000229419.1",8.43323268056585,0.0691733212449824,-0.105765266123129
"published:M1/brown","ENSG00000270120.1",0.999174529542784,0.00819569711045013,0.094992144653173
"published:M1/brown","ENSG00000088876.7",1.40123538290695,0.0114935883964196,-0.087337804512897
"published:M1/brown","ENSG00000196470.7",5.30894823827736,0.0435464780671393,0.0927496819316734
"published:M1/brown","ENSG00000115661.9",0.501691390825043,0.0041151075818596,0.0990455032674851
"published:M1/brown","ENSG00000110851.7",0.148200459363196,0.00121560952632182,-0.08767321237675
"published:M1/brown","ENSG00000188897.4",19.998046943704,0.164033340227517,0.0974038381152353
"published:M1/brown","ENSG00000066027.7",10.6450001196898,0.087315272899926,0.098346114749362
"published:M1/brown","ENSG00000117385.11",1.02041515959237,0.00836992269884779,-0.0781969740703549
"published:M1/brown","ENSG00000108773.6",2.91775327494168,0.0239327778855496,-0.0664676385014755
"published:M1/brown","ENSG00000168792.4",1.23611454706948,0.0101391900234272,-0.0846724592713979
"published:M1/brown","ENSG00000270959.1",1.30773535542658,0.0107266574125018,0.0933194860903604
"published:M1/brown","ENSG00000235453.3",3.1981771084531,0.0262329454078968,0.08732560279624
"published:M1/brown","ENSG00000179409.6",4.03092301488989,0.0330635170621264,-0.0884205516919875
"published:M1/brown","ENSG00000130703.11",82.1748381057333,0.674036480416536,0.0958940642197505
"published:M1/brown","ENSG00000168575.5",4.64000365461239,0.0380594815221984,-0.0768647624728114
"published:M1/brown","ENSG00000127507.13",7.77650487364067,0.0637865324203795,0.0958910192628667
"published:M1/brown","ENSG00000133895.10",1.97074834548281,0.0161650002506457,-0.0774198672618148
"published:M1/brown","ENSG00000164038.10",1.54002224993207,0.0126319832327719,-0.0846730321310922
"published:M1/brown","ENSG00000115306.11",6.95210688461948,0.0570244342916635,-0.0890839771583342
"published:M1/brown","ENSG00000263766.1",4.07120101212855,0.0333938960458007,0.0936556784864014
"published:M1/brown","ENSG00000123607.10",7.82619529084204,0.0641941164776519,-0.0952346163549909
"published:M1/brown","ENSG00000198690.5",3.52468998799534,0.0289111568557143,-0.0926076898334035
"published:M1/brown","ENSG00000112144.11",0.956873744482786,0.00784872627438946,-0.0813002065448585
"published:M1/brown","ENSG00000121067.13",7.37160636076994,0.060465365323097,0.101486826696279
"published:M1/brown","ENSG00000247626.3",6.73104525093045,0.0552111833140935,-0.0922339430889324
"published:M1/brown","ENSG00000196352.9",21.20853830158,0.173962356861387,0.0941888388443943
"published:M1/brown","ENSG00000188305.4",20.494782314074,0.16810779621016,0.0949662310074523
"published:M1/brown","ENSG00000160285.10",1.82766556786339,0.0149913683450893,-0.0826049376883625
"published:M1/brown","ENSG00000158869.6",3.75266968979839,0.0307811530656492,0.0939427728954401
"published:M1/brown","ENSG00000105501.7",26.5409497393875,0.217701291071978,0.0976175155883186
"published:M1/brown","ENSG00000178234.8",1.72823238132461,0.0141757708138236,-0.0820636368144613
"published:M1/brown","ENSG00000145375.7",23.327877223113,0.191346166557998,-0.0937735838123425
"published:M1/brown","ENSG00000176903.3",0.976361035435884,0.00800857015494543,-0.0778469382919819
"published:M1/brown","ENSG00000124571.13",5.71780137941331,0.0469000828762408,-0.0774928076389946
"published:M1/brown","ENSG00000173614.9",12.3088095009897,0.100962616117231,0.0963931548913482
"published:M1/brown","ENSG00000158773.10",21.2583405523032,0.174370858229544,0.096434882598357
"published:M1/brown","ENSG00000111802.9",43.921441494284,0.360264218610763,0.0939255083236019
"published:M1/brown","ENSG00000082014.12",0.865053961735066,0.00709557744413254,-0.07054000287582
"published:M1/brown","ENSG00000186767.5",0.682874753997166,0.00560125832140147,-0.0836523812843
"published:M1/brown","ENSG00000176978.9",3.4598512860352,0.0283793194773704,-0.0801144825298286
"published:M1/brown","ENSG00000117616.13",8.9219548739521,0.0731820493997938,0.100097822784373
"published:M1/brown","ENSG00000265996.1",3.10629316937557,0.0254792703373973,0.0861326866669627
"published:M1/brown","ENSG00000183019.3",3.02447968512409,0.0248081978504089,0.0951502098032611
"published:M1/brown","ENSG00000087157.14",34.9106308838366,0.286353332875265,0.0964138367453189
"published:M1/brown","ENSG00000163348.3",0.93000809021536,0.00762836160481501,0.0982575005251166
"published:M1/brown","ENSG00000167676.3",40.3495789204526,0.330966130128993,0.087632913384297
"published:M1/brown","ENSG00000211746.3",0.670281611174528,0.00549796347031053,-0.0890458982036458
"published:M1/brown","ENSG00000171051.4",76.7639001898313,0.629653435281793,0.0933700292527109
"published:M1/brown","ENSG00000109046.10",7.40672691738219,0.0607534405650431,0.096141528167036
"published:M1/brown","ENSG00000119048.3",27.7327921770323,0.227477340534315,0.0945663353380697
"published:M1/brown","ENSG00000122707.7",3.18481724107021,0.0261233615231314,-0.0756676389853872
"published:M1/brown","ENSG00000166557.8",0.50360188233516,0.00413077832734605,-0.0852532518858791
"published:M1/brown","ENSG00000141380.9",15.1099613126258,0.123938974230626,-0.0888374226801819
"published:M1/brown","ENSG00000186481.11",0.218688860168799,0.00179378837868616,-0.0879148065918883
"published:M1/brown","ENSG00000258741.2",0.0160557907745595,0.000131697110130763,0.0886636195020833
"published:M1/brown","ENSG00000214193.5",1.98747463457957,0.016302197101812,0.0995689056693012
"published:M1/brown","ENSG00000197021.4",0.139552268839245,0.00114467302024394,-0.0755926921892257
"published:M1/brown","ENSG00000243544.2",4.61798541249365,0.0378788775956828,0.0845018701618788
"published:M1/brown","ENSG00000160961.7",3.48349895967011,0.0285732887637644,0.0951225167057284
"published:M1/brown","ENSG00000078804.8",7.18178039598379,0.0589083239203321,0.0985241843292666
"published:M1/brown","ENSG00000172216.4",63.7935468923623,0.523264527339727,0.0939874558703087
"published:M1/brown","ENSG00000121297.6",10.7460367617137,0.0881440227235065,0.100643403223794
"published:M1/brown","ENSG00000223496.1",0.844944223390286,0.00693062795876121,-0.0967378773612451
"published:M1/brown","ENSG00000164828.13",17.2338793556226,0.141360344024536,-0.0800106765948981
"published:M1/brown","ENSG00000107951.8",1.73328421076251,0.014217208283157,-0.0849935801183156
"published:M1/brown","ENSG00000163393.8",37.9664757439084,0.311418802569668,0.0885904430523313
"published:M1/brown","ENSG00000138764.9",28.565475377306,0.234307397843248,0.0924713690153247
"published:M1/brown","ENSG00000027001.7",2.65752580480386,0.0217982703876011,-0.0875535037712871
"published:M1/brown","ENSG00000168758.6",4.24527000021531,0.034821691351326,-0.0781933115521782
"published:M1/brown","ENSG00000257027.1",1.82317517122432,0.0149545360103254,-0.0887905919330231
"published:M1/brown","ENSG00000162521.14",11.2900839293758,0.0926065522097186,-0.085043574414449
"published:M1/brown","ENSG00000100365.10",93.215333585449,0.764595791353383,0.0907859520343793
"published:M1/brown","ENSG00000107443.11",0.304696547179526,0.00249926367961569,-0.0689724606379817
"published:M1/brown","ENSG00000153310.14",78.9348703783181,0.647460748793673,0.0926438641212075
"published:M1/brown","ENSG00000119723.11",2.73085424077937,0.0223997445375809,-0.0722711588580562
"published:M1/brown","ENSG00000197362.9",2.11371107113308,0.0173376474337661,-0.0844398309463823
"published:M1/brown","ENSG00000170852.6",46.5422050513541,0.381760947837519,0.0942042381608619
"published:M1/brown","ENSG00000165819.7",15.8792158863205,0.130248760259414,-0.0835831910998587
"published:M1/brown","ENSG00000153575.6",5.14865436911827,0.0422316727338897,-0.0893083769255204
"published:M1/brown","ENSG00000185670.7",0.193157760137165,0.00158437034753236,-0.0799596813781703
"published:M1/brown","ENSG00000141480.13",66.1758167851103,0.542805019915375,0.0928562807697121
"published:M1/brown","ENSG00000230257.1",14.3268152415092,0.117515243638686,0.0844375869550173
"published:M1/brown","ENSG00000011295.11",17.1547410369473,0.140711214497596,-0.0863096501757212
"published:M1/brown","ENSG00000151690.10",5.90466200267531,0.0484328011600286,-0.0779708494151795
"published:M1/brown","ENSG00000130731.11",0.628115108607562,0.00515209408210264,-0.0753264575315614
"published:M1/brown","ENSG00000127954.8",51.4764894500352,0.422234257747566,0.0881059267113496
"published:M1/brown","ENSG00000100554.7",6.24678184718091,0.0512390282386204,0.090895119143101
"published:M1/brown","ENSG00000128383.8",54.2861098451011,0.445280079145595,0.0872401664260205
"published:M1/brown","ENSG00000253981.1",35.5250198297204,0.291392838546788,0.0909541166625916
"published:M1/brown","ENSG00000255398.2",33.0011405388618,0.270690799413864,0.0870548460014487
"published:M1/brown","ENSG00000213347.6",43.3562178149893,0.355627989465417,0.0880518954440146
"published:M1/brown","ENSG00000251333.3",31.1294056121365,0.255337953562689,0.0919492419365393
"published:M1/brown","ENSG00000169239.8",7.23750578743195,0.0593654096607776,-0.0855993796508015
"published:M1/brown","ENSG00000175182.9",8.68771641903453,0.0712607159676828,0.102146055770826
"published:M1/brown","ENSG00000011523.9",6.91694567895809,0.0567360256271925,-0.0811122576137183
"published:M1/brown","ENSG00000161813.16",10.8421789759278,0.0889326261595724,-0.0868963265972976
"published:M1/brown","ENSG00000103544.10",0.931637642950725,0.00764172795899006,-0.0826594654836148
"published:M1/brown","ENSG00000271605.1",0.111021359967519,0.000910649153056776,0.085415355614074
"published:M1/brown","ENSG00000167207.7",1.70423151467582,0.0139789044730334,0.088598342199831
"published:M1/brown","ENSG00000168280.12",0.736282738938703,0.00603933560912078,-0.0819312058475272
"published:M1/brown","ENSG00000116514.12",45.6946050513952,0.374808535956425,0.0859502245776248
"published:M1/brown","ENSG00000226091.3",0.936979416786855,0.00768554368797335,0.0910991270908845
"published:M1/brown","ENSG00000047230.10",1.185130173076,0.00972099232696694,-0.0734840867303483
"published:M1/brown","ENSG00000081026.14",0.441739317203491,0.00362335261611755,-0.081996545163428
"published:M1/brown","ENSG00000101391.16",5.5998873088089,0.045932896484714,-0.0807847157876574
"published:M1/brown","ENSG00000160593.13",81.870714083501,0.671541912854482,0.0898243691601619
"published:M1/brown","ENSG00000182487.8",18.2188829623266,0.149439804593793,0.085970331523472
"published:M1/brown","ENSG00000115271.6",85.137650697892,0.698338855909906,0.0875227294452425
"published:M1/brown","ENSG00000167130.13",0.31815220970708,0.00260963332099029,-0.0798633567160479
"published:M1/brown","ENSG00000132591.7",0.459756317416509,0.00377113648391928,-0.0745566498171459
"published:M1/brown","ENSG00000137806.4",0.307149636203065,0.00251938506384582,-0.0816163791889894
"published:M1/brown","ENSG00000162739.9",4.66966980087429,0.038302817137757,-0.0806360720005965
"published:M1/brown","ENSG00000169228.9",8.79047058361852,0.0721035537151113,0.0919582357651325
"published:M1/brown","ENSG00000113742.8",46.0285858003287,0.377548002363992,0.0854498551179361
"published:M1/brown","ENSG00000182197.6",1.96818578259945,0.0161439809105829,0.0936900434013079
"published:M1/brown","ENSG00000077721.11",2.93592958907264,0.0240818685206661,0.0774596191225975
"published:M1/brown","ENSG00000146859.6",60.9172680814605,0.499671942418508,0.0868374522019051
"published:M1/brown","ENSG00000211747.3",2.07616067935487,0.0170296415466126,-0.0769094841683179
"published:M1/brown","ENSG00000136280.11",16.1820914970986,0.132733087766457,0.0909952467671484
"published:M1/brown","ENSG00000147130.10",3.31268587512368,0.0271721999028575,-0.0597079252398843
"published:M1/brown","ENSG00000177674.11",23.6144517400301,0.193696784864192,0.0887467052700023
"published:M1/brown","ENSG00000235546.2",7.644870428189,0.0627068050931451,0.0886547917409241
"published:M1/brown","ENSG00000126267.4",0.701500820132139,0.00575403803294126,0.090080475536553
"published:M1/brown","ENSG00000070882.8",6.85149583623081,0.0561991753862592,-0.080836760746449
"published:M1/brown","ENSG00000127463.9",5.28492846106731,0.0433494566130755,-0.0516750153444636
"published:M1/brown","ENSG00000158089.10",4.70957599694871,0.0386301464342773,-0.0807178594516826
"published:M1/brown","ENSG00000214106.3",0.578852456437296,0.00474801875381169,-0.0905752857257588
"published:M1/brown","ENSG00000147124.8",4.36003112841302,0.0357630158336388,-0.076933804002786
"published:M1/brown","ENSG00000144445.11",4.88187166388787,0.040043396129826,0.0815659712634868
"published:M1/brown","ENSG00000107864.10",0.444040384605206,0.00364222704785853,-0.0676864318868379
"published:M1/brown","ENSG00000174132.8",23.033497245399,0.188931524209349,0.0812091203537307
"published:M1/brown","ENSG00000266613.1",1.15854884394671,0.00950295982524125,0.0859890135844536
"published:M1/brown","ENSG00000135446.12",1.41972095157369,0.0116452156819714,-0.0711613314270802
"published:M1/brown","ENSG00000042832.7",7.86217685104207,0.0644892540739794,0.0930290910037139
"published:M1/brown","ENSG00000134215.11",14.6529264409643,0.12019016031844,0.0839350692624007
"published:M1/brown","ENSG00000233461.1",18.4343303642862,0.151207005015228,0.0860846527172184
"published:M1/brown","ENSG00000188404.4",27.13442586844,0.222569260032538,0.0840672236164815
"published:M1/brown","ENSG00000163739.4",7.55021256973074,0.0619303770376753,-0.0818084770372802
"published:M1/brown","ENSG00000119401.10",7.75180356597888,0.0635839207345905,-0.0877163211304469
"published:M1/brown","ENSG00000159388.5",5.64040500821698,0.0462652416177638,0.0878887601479946
"published:M1/brown","ENSG00000100938.13",45.3504686376442,0.371985768033116,0.0900843078364688
"published:M1/brown","ENSG00000168675.14",1.06528976904232,0.00873800524711872,-0.0726061855751884
"published:M1/brown","ENSG00000097033.10",51.4124674032529,0.421709118957189,0.0870149740812301
"published:M1/brown","ENSG00000005156.7",5.75395353960762,0.047196619813563,-0.0680573358222488
"published:M1/brown","ENSG00000133422.8",7.78356155797894,0.0638444146478888,-0.070637707615716
"published:M1/brown","ENSG00000185650.8",6.16890516470556,0.0506002472422446,0.0817439960343748
"published:M1/brown","ENSG00000141127.10",1.16065561156952,0.0095202405192623,-0.0746376187642004
"published:M1/brown","ENSG00000178996.8",16.2875019071426,0.133597713282286,-0.0770453546331037
"published:M1/brown","ENSG00000168916.11",0.343443347382621,0.00281708306859572,-0.0779345499570681
"published:M1/brown","ENSG00000267174.1",5.49099588324749,0.0450397180504771,0.0851061898649554
"published:M1/brown","ENSG00000144560.9",1.75090636697553,0.0143617534556816,-0.0811250379247449
"published:M1/brown","ENSG00000116106.7",0.547543153619659,0.00449120519917661,-0.0828028652961417
"published:M1/brown","ENSG00000117298.10",34.5296057549125,0.283227986445987,0.0840167183994488
"published:M1/brown","ENSG00000157557.7",53.4791690750289,0.438661173296773,0.083609776982565
"published:M1/brown","ENSG00000115590.9",67.1421891280347,0.550731658139578,0.0815123517089645
"published:M1/brown","ENSG00000162702.7",32.8467416836462,0.269424347743879,0.0830639095862182
"published:M1/brown","ENSG00000148297.11",1.37012372205721,0.0112383959937027,0.0880201924034111
"published:M1/brown","ENSG00000157800.13",15.6168020067157,0.128096318807765,0.0845704215235085
"published:M1/brown","ENSG00000115085.9",8.58854030109316,0.0704472270333626,-0.0795920795030741
"published:M1/brown","ENSG00000197429.6",0.100476609936177,0.000824156178299066,-0.0787673518542368
"published:M1/brown","ENSG00000219507.4",2.78610804448881,0.0228529620946879,0.0852492010503144
"published:M1/brown","ENSG00000170873.14",1.48434340978181,0.012175279327858,-0.0747644865675096
"published:M1/brown","ENSG00000058799.9",43.426701623913,0.356206130653017,0.0866310415731811
"published:M1/brown","ENSG00000114739.9",1.23318907455766,0.0101151939287481,-0.073071740258445
"published:M1/brown","ENSG00000161921.10",19.4458343074125,0.159503833746123,0.0854442189251134
"published:M1/brown","ENSG00000136717.10",6.49277468234889,0.0532567765986594,-0.0743099265107359
"published:M1/brown","ENSG00000198276.9",2.04694991552397,0.0167900411908745,-0.0694587777925356
"published:M1/brown","ENSG00000156232.6",1.44799316903882,0.0118771176411726,0.0770034364542918
"published:M1/brown","ENSG00000196872.6",2.27175491075272,0.018633996971707,0.0780028545612148
"published:M1/brown","ENSG00000132768.9",2.42486421865906,0.0198898711711476,-0.0674284029491481
"published:M1/brown","ENSG00000148572.10",86.9907508845179,0.713538850901626,0.0801518823169062
"published:M1/brown","ENSG00000136869.13",72.7567981089614,0.596785308668826,0.081939293868863
"published:M1/brown","ENSG00000214812.3",4.97581015460611,0.040813923594424,0.0775118192771349
"published:M1/brown","ENSG00000136891.9",17.7893241988569,0.145916362579966,-0.0771370099023339
"published:M1/brown","ENSG00000124107.5",2.24868145606261,0.0184447376978358,0.0766727823021749
"published:M1/brown","ENSG00000103047.3",21.8188612671416,0.178968511459406,-0.0731779387765631
"published:M1/brown","ENSG00000165071.10",59.3964940458189,0.487197842047616,0.0827477203355195
"published:M1/brown","ENSG00000157551.13",62.5918932166735,0.51340800151124,0.0797489235821005
"published:M1/brown","ENSG00000111581.5",8.09610580507547,0.0664080488349902,-0.0844127060771396
"published:M1/brown","ENSG00000267940.1",0.531248022412099,0.00435754490680174,0.0943526677361535
"published:M1/brown","ENSG00000188375.3",50.4289310910176,0.413641693823867,0.0846125245759961
"published:M1/brown","ENSG00000214293.4",5.10223091469885,0.0418508858343112,0.082490186543873
"published:M1/brown","ENSG00000090487.6",30.6192547254286,0.251153457236508,0.0829779265673127
"published:M1/brown","ENSG00000134909.14",0.364947967934374,0.00299347403064113,-0.0698672749776185
"published:M1/brown","ENSG00000266405.2",0.328699262842086,0.00269614518688211,0.0692441947219301
"published:M1/brown","ENSG00000096063.10",42.8808005792961,0.351728394800397,0.0807887990751452
"published:M1/brown","ENSG00000169299.9",19.4210303461047,0.159300380047086,0.0807848504097585
"published:M1/brown","ENSG00000148288.7",1.65252823362646,0.0135548099644485,0.0853818442868427
"published:M1/brown","ENSG00000128918.10",9.30545968381832,0.0763277353326634,0.0891512106561295
"published:M1/brown","ENSG00000264868.1",43.0332564448091,0.352978909159513,0.0797338468329952
"published:M1/brown","ENSG00000119953.8",4.10204907159742,0.0336469262666248,0.0695232716871255
"published:M1/brown","ENSG00000144036.10",11.0265483686363,0.0904449102044507,-0.0719200921087221
"published:M1/brown","ENSG00000077380.11",4.5772115321418,0.0375444311466381,-0.0682953125830788
"published:M1/brown","ENSG00000140718.14",7.50381978606066,0.0615498417139371,-0.0683693813241827
"published:M1/brown","ENSG00000163950.8",0.817562701916915,0.00670603190493494,-0.0760474568837125
"published:M1/brown","ENSG00000104814.8",5.6577131693179,0.0464072112554276,-0.056761379204509
"published:M1/brown","ENSG00000011600.7",62.0862537550579,0.509260510005038,0.0812767405926937
"published:M1/brown","ENSG00000269220.1",3.46554373059998,0.0284260115717858,0.0783191599320647
"published:M1/brown","ENSG00000064115.6",0.164567157516066,0.00134985684427583,-0.0694447330834429
"published:M1/brown","ENSG00000119004.10",7.27722471679278,0.0596912029080712,-0.0792017944754082
"published:M1/brown","ENSG00000120685.15",2.71234614481123,0.0222479324725602,-0.0704305846401694
"published:M1/brown","ENSG00000120656.7",14.9999428239868,0.123036551097555,0.083182509330558
"published:M1/brown","ENSG00000140743.3",3.79821790440744,0.031154760838686,-0.0758476794920228
"published:M1/brown","ENSG00000074582.8",1.83242227359179,0.0150303850716379,-0.0732812464082672
"published:M1/brown","ENSG00000138796.11",1.68868238421489,0.0138513632279148,-0.0660057442093324
"published:M1/brown","ENSG00000142867.8",23.0544529242583,0.189103412494726,0.0806993032312294
"published:M1/brown","ENSG00000173334.3",62.5591682852091,0.513139576307922,0.0803502994728864
"published:M1/brown","ENSG00000181852.13",6.56203291840488,0.0538248650640235,0.0862319338564776
"published:M1/brown","ENSG00000111729.8",9.04497682912741,0.074191133051089,0.0762406320889664
"published:M1/brown","ENSG00000214212.4",25.1553816342288,0.206336213020021,0.0828695384570088
"published:M1/brown","ENSG00000126457.16",2.76320169673631,0.0226650735101259,-0.0708426329916271
"published:M1/brown","ENSG00000138375.8",2.38439270813994,0.0195579049009817,-0.0667166702579342
"published:M1/brown","ENSG00000018699.7",14.2814670925897,0.117143276898067,-0.0828487247986977
"published:M1/brown","ENSG00000041802.6",2.51128325619287,0.0205987205615818,-0.0749049512481633
"published:M1/brown","ENSG00000122862.4",35.3942570288793,0.290320260856584,0.0820335492902614
"published:M1/brown","ENSG00000144566.6",21.7122685907713,0.178094188441862,0.0769350454697427
"published:M1/brown","ENSG00000085063.10",6.98689784699918,0.0573098060474624,0.0798639761407645
"published:M1/brown","ENSG00000251192.3",2.66736899155244,0.0218790088119781,-0.0680328668271707
"published:M1/brown","ENSG00000006652.9",64.7672456768854,0.531251260466738,0.080491820953058
"published:M1/brown","ENSG00000150637.4",0.949748502148068,0.00779028170210775,-0.075210810422909
"published:M1/brown","ENSG00000126062.3",1.28904854282895,0.0105733794300457,0.0833100968331571
"published:M1/brown","ENSG00000124356.11",0.970984986003894,0.00796447328148373,0.0809198506312224
"published:M1/brown","ENSG00000236349.1",1.05562219504525,0.00865870728071728,-0.0727591275383047
"published:M1/brown","ENSG00000108861.4",0.542525662663124,0.00445004939013792,-0.0740144219458478
"published:M1/brown","ENSG00000143013.8",0.48657835131087,0.00399114335877927,0.0713521164180039
"published:M1/brown","ENSG00000183688.4",8.9730070949184,0.0736008036088777,0.0780562093922715
"published:M1/brown","ENSG00000225022.1",5.02269881277671,0.0411985263128875,0.0832205302435669
"published:M1/brown","ENSG00000138363.10",4.84615054579554,0.0397503948015542,-0.0691535648479567
"published:M1/brown","ENSG00000184897.4",1.61101839507423,0.0132143268418118,-0.0637517599193173
"published:M1/brown","ENSG00000173960.8",1.62544787156501,0.013332684161063,-0.0810061192099645
"published:M1/brown","ENSG00000108039.13",1.25606049160689,0.0103027959953341,-0.0709790650429091
"published:M1/brown","ENSG00000141556.16",4.04198731688097,0.0331542716452111,-0.0627210758735229
"published:M1/brown","ENSG00000198380.8",2.85696491741172,0.0234341633278053,-0.0753133366806605
"published:M1/brown","ENSG00000104228.8",5.56213015180549,0.0456231946124162,-0.0659425816706816
"published:M1/brown","ENSG00000163935.9",7.08641829145716,0.0581261193090186,-0.07220464458712
"published:M1/brown","ENSG00000116455.9",5.26153297944319,0.0431575559235812,-0.0605345404593116
"published:M1/brown","ENSG00000142046.10",22.7159358054862,0.186326736658695,-0.06691851491934
"published:M1/brown","ENSG00000131269.11",5.58695210080299,0.0458267958549015,-0.0774508056268343
"published:M1/brown","ENSG00000159339.9",27.0303113104967,0.221715263702106,0.075952450448358
"published:M1/brown","ENSG00000173535.9",91.4144423434686,0.749824038559717,0.0780367428069816
"published:M1/brown","ENSG00000105700.6",0.531748981307824,0.00436165400611598,0.0812192552560283
"published:M1/brown","ENSG00000124181.10",19.8701449340739,0.162984228085692,-0.0682018457765761
"published:M1/brown","ENSG00000151327.8",4.18355581638599,0.0343154827329827,0.0718575694138716
"published:M1/brown","ENSG00000009790.10",12.3974383439629,0.10168959136608,-0.0682878951029038
"published:M1/brown","ENSG00000196715.5",0.109347127623473,0.000896916315821023,-0.0846116876151665
"published:M1/brown","ENSG00000174652.13",0.205628559236759,0.00168666167814936,-0.0737686395319147
"published:M1/brown","ENSG00000116741.6",52.0583517908118,0.427006964981371,0.0772099748216223
"published:M1/brown","ENSG00000100445.12",5.71710533508008,0.0468943735948671,-0.0690901432558714
"published:M1/brown","ENSG00000187653.10",0.384315685104136,0.00315233711106501,0.0804498487143623
"published:M1/brown","ENSG00000174574.11",20.6602830478245,0.16946531068363,0.0803431584209537
"published:M1/brown","ENSG00000185344.9",0.892265378941159,0.00731877822314888,-0.0684977450476379
"published:M1/brown","ENSG00000185252.13",2.71929681767737,0.0223049451443611,-0.0668237702653553
"published:M1/brown","ENSG00000110080.14",44.7998908465804,0.367469671317396,0.0787908299235091
"published:M1/brown","ENSG00000140350.11",45.237429662917,0.371058569459546,0.0798370104891222
"published:M1/brown","ENSG00000198169.4",3.3598690405898,0.0275592183079899,-0.0669418660600397
"published:M1/brown","ENSG00000198931.6",3.10093665890058,0.0254353337316053,-0.0663858529930678
"published:M1/brown","ENSG00000101460.8",8.74825833378881,0.0717573090864444,0.0739159015121603
"published:M1/brown","ENSG00000144802.7",16.2638538822224,0.133403741114485,0.0793986142458998
"published:M1/brown","ENSG00000132361.12",2.70504185000654,0.0221880192281223,-0.0557099849908029
"published:M1/brown","ENSG00000089022.9",5.61717625897191,0.0460747085452742,-0.0679357739780503
"published:M1/brown","ENSG00000174099.6",0.60601478917041,0.00497081691900885,0.0747520468580049
"published:M1/brown","ENSG00000174130.8",58.840592386512,0.482638076472966,0.0768678024157756
"published:M1/brown","ENSG00000141384.7",5.55835603437082,0.0455922375349094,-0.0736148649433295
"published:M1/brown","ENSG00000146278.10",3.52168582911689,0.0288865153386304,0.0831457692585081
"published:M1/brown","ENSG00000204178.5",0.949189045636299,0.00778569277796951,-0.0707812710052063
"published:M1/brown","ENSG00000230177.1",0.233069924503243,0.00191174859877397,0.069172977052353
"published:M1/brown","ENSG00000164466.8",12.3017220544616,0.100904481563843,-0.0695115447236104
"published:M1/brown","ENSG00000257878.1",36.0014442512669,0.295300694621546,0.0748109629417935
"published:M1/brown","ENSG00000183283.11",50.177102603847,0.411576078714985,0.0786030765879648
"published:M1/brown","ENSG00000120727.8",7.44387443077718,0.0610581418551481,0.076692718678727
"published:M1/brown","ENSG00000198673.6",0.570884500075983,0.00468266184668907,-0.07275601801053
"published:M1/brown","ENSG00000068976.9",3.65720916006703,0.029998141124743,0.0786412041256974
"published:M1/brown","ENSG00000133131.10",3.19083607025545,0.0261727307769537,-0.0614802813507898
"published:M1/brown","ENSG00000005302.13",2.68171916976152,0.0219967156896108,0.0769866178012219
"published:M1/brown","ENSG00000237248.3",0.651009712856069,0.0053398863409488,-0.0639059241500338
"published:M1/brown","ENSG00000089006.12",9.4605362643919,0.077599746023215,-0.0647862605905162
"published:M1/brown","ENSG00000147316.8",15.8235924176555,0.129792510537336,-0.0702512526626099
"published:M1/brown","ENSG00000165555.5",0.307853846324107,0.00252516132483279,0.0737536545288067
"published:M1/brown","ENSG00000022567.5",32.9190344995723,0.270017327253538,0.0740520128922802
"published:M1/brown","ENSG00000137575.7",88.1635550576698,0.72315873960858,0.0740757351057862
"published:M1/brown","ENSG00000197006.9",4.75906276749294,0.0390360600863601,-0.0685506027340522
"published:M1/brown","ENSG00000197586.8",3.13229732260838,0.0256925685722986,-0.0610226025803294
"published:M1/brown","ENSG00000073756.7",16.6631402152283,0.136678874485986,-0.0717720048151497
"published:M1/brown","ENSG00000126016.9",0.096503456587185,0.000791566515073156,-0.060467721895122
"published:M1/brown","ENSG00000087995.11",1.25937260828872,0.0103299635264471,-0.0742451790829252
"published:M1/brown","ENSG00000178935.5",28.5028621064926,0.233793814492683,0.075033021401052
"published:M1/brown","ENSG00000247077.2",1.6688514548873,0.0136887006645866,-0.0614409651914607
"published:M1/brown","ENSG00000122188.8",6.32320534964486,0.0518658895724465,-0.0702903211905184
"published:M1/brown","ENSG00000082996.15",51.2973086327256,0.420764532826391,0.0732209938598701
"published:M1/brown","ENSG00000114779.15",2.38138290980563,0.0195332171264416,-0.0607089964262119
"published:M1/brown","ENSG00000119403.9",5.42157767269679,0.0444703173994383,-0.0617398532789362
"published:M1/brown","ENSG00000150347.10",3.26339950041639,0.0267679299912156,-0.0643986445577169
"published:M1/brown","ENSG00000108788.7",9.63494343095422,0.0790303152268662,0.0765886262134888
"published:M1/brown","ENSG00000240682.5",1.18207536851704,0.0096959353903092,0.0742802784864731
"published:M1/brown","ENSG00000042088.9",8.31882533240855,0.0682348986321321,-0.0648142254525776
"published:M1/brown","ENSG00000172594.8",0.19034174927992,0.00156127210857276,-0.0540285962101269
"published:M1/brown","ENSG00000078142.7",2.89260596242117,0.0237265078591767,0.0741621361502943
"published:M1/brown","ENSG00000109466.9",70.4627598584432,0.577968533315637,0.073082122285877
"published:M1/brown","ENSG00000133028.6",0.91021839479993,0.00746603726133205,-0.0670870352863978
"published:M1/brown","ENSG00000205423.7",34.2841082839974,0.281214301295383,0.0692088759171336
"published:M1/brown","ENSG00000122512.10",0.346223701897504,0.0028398888375479,-0.0718061576559954
"published:M1/brown","ENSG00000165724.5",1.6180007018579,0.0132715989898092,-0.062642549415444
"published:M1/brown","ENSG00000103522.11",7.08975957197901,0.0581535260555964,-0.0616236961345053
"published:M1/brown","ENSG00000101464.6",1.92566212013113,0.0157951819297113,-0.0614439357353202
"published:M1/brown","ENSG00000159377.6",1.10279740353709,0.00904566041902274,0.0773079143684504
"published:M1/brown","ENSG00000260837.1",0.79355193466732,0.00650908435478346,0.0699670949303451
"published:M1/brown","ENSG00000108091.10",2.69541980010459,0.0221090946716545,-0.0652133138779331
"published:M1/brown","ENSG00000143951.11",4.93039930040782,0.0404414425157617,-0.0653732799050598
"published:M1/brown","ENSG00000149582.11",0.606724865550844,0.00497664129780079,-0.0572164814962672
"published:M1/brown","ENSG00000177981.6",6.40870963245707,0.0525672357165439,0.0803066862735725
"published:M1/brown","ENSG00000084110.6",82.830821834088,0.679417165960471,0.0695999985850816
"published:M1/brown","ENSG00000169612.3",0.526850138741337,0.00432147140670056,0.0606583565777035
"published:M1/brown","ENSG00000204104.7",0.240759966702968,0.00197482592387789,-0.0462242881288461
"published:M1/brown","ENSG00000252759.1",0.057897628332384,0.000474903443988678,0.0672467084554183
"published:M1/brown","ENSG00000167543.11",2.8207446984923,0.0231370681409679,-0.0512035637220922
"published:M1/brown","ENSG00000004059.6",13.9442579251784,0.114377329491226,0.0812963316266088
"published:M1/brown","ENSG00000163563.7",52.8319441129675,0.433352331253126,0.0729490838850356
"published:M1/brown","ENSG00000118564.10",62.7883260000763,0.515019235132326,0.0743697319551727
"published:M1/brown","ENSG00000152784.11",0.401102200678544,0.00329002796798732,0.0737881020035822
"published:M1/brown","ENSG00000166529.10",0.124853342399913,0.00102410554641064,-0.0586052952925308
"published:M1/brown","ENSG00000058804.10",8.21783665548366,0.0674065422407414,-0.0663917503301319
"published:M1/brown","ENSG00000214456.4",41.6969802709615,0.342018146597063,0.0661958310614133
"published:M1/brown","ENSG00000125430.4",1.24393730475791,0.010203355943081,-0.0741936783059378
"published:M1/brown","ENSG00000155229.16",8.65506012499266,0.0709928537606274,-0.0615668036395519
"published:M1/brown","ENSG00000151012.9",3.99760988808517,0.0327902672053488,0.070958122856317
"published:M1/brown","ENSG00000249662.1",12.9156256754466,0.105940006373412,0.0677273772107109
"published:M1/brown","ENSG00000105854.8",0.538663385353613,0.00441836918407842,-0.0642948365173787
"published:M1/brown","ENSG00000260916.1",60.7205046683608,0.498057996817912,0.0678355978303312
"published:M1/brown","ENSG00000218350.1",0.429172439173971,0.00352027320115183,0.0711431696667907
"published:M1/brown","ENSG00000159063.8",5.893253778654,0.0483392255674946,-0.0702436359134463
"published:M1/brown","ENSG00000112159.7",19.6457489560327,0.161143627255254,-0.0618868538710627
"published:M1/brown","ENSG00000058600.11",20.2238241022674,0.165885270146998,-0.0597182562390599
"published:M1/brown","ENSG00000188938.11",6.75340915625886,0.055394622532027,0.0697583769607682
"published:M1/brown","ENSG00000184678.8",2.50276968446667,0.0205288882618854,0.0722701098589401
"published:M1/brown","ENSG00000073921.13",61.0197428630609,0.500512488535953,0.0716650172934144
"published:M1/brown","ENSG00000023839.6",0.702961830452879,0.00576602192335278,0.0777318292733073
"published:M1/brown","ENSG00000141101.8",0.263174948799859,0.00215868409737071,-0.0644640683921832
"published:M1/brown","ENSG00000118894.10",0.118632680074752,0.000973080762715708,-0.0619697252743806
"published:M1/brown","ENSG00000105486.9",3.23609222026829,0.0265439428994846,-0.0613496696918398
"published:M1/brown","ENSG00000168434.8",0.857523873494745,0.00703381213626298,-0.0639365731640711
"published:M1/brown","ENSG00000257704.2",1.09059551276911,0.00894557480039225,0.0724630154901063
"published:M1/brown","ENSG00000152642.6",1.93460178625075,0.0158685092550371,-0.0659365983557726
"published:M1/brown","ENSG00000229644.4",82.7906266996846,0.679087466656551,0.0700790407107976
"published:M1/brown","ENSG00000181817.5",0.697190603080279,0.00571868361547677,0.0790318599787406
"published:M1/brown","ENSG00000189337.11",2.15837435915099,0.0177039966247518,0.0672902005770664
"published:M1/brown","ENSG00000270696.1",0.919734462825636,0.00754409250485073,-0.059306211043778
"published:M1/brown","ENSG00000113048.12",19.0112061608587,0.155938810279741,-0.0665085171925595
"published:M1/brown","ENSG00000151718.11",0.118530870034194,0.000972245669115397,-0.0534973583822025
"published:M1/brown","ENSG00000173085.9",0.340243156284251,0.00279083360349997,-0.0568727676035341
"published:M1/brown","ENSG00000007944.10",13.1659814495723,0.107993541600661,0.0712119017452981
"published:M1/brown","ENSG00000113368.7",21.3828247859547,0.175391936173255,0.0671610895977272
"published:M1/brown","ENSG00000166523.3",24.7772721523057,0.203234782091984,0.0673076901337772
"published:M1/brown","ENSG00000157625.11",4.71269401275778,0.0386557218591917,0.0666393005322083
"published:M1/brown","ENSG00000204524.5",0.376728136920149,0.00309010048984593,-0.0657994334346233
"published:M1/brown","ENSG00000172183.10",3.27235606865196,0.0268413959556067,0.071434900742992
"published:M1/brown","ENSG00000188636.3",1.04129144951866,0.00854115979904099,-0.0509344548419605
"published:M1/brown","ENSG00000173930.8",6.11082456578764,0.0501238429878821,0.0642998107397072
"published:M1/brown","ENSG00000263731.1",0.0738928895420985,0.000606104062300415,-0.0610658297259
"published:M1/brown","ENSG00000231711.2",0.0767032220230928,0.000629155724560489,0.0797272463779498
"published:M1/brown","ENSG00000115761.11",5.97879738740012,0.0490408942813066,-0.0622563029183255
"published:M1/brown","ENSG00000124102.4",1.41202967755354,0.0115821282528999,0.0641816008904297
"published:M1/brown","ENSG00000185862.5",27.2868617095073,0.223819610141779,0.0683242231720285
"published:M1/brown","ENSG00000160087.16",3.96695176864769,0.0325387949615551,0.0725395871094897
"published:M1/brown","ENSG00000130684.9",10.6774006692838,0.0875810373713298,-0.0627631460295457
"published:M1/brown","ENSG00000184178.11",4.10799144171749,0.0336956683674114,-0.0631260809333244
"published:M1/brown","ENSG00000134571.6",7.195872115623,0.0590239107998147,0.0770562065180283
"published:M1/brown","ENSG00000173762.3",0.242943750489891,0.00199273834052098,-0.0546207598505443
"published:M1/brown","ENSG00000188070.8",0.283381387660645,0.00232442676563069,-0.0466399154325692
"published:M1/brown","ENSG00000178104.15",5.61456743211414,0.0460533097264415,0.0660552110810063
"published:M1/brown","ENSG00000111674.4",5.41743224164099,0.0444363146338343,-0.0465631791333931
"published:M1/brown","ENSG00000123159.11",2.59546097306663,0.0212891855910118,-0.0552600424701247
"published:M1/brown","ENSG00000138678.6",41.7410524229689,0.342379647013836,0.0676554075512987
"published:M1/brown","ENSG00000163221.7",8.18395693182957,0.0671286448914348,0.065583722260007
"published:M1/brown","ENSG00000118971.3",7.26649611258448,0.0596032018753093,-0.0606412466678832
"published:M1/brown","ENSG00000123815.7",5.00850570630123,0.0410821078111243,0.0795429828336979
"published:M1/brown","ENSG00000065060.12",0.205656387613901,0.00168688993952251,-0.0548378693747202
"published:M1/brown","ENSG00000108599.10",7.01945791698778,0.0575768789797996,0.0661962260127769
"published:M1/brown","ENSG00000197579.3",34.1574458021072,0.280175356340186,0.0676238931618903
"published:M1/brown","ENSG00000116641.11",0.778890601028821,0.00638882523469624,-0.0559132695486261
"published:M1/brown","ENSG00000186575.13",4.66025086418455,0.0382255586109139,-0.0514067122506755
"published:M1/brown","ENSG00000262766.1",0.690511851853004,0.00566390137221859,0.068940730420838
"published:M1/brown","ENSG00000089177.13",0.0684673915565764,0.000561601588660456,-0.0561712817087988
"published:M1/brown","ENSG00000169718.13",7.34370583769257,0.0602365121752191,-0.056887388878405
"published:M1/brown","ENSG00000173706.8",2.71917551202247,0.0223039501386079,-0.0553936437658991
"published:M1/brown","ENSG00000248697.1",3.27691394202337,0.0268787817661086,0.0711813308823612
"published:M1/brown","ENSG00000145996.7",13.3846320979729,0.109787016548541,-0.0683365999662364
"published:M1/brown","ENSG00000179978.10",0.37389937833819,0.00306689768808222,-0.0551507360104294
"published:M1/brown","ENSG00000236018.2",12.8511874955665,0.105411454264614,0.0613273278205662
"published:M1/brown","ENSG00000143515.12",11.6402558397879,0.0954788261012867,-0.0576646975655393
"published:M1/brown","ENSG00000141569.6",4.95281559566101,0.040625311460377,-0.0515450500478857
"published:M1/brown","ENSG00000234568.3",1.41937608024881,0.0116423868859631,0.0704575971358129
"published:M1/brown","ENSG00000052841.10",5.56792432164924,0.0456707211051778,-0.0551338921675683
"published:M1/brown","ENSG00000116044.11",24.2304054170292,0.198749125192625,0.0677315996763149
"published:M1/brown","ENSG00000138443.11",5.32826451591247,0.0437049192164259,-0.0521423405821435
"published:M1/brown","ENSG00000254093.4",0.340600963048316,0.00279376850203435,-0.0605574270740356
"published:M1/brown","ENSG00000164047.3",0.522294079001008,0.00428410047244953,0.0648472140536024
"published:M1/brown","ENSG00000173559.8",64.8039227520125,0.531552103002001,0.0667826123582024
"published:M1/brown","ENSG00000156671.8",39.5560890390836,0.324457554764404,0.0681053989705984
"published:M1/brown","ENSG00000007392.12",6.8036082791663,0.0558063792315777,-0.0603577374590681
"published:M1/brown","ENSG00000167186.6",0.0536534454003355,0.00044009066927921,-0.0681014232885848
"published:M1/brown","ENSG00000141179.9",1.2339634153463,0.0101215454342922,-0.0570294767826711
"published:M1/brown","ENSG00000164053.13",0.381968728134578,0.003133086271612,-0.0491993031800818
"published:M1/brown","ENSG00000131355.10",69.2559086973789,0.568069375279649,0.0636882685287834
"published:M1/brown","ENSG00000008516.12",20.5114711397119,0.168244685768504,0.0619958749259373
"published:M1/brown","ENSG00000080546.9",1.93816489486187,0.0158977355394198,-0.0618897889073338
"published:M1/brown","ENSG00000116717.7",0.53543222606656,0.00439186570340581,0.0619852913399715
"published:M1/brown","ENSG00000269051.1",0.391350979458691,0.00321004388791726,0.0693207880866929
"published:M1/brown","ENSG00000168887.6",4.33968195270639,0.0355961023709676,0.0670618561003371
"published:M1/brown","ENSG00000213339.4",3.62210096035004,0.0297101672398349,-0.0571171343185287
"published:M1/brown","ENSG00000116138.8",4.05848197014773,0.033289568510893,-0.0553398240612363
"published:M1/brown","ENSG00000231841.1",0.502812902866873,0.00412430674850045,0.0612634293360272
"published:M1/brown","ENSG00000149262.12",1.79931505388283,0.0147588241612253,-0.063508668047341
"published:M1/brown","ENSG00000236345.1",13.0068073713585,0.106687921316813,-0.0606316877795006
"published:M1/brown","ENSG00000130150.7",39.1322890705239,0.320981349081576,0.0642965781897718
"published:M1/brown","ENSG00000165178.8",21.3621824964729,0.175222618454222,0.0623960040780634
"published:M1/brown","ENSG00000126262.4",49.1671230359485,0.403291753623124,0.0641863528891727
"published:M1/brown","ENSG00000171793.9",6.06996769743719,0.049788715832434,-0.0571623631555154
"published:M1/brown","ENSG00000226660.2",0.350532125341543,0.00287522854300162,-0.0657509668160038
"published:M1/brown","ENSG00000234241.1",0.348891344256601,0.00286177008864841,-0.0563349800938433
"published:M1/brown","ENSG00000116209.7",20.5045368868352,0.168187807781141,0.0681970922787865
"published:M1/brown","ENSG00000123374.6",0.157713967082913,0.00129364376901254,-0.0476489830634292
"published:M1/brown","ENSG00000104783.7",0.447146575247588,0.00366770547722155,-0.0537863831078132
"published:M1/brown","ENSG00000186529.10",57.4971838933575,0.471618811289597,0.0593851093135023
"published:M1/brown","ENSG00000185418.11",7.89685510613987,0.0647737013519045,-0.0630475367705629
"published:M1/brown","ENSG00000134297.6",0.120841351411531,0.000991197318690228,-0.0661867641136267
"published:M1/brown","ENSG00000225558.1",0.0354241196228322,0.000290565207828043,0.0655490922520141
"published:M1/brown","ENSG00000138433.11",30.3467681777029,0.248918395046868,0.0597973680534388
"published:M1/brown","ENSG00000130177.10",1.48379740791687,0.0121708007650299,-0.0568865062964043
"published:M1/brown","ENSG00000226284.1",1.53703204559891,0.0126074561773993,0.061763928492736
"published:M1/brown","ENSG00000141504.7",0.0342102483932034,0.000280608467904258,-0.0414802976290678
"published:M1/brown","ENSG00000186376.10",1.23956079852084,0.0101674577906957,-0.0547351111533417
"published:M1/brown","ENSG00000140598.9",5.4642176598094,0.0448200705294829,-0.062904511982913
"published:M1/brown","ENSG00000198060.5",3.83430168663211,0.0314507369079,0.057312050354531
"published:M1/brown","ENSG00000199135.1",1.27435576326945,0.0104528623757975,0.0557764831866337
"published:M1/brown","ENSG00000157873.13",1.9066150014662,0.0156389485482659,0.0659552854924542
"published:M1/brown","ENSG00000108187.11",0.185454501020291,0.0015211846110884,-0.0465912690127529
"published:M1/brown","ENSG00000119812.14",1.83849024554375,0.0150801574174319,-0.060458746030801
"published:M1/brown","ENSG00000111752.6",0.465573578698556,0.0038188523834647,-0.0459507381291957
"published:M1/brown","ENSG00000139112.6",48.0235809125487,0.393911885943036,0.0632830391632938
"published:M1/brown","ENSG00000105552.10",1.34593125497784,0.011039958056511,-0.0463665723051098
"published:M1/brown","ENSG00000172985.8",2.31350307987189,0.0189764349931937,0.0628917803504512
"published:M1/brown","ENSG00000174885.8",14.033867735958,0.115112351097122,0.0612880302168179
"published:M1/brown","ENSG00000132434.5",0.105685870668083,0.00086688497278465,-0.0386263818779013
"published:M1/brown","ENSG00000187630.10",0.0226867940714484,0.000186087702517626,-0.0509097698387149
"published:M1/brown","ENSG00000173281.4",96.6030505827918,0.792383431635658,0.0627704401891723
"published:M1/brown","ENSG00000273253.1",3.26195905788178,0.0267561148074117,0.0653668974649273
"published:M1/brown","ENSG00000100612.9",47.6493011004827,0.390841867759473,0.0629630076698697
"published:M1/brown","ENSG00000121848.9",4.17259894368345,0.0342256093352002,-0.0519017997057978
"published:M1/brown","ENSG00000241764.3",3.13340526546715,0.0257016564381496,0.0590263807250403
"published:M1/brown","ENSG00000163113.10",0.938546761378561,0.00769839978184035,-0.051604840670803
"published:M1/brown","ENSG00000184787.14",14.0953314124171,0.115616504936776,-0.0521940793359256
"published:M1/brown","ENSG00000069020.14",0.750691299362673,0.0061575213650032,-0.0527227703787773
"published:M1/brown","ENSG00000247570.2",24.9440574449696,0.204602833118842,0.0688109964038626
"published:M1/brown","ENSG00000230989.2",7.661808494195,0.0628457390376337,0.0606271539640214
"published:M1/brown","ENSG00000164933.7",7.28815309391412,0.0597808425717606,-0.0603312878959887
"published:M1/brown","ENSG00000236525.1",1.08409573515411,0.00889226058246255,0.065460717328113
"published:M1/brown","ENSG00000101417.7",0.850187979191376,0.00697363969794812,-0.0557187314961305
"published:M1/brown","ENSG00000112578.5",0.42833155842536,0.00351337590371493,-0.0583939785780044
"published:M1/brown","ENSG00000106477.14",0.272585546915614,0.00223587422732747,-0.0500851619479197
"published:M1/brown","ENSG00000115998.3",0.0737358551527303,0.000604815992745865,-0.0585167982875954
"published:M1/brown","ENSG00000164164.11",3.87295489470568,0.031767788610432,-0.0579415857414692
"published:M1/brown","ENSG00000110203.4",0.24525779007416,0.00201171917617433,0.0595307992717483
"published:M1/brown","ENSG00000150990.3",4.53642252221781,0.037209860597762,-0.0429112513155612
"published:M1/brown","ENSG00000004660.10",9.56199876481822,0.0784319889367164,0.0725342132904957
"published:M1/brown","ENSG00000270562.1",1.44360008801547,0.0118410835346332,0.0515500678062947
"published:M1/brown","ENSG00000104872.6",2.13620789719569,0.0175221769297691,-0.0468906115377731
"published:M1/brown","ENSG00000092758.11",0.0725748097710568,0.000595292555149795,0.0612910415704693
"published:M1/brown","ENSG00000091106.14",13.7716813109542,0.112961775334561,-0.05455396114927
"published:M1/brown","ENSG00000104763.13",20.8968153426297,0.171405459264028,0.0589815126718369
"published:M1/brown","ENSG00000243927.1",0.302623065139822,0.00248225600952511,-0.0530080395403522
"published:M1/brown","ENSG00000140474.8",2.36235211367483,0.0193771176300602,-0.0437805607322839
"published:M1/brown","ENSG00000270956.1",1.90025933288609,0.0155868163800842,0.0588806301969362
"published:M1/brown","ENSG00000065559.10",53.4081856999401,0.438078934433687,0.0593254440027916
"published:M1/brown","ENSG00000177272.7",17.0279728423363,0.139671402437189,-0.054476736120412
"published:M1/brown","ENSG00000174206.8",8.10435374306034,0.0664757022824222,-0.0544982669588951
"published:M1/brown","ENSG00000183696.9",0.18446136248494,0.00151303842402719,0.0587343077215598
"published:M1/brown","ENSG00000176225.8",18.2599372515588,0.149776551087708,-0.0559050596573782
"published:M1/brown","ENSG00000102897.5",7.71920318619474,0.0633165171624451,0.0581549892589088
"published:M1/brown","ENSG00000115694.10",6.15643093091507,0.0504979277386854,-0.0443781583059937
"published:M1/brown","ENSG00000254719.1",7.2922038296555,0.0598140686020779,0.0519329379673773
"published:M1/brown","ENSG00000241886.1",17.8594479633413,0.146491550514572,0.0500034993950885
"published:M1/brown","ENSG00000099810.14",11.7443317672102,0.0963325055661069,-0.0542477131467684
"published:M1/brown","ENSG00000106771.8",15.7800691814739,0.129435512585063,-0.0555966730403222
"published:M1/brown","ENSG00000184588.13",21.7459639245473,0.178370573339093,0.0607166596126641
"published:M1/brown","ENSG00000132773.7",0.941927452545014,0.00772612979296954,-0.0436637016122314
"published:M1/brown","ENSG00000115806.8",2.84071632696503,0.0233008847845324,-0.0460505324607857
"published:M1/brown","ENSG00000091157.9",3.29117076961837,0.026995722938316,-0.0494539279366617
"published:M1/brown","ENSG00000151743.6",6.17602114424744,0.0506586158367644,0.0494540303361408
"published:M1/brown","ENSG00000198286.5",11.0776922225023,0.0908644160294624,-0.04991239796187
"published:M1/brown","ENSG00000159352.11",1.31170338208006,0.0107592050241718,-0.0505838654870426
"published:M1/brown","ENSG00000170113.11",4.39832808656486,0.0360771454075859,-0.048902102104289
"published:M1/brown","ENSG00000257335.4",69.1103244160859,0.566875224870245,0.0529895064787298
"published:M1/brown","ENSG00000143933.12",8.46211045422714,0.0694101902595082,0.0616212363774381
"published:M1/brown","ENSG00000068097.10",0.623105012789255,0.00511099893144867,-0.0507320010977712
"published:M1/brown","ENSG00000168884.10",0.37406368590725,0.00306824541566049,0.0579041659456791
"published:M1/brown","ENSG00000258215.1",32.094738600242,0.263256066512244,0.0534447234520183
"published:M1/brown","ENSG00000132749.6",1.2549407814642,0.0102936116087133,0.0636222373683666
"published:M1/brown","ENSG00000101868.6",3.44022388635554,0.0282183263594675,-0.0488843165114446
"published:M1/brown","ENSG00000158435.3",1.56091630022518,0.0128033660118057,-0.0543469493915997
"published:M1/brown","ENSG00000197329.7",75.0236859398851,0.615379383573955,0.0596148458426814
"published:M1/brown","ENSG00000110934.6",32.9728640876432,0.270458862727436,0.0641584062333185
"published:M1/brown","ENSG00000040633.8",7.88863648135561,0.0647062883450626,0.0636779379601747
"published:M1/brown","ENSG00000102010.10",46.2766636964303,0.379582853369629,0.0609367993859181
"published:M1/brown","ENSG00000133136.3",0.702307378028635,0.00576065379828182,0.0556066067343736
"published:M1/brown","ENSG00000105835.7",89.9985164865867,0.738209952020533,0.0587101972033256
"published:M1/brown","ENSG00000112299.7",2.20672431005406,0.0181005855501,0.0575744550459818
"published:M1/brown","ENSG00000163125.11",2.21409117164711,0.0181610119966177,-0.0540579295154504
"published:M1/brown","ENSG00000132600.12",14.7736349365716,0.121180267891647,-0.0475178187122264
"published:M1/brown","ENSG00000189067.8",71.5424584981999,0.586824726863785,0.0568391231545959
"published:M1/brown","ENSG00000170734.7",2.98583076410588,0.0244911813123113,-0.0552292238034003
"published:M1/brown","ENSG00000181284.2",1.01916240140436,0.00835964698989201,-0.04798537097158
"published:M1/brown","ENSG00000185278.10",4.23774545072817,0.0347599714749023,0.0636166015192234
"published:M1/brown","ENSG00000138439.10",0.463680140538502,0.00380332151753654,-0.0537407700497681
"published:M1/brown","ENSG00000151726.9",88.1774640586797,0.723272827744352,0.0559842189629461
"published:M1/brown","ENSG00000139266.5",3.63203413142244,0.0297916437577491,-0.0424166143836425
"published:M1/brown","ENSG00000159445.8",2.49728162810087,0.0204838726551327,-0.0526072053264051
"published:M1/brown","ENSG00000261716.1",8.87930858789568,0.0728322446028641,-0.0540660952994293
"published:M1/brown","ENSG00000198825.7",1.66602479739704,0.0136655150969604,-0.0511250151066928
"published:M1/brown","ENSG00000175283.7",0.116807787865574,0.000958112142756501,-0.0456243287529974
"published:M1/brown","ENSG00000162910.14",0.343951469579656,0.00282125092465976,-0.03735463534689
"published:M1/brown","ENSG00000166946.9",11.9989497343923,0.0984210012955341,-0.0530650660697265
"published:M1/brown","ENSG00000127952.12",0.224673434694186,0.00184287665975697,0.0514007112738719
"published:M1/brown","ENSG00000255112.2",36.7150631913492,0.301154131145664,0.0594152954615923
"published:M1/brown","ENSG00000132475.4",67.1857741966407,0.551089163270335,0.0570245198387535
"published:M1/brown","ENSG00000135473.10",6.27872268316337,0.0515010219238343,-0.0431598309454807
"published:M1/brown","ENSG00000232104.2",0.338315570135533,0.00277502263978732,-0.0473499512473835
"published:M1/brown","ENSG00000122783.12",0.307353005160175,0.00252105319120982,-0.0444527186236963
"published:M1/brown","ENSG00000131023.8",1.49064878044145,0.0122269989289563,0.0536619704911189
"published:M1/brown","ENSG00000268205.1",3.31571379567363,0.0271970363242915,-0.0538088904616128
"published:M1/brown","ENSG00000238005.2",28.8655908354636,0.236769085286731,0.0557896003654739
"published:M1/brown","ENSG00000139193.3",3.19734330937756,0.0262261061976567,-0.0434553730936074
"published:M1/brown","ENSG00000137947.7",4.42669550530493,0.036309828252199,0.0530685076233012
"published:M1/brown","ENSG00000115129.9",0.143871891469832,0.00118010458666701,0.0599366517544145
"published:M1/brown","ENSG00000167434.5",48.6954475230338,0.39942285031948,-0.0435836792194083
"published:M1/brown","ENSG00000114383.5",0.315370052495312,0.00258681276547459,-0.045651089684684
"published:M1/brown","ENSG00000022976.11",0.151852727685239,0.00124556714038075,-0.0349338649627194
"published:M1/brown","ENSG00000058091.12",16.9510893431044,0.139040767994591,0.0532347646933328
"published:M1/brown","ENSG00000108179.9",8.26392199053038,0.0677845557269833,-0.045891612873047
"published:M1/brown","ENSG00000103423.9",7.28333495522783,0.0597413219433404,-0.043617697992267
"published:M1/brown","ENSG00000104964.10",5.65589497562525,0.0463922975798358,-0.0449281580914846
"published:M1/brown","ENSG00000221869.4",31.2498364858832,0.256325783951467,0.0554015675456241
"published:M1/brown","ENSG00000143452.11",1.33241911393985,0.0109291251519615,0.0559091176157685
"published:M1/brown","ENSG00000143862.3",5.47990848820575,0.0449487740473832,0.0692247813519099
"published:M1/brown","ENSG00000270015.1",1.18364779169871,0.00970883314114783,-0.055334687978107
"published:M1/brown","ENSG00000198585.7",2.07478574100916,0.0170183636588224,-0.0450630837021692
"published:M1/brown","ENSG00000167578.12",0.336392383625261,0.00275924776396828,0.0665201068451358
"published:M1/brown","ENSG00000054116.7",0.400837172589564,0.00328785408356692,0.0531298311268507
"published:M1/brown","ENSG00000154781.11",0.186579594484214,0.00153041315422938,-0.0466020916547245
"published:M1/brown","ENSG00000137713.11",4.37099808435512,0.0358529719388713,-0.0440895010359435
"published:M1/brown","ENSG00000213593.5",0.930559275643382,0.00763288268565344,-0.0422372452594684
"published:M1/brown","ENSG00000179715.8",7.44582175479427,0.0610741147180946,-0.0470833485595128
"published:M1/brown","ENSG00000180764.11",0.608114854381616,0.00498804263671316,-0.0482901450500107
"published:M1/brown","ENSG00000172009.10",1.29787097137936,0.0106457451179608,-0.035121692128374
"published:M1/brown","ENSG00000247624.2",2.29474424701828,0.0188225662668921,0.0569966155993687
"published:M1/brown","ENSG00000109920.8",11.6307577322439,0.0954009181780438,-0.041555851255436
"published:M1/brown","ENSG00000203747.5",11.8846141730409,0.0974831675116626,-0.0456679465962535
"published:M1/brown","ENSG00000238113.2",0.802097196544529,0.00657917659192959,0.052429987658697
"published:M1/brown","ENSG00000184584.8",2.5019893851996,0.0205224878821125,-0.0343232782002836
"published:M1/brown","ENSG00000198863.3",5.11727400604809,0.0419742763098067,0.0599874744671262
"published:M1/brown","ENSG00000132823.6",32.7212500711327,0.268395006807282,0.0515862879395301
"published:M1/brown","ENSG00000058056.4",2.30466096991762,0.018903907869193,-0.0396342727306413
"published:M1/brown","ENSG00000171606.13",0.521802296737671,0.00428006664416885,0.0556136000540222
"published:M1/brown","ENSG00000100985.7",41.0740876366139,0.336908889692987,0.0540036370345485
"published:M1/brown","ENSG00000099985.3",14.2847956029622,0.117170578897903,0.0506050535588988
"published:M1/brown","ENSG00000138738.6",7.37913519317037,0.06052712032998,0.0478275181684636
"published:M1/brown","ENSG00000070269.9",4.09783842495496,0.0336123885722578,0.0538035319204363
"published:M1/brown","ENSG00000225808.1",1.06952521382805,0.00877274634746258,0.048881657900704
"published:M1/brown","ENSG00000134046.7",2.72635392507027,0.0223628308419625,0.0541277542827223
"published:M1/brown","ENSG00000165271.12",4.28222531410419,0.0351248161311315,-0.034303788457624
"published:M1/brown","ENSG00000110628.9",2.13096885098748,0.0174792038208671,0.0584506599390858
"published:M1/brown","ENSG00000144749.9",5.98526344265396,0.0490939318926479,-0.0429358192271088
"published:M1/brown","ENSG00000234975.5",3.89234154204736,0.0319268069649854,0.056208566879721
"published:M1/brown","ENSG00000117090.10",3.87010383218332,0.0317444028613108,0.0397794253698835
"published:M1/brown","ENSG00000142694.6",0.254425237088566,0.00208691486700179,0.0558243154879961
"published:M1/brown","ENSG00000249915.3",0.420541652299799,0.00344947944795445,0.0595012587764776
"published:M1/brown","ENSG00000151893.10",72.8421445086183,0.597485359781392,0.0526136869437238
"published:M1/brown","ENSG00000060971.13",16.8753917060636,0.138419860548675,0.056246068598135
"published:M1/brown","ENSG00000137497.13",4.95440387854192,0.0406383392998913,-0.0434834673343176
"published:M1/brown","ENSG00000153560.7",5.79172367487145,0.0475064281396267,-0.0434305227944657
"published:M1/brown","ENSG00000198879.7",6.22933315684573,0.0510959059144088,-0.0430351422230162
"published:M1/brown","ENSG00000152684.10",4.33419314710713,0.0355510806186515,0.0482403029160883
"published:M1/brown","ENSG00000272993.1",2.7513833385447,0.0225681338051821,-0.0484994140034197
"published:M1/brown","ENSG00000227268.3",0.676730870301362,0.00555086331195734,-0.0488902657848472
"published:M1/brown","ENSG00000234073.1",0.386689388580034,0.00317180733788052,0.0400935782261751
"published:M1/brown","ENSG00000099899.10",3.72255201494959,0.0305341138013029,-0.037124050873372
"published:M1/brown","ENSG00000204271.6",1.13570469566218,0.0093155814298253,-0.0465689043873688
"published:M1/brown","ENSG00000224086.3",0.1231533679515,0.00101016156038742,0.051802915447223
"published:M1/brown","ENSG00000133597.5",0.993396514175917,0.00814830312426832,-0.0449223197419247
"published:M1/brown","ENSG00000100099.16",7.03528638202759,0.0577067114578642,-0.0379846488589657
"published:M1/brown","ENSG00000118976.5",0.0289712945310121,0.000237636116467527,-0.0338484453635758
"published:M1/brown","ENSG00000213366.8",0.134795367807954,0.00110565469172961,0.0545381828956368
"published:M1/brown","ENSG00000267365.1",9.12894902795315,0.0748799123253056,0.0433649139866551
"published:M1/brown","ENSG00000161920.5",1.5246733077829,0.0125060840258756,0.0451107567601396
"published:M1/brown","ENSG00000163806.11",0.1071544679652,0.000878931095127164,-0.0521349365055931
"published:M1/brown","ENSG00000168040.4",24.0822785509875,0.197534119313169,0.0549397910790754
"published:M1/brown","ENSG00000075399.8",5.04348176103485,0.0413689977810341,0.0565375767818375
"published:M1/brown","ENSG00000166167.13",1.43155062334892,0.0117422481862229,0.0523121357812686
"published:M1/brown","ENSG00000101150.13",82.5422012182651,0.677049764593466,0.0499158418347299
"published:M1/brown","ENSG00000125520.9",1.60739018937364,0.0131845666006354,-0.0221527291412836
"published:M1/brown","ENSG00000180035.6",0.746854909881719,0.00612605350302917,-0.0434195869664091
"published:M1/brown","ENSG00000079462.3",0.304405922024518,0.00249687983608015,-0.0398637880506705
"published:M1/brown","ENSG00000136874.6",1.501585647335,0.0123167082297307,0.0414619009808475
"published:M1/brown","ENSG00000131042.9",13.6780579022971,0.112193832320488,0.0505722475058789
"published:M1/brown","ENSG00000256464.1",0.0975359890079432,0.000800035829219031,0.0423581451805603
"published:M1/brown","ENSG00000269904.2",1.46795641807596,0.012040865552685,0.037350978164877
"published:M1/brown","ENSG00000188917.10",5.28790051527847,0.043373834792653,-0.0450073286351498
"published:M1/brown","ENSG00000065057.3",0.616809489378708,0.005059360102096,-0.046961919492544
"published:M1/brown","ENSG00000121964.10",3.31313765708748,0.027175905629961,0.0467627716149961
"published:M1/brown","ENSG00000262714.1",4.09231436243507,0.0335670776261781,0.0480075367914486
"published:M1/brown","ENSG00000258227.2",0.544038847280067,0.00446246123854476,0.0555782232166944
"published:M1/brown","ENSG00000145476.11",1.0570263019433,0.0086702244226248,-0.046443291333618
"published:M1/brown","ENSG00000196154.7",3.82815631729725,0.031400329712549,0.04658934572733
"published:M1/brown","ENSG00000151849.10",0.448819392348561,0.00368142670597127,-0.0375781064709273
"published:M1/brown","ENSG00000171763.13",0.0448813838986952,0.000368138115470035,0.0504114895012762
"published:M1/brown","ENSG00000170915.8",6.61973735719784,0.0542981838769961,-0.0447515358839413
"published:M1/brown","ENSG00000223745.3",3.45960614089145,0.028377308682172,0.0404047659159653
"published:M1/brown","ENSG00000175928.5",1.77915218841502,0.0145934389023271,0.0539735365746098
"published:M1/brown","ENSG00000131778.13",3.57405387047214,0.0293160625223557,-0.0434328088401842
"published:M1/brown","ENSG00000169026.8",1.9182548909322,0.0157344243691979,0.0628171661587541
"published:M1/brown","ENSG00000249437.3",1.29263808794706,0.0106028225590311,-0.0426465782430463
"published:M1/brown","ENSG00000256720.1",0.957074986694016,0.00785037695718842,-0.0434763768262815
"published:M1/brown","ENSG00000162408.10",12.0603155581601,0.0989243525016192,-0.0415581956416445
"published:M1/brown","ENSG00000118197.9",1.11894133172966,0.00917808047350485,0.043647626542424
"published:M1/brown","ENSG00000225099.1",0.15566002766461,0.00127679639664875,-0.0383951604344832
"published:M1/brown","ENSG00000222057.1",1.15254932556281,0.0094537489676491,0.0458870514319937
"published:M1/brown","ENSG00000173166.13",0.119524966596263,0.000980399714360105,-0.0181163160009661
"published:M1/brown","ENSG00000094914.8",0.273031776690768,0.00223953441278127,-0.0207682655661004
"published:M1/brown","ENSG00000172071.7",3.02049590660295,0.0247755210345484,-0.041653258520825
"published:M1/brown","ENSG00000134262.8",1.64160626963483,0.0134652229042503,-0.0397999966136975
"published:M1/brown","ENSG00000111490.8",8.25510678833091,0.0677122493129804,0.0513879398877761
"published:M1/brown","ENSG00000235651.1",0.0338284382711316,0.000277476682593801,-0.0389944172992365
"published:M1/brown","ENSG00000180316.7",6.62338178447453,0.0543280771751314,0.0488783737300526
"published:M1/brown","ENSG00000130695.9",1.96779613649899,0.0161407848509104,-0.0371048359804289
"published:M1/brown","ENSG00000066294.10",1.58362338046594,0.0129896201109781,0.0480511611539344
"published:M1/brown","ENSG00000073417.10",3.74255492374268,0.0306981870206945,-0.0407880095796967
"published:M1/brown","ENSG00000136270.9",1.33828493837392,0.0109772393892077,-0.0384878570671837
"published:M1/brown","ENSG00000162300.7",0.250891525891026,0.00205792971396341,0.0562447672382296
"published:M1/brown","ENSG00000085978.17",0.739483473054788,0.00606558952830196,-0.0355300306377278
"published:M1/brown","ENSG00000113312.6",0.537447692366511,0.00440839750124725,-0.0406651095795934
"published:M1/brown","ENSG00000138780.10",1.92463402178312,0.0157867489859053,-0.0445027005550526
"published:M1/brown","ENSG00000167528.8",1.47952474074061,0.0121357543492186,0.0451946069371685
"published:M1/brown","ENSG00000198455.3",3.29240754552883,0.0270058675531515,-0.0516848415446009
"published:M1/brown","ENSG00000156299.8",1.79561461225199,0.0147284714071422,-0.0406238282629711
"published:M1/brown","ENSG00000111424.6",15.4903477524452,0.127059081832957,0.053936915534133
"published:M1/brown","ENSG00000234663.1",4.23120556848784,0.0347063283000664,-0.0516166219111828
"published:M1/brown","ENSG00000021355.8",25.5625299812816,0.2096758343102,0.0472618925440529
"published:M1/brown","ENSG00000211797.2",0.596821788766887,0.00489541162732472,-0.0407190051253626
"published:M1/brown","ENSG00000135966.8",3.75936124186278,0.0308360403073643,-0.038734295475684
"published:M1/brown","ENSG00000244682.3",0.0234030719347287,0.000191962948774206,-0.0508792167804492
"published:M1/brown","ENSG00000070814.13",3.78453556680119,0.0310425319022308,-0.0331618862179359
"published:M1/brown","ENSG00000178904.14",10.1856450117155,0.0835474273236195,0.0460329961133936
"published:M1/brown","ENSG00000198799.7",10.440176511801,0.0856352138094538,-0.0419227614900637
"published:M1/brown","ENSG00000085377.9",2.98817734277025,0.0245104290487281,-0.0379098045659978
"published:M1/brown","ENSG00000102763.11",3.12019299221548,0.0255932831895233,-0.0390514369090537
"published:M1/brown","ENSG00000115317.7",0.541744507736015,0.00444364199184099,0.0538186717910557
"published:M1/brown","ENSG00000108468.10",3.30016924345348,0.0270695326320465,-0.0388024913773464
"published:M1/brown","ENSG00000086589.7",1.62741327958603,0.0133488053574731,-0.0397861507489903
"published:M1/brown","ENSG00000015475.14",48.2385716615346,0.395675340683063,0.0467090410411748
"published:M1/brown","ENSG00000108474.12",9.12533764935299,0.0748502901078822,-0.0407306116895416
"published:M1/brown","ENSG00000119471.10",57.6217333174904,0.472640423956146,0.043103303464781
"published:M1/brown","ENSG00000256229.3",2.34860647584719,0.0192643694755643,0.0322038944043878
"published:M1/brown","ENSG00000093134.9",35.1035000155782,0.287935335757617,0.0427162436385167
"published:M1/brown","ENSG00000143367.11",3.60613073529065,0.0295791719797452,0.0522796556077775
"published:M1/brown","ENSG00000226479.3",7.56118841933189,0.0620204060928616,0.042647359924059
"published:M1/brown","ENSG00000264663.1",0.481477949022097,0.00394930747219062,0.041594560604965
"published:M1/brown","ENSG00000227039.2",0.0757661058546364,0.000621469059171322,0.0450126320548945
"published:M1/brown","ENSG00000235192.1",0.329498422930995,0.00270270027194263,0.0398896567257671
"published:M1/brown","ENSG00000184428.8",0.314549843297035,0.00258008502576793,-0.0212957050334423
"published:M1/brown","ENSG00000152465.13",3.31344009111992,0.0271783863354358,-0.0411984281481819
"published:M1/brown","ENSG00000102007.6",0.272863777564277,0.00223815640532128,0.042807798436389
"published:M1/brown","ENSG00000130714.11",8.57120291923207,0.0703050177133485,-0.0352334999721923
"published:M1/brown","ENSG00000184005.9",1.39254797963135,0.011422330249001,0.0475371060511403
"published:M1/brown","ENSG00000125538.7",29.9506559734181,0.245669297364648,0.0419656475214784
"published:M1/brown","ENSG00000166971.12",0.0237238580536847,0.00019459418665154,0.0402494134216362
"published:M1/brown","ENSG00000136932.9",0.171621429682853,0.00140771928602575,0.0426682508593037
"published:M1/brown","ENSG00000184445.7",1.74188120590638,0.0142877248607677,-0.0427377727256903
"published:M1/brown","ENSG00000172936.8",13.1810219703537,0.108116910991156,0.0427628949997742
"published:M1/brown","ENSG00000173890.12",7.71847403764111,0.0633105363447628,0.0429162066316442
"published:M1/brown","ENSG00000184209.14",0.344083972818585,0.0028223377782377,0.0490112210372629
"published:M1/brown","ENSG00000074660.11",6.13047730875857,0.0502850439833208,0.0416670850879022
"published:M1/brown","ENSG00000145020.10",0.315440557842482,0.00258739108332896,-0.0134002412413617
"published:M1/brown","ENSG00000070540.8",5.24264046102004,0.0430025906456726,0.0443322129915414
"published:M1/brown","ENSG00000197312.7",4.03606207270009,0.0331056700193928,-0.0358491742305879
"published:M1/brown","ENSG00000103707.5",3.37750848616868,0.0277039052959848,0.0474055711883008
"published:M1/brown","ENSG00000130598.11",7.72342117893541,0.0633511151129478,0.0441324776870543
"published:M1/brown","ENSG00000197013.5",0.235901855975211,0.00193497742606646,0.0379473872081416
"published:M1/brown","ENSG00000143390.13",2.84880141258319,0.0233672024406368,-0.0349187308905231
"published:M1/brown","ENSG00000272201.1",0.409503882009382,0.00335894249029563,-0.0426453508200007
"published:M1/brown","ENSG00000154359.8",9.96951140790692,0.0817745983534739,0.0359261335902491
"published:M1/brown","ENSG00000139132.10",25.0589436222534,0.205545183312282,0.039327339123392
"published:M1/brown","ENSG00000225342.1",13.904779355346,0.114053507785275,0.0334695558757806
"published:M1/brown","ENSG00000086288.7",0.495927178458502,0.00406782681434635,-0.0296573751379264
"published:M1/brown","ENSG00000132357.9",7.63434899629961,0.0626205033847006,0.0435978920716633
"published:M1/brown","ENSG00000115652.10",7.28019828529639,0.0597155935085841,-0.0337203638537459
"published:M1/brown","ENSG00000181045.10",1.15166165127049,0.0094464678476671,-0.0284593458437409
"published:M1/brown","ENSG00000211789.2",0.0867880552989164,0.000711876246845881,-0.0427178009420588
"published:M1/brown","ENSG00000135525.14",0.984952836755403,0.00807904413037809,0.0442957649324091
"published:M1/brown","ENSG00000158079.10",6.75887259203725,0.0554394361891992,-0.0392374227591837
"published:M1/brown","ENSG00000234664.1",0.0825494246773708,0.000677109014785669,-0.0410336011948125
"published:M1/brown","ENSG00000150977.9",28.8040833515287,0.236264572117659,0.0449585440395961
"published:M1/brown","ENSG00000174744.9",3.52856139096939,0.0289429119147452,0.0468471111248379
"published:M1/brown","ENSG00000075884.8",5.19107581129978,0.0425796332561292,0.0439284589738128
"published:M1/brown","ENSG00000141574.3",23.4644103102321,0.192466074836779,0.0423484052664525
"published:M1/brown","ENSG00000111052.3",59.8261110425452,0.490721761717868,0.0394666602955696
"published:M1/brown","ENSG00000100101.13",0.447556710038662,0.00367106959472326,0.0600718439723466
"published:M1/brown","ENSG00000253210.1",2.28566774020781,0.0187481165101778,0.0334675180328592
"published:M1/brown","ENSG00000070770.4",1.74523783321922,0.0143152574889076,-0.0265000899081914
"published:M1/brown","ENSG00000103671.5",0.157915490801309,0.00129529676086502,0.0413975065324473
"published:M1/brown","ENSG00000037757.9",0.199884571418502,0.00163954680184633,-0.0276670004537421
"published:M1/brown","ENSG00000140932.5",32.5664139543297,0.267124968513115,0.0394413714852508
"published:M1/brown","ENSG00000141562.13",22.763239760008,0.186714745832192,0.0459880510408123
"published:M1/brown","ENSG00000152804.6",4.05741011266057,0.0332807766341481,-0.0378828265286924
"published:M1/brown","ENSG00000183307.3",2.77810771516596,0.022787339649384,0.0420528780626915
"published:M1/brown","ENSG00000255310.2",1.78308961113775,0.0146257354862343,0.032685234155951
"published:M1/brown","ENSG00000147324.6",1.65397426112847,0.0135666709587687,-0.028374453094933
"published:M1/brown","ENSG00000206199.5",0.825859431331909,0.00677408556251142,0.0373496634678296
"published:M1/brown","ENSG00000182308.5",1.18069767116567,0.00968463487186331,0.0374188540455239
"published:M1/brown","ENSG00000136689.14",41.5500745695354,0.340813157281295,0.0399783476680314
"published:M1/brown","ENSG00000231365.1",2.26719881359804,0.0185966257305659,0.0383266227418822
"published:M1/brown","ENSG00000262370.1",2.27149745273785,0.0186318851805773,0.040272829386035
"published:M1/brown","ENSG00000183309.7",1.98961224781582,0.0163197308059903,-0.0375118976386138
"published:M1/brown","ENSG00000134851.8",3.70835193737063,0.0304176381192864,0.0397180354821175
"published:M1/brown","ENSG00000070759.12",3.12300170745624,0.025616321586422,0.0410623933372404
"published:M1/brown","ENSG00000103194.11",32.9246760966785,0.2700636022733,0.0384322224214188
"published:M1/brown","ENSG00000251442.1",2.08192938099458,0.0170769591372454,0.0392133664856771
"published:M1/brown","ENSG00000263648.1",2.83830894539877,0.0232811383142583,0.0368536300701101
"published:M1/brown","ENSG00000168234.8",16.3149053789148,0.133822489382736,-0.0378599554635811
"published:M1/brown","ENSG00000139832.3",2.08510761254595,0.0171030284798594,-0.024494814126617
"published:M1/brown","ENSG00000176749.4",2.01881870245867,0.0165592958157514,0.0418776739647306
"published:M1/brown","ENSG00000049541.6",1.67387699722755,0.0137299225148426,0.0414198197286134
"published:M1/brown","ENSG00000176973.7",0.0755883962193697,0.000620011401573785,0.0430683076106602
"published:M1/brown","ENSG00000059804.11",40.7736584265771,0.334444628709754,0.0385322244885551
"published:M1/brown","ENSG00000117862.7",6.14089456514657,0.0503704911955481,0.0417015634689334
"published:M1/brown","ENSG00000112062.6",61.9609665851964,0.508232846002754,0.0383338240007583
"published:M1/brown","ENSG00000049246.10",0.130657138038319,0.00107171099444492,-0.0298448474792955
"published:M1/brown","ENSG00000180884.9",4.72211016337976,0.0387329575334032,0.0325980881301718
"published:M1/brown","ENSG00000239305.2",1.75942914892092,0.0144316613019062,0.033930878295068
"published:M1/brown","ENSG00000135083.10",39.040391178136,0.320227559559495,0.0365036182927577
"published:M1/brown","ENSG00000187554.7",9.45319916635512,0.0775395637113154,0.0372168493054428
"published:M1/brown","ENSG00000112039.3",0.149889955513335,0.00122946756443868,0.038196128020539
"published:M1/brown","ENSG00000134463.10",3.01669642054521,0.0247443558717226,0.0372664596088574
"published:M1/brown","ENSG00000181631.6",32.7996687442094,0.269038233464225,0.033727195022269
"published:M1/brown","ENSG00000237803.1",4.96947501163843,0.0407619597869215,0.0337342984051833
"published:M1/brown","ENSG00000138074.10",1.20361240920652,0.00987259227749703,-0.0139232294169614
"published:M1/brown","ENSG00000137449.11",21.7678073708872,0.178549743508826,0.0344651888438699
"published:M1/brown","ENSG00000235095.1",1.7217297753112,0.0141224333960464,0.0392405964641655
"published:M1/brown","ENSG00000091436.12",0.536693971085937,0.00440221512655831,-0.028872647265765
"published:M1/brown","ENSG00000168795.4",7.66176255870328,0.0628453622532325,-0.0325462482360337
"published:M1/brown","ENSG00000123700.4",49.0185008472921,0.402072684875768,0.0383965692093384
"published:M1/brown","ENSG00000171236.9",61.3820003182815,0.503483893722141,0.0368757822059329
"published:M1/brown","ENSG00000270804.1",0.102411938196064,0.000840030646430867,0.0295707182681115
"published:M1/brown","ENSG00000267796.3",0.0714689084637918,0.000586221435059752,0.0396143300890463
"published:M1/brown","ENSG00000145390.7",0.205439430591209,0.00168511035648532,-0.0334860525766872
"published:M1/brown","ENSG00000148110.11",7.62802276761364,0.0625686126963087,0.0355268842380384
"published:M1/brown","ENSG00000168404.8",15.3834190038786,0.126182002193975,0.0367808891449163
"published:M1/brown","ENSG00000161835.6",0.236833513730066,0.0019426193189927,-0.0258124994498112
"published:M1/brown","ENSG00000108523.11",0.842751005966792,0.00691263816301597,0.0492410057565473
"published:M1/brown","ENSG00000040487.8",0.224858040383622,0.0018443908820182,0.0396308158709784
"published:M1/brown","ENSG00000207939.1",35.8145167167192,0.293767427500077,-0.0309757032206504
"published:M1/brown","ENSG00000164597.9",0.17535526038546,0.0014383459129017,-0.0315060286897721
"published:M1/brown","ENSG00000143224.13",0.627911547292632,0.00515042437692978,0.0448836332760653
"published:M1/brown","ENSG00000168395.10",4.72158006370071,0.0387286094077461,-0.0273623149229294
"published:M1/brown","ENSG00000196549.6",67.0976092624752,0.550365993218638,0.0338101918807432
"published:M1/brown","ENSG00000272650.1",0.234750105594409,0.00192553023041765,0.0363063479712511
"published:M1/brown","ENSG00000132635.12",3.33504426958454,0.0273555939180762,-0.0242705547536276
"published:M1/brown","ENSG00000243364.3",0.0319851173868532,0.000262356902016702,0.0388552335544099
"published:M1/brown","ENSG00000231856.1",1.01750513103986,0.00834605328275083,0.0297704070013641
"published:M1/brown","ENSG00000234389.1",0.897327662242057,0.00736030143995909,0.0331206694645444
"published:M1/brown","ENSG00000260078.3",13.5086486797741,0.110804258592912,0.0273936290216429
"published:M1/brown","ENSG00000131100.8",7.15896055447694,0.0587211449004824,0.0372634102152398
"published:M1/brown","ENSG00000128731.11",5.28222007462447,0.0433272411599316,-0.0267224889820897
"published:M1/brown","ENSG00000137513.5",6.34897772632775,0.0520772866676127,-0.0400123376695546
"published:M1/brown","ENSG00000121671.7",2.17131253428391,0.0178101215923287,-0.0250271894968846
"published:M1/brown","ENSG00000135736.5",1.02195135820508,0.00838252331881855,-0.0313663885430941
"published:M1/brown","ENSG00000155926.9",56.3417101840483,0.462141075157833,0.0351106565567983
"published:M1/brown","ENSG00000134058.6",0.34069513928339,0.00279454097958942,0.0434938406338748
"published:M1/brown","ENSG00000128284.15",1.49237801320063,0.0122411829053375,-0.0275396963122111
"published:M1/brown","ENSG00000164251.4",5.00531303824222,0.0410559200535181,-0.0237696373242141
"published:M1/brown","ENSG00000164096.10",6.13551301474837,0.0503263492005871,0.0365268567713795
"published:M1/brown","ENSG00000129518.4",3.42428476227456,0.0280875862041581,-0.0300919940450479
"published:M1/brown","ENSG00000127191.13",1.54174059717807,0.0126460779210794,-0.0138090183089635
"published:M1/brown","ENSG00000120029.8",3.18263405752572,0.0261054540299576,-0.0195991198929425
"published:M1/brown","ENSG00000229097.1",2.32732870402035,0.019089839232927,0.0245606660384982
"published:M1/brown","ENSG00000108100.13",14.0896687965489,0.115570057511289,-0.0241724248534201
"published:M1/brown","ENSG00000174125.3",67.4401834584457,0.553175947100585,0.0367007155218846
"published:M1/brown","ENSG00000174374.9",0.35441610684515,0.00290708677701877,-0.0317419222386035
"published:M1/brown","ENSG00000123610.3",11.7385153243407,0.0962847963795641,0.0267063256272108
"published:M1/brown","ENSG00000075420.8",40.871332786002,0.33524579951789,0.0346934840476233
"published:M1/brown","ENSG00000101452.10",2.52728488951369,0.0207299734469309,-0.0241932419338469
"published:M1/brown","ENSG00000092094.6",0.312787142370217,0.0025656265278125,-0.0227432579323671
"published:M1/brown","ENSG00000185813.6",2.29714527678518,0.0188422606367353,-0.0120301275534752
"published:M1/brown","ENSG00000170379.15",0.353908724076358,0.00290292498609124,-0.0153350117768784
"published:M1/brown","ENSG00000185262.7",4.78158364662281,0.0392207868768778,0.0401225950623876
"published:M1/brown","ENSG00000116120.8",9.83868012496023,0.0807014589409897,-0.0319164031122684
"published:M1/brown","ENSG00000170836.7",15.2214288840646,0.124853283419,-0.028214018719746
"published:M1/brown","ENSG00000171865.5",0.167106569795226,0.00137068629224833,-0.0198779522475936
"published:M1/brown","ENSG00000130559.14",5.38743029299444,0.0441902246099593,-0.0216749240868244
"published:M1/brown","ENSG00000115165.5",16.5306437166806,0.135592076195812,-0.0214890950257651
"published:M1/brown","ENSG00000229894.2",15.589803859553,0.127874867369456,0.0336746720567537
"published:M1/brown","ENSG00000048392.7",48.4322903726204,0.397264312212805,0.0308306050842653
"published:M1/brown","ENSG00000238132.2",0.0284986908802727,0.000233759600143071,0.0272673397385887
"published:M1/brown","ENSG00000141096.4",4.65937161547342,0.0382183466014921,0.0374850455361268
"published:M1/brown","ENSG00000172243.13",25.0676081765601,0.205616254041764,0.0324431861275282
"published:M1/brown","ENSG00000185475.4",0.0845229885837565,0.000693297109584538,-0.0209766603188236
"published:M1/brown","ENSG00000198888.2",0.0450540841109973,0.00036955468343598,-0.0199541403169398
"published:M1/brown","ENSG00000134882.11",0.196154478703498,0.00160895083569409,-0.0225756143556864
"published:M1/brown","ENSG00000102043.11",2.64361718787532,0.0216841854022444,-0.0255162957633264
"published:M1/brown","ENSG00000163629.8",0.0498493123706856,0.000408887389814974,-0.0291366391864669
"published:M1/brown","ENSG00000099956.13",0.411299036049948,0.00337366718387825,-0.0215079504108003
"published:M1/brown","ENSG00000134248.9",3.45553575318,0.028343921457199,0.0301650336912756
"published:M1/brown","ENSG00000151445.11",0.334966115141172,0.00274754884236034,-0.0205365099510257
"published:M1/brown","ENSG00000262001.1",1.24640129712989,0.0102235667616779,0.0237822086550507
"published:M1/brown","ENSG00000170004.12",3.42944978781625,0.0281299521609112,0.0323221466501023
"published:M1/brown","ENSG00000232801.1",27.8966558419586,0.228821427003131,0.0324727182447202
"published:M1/brown","ENSG00000102096.9",0.350260368267576,0.00287299946429714,-0.0199577940719397
"published:M1/brown","ENSG00000244005.8",0.0662958528198925,0.000543789611650178,-0.00786737492700693
"published:M1/brown","ENSG00000145982.7",5.66640818394414,0.0464785318347063,-0.0194118156882625
"published:M1/brown","ENSG00000260563.2",0.538441540432222,0.00441654950820854,-0.0199910270290111
"published:M1/brown","ENSG00000183784.5",3.66933392308325,0.0300975941054573,0.0243567932089007
"published:M1/brown","ENSG00000101019.17",9.9816754667827,0.0818743736572191,0.0315194277060315
"published:M1/brown","ENSG00000109220.6",32.5450985358143,0.26695012947472,0.0301574751917865
"published:M1/brown","ENSG00000167851.9",23.6239984958001,0.193775091822951,0.0293840119855592
"published:M1/brown","ENSG00000102978.8",6.20819942732864,0.0509225571742087,0.0378939566890418
"published:M1/brown","ENSG00000006327.9",13.5242079321414,0.110931882862644,0.034516899595838
"published:M1/brown","ENSG00000163993.6",0.660796628519983,0.00542016320355424,0.0256165492080914
"published:M1/brown","ENSG00000166527.3",5.99888199961711,0.0492056376704186,-0.0280025095819818
"published:M1/brown","ENSG00000248309.1",0.156704523623801,0.00128536384133585,-0.0196175922744049
"published:M1/brown","ENSG00000163154.5",15.5501742922075,0.127549807111235,0.0315748184582028
"published:M1/brown","ENSG00000132128.12",4.04036734047988,0.0331409838406116,-0.0116733846784432
"published:M1/brown","ENSG00000269044.1",0.0224097052230079,0.000183814890103622,0.0225403354428052
"published:M1/brown","ENSG00000130313.2",8.41417885852263,0.0690170328792911,0.0377637033541532
"published:M1/brown","ENSG00000108984.9",3.2169595940525,0.026387008145089,0.0264391382493248
"published:M1/brown","ENSG00000167613.11",0.820161935358655,0.00672735203407955,-0.0229652329141871
"published:M1/brown","ENSG00000102554.9",1.38525058958143,0.0113624736405931,0.0318063505120541
"published:M1/brown","ENSG00000198363.11",3.63863406787229,0.0298457795253171,-0.0242205514098928
"published:M1/brown","ENSG00000198846.5",0.399670915210909,0.00327828789473236,0.024189948448287
"published:M1/brown","ENSG00000099219.9",0.919808710826787,0.00754470152170464,-0.026513465469645
"published:M1/brown","ENSG00000137757.6",4.83190654483165,0.0396335588393781,-0.0281945185579074
"published:M1/brown","ENSG00000159882.8",9.94327247221659,0.0815593743229765,0.0228562783992025
"published:M1/brown","ENSG00000154930.10",5.28924832492709,0.0433848901581733,-0.0181803513424272
"published:M1/brown","ENSG00000237984.2",46.8038331343311,0.383906943817469,0.0240944688297752
"published:M1/brown","ENSG00000255197.1",5.72835410523899,0.0469866412721963,0.0326422811557366
"published:M1/brown","ENSG00000118707.5",0.455245596693495,0.00373413744150717,-0.0166123116342644
"published:M1/brown","ENSG00000198467.9",0.0695140145183422,0.000570186480018125,0.0372721485629426
"published:M1/brown","ENSG00000124215.12",1.40887436150887,0.0115562468739963,0.0355434651169308
"published:M1/brown","ENSG00000057657.10",0.334551363415717,0.00274414685460208,-0.0219251529156133
"published:M1/brown","ENSG00000141447.12",1.35024264280922,0.011075322077257,0.0382583560421799
"published:M1/brown","ENSG00000115607.5",1.86261091093606,0.0152780064035829,0.0255101519779484
"published:M1/brown","ENSG00000124942.9",0.405575324386738,0.00332671862208827,0.0343480788063808
"published:M1/brown","ENSG00000100865.10",1.1863268739308,0.0097308082274406,0.0239240431615808
"published:M1/brown","ENSG00000155307.13",3.65926261408084,0.030014984515592,-0.019213059764689
"published:M1/brown","ENSG00000119328.7",0.225331830537439,0.00184827713059619,-0.0210926936424608
"published:M1/brown","ENSG00000101445.5",5.10750674146275,0.0418941606345445,-0.0172372615366963
"published:M1/brown","ENSG00000180539.4",10.8453995299661,0.0889590426510314,0.0333475582426411
"published:M1/brown","ENSG00000168826.11",0.0246042416270463,0.000201815504744575,0.0131905202392623
"published:M1/brown","ENSG00000107077.13",12.5459322441555,0.102907607831416,-0.0164870883129439
"published:M1/brown","ENSG00000141337.8",10.6684473495206,0.0875075980524292,0.0251060575023473
"published:M1/brown","ENSG00000132604.6",0.186108993917616,0.00152655306813851,0.0251685317986705
"published:M1/brown","ENSG00000231313.2",0.904333007609286,0.00741776256120102,0.0232556466207846
"published:M1/brown","ENSG00000178814.11",12.9068673925005,0.105868166837764,0.0305356031982627
"published:M1/brown","ENSG00000258819.1",4.50277024915819,0.0369338289046793,-0.0179901362601561
"published:M1/brown","ENSG00000137414.5",39.8129568291579,0.326564504594123,0.0273153701064184
"published:M1/brown","ENSG00000164048.9",1.08530910237869,0.00890221318830104,-0.0168553241524346
"published:M1/brown","ENSG00000198648.6",3.72390257603315,0.0305451917353803,-0.0245127695133661
"published:M1/brown","ENSG00000203710.6",50.2386467166764,0.412080892331393,-0.0201215712732707
"published:M1/brown","ENSG00000159079.14",0.250500546707176,0.00205472271971708,-0.0213656043735772
"published:M1/brown","ENSG00000092200.8",7.76127779877027,0.0636616328259382,-0.0168072097250631
"published:M1/brown","ENSG00000198933.5",3.53167604765242,0.0289684597865357,0.0243374163568443
"published:M1/brown","ENSG00000183621.11",33.8235226231991,0.277436362148909,0.0247531317228389
"published:M1/brown","ENSG00000073849.10",15.7544696206395,0.129225533006364,-0.0163954243215299
"published:M1/brown","ENSG00000253616.1",15.7682792774283,0.129338806274341,0.02403725063852
"published:M1/brown","ENSG00000115525.12",2.86640019510439,0.0235115558912021,-0.0241011756737271
"published:M1/brown","ENSG00000112303.9",33.7022416459928,0.276441558813703,0.0241112495724353
"published:M1/brown","ENSG00000185917.9",1.34917357565312,0.0110665530881134,0.0246335910523633
"published:M1/brown","ENSG00000198945.3",0.128033223809588,0.00105018842193468,-0.0188409433733729
"published:M1/brown","ENSG00000165632.7",2.27234516988658,0.0186388385533674,-0.0127684747876615
"published:M1/brown","ENSG00000213523.5",18.0666941935717,0.14819148108729,-0.0111186610538912
"published:M1/brown","ENSG00000246082.2",0.539826154424576,0.00442790676018074,0.0322190621795228
"published:M1/brown","ENSG00000160783.15",0.479351108519211,0.00393186213101296,-0.010820155349836
"published:M1/brown","ENSG00000168894.5",1.05813710981594,0.00867933578866039,0.0223666413906756
"published:M1/brown","ENSG00000117614.5",9.9739067670434,0.0818106511461634,0.0233515850922092
"published:M1/brown","ENSG00000087589.12",42.7656401072097,0.350783794712614,0.0257532975996155
"published:M1/brown","ENSG00000174032.12",0.642624006803202,0.00527110285534692,0.0303211160805901
"published:M1/brown","ENSG00000167210.12",0.239227806973964,0.00196225843272147,-0.0122970856253546
"published:M1/brown","ENSG00000099860.4",2.88689217539128,0.023679640703874,0.0225583922810666
"published:M1/brown","ENSG00000078269.9",0.124873833738074,0.00102427362595629,-0.0114363038835579
"published:M1/brown","ENSG00000146143.13",4.76742199698752,0.0391046263988397,-0.0151949862436989
"published:M1/brown","ENSG00000172638.8",0.0306929017253558,0.000251757544397109,-0.00111504156020587
"published:M1/brown","ENSG00000090920.9",0.523626875519637,0.00429503269325138,0.0388438286036631
"published:M1/brown","ENSG00000183401.7",0.0883391805911697,0.000724599302428056,-0.00138087578757828
"published:M1/brown","ENSG00000092010.10",3.89106123530643,0.0319163052899057,0.0225446128185428
"published:M1/brown","ENSG00000101457.8",25.4179462060591,0.208489890519828,0.0277696461420331
"published:M1/brown","ENSG00000113716.8",8.52060107543686,0.0698899577086007,-0.00893964409532234
"published:M1/brown","ENSG00000050748.13",1.89649085110558,0.0155559055288505,-0.0186502694022749
"published:M1/brown","ENSG00000138449.6",27.0061713479439,0.221517256431613,0.0205496710711683
"published:M1/brown","ENSG00000086102.14",8.15169606163927,0.0668640261358704,-0.0140131506408887
"published:M1/brown","ENSG00000135205.10",0.0446150851269924,0.000365953808315248,0.0217952597337922
"published:M1/brown","ENSG00000213903.4",48.1720798652876,0.395129943851721,0.0215348371556686
"published:M1/brown","ENSG00000110911.10",5.47938203715514,0.0449444558494841,0.0214877412530949
"published:M1/brown","ENSG00000100629.12",1.81858843743656,0.0149169134731818,-0.019561450264476
"published:M1/brown","ENSG00000224113.2",2.53750811490411,0.0208138291261085,-0.0127441417415215
"published:M1/brown","ENSG00000169714.12",7.00064797223872,0.0574225910098109,0.0296909959152056
"published:M1/brown","ENSG00000230043.1",0.664647455777891,0.0054517494909318,-0.018493320451921
"published:M1/brown","ENSG00000130382.7",2.86584660505107,0.0235070150865016,0.0233597761198264
"published:M1/brown","ENSG00000198814.8",35.774085916959,0.293435795158609,0.0191952405073034
"published:M1/brown","ENSG00000101558.9",21.5593064274246,0.176839521190964,-0.01441654657519
"published:M1/brown","ENSG00000111817.12",5.07882567435135,0.0416589050992007,0.0198087645636468
"published:M1/brown","ENSG00000272037.1",4.12020045434961,0.0337958124029046,0.0183611738802319
"published:M1/brown","ENSG00000112053.9",24.8379525880106,0.203732511424411,0.0206867571607962
"published:M1/brown","ENSG00000187961.9",0.331841097067711,0.00272191598159628,0.00974135148802498
"published:M1/brown","ENSG00000163328.9",2.68610748773817,0.022032710727412,-0.0135740677131314
"published:M1/brown","ENSG00000011376.5",4.0012045416595,0.0328197522362829,-0.00977381726616347
"published:M1/brown","ENSG00000165650.7",13.496877742534,0.110707707856806,-0.0137567183510026
"published:M1/brown","ENSG00000109016.13",6.97183492384039,0.0571862529021837,0.0214833670679676
"published:M1/brown","ENSG00000142178.7",0.0467770213002558,0.000383687020606299,-0.00746492444048855
"published:M1/brown","ENSG00000106351.8",3.31062965614865,0.0271553338325026,-0.0086634251156519
"published:M1/brown","ENSG00000136161.8",16.5371071722512,0.135645092483335,-0.0158763132012609
"published:M1/brown","ENSG00000079691.15",0.256597752755902,0.00210473485725448,-0.0224794637178027
"published:M1/brown","ENSG00000143753.8",9.56088496888253,0.0784228530611892,-0.016125019746152
"published:M1/brown","ENSG00000138111.10",0.0978574757754171,0.000802672814143416,0.0279841008555917
"published:M1/brown","ENSG00000213139.3",1.49167564480539,0.0122354217510474,-0.0112974798024663
"published:M1/brown","ENSG00000267040.2",0.973284704020187,0.00798333664493396,-0.0175903178305967
"published:M1/brown","ENSG00000111962.7",0.330294082687317,0.0027092266456371,0.011334357158188
"published:M1/brown","ENSG00000162729.9",1.68708155573441,0.0138382324835215,-0.00310271670621263
"published:M1/brown","ENSG00000122507.16",3.65293999284522,0.0299631234171961,-0.0154790898039617
"published:M1/brown","ENSG00000163823.3",1.74728928992698,0.0143320844969176,0.0146987850198961
"published:M1/brown","ENSG00000111261.9",55.8905290156839,0.458440276059655,0.0218321618474056
"published:M1/brown","ENSG00000140265.8",0.0266349920211613,0.000218472669879388,-0.0166422735283332
"published:M1/brown","ENSG00000131238.12",1.71180101661876,0.0140409930705377,-0.0139822580439428
"published:M1/brown","ENSG00000100802.10",0.0114151402010237,9.36323222767935e-05,0.0291366928332039
"published:M1/brown","ENSG00000079385.17",2.95414717582827,0.0242312976931659,0.0231849517664243
"published:M1/brown","ENSG00000107968.5",4.81146347333463,0.0394658751994904,-0.010884555535711
"published:M1/brown","ENSG00000259948.2",2.27273726495856,0.0186420547006504,-0.016077083094733
"published:M1/brown","ENSG00000128739.16",1.36324731666971,0.0111819924985192,-0.013792160596649
"published:M1/brown","ENSG00000164938.9",38.0460989232127,0.312071909150405,0.0178327069479921
"published:M1/brown","ENSG00000217060.1",0.0878496656716303,0.000720584071962336,0.0227110565487033
"published:M1/brown","ENSG00000177406.4",0.242116560857401,0.00198595334402603,-0.0176589639704997
"published:M1/brown","ENSG00000166261.6",9.9201194059665,0.0813694620378317,-0.0184464068887591
"published:M1/brown","ENSG00000245105.1",1.29718986721668,0.0106401583828581,-0.013851513321809
"published:M1/brown","ENSG00000214013.5",1.82411783492535,0.0149622681791731,0.014690245250455
"published:M1/brown","ENSG00000129295.4",1.20680082398121,0.00989874514767455,-0.0196080141837465
"published:M1/brown","ENSG00000159496.10",15.468323386832,0.126878427678674,-0.00763656162347411
"published:M1/brown","ENSG00000167107.8",0.422809833243165,0.00346808412957301,-0.00153986218085491
"published:M1/brown","ENSG00000116704.6",4.39331491539165,0.0360360250314318,-0.0167107789587863
"published:M1/brown","ENSG00000125485.13",6.38765301068006,0.0523945194501148,-0.0145011437103886
"published:M1/brown","ENSG00000213626.7",3.28154002321923,0.0269167270491083,-0.0121408054416623
"published:M1/brown","ENSG00000117118.5",4.8205493300506,0.0395404016485053,0.020748004187932
"published:M1/brown","ENSG00000257743.4",31.2187908049391,0.256071132746815,-0.00852331665287502
"published:M1/brown","ENSG00000221978.7",0.783861082378841,0.00642959544894153,-0.00912526977156781
"published:M1/brown","ENSG00000136827.11",3.7862401734291,0.0310565138835581,-0.00678596661825009
"published:M1/brown","ENSG00000163606.6",1.64533407289718,0.0134958000912404,0.0118068727215858
"published:M1/brown","ENSG00000171467.11",2.79544391583015,0.0229295392806684,-0.0131806506361212
"published:M1/brown","ENSG00000213995.7",1.41888284195262,0.0116383411146195,-0.00981116133694806
"published:M1/brown","ENSG00000074319.8",21.0044307312979,0.172288171046475,0.0228487831382514
"published:M1/brown","ENSG00000196843.11",4.74240988830961,0.03889946537766,-0.00625662722253504
"published:M1/brown","ENSG00000077984.4",0.652288293031167,0.00535037385392747,0.0145266012124851
"published:M1/brown","ENSG00000138674.12",7.29243709760617,0.0598159819749799,-0.0138250012734107
"published:M1/brown","ENSG00000168374.6",2.76695387246191,0.0226958506114661,0.0226008632884685
"published:M1/brown","ENSG00000145029.7",0.761632585673043,0.00624726691590264,0.00858433122215864
"published:M1/brown","ENSG00000091127.9",0.18451929678767,0.00151351362829175,0.0163249096649042
"published:M1/brown","ENSG00000008311.10",0.0739116081508158,0.000606257601089525,0.010828627840874
"published:M1/brown","ENSG00000126870.11",1.25100523244121,0.0102613303937682,0.0154743917844411
"published:M1/brown","ENSG00000160226.11",1.27107769398061,0.0104259741173361,0.0258414983656673
"published:M1/brown","ENSG00000005020.8",6.38039038538341,0.0523349479984833,0.0128878091602021
"published:M1/brown","ENSG00000104299.10",0.592929038017704,0.0048634814638513,0.00497846414570157
"published:M1/brown","ENSG00000153487.11",0.738263464120604,0.00605558244405294,-0.0126406252149947
"published:M1/brown","ENSG00000101181.13",1.70522140913019,0.0139870240506242,0.0295444792667468
"published:M1/brown","ENSG00000128944.9",0.0782171883006112,0.000641573984513187,0.0107879171943426
"published:M1/brown","ENSG00000246430.2",0.393626462708861,0.00322870846647376,-0.00635704091768805
"published:M1/brown","ENSG00000130772.9",0.602479918406267,0.00494182225466251,-0.00181861824580625
"published:M1/brown","ENSG00000118420.12",7.24556636050713,0.0594315262535326,-0.0133751931486037
"published:M1/brown","ENSG00000186275.7",0.125165375528236,0.00102666498816236,-0.0124010110188404
"published:M1/brown","ENSG00000186577.7",0.363495714972053,0.00298156197218186,0.022415944501589
"published:M1/brown","ENSG00000169432.10",0.152755433549838,0.00125297155635346,0.0263802443326372
"published:M1/brown","ENSG00000147533.12",12.5036083524091,0.1025604474635,-0.0114630875175716
"published:M1/brown","ENSG00000089818.12",3.07862534212346,0.0252523258695811,0.0167873388145979
"published:M1/brown","ENSG00000115604.6",2.99412766980644,0.0245592364158645,-0.00992199972052176
"published:M1/brown","ENSG00000169413.2",0.118641235055152,0.000973150934668726,-0.00744968966591936
"published:M1/brown","ENSG00000030419.12",1.40876053379522,0.011555313205817,-0.0116004083497158
"published:M1/brown","ENSG00000225889.3",8.53702997473765,0.0700247152294804,0.012803466999602
"published:M1/brown","ENSG00000198700.5",15.1795165978306,0.124509499232129,-0.00776753265978926
"published:M1/brown","ENSG00000240303.3",0.929594955508644,0.00762497288060123,0.00911515655177249
"published:M1/brown","ENSG00000185950.7",9.29298549786514,0.0762254162214881,0.0142720705183551
"published:M1/brown","ENSG00000175471.15",27.535059515178,0.225855444701819,0.0103383005528108
"published:M1/brown","ENSG00000158887.11",3.2880440218223,0.0269700758895576,0.0134893701984716
"published:M1/brown","ENSG00000126768.8",0.542465338824993,0.00444955458578568,0.0185567591496607
"published:M1/brown","ENSG00000235117.2",3.95027738656918,0.0324020238760452,0.023144987334741
"published:M1/brown","ENSG00000267194.1",0.965115786814743,0.00791633136291702,0.00953574742847745
"published:M1/brown","ENSG00000179899.7",0.667615129344105,0.00547609173840934,-0.00441775309962248
"published:M1/brown","ENSG00000163171.6",4.2010678291711,0.0344591244575638,-0.00752565853808405
"published:M1/brown","ENSG00000185101.8",4.47432858048216,0.0367005370273421,-0.00137175610824183
"published:M1/brown","ENSG00000162747.5",43.0411407446535,0.353043579876732,0.013834204154831
"published:M1/brown","ENSG00000232533.1",1.53799228873336,0.0126153325409871,-0.016639313354743
"published:M1/brown","ENSG00000121940.11",5.88998368749813,0.0483124027494136,-0.0088309403231127
"published:M1/brown","ENSG00000049249.4",3.66128345860473,0.0300315604281432,-0.00488542523553009
"published:M1/brown","ENSG00000272005.1",0.775436694659163,0.00636049467820524,-0.00776692028410261
"published:M1/brown","ENSG00000184903.5",2.0859440066407,0.0171098889756617,-0.00523824840004512
"published:M1/brown","ENSG00000176658.12",0.533268237630551,0.00437411565749525,0.00617737131485489
"published:M1/brown","ENSG00000169230.5",2.03168530805992,0.0166648337365346,0.0126916072227706
"published:M1/brown","ENSG00000132965.5",44.6607664105406,0.366328507582001,0.0115978819026562
"published:M1/brown","ENSG00000211868.1",1.04298719933016,0.00855506913261511,-0.013942336012816
"published:M1/brown","ENSG00000161405.12",8.05422118275767,0.0660644915605074,0.00833776290324721
"published:M1/brown","ENSG00000185627.13",2.17779509348856,0.0178632945767983,0.0170434010724038
"published:M1/brown","ENSG00000163754.13",2.63007672074027,0.0215731201537901,0.0114793033954152
"published:M1/brown","ENSG00000065600.8",0.393318627137287,0.00322618345504697,-0.00891555221554565
"published:M1/brown","ENSG00000097046.8",0.205487556143912,0.00168550510479161,0.00898013192840225
"published:M1/brown","ENSG00000177646.13",10.9629092022458,0.0899229119782379,0.00110933045843186
"published:M1/brown","ENSG00000206149.6",0.092365621502507,0.000757626055179195,-0.00686347953108098
"published:M1/brown","ENSG00000005100.8",0.556429382151478,0.0045640942043981,0.018130252835689
"published:M1/brown","ENSG00000233429.5",0.239391640495684,0.0019636022719416,-0.00786528257422713
"published:M1/brown","ENSG00000131724.6",26.0268621401338,0.213484503987093,-0.00523780311930022
"published:M1/brown","ENSG00000248774.1",1.93934431876049,0.0159074097262131,0.00509116987621157
"published:M1/brown","ENSG00000189362.7",5.03277946152298,0.0412812125117032,0.0070813167934095
"published:M1/brown","ENSG00000130338.8",5.55111344467543,0.0455328304246563,0.00620125118462858
"published:M1/brown","ENSG00000205531.8",4.40051662928754,0.0360950968592473,0.0160572635860642
"published:M1/brown","ENSG00000111786.4",0.489843820889121,0.0040179282685177,0.00197794081254149
"published:M1/brown","ENSG00000129559.8",1.057577923571,0.00867474908137716,0.01255648898229
"published:M1/brown","ENSG00000081913.9",7.54551307880474,0.0618918296137129,0.00224303863087436
"published:M1/brown","ENSG00000163464.7",66.9667964734231,0.549293005501733,0.0108455458199977
"published:M1/brown","ENSG00000150782.7",0.432496146963983,0.00354753580795891,0.00165512802669554
"published:M1/brown","ENSG00000160856.16",1.01632328083282,0.0083363591942403,0.00882633133737923
"published:M1/brown","ENSG00000154957.9",3.7159257007965,0.0304797616714681,0.0104851126214601
"published:M1/brown","ENSG00000173597.4",32.0491763273278,0.26288234342641,0.00689705260368936
"published:M1/brown","ENSG00000130856.11",4.29387238015868,0.035220350817801,0.0100194252700308
"published:M1/brown","ENSG00000137462.6",24.7208946400203,0.202772347351236,0.0104018523090725
"published:M1/brown","ENSG00000169641.9",0.60676898976684,0.00497700322527077,0.015707864166775
"published:M1/brown","ENSG00000211752.3",0.613431464643436,0.00503165196228326,-0.00833787914157214
"published:M1/brown","ENSG00000119121.17",16.2832943244576,0.133563200719932,0.00715377625526877
"published:M1/brown","ENSG00000132825.5",49.7090074373865,0.40773654308858,-0.00571564306369465
"published:M1/brown","ENSG00000135127.7",4.24552579200217,0.0348237894752738,0.00251709204020811
"published:M1/brown","ENSG00000237135.1",8.25787680610109,0.0677349702951149,-0.0148702288175079
"published:M1/brown","ENSG00000106133.13",1.11677582036949,0.0091603179358576,0.00010783986692288
"published:M1/brown","ENSG00000131873.5",24.3104240083034,0.199405475127394,0.0120575390049373
"published:M1/brown","ENSG00000138463.8",21.8720526658397,0.179404812205394,0.0105535653986901
"published:M1/brown","ENSG00000160299.12",2.11042412421272,0.0173106863568162,-0.00172595831711692
"published:M1/brown","ENSG00000178726.6",7.23947454569126,0.0593815583374101,0.0106894349815759
"published:M1/brown","ENSG00000137393.8",30.9014439761071,0.253468105536685,-0.00526801874553907
"published:M1/brown","ENSG00000185404.12",2.03183096246448,0.0166660284621279,-0.00678131418501133
"published:M1/brown","ENSG00000064225.8",9.30810304401444,0.0763494174100989,0.00328426078547238
"published:M1/brown","ENSG00000143493.8",1.48927985724083,0.0122157703802012,0.00699515785289563
"published:M1/brown","ENSG00000162894.7",8.92574308379234,0.0732131220698063,-0.00654423879276838
"published:M1/brown","ENSG00000153898.8",0.575025728580955,0.00471663014100443,-0.00751729777045672
"published:M1/brown","ENSG00000144791.5",4.32031476123958,0.0354372436026054,-0.00255438434133914
"published:M1/brown","ENSG00000099949.14",3.8192524166776,0.0313272957525925,0.0209466357025897
"published:M1/brown","ENSG00000157017.11",3.3894561112878,0.0278019053087657,0.00945176370864967
"published:M1/brown","ENSG00000086730.12",56.7801746359264,0.465737565795896,0.0086062482981285
"published:M1/brown","ENSG00000206530.4",4.61727156495563,0.0378730222840914,-0.00611351997073288
"published:M1/brown","ENSG00000101224.13",7.84768158807,0.0643703571432202,0.0112249848168765
"published:M1/brown","ENSG00000258082.1",22.3111274383573,0.183006308978976,0.00588152480644933
"published:M1/brown","ENSG00000185324.17",0.36656472759269,0.003006735450011,0.0174763556305313
"published:M1/brown","ENSG00000155093.13",0.548362780673406,0.00449792816386138,-0.00624766782025513
"published:M1/brown","ENSG00000228305.1",0.342500206087227,0.00280934698229561,0.00590624809666008
"published:M1/brown","ENSG00000131944.5",0.19043158985328,0.00156200902300135,-0.00275367714800152
"published:M1/brown","ENSG00000264198.1",8.14300927534096,0.0667927730491882,0.00604778334945375
"published:M1/brown","ENSG00000255776.1",0.705592554519444,0.00578760035333999,-0.0076552215905016
"published:M1/brown","ENSG00000131876.12",6.9766057102186,0.0572253851248118,-0.00318060198684145
"published:M1/brown","ENSG00000140400.10",0.170167220605727,0.00139579118259737,0.00951233915901481
"published:M1/brown","ENSG00000150477.10",2.66680914951115,0.0218744167255463,0.00179314361646425
"published:M1/brown","ENSG00000077585.9",0.0128359919795439,0.000105286813530613,-0.00523802602289009
"published:M1/brown","ENSG00000140386.8",0.850803002969693,0.00697868441081237,-0.00109317670306866
"published:M1/brown","ENSG00000062282.10",86.245590016608,0.70742669272367,-0.00106438492066864
"published:M1/brown","ENSG00000078403.12",3.34233706722977,0.0274154128574316,0.0064044028593122
"published:M1/brown","ENSG00000150048.6",0.844954267326054,0.006930710343823,0.00882832237023401
"published:M1/brown","ENSG00000180573.8",15.5740234632258,0.127745429173469,0.00934747189682732
"published:M1/brown","ENSG00000178075.15",1.55739041132054,0.0127744450208746,-0.00322012360582986
"published:M1/brown","ENSG00000186153.12",1.85829803446309,0.0152426301723018,0.00514919834401374
"published:M1/brown","ENSG00000074603.14",1.61997106696246,0.0132877608465384,0.00675364733910416
"published:M1/brown","ENSG00000204282.3",1.10590392587021,0.00907114156906847,0.00725041072474273
"published:M1/brown","ENSG00000157593.12",1.3532435689636,0.011099937078025,-0.00267076053474516
"published:M1/brown","ENSG00000182871.10",0.466586328805817,0.00382715943381704,0.00635216131369386
"published:M1/brown","ENSG00000198833.6",0.512927005049228,0.00420726734805523,0.00849950805885315
"published:M1/brown","ENSG00000007923.11",4.41664188411638,0.0362273637460609,0.0103085255974051
"published:M1/brown","ENSG00000172164.9",0.236629776866957,0.00194094817389151,0.00347902337458155
"published:M1/brown","ENSG00000177570.9",0.165028176916403,0.001353638341157,0.00341952806861725
"published:M1/brown","ENSG00000057704.6",67.5941115130451,0.55443853704358,0.000541405795944311
"published:M1/brown","ENSG00000105058.7",4.38619762259989,0.0359776456650218,0.0011942917514477
"published:M1/brown","ENSG00000143466.9",3.96804399208619,0.0325477538893642,0.010392851843426
"published:M1/brown","ENSG00000171723.11",0.234472591350321,0.00192325392870946,0.0113991941622467
"published:M1/brown","ENSG00000221829.5",0.18556270590368,0.00152207215818243,0.0148149349845063
"published:M1/brown","ENSG00000125450.6",0.480730618067077,0.00394317751394257,0.0166703315109607
"published:M1/brown","ENSG00000174177.8",0.459426393593251,0.00376843029431477,0.00713884911418996
"published:M1/brown","ENSG00000178146.9",46.8926713991576,0.38463563684237,-0.00068749570422254
"published:M1/brown","ENSG00000168807.12",0.0727348530586631,0.000596605305095875,0.00260896546721228
"published:M1/brown","ENSG00000067141.12",0.0358488704531577,0.000294049212924082,0.00722329284444598
"published:M1/brown","ENSG00000160953.10",4.08543206807216,0.0335106258268622,0.0145727819421223
"published:M1/brown","ENSG00000136048.9",7.71686943925398,0.0632973746778307,0.00465191105986194
"published:M1/brown","ENSG00000135482.2",0.0978136735695171,0.000802313527950952,0.0112138844046159
"published:M1/brown","ENSG00000105352.6",31.5488683351347,0.258778583127568,0.000481732014065706
"published:M1/brown","ENSG00000184205.10",3.85948096507032,0.0316572691336901,0.0135636709574343
"published:M1/brown","ENSG00000163703.13",2.74684040886889,0.0225308705698652,0.00390872959163094
"published:M1/brown","ENSG00000223705.5",1.621386726213,0.0132993727462476,0.00779549115110602
"published:M1/brown","ENSG00000128512.15",23.1169230833007,0.189615821975567,0.00245019205289415
"published:M1/brown","ENSG00000136271.6",6.11243635444598,0.0501370636327837,0.00592701122794127
"published:M7/lightsteelblue1","ENSG00000114670.9",0.0403165894341275,0.00124188855065605,0.311293110616117
"published:M7/lightsteelblue1","ENSG00000065183.11",12.5360094844468,0.386151876142373,-0.231549271399971
"published:M7/lightsteelblue1","ENSG00000143420.13",1.17210817676881,0.0361049321207551,0.23420434120427
"published:M7/lightsteelblue1","ENSG00000131795.8",0.700604663707356,0.0215810147288374,-0.229480776808865
"published:M7/lightsteelblue1","ENSG00000094880.6",11.6523211042395,0.358931258100753,-0.218371101138493
"published:M7/lightsteelblue1","ENSG00000086827.4",4.62937480084455,0.142600543412977,-0.213403242204945
"published:M7/lightsteelblue1","ENSG00000035687.9",0.47815524963674,0.0147288135800816,-0.221402584096635
"published:M7/lightsteelblue1","ENSG00000110002.11",1.1456715685909,0.0352905943636397,-0.203908730067644
"published:M7/lightsteelblue1","ENSG00000102241.7",12.3678124598014,0.380970833745352,-0.219969718679064
"published:M7/lightsteelblue1","ENSG00000102054.13",18.2214842508625,0.561283902847955,-0.214951231784033
"published:M7/lightsteelblue1","ENSG00000147475.10",0.0169609151573386,0.000522454072583762,-0.206656221751025
"published:M7/lightsteelblue1","ENSG00000171115.3",4.70910155670361,0.145056399592084,-0.215919506363913
"published:M7/lightsteelblue1","ENSG00000165733.7",18.6941988956756,0.57584512723128,-0.20577521484731
"published:M7/lightsteelblue1","ENSG00000153201.11",9.30136277490128,0.286513717994962,-0.208756714580462
"published:M7/lightsteelblue1","ENSG00000081189.9",0.521636812614621,0.0160681941175918,-0.214874302721361
"published:M7/lightsteelblue1","ENSG00000113013.8",31.9128085635213,0.983023418661683,-0.20993682232509
"published:M7/lightsteelblue1","ENSG00000088205.8",11.2700411992671,0.347155732348337,-0.208397026509884
"published:M7/lightsteelblue1","ENSG00000069248.9",11.600812064418,0.357344603879563,-0.208885085048748
"published:M7/lightsteelblue1","ENSG00000252391.1",0.35610495137012,0.0109692478492272,0.194141059586865
"published:M7/lightsteelblue1","ENSG00000125630.11",7.25707097991567,0.223542553766381,-0.204472293665942
"published:M7/lightsteelblue1","ENSG00000175792.7",6.5621622521282,0.202136993303479,-0.194915112845131
"published:M7/lightsteelblue1","ENSG00000133561.11",5.6112107067382,0.172844440212447,-0.207723229932036
"published:M7/lightsteelblue1","ENSG00000004487.11",15.2819209709772,0.470735321421362,-0.200140752825925
"published:M7/lightsteelblue1","ENSG00000035928.10",13.3492594285655,0.411202749953833,-0.203447097836211
"published:M7/lightsteelblue1","ENSG00000148672.7",10.9332987677438,0.336782916192541,-0.205513418592357
"published:M7/lightsteelblue1","ENSG00000155380.7",4.79300762609466,0.147640992891514,-0.186894582645183
"published:M7/lightsteelblue1","ENSG00000160695.10",15.2655739404576,0.470231777090744,-0.191243769253033
"published:M7/lightsteelblue1","ENSG00000167447.8",1.71049925901436,0.0526892149234587,-0.202903898766093
"published:M7/lightsteelblue1","ENSG00000167721.6",8.14735948603746,0.250966478211672,-0.192033524833074
"published:M7/lightsteelblue1","ENSG00000172053.10",6.26780324348861,0.193069731222462,-0.193316634913388
"published:M7/lightsteelblue1","ENSG00000168872.11",5.55627919321557,0.171152362120737,-0.181361600177718
"published:M7/lightsteelblue1","ENSG00000156709.9",16.6007659508869,0.511360247875427,-0.181519790511428
"published:M7/lightsteelblue1","ENSG00000166197.12",18.3152913079767,0.564173480360237,-0.183671225268216
"published:M7/lightsteelblue1","ENSG00000159921.10",4.34255285257244,0.133765448514437,-0.178211866769902
"published:M7/lightsteelblue1","ENSG00000130826.11",12.5072652108329,0.385266454414022,-0.184497840029922
"published:M7/lightsteelblue1","ENSG00000055130.11",7.15780809469221,0.22048491812819,-0.186738359046388
"published:M7/lightsteelblue1","ENSG00000167699.9",8.31757043978561,0.256209556498377,-0.184044912201609
"published:M7/lightsteelblue1","ENSG00000069275.12",7.02149423459281,0.216285986012918,-0.183660441017512
"published:M7/lightsteelblue1","ENSG00000196372.8",0.40412551617809,0.0124484451342182,-0.176507926352016
"published:M7/lightsteelblue1","ENSG00000183199.6",5.12040785788769,0.157726037411716,-0.170105226321568
"published:M7/lightsteelblue1","ENSG00000136940.9",1.98254870931366,0.0610692664675256,-0.184530287806213
"published:M7/lightsteelblue1","ENSG00000124228.10",13.4230819467869,0.413476735463186,-0.181895034412168
"published:M7/lightsteelblue1","ENSG00000115053.11",14.0057561569007,0.431425089737675,-0.180599709360283
"published:M7/lightsteelblue1","ENSG00000067704.8",22.0577639335629,0.679454409875694,-0.180278591660928
"published:M7/lightsteelblue1","ENSG00000096384.15",11.9498056130401,0.368094796253716,-0.182977238770547
"published:M7/lightsteelblue1","ENSG00000134333.9",1.14164179650366,0.0351664636301839,-0.183002315136271
"published:M7/lightsteelblue1","ENSG00000159131.12",9.27950663898291,0.285840474416089,-0.176416028211902
"published:M7/lightsteelblue1","ENSG00000171824.9",16.667375336736,0.513412044290084,-0.176585800867987
"published:M7/lightsteelblue1","ENSG00000001497.12",8.83209883130949,0.272058786986114,-0.172962954676642
"published:M7/lightsteelblue1","ENSG00000165732.8",24.6839582839949,0.760350158781436,-0.181959153772958
"published:M7/lightsteelblue1","ENSG00000077097.9",14.0879279942898,0.433956262772701,-0.182575699777225
"published:M7/lightsteelblue1","ENSG00000091009.6",7.62445350496704,0.234859189374109,-0.182327199142393
"published:M7/lightsteelblue1","ENSG00000135387.15",13.175333112111,0.405845225815646,-0.180635661841878
"published:M7/lightsteelblue1","ENSG00000082516.8",15.2093730063593,0.468500596512909,-0.170554796304165
"published:M7/lightsteelblue1","ENSG00000108592.12",17.67432617081,0.544429566591997,-0.168514803320453
"published:M7/lightsteelblue1","ENSG00000111880.11",0.44275273633963,0.013638295345647,0.181434596323444
"published:M7/lightsteelblue1","ENSG00000113552.11",2.19945184067017,0.0677506231798342,-0.170386619816783
"published:M7/lightsteelblue1","ENSG00000132718.7",1.9120140612391,0.0588965585798341,-0.172005036058482
"published:M7/lightsteelblue1","ENSG00000196305.13",8.12790853224165,0.250367322450795,-0.174306363498614
"published:M7/lightsteelblue1","ENSG00000129675.11",4.93924882416199,0.15214572089711,-0.181277721978871
"published:M7/lightsteelblue1","ENSG00000085721.8",9.19920566616093,0.283366930394785,-0.17851740728591
"published:M7/lightsteelblue1","ENSG00000249565.2",8.36879218579605,0.257787361089683,-0.169190710129323
"published:M7/lightsteelblue1","ENSG00000132305.16",15.3234573473007,0.472014783571209,-0.171465961496669
"published:M7/lightsteelblue1","ENSG00000109670.9",0.490085954292088,0.0150963200016489,0.17785157558668
"published:M7/lightsteelblue1","ENSG00000091483.6",4.51675682274715,0.139131525334806,-0.172048416051279
"published:M7/lightsteelblue1","ENSG00000125166.8",11.4738566460426,0.353433943708725,-0.164684748477877
"published:M7/lightsteelblue1","ENSG00000138757.10",13.2424262716715,0.407911924111683,-0.175847737125211
"published:M7/lightsteelblue1","ENSG00000072042.8",3.6967513379283,0.113872557813866,-0.177171779263437
"published:M7/lightsteelblue1","ENSG00000101266.12",3.08557391671166,0.0950462073590843,-0.173525213720311
"published:M7/lightsteelblue1","ENSG00000134954.10",10.7532936399716,0.331238143919459,-0.172915297497894
"published:M7/lightsteelblue1","ENSG00000135829.12",16.0243799894246,0.493605593120503,-0.175031248979673
"published:M7/lightsteelblue1","ENSG00000059573.4",9.7415598947392,0.300073291630318,-0.164680932985536
"published:M7/lightsteelblue1","ENSG00000163214.16",2.35404132373418,0.0725125068551065,-0.165371681733273
"published:M7/lightsteelblue1","ENSG00000092201.5",18.1049916009631,0.557695531654453,-0.169802868963407
"published:M7/lightsteelblue1","ENSG00000198689.5",7.43844108274927,0.229129371929866,-0.169655837324505
"published:M7/lightsteelblue1","ENSG00000182890.3",10.5688603953961,0.325556970536156,-0.159657339860272
"published:M7/lightsteelblue1","ENSG00000116005.7",4.56289827814028,0.140552839636626,-0.164251805720633
"published:M7/lightsteelblue1","ENSG00000136628.13",21.114180885203,0.650388831641059,-0.169446314527833
"published:M7/lightsteelblue1","ENSG00000231889.3",0.368432593247321,0.0113489812919307,0.162751107307584
"published:M7/lightsteelblue1","ENSG00000198668.6",4.41484724169012,0.135992362432059,-0.16101132079129
"published:M7/lightsteelblue1","ENSG00000251474.2",4.5471175027319,0.140066737895997,0.168000670734287
"published:M7/lightsteelblue1","ENSG00000145833.11",7.872069168571,0.242486596898133,-0.168594597545848
"published:M7/lightsteelblue1","ENSG00000010165.15",3.54693799358857,0.109257795511738,-0.153372108976989
"published:M7/lightsteelblue1","ENSG00000149136.3",21.4088167684997,0.659464622406456,-0.156684650973864
"published:M7/lightsteelblue1","ENSG00000273247.1",8.30433530696946,0.255801869237587,0.162427717802829
"published:M7/lightsteelblue1","ENSG00000171867.12",4.65091845319163,0.143264161431383,-0.166885806377861
"published:M7/lightsteelblue1","ENSG00000170037.9",0.416716554727116,0.0128362920933577,-0.150787480947541
"published:M7/lightsteelblue1","ENSG00000134684.6",7.10164628082815,0.218754942587084,-0.152856633143938
"published:M7/lightsteelblue1","ENSG00000163481.3",0.189427978321191,0.00583502822914565,-0.158272228776643
"published:M7/lightsteelblue1","ENSG00000112992.12",6.29750315549364,0.19398458987475,-0.16078147409051
"published:M7/lightsteelblue1","ENSG00000143374.10",4.80499054634073,0.148010107731481,-0.144410828309352
"published:M7/lightsteelblue1","ENSG00000090861.11",18.4726553258557,0.569020829176995,-0.154383554402456
"published:M7/lightsteelblue1","ENSG00000270344.1",0.0814257242964331,0.00250819020537035,0.161067191289031
"published:M7/lightsteelblue1","ENSG00000137124.6",1.47993184408996,0.0455869516425623,-0.163775793242577
"published:M7/lightsteelblue1","ENSG00000152234.11",8.83818580773835,0.272246286634304,-0.159528388265424
"published:M7/lightsteelblue1","ENSG00000164885.8",0.159560012601616,0.00491499294890121,-0.15227744744168
"published:M7/lightsteelblue1","ENSG00000123200.12",2.48815661135896,0.0766437154346738,-0.15648540814648
"published:M7/lightsteelblue1","ENSG00000135624.11",17.5787233667382,0.541484673944732,-0.158198220054086
"published:M7/lightsteelblue1","ENSG00000168827.10",7.69591487494919,0.237060443459354,-0.157712596744039
"published:M7/lightsteelblue1","ENSG00000156471.8",3.33752770767254,0.102807244011253,-0.156286559080527
"published:M7/lightsteelblue1","ENSG00000006744.14",12.5279712247734,0.385904270310737,-0.150978286400814
"published:M7/lightsteelblue1","ENSG00000142230.7",7.99688413140585,0.246331323733185,-0.151789571210768
"published:M7/lightsteelblue1","ENSG00000147649.5",10.6287835750401,0.327402808980414,-0.161518815743145
"published:M7/lightsteelblue1","ENSG00000213740.2",1.41172206232532,0.0434858575717295,-0.149351247236346
"published:M7/lightsteelblue1","ENSG00000170606.9",13.6863131150187,0.421585153823747,-0.15750245275513
"published:M7/lightsteelblue1","ENSG00000150093.14",7.40724953940409,0.228168565941528,-0.157259792429996
"published:M7/lightsteelblue1","ENSG00000047315.10",14.0780123083893,0.433650825805822,-0.160643489152616
"published:M7/lightsteelblue1","ENSG00000146731.6",12.3666385815602,0.380934674289206,-0.158323557803228
"published:M7/lightsteelblue1","ENSG00000075856.7",18.6968775509522,0.575927638955757,-0.152025094016778
"published:M7/lightsteelblue1","ENSG00000156853.7",1.74401729426288,0.0537216848024805,-0.146457334810264
"published:M7/lightsteelblue1","ENSG00000113569.11",6.70281590513741,0.206469605851608,-0.153417746058327
"published:M7/lightsteelblue1","ENSG00000145907.10",9.00422373895094,0.277360821584847,-0.150248534146095
"published:M7/lightsteelblue1","ENSG00000230673.3",0.333552602743464,0.0102745585428411,0.145415168286116
"published:M7/lightsteelblue1","ENSG00000122692.7",7.03800212253575,0.216794485301167,-0.156320666205053
"published:M7/lightsteelblue1","ENSG00000111667.9",29.1923349776143,0.899223547538647,-0.14506008990392
"published:M7/lightsteelblue1","ENSG00000116977.14",0.553656665447746,0.0170545148650876,-0.155904575969631
"published:M7/lightsteelblue1","ENSG00000092148.8",6.90020283253913,0.212549796875452,-0.15090874189153
"published:M7/lightsteelblue1","ENSG00000134440.7",11.3878294651924,0.350784012937231,-0.159758161104486
"published:M7/lightsteelblue1","ENSG00000003056.3",9.71694667222777,0.299315120374746,-0.154711879200729
"published:M7/lightsteelblue1","ENSG00000123353.5",0.071628826546799,0.00220641231894726,0.162091076187615
"published:M7/lightsteelblue1","ENSG00000158669.7",1.41492987110296,0.0435846690299792,-0.149308038404503
"published:M7/lightsteelblue1","ENSG00000163961.4",0.668808442267946,0.0206015825914974,-0.152774917534713
"published:M7/lightsteelblue1","ENSG00000269378.1",7.02442568042978,0.216376284549399,-0.156884563619822
"published:M7/lightsteelblue1","ENSG00000101365.16",18.344617590048,0.565076829935408,-0.148710511705565
"published:M7/lightsteelblue1","ENSG00000166477.8",5.7577841676917,0.177359403048914,-0.148268471834503
"published:M7/lightsteelblue1","ENSG00000214413.3",9.21696073374178,0.283913847072367,0.147724397498159
"published:M7/lightsteelblue1","ENSG00000104635.9",0.865959938037941,0.0266745215175817,-0.140845018194754
"published:M7/lightsteelblue1","ENSG00000076003.4",4.42525275089988,0.136312887628578,-0.148183650867808
"published:M7/lightsteelblue1","ENSG00000065427.10",8.04724741951459,0.247882684891297,-0.151810244910295
"published:M7/lightsteelblue1","ENSG00000069998.8",0.557320730741219,0.0171673805811784,-0.140979005688252
"published:M7/lightsteelblue1","ENSG00000100220.7",7.23720639092148,0.222930656629703,-0.152698372692582
"published:M7/lightsteelblue1","ENSG00000084090.9",10.3425806347147,0.318586781639239,-0.150760733816593
"published:M7/lightsteelblue1","ENSG00000166508.13",2.30701418617814,0.071063910519933,-0.145959648628274
"published:M7/lightsteelblue1","ENSG00000012963.9",4.99480914338418,0.153857168350411,-0.147636557409683
"published:M7/lightsteelblue1","ENSG00000163374.15",1.02035525156014,0.031430424108287,0.150869892678491
"published:M7/lightsteelblue1","ENSG00000107362.9",0.625669400526272,0.0192727528770497,-0.146528822889179
"published:M7/lightsteelblue1","ENSG00000112685.9",4.98858312768377,0.153665385818132,-0.151287120526484
"published:M7/lightsteelblue1","ENSG00000070010.14",2.45919338324275,0.0757515491603829,0.154630967936508
"published:M7/lightsteelblue1","ENSG00000089737.11",16.7913630140833,0.517231287908686,-0.147493981426949
"published:M7/lightsteelblue1","ENSG00000197471.7",8.65528979605732,0.266612465270559,-0.145023229367407
"published:M7/lightsteelblue1","ENSG00000148843.9",15.4106115055528,0.474699429092931,-0.14183469051254
"published:M7/lightsteelblue1","ENSG00000172269.12",0.374710099181457,0.0115423498991394,-0.131257571836969
"published:M7/lightsteelblue1","ENSG00000167881.10",3.54481084203186,0.109192271984057,-0.136414527849167
"published:M7/lightsteelblue1","ENSG00000110108.5",7.72192439265252,0.23786162537224,-0.135677488441865
"published:M7/lightsteelblue1","ENSG00000113812.9",1.33305789173659,0.0410627326454353,-0.144446653536254
"published:M7/lightsteelblue1","ENSG00000147140.11",5.03982389463546,0.155243776319345,-0.141680248000364
"published:M7/lightsteelblue1","ENSG00000109445.6",2.31826813133884,0.0714105704393595,-0.150558309290832
"published:M7/lightsteelblue1","ENSG00000133706.13",14.2505054370385,0.43896420286829,-0.14755236650969
"published:M7/lightsteelblue1","ENSG00000189091.8",15.080007243176,0.464515689495743,-0.142090345724734
"published:M7/lightsteelblue1","ENSG00000155463.8",0.294059700445214,0.00905804236712369,-0.144859346221979
"published:M7/lightsteelblue1","ENSG00000124299.9",10.7224688854576,0.33028863627893,-0.128979363038319
"published:M7/lightsteelblue1","ENSG00000229164.5",4.37383611741763,0.134729079838011,-0.142236432542333
"published:M7/lightsteelblue1","ENSG00000162909.13",9.52044219165114,0.293262111724809,-0.145364367555797
"published:M7/lightsteelblue1","ENSG00000168003.12",11.9394740341542,0.367776548363488,-0.140911893043043
"published:M7/lightsteelblue1","ENSG00000101361.10",5.92307712226302,0.182450990176382,-0.142180991516647
"published:M7/lightsteelblue1","ENSG00000143799.8",27.255429689844,0.839560254230635,-0.142995532364949
"published:M7/lightsteelblue1","ENSG00000225855.2",0.210818317398474,0.00649392367560032,0.149999419753395
"published:M7/lightsteelblue1","ENSG00000163686.9",0.329028309886092,0.0101351948819202,-0.140303120753749
"published:M7/lightsteelblue1","ENSG00000114767.6",3.00145538734768,0.092455069567386,-0.134745034483383
"published:M7/lightsteelblue1","ENSG00000141720.7",14.0490387124982,0.432758340168679,-0.139157578267879
"published:M7/lightsteelblue1","ENSG00000175216.10",10.5682722573461,0.325538853876965,-0.141657251614026
"published:M7/lightsteelblue1","ENSG00000196419.8",28.8092533692605,0.88742332658596,-0.14265130970095
"published:M7/lightsteelblue1","ENSG00000167325.10",6.66616827908361,0.205340733894834,-0.140657129102061
"published:M7/lightsteelblue1","ENSG00000124198.8",12.371938047075,0.381097915913555,-0.139735419573978
"published:M7/lightsteelblue1","ENSG00000087269.11",8.49435690483281,0.261655182974589,-0.128663212635212
"published:M7/lightsteelblue1","ENSG00000145041.11",6.84193891784617,0.210755069454577,-0.135770574881789
"published:M7/lightsteelblue1","ENSG00000132383.7",6.13968688934983,0.189123310267964,-0.138514820645419
"published:M7/lightsteelblue1","ENSG00000021776.6",5.95982674845501,0.183583004085527,-0.141414533949614
"published:M7/lightsteelblue1","ENSG00000110031.8",4.44142313060773,0.136810990511307,-0.141072019736777
"published:M7/lightsteelblue1","ENSG00000087191.8",4.0362651158698,0.124330740897642,-0.130624501069897
"published:M7/lightsteelblue1","ENSG00000101544.4",0.0817152014489483,0.0025171070896215,-0.132163780260261
"published:M7/lightsteelblue1","ENSG00000149929.11",0.530073914438739,0.0163280856486751,-0.130469503916171
"published:M7/lightsteelblue1","ENSG00000125686.7",0.673176932364772,0.0207361469956558,-0.135511916439616
"published:M7/lightsteelblue1","ENSG00000112118.13",27.4931683642161,0.846883416777241,-0.13489540012998
"published:M7/lightsteelblue1","ENSG00000103174.7",2.18944685195457,0.0674424353814679,-0.125558070146513
"published:M7/lightsteelblue1","ENSG00000129757.8",0.504292962654874,0.0155339443461795,-0.129497028505674
"published:M7/lightsteelblue1","ENSG00000164062.8",8.34847244746799,0.257161443800147,-0.130557695141184
"published:M7/lightsteelblue1","ENSG00000101161.6",19.2874737113878,0.594120016336902,-0.138273826125384
"published:M7/lightsteelblue1","ENSG00000187091.9",0.574127816580978,0.0176850961857782,-0.125886795338347
"published:M7/lightsteelblue1","ENSG00000228002.2",2.64273480921003,0.0814052514868726,-0.12675449166536
"published:M7/lightsteelblue1","ENSG00000256238.1",2.36268799388562,0.072778853805905,-0.134777218071857
"published:M7/lightsteelblue1","ENSG00000259453.1",0.940831357313846,0.0289808167591977,0.129150250815446
"published:M7/lightsteelblue1","ENSG00000136811.12",5.43466700494176,0.167406291672882,-0.123025168912236
"published:M7/lightsteelblue1","ENSG00000181191.11",9.15737185683837,0.28207830629346,-0.133408923030203
"published:M7/lightsteelblue1","ENSG00000176476.4",0.762799105529788,0.0234968157997569,-0.125097293630231
"published:M7/lightsteelblue1","ENSG00000260290.2",0.753907797751747,0.0232229331751378,-0.119455066412539
"published:M7/lightsteelblue1","ENSG00000163755.4",0.335167175995648,0.0103242929093693,-0.137527320116463
"published:M7/lightsteelblue1","ENSG00000250896.1",0.422835785375842,0.0130247852815996,-0.127072088751075
"published:M7/lightsteelblue1","ENSG00000170445.8",4.37102898018211,0.134642610430706,-0.129184957744338
"published:M7/lightsteelblue1","ENSG00000031698.8",17.9080995402667,0.551630584214059,-0.131537202097541
"published:M7/lightsteelblue1","ENSG00000070061.10",12.6621540542037,0.390037559408428,-0.134990544349259
"published:M7/lightsteelblue1","ENSG00000128829.7",2.37988791299377,0.0733086700158679,-0.126292671738925
"published:M7/lightsteelblue1","ENSG00000110107.4",13.3470038503676,0.411133270447295,-0.123804231781193
"published:M7/lightsteelblue1","ENSG00000105618.9",11.7996626260401,0.363469879832618,-0.132297018700436
"published:M7/lightsteelblue1","ENSG00000234825.2",15.7241802004447,0.484358415071064,-0.124851121504719
"published:M7/lightsteelblue1","ENSG00000189241.6",9.93699439133266,0.306093341121836,-0.132478593005038
"published:M7/lightsteelblue1","ENSG00000089220.4",9.28044767693419,0.285869461596647,-0.131102849716044
"published:M7/lightsteelblue1","ENSG00000225205.1",0.588648315418957,0.0181323771068532,0.127012958548553
"published:M7/lightsteelblue1","ENSG00000107581.8",22.3823286320818,0.68945211029369,-0.133192094114082
"published:M7/lightsteelblue1","ENSG00000074800.9",24.235798026716,0.746545293335586,-0.137971995775345
"published:M7/lightsteelblue1","ENSG00000163866.8",0.335880356215223,0.0103462612941379,0.143703251385257
"published:M7/lightsteelblue1","ENSG00000168538.11",5.12264164280129,0.157794845610717,-0.13376715864134
"published:M7/lightsteelblue1","ENSG00000110063.4",2.00707141146842,0.0618246493871773,-0.127830520159306
"published:M7/lightsteelblue1","ENSG00000127022.10",15.4105692767949,0.474698128303067,-0.132941190696845
"published:M7/lightsteelblue1","ENSG00000180867.9",6.10963069296399,0.188197476840788,-0.129436554275702
"published:M7/lightsteelblue1","ENSG00000104823.4",7.16006660578052,0.22055448797776,-0.125318329218828
"published:M7/lightsteelblue1","ENSG00000134575.5",0.214369662671447,0.00660331723035866,-0.111785963993964
"published:M7/lightsteelblue1","ENSG00000198492.10",17.0594476917651,0.525489210924802,-0.131466869564758
"published:M7/lightsteelblue1","ENSG00000179295.11",9.06975623824894,0.279379446218437,-0.135877321782108
"published:M7/lightsteelblue1","ENSG00000177733.4",9.25257909577314,0.285011014184485,-0.128408962373507
"published:M7/lightsteelblue1","ENSG00000130517.9",1.21579202576606,0.0374505437580416,-0.122056491923651
"published:M7/lightsteelblue1","ENSG00000008838.13",7.56459271140908,0.23301527263422,-0.109515949604619
"published:M7/lightsteelblue1","ENSG00000127884.4",5.95550128198585,0.183449764955936,-0.12737899312933
"published:M7/lightsteelblue1","ENSG00000072506.8",5.42024040360897,0.166961903115428,-0.127118236715195
"published:M7/lightsteelblue1","ENSG00000037474.10",5.6697845047536,0.174648713097251,-0.128859209154046
"published:M7/lightsteelblue1","ENSG00000185839.2",0.596142364702725,0.0183632194011591,-0.130660941186927
"published:M7/lightsteelblue1","ENSG00000105447.8",8.8124655469569,0.271454014821815,-0.118805274636855
"published:M7/lightsteelblue1","ENSG00000167792.7",11.4930713057243,0.354025820804438,-0.124047459248263
"published:M7/lightsteelblue1","ENSG00000023228.9",6.57659920425005,0.202581700700561,-0.132384344361758
"published:M7/lightsteelblue1","ENSG00000197043.9",23.6168463386395,0.727479468928803,-0.133072471173833
"published:M7/lightsteelblue1","ENSG00000228393.3",0.743866154927929,0.0229136163051419,0.133370419700517
"published:M7/lightsteelblue1","ENSG00000113282.9",14.5737482051841,0.448921183319185,-0.129328725655434
"published:M7/lightsteelblue1","ENSG00000213585.6",6.00358689814057,0.18493096604442,-0.120150130859421
"published:M7/lightsteelblue1","ENSG00000127837.5",18.04574196067,0.555870440520921,-0.124682391760633
"published:M7/lightsteelblue1","ENSG00000103035.6",1.43719223395031,0.0442704257846732,-0.12891524681729
"published:M7/lightsteelblue1","ENSG00000100029.13",11.8504930552188,0.365035630529983,-0.117946992167095
"published:M7/lightsteelblue1","ENSG00000165934.8",6.21992685800505,0.191594975152731,-0.129667549229054
"published:M7/lightsteelblue1","ENSG00000196365.7",9.23125242124361,0.284354079823381,-0.119971876473481
"published:M7/lightsteelblue1","ENSG00000111361.8",6.52088100776674,0.2008653900888,-0.124409216857647
"published:M7/lightsteelblue1","ENSG00000140968.6",1.94055080023584,0.0597755875336848,-0.129692552130737
"published:M7/lightsteelblue1","ENSG00000100221.6",2.01041371294271,0.0619276036794927,-0.12469062869168
"published:M7/lightsteelblue1","ENSG00000254598.2",4.12719088274178,0.12713156483694,-0.126184958843778
"published:M7/lightsteelblue1","ENSG00000183431.7",7.59153574600856,0.233845210053497,-0.127104857836186
"published:M7/lightsteelblue1","ENSG00000062822.8",3.82124906894459,0.117707512826229,-0.112206924641766
"published:M7/lightsteelblue1","ENSG00000105607.8",2.20855067829671,0.0680308984320635,-0.116107586383108
"published:M7/lightsteelblue1","ENSG00000056097.11",9.70957603411138,0.299088079565584,-0.129161727228864
"published:M7/lightsteelblue1","ENSG00000166598.8",6.73146581899931,0.207352120977559,-0.126471309314086
"published:M7/lightsteelblue1","ENSG00000009954.6",15.8719273128868,0.488909530378924,-0.122945772251192
"published:M7/lightsteelblue1","ENSG00000111641.6",10.3688084826619,0.31939468886877,-0.115834821951685
"published:M7/lightsteelblue1","ENSG00000110711.5",0.795991139896432,0.0245192437390117,-0.115768232513566
"published:M7/lightsteelblue1","ENSG00000125457.9",0.78711860485886,0.0242459393788684,-0.106652278146723
"published:M7/lightsteelblue1","ENSG00000163468.10",12.1875356184389,0.375417691766359,-0.124922065939172
"published:M7/lightsteelblue1","ENSG00000124549.10",0.0327003617468943,0.00100728274454195,0.132688078228266
"published:M7/lightsteelblue1","ENSG00000165916.4",2.82208906706901,0.0869299747452823,-0.119684741798873
"published:M7/lightsteelblue1","ENSG00000234297.2",0.290699506963453,0.00895453693991473,-0.119781200999275
"published:M7/lightsteelblue1","ENSG00000241945.3",12.8013880247653,0.394326440891951,-0.114999715758774
"published:M7/lightsteelblue1","ENSG00000123415.10",2.09459002871198,0.0645205214896927,0.13495317708716
"published:M7/lightsteelblue1","ENSG00000122390.13",0.951246106409657,0.0293016265757417,0.126177230051342
"published:M7/lightsteelblue1","ENSG00000163399.11",8.71698256369694,0.268512813064489,-0.121953736133301
"published:M7/lightsteelblue1","ENSG00000167004.8",1.34370038347181,0.0413905577125339,-0.126687966876804
"published:M7/lightsteelblue1","ENSG00000168883.15",0.0863866186114359,0.00266100268125904,-0.117827847878691
"published:M7/lightsteelblue1","ENSG00000229132.2",2.6163216574353,0.0805916362670293,-0.119007053428828
"published:M7/lightsteelblue1","ENSG00000157349.11",0.297147266362393,0.00915314993489567,-0.10962865871898
"published:M7/lightsteelblue1","ENSG00000270049.1",0.638113432188823,0.0196560715223675,0.122229400127932
"published:M7/lightsteelblue1","ENSG00000155252.12",2.5391003423172,0.0782129562135375,-0.106357675730001
"published:M7/lightsteelblue1","ENSG00000161204.7",11.7117720952521,0.360762551523633,-0.111029551855884
"published:M7/lightsteelblue1","ENSG00000069849.6",0.987355808094672,0.03041392862608,-0.125556929047125
"published:M7/lightsteelblue1","ENSG00000165688.7",1.53395407247728,0.0472510206488148,-0.104000808540721
"published:M7/lightsteelblue1","ENSG00000116237.11",7.6728066240919,0.236348630467031,-0.117031876851514
"published:M7/lightsteelblue1","ENSG00000146701.7",2.18131239578034,0.0671918663692973,-0.112093242411825
"published:M7/lightsteelblue1","ENSG00000271975.1",1.56155776023869,0.0481013084402162,0.109517190499442
"published:M7/lightsteelblue1","ENSG00000204070.5",0.324788209569759,0.0100045853211812,0.12454941174165
"published:M7/lightsteelblue1","ENSG00000183207.8",9.10364927662552,0.280423467473648,-0.109637582960671
"published:M7/lightsteelblue1","ENSG00000118705.12",27.1169988658304,0.83529611240184,-0.118870713492712
"published:M7/lightsteelblue1","ENSG00000148308.13",2.01274647952839,0.0619994608518073,-0.114367094725998
"published:M7/lightsteelblue1","ENSG00000174243.5",20.8321916014253,0.641702599302297,-0.118917880199106
"published:M7/lightsteelblue1","ENSG00000089597.12",16.7947986614539,0.517337117573187,-0.117986617206504
"published:M7/lightsteelblue1","ENSG00000225891.1",0.374817448490028,0.0115456566242147,0.122192486040012
"published:M7/lightsteelblue1","ENSG00000013275.3",15.2568607963167,0.4699633825142,-0.113811256933218
"published:M7/lightsteelblue1","ENSG00000230551.3",7.83997975741265,0.241498133516825,0.115867816486284
"published:M7/lightsteelblue1","ENSG00000254986.3",7.91356088971525,0.243764683516056,-0.101686852207408
"published:M7/lightsteelblue1","ENSG00000161671.12",3.58270513949724,0.110359545675059,-0.11277877200556
"published:M7/lightsteelblue1","ENSG00000139719.5",0.314006655638075,0.00967247666382775,-0.110195332397542
"published:M7/lightsteelblue1","ENSG00000105968.14",0.32263335222103,0.00993820836054925,-0.115004722946269
"published:M7/lightsteelblue1","ENSG00000011485.10",1.59673936358943,0.0491850218943614,-0.106665700703404
"published:M7/lightsteelblue1","ENSG00000079999.9",6.11797080338496,0.188454380705633,-0.106503050446448
"published:M7/lightsteelblue1","ENSG00000066044.9",3.65055647888564,0.11244959849738,-0.103266358889546
"published:M7/lightsteelblue1","ENSG00000196975.10",0.680189788533391,0.020952166899756,-0.110246357215582
"published:M7/lightsteelblue1","ENSG00000140694.12",0.147197546585031,0.00453418680385376,-0.111669830113629
"published:M7/lightsteelblue1","ENSG00000116478.7",17.5535162936354,0.540708210064196,-0.11369379751905
"published:M7/lightsteelblue1","ENSG00000167658.11",8.89104222841685,0.273874444784352,-0.11530085088805
"published:M7/lightsteelblue1","ENSG00000135269.13",6.31242623647739,0.194444271699883,-0.117555548791912
"published:M7/lightsteelblue1","ENSG00000197142.6",7.41440870013454,0.228389092525454,-0.112269648129666
"published:M7/lightsteelblue1","ENSG00000023191.12",15.9061310870789,0.489963123357758,-0.112035880192834
"published:M7/lightsteelblue1","ENSG00000135047.10",0.284523591835184,0.00876429767624507,-0.103830863495106
"published:M7/lightsteelblue1","ENSG00000102181.15",4.70321260675328,0.144874999835275,-0.095875779469283
"published:M7/lightsteelblue1","ENSG00000093010.7",2.02464117299044,0.0623658580057188,-0.102707947872727
"published:M7/lightsteelblue1","ENSG00000244041.3",0.0402804225263489,0.00124077448646279,0.120264650797741
"published:M7/lightsteelblue1","ENSG00000182866.12",9.14174926400985,0.281597077116151,-0.114930834281993
"published:M7/lightsteelblue1","ENSG00000084652.11",15.8213080591874,0.487350284607037,-0.109190473925318
"published:M7/lightsteelblue1","ENSG00000169813.12",19.2510850548021,0.592999121523582,-0.113982015212798
"published:M7/lightsteelblue1","ENSG00000106397.7",2.54914479863184,0.078522359748653,-0.091328690167538
"published:M7/lightsteelblue1","ENSG00000197024.4",1.02842827050452,0.0316791006440994,0.116706197057654
"published:M7/lightsteelblue1","ENSG00000184100.5",0.380044554881012,0.0117066693405961,-0.120900774936295
"published:M7/lightsteelblue1","ENSG00000119711.8",3.0974545020184,0.0954121699336628,-0.101982386780306
"published:M7/lightsteelblue1","ENSG00000237036.4",0.492665311262821,0.0151757729994091,0.112820801746648
"published:M7/lightsteelblue1","ENSG00000244038.5",18.6380354910578,0.574115102689532,-0.110882647716321
"published:M7/lightsteelblue1","ENSG00000010292.8",9.92557063884062,0.305741450557071,-0.10623125232366
"published:M7/lightsteelblue1","ENSG00000128595.12",3.97392076065153,0.122410321982493,-0.112214500064456
"published:M7/lightsteelblue1","ENSG00000118873.11",5.5356044703607,0.170515510096252,-0.114612074180952
"published:M7/lightsteelblue1","ENSG00000104889.4",1.13445308631859,0.0349450268222066,-0.106745331011462
"published:M7/lightsteelblue1","ENSG00000131473.12",23.9391506728835,0.737407542412758,-0.113118705497574
"published:M7/lightsteelblue1","ENSG00000011007.8",0.713426691175142,0.0219759769350146,-0.104761368334212
"published:M7/lightsteelblue1","ENSG00000125746.10",1.5934434291336,0.0490834958644601,-0.0967595734016596
"published:M7/lightsteelblue1","ENSG00000133313.10",4.87446306684164,0.15015009846498,-0.108541004842022
"published:M7/lightsteelblue1","ENSG00000102316.12",14.7351848701751,0.453893983566487,-0.106524418964858
"published:M7/lightsteelblue1","ENSG00000172893.11",0.476230463746573,0.014669523605582,-0.103804035650594
"published:M7/lightsteelblue1","ENSG00000136193.12",2.32670155776663,0.0716703487556922,-0.106756315455113
"published:M7/lightsteelblue1","ENSG00000010610.5",6.71430931384051,0.206823642065403,-0.104982919756968
"published:M7/lightsteelblue1","ENSG00000163939.14",5.56005181474031,0.171268571739241,-0.104768589901037
"published:M7/lightsteelblue1","ENSG00000159228.8",0.810224336569268,0.0249576747728697,-0.100524060601101
"published:M7/lightsteelblue1","ENSG00000154832.10",12.0319170762203,0.370624109557058,-0.0979646842197957
"published:M7/lightsteelblue1","ENSG00000168291.8",3.38320903498303,0.104214384797761,-0.102583107725416
"published:M7/lightsteelblue1","ENSG00000103051.14",1.76812944949273,0.0544644214756933,-0.104477663240875
"published:M7/lightsteelblue1","ENSG00000105676.9",3.75384870994196,0.115631351738937,-0.0879886784676753
"published:M7/lightsteelblue1","ENSG00000125651.9",11.7765077438531,0.362756630436192,-0.100629885962831
"published:M7/lightsteelblue1","ENSG00000105127.4",0.76680705020573,0.0236202741744502,-0.100282872526176
"published:M7/lightsteelblue1","ENSG00000131401.7",0.0832238223151689,0.00256357776105816,-0.101256895276147
"published:M7/lightsteelblue1","ENSG00000179041.2",1.36189304979183,0.0419509539247593,-0.10773195274477
"published:M7/lightsteelblue1","ENSG00000226524.2",0.0948464631101186,0.00292159476433716,0.106236270547826
"published:M7/lightsteelblue1","ENSG00000241990.1",1.42533832334271,0.0439052848818662,0.10009453657808
"published:M7/lightsteelblue1","ENSG00000173692.8",9.83740456467691,0.303025634571716,-0.107260948811456
"published:M7/lightsteelblue1","ENSG00000164967.5",0.098435362060951,0.00303214510054014,-0.0970549499204694
"published:M7/lightsteelblue1","ENSG00000175166.12",12.625811586571,0.388918087372495,-0.103699276992763
"published:M7/lightsteelblue1","ENSG00000110955.4",7.16335061250685,0.220655646592884,-0.107182621682992
"published:M7/lightsteelblue1","ENSG00000196943.8",12.9891375754274,0.400109767820907,-0.0979579930479858
"published:M7/lightsteelblue1","ENSG00000120053.9",1.73796692535977,0.0535353127910211,-0.103629731468772
"published:M7/lightsteelblue1","ENSG00000179051.9",18.8011909453276,0.57914084751266,-0.101282602111085
"published:M7/lightsteelblue1","ENSG00000108883.8",22.8332963457168,0.703343454976849,-0.101880840538219
"published:M7/lightsteelblue1","ENSG00000168924.10",7.71246127947883,0.237570129189926,-0.0903067066507085
"published:M7/lightsteelblue1","ENSG00000100983.5",5.72432149838176,0.176328638629758,-0.0934591261439069
"published:M7/lightsteelblue1","ENSG00000179950.9",12.8540903205797,0.395949851470171,-0.101813444956481
"published:M7/lightsteelblue1","ENSG00000136875.8",9.01820695419064,0.277791552337405,-0.102781718320678
"published:M7/lightsteelblue1","ENSG00000099783.7",10.8945516913067,0.33558937399877,-0.0998224911340089
"published:M7/lightsteelblue1","ENSG00000132153.10",8.80853281319347,0.271332873199914,-0.0892984580340107
"published:M7/lightsteelblue1","ENSG00000260368.1",0.227869573194744,0.00701916054818582,0.10356244088384
"published:M7/lightsteelblue1","ENSG00000179889.14",4.08751845665949,0.125909518715979,-0.0988527373977378
"published:M7/lightsteelblue1","ENSG00000226666.1",3.78647591054223,0.116636380870472,-0.0909647937207077
"published:M7/lightsteelblue1","ENSG00000259377.1",0.138041302877348,0.00425214324840452,0.103521821146031
"published:M7/lightsteelblue1","ENSG00000169727.8",6.96221977587513,0.214460130387206,-0.0899080396350089
"published:M7/lightsteelblue1","ENSG00000214110.3",0.364920008298911,0.0112407816874537,-0.0980554796308111
"published:M7/lightsteelblue1","ENSG00000178952.4",1.49862090544374,0.0461626385159696,-0.0986777919989686
"published:M7/lightsteelblue1","ENSG00000217512.1",0.0530497692510026,0.00163411394595787,0.103487677200533
"published:M7/lightsteelblue1","ENSG00000106609.12",9.90023680894837,0.304961082134815,-0.10307104547204
"published:M7/lightsteelblue1","ENSG00000163156.7",0.540829891599419,0.016659406454191,0.107324318374082
"published:M7/lightsteelblue1","ENSG00000102900.8",10.867847634601,0.334766797914228,-0.0991467796652191
"published:M7/lightsteelblue1","ENSG00000185043.6",0.222735782649617,0.0068610222783335,-0.0949987829249153
"published:M7/lightsteelblue1","ENSG00000116521.6",2.9248096008126,0.0900941177584672,-0.096237790690956
"published:M7/lightsteelblue1","ENSG00000179218.9",4.42539210182947,0.136317180112799,-0.100342626816634
"published:M7/lightsteelblue1","ENSG00000123064.8",5.45961245947392,0.168174696808565,-0.0884576946227173
"published:M7/lightsteelblue1","ENSG00000228107.1",0.0707088485266216,0.00217807385614201,0.101912647898828
"published:M7/lightsteelblue1","ENSG00000053371.8",2.632737279053,0.0810972934375651,-0.0861547307096706
"published:M7/lightsteelblue1","ENSG00000147872.5",1.27075728871631,0.0391436614473056,-0.0941081337573473
"published:M7/lightsteelblue1","ENSG00000115241.9",10.0848248782703,0.310647024648707,-0.0955028625415846
"published:M7/lightsteelblue1","ENSG00000126882.8",4.01050070638343,0.123537109154366,-0.0942719037861676
"published:M7/lightsteelblue1","ENSG00000245275.3",0.333542864742685,0.0102742585791824,0.102528254997931
"published:M7/lightsteelblue1","ENSG00000181472.4",1.30429077138396,0.040176607159557,-0.101785696751069
"published:M7/lightsteelblue1","ENSG00000269821.1",0.39123997227451,0.012051526405044,0.10182754262535
"published:M7/lightsteelblue1","ENSG00000110324.5",1.8171729117651,0.0559751274936242,-0.0984144154056605
"published:M7/lightsteelblue1","ENSG00000105401.2",10.6233254520494,0.327234680164326,-0.0958850370915932
"published:M7/lightsteelblue1","ENSG00000101811.9",3.30798971380973,0.101897372990355,-0.0814235179928192
"published:M7/lightsteelblue1","ENSG00000101997.8",8.28081459198669,0.255077350942505,-0.0815579529092859
"published:M7/lightsteelblue1","ENSG00000107798.13",1.87216838199923,0.0576691756703258,-0.0993035819559345
"published:M7/lightsteelblue1","ENSG00000235477.2",0.387632075164278,0.0119403908606929,0.0867989186253655
"published:M7/lightsteelblue1","ENSG00000165675.12",2.49398206962063,0.0768231594307814,-0.093067845407229
"published:M7/lightsteelblue1","ENSG00000092820.13",27.9609623965211,0.86129306950181,-0.0966649213692675
"published:M7/lightsteelblue1","ENSG00000111669.10",3.76350904979658,0.115928923176136,-0.0942859681652178
"published:M7/lightsteelblue1","ENSG00000145945.5",0.695652914918225,0.0214284839663583,-0.0970711026794011
"published:M7/lightsteelblue1","ENSG00000162734.8",0.870698803901957,0.0268204947594213,-0.0881060630427776
"published:M7/lightsteelblue1","ENSG00000255423.1",2.8017501227135,0.0863034658445526,0.085444783173491
"published:M7/lightsteelblue1","ENSG00000141424.8",10.237124357089,0.31533836837769,-0.0945135046167197
"published:M7/lightsteelblue1","ENSG00000198730.3",13.9900778559552,0.430942144560236,-0.0934414658416386
"published:M7/lightsteelblue1","ENSG00000073111.9",6.66456987923538,0.205291497724346,-0.0773184982666763
"published:M7/lightsteelblue1","ENSG00000133835.10",3.82600537414349,0.117854023259102,-0.0960017158568304
"published:M7/lightsteelblue1","ENSG00000124702.13",1.65213840943962,0.0508915015773968,-0.0822112338876419
"published:M7/lightsteelblue1","ENSG00000164961.11",8.73221938644721,0.268982159206798,-0.0961802207896758
"published:M7/lightsteelblue1","ENSG00000105518.9",0.207771577007395,0.00640007367336527,-0.0840895166406824
"published:M7/lightsteelblue1","ENSG00000103254.5",0.363983324994067,0.0112119286448674,-0.0896454718602735
"published:M7/lightsteelblue1","ENSG00000013503.5",0.252680391492318,0.00778341842834477,-0.0907326092716983
"published:M7/lightsteelblue1","ENSG00000073578.12",2.91059750413655,0.0896563366765223,-0.0891308771139225
"published:M7/lightsteelblue1","ENSG00000123136.10",6.43254242298768,0.198144260187732,-0.0824819366806389
"published:M7/lightsteelblue1","ENSG00000149480.2",32.4639352000061,1,-0.0930506580195564
"published:M7/lightsteelblue1","ENSG00000155660.6",17.5270255389409,0.539892204409575,-0.0895472814242792
"published:M7/lightsteelblue1","ENSG00000135108.10",8.66364497185195,0.26686983320033,-0.0904387832759314
"published:M7/lightsteelblue1","ENSG00000272367.1",1.00371048862635,0.0309177086031815,0.0823378447352181
"published:M7/lightsteelblue1","ENSG00000100379.13",0.368362256917641,0.0113468146929264,-0.0773853116474885
"published:M7/lightsteelblue1","ENSG00000185298.8",0.164689694620125,0.00507300466211176,-0.0871326764685473
"published:M7/lightsteelblue1","ENSG00000115902.6",0.477889544450452,0.0147206289535214,-0.0859269323909852
"published:M7/lightsteelblue1","ENSG00000126067.7",4.28009867423653,0.13184164667245,-0.0848067116040039
"published:M7/lightsteelblue1","ENSG00000183258.7",11.8088458309635,0.363752753885527,-0.0825299006513614
"published:M7/lightsteelblue1","ENSG00000120438.7",4.43104660860987,0.136491358219845,-0.0901709475370509
"published:M7/lightsteelblue1","ENSG00000172974.10",0.742294503261817,0.0228652040699513,-0.0901120772720273
"published:M7/lightsteelblue1","ENSG00000090273.9",1.66284541989648,0.0512213140413169,-0.0832035141175142
"published:M7/lightsteelblue1","ENSG00000101347.7",5.12590657951338,0.157895416804319,-0.0960716172192052
"published:M7/lightsteelblue1","ENSG00000149428.14",7.28260789178544,0.224329177806641,-0.0787979043821893
"published:M7/lightsteelblue1","ENSG00000147471.7",0.246291497757784,0.00758661869672957,-0.0871606364393949
"published:M7/lightsteelblue1","ENSG00000148296.5",0.418892574219292,0.0129033209202319,-0.0855708260113636
"published:M7/lightsteelblue1","ENSG00000198466.8",0.890995489866994,0.027445701957501,0.0941046447131194
"published:M7/lightsteelblue1","ENSG00000166343.5",0.336178561242532,0.0103554470267199,0.0977038418600053
"published:M7/lightsteelblue1","ENSG00000118579.7",5.32052467617081,0.163890318391524,0.0992552931923579
"published:M7/lightsteelblue1","ENSG00000106003.8",1.85105689025068,0.0570188696732717,0.0954098312297779
"published:M7/lightsteelblue1","ENSG00000110756.13",2.61919743562681,0.0806802200500425,-0.0839033491889078
"published:M7/lightsteelblue1","ENSG00000231890.3",0.202198568278262,0.00622840598444219,-0.0760696280120867
"published:M7/lightsteelblue1","ENSG00000162191.9",0.215443252518159,0.00663638746168143,-0.0831974717120863
"published:M7/lightsteelblue1","ENSG00000100412.11",7.54987580457682,0.232561941676602,-0.0735760217309886
"published:M7/lightsteelblue1","ENSG00000242539.2",0.141051902950846,0.00434488000551516,0.0921310829059482
"published:M7/lightsteelblue1","ENSG00000125835.13",4.58964848629584,0.141376837343335,-0.079540477041675
"published:M7/lightsteelblue1","ENSG00000173786.12",3.23779889708281,0.0997352562816292,-0.0776981224813422
"published:M7/lightsteelblue1","ENSG00000156042.13",0.109079273219868,0.00336001389073274,-0.0795543831467671
"published:M7/lightsteelblue1","ENSG00000126458.3",0.101269984158954,0.00311946113541205,-0.0819658903619019
"published:M7/lightsteelblue1","ENSG00000203666.8",0.324380633078209,0.00999203057422772,0.0897217773771938
"published:M7/lightsteelblue1","ENSG00000068438.10",2.14699143201372,0.0661346635516114,-0.0759402394140819
"published:M7/lightsteelblue1","ENSG00000141499.12",0.14920733616982,0.00459609518225602,-0.0670000641377162
"published:M7/lightsteelblue1","ENSG00000141543.5",15.8868767121374,0.489370022896497,-0.0828169055784725
"published:M7/lightsteelblue1","ENSG00000125817.7",8.14793777238758,0.250984291404883,-0.0838113544423779
"published:M7/lightsteelblue1","ENSG00000272825.1",0.0292421536418846,0.000900758132423796,0.0911424794479316
"published:M7/lightsteelblue1","ENSG00000124570.13",0.0891367595777219,0.00274571640894925,-0.0788441217164798
"published:M7/lightsteelblue1","ENSG00000100395.10",11.0994971659655,0.341902394074622,-0.0698631688339093
"published:M7/lightsteelblue1","ENSG00000184640.13",11.6322320712753,0.358312447323794,-0.0868983581343328
"published:M7/lightsteelblue1","ENSG00000149476.10",2.37926390143933,0.0732894483303086,-0.0640186711925881
"published:M7/lightsteelblue1","ENSG00000109113.13",0.0995495828018365,0.00306646690207223,-0.074455025781293
"published:M7/lightsteelblue1","ENSG00000197451.6",9.60832372603725,0.295969162913911,-0.0800256716116885
"published:M7/lightsteelblue1","ENSG00000151657.7",2.92868229702107,0.0902134100187742,0.0881136381798563
"published:M7/lightsteelblue1","ENSG00000235001.2",1.10568943618691,0.0340590082309768,-0.0753486577113339
"published:M7/lightsteelblue1","ENSG00000147383.6",0.465485687177422,0.0143385478165116,-0.0745559020205251
"published:M7/lightsteelblue1","ENSG00000259917.1",9.7984527072575,0.301825784424793,-0.0757580946317242
"published:M7/lightsteelblue1","ENSG00000084207.11",6.02116015450851,0.185472282316143,-0.0826256076678001
"published:M7/lightsteelblue1","ENSG00000172977.8",5.2680619644963,0.162274287822485,-0.0777751013164318
"published:M7/lightsteelblue1","ENSG00000176946.7",0.289752294363542,0.00892535955910507,-0.0706798794310988
"published:M7/lightsteelblue1","ENSG00000267274.1",0.072739724243206,0.00224063175936823,0.0863909442673061
"published:M7/lightsteelblue1","ENSG00000071859.10",0.25615846574036,0.00789055498546927,-0.0750858457388096
"published:M7/lightsteelblue1","ENSG00000100726.10",1.98456055898386,0.0611312383035894,-0.0586386185164921
"published:M7/lightsteelblue1","ENSG00000258441.1",2.05786292465947,0.0633892013393091,0.0801846525278473
"published:M7/lightsteelblue1","ENSG00000102401.15",1.66987670963221,0.0514379017621959,-0.0785660891898474
"published:M7/lightsteelblue1","ENSG00000183751.10",4.15476038863389,0.127980799710107,-0.0618889680978248
"published:M7/lightsteelblue1","ENSG00000179091.4",2.88065960510297,0.0887341472115316,-0.0731013430689608
"published:M7/lightsteelblue1","ENSG00000168385.13",1.90358341558041,0.0586368659206801,-0.0829038178552377
"published:M7/lightsteelblue1","ENSG00000115459.13",0.255999692168055,0.00788566421756554,0.0872306651907164
"published:M7/lightsteelblue1","ENSG00000267216.1",0.158488047702133,0.00488197277149884,0.0824145627706199
"published:M7/lightsteelblue1","ENSG00000139626.11",20.8716455821062,0.642917916559365,-0.0802811846195752
"published:M7/lightsteelblue1","ENSG00000242622.1",0.999188334304993,0.0307784108164682,0.0754433318310003
"published:M7/lightsteelblue1","ENSG00000226415.1",3.17486428194321,0.0977966553464106,-0.0719253295304248
"published:M7/lightsteelblue1","ENSG00000101158.8",4.76051298376097,0.146640047006996,-0.0756571994125602
"published:M7/lightsteelblue1","ENSG00000139641.8",20.1737851954218,0.621421434928752,-0.0783000014000061
"published:M7/lightsteelblue1","ENSG00000176619.6",7.47867489745148,0.230368710736278,-0.0662952113544109
"published:M7/lightsteelblue1","ENSG00000198917.7",3.91340640748298,0.120546273376071,-0.0689198983504478
"published:M7/lightsteelblue1","ENSG00000068394.9",2.92790363020872,0.0901894244234497,-0.0682803139665665
"published:M7/lightsteelblue1","ENSG00000128872.5",0.293312601365001,0.00903502916568618,0.082598754023403
"published:M7/lightsteelblue1","ENSG00000038358.10",5.53875720860363,0.170612625194083,-0.0565404341082295
"published:M7/lightsteelblue1","ENSG00000010256.6",11.7457776207288,0.361810037765433,-0.0742625818362319
"published:M7/lightsteelblue1","ENSG00000213024.6",7.75194112660456,0.238786243221774,-0.0672603168461309
"published:M7/lightsteelblue1","ENSG00000151348.9",1.6273537140472,0.0501280483718712,-0.0702691894692284
"published:M7/lightsteelblue1","ENSG00000100591.3",5.54259564660515,0.170730862184696,-0.0720062590535124
"published:M7/lightsteelblue1","ENSG00000168090.5",0.383892712433537,0.0118252057265524,-0.0641503913283627
"published:M7/lightsteelblue1","ENSG00000169683.3",1.20974103989714,0.0372641527419299,-0.0525187442635459
"published:M7/lightsteelblue1","ENSG00000183684.6",8.36155272653594,0.257564361036994,-0.068205289393122
"published:M7/lightsteelblue1","ENSG00000132507.13",0.899624624149703,0.0277115087436946,-0.0702467273704084
"published:M7/lightsteelblue1","ENSG00000140829.7",10.1521358308458,0.312720431712909,-0.073128027769862
"published:M7/lightsteelblue1","ENSG00000260114.1",0.425016382587747,0.0130919551178647,0.0824296694139176
"published:M7/lightsteelblue1","ENSG00000123395.10",2.51610224532392,0.0775045363361694,-0.0676667738797629
"published:M7/lightsteelblue1","ENSG00000100219.12",0.876371472243103,0.0269952323045216,-0.0711274049561917
"published:M7/lightsteelblue1","ENSG00000164307.8",0.756628970086158,0.0233067545700996,-0.0754217535019493
"published:M7/lightsteelblue1","ENSG00000136448.7",10.0393730921602,0.30924695451457,-0.0723671647330722
"published:M7/lightsteelblue1","ENSG00000182749.5",0.095296350930445,0.00293545284462085,-0.0635155226678871
"published:M7/lightsteelblue1","ENSG00000169738.3",0.223800556065858,0.00689382093350827,-0.0667890173815285
"published:M7/lightsteelblue1","ENSG00000225193.5",0.303513940118653,0.00934926521534567,0.0835490500321269
"published:M7/lightsteelblue1","ENSG00000100994.7",6.96722711042433,0.214614373380804,-0.0691867802615868
"published:M7/lightsteelblue1","ENSG00000139197.6",0.115017066316097,0.00354291818313128,-0.0556809062112081
"published:M7/lightsteelblue1","ENSG00000108312.10",9.23928148049568,0.284601402250641,-0.0709727509070664
"published:M7/lightsteelblue1","ENSG00000103274.6",1.00457209365861,0.0309442489787382,-0.0705240671553968
"published:M7/lightsteelblue1","ENSG00000103343.8",0.0321135484848691,0.000989206893342465,-0.0670187043146882
"published:M7/lightsteelblue1","ENSG00000229161.2",0.025744972930908,0.00079303303103264,-0.0725458345599871
"published:M7/lightsteelblue1","ENSG00000161956.8",0.0515141537188819,0.00158681174668166,-0.0613001628489744
"published:M7/lightsteelblue1","ENSG00000115239.17",0.224811735428666,0.00692496870892669,0.0797688358427135
"published:M7/lightsteelblue1","ENSG00000170542.5",0.505118078194159,0.0155593607208181,-0.0722181905238762
"published:M7/lightsteelblue1","ENSG00000230189.2",0.0912033631605417,0.0028093748523908,0.0765328140460205
"published:M7/lightsteelblue1","ENSG00000142544.6",0.0824204384875176,0.00253883079730587,-0.0580970184234346
"published:M7/lightsteelblue1","ENSG00000132792.14",3.01699403532474,0.0929337129567758,-0.0669483937615926
"published:M7/lightsteelblue1","ENSG00000099341.7",1.43200248300216,0.0441105637434211,-0.0649683473195624
"published:M7/lightsteelblue1","ENSG00000100401.15",9.40927153292458,0.289837676022801,-0.0632130600164492
"published:M7/lightsteelblue1","ENSG00000196510.8",0.697576516546152,0.0214877374615392,-0.0623737257754219
"published:M7/lightsteelblue1","ENSG00000007202.10",14.0954087044044,0.434186694175073,-0.0729301214778428
"published:M7/lightsteelblue1","ENSG00000108344.10",10.076315157663,0.310384896211262,-0.0625996782927216
"published:M7/lightsteelblue1","ENSG00000128271.15",0.0606805879456761,0.00186916920489863,0.0736928737555854
"published:M7/lightsteelblue1","ENSG00000068831.14",1.33783545036743,0.0412098977565473,0.0811010842489937
"published:M7/lightsteelblue1","ENSG00000184743.8",2.18016453588187,0.0671565083669048,-0.0732657876215744
"published:M7/lightsteelblue1","ENSG00000224505.2",0.405380681919476,0.0124871085227955,0.0757419083711719
"published:M7/lightsteelblue1","ENSG00000137185.7",0.0505211319062947,0.00155622328577976,0.0666185180326729
"published:M7/lightsteelblue1","ENSG00000198218.6",11.1101969253553,0.342231983180931,-0.0674731841174194
"published:M7/lightsteelblue1","ENSG00000101138.7",0.374897406068264,0.0115481195905108,-0.0758739605374386
"published:M7/lightsteelblue1","ENSG00000143870.8",8.65956926345473,0.266744287471751,-0.0690671555952559
"published:M7/lightsteelblue1","ENSG00000170027.5",10.1275586537558,0.311963370779334,-0.070030635878698
"published:M7/lightsteelblue1","ENSG00000143179.8",0.192048771825358,0.00591575761355394,-0.0607353045836073
"published:M7/lightsteelblue1","ENSG00000099821.9",1.75377134562068,0.0540221428738052,-0.048531041233526
"published:M7/lightsteelblue1","ENSG00000184056.10",1.02651540503533,0.0316201778592491,-0.0512858667312044
"published:M7/lightsteelblue1","ENSG00000248791.1",0.393591957636937,0.012123975581274,0.0666105912143839
"published:M7/lightsteelblue1","ENSG00000134910.8",9.20756167441314,0.28362432396709,-0.0673281453898952
"published:M7/lightsteelblue1","ENSG00000139405.11",0.445730159947438,0.0137300101543868,-0.0624884157073703
"published:M7/lightsteelblue1","ENSG00000266066.1",0.82983371130939,0.0255617104395044,-0.0608233381835515
"published:M7/lightsteelblue1","ENSG00000171604.7",1.08023308898188,0.0332748658573492,-0.0622026076354314
"published:M7/lightsteelblue1","ENSG00000121774.13",0.52325440723607,0.016118021552605,-0.0620026659771847
"published:M7/lightsteelblue1","ENSG00000115234.6",7.82347804645886,0.240989824500924,-0.0618473823750039
"published:M7/lightsteelblue1","ENSG00000272831.1",0.611764854919766,0.0188444454176846,0.0662703291853735
"published:M7/lightsteelblue1","ENSG00000149823.3",4.76378191570792,0.146740741267467,-0.0620381901469318
"published:M7/lightsteelblue1","ENSG00000101473.12",0.398417527220929,0.0122726195935992,0.0744536997234485
"published:M7/lightsteelblue1","ENSG00000131652.9",5.82264618649582,0.179357374595016,-0.0477698120059162
"published:M7/lightsteelblue1","ENSG00000270820.1",0.385656667454496,0.0118795415613823,0.0654330601779341
"published:M7/lightsteelblue1","ENSG00000120725.8",0.54046896418504,0.0166482886580225,-0.0577412998702573
"published:M7/lightsteelblue1","ENSG00000136878.8",5.98836360891886,0.184462036780979,-0.0570091563341099
"published:M7/lightsteelblue1","ENSG00000242028.1",2.76951602123444,0.0853105455075551,0.0693171664799737
"published:M7/lightsteelblue1","ENSG00000104983.4",0.0767089682071611,0.00236289802005108,-0.0540609980283001
"published:M7/lightsteelblue1","ENSG00000182199.6",6.70705705111388,0.206600247622248,-0.0606488390052001
"published:M7/lightsteelblue1","ENSG00000169032.5",6.56634778786832,0.202265922089047,-0.0587264542158699
"published:M7/lightsteelblue1","ENSG00000205323.4",0.220114705425519,0.00678028415438303,0.0696648372220069
"published:M7/lightsteelblue1","ENSG00000108604.11",10.1951306007211,0.314044817361487,-0.0624910629007557
"published:M7/lightsteelblue1","ENSG00000167136.6",0.381692782676766,0.0117574403819255,-0.0559927423534674
"published:M7/lightsteelblue1","ENSG00000249709.3",0.264326715880644,0.00814216496712925,0.0636291200386952
"published:M7/lightsteelblue1","ENSG00000178252.13",3.55989452036878,0.109656900755769,-0.0597349941210072
"published:M7/lightsteelblue1","ENSG00000213859.3",0.0807495945386558,0.00248736310127432,-0.052540194463039
"published:M7/lightsteelblue1","ENSG00000116151.9",0.393303750816755,0.0121150978275942,0.0649510696675118
"published:M7/lightsteelblue1","ENSG00000122971.4",0.781799769044288,0.024082101083178,-0.0477962009464053
"published:M7/lightsteelblue1","ENSG00000168496.3",1.60967865679175,0.0495835962853772,-0.0605902295825248
"published:M7/lightsteelblue1","ENSG00000042445.9",2.2507715867059,0.0693314465063828,-0.0538371283860655
"published:M7/lightsteelblue1","ENSG00000264456.1",0.33184254769866,0.0102218830112314,0.0690566342959627
"published:M7/lightsteelblue1","ENSG00000141959.12",11.6230503643199,0.358029619413412,-0.0583091430101141
"published:M7/lightsteelblue1","ENSG00000114395.6",0.238688050276826,0.00735240656458622,-0.047228220215477
"published:M7/lightsteelblue1","ENSG00000103066.8",0.142694270663792,0.00439547053629424,-0.0439898841525295
"published:M7/lightsteelblue1","ENSG00000152256.9",0.550814418250626,0.0169669639511393,0.0676003867259301
"published:M7/lightsteelblue1","ENSG00000186409.10",2.09625693431573,0.0645718678712535,0.0688051731838954
"published:M7/lightsteelblue1","ENSG00000182054.5",6.26644720793401,0.19302796069938,-0.0541258939466717
"published:M7/lightsteelblue1","ENSG00000058262.5",15.546476365385,0.478884530467585,-0.060203986711312
"published:M7/lightsteelblue1","ENSG00000224870.3",0.062979330983495,0.00193997833582058,0.0682074625053153
"published:M7/lightsteelblue1","ENSG00000103266.6",0.440655136850218,0.0135736821224968,-0.0498169240689827
"published:M7/lightsteelblue1","ENSG00000104998.2",10.2054335683559,0.314362183927534,-0.0543344196266882
"published:M7/lightsteelblue1","ENSG00000251023.1",0.468492899066657,0.0144311802059834,0.0634739710076994
"published:M7/lightsteelblue1","ENSG00000130816.10",8.9557204228255,0.275866753911701,-0.055494164677892
"published:M7/lightsteelblue1","ENSG00000102178.8",0.946308541361064,0.0291495327208787,-0.0495881326709939
"published:M7/lightsteelblue1","ENSG00000245958.2",0.264320108797911,0.00814196144643184,-0.0572373202010439
"published:M7/lightsteelblue1","ENSG00000168002.7",0.437589620635688,0.0134792537608197,-0.0543104407483419
"published:M7/lightsteelblue1","ENSG00000107874.6",1.70629910738626,0.0525598359186577,-0.0512355018360856
"published:M7/lightsteelblue1","ENSG00000131899.6",4.00346892728634,0.123320506359487,-0.0477596446097466
"published:M7/lightsteelblue1","ENSG00000115275.7",4.85964460390768,0.14969363923283,-0.0498828128126364
"published:M7/lightsteelblue1","ENSG00000186283.9",0.265324543111992,0.00817290145132935,-0.0515938194779846
"published:M7/lightsteelblue1","ENSG00000106603.13",0.190740385194812,0.00587545483995348,-0.0601692823490967
"published:M7/lightsteelblue1","ENSG00000272520.1",0.0486483947054392,0.00149853658854735,0.0556280357095378
"published:M7/lightsteelblue1","ENSG00000101945.12",0.513241820784492,0.0158095997180402,-0.0541286825369403
"published:M7/lightsteelblue1","ENSG00000177239.10",1.48953431724298,0.0458827405878601,-0.0463019502304028
"published:M7/lightsteelblue1","ENSG00000132612.14",1.41709205643064,0.0436512717173724,-0.0459857058808657
"published:M7/lightsteelblue1","ENSG00000166886.8",0.664912177303939,0.0204815643330823,-0.0449483410235129
"published:M7/lightsteelblue1","ENSG00000104824.12",0.152441988298246,0.00469573350732345,-0.0491677769069912
"published:M7/lightsteelblue1","ENSG00000184164.10",0.129504294845475,0.00398917426515348,0.0619531942902801
"published:M7/lightsteelblue1","ENSG00000070761.3",0.741234262019117,0.0228325450211895,-0.0556406357065913
"published:M7/lightsteelblue1","ENSG00000141858.7",0.181389031143701,0.00558740122003653,-0.0494943726364476
"published:M7/lightsteelblue1","ENSG00000111481.5",0.5370007261994,0.0165414550913501,-0.0447039434732875
"published:M7/lightsteelblue1","ENSG00000151470.8",0.250074860350336,0.00770315917678055,0.0564778191796371
"published:M7/lightsteelblue1","ENSG00000095906.12",1.61228112819913,0.0496637612866731,-0.0474198080801912
"published:M7/lightsteelblue1","ENSG00000235530.2",0.517860949140553,0.0159518846359839,0.0544551503882879
"published:M7/lightsteelblue1","ENSG00000129255.10",0.555156078555307,0.0171007019061325,-0.0458077669036298
"published:M7/lightsteelblue1","ENSG00000075240.12",3.02438012617944,0.0931612297630163,-0.046019479380805
"published:M7/lightsteelblue1","ENSG00000007047.10",0.603192026278761,0.0185803730374205,0.0641720399894184
"published:M7/lightsteelblue1","ENSG00000185432.10",1.18243389693774,0.0364229995425052,-0.0521339683508139
"published:M7/lightsteelblue1","ENSG00000133627.13",0.0224426925323623,0.00069131152443768,-0.0480290479873797
"published:M7/lightsteelblue1","ENSG00000167114.8",1.72320313537234,0.0530805376722173,0.0566525796880123
"published:M7/lightsteelblue1","ENSG00000073905.8",1.10782993806543,0.0341249429941326,-0.0486232542206964
"published:M7/lightsteelblue1","ENSG00000197785.9",0.81967127423667,0.0252486726943847,-0.0494977539492388
"published:M7/lightsteelblue1","ENSG00000108828.11",1.66492612995168,0.0512854070122516,-0.0434226333440399
"published:M7/lightsteelblue1","ENSG00000067829.14",4.83468553008048,0.148924814576379,-0.0415285296384443
"published:M7/lightsteelblue1","ENSG00000238975.1",0.30711930329497,0.00946032270588415,0.0524628651946578
"published:M7/lightsteelblue1","ENSG00000184840.7",1.07376518830992,0.0330756324424193,-0.04474855811459
"published:M7/lightsteelblue1","ENSG00000176974.13",0.0267742535265829,0.000824738386200878,-0.0366397298257311
"published:M7/lightsteelblue1","ENSG00000011304.12",11.6538823117038,0.358979348618881,-0.0476865920338415
"published:M7/lightsteelblue1","ENSG00000168439.12",13.9544930802948,0.42984601202297,-0.0457281302456425
"published:M7/lightsteelblue1","ENSG00000183813.6",0.0577013786984831,0.00177739939237164,-0.051681345115595
"published:M7/lightsteelblue1","ENSG00000103966.5",4.00969681645797,0.123512346601074,-0.0415159909607626
"published:M7/lightsteelblue1","ENSG00000138166.5",0.30514563416967,0.00939952696090931,-0.0447381514127952
"published:M7/lightsteelblue1","ENSG00000162063.8",0.167857289886454,0.0051705774069689,-0.0453113788429743
"published:M7/lightsteelblue1","ENSG00000071655.13",4.25821208962964,0.131167465170053,-0.0354576708255301
"published:M7/lightsteelblue1","ENSG00000127589.4",0.848092354946311,0.0261241389782638,-0.0478487684982059
"published:M7/lightsteelblue1","ENSG00000183624.9",3.94904529245595,0.121644072664832,-0.0438065887475458
"published:M7/lightsteelblue1","ENSG00000164077.9",0.504827931955596,0.0155504232264332,-0.0431058142804583
"published:M7/lightsteelblue1","ENSG00000197226.8",3.36938424747573,0.103788534160058,-0.0405691683527302
"published:M7/lightsteelblue1","ENSG00000166974.8",0.378600086729968,0.0116621747917331,-0.0435409408289085
"published:M7/lightsteelblue1","ENSG00000090776.5",1.55869501888967,0.048013126236445,-0.0349061190079177
"published:M7/lightsteelblue1","ENSG00000141699.6",7.83551349696772,0.241360557452266,-0.0438983317043697
"published:M7/lightsteelblue1","ENSG00000188825.9",0.0983823466213587,0.00303051204406483,0.0572878540440753
"published:M7/lightsteelblue1","ENSG00000140553.12",9.61271960808829,0.296104571083745,-0.0398759380143015
"published:M7/lightsteelblue1","ENSG00000105223.14",7.24284554730476,0.223104361892128,-0.0332764664302183
"published:M7/lightsteelblue1","ENSG00000107404.13",2.24117621052032,0.0690358761719036,-0.0304284077979986
"published:M7/lightsteelblue1","ENSG00000129932.3",0.410630540052463,0.0126488220704798,-0.0382879818609062
"published:M7/lightsteelblue1","ENSG00000148248.9",8.69950798932513,0.267974536535038,-0.0416408882815116
"published:M7/lightsteelblue1","ENSG00000065268.6",1.98773151082654,0.061228914442454,-0.0306653422107008
"published:M7/lightsteelblue1","ENSG00000239280.1",0.418508556420706,0.012891491861425,0.0388120487758913
"published:M7/lightsteelblue1","ENSG00000104880.13",2.87817011829458,0.0886574625214886,-0.0398620424296136
"published:M7/lightsteelblue1","ENSG00000144591.13",0.12401306662869,0.00382002569511863,-0.017596770190928
"published:M7/lightsteelblue1","ENSG00000263874.1",0.460290059860339,0.0141785047630409,0.0458902724546532
"published:M7/lightsteelblue1","ENSG00000197858.6",1.16837630254004,0.0359899776580327,-0.0267896924249285
"published:M7/lightsteelblue1","ENSG00000237842.2",1.97127258211581,0.0607219232656502,-0.0322373307211826
"published:M7/lightsteelblue1","ENSG00000100242.11",13.8918494521986,0.427916374481797,-0.0415798994906959
"published:M7/lightsteelblue1","ENSG00000025772.7",0.0888566457620841,0.00273708794742996,-0.0412899850211848
"published:M7/lightsteelblue1","ENSG00000272449.1",0.0935920239089703,0.00288295375567878,-0.0414416153076357
"published:M7/lightsteelblue1","ENSG00000147164.7",0.6404523009715,0.0197281166631758,-0.0323845384931991
"published:M7/lightsteelblue1","ENSG00000115307.12",0.319208626502445,0.00983271512020466,-0.0355085125020353
"published:M7/lightsteelblue1","ENSG00000178950.12",2.93713934600513,0.0904739159904612,0.0483394211180413
"published:M7/lightsteelblue1","ENSG00000157870.10",0.460036338529842,0.0141706892801387,-0.0338382911369445
"published:M7/lightsteelblue1","ENSG00000185803.4",3.8915319941632,0.119872466790855,-0.025857679906627
"published:M7/lightsteelblue1","ENSG00000127054.14",3.31246803302166,0.102035320506093,-0.023123389460396
"published:M7/lightsteelblue1","ENSG00000213839.4",0.0593678737406713,0.0018287331272353,-0.0347629594757612
"published:M7/lightsteelblue1","ENSG00000065485.13",0.0745306334877991,0.00229579787627795,-0.0311385563018264
"published:M7/lightsteelblue1","ENSG00000141524.11",2.82347247708699,0.0869725884952622,0.0440665623254088
"published:M7/lightsteelblue1","ENSG00000203872.6",0.447422831449527,0.0137821502135528,0.0316423418887518
"published:M7/lightsteelblue1","ENSG00000107872.8",0.332529739995631,0.0102430508792898,-0.0309070208661706
"published:M7/lightsteelblue1","ENSG00000126456.11",2.21484155917333,0.0682246790331479,0.0499597770793157
"published:M7/lightsteelblue1","ENSG00000272345.1",0.460404212775812,0.0141820210624289,0.0306324231843973
"published:M7/lightsteelblue1","ENSG00000269919.1",0.169476746422373,0.00522046219530223,0.0245166715204359
"published:M7/lightsteelblue1","ENSG00000100075.5",1.81669131436572,0.0559602926500843,-0.0322782607583961
"published:M7/lightsteelblue1","ENSG00000166794.4",1.63684081993021,0.0504202836115166,0.0445374643039792
"published:M7/lightsteelblue1","ENSG00000272630.1",0.0495516060305735,0.00152635857992238,0.041019462822519
"published:M7/lightsteelblue1","ENSG00000261324.2",2.5217398951705,0.0776781951921226,0.0334568732818706
"published:M7/lightsteelblue1","ENSG00000160752.10",0.501285339760277,0.0154412992963399,-0.0224581125462202
"published:M7/lightsteelblue1","ENSG00000105643.5",1.48960068849343,0.0458847850488918,-0.0300667096273349
"published:M7/lightsteelblue1","ENSG00000184009.5",6.95955213593595,0.214377957972718,-0.033980134645113
"published:M7/lightsteelblue1","ENSG00000163159.7",0.722789556008558,0.0222643851263115,-0.0242231614413532
"published:M7/lightsteelblue1","ENSG00000173486.8",0.220602323496786,0.00679530445516488,0.0378804509775155
"published:M7/lightsteelblue1","ENSG00000144893.8",0.0584238693226155,0.00179965456937594,0.0490800948711507
"published:M7/lightsteelblue1","ENSG00000109736.10",1.55433492414386,0.0478788204377506,0.0420304587871135
"published:M7/lightsteelblue1","ENSG00000172732.7",0.519786745994876,0.0160112057516298,0.053422488246677
"published:M7/lightsteelblue1","ENSG00000142227.6",2.21282850758657,0.068162670173952,0.0349374798640174
"published:M7/lightsteelblue1","ENSG00000025770.14",1.43447716524381,0.0441867924022823,0.0403598666663918
"published:M7/lightsteelblue1","ENSG00000006015.13",0.139400892982581,0.00429402326377719,-0.023067815282687
"published:M7/lightsteelblue1","ENSG00000161618.5",4.76610339154024,0.146812250646045,-0.0224558275805951
"published:M7/lightsteelblue1","ENSG00000149182.10",6.35880458139331,0.195872883007483,-0.0239634916184122
"published:M7/lightsteelblue1","ENSG00000072778.15",5.02654481336528,0.15483473529618,-0.0286436054693476
"published:M7/lightsteelblue1","ENSG00000188986.4",8.43319825044953,0.259771287691824,-0.0227734189048019
"published:M7/lightsteelblue1","ENSG00000252498.1",0.0541288456491634,0.00166735318179027,0.0296595076940555
"published:M7/lightsteelblue1","ENSG00000196235.9",5.9765605040805,0.18409846086926,-0.0199191152553397
"published:M7/lightsteelblue1","ENSG00000076928.13",6.17458726886228,0.190198361068103,0.030241966995553
"published:M7/lightsteelblue1","ENSG00000117748.5",0.471916690672169,0.0145366446724573,-0.0244738100385642
"published:M7/lightsteelblue1","ENSG00000182325.6",0.577148517588893,0.0177781440861422,-0.00781897752036553
"published:M7/lightsteelblue1","ENSG00000196642.11",0.832767159434342,0.0256520706532887,-0.0161637003446347
"published:M7/lightsteelblue1","ENSG00000234558.1",0.48509942757876,0.0149427179604113,-0.0151893939386782
"published:M7/lightsteelblue1","ENSG00000100359.16",3.88929796152602,0.119803650961122,0.0369514473796865
"published:M7/lightsteelblue1","ENSG00000171813.10",1.50600566807452,0.04639011440838,-0.00336400748420097
"published:M7/lightsteelblue1","ENSG00000108829.9",4.57564225795387,0.140945397708686,0.0307870567733182
"published:M7/lightsteelblue1","ENSG00000149541.5",1.55199779454223,0.047806828869654,-0.0127455351559319
"published:M7/lightsteelblue1","ENSG00000185049.8",0.435353637721339,0.013410377855894,-0.0100758715839521
"published:M7/lightsteelblue1","ENSG00000091542.8",9.38514479897511,0.289094490275268,-0.0184373070938636
"published:M7/lightsteelblue1","ENSG00000124155.12",2.55959315999803,0.0788442049378395,-0.01199725154614
"published:M7/lightsteelblue1","ENSG00000111602.7",0.552102937697649,0.0170066547476827,-0.00193196285479449
"published:M7/lightsteelblue1","ENSG00000117308.10",0.105758586456332,0.00325772540527719,-0.00902414090802374
"published:M7/lightsteelblue1","ENSG00000100764.9",0.169170658434158,0.00521103364062057,0.019812814659966
"published:M7/lightsteelblue1","ENSG00000160679.8",0.741618110914948,0.0228443688772151,0.0273898356020811
"published:M7/lightsteelblue1","ENSG00000164663.9",0.728942496652841,0.0224539166974651,-0.0131222519583445
"published:M7/lightsteelblue1","ENSG00000147174.7",0.0496415436678176,0.00152912896609676,0.0253460042683632
"published:M7/lightsteelblue1","ENSG00000213694.3",0.0861166072855122,0.00265268541090163,-0.0111915845773487
"published:M7/lightsteelblue1","ENSG00000003147.13",0.0212149351604725,0.000653492407182616,0.0273249118905933
"published:M7/lightsteelblue1","ENSG00000254858.5",0.117709189070336,0.00362584475188067,-0.0142756025129853
"published:M7/lightsteelblue1","ENSG00000180900.12",2.19554719576679,0.0676303467906865,0.0382854400045858
"published:M7/lightsteelblue1","ENSG00000140983.9",1.5926691514939,0.0490596454706329,0.0248028044862667
"published:M7/lightsteelblue1","ENSG00000259926.1",0.0471065667377828,0.00145104302505427,0.0161337769293134
"published:M7/lightsteelblue1","ENSG00000156983.11",2.56681133273636,0.0790665492930099,0.0232669633153892
"published:M7/lightsteelblue1","ENSG00000159692.11",2.63372815173002,0.0811278156977568,-0.00780549754994687
"published:M7/lightsteelblue1","ENSG00000165527.5",1.91991190043397,0.0591398389814926,0.021032238092536
"published:M7/lightsteelblue1","ENSG00000140521.7",7.73784965470757,0.238352177794703,-0.00920893797024502
"published:M7/lightsteelblue1","ENSG00000138073.9",0.145186332850533,0.00447223455677997,-0.00385013063690522
"published:M7/lightsteelblue1","ENSG00000196924.10",13.0792427265627,0.402885313994841,0.00967659157523731
"published:M7/lightsteelblue1","ENSG00000242372.2",3.82764174151806,0.11790442895898,-0.00242708269813317
"published:M7/lightsteelblue1","ENSG00000105122.8",4.9910031463989,0.153739930653816,-2.92093292663012e-05
"published:M7/lightsteelblue1","ENSG00000186354.6",0.229217620403676,0.00706068500295777,0.0243278287788107
"published:M7/lightsteelblue1","ENSG00000166428.8",0.648582017265631,0.0199785396708625,-0.00859273386701005
"published:M7/lightsteelblue1","ENSG00000165644.6",0.0971753352194251,0.00299333197348813,-0.00488406062931964
"published:M7/lightsteelblue1","ENSG00000167670.11",0.0839743704029871,0.00258669720370102,-0.00173409962243192
"published:M7/lightsteelblue1","ENSG00000172500.8",1.60202804204805,0.0493479312405648,0.0230605496609935
"published:M7/lightsteelblue1","ENSG00000185624.10",12.1668121392195,0.374779337879444,0.0141076401592798
"published:M7/lightsteelblue1","ENSG00000170604.3",0.439052751078119,0.0135243231719498,0.00866234407661028
"published:M7/lightsteelblue1","ENSG00000187688.10",3.0342960850346,0.0934666751378321,-0.00126808109625677
"published:M7/lightsteelblue1","ENSG00000165272.10",0.989694253629656,0.0304859607294149,0.00702142003874824
"published:M7/lightsteelblue1","ENSG00000177337.3",0.379687477713768,0.0116956701451799,-0.00229299629351456
"published:M7/lightsteelblue1","ENSG00000134013.11",0.121321199179886,0.00373710699064799,0.000726451047929423
"published:M7/lightsteelblue1","ENSG00000130764.5",2.11291247125032,0.0650849152523543,-0.00111472499239771
"published:M7/lightsteelblue1","ENSG00000106261.12",0.652637149347854,0.0201034515787147,-0.00111257829412151
"published:M7/lightsteelblue1","ENSG00000075415.8",2.17142668519511,0.0668873527444295,-0.00171200160420457
"published:M7/lightsteelblue1","ENSG00000070047.7",5.17228171224072,0.159323929165548,0.0143103469116908
"published:M7/lightsteelblue1","ENSG00000114988.7",0.104567444158893,0.00322103415727843,0.0191728353344387
"published:M7/lightsteelblue1","ENSG00000228140.1",0.108877995506535,0.00335381385022338,-0.00314881290387721
"published:M7/lightsteelblue1","ENSG00000157637.8",5.29228016709953,0.163020291116726,0.0108838968387638
"published:M7/lightsteelblue1","ENSG00000004975.7",0.273985236649246,0.00843968037027115,0.0285833957975185
"published:M7/lightsteelblue1","ENSG00000150401.10",0.423716023359929,0.0130518996156649,0.0124761516751117
"published:M7/lightsteelblue1","ENSG00000105186.10",0.143886940678008,0.00443220884318365,0.00543043754317877
"published:M7/lightsteelblue1","ENSG00000089916.13",0.995157338564713,0.0306542423903226,0.00508923431615424
"published:M7/lightsteelblue1","ENSG00000172456.12",0.440360620478755,0.0135646100131038,0.00105091946396762
"published:M7/lightsteelblue1","ENSG00000110917.3",4.36062843658817,0.134322238192102,0.00829251549710856
"published:M7/lightsteelblue1","ENSG00000136286.10",3.06100048789934,0.0942892618852553,-0.0010377366074144
"published:M7/lightsteelblue1","ENSG00000106266.4",0.395999385110708,0.0121981325637513,0.0144536664126273
"published:M7/lightsteelblue1","ENSG00000104852.10",0.391115809584624,0.0120477017704419,0.00124632769811141
"published:M7/lightsteelblue1","ENSG00000115221.6",0.321735317381404,0.00991054582259465,0.00539112073153356
"published:M7/lightsteelblue1","ENSG00000111412.4",0.257277152347951,0.00792501435093742,0.00881909111225686
"published:M7/lightsteelblue1","ENSG00000147443.8",3.26506663734912,0.100575195743629,0.010693181151009
"published:M7/lightsteelblue1","ENSG00000162073.9",0.117103064170851,0.0036071740363389,0.0097108318936848
"published:M7/lightsteelblue1","ENSG00000049656.9",2.07237316288993,0.0638361661986541,0.0114665840852652
"published:M7/lightsteelblue1","ENSG00000105671.7",0.527229864310869,0.0162404791983065,0.0167954473974386
"published:M9/plum2","ENSG00000152207.3",1.4097435768458,0.520252178541366,0.251143564479248
"published:M9/plum2","ENSG00000091181.15",2.59263258691732,0.956785881953774,0.238173292031925
"published:M9/plum2","ENSG00000174083.13",1.40253818603573,0.51759309902666,0.207433922865991
"published:M9/plum2","ENSG00000072134.11",0.410069141325407,0.151332034868683,0.201659562224202
"published:M9/plum2","ENSG00000182240.11",0.628504177758921,0.231943364078328,0.1788243988511
"published:M9/plum2","ENSG00000112759.12",1.99989440757517,0.738041612306269,0.171605607855128
"published:M9/plum2","ENSG00000140263.9",0.545718531437849,0.201392125145318,0.163527196993222
"published:M9/plum2","ENSG00000174837.10",0.574574392370202,0.212041100434378,0.162537501876551
"published:M9/plum2","ENSG00000131203.8",0.838040340809821,0.309270650473444,0.148250549732792
"published:M9/plum2","ENSG00000133317.10",1.10039393913854,0.406089698504911,0.150320412849877
"published:M9/plum2","ENSG00000184371.9",0.162129198296534,0.059832206370225,0.143515846633509
"published:M9/plum2","ENSG00000135605.8",0.561638420480298,0.207267205615627,0.134849348092945
"published:M9/plum2","ENSG00000103056.7",2.5117214105213,0.926926397945656,0.134030568091835
"published:M9/plum2","ENSG00000105205.6",0.837433629809311,0.309046749669819,0.133742512704764
"published:M9/plum2","ENSG00000260401.1",0.958612661320479,0.353766694610639,0.128792723645988
"published:M9/plum2","ENSG00000092067.5",1.03868321739629,0.383315955851939,0.133298560861772
"published:M9/plum2","ENSG00000268758.1",1.32299536045088,0.488238591598832,0.116550722898664
"published:M9/plum2","ENSG00000165659.12",0.140374468375057,0.0518038345293331,0.128455501806305
"published:M9/plum2","ENSG00000156869.8",0.433468993260394,0.159967523014663,0.124908406523913
"published:M9/plum2","ENSG00000179627.9",0.225460670625976,0.0832040712900457,0.11789307839103
"published:M9/plum2","ENSG00000138623.5",1.02879984823451,0.379668594429481,0.116803630254597
"published:M9/plum2","ENSG00000182557.3",1.16722379510934,0.430752607938555,0.112274743706242
"published:M9/plum2","ENSG00000183134.4",2.70973123226182,1,0.110400462393254
"published:M9/plum2","ENSG00000175591.7",1.2851904020777,0.474287038794232,0.114250102326961
"published:M9/plum2","ENSG00000121933.13",0.94136471240943,0.347401506541174,0.108328702518441
"published:M9/plum2","ENSG00000134072.6",0.677508298387719,0.250027858970426,0.11853354699534
"published:M9/plum2","ENSG00000189068.5",0.0648007000900168,0.0239140691587805,0.102264699322473
"published:M9/plum2","ENSG00000159618.11",0.329159423313897,0.121473089063208,0.0954034993753931
"published:M9/plum2","ENSG00000134489.6",1.11552075599416,0.411672103385336,0.0942646717548525
"published:M9/plum2","ENSG00000184221.8",0.326197617925303,0.120380063543433,0.095377454730836
"published:M9/plum2","ENSG00000115602.12",1.13383583820423,0.418431106637028,0.100715328518457
"published:M9/plum2","ENSG00000128268.11",0.0598430697803447,0.0220845038311764,0.0947581588060464
"published:M9/plum2","ENSG00000116016.9",0.192275665444246,0.0709574673513847,0.101703022137704
"published:M9/plum2","ENSG00000185275.6",0.0374868098748997,0.0138341431905072,0.0774846812815219
"published:M9/plum2","ENSG00000103319.7",0.327010831977149,0.120680172293025,0.0880547921753796
"published:M9/plum2","ENSG00000145990.6",0.225980712663167,0.0833959877543056,0.0788732069396015
"published:M9/plum2","ENSG00000186951.12",0.167730355488246,0.0618992590450532,0.0774140177035125
"published:M9/plum2","ENSG00000184992.10",0.0507729691230414,0.0187372712535261,0.08395469582409
"published:M9/plum2","ENSG00000255587.3",0.885468171425913,0.326773430841999,0.0837511271893483
"published:M9/plum2","ENSG00000250696.1",1.08853322211246,0.401712616053015,0.0712150069824146
"published:M9/plum2","ENSG00000157388.9",0.102684982946877,0.0378948958938506,0.0827631117624118
"published:M9/plum2","ENSG00000151689.8",0.109968979654437,0.0405829841517696,0.082221034576543
"published:M9/plum2","ENSG00000171659.9",0.0591397833020131,0.0218249627852017,0.0688733797409691
"published:M9/plum2","ENSG00000196422.6",0.111861847830765,0.04128152877265,0.074709324110375
"published:M9/plum2","ENSG00000071242.7",0.305472366531221,0.112731610756924,0.0688820116458655
"published:M9/plum2","ENSG00000153885.10",0.0788129888400158,0.0290851682638024,-0.0372329264204675
"published:M9/plum2","ENSG00000124019.9",0.0657395844015687,0.0242605552974697,0.0543277114926416
"published:M9/plum2","ENSG00000196220.11",0.239424041559076,0.0883571177497288,0.0562070428719665
"published:M9/plum2","ENSG00000162174.8",0.0987252153221976,0.0364335821009788,0.0536567777168106
"published:M9/plum2","ENSG00000005187.7",0.148504860409046,0.0548042767640423,0.0421692215067023
"published:M9/plum2","ENSG00000118513.14",0.0816164954323497,0.030119775149886,0.0482135430110852
"published:M9/plum2","ENSG00000100628.7",0.349912588306508,0.129131843092215,0.0381043027479082
"published:M9/plum2","ENSG00000183625.10",0.072099994945892,0.0266078030497917,-0.0279639250931387
"published:M9/plum2","ENSG00000117640.13",0.0904118540366903,0.0333656168406131,0.0199648155217562
"published:M9/plum2","ENSG00000134256.8",0.0342828550810523,0.012651754783974,0.00619347890201139
"published:M11/bisque4","ENSG00000139668.7",4.71422841017822,0.0966177499757351,0.343868482963083
"published:M11/bisque4","ENSG00000047578.8",23.0897047450404,0.473221729191846,0.298753204365943
"published:M11/bisque4","ENSG00000104973.10",17.3299504376185,0.35517600607952,0.293030502060913
"published:M11/bisque4","ENSG00000203804.3",16.8371913454245,0.345076946249266,0.27185837892583
"published:M11/bisque4","ENSG00000149187.13",12.278503704282,0.251646992414524,0.281134704987127
"published:M11/bisque4","ENSG00000149532.11",13.8897042363311,0.284668423839059,0.267711775326692
"published:M11/bisque4","ENSG00000108669.12",3.78059342928337,0.0774829725945753,0.271093475753372
"published:M11/bisque4","ENSG00000197182.8",2.84436345598987,0.0582950110430813,0.255377872790201
"published:M11/bisque4","ENSG00000237781.2",17.373442398702,0.356067370488773,0.247716005377718
"published:M11/bisque4","ENSG00000167987.6",6.04807351019223,0.123954803076784,0.253019944985309
"published:M11/bisque4","ENSG00000196588.10",25.704184112665,0.526805283461826,0.248032814229876
"published:M11/bisque4","ENSG00000154803.8",3.54457188514571,0.0726457291357848,0.249611452159623
"published:M11/bisque4","ENSG00000172830.8",10.3142305200799,0.211389364043033,0.24940506857418
"published:M11/bisque4","ENSG00000184575.7",8.62685139664874,0.176806658226329,-0.240888026022557
"published:M11/bisque4","ENSG00000146826.10",9.35432719303024,0.191716218920595,0.241596888098576
"published:M11/bisque4","ENSG00000166716.5",35.2198087481343,0.721827281103634,0.226000854043539
"published:M11/bisque4","ENSG00000230068.2",1.33621522698589,0.0273856286716943,0.215105970124251
"published:M11/bisque4","ENSG00000273311.1",12.0033671937319,0.246008090716818,0.212251713982513
"published:M11/bisque4","ENSG00000105204.9",3.71540193068837,0.0761468778270421,0.22559029224147
"published:M11/bisque4","ENSG00000104960.11",2.4393228012072,0.0499937338649736,0.227919102405123
"published:M11/bisque4","ENSG00000180089.4",4.82119922387665,0.0988101086044136,0.213094865156052
"published:M11/bisque4","ENSG00000160055.15",9.58008033947383,0.196343012355599,0.22262876609318
"published:M11/bisque4","ENSG00000224950.1",6.24665323753599,0.128024679369864,0.204878392884506
"published:M11/bisque4","ENSG00000064687.8",3.77461616771769,0.0773604690768744,0.213125152826087
"published:M11/bisque4","ENSG00000173327.3",33.6420764426395,0.689491778417378,0.214000676033266
"published:M11/bisque4","ENSG00000132694.14",23.0293007931796,0.471983754827719,0.215526747192446
"published:M11/bisque4","ENSG00000123643.8",9.70628204533351,0.198929506645298,0.20978398252468
"published:M11/bisque4","ENSG00000118960.8",12.8911554501835,0.264203242994134,0.21177093811916
"published:M11/bisque4","ENSG00000054967.8",29.4755595062507,0.604099333121232,0.207474816376361
"published:M11/bisque4","ENSG00000105287.8",23.2011104496708,0.475504980570292,0.208188806438338
"published:M11/bisque4","ENSG00000269858.1",5.97994981865395,0.122558613239596,0.211725712051098
"published:M11/bisque4","ENSG00000159588.10",10.6964198750409,0.219222305582583,0.202587079328244
"published:M11/bisque4","ENSG00000160685.9",12.7997758247167,0.262330424573378,0.205698072809228
"published:M11/bisque4","ENSG00000090372.10",28.0036945497274,0.573933573638646,0.208179270446067
"published:M11/bisque4","ENSG00000163811.7",17.6180072891407,0.361079709175255,-0.202727198859641
"published:M11/bisque4","ENSG00000144711.9",46.7110358165226,0.957339099201129,0.199782027062348
"published:M11/bisque4","ENSG00000124496.8",4.56540700652548,0.0935676667133046,0.196409679375487
"published:M11/bisque4","ENSG00000141012.8",30.097534144933,0.616846655673893,0.20034406021131
"published:M11/bisque4","ENSG00000137841.7",20.5226395596471,0.420609924952948,0.200479216743664
"published:M11/bisque4","ENSG00000185033.10",24.9253328207321,0.510842785923568,0.196325935041421
"published:M11/bisque4","ENSG00000197324.4",42.1959987875279,0.864803761317044,0.197461454380245
"published:M11/bisque4","ENSG00000203709.5",26.3531813769113,0.54010643265445,0.199850456399212
"published:M11/bisque4","ENSG00000005339.8",42.5043687140387,0.87112377932791,0.197129771360992
"published:M11/bisque4","ENSG00000132952.7",5.42160722601522,0.111115424593942,-0.199697778997308
"published:M11/bisque4","ENSG00000127663.10",31.7565766954337,0.650848605600056,0.197472109239209
"published:M11/bisque4","ENSG00000142599.13",24.6737567862085,0.50568675437639,0.19306269242218
"published:M11/bisque4","ENSG00000120159.7",9.6836011058895,0.198464662529623,-0.201315220771483
"published:M11/bisque4","ENSG00000110395.4",30.345199198366,0.621922531963352,0.192978633779693
"published:M11/bisque4","ENSG00000072864.8",30.6290398779974,0.627739824939304,0.191116533849604
"published:M11/bisque4","ENSG00000177463.11",16.6593021860017,0.341431121560035,0.191752328479808
"published:M11/bisque4","ENSG00000099308.6",48.7925708408876,1,0.193773983454
"published:M11/bisque4","ENSG00000172932.10",21.2996795909002,0.436535300842385,0.195144295090433
"published:M11/bisque4","ENSG00000125834.8",17.9743390662821,0.368382701639075,0.190139929765843
"published:M11/bisque4","ENSG00000131188.7",0.858154479900684,0.0175878102979883,0.189989074233813
"published:M11/bisque4","ENSG00000167604.9",1.7886692690887,0.036658639589243,0.190634876829213
"published:M11/bisque4","ENSG00000087266.11",31.8743635297869,0.653262637743134,0.189605462212498
"published:M11/bisque4","ENSG00000172081.9",35.9420283284557,0.736629116052575,0.191770927993736
"published:M11/bisque4","ENSG00000196182.6",37.1624814963984,0.761642210195998,0.191275475057878
"published:M11/bisque4","ENSG00000158480.6",4.68660186177897,0.0960515459835466,0.1867558371367
"published:M11/bisque4","ENSG00000100393.9",29.2138407503659,0.598735427277078,0.188238620980839
"published:M11/bisque4","ENSG00000173914.7",0.0586745572918795,0.00120253055497357,-0.188183650340346
"published:M11/bisque4","ENSG00000095370.15",15.3407926590373,0.314408369853345,0.187607492305441
"published:M11/bisque4","ENSG00000072518.16",40.2771076855267,0.825476235242251,0.188973466380827
"published:M11/bisque4","ENSG00000105397.9",20.2450808437916,0.414921380343142,0.18477318931915
"published:M11/bisque4","ENSG00000171777.11",37.6383350424339,0.771394792153346,0.18451151391229
"published:M11/bisque4","ENSG00000169220.13",13.00257958009,0.266486871997203,0.184684374377739
"published:M11/bisque4","ENSG00000164338.5",12.5438158434402,0.257084544373477,-0.184775435139805
"published:M11/bisque4","ENSG00000256448.1",14.5350948371882,0.29789565474193,0.179966389792575
"published:M11/bisque4","ENSG00000176095.7",28.5569292487323,0.585272076395736,0.1830486347441
"published:M11/bisque4","ENSG00000171475.9",26.4073253765493,0.541216109777522,0.183508489706449
"published:M11/bisque4","ENSG00000120899.13",34.690372858282,0.710976533116223,0.180965575924242
"published:M11/bisque4","ENSG00000198301.7",9.32900954647127,0.191197335694672,-0.185532257442601
"published:M11/bisque4","ENSG00000108175.12",31.2611482213623,0.640694836992804,0.179341685010983
"published:M11/bisque4","ENSG00000149091.11",9.56505034195621,0.19603497370835,0.185741525542835
"published:M11/bisque4","ENSG00000173120.10",36.2691219197954,0.743332874139157,0.182722919954886
"published:M11/bisque4","ENSG00000173442.7",13.0495352020131,0.267449223869912,0.18605021842217
"published:M11/bisque4","ENSG00000223559.1",0.595279573163783,0.0122002092307247,-0.176421888320235
"published:M11/bisque4","ENSG00000132510.6",47.1576522396677,0.966492468565526,0.178829413654269
"published:M11/bisque4","ENSG00000083812.7",3.48789113819453,0.0714840615709414,0.177368966066473
"published:M11/bisque4","ENSG00000157500.6",6.80013794403876,0.139368306011462,-0.176976316209007
"published:M11/bisque4","ENSG00000169221.9",16.8068576656362,0.34445525980673,0.180749999350309
"published:M11/bisque4","ENSG00000087470.13",11.6641986375969,0.239056857152163,-0.176282593698054
"published:M11/bisque4","ENSG00000168010.6",37.5828822126125,0.770258290655973,0.175948136313591
"published:M11/bisque4","ENSG00000061273.13",11.6401195172443,0.238563357425922,0.180797449548319
"published:M11/bisque4","ENSG00000068650.14",33.2595056081984,0.681651018485121,0.174489472571901
"published:M11/bisque4","ENSG00000140368.8",19.9063527496092,0.407979174012449,0.177234480023728
"published:M11/bisque4","ENSG00000232334.1",27.4005887533893,0.561572966563753,0.167402761877398
"published:M11/bisque4","ENSG00000169871.8",4.62241890597735,0.0947361212232707,0.173074981099972
"published:M11/bisque4","ENSG00000130940.10",1.1398097653174,0.0233603137869967,0.180929050610543
"published:M11/bisque4","ENSG00000089159.11",43.5384192249191,0.892316565300438,0.174234488082349
"published:M11/bisque4","ENSG00000217527.1",3.80600636046658,0.0780038086715692,0.162553551522493
"published:M11/bisque4","ENSG00000141068.9",5.80594068470486,0.118992309375089,0.170044210607087
"published:M11/bisque4","ENSG00000122359.13",33.5648673498481,0.687909383977799,0.173401873377909
"published:M11/bisque4","ENSG00000103653.12",23.1594128786947,0.47465039204877,0.173475537886294
"published:M11/bisque4","ENSG00000171492.10",0.523940412134079,0.0107381185927392,-0.170769995224613
"published:M11/bisque4","ENSG00000141867.13",23.4457384249783,0.480518612176325,0.170489708541729
"published:M11/bisque4","ENSG00000165832.4",14.6695732719405,0.300651779955967,-0.179955109572291
"published:M11/bisque4","ENSG00000070610.10",9.01250103918819,0.184710518094608,0.179244130943295
"published:M11/bisque4","ENSG00000142208.11",10.9930561147555,0.22530184258181,0.172076021903832
"published:M11/bisque4","ENSG00000164970.10",2.08273678440745,0.0426855307788403,0.177016768935579
"published:M11/bisque4","ENSG00000089639.6",42.9652580895555,0.880569671757306,0.170179131541666
"published:M11/bisque4","ENSG00000119041.6",11.9541561677617,0.244999514511013,-0.174239890872119
"published:M11/bisque4","ENSG00000178404.5",15.4398738796238,0.31643903187584,0.160438056721531
"published:M11/bisque4","ENSG00000102886.10",1.43524056680783,0.0294151454222025,0.173172796053471
"published:M11/bisque4","ENSG00000181915.3",6.87676100364194,0.140938689745761,-0.17094268818253
"published:M11/bisque4","ENSG00000140678.12",21.9887444698137,0.450657632726895,0.168064800189299
"published:M11/bisque4","ENSG00000064547.9",24.1859729423941,0.495689661880382,0.172518189148895
"published:M11/bisque4","ENSG00000068024.12",17.9248574857132,0.367368580437504,0.167748663034406
"published:M11/bisque4","ENSG00000166454.5",7.18995489265858,0.147357574498483,-0.16090277543857
"published:M11/bisque4","ENSG00000113407.9",1.48338548817951,0.0304018718959659,-0.164912064046191
"published:M11/bisque4","ENSG00000142327.7",11.5383918442114,0.236478456563358,0.17398423834719
"published:M11/bisque4","ENSG00000161021.7",34.6842448613073,0.710850940287867,0.164112461231599
"published:M11/bisque4","ENSG00000159840.11",27.8734948697505,0.571265141175814,0.166016121566463
"published:M11/bisque4","ENSG00000100226.11",25.6177038108149,0.525032876303119,0.164462832128375
"published:M11/bisque4","ENSG00000186204.10",0.401159144591418,0.00822172592421082,0.174319492696195
"published:M11/bisque4","ENSG00000005700.10",15.8712263209316,0.325279567102287,-0.161626733001464
"published:M11/bisque4","ENSG00000117528.7",8.98847729570563,0.184218153313073,-0.162365916107877
"published:M11/bisque4","ENSG00000179134.10",21.5828704913976,0.442339276644784,0.160467836596447
"published:M11/bisque4","ENSG00000167470.8",29.8334239655878,0.611433737789192,0.164591799505438
"published:M11/bisque4","ENSG00000141141.10",2.8358396632836,0.0581203165648161,-0.159279378748317
"published:M11/bisque4","ENSG00000079785.10",13.5673305824023,0.278061400507986,-0.163922490661177
"published:M11/bisque4","ENSG00000141506.9",36.738146345954,0.752945493808001,0.16313081162129
"published:M11/bisque4","ENSG00000135596.13",13.0134541078654,0.266709744610552,0.167701920305684
"published:M11/bisque4","ENSG00000197948.6",3.1037003846626,0.0636101015210647,0.168565847889062
"published:M11/bisque4","ENSG00000184922.9",46.3523922335957,0.949988726454908,0.160604513999963
"published:M11/bisque4","ENSG00000099331.9",41.5593788443679,0.851756284371507,0.162590227172407
"published:M11/bisque4","ENSG00000124279.7",2.99120278241903,0.0613044717847176,-0.170006903401379
"published:M11/bisque4","ENSG00000130741.6",1.14950801541787,0.0235590786795475,-0.154806561315638
"published:M11/bisque4","ENSG00000175395.11",6.62818875218298,0.135844220502287,-0.162872689504473
"published:M11/bisque4","ENSG00000159596.6",0.322242696892561,0.0066043393766521,-0.157489639518061
"published:M11/bisque4","ENSG00000235499.1",7.09289972799411,0.145368436336836,0.158059928725352
"published:M11/bisque4","ENSG00000198646.9",14.6871459125644,0.301011929878815,0.156599501619707
"published:M11/bisque4","ENSG00000121058.4",4.75158886228079,0.0973834495783325,-0.164785046666995
"published:M11/bisque4","ENSG00000125386.10",13.1774598353838,0.270071029426907,0.156461572390537
"published:M11/bisque4","ENSG00000168014.12",5.96981732487561,0.122350948556147,0.153106337060345
"published:M11/bisque4","ENSG00000156858.7",5.88677325128791,0.120648966632331,0.169288998372747
"published:M11/bisque4","ENSG00000120318.11",18.5110832423108,0.379383232391574,0.161314710200668
"published:M11/bisque4","ENSG00000051009.6",16.7318560525028,0.342918107493563,0.162101516583329
"published:M11/bisque4","ENSG00000163545.7",28.200105816274,0.577959007493876,0.15809643260509
"published:M11/bisque4","ENSG00000213600.2",6.71085404611059,0.137538439365998,0.155281338725233
"published:M11/bisque4","ENSG00000135587.4",0.0560346877438533,0.00114842663090212,0.15098236765948
"published:M11/bisque4","ENSG00000167522.10",15.3839368521253,0.315292606784182,0.15571240782433
"published:M11/bisque4","ENSG00000130518.12",3.54090700464975,0.0725706176908905,0.156208784549146
"published:M11/bisque4","ENSG00000100599.11",24.9604495547007,0.511562500694966,0.153872157006412
"published:M11/bisque4","ENSG00000088038.13",7.94750042130499,0.162883412051022,0.160020597281458
"published:M11/bisque4","ENSG00000092929.7",23.9569074014108,0.490994981173142,0.157832903594751
"published:M11/bisque4","ENSG00000258111.1",9.56073469482084,0.195946524851055,0.140239820504266
"published:M11/bisque4","ENSG00000160877.5",4.45211641591198,0.0912457847410893,0.163170805303012
"published:M11/bisque4","ENSG00000120913.19",14.408473113192,0.295300552212714,0.158661313840218
"published:M11/bisque4","ENSG00000143624.9",16.7983244526877,0.344280372261321,0.1545170765351
"published:M11/bisque4","ENSG00000167548.10",45.0259974763529,0.922804367557974,0.155534863878287
"published:M11/bisque4","ENSG00000173638.14",39.0956462767688,0.801262274215057,0.154525213722832
"published:M11/bisque4","ENSG00000106948.12",37.5494942144169,0.769574006191756,0.156018248551494
"published:M11/bisque4","ENSG00000157823.12",3.07160633450807,0.0629523364227839,0.161632648824602
"published:M11/bisque4","ENSG00000267121.1",2.65199458324178,0.0543524257389495,0.157342852733109
"published:M11/bisque4","ENSG00000167173.14",35.7352266922856,0.732390732368214,0.152905697764603
"published:M11/bisque4","ENSG00000240531.1",5.08890499256631,0.10429671781717,0.145062084651511
"published:M11/bisque4","ENSG00000136715.13",6.61102021602481,0.135492352669494,0.149686762812542
"published:M11/bisque4","ENSG00000139722.2",25.2741347277776,0.51799145427685,0.153364971686287
"published:M11/bisque4","ENSG00000187676.7",0.985586117326888,0.020199511940883,-0.145997553021669
"published:M11/bisque4","ENSG00000164323.8",12.3347538888337,0.252799835635989,-0.15320993977758
"published:M11/bisque4","ENSG00000214176.5",33.7292231270319,0.691277843035219,0.149391666986145
"published:M11/bisque4","ENSG00000087152.11",7.87398203392247,0.161376658335948,0.158198355423115
"published:M11/bisque4","ENSG00000171148.9",7.8863658346039,0.16163046338184,0.155028008542568
"published:M11/bisque4","ENSG00000156860.11",29.6223917828099,0.607108649376325,0.1521898519545
"published:M11/bisque4","ENSG00000132005.4",5.46930068027162,0.112092898283777,0.155961123720558
"published:M11/bisque4","ENSG00000134250.13",19.1087664745661,0.391632704431167,0.148792666102079
"published:M11/bisque4","ENSG00000116871.11",13.13406897902,0.269181737151137,0.151149753681142
"published:M11/bisque4","ENSG00000145901.10",18.0738658566391,0.370422495579869,0.150695815326715
"published:M11/bisque4","ENSG00000178927.12",14.7282839417202,0.301855050633612,0.151396630924091
"published:M11/bisque4","ENSG00000143614.7",17.8565136769519,0.3659678793147,0.147650011387891
"published:M11/bisque4","ENSG00000119522.11",5.00911538947825,0.102661436016826,0.142768594342921
"published:M11/bisque4","ENSG00000105723.7",2.02142059648304,0.0414288602065032,0.151554399424046
"published:M11/bisque4","ENSG00000063245.10",17.5387066046554,0.359454447724205,0.152173997575214
"published:M11/bisque4","ENSG00000239521.3",2.48461372493202,0.0509219678756903,0.141050514588491
"published:M11/bisque4","ENSG00000131061.9",0.84311780219461,0.017279634740789,0.155011507708642
"published:M11/bisque4","ENSG00000128915.7",13.2972739854432,0.272526611250012,-0.139275675155933
"published:M11/bisque4","ENSG00000128059.4",4.94239905066823,0.101294089765948,-0.142324085681181
"published:M11/bisque4","ENSG00000148400.9",47.1238132175243,0.965798940400065,0.146674241893122
"published:M11/bisque4","ENSG00000126005.11",5.17265801194524,0.106013229530644,0.14695437560235
"published:M11/bisque4","ENSG00000059145.14",21.4888578528592,0.440412494822917,0.151550721708442
"published:M11/bisque4","ENSG00000168724.10",14.6352282015634,0.299947880370739,-0.14196552990222
"published:M11/bisque4","ENSG00000115866.6",10.081057324535,0.206610497270359,-0.145182502016633
"published:M11/bisque4","ENSG00000223473.1",0.15443394823595,0.00316511193352691,0.142610156764306
"published:M11/bisque4","ENSG00000127399.10",0.175021639228956,0.00358705508262111,0.145171257834096
"published:M11/bisque4","ENSG00000110719.5",13.9518302643717,0.285941692022512,0.141855054602916
"published:M11/bisque4","ENSG00000124767.6",8.83074594672639,0.18098546140402,-0.149977065179007
"published:M11/bisque4","ENSG00000159842.10",35.0529812551687,0.718408164420694,0.145018880603178
"published:M11/bisque4","ENSG00000198792.8",17.3657424469922,0.355909560568593,0.141675479647111
"published:M11/bisque4","ENSG00000132017.6",3.1453408745822,0.0644635201707069,0.155202490807767
"published:M11/bisque4","ENSG00000151651.11",20.5722618696813,0.421626930394125,0.141296374411591
"published:M11/bisque4","ENSG00000167315.13",0.432146380662787,0.00885680695268169,-0.142922673102411
"published:M11/bisque4","ENSG00000127527.9",38.8385006649785,0.795992094608639,0.141679739053611
"published:M11/bisque4","ENSG00000139718.6",28.0213181087767,0.574294767130719,0.143585931647016
"published:M11/bisque4","ENSG00000186635.10",32.5696784453582,0.667513063649953,0.141756681903945
"published:M11/bisque4","ENSG00000039650.5",5.59292479908116,0.114626565124426,0.153422243886436
"published:M11/bisque4","ENSG00000162999.8",0.154040508715888,0.0031570484207158,-0.131088705215466
"published:M11/bisque4","ENSG00000102858.8",35.7811596689114,0.733332125203931,0.14505857642638
"published:M11/bisque4","ENSG00000185359.8",19.8118284317924,0.406041905362986,0.148267893213753
"published:M11/bisque4","ENSG00000111540.11",7.63393706126166,0.156456955017925,0.143104184556959
"published:M11/bisque4","ENSG00000167981.4",0.195389266243841,0.00400448803734905,-0.149774022136981
"published:M11/bisque4","ENSG00000171206.9",17.0496116027544,0.349430483143698,0.137809348020533
"published:M11/bisque4","ENSG00000222041.6",0.119026348194634,0.00243943588426152,0.137024095763703
"published:M11/bisque4","ENSG00000262246.1",7.32219979238267,0.150067923583292,0.142276839582176
"published:M11/bisque4","ENSG00000145241.6",3.46131451911276,0.0709393757996499,-0.142732666086278
"published:M11/bisque4","ENSG00000132313.10",8.66961741244544,0.177683144442564,-0.14577565402281
"published:M11/bisque4","ENSG00000156802.8",3.45860192097587,0.0708837813087235,-0.139000283512136
"published:M11/bisque4","ENSG00000255989.1",4.30816840659115,0.0882955813220023,0.139410243980116
"published:M11/bisque4","ENSG00000117713.13",21.2656478696628,0.435837823323759,0.137465890080817
"published:M11/bisque4","ENSG00000214655.6",27.8347161306664,0.570470373890225,0.142452296391755
"published:M11/bisque4","ENSG00000095002.8",8.94041497765106,0.183233119787964,-0.140369282426625
"published:M11/bisque4","ENSG00000088832.10",11.2487740080127,0.23054276120631,0.139006475240061
"published:M11/bisque4","ENSG00000113328.14",12.2351292823265,0.250758036960692,-0.136021089631691
"published:M11/bisque4","ENSG00000132359.9",20.8545104819056,0.427411594070583,0.137505887364923
"published:M11/bisque4","ENSG00000142552.3",7.31882731926697,0.149998805005246,0.143696823683775
"published:M11/bisque4","ENSG00000142687.13",11.8735760039746,0.24334803022973,0.13521182635958
"published:M11/bisque4","ENSG00000214021.11",10.6286701885209,0.217833780949583,0.140246674353966
"published:M11/bisque4","ENSG00000151148.9",7.21319326042126,0.147833843064828,0.134795139862157
"published:M11/bisque4","ENSG00000157933.9",20.4836540650005,0.419810920227951,0.136387064255145
"published:M11/bisque4","ENSG00000152404.11",7.05518965407001,0.144595571261801,-0.140350449099752
"published:M11/bisque4","ENSG00000145016.9",10.2435264120693,0.209940288768006,0.133439526661847
"published:M11/bisque4","ENSG00000162341.11",21.1951615946572,0.434393212519475,0.141170049493535
"published:M11/bisque4","ENSG00000014164.6",10.7962805064648,0.221268941570459,0.135937214923926
"published:M11/bisque4","ENSG00000188167.4",16.8114283725264,0.344548936094153,0.140417000032538
"published:M11/bisque4","ENSG00000138964.12",12.7690082311357,0.261699845100916,0.138311139471563
"published:M11/bisque4","ENSG00000153551.9",0.971175508492052,0.0199041676172189,0.136843989440305
"published:M11/bisque4","ENSG00000074370.13",22.8890732734057,0.469109802556764,0.137269205922595
"published:M11/bisque4","ENSG00000079805.12",33.9915176355134,0.696653548884719,0.136300591828328
"published:M11/bisque4","ENSG00000187954.8",15.1063289216896,0.309603053525327,0.137668697532805
"published:M11/bisque4","ENSG00000116604.13",26.0295431495667,0.533473491988133,0.134555880460034
"published:M11/bisque4","ENSG00000119203.9",1.37649616405969,0.0282111833899558,-0.127475141463415
"published:M11/bisque4","ENSG00000111727.7",13.4129622263056,0.274897632880325,-0.133206767024782
"published:M11/bisque4","ENSG00000128789.16",1.69788640724889,0.0347980517932881,-0.130436109285449
"published:M11/bisque4","ENSG00000164169.8",3.36351403642161,0.0689349624021661,-0.137498673363388
"published:M11/bisque4","ENSG00000154370.9",1.50530857017942,0.0308511837814044,0.136650668754641
"published:M11/bisque4","ENSG00000229222.1",0.320804141139629,0.00657485628674435,0.129125506829878
"published:M11/bisque4","ENSG00000136636.8",0.431992742224256,0.0088536581446586,-0.123397168950113
"published:M11/bisque4","ENSG00000157837.11",1.4244636279524,0.0291942728862878,0.133040238352036
"published:M11/bisque4","ENSG00000116171.12",3.91887993595763,0.0803171439508094,-0.125237991512135
"published:M11/bisque4","ENSG00000167208.10",5.71888833344137,0.117208178107496,0.132688802080946
"published:M11/bisque4","ENSG00000015285.6",27.6095323778206,0.56585525013337,0.138211516273708
"published:M11/bisque4","ENSG00000141551.10",31.1916085043566,0.639269625822184,0.132573689188494
"published:M11/bisque4","ENSG00000197530.8",2.41876348281488,0.0495723722101559,0.140707387570587
"published:M11/bisque4","ENSG00000175220.7",9.67822575892308,0.198354495205505,0.136436540834898
"published:M11/bisque4","ENSG00000109911.13",3.64466159804021,0.0746970601308432,-0.13042126202108
"published:M11/bisque4","ENSG00000139083.6",20.9486301460657,0.429340569374365,0.128321258797448
"published:M11/bisque4","ENSG00000160131.9",13.6409406978718,0.279570034183171,-0.128013520405767
"published:M11/bisque4","ENSG00000261226.1",3.32263894599083,0.0680972305563882,0.125742104880741
"published:M11/bisque4","ENSG00000160796.12",36.0224558217392,0.738277471363587,0.124937003940969
"published:M11/bisque4","ENSG00000165983.10",3.31217957754409,0.0678828666016614,-0.131897319006429
"published:M11/bisque4","ENSG00000074755.10",30.9087601893219,0.633472671282586,0.126642164798913
"published:M11/bisque4","ENSG00000125868.11",0.344270979340308,0.00705580733720661,-0.122622157324047
"published:M11/bisque4","ENSG00000085185.11",9.62418608950816,0.197246956322359,0.129661756468598
"published:M11/bisque4","ENSG00000100647.7",42.376452629933,0.868502148987445,0.127359410902019
"published:M11/bisque4","ENSG00000187240.9",0.306156199573961,0.00627464784695063,-0.114548667001857
"published:M11/bisque4","ENSG00000166889.13",8.72958284915107,0.178912131472191,0.122649381382797
"published:M11/bisque4","ENSG00000153815.12",36.3079717178987,0.744129097773899,0.122868135950526
"published:M11/bisque4","ENSG00000109118.9",29.5338691680708,0.605294385171477,0.126827676427322
"published:M11/bisque4","ENSG00000228906.1",0.269316575253483,0.00551962256983187,0.115444740788349
"published:M11/bisque4","ENSG00000198860.7",11.6125264160872,0.237997838932399,-0.128130204055659
"published:M11/bisque4","ENSG00000092978.6",9.39397277268248,0.192528752037194,-0.129698528663512
"published:M11/bisque4","ENSG00000257499.2",1.0394657281624,0.0213037704357103,0.124580188756324
"published:M11/bisque4","ENSG00000227345.4",0.602602782289179,0.0123502978405107,-0.11558258765272
"published:M11/bisque4","ENSG00000102034.12",24.0322932349704,0.492540008054498,0.131123483174619
"published:M11/bisque4","ENSG00000183484.7",1.04350375709038,0.0213865295291211,0.130763588982947
"published:M11/bisque4","ENSG00000078902.11",7.19272437111542,0.147414334747207,0.131529594129445
"published:M11/bisque4","ENSG00000142197.8",2.18091575446009,0.0446977012457911,0.127043046957194
"published:M11/bisque4","ENSG00000072062.9",22.7064832189898,0.465367633384918,0.13305354067974
"published:M11/bisque4","ENSG00000152620.8",3.52103246730368,0.0721632905711353,-0.126916658381925
"published:M11/bisque4","ENSG00000182095.10",41.5138350556672,0.850822867912487,0.124390826271808
"published:M11/bisque4","ENSG00000161847.9",6.40633105892729,0.131297264081827,0.133652452585045
"published:M11/bisque4","ENSG00000133805.11",3.76534467486752,0.0771704505414625,0.121349523376124
"published:M11/bisque4","ENSG00000257923.5",26.3981531600832,0.541028125903993,0.120189906900114
"published:M11/bisque4","ENSG00000175215.5",25.4023087810657,0.520618371675937,0.122669108759274
"published:M11/bisque4","ENSG00000185215.4",21.4735143571334,0.440098031053916,0.120656044336655
"published:M11/bisque4","ENSG00000174151.10",2.70880524615296,0.0555167559214366,0.127151432963134
"published:M11/bisque4","ENSG00000135956.4",33.4970435821434,0.686519341056595,0.122796207359614
"published:M11/bisque4","ENSG00000260630.2",0.821189103789167,0.0168302077475496,0.120280730525925
"published:M11/bisque4","ENSG00000256356.1",0.0523340262312001,0.00107258185681302,-0.120720425167713
"published:M11/bisque4","ENSG00000095261.9",0.186823443639389,0.00382893215954166,-0.112645052832948
"published:M11/bisque4","ENSG00000103126.10",1.94953206259687,0.0399555102139275,0.122443415131581
"published:M11/bisque4","ENSG00000116852.10",30.2171607616763,0.619298394016055,0.120974274579376
"published:M11/bisque4","ENSG00000076108.7",28.2983057332225,0.579971607265853,0.120539673882256
"published:M11/bisque4","ENSG00000138617.10",0.151347813256842,0.0031018618336465,0.124328352506424
"published:M11/bisque4","ENSG00000198373.8",32.0080713801993,0.656002969890182,0.12087992619014
"published:M11/bisque4","ENSG00000135972.4",3.32928167873586,0.0682333728549094,-0.128335555047156
"published:M11/bisque4","ENSG00000230409.2",3.03419394936783,0.0621855724565596,-0.124641250152414
"published:M11/bisque4","ENSG00000125637.11",13.6125605035232,0.27898838427501,0.119364129937016
"published:M11/bisque4","ENSG00000054611.9",11.1082680638478,0.227663102648799,0.119317789813984
"published:M11/bisque4","ENSG00000110060.4",2.72555305471973,0.0558600009744874,-0.130983049177505
"published:M11/bisque4","ENSG00000096070.15",7.0349889467461,0.144181559313347,0.121579568340954
"published:M11/bisque4","ENSG00000161904.7",2.73575575418346,0.0560691045180781,0.123853393544304
"published:M11/bisque4","ENSG00000116584.13",26.372407055407,0.540500461461793,0.119608126298777
"published:M11/bisque4","ENSG00000039523.13",7.99234566183379,0.163802511818793,0.122562430311374
"published:M11/bisque4","ENSG00000111269.2",9.47114209106919,0.194110331303398,-0.111752188592219
"published:M11/bisque4","ENSG00000112658.6",2.74582975391406,0.0562755703705018,0.13288263447362
"published:M11/bisque4","ENSG00000006634.3",6.27258171703396,0.128556081570058,-0.125988054587156
"published:M11/bisque4","ENSG00000038002.4",0.292264928008608,0.00598994730082339,-0.121944980314036
"published:M11/bisque4","ENSG00000184988.4",3.05612164840637,0.062634978967851,0.120407076374691
"published:M11/bisque4","ENSG00000160741.12",7.44218819152216,0.152527076627938,0.128001854346691
"published:M11/bisque4","ENSG00000138686.5",3.05737224624005,0.0626606098746084,-0.113238048901002
"published:M11/bisque4","ENSG00000177889.5",10.2219704428032,0.209498500829912,-0.109068840483442
"published:M11/bisque4","ENSG00000139793.14",6.284001333768,0.128790125739841,-0.114011010366926
"published:M11/bisque4","ENSG00000215769.4",5.1815843498665,0.10619617414224,0.111550483891542
"published:M11/bisque4","ENSG00000187514.10",2.70718968049709,0.0554836450271338,-0.108756113994266
"published:M11/bisque4","ENSG00000139190.12",0.323330623375579,0.00662663634654463,0.110186709829737
"published:M11/bisque4","ENSG00000140992.14",26.5525383042522,0.544192237601907,0.121480900297208
"published:M11/bisque4","ENSG00000152942.14",7.70589475004546,0.157931722334827,-0.119294468878817
"published:M11/bisque4","ENSG00000090020.6",7.28979468234239,0.149403783336492,0.1184791027365
"published:M11/bisque4","ENSG00000108509.16",8.13479375658274,0.16672197460368,0.122512897753469
"published:M11/bisque4","ENSG00000147853.12",5.20424024111656,0.106660504897099,-0.121863625071299
"published:M11/bisque4","ENSG00000125447.12",16.6972398670371,0.342208651425373,0.121994863040808
"published:M11/bisque4","ENSG00000141905.13",3.32791654452371,0.0682053945338531,0.124986645110434
"published:M11/bisque4","ENSG00000146083.7",12.3793155759128,0.253713123997539,0.119128152925302
"published:M11/bisque4","ENSG00000236375.3",0.170658898630745,0.00349764104841417,0.105273121331361
"published:M11/bisque4","ENSG00000138621.7",15.4123918052213,0.315875788867142,0.112500641794897
"published:M11/bisque4","ENSG00000166135.9",5.10812102930902,0.104690549017525,0.11573939034995
"published:M11/bisque4","ENSG00000133246.7",14.0681401707556,0.288325454640047,0.11925908149797
"published:M11/bisque4","ENSG00000100258.13",2.17848352711741,0.0446478529328049,0.119065300581119
"published:M11/bisque4","ENSG00000173264.9",0.236959793676548,0.00485647281118418,0.113041590721646
"published:M11/bisque4","ENSG00000186501.10",1.25437623545364,0.0257083448122494,0.111836054537588
"published:M11/bisque4","ENSG00000091073.15",6.80583024117791,0.139484969205081,0.111504447188354
"published:M11/bisque4","ENSG00000015171.14",9.95683545898684,0.204064579656113,-0.108851739832798
"published:M11/bisque4","ENSG00000169057.15",17.3181748818768,0.354934666967054,0.111369271114301
"published:M11/bisque4","ENSG00000179361.13",8.04629485402237,0.164908196378119,0.116337817680963
"published:M11/bisque4","ENSG00000225697.6",0.170275680700134,0.0034897870262955,-0.0776347049746601
"published:M11/bisque4","ENSG00000173275.8",1.26848562877589,0.0259975157470676,-0.108653052198842
"published:M11/bisque4","ENSG00000197114.7",0.217867547644545,0.00446517869195723,0.107584179035464
"published:M11/bisque4","ENSG00000265206.2",0.855941683810895,0.0175424592117131,0.112247724415617
"published:M11/bisque4","ENSG00000238164.2",0.414166444837947,0.0084883095459049,0.108798721202277
"published:M11/bisque4","ENSG00000188566.7",1.4571086062972,0.0298633292156059,0.119805546966903
"published:M11/bisque4","ENSG00000260336.1",0.362668412810955,0.00743286132623788,0.102462464637789
"published:M11/bisque4","ENSG00000072818.7",0.65248607907571,0.0133726521851752,0.114108522050343
"published:M11/bisque4","ENSG00000133874.1",2.28660682270457,0.0468638315894686,0.11242820938698
"published:M11/bisque4","ENSG00000126461.10",2.57762769323927,0.0528282820277069,0.106349886638534
"published:M11/bisque4","ENSG00000166987.10",23.8464074089413,0.488730292296021,0.114624016822795
"published:M11/bisque4","ENSG00000106346.7",0.170974924468694,0.00350411797374323,0.116762509908679
"published:M11/bisque4","ENSG00000147592.4",0.392481448339576,0.00804387720457397,-0.102364517414326
"published:M11/bisque4","ENSG00000142784.11",14.9850061709956,0.307116553047834,0.109911851754583
"published:M11/bisque4","ENSG00000175115.7",27.367554616228,0.560895934454316,0.10736933042033
"published:M11/bisque4","ENSG00000266173.1",2.13666194590518,0.0437907228309988,0.102960690458662
"published:M11/bisque4","ENSG00000228817.3",5.27486489993855,0.108107951867096,0.104478600557354
"published:M11/bisque4","ENSG00000180104.11",15.7619721067453,0.323040410355605,0.113679338610383
"published:M11/bisque4","ENSG00000127084.13",34.430365682655,0.705647705978278,0.107114264464947
"published:M11/bisque4","ENSG00000100941.4",0.559246493221611,0.011461714018827,-0.0992085626848047
"published:M11/bisque4","ENSG00000187764.7",32.4659813963184,0.665387800577057,0.107943781358043
"published:M11/bisque4","ENSG00000078808.12",1.61080447200264,0.0330133142042355,0.110405043177873
"published:M11/bisque4","ENSG00000214182.5",0.722068999672069,0.0147987488100747,-0.101677167207834
"published:M11/bisque4","ENSG00000156261.8",1.96913539297852,0.0403572789677319,-0.100834319611015
"published:M11/bisque4","ENSG00000272760.1",0.219574613283684,0.00450016487140462,-0.105876348371031
"published:M11/bisque4","ENSG00000148356.9",4.17024074762529,0.0854687645220505,0.115029588597438
"published:M11/bisque4","ENSG00000119772.12",2.63741399347325,0.0540535976690764,0.109547471542691
"published:M11/bisque4","ENSG00000116525.9",4.29678095993115,0.0880621964754213,0.108734640202528
"published:M11/bisque4","ENSG00000132436.7",9.24060506845167,0.189385492692838,-0.109799390242444
"published:M11/bisque4","ENSG00000154035.6",4.74207755851061,0.0971885161364935,0.107379870715411
"published:M11/bisque4","ENSG00000130479.6",6.34333549609525,0.130006174849463,0.115428211576548
"published:M11/bisque4","ENSG00000116337.11",10.4423518437096,0.214015200751813,0.103753593542394
"published:M11/bisque4","ENSG00000084112.10",19.7720813381512,0.405227291724962,0.105667027448377
"published:M11/bisque4","ENSG00000101104.8",8.88569085831036,0.182111553156044,0.109946035482265
"published:M11/bisque4","ENSG00000263335.1",1.06803777808665,0.0218893524091919,0.10118979982335
"published:M11/bisque4","ENSG00000140464.15",3.56709029556556,0.0731072422315649,0.101307361069765
"published:M11/bisque4","ENSG00000100813.10",8.29158470366529,0.169935393047932,0.106582917974034
"published:M11/bisque4","ENSG00000064999.12",12.6140994857955,0.258525002237125,0.109001249210059
"published:M11/bisque4","ENSG00000180574.3",1.10798820587646,0.0227081333650077,-0.104409822652788
"published:M11/bisque4","ENSG00000236567.2",3.54113096509801,0.0725752077431137,0.102513699697252
"published:M11/bisque4","ENSG00000125503.8",3.54782992298813,0.0727125023716744,0.108442466425461
"published:M11/bisque4","ENSG00000156030.8",16.5403585373471,0.338993380596509,0.10188505155098
"published:M11/bisque4","ENSG00000183955.8",0.0514589561079138,0.00105464736170023,0.100975312334023
"published:M11/bisque4","ENSG00000163945.11",4.2257654724587,0.0866067395021859,0.104926803843356
"published:M11/bisque4","ENSG00000169021.4",0.796638521427573,0.0163270454435658,-0.0977959145964434
"published:M11/bisque4","ENSG00000139684.9",5.23093674394614,0.107207647676615,-0.0978556759141045
"published:M11/bisque4","ENSG00000136052.5",0.0661621339620027,0.00135598786499193,-0.100308639306715
"published:M11/bisque4","ENSG00000049239.8",6.50851400540054,0.13339149573866,0.104627730053458
"published:M11/bisque4","ENSG00000140854.8",2.29608535473465,0.0470580933770055,0.117915715259716
"published:M11/bisque4","ENSG00000085760.10",3.61175670666334,0.0740226769038523,-0.105409772136747
"published:M11/bisque4","ENSG00000086062.8",11.7440279835433,0.240692953479344,0.0979047273936345
"published:M11/bisque4","ENSG00000213445.4",19.7066707376014,0.403886706479656,0.100585678273022
"published:M11/bisque4","ENSG00000156711.12",8.40047877155065,0.172167168623776,0.103380642977285
"published:M11/bisque4","ENSG00000158717.6",6.14550028673931,0.125951557395485,0.102075842075192
"published:M11/bisque4","ENSG00000075790.6",2.56442703128476,0.0525577354726266,-0.0916023394604494
"published:M11/bisque4","ENSG00000267283.1",3.05568227044885,0.0626259739502847,0.104191540571539
"published:M11/bisque4","ENSG00000103489.7",4.11294243101197,0.0842944399143113,0.0953743660403705
"published:M11/bisque4","ENSG00000122678.10",1.23308367781569,0.0252719554752867,0.100214144674758
"published:M11/bisque4","ENSG00000181222.10",23.9602768718659,0.491064038211888,0.100404392857311
"published:M11/bisque4","ENSG00000253307.1",8.71699543225179,0.17865415332752,0.0915654335079076
"published:M11/bisque4","ENSG00000198837.5",13.8112277937133,0.283060055161916,0.0985421481938692
"published:M11/bisque4","ENSG00000184634.11",22.4270342251152,0.459640347671979,0.103093568977772
"published:M11/bisque4","ENSG00000183386.5",0.495301711496688,0.0101511706179997,0.0978358617816672
"published:M11/bisque4","ENSG00000077454.11",19.2732178611594,0.395003122996107,0.0998431930752739
"published:M11/bisque4","ENSG00000126012.7",16.1809511317126,0.331627353362434,0.101967615455127
"published:M11/bisque4","ENSG00000225215.1",0.0321793581850742,0.000659513479828948,-0.0885086972712198
"published:M11/bisque4","ENSG00000108733.5",0.0273121042398548,0.000559759483240173,-0.0882153070626217
"published:M11/bisque4","ENSG00000101363.8",0.662676671000364,0.0135815075856804,0.100728593701951
"published:M11/bisque4","ENSG00000175463.7",2.33510941579405,0.0478578885176769,0.0968394269399783
"published:M11/bisque4","ENSG00000100299.13",8.30782226655112,0.170268180654856,0.103004190928069
"published:M11/bisque4","ENSG00000175634.10",0.376738009164727,0.00772121662523723,0.104913213933201
"published:M11/bisque4","ENSG00000152291.9",19.8246226992758,0.406304122894525,0.0932072587060834
"published:M11/bisque4","ENSG00000106034.13",0.0172869289999342,0.000354294285011275,-0.086204032439246
"published:M11/bisque4","ENSG00000197063.6",1.95334381709547,0.0400336318302498,0.11318727671928
"published:M11/bisque4","ENSG00000153015.11",4.09381699335972,0.083902465535371,-0.0929722766368684
"published:M11/bisque4","ENSG00000197744.5",0.699993005768904,0.0143463030068979,-0.0934281716166807
"published:M11/bisque4","ENSG00000139636.11",1.79019682459172,0.0366899467222079,0.0989133805009031
"published:M11/bisque4","ENSG00000108819.9",14.2003522977552,0.291035132050378,0.093062518545564
"published:M11/bisque4","ENSG00000129933.16",38.0217098584019,0.779252029625383,0.0937602912491349
"published:M11/bisque4","ENSG00000124422.7",10.3433481787941,0.211986128226852,0.0906643078780153
"published:M11/bisque4","ENSG00000180329.9",5.89030797704371,0.120721410565801,-0.0951782793124735
"published:M11/bisque4","ENSG00000176102.7",5.03503678485111,0.103192693028419,-0.0916538559723282
"published:M11/bisque4","ENSG00000005486.12",2.46390321392897,0.0504975075399029,0.0925769250397963
"published:M11/bisque4","ENSG00000170638.5",2.05568421255013,0.0421310903918899,0.098774267727881
"published:M11/bisque4","ENSG00000132024.13",0.512745367350443,0.0105086770078688,0.0948665431261213
"published:M11/bisque4","ENSG00000203896.5",0.0703579256224752,0.00144198029351461,0.091341137983613
"published:M11/bisque4","ENSG00000028203.13",7.7351653449115,0.158531620933356,-0.0893500871494487
"published:M11/bisque4","ENSG00000053918.11",14.921046665994,0.305805707894579,0.0935500004093045
"published:M11/bisque4","ENSG00000101294.12",6.51268419090291,0.133476963370935,0.0891873254922982
"published:M11/bisque4","ENSG00000154059.5",4.72525943541073,0.0968438299924754,-0.0893484021340206
"published:M11/bisque4","ENSG00000110697.8",6.52603247323386,0.133750535394317,0.0980596643605421
"published:M11/bisque4","ENSG00000133119.8",0.406933657416555,0.00834007412201263,-0.0718794058052468
"published:M11/bisque4","ENSG00000224470.3",6.93814944145585,0.142196841074047,0.09036002940499
"published:M11/bisque4","ENSG00000144579.3",10.7032296104301,0.219361870587498,0.090859171107804
"published:M11/bisque4","ENSG00000142039.3",2.64646216260039,0.0542390392019002,0.0938710794832684
"published:M11/bisque4","ENSG00000060069.12",9.93940399337186,0.203707323104253,0.0904247980246607
"published:M11/bisque4","ENSG00000064102.10",7.47899604370649,0.153281450737562,-0.0920429446112559
"published:M11/bisque4","ENSG00000142102.11",2.87781478278905,0.0589805934221748,0.0863763938504306
"published:M11/bisque4","ENSG00000156110.9",0.0990240024697431,0.00202948934157743,-0.0849451867676785
"published:M11/bisque4","ENSG00000183520.7",0.841819506342693,0.0172530262668033,-0.0771217030683844
"published:M11/bisque4","ENSG00000065457.6",0.0891698464088748,0.00182752916831657,0.0817014796632902
"published:M11/bisque4","ENSG00000054965.6",8.06793840210701,0.165351779237387,0.0848426185399265
"published:M11/bisque4","ENSG00000089060.7",2.49734278551292,0.0511828489967612,0.0863088735314667
"published:M11/bisque4","ENSG00000079432.3",13.9850716177065,0.286622971011545,0.0916433592491532
"published:M11/bisque4","ENSG00000127419.12",2.28287309761545,0.0467873091799137,0.106265020931949
"published:M11/bisque4","ENSG00000132740.4",0.0476460644737007,0.000976502439870905,0.0902576996076839
"published:M11/bisque4","ENSG00000105329.5",11.8137623312435,0.24212215359113,0.0821694781266994
"published:M11/bisque4","ENSG00000133275.11",8.57708489316292,0.175786697551411,0.0891920442530347
"published:M11/bisque4","ENSG00000101986.8",4.36391764832479,0.0894381577588012,0.0918945070119484
"published:M11/bisque4","ENSG00000124067.12",7.40147410590852,0.151692644563549,0.09743253254325
"published:M11/bisque4","ENSG00000165259.9",0.06834841101432,0.00140079544562642,-0.0700707366962325
"published:M11/bisque4","ENSG00000165861.9",12.1499631584268,0.249012563778363,0.0872283709513103
"published:M11/bisque4","ENSG00000162591.11",4.52583582157429,0.092756658310402,0.0863774478833726
"published:M11/bisque4","ENSG00000165660.7",0.287636476370455,0.00589508753921651,-0.0734629751970148
"published:M11/bisque4","ENSG00000173039.14",5.83563670498101,0.119600927034794,0.0958502244073444
"published:M11/bisque4","ENSG00000170043.7",0.266997629326627,0.00547209595078123,0.0943858899643082
"published:M11/bisque4","ENSG00000104381.8",0.426231479866211,0.00873558151416433,-0.0773526903321553
"published:M11/bisque4","ENSG00000114650.14",15.7039962894022,0.321852200422332,0.0861198819232754
"published:M11/bisque4","ENSG00000172432.14",5.12572676726809,0.105051377267721,0.0828836401901698
"published:M11/bisque4","ENSG00000126746.13",7.57439124005939,0.15523656797588,0.0851608249762753
"published:M11/bisque4","ENSG00000245532.4",4.04145130909066,0.0828292348494983,0.0717378676771038
"published:M11/bisque4","ENSG00000049089.9",0.0761473747770798,0.00156063461024417,0.100914354005833
"published:M11/bisque4","ENSG00000164989.11",0.104861362793572,0.00214912559404841,-0.075984316284215
"published:M11/bisque4","ENSG00000125912.6",5.01629331704012,0.102808547092102,0.0901522957831946
"published:M11/bisque4","ENSG00000104427.7",0.195437964783984,0.00400548611019712,-0.0679316591725538
"published:M11/bisque4","ENSG00000132603.9",4.17983230935938,0.0856653428447088,-0.0756920064213774
"published:M11/bisque4","ENSG00000231113.2",2.55050450306946,0.0522723943238541,0.0856535097956691
"published:M11/bisque4","ENSG00000129993.10",4.45933224502427,0.0913936726057362,0.0814489720300637
"published:M11/bisque4","ENSG00000198624.8",2.19305318132726,0.0449464568792409,0.0795762352988869
"published:M11/bisque4","ENSG00000172890.7",7.30439474108807,0.149703010421559,0.082839050615094
"published:M11/bisque4","ENSG00000136643.7",0.909313275794653,0.0186363058991075,-0.0792394591717351
"published:M11/bisque4","ENSG00000175348.6",0.474293164870648,0.00972060206496019,-0.0708415082039432
"published:M11/bisque4","ENSG00000072786.8",18.9377257631746,0.388127238159483,0.07537048199571
"published:M11/bisque4","ENSG00000080845.13",4.77739798307195,0.0979124055309779,0.0825701192674328
"published:M11/bisque4","ENSG00000167302.5",4.90863005038812,0.100601996693209,0.08830350812093
"published:M11/bisque4","ENSG00000105323.12",8.09685299425729,0.165944381587539,0.0747568653572596
"published:M11/bisque4","ENSG00000157426.9",4.65141923950243,0.0953304808363284,-0.077257751655253
"published:M11/bisque4","ENSG00000130475.10",12.0620734970203,0.247211271903559,0.0832779401461888
"published:M11/bisque4","ENSG00000091592.11",28.9855554856704,0.594056738272557,0.0748021727994776
"published:M11/bisque4","ENSG00000258634.2",1.1010026491185,0.0225649649146152,0.0782725873547763
"published:M11/bisque4","ENSG00000099622.9",0.0709284977174055,0.00145367412487248,-0.0610918661427607
"published:M11/bisque4","ENSG00000064393.11",5.94614368588296,0.121865759139302,0.0728768530396278
"published:M11/bisque4","ENSG00000011451.13",3.912535034817,0.0801871056881951,0.0747095739943062
"published:M11/bisque4","ENSG00000137831.10",0.0875814717073189,0.00179497555053866,-0.0659118458934942
"published:M11/bisque4","ENSG00000179094.9",0.14281633988295,0.00292700994068695,-0.0563127451511646
"published:M11/bisque4","ENSG00000174891.8",0.588321155543163,0.0120575969948719,-0.0758556212631914
"published:M11/bisque4","ENSG00000197724.6",9.13445134046694,0.187209880173241,0.0832351473350666
"published:M11/bisque4","ENSG00000179604.8",1.97417211874123,0.0404605062762321,0.0795073174235573
"published:M11/bisque4","ENSG00000104518.6",1.14767265003505,0.0235214630066861,0.0738017391756808
"published:M11/bisque4","ENSG00000065970.4",9.26314223968181,0.189847390289987,0.0843482757974199
"published:M11/bisque4","ENSG00000224531.4",2.41125262737616,0.0494184378035592,-0.0735498306816048
"published:M11/bisque4","ENSG00000214688.4",3.67295845667942,0.0752770020800283,0.0666032281179314
"published:M11/bisque4","ENSG00000113658.12",1.15197864405093,0.0236097140240372,-0.0670330186516523
"published:M11/bisque4","ENSG00000143373.13",12.7643747938585,0.261604883159017,0.0803450103880167
"published:M11/bisque4","ENSG00000167491.13",21.7777001513816,0.446332295594725,0.0733000361754479
"published:M11/bisque4","ENSG00000068120.10",1.19268218874815,0.0244439300531527,0.0833760497067293
"published:M11/bisque4","ENSG00000033100.10",17.9887815010507,0.368678698232812,0.0753798757683614
"published:M11/bisque4","ENSG00000155189.7",4.98742148253551,0.102216821056621,-0.0710964072210108
"published:M11/bisque4","ENSG00000154237.8",12.457451519556,0.255314514174292,0.0743319163992557
"published:M11/bisque4","ENSG00000092847.6",10.1005742444492,0.207010495048254,0.0697433413080537
"published:M11/bisque4","ENSG00000215440.7",4.2701424275318,0.0875162417954307,0.0837429448650542
"published:M11/bisque4","ENSG00000198826.6",0.116353301427099,0.00238465199561889,-0.0677233650877484
"published:M11/bisque4","ENSG00000162066.10",1.65799267586816,0.0339804328260315,0.0762588169624977
"published:M11/bisque4","ENSG00000100982.7",11.6146329848822,0.238041012898407,0.0748593993820559
"published:M11/bisque4","ENSG00000105875.9",0.960395646347818,0.019683235168724,-0.0490205239136072
"published:M11/bisque4","ENSG00000131480.4",13.0480467075468,0.267418717289901,0.0690326856757056
"published:M11/bisque4","ENSG00000155034.14",0.818073073737236,0.0167663449504428,0.0717803621007668
"published:M11/bisque4","ENSG00000060491.12",5.3938806421641,0.110547170382834,0.0679842507043646
"published:M11/bisque4","ENSG00000177169.5",24.1284010440512,0.494509730236061,0.0775352223668287
"published:M11/bisque4","ENSG00000117143.9",1.0321646966835,0.0211541363550895,-0.0707414256021049
"published:M11/bisque4","ENSG00000146067.11",5.1717429167211,0.105994474724157,0.0695849881423345
"published:M11/bisque4","ENSG00000107263.14",6.28554085596327,0.128821678129246,0.0672358934701812
"published:M11/bisque4","ENSG00000138604.5",0.34470320672349,0.00706466580429972,-0.0555209077388654
"published:M11/bisque4","ENSG00000128815.13",11.7563675555037,0.240945852060987,0.0590104599310719
"published:M11/bisque4","ENSG00000171503.7",0.043265721479877,0.000886727645914915,-0.0659612675733681
"published:M11/bisque4","ENSG00000226982.4",0.230660622017033,0.00472737177078077,-0.0756850255483509
"published:M11/bisque4","ENSG00000102595.14",0.119296603257381,0.00244497474106062,-0.0497315966973939
"published:M11/bisque4","ENSG00000142765.13",1.96203937055278,0.0402118465319441,0.069107951420135
"published:M11/bisque4","ENSG00000161036.6",4.66517890749758,0.0956124841773702,0.0728179092486758
"published:M11/bisque4","ENSG00000118503.10",0.25956891386869,0.00531984499679558,0.0584567384113883
"published:M11/bisque4","ENSG00000254901.3",5.53323956292763,0.113403320783639,0.0713557200199047
"published:M11/bisque4","ENSG00000073169.9",2.55615402352386,0.052388180812597,0.065950900309895
"published:M11/bisque4","ENSG00000142252.6",0.018804104743822,0.00038538868560835,0.0607811064775358
"published:M11/bisque4","ENSG00000158805.7",0.741602303048061,0.0151990823657647,0.0666191461688982
"published:M11/bisque4","ENSG00000234176.1",0.827654027294858,0.0169627058593374,-0.0546352911084131
"published:M11/bisque4","ENSG00000177666.11",8.72916479351671,0.178903563454004,0.0682144579747042
"published:M11/bisque4","ENSG00000235554.1",0.01750802174648,0.000358825563907539,-0.0544483763947661
"published:M11/bisque4","ENSG00000169564.5",7.65513828941844,0.15689147256417,0.0622116398409854
"published:M11/bisque4","ENSG00000203276.2",0.134102928154736,0.00274842923509904,0.05692634522795
"published:M11/bisque4","ENSG00000254995.4",2.62078069341664,0.0537126994591655,0.0706510086533679
"published:M11/bisque4","ENSG00000103995.9",0.27387982279051,0.0056131459783833,-0.0536339326236881
"published:M11/bisque4","ENSG00000110047.13",10.6098365015848,0.217447785979212,0.0569307244851497
"published:M11/bisque4","ENSG00000175573.6",0.579209089551622,0.0118708459007094,0.0653565931602095
"published:M11/bisque4","ENSG00000140548.5",9.60789835466802,0.196913140445076,0.0579923773222617
"published:M11/bisque4","ENSG00000120314.14",0.291442888028842,0.00597309965443789,-0.0438431479024448
"published:M11/bisque4","ENSG00000103111.10",2.08510258487298,0.0427340176780701,0.0582282719551048
"published:M11/bisque4","ENSG00000182685.3",0.16307527658549,0.00334221529579324,0.0636255667266767
"published:M11/bisque4","ENSG00000136122.11",1.4014079105353,0.0287217477247772,-0.0574961505193095
"published:M11/bisque4","ENSG00000099995.14",14.6324092286216,0.299890105736339,0.0581815839919159
"published:M11/bisque4","ENSG00000162231.9",3.77146496970604,0.0772958855151284,0.0589322771786557
"published:M11/bisque4","ENSG00000205903.2",1.9549994142641,0.0400675631673385,0.0590257911248557
"published:M11/bisque4","ENSG00000121680.11",0.463767421382683,0.00950487775885035,0.0579651677169625
"published:M11/bisque4","ENSG00000083838.11",0.359010068834733,0.00735788384681479,0.0653878733810074
"published:M11/bisque4","ENSG00000139182.9",0.15719513440076,0.00322170223236182,-0.0385066495623229
"published:M11/bisque4","ENSG00000153443.8",1.34004096318977,0.0274640368419947,0.0591701509393303
"published:M11/bisque4","ENSG00000160404.13",0.342203092594098,0.00701342615682254,0.063183589566796
"published:M11/bisque4","ENSG00000135912.6",4.45113513451818,0.0912256734541273,0.0625683626646558
"published:M11/bisque4","ENSG00000087077.7",0.0290250426159331,0.000594866023981062,0.0598213592762513
"published:M11/bisque4","ENSG00000135439.7",8.03357422557816,0.164647488073043,0.064470855031808
"published:M11/bisque4","ENSG00000089248.6",0.204963173738776,0.00420070453772892,-0.0441126113607499
"published:M11/bisque4","ENSG00000105639.14",8.32561850799159,0.170632913259303,0.0499748781367458
"published:M11/bisque4","ENSG00000125149.7",0.699691261157164,0.0143401187742055,0.0623470747573698
"published:M11/bisque4","ENSG00000229241.1",0.0525314395934843,0.00107662782854359,-0.0401741941360452
"published:M11/bisque4","ENSG00000178149.12",0.101610771642902,0.00208250497753549,-0.036022743279254
"published:M11/bisque4","ENSG00000188428.12",6.20420966426636,0.12715480158851,-0.0627374333849965
"published:M11/bisque4","ENSG00000100307.8",4.43784286440481,0.0909532493968518,0.0509729822534425
"published:M11/bisque4","ENSG00000163528.8",0.0679898661601616,0.00139344709631875,-0.0528694396901572
"published:M11/bisque4","ENSG00000181027.6",0.0834127554155598,0.00170953802962276,0.0535528670490643
"published:M11/bisque4","ENSG00000233038.1",0.854197189948765,0.017506705943704,0.0626118168272806
"published:M11/bisque4","ENSG00000140406.2",0.175998543241795,0.00360707665549588,0.0584641569572972
"published:M11/bisque4","ENSG00000107331.12",4.58638813771815,0.0939976733891384,0.0519521821230516
"published:M11/bisque4","ENSG00000106524.4",1.93277925225817,0.0396121626499442,-0.0535826186459476
"published:M11/bisque4","ENSG00000184207.8",0.135946401488142,0.00278621107978637,-0.029303872148976
"published:M11/bisque4","ENSG00000158545.11",3.46151070390688,0.0709433965919701,0.0517421277280155
"published:M11/bisque4","ENSG00000163472.14",0.128034092069049,0.0026240489046287,0.0456529501415265
"published:M11/bisque4","ENSG00000078061.8",4.3617092929091,0.0893928976838016,0.0610482065542468
"published:M11/bisque4","ENSG00000104969.5",0.665548875982578,0.0136403732066697,0.0554500288536102
"published:M11/bisque4","ENSG00000255026.1",0.314683056582719,0.00644940512786055,0.0440021030791195
"published:M11/bisque4","ENSG00000105327.11",1.18729413435234,0.0243335022912424,-0.0323001041303579
"published:M11/bisque4","ENSG00000161202.13",6.30904160011488,0.129303324079574,0.0574570132643725
"published:M11/bisque4","ENSG00000267742.1",0.512953142713561,0.0105129353480123,-0.0489164257653716
"published:M11/bisque4","ENSG00000186625.9",1.26729288119962,0.0259730704769022,-0.0440399522981504
"published:M11/bisque4","ENSG00000108395.9",0.75013608725176,0.0153739816190041,-0.0475836591200965
"published:M11/bisque4","ENSG00000267350.2",3.89684752575899,0.0798655913923165,0.0389350421162459
"published:M11/bisque4","ENSG00000148719.10",11.7068663084888,0.239931327797113,0.0411100878591904
"published:M11/bisque4","ENSG00000000971.11",0.137552505750765,0.00281912806355957,-0.045718742773526
"published:M11/bisque4","ENSG00000158796.12",0.682929085562671,0.0139965792700225,0.0461071318505998
"published:M11/bisque4","ENSG00000188021.7",0.14379962657512,0.00294716232608546,0.0378081529246404
"published:M11/bisque4","ENSG00000180694.9",0.697775145553053,0.0143008481317473,-0.0324269180629282
"published:M11/bisque4","ENSG00000085644.9",1.64424002317429,0.0336985732630518,0.0487950626561966
"published:M11/bisque4","ENSG00000103197.12",11.3323090032795,0.232254804532315,0.0533763259762592
"published:M11/bisque4","ENSG00000198728.6",2.59386469348992,0.0531610581034662,-0.0264171272145827
"published:M11/bisque4","ENSG00000162736.11",14.0521928154399,0.287998614815031,0.039976976212161
"published:M11/bisque4","ENSG00000150455.9",1.6504745761585,0.0338263499486571,-0.0148987952344202
"published:M11/bisque4","ENSG00000146576.8",0.365882487417224,0.00749873353897185,0.0390104572423015
"published:M11/bisque4","ENSG00000147180.12",1.08998401501328,0.0223391388530789,-0.0369898635342331
"published:M11/bisque4","ENSG00000172375.8",1.55430118116839,0.0318552835889086,0.0532563314532509
"published:M11/bisque4","ENSG00000169981.6",0.15667525469573,0.00321104733764997,-0.0467760504875718
"published:M11/bisque4","ENSG00000129465.11",1.83960793489956,0.0377026236411792,0.0458451461825473
"published:M11/bisque4","ENSG00000130749.5",6.23831537265127,0.127853795468052,0.0417173967873881
"published:M11/bisque4","ENSG00000110046.8",14.3956556287951,0.295037858852309,0.0399867011703512
"published:M11/bisque4","ENSG00000169972.7",0.0575180999613982,0.00117882905061438,-0.0125354698020986
"published:M11/bisque4","ENSG00000176994.9",4.53744808519207,0.0929946507633031,0.0330257991165612
"published:M11/bisque4","ENSG00000171163.11",0.1488717547016,0.00305111520331795,0.0410066213693279
"published:M11/bisque4","ENSG00000170265.7",0.288476884941942,0.00591231164848158,-0.00885932245386504
"published:M11/bisque4","ENSG00000167778.4",1.37525067712792,0.0281856572307412,0.0416540158055839
"published:M11/bisque4","ENSG00000144589.16",0.666212931200536,0.0136539829674697,0.0659039381063624
"published:M11/bisque4","ENSG00000165102.10",3.64174573859507,0.074637299814982,0.027449361487862
"published:M11/bisque4","ENSG00000113119.8",0.673569502036371,0.0138047553229544,-0.00785073259829553
"published:M11/bisque4","ENSG00000115756.8",5.12988367689828,0.105136572812013,0.0322667922462346
"published:M11/bisque4","ENSG00000105698.11",2.67237419850881,0.0547701043919865,0.0342741696199904
"published:M11/bisque4","ENSG00000269940.1",0.452681809361342,0.00927767899005641,0.0239720749147102
"published:M11/bisque4","ENSG00000104859.10",1.9357007488692,0.0396720384990887,0.0325326380510915
"published:M11/bisque4","ENSG00000102125.11",0.708420421810672,0.0145190222528103,0.0326298787856668
"published:M11/bisque4","ENSG00000182087.8",1.29663060548933,0.0265743448878239,0.0233488091939729
"published:M11/bisque4","ENSG00000010295.15",1.78903525074574,0.0366661403552556,-0.00357014325462552
"published:M11/bisque4","ENSG00000166189.6",0.73084950937055,0.0149787046834209,0.0348530807858474
"published:M11/bisque4","ENSG00000136935.9",0.253623680093568,0.00519799788620759,0.0286489945496302
"published:M11/bisque4","ENSG00000072310.12",3.12807572829645,0.0641096723207533,-0.000167936227782276
"published:M11/bisque4","ENSG00000186866.12",2.94104860577608,0.0602765657781557,0.0378002662389998
"published:M11/bisque4","ENSG00000131748.11",6.4526449392515,0.132246463509651,0.0263463133945946
"published:M11/bisque4","ENSG00000175826.7",1.5556890188602,0.0318837272160408,0.0298788190601312
"published:M11/bisque4","ENSG00000146830.9",5.72791913562466,0.117393263706136,-0.00594895477322733
"published:M11/bisque4","ENSG00000023171.10",0.271536554737386,0.00556512087921881,0.0271136983628378
"published:M11/bisque4","ENSG00000012211.8",0.158343657337118,0.00324524112192154,0.024555909618136
"published:M11/bisque4","ENSG00000169925.12",6.35586998532611,0.130263068245627,0.0227152032305532
"published:M11/bisque4","ENSG00000135723.9",3.94660209725608,0.0808853075220393,0.0222785707530503
"published:M11/bisque4","ENSG00000143368.9",0.582688234083904,0.0119421507012625,0.00420733128132585
"published:M11/bisque4","ENSG00000089820.11",2.62043406159814,0.0537055952666108,-0.00614086866420647
"published:M11/bisque4","ENSG00000168918.9",16.8181650477434,0.344687003736437,-0.00815451802254623
"published:M11/bisque4","ENSG00000172613.3",0.18767859953813,0.00384645851414858,0.0215066764398173
"published:M11/bisque4","ENSG00000161642.13",0.415815016395221,0.00852209689362737,0.00714323844304823
"published:M11/bisque4","ENSG00000149761.4",0.218841457630234,0.00448513890247505,0.00658819282766517
"published:M11/bisque4","ENSG00000107736.15",1.82955073218475,0.0374965020423069,-0.00306471048763348
"published:M11/bisque4","ENSG00000204920.6",0.0251394134324796,0.000515230351654541,-0.00674138947154225
"published:M11/bisque4","ENSG00000224051.2",0.444193432151258,0.00910371034967128,0.019920308162541
"published:M11/bisque4","ENSG00000197119.8",0.0151426894916222,0.00031034826061948,0.00553656679111143
"published:M11/bisque4","ENSG00000142185.12",1.26819135192851,0.0259914845656334,0.0161212533071094
"published:M11/bisque4","ENSG00000127511.5",6.21151918410627,0.127304609637439,0.0245001244171606
"published:M11/bisque4","ENSG00000139624.8",0.11120084055479,0.00227905270491722,0.00971945674739307
"published:M11/bisque4","ENSG00000102871.11",0.371432199613809,0.00761247446511988,0.00174815689293062
"published:M11/bisque4","ENSG00000189114.6",0.220786972928076,0.00452501208940315,0.00814901974817736
"published:M11/bisque4","ENSG00000185619.13",0.0209907385535525,0.000430203577958686,0.000875641400817055
"published:M11/bisque4","ENSG00000007376.3",0.205058111994055,0.00420265028999495,0.00894537454925816
"published:M11/bisque4","ENSG00000197798.4",0.156128872680663,0.00319984928012502,-0.00144905297687194
"published:M11/bisque4","ENSG00000178607.11",2.84049296972563,0.0582156857237235,0.00250302745568948
"published:M11/bisque4","ENSG00000108219.10",2.4720464953856,0.0506644034692686,0.00304311759278927
"published:M26/brown4","ENSG00000271840.1",2.65674487171618,0.086455065910171,0.245017905292356
"published:M26/brown4","ENSG00000174010.9",1.99651854925549,0.0649701612692912,-0.251294659378037
"published:M26/brown4","ENSG00000136828.14",1.56612354924078,0.0509643647436944,0.244184473960554
"published:M26/brown4","ENSG00000134900.7",9.99476240743917,0.325246828135768,-0.224826118729192
"published:M26/brown4","ENSG00000111912.14",0.827379537147603,0.0269243588943548,-0.215042892778942
"published:M26/brown4","ENSG00000138095.14",16.0234373132743,0.52143032015406,-0.211258983983664
"published:M26/brown4","ENSG00000230454.1",3.08425746030558,0.100367063790513,0.208195734567067
"published:M26/brown4","ENSG00000145675.10",7.57176460072295,0.246398295365463,-0.204405305779351
"published:M26/brown4","ENSG00000138767.8",9.95310687077962,0.323891285040243,-0.199168824071285
"published:M26/brown4","ENSG00000142864.10",20.451316761934,0.665521163671483,-0.198983233391936
"published:M26/brown4","ENSG00000095564.9",12.1031601952629,0.393857733026086,-0.192896077644586
"published:M26/brown4","ENSG00000014123.9",21.9307960514658,0.713665974583106,-0.202054258003081
"published:M26/brown4","ENSG00000150593.11",2.13816556687074,0.069579599824825,-0.189139735851835
"published:M26/brown4","ENSG00000181467.2",1.48274305984901,0.04825101963377,-0.190116478202551
"published:M26/brown4","ENSG00000134602.11",5.80223983011012,0.188814903636099,-0.198644562415854
"published:M26/brown4","ENSG00000086712.8",3.85391796376516,0.12541314565688,-0.195799166353634
"published:M26/brown4","ENSG00000016864.12",1.34512398259019,0.0437726572130597,-0.187035030130208
"published:M26/brown4","ENSG00000213918.6",1.45746626416154,0.0474284690530113,0.192049186064695
"published:M26/brown4","ENSG00000198146.4",8.71549847487792,0.283617370680696,-0.19471461326699
"published:M26/brown4","ENSG00000114742.9",1.7985274535929,0.0585271891166512,-0.191023904455917
"published:M26/brown4","ENSG00000177613.7",2.23917511509071,0.0728666249516575,-0.191964047662707
"published:M26/brown4","ENSG00000096717.7",3.44678881739598,0.112164460185413,-0.194939955546085
"published:M26/brown4","ENSG00000180530.5",12.978297342435,0.42233620702059,-0.197482863522246
"published:M26/brown4","ENSG00000174738.8",10.5203922979124,0.342351732452706,-0.189391331535768
"published:M26/brown4","ENSG00000133657.10",2.10775786444039,0.0685900806783762,-0.190005233259882
"published:M26/brown4","ENSG00000154174.7",19.5335247855052,0.635654627874716,-0.195260967983619
"published:M26/brown4","ENSG00000167985.2",1.62739421139225,0.052958217894992,0.186249908876137
"published:M26/brown4","ENSG00000067248.5",7.5543001995793,0.245829973593949,-0.195845508267253
"published:M26/brown4","ENSG00000004961.10",0.101254058946694,0.00329498192811192,-0.183554500340635
"published:M26/brown4","ENSG00000125676.15",15.5316001361197,0.505425089083262,-0.188504157680388
"published:M26/brown4","ENSG00000127914.12",12.9685681534217,0.422019602409304,-0.184869938339053
"published:M26/brown4","ENSG00000138660.7",14.0292652960243,0.456536519088321,-0.20312402844452
"published:M26/brown4","ENSG00000120802.9",14.0481191673302,0.457150056618314,-0.189157867740175
"published:M26/brown4","ENSG00000163714.13",23.7639059444269,0.773318535995283,-0.185404977451662
"published:M26/brown4","ENSG00000136450.8",10.4649559358658,0.340547737501746,-0.183238868873075
"published:M26/brown4","ENSG00000111596.7",7.74699868633582,0.252100715113274,-0.187781845984165
"published:M26/brown4","ENSG00000153936.12",2.11335547508458,0.0687722365949398,-0.186681481955649
"published:M26/brown4","ENSG00000186480.8",0.0374961818726792,0.00122019050820193,-0.180901215067802
"published:M26/brown4","ENSG00000139350.7",10.4418834431456,0.339796918746032,-0.184440553197081
"published:M26/brown4","ENSG00000134987.7",15.9222850418749,0.518138650568508,-0.183185785741879
"published:M26/brown4","ENSG00000166181.8",15.1372367054855,0.492591822046213,-0.181136998793855
"published:M26/brown4","ENSG00000070476.10",9.1149622968064,0.296616613258041,0.180514358086079
"published:M26/brown4","ENSG00000177485.6",23.530999900454,0.76573937113195,-0.187576657478717
"published:M26/brown4","ENSG00000197536.6",3.5055090217282,0.114075317035029,0.175383275986199
"published:M26/brown4","ENSG00000258486.2",3.15196303082552,0.102570319972205,0.174456205023533
"published:M26/brown4","ENSG00000142892.10",21.2571911251526,0.691745707070102,-0.191486610584097
"published:M26/brown4","ENSG00000145734.14",17.578666166167,0.572040152665145,-0.173922464146715
"published:M26/brown4","ENSG00000163104.13",24.9608210977641,0.812268221970892,-0.186171144552056
"published:M26/brown4","ENSG00000066654.8",17.3035389375327,0.563087037543519,-0.175122968681296
"published:M26/brown4","ENSG00000163428.3",17.4314426423498,0.567249244968041,-0.179920537296863
"published:M26/brown4","ENSG00000121892.10",10.4888727760493,0.341326032781976,-0.173040495164032
"published:M26/brown4","ENSG00000163946.9",26.6237983025909,0.86638437191853,-0.175999293309481
"published:M26/brown4","ENSG00000145388.10",10.6501603028597,0.346574607422821,-0.18829166135926
"published:M26/brown4","ENSG00000109606.8",18.5146957704905,0.602500172367145,-0.167303762316964
"published:M26/brown4","ENSG00000116754.9",18.0343675158885,0.586869461510323,-0.168902522847263
"published:M26/brown4","ENSG00000119912.11",4.63901444501451,0.150961540896055,-0.172112691282273
"published:M26/brown4","ENSG00000039123.11",21.6370271884616,0.704106228487887,-0.172339508901643
"published:M26/brown4","ENSG00000122068.8",16.7958541434393,0.546566097651167,-0.173807703468139
"published:M26/brown4","ENSG00000111731.8",1.23444230626318,0.0401708843353657,-0.171070725885448
"published:M26/brown4","ENSG00000108506.7",5.11891519436636,0.166578339993799,-0.172669754113558
"published:M26/brown4","ENSG00000069345.7",4.80802215499712,0.156461343628876,-0.173060928332884
"published:M26/brown4","ENSG00000226029.1",0.39834983577155,0.0129629915441178,0.159652233042993
"published:M26/brown4","ENSG00000163539.11",5.87775655933189,0.191272348410603,-0.169855045218553
"published:M26/brown4","ENSG00000067365.10",7.36144933494739,0.239554273435426,0.172017273945631
"published:M26/brown4","ENSG00000111530.8",24.8799317923617,0.809635944289869,-0.165903972105656
"published:M26/brown4","ENSG00000106404.9",0.120173925170139,0.00391066704668445,0.171040841304035
"published:M26/brown4","ENSG00000102189.12",14.8232630203304,0.482374576147625,-0.176334786629234
"published:M26/brown4","ENSG00000137145.16",10.3963741526881,0.33831596784709,-0.163300197612907
"published:M26/brown4","ENSG00000134899.13",2.28864798658259,0.0744765576219454,-0.177368275272852
"published:M26/brown4","ENSG00000119335.12",10.92769844872,0.355606177954258,-0.164394222013772
"published:M26/brown4","ENSG00000273151.1",1.27338540305139,0.0414381599535159,0.16749648069812
"published:M26/brown4","ENSG00000102753.5",7.27655789875482,0.236791759507433,-0.163876157997719
"published:M26/brown4","ENSG00000104331.4",3.87136399503253,0.125980869640898,-0.164634340099323
"published:M26/brown4","ENSG00000197170.5",2.34650716079493,0.0763593950645955,-0.164193744798722
"published:M26/brown4","ENSG00000047365.7",3.04737850284335,0.0991669588304775,-0.163304879308495
"published:M26/brown4","ENSG00000167005.9",21.1287599022681,0.687566333296725,-0.166941661202566
"published:M26/brown4","ENSG00000244642.2",1.51156067093574,0.0491887944620573,0.156876002508113
"published:M26/brown4","ENSG00000124406.12",3.4638983917268,0.112721235279708,-0.161118641639741
"published:M26/brown4","ENSG00000175054.10",11.2143682377225,0.364934907922467,-0.165221368146038
"published:M26/brown4","ENSG00000135316.13",19.4565870345602,0.633150940599458,-0.16480570617262
"published:M26/brown4","ENSG00000018610.9",0.677269110195953,0.0220395063840249,-0.166322814759478
"published:M26/brown4","ENSG00000126777.13",20.0969711498507,0.653990145554619,-0.163195758345734
"published:M26/brown4","ENSG00000149313.6",9.2146327901076,0.299860063225477,-0.171366965142314
"published:M26/brown4","ENSG00000112739.12",13.9941717029626,0.455394512968926,-0.161771661450362
"published:M26/brown4","ENSG00000124207.12",15.4547954950991,0.502925733434804,-0.164869458116817
"published:M26/brown4","ENSG00000198677.6",23.3058493254365,0.758412582620911,-0.158990327900848
"published:M26/brown4","ENSG00000083097.10",3.95446329853618,0.128685064476459,-0.160234091940012
"published:M26/brown4","ENSG00000108055.9",11.9565073466787,0.389085396086531,-0.165276450911172
"published:M26/brown4","ENSG00000225137.1",1.78766253841264,0.0581736260146696,-0.147096636540735
"published:M26/brown4","ENSG00000162613.12",13.5174421608347,0.439880910430432,-0.162914570568326
"published:M26/brown4","ENSG00000033867.12",9.84158002990466,0.320262009048691,-0.157630630466607
"published:M26/brown4","ENSG00000145740.14",7.02679928491492,0.228664182918864,-0.160995758041195
"published:M26/brown4","ENSG00000164244.16",6.72405930954072,0.218812501335411,-0.154452218840773
"published:M26/brown4","ENSG00000066422.4",11.9094469496835,0.387553969502333,-0.157202719579025
"published:M26/brown4","ENSG00000153147.5",19.2880433516875,0.627666238110093,-0.157788696394493
"published:M26/brown4","ENSG00000137770.9",16.2647375458179,0.529282646408942,-0.163179096397472
"published:M26/brown4","ENSG00000011405.9",9.88104771632031,0.321546355719203,-0.161510791679117
"published:M26/brown4","ENSG00000114120.7",13.4918163354263,0.439047001819833,-0.163074031659431
"published:M26/brown4","ENSG00000060339.9",4.89179949923185,0.159187603080697,-0.155203093937954
"published:M26/brown4","ENSG00000156136.5",5.38018665135908,0.175080564379448,-0.159467357811563
"published:M26/brown4","ENSG00000197056.5",12.5421275907565,0.408142490103758,-0.165283077349909
"published:M26/brown4","ENSG00000148835.9",0.827952505163011,0.0269430042630026,-0.159383412922992
"published:M26/brown4","ENSG00000047932.9",22.7614806985808,0.740697887463209,-0.161015154412503
"published:M26/brown4","ENSG00000106443.10",14.7139973674326,0.478818883117567,-0.158222911827706
"published:M26/brown4","ENSG00000121274.8",1.37378061039423,0.0447051933673354,-0.15298640243716
"published:M26/brown4","ENSG00000265150.1",2.84438072465767,0.0925610605827754,0.148713744124514
"published:M26/brown4","ENSG00000144674.12",7.30703494813378,0.237783535323341,-0.147768347017228
"published:M26/brown4","ENSG00000139163.11",18.3484449745459,0.59709008437788,-0.160356080953925
"published:M26/brown4","ENSG00000100815.8",16.1584789481387,0.525824808148414,-0.157962344990431
"published:M26/brown4","ENSG00000064703.7",6.56510969757321,0.213640006480769,-0.159811625328358
"published:M26/brown4","ENSG00000154727.6",17.4881583744038,0.569094872828312,-0.165695247296207
"published:M26/brown4","ENSG00000078674.13",6.20669067311995,0.20197643249124,-0.150785209199474
"published:M26/brown4","ENSG00000125944.14",14.8563916441784,0.48345263877561,-0.155713323263898
"published:M26/brown4","ENSG00000205189.7",8.84533924289915,0.287842613486887,-0.165257373807857
"published:M26/brown4","ENSG00000092439.9",23.4249072992695,0.762286934684011,-0.15132228412324
"published:M26/brown4","ENSG00000132294.9",6.98241899360737,0.227219971601867,-0.156953384390391
"published:M26/brown4","ENSG00000185658.9",13.0809614441542,0.425677074175445,-0.14695328321198
"published:M26/brown4","ENSG00000205339.5",16.3646789824039,0.532534913338741,-0.153777570847974
"published:M26/brown4","ENSG00000166266.9",30.7297767198119,1,-0.159365661603438
"published:M26/brown4","ENSG00000214185.3",0.215197508803686,0.00700289854904626,-0.147021883716487
"published:M26/brown4","ENSG00000105849.5",11.0843106863217,0.360702610610754,-0.170998043442627
"published:M26/brown4","ENSG00000187735.8",10.0374302823085,0.326635314464788,-0.156694170682515
"published:M26/brown4","ENSG00000164209.12",20.7699106557652,0.675888759138773,-0.154596848810928
"published:M26/brown4","ENSG00000077147.10",21.401218281512,0.696432599450497,-0.147585012296832
"published:M26/brown4","ENSG00000142875.15",20.6801533229802,0.672967900533016,-0.14816396103169
"published:M26/brown4","ENSG00000085365.13",6.32616599150107,0.205864365666624,-0.158843292855824
"published:M26/brown4","ENSG00000198707.10",19.2443780569114,0.626245294014917,-0.163059945838032
"published:M26/brown4","ENSG00000213420.3",0.0391883305671423,0.00127525594879696,0.153163965108481
"published:M26/brown4","ENSG00000198087.7",14.3399580753221,0.466646998644704,-0.155408841053177
"published:M26/brown4","ENSG00000164985.10",9.39477777310652,0.305722292054585,-0.147272799858393
"published:M26/brown4","ENSG00000111554.10",0.187490512817947,0.00610126505400443,0.147948728532276
"published:M26/brown4","ENSG00000126261.8",16.6630965601827,0.542245936640334,-0.149471496117959
"published:M26/brown4","ENSG00000149311.13",11.5260633130438,0.37507800392226,-0.140039977615463
"published:M26/brown4","ENSG00000133103.12",10.1204375701787,0.329336514952739,-0.153367752700369
"published:M26/brown4","ENSG00000164163.6",23.5224171472119,0.765460073520374,-0.159277063966988
"published:M26/brown4","ENSG00000137776.12",10.0942981157139,0.328485891965691,-0.139076460837175
"published:M26/brown4","ENSG00000064313.7",6.13810421120628,0.199744510582433,-0.146434744843747
"published:M26/brown4","ENSG00000164654.11",11.8138509378135,0.384443110196662,-0.157347362808194
"published:M26/brown4","ENSG00000265735.1",2.04345315508537,0.0664974943917484,0.146458975522077
"published:M26/brown4","ENSG00000133574.5",0.524591339444772,0.0170711080730554,-0.14281197207138
"published:M26/brown4","ENSG00000163558.8",7.75042363968045,0.252212169009469,-0.153557461552566
"published:M26/brown4","ENSG00000083520.10",18.0279875288212,0.586661845713909,-0.14907304548959
"published:M26/brown4","ENSG00000136100.8",11.8617797120494,0.386002795275825,-0.146885566854151
"published:M26/brown4","ENSG00000100852.8",11.1935173072475,0.364256382638501,-0.145937143516167
"published:M26/brown4","ENSG00000015479.13",23.4744071920306,0.763897746673061,-0.140594391349258
"published:M26/brown4","ENSG00000112249.9",15.9333753497876,0.518499548339223,-0.14422556932587
"published:M26/brown4","ENSG00000166479.5",26.0671171944108,0.848269007356794,-0.150123170533468
"published:M26/brown4","ENSG00000185009.8",0.47159365179835,0.0153464717982903,-0.145147402794605
"published:M26/brown4","ENSG00000159086.10",13.0388880669047,0.424307933825576,-0.143562756155076
"published:M26/brown4","ENSG00000156017.8",13.4669773218349,0.438238697424463,-0.152786051656534
"published:M26/brown4","ENSG00000071794.11",18.1689051229993,0.591247547571197,-0.152330493821225
"published:M26/brown4","ENSG00000232952.1",3.81968588826189,0.124299174806542,-0.148482642658837
"published:M26/brown4","ENSG00000152795.13",11.4326732588897,0.372038930290012,-0.141238169879223
"published:M26/brown4","ENSG00000084093.11",5.29099223141208,0.172178023929504,-0.143276671276928
"published:M26/brown4","ENSG00000170242.13",24.4107978639674,0.794369516138704,-0.143613876602926
"published:M26/brown4","ENSG00000177200.11",7.41266067998497,0.241220779036964,-0.139274675693365
"published:M26/brown4","ENSG00000167635.7",15.8360504794274,0.51533242899281,-0.147008188891316
"published:M26/brown4","ENSG00000196504.11",18.5735366787402,0.604414957130671,-0.141992956929671
"published:M26/brown4","ENSG00000260841.1",2.2879821964827,0.0744548916623794,0.131668401699423
"published:M26/brown4","ENSG00000149308.12",7.24035268636614,0.235613579375544,-0.141284964605019
"published:M26/brown4","ENSG00000120008.11",1.46073748533074,0.0475349202387462,-0.139894740679526
"published:M26/brown4","ENSG00000203880.7",0.689470721636776,0.0224365678905914,-0.138328289988806
"published:M26/brown4","ENSG00000004766.11",20.0392966283055,0.652113317028624,-0.146996423712262
"published:M26/brown4","ENSG00000164902.9",7.57969110457755,0.246656237488729,-0.151978471933887
"published:M26/brown4","ENSG00000215067.5",1.45629166404557,0.0473902455368861,0.136660650071491
"published:M26/brown4","ENSG00000067955.9",8.40881028639335,0.273637207424683,-0.139683815774751
"published:M26/brown4","ENSG00000198887.7",18.8618500117893,0.613797170860302,-0.142197390291389
"published:M26/brown4","ENSG00000125249.6",4.77498941545183,0.155386401241677,-0.142631755338417
"published:M26/brown4","ENSG00000115232.9",3.04139026346154,0.0989720911802367,-0.132525126438071
"published:M26/brown4","ENSG00000211456.6",4.56103709980921,0.148424023428346,-0.138820360203329
"published:M26/brown4","ENSG00000111725.6",1.00777071596386,0.0327945993605004,0.14417717006854
"published:M26/brown4","ENSG00000180398.7",0.254042979696539,0.0082669972519766,-0.136491636130952
"published:M26/brown4","ENSG00000112996.5",11.5586225909193,0.37613753904913,-0.137417308240675
"published:M26/brown4","ENSG00000085563.10",0.43983266511756,0.0143129144454211,-0.135902550033357
"published:M26/brown4","ENSG00000159459.7",4.789143207156,0.155846990065124,-0.133166392146856
"published:M26/brown4","ENSG00000155545.15",18.0302835419214,0.586736561945047,-0.14247822357206
"published:M26/brown4","ENSG00000143401.10",12.3073912026406,0.400503762681291,-0.142512237470246
"published:M26/brown4","ENSG00000170385.9",6.9683106796667,0.226760862703377,-0.143637291588884
"published:M26/brown4","ENSG00000138448.7",4.92092017157842,0.160135240045719,-0.127870335838241
"published:M26/brown4","ENSG00000115816.9",16.7322387466724,0.544495942786493,-0.146724991661846
"published:M26/brown4","ENSG00000116747.8",16.9562604339692,0.551785995341686,-0.138371246918488
"published:M26/brown4","ENSG00000230562.3",0.275857067917134,0.00897686535220691,-0.143022362630217
"published:M26/brown4","ENSG00000247556.2",3.23739184452299,0.105350321092174,-0.125560386936334
"published:M26/brown4","ENSG00000155393.8",0.317567081090072,0.0103341812075495,-0.129135446512901
"published:M26/brown4","ENSG00000004700.11",21.6286195297605,0.703832628755034,-0.139654289429688
"published:M26/brown4","ENSG00000112972.10",4.04548490510862,0.131647064734461,-0.140380115865125
"published:M26/brown4","ENSG00000161547.10",3.03798458985835,0.0988612646801212,-0.126644888193012
"published:M26/brown4","ENSG00000138041.11",13.5950104309977,0.442405115889853,-0.126422346826086
"published:M26/brown4","ENSG00000131697.13",0.968264805504099,0.0315090088135865,0.146777777380963
"published:M26/brown4","ENSG00000107897.14",3.41024670273951,0.110975316671952,-0.139619559521868
"published:M26/brown4","ENSG00000105866.9",5.50664010596496,0.17919557815774,-0.13024796346355
"published:M26/brown4","ENSG00000198862.9",12.8306774920298,0.41753240217192,-0.131742700727468
"published:M26/brown4","ENSG00000138231.8",1.71200126572047,0.0557114775460351,-0.128848732747455
"published:M26/brown4","ENSG00000163527.5",20.3068619005928,0.660820353032395,-0.126268767392268
"published:M26/brown4","ENSG00000071073.8",8.65819540593145,0.281752629863705,-0.120453719283467
"published:M26/brown4","ENSG00000078177.9",11.954287330845,0.389013152937683,-0.133839084667152
"published:M26/brown4","ENSG00000129534.9",5.41860650043168,0.176330812613365,-0.131065722757729
"published:M26/brown4","ENSG00000120694.15",5.45825615669567,0.177621080896975,-0.13159176314647
"published:M26/brown4","ENSG00000263740.1",2.09460385970283,0.068162026649299,0.131709995991982
"published:M26/brown4","ENSG00000134352.15",2.8266300403001,0.0919834226611133,-0.127161080874386
"published:M26/brown4","ENSG00000062725.5",4.67807581337981,0.15223266527556,-0.128505713830982
"published:M26/brown4","ENSG00000029725.12",9.17318825480563,0.298511386478495,-0.124797021115914
"published:M26/brown4","ENSG00000148700.9",12.8441165704163,0.417969732989811,-0.123839669238272
"published:M26/brown4","ENSG00000018510.8",6.18094156895776,0.20113851217711,-0.131968648391741
"published:M26/brown4","ENSG00000114062.13",20.6715733746676,0.67268869419869,-0.127025976364303
"published:M26/brown4","ENSG00000165156.10",15.318047895256,0.498475730394105,-0.143059133969326
"published:M26/brown4","ENSG00000082153.13",6.22938446265815,0.202714927591452,-0.131243359038025
"published:M26/brown4","ENSG00000081307.8",14.1741657216151,0.46125182915751,-0.138194879128058
"published:M26/brown4","ENSG00000177853.10",16.359095456916,0.532353215777486,-0.129864562815875
"published:M26/brown4","ENSG00000116750.9",14.0672651701528,0.457773100612328,-0.13233714466399
"published:M26/brown4","ENSG00000126773.8",0.821225552799069,0.0267240976166811,-0.121504781349286
"published:M26/brown4","ENSG00000136824.14",8.84224707823657,0.28774198910908,-0.129724050033957
"published:M26/brown4","ENSG00000152332.11",12.7448845590186,0.414740551980705,-0.126614532789668
"published:M26/brown4","ENSG00000153914.11",15.6888031635527,0.510540747061071,-0.128014907228496
"published:M26/brown4","ENSG00000108239.8",0.0622301088622657,0.00202507520408194,-0.105169793902034
"published:M26/brown4","ENSG00000204116.7",13.206414818626,0.42975954361919,-0.127270144151762
"published:M26/brown4","ENSG00000168944.11",8.17521449968842,0.26603559714177,-0.1211322758049
"published:M26/brown4","ENSG00000163807.4",7.9667759341351,0.259252646277733,-0.129171503044981
"published:M26/brown4","ENSG00000152601.13",7.01942582929738,0.22842423794026,-0.119850833716858
"published:M26/brown4","ENSG00000196074.8",0.986336681626297,0.0320970988699177,-0.129569163362664
"published:M26/brown4","ENSG00000077254.10",9.60840752887978,0.312674173212756,-0.123665997790503
"published:M26/brown4","ENSG00000109971.9",6.81765665879276,0.221858320708114,-0.111190442136999
"published:M26/brown4","ENSG00000156735.6",1.45683155540216,0.0474078145339377,-0.123849673910816
"published:M26/brown4","ENSG00000148153.9",3.27866253295635,0.106693340561845,-0.125832010418231
"published:M26/brown4","ENSG00000138698.10",4.35797007568784,0.14181587179832,-0.122559002144212
"published:M26/brown4","ENSG00000107643.11",1.43127400958823,0.0465761278592523,-0.121056200020086
"published:M26/brown4","ENSG00000111605.12",15.6886729138265,0.510536508510059,-0.124812814595138
"published:M26/brown4","ENSG00000107669.13",1.29660365062839,0.042193721823968,-0.119009435660982
"published:M26/brown4","ENSG00000260461.1",0.233125689975485,0.00758631252355262,0.117099117252351
"published:M26/brown4","ENSG00000162636.11",1.08096302132111,0.0351764033685348,-0.121267478005778
"published:M26/brown4","ENSG00000152683.10",8.48510484801264,0.276119964208597,-0.125839015427746
"published:M26/brown4","ENSG00000036549.8",15.9926051333797,0.520426987777918,-0.121492608528975
"published:M26/brown4","ENSG00000129003.11",6.71138333311798,0.218400003173178,-0.118072345510644
"published:M26/brown4","ENSG00000080298.11",0.705401671719846,0.0229549885165636,0.119718871883124
"published:M26/brown4","ENSG00000104714.9",0.557290102448027,0.0181351822868513,0.118812737470353
"published:M26/brown4","ENSG00000136631.8",3.3651247064672,0.109506968994593,-0.119170828544363
"published:M26/brown4","ENSG00000259623.1",10.224396121971,0.332719505748285,-0.13110320176394
"published:M26/brown4","ENSG00000267002.1",0.0250825280590192,0.000816228776659096,0.114923133637878
"published:M26/brown4","ENSG00000135341.13",12.8280898552763,0.417448196003516,-0.120033745035603
"published:M26/brown4","ENSG00000240489.1",2.87471632271366,0.0935482333283694,-0.128242002278419
"published:M26/brown4","ENSG00000169018.5",13.9370283692091,0.453534970210952,-0.11681139700683
"published:M26/brown4","ENSG00000177565.11",4.89923751561851,0.159429648978214,-0.121838586345646
"published:M26/brown4","ENSG00000172667.6",3.57012389255185,0.116177996511447,-0.114073264782618
"published:M26/brown4","ENSG00000171566.7",12.3773639609571,0.402780797068965,-0.122985632191439
"published:M26/brown4","ENSG00000188419.9",11.1639589798552,0.363294503622528,-0.116266978054018
"published:M26/brown4","ENSG00000126821.7",1.79381130705309,0.0583737175641956,-0.114380120177238
"published:M26/brown4","ENSG00000168283.9",15.6673124740515,0.509841402913629,-0.134743328308884
"published:M26/brown4","ENSG00000064989.8",0.064009361017999,0.00208297514172081,-0.0978019177485208
"published:M26/brown4","ENSG00000127995.12",16.3995709318362,0.533670357626231,-0.124472410696587
"published:M26/brown4","ENSG00000198836.4",6.70812959600859,0.218294120948942,-0.116949626513236
"published:M26/brown4","ENSG00000144381.12",3.64314230192557,0.118554141643886,-0.118137327005674
"published:M26/brown4","ENSG00000122435.5",14.311301489531,0.465714463857601,-0.127700299583285
"published:M26/brown4","ENSG00000145216.11",1.59220358604533,0.0518130541774752,-0.114066272631794
"published:M26/brown4","ENSG00000115966.12",9.70834144319182,0.315926195354772,-0.112649294762471
"published:M26/brown4","ENSG00000153214.5",1.5240325435066,0.0495946507324942,-0.113257280215781
"published:M26/brown4","ENSG00000104064.12",5.83159877504486,0.1897702944026,-0.12139755070027
"published:M26/brown4","ENSG00000171853.11",7.06012598007917,0.22974869112952,0.115304784580809
"published:M26/brown4","ENSG00000142065.9",13.128408273979,0.427221075951226,-0.122554451825494
"published:M26/brown4","ENSG00000105176.13",12.1658080486826,0.395896402359446,-0.115058477512153
"published:M26/brown4","ENSG00000080345.13",19.366696948791,0.630225761982354,-0.108985789978701
"published:M26/brown4","ENSG00000172175.8",19.0734829202181,0.620684071157638,-0.111373085152923
"published:M26/brown4","ENSG00000103160.7",0.669891142561421,0.0217994145765964,-0.10665580478976
"published:M26/brown4","ENSG00000110801.9",0.105669849761039,0.00343867938659354,0.126552464121107
"published:M26/brown4","ENSG00000115419.8",23.4515242070924,0.763153094827823,-0.108562879753736
"published:M26/brown4","ENSG00000117751.13",3.06836141306928,0.0998497789634464,-0.109993767388813
"published:M26/brown4","ENSG00000167566.12",2.66770019642426,0.0868115710943112,0.119057130330925
"published:M26/brown4","ENSG00000081019.9",3.90652740537985,0.127125147735332,-0.111161441566664
"published:M26/brown4","ENSG00000109689.10",1.11293013900857,0.0362166685803169,-0.111907365034429
"published:M26/brown4","ENSG00000067167.3",13.2137940819453,0.42999967759044,-0.110605834517823
"published:M26/brown4","ENSG00000185246.13",18.2647813254818,0.594367524763246,-0.11447839124285
"published:M26/brown4","ENSG00000156531.12",18.2876846543426,0.595112838634858,-0.113366198401215
"published:M26/brown4","ENSG00000103978.11",1.22928335404118,0.0400030031213551,-0.108986710510603
"published:M26/brown4","ENSG00000164187.6",14.7626495768548,0.480402110026954,-0.112574570047961
"published:M26/brown4","ENSG00000178177.10",8.86397451752261,0.28844903750335,-0.123302755412779
"published:M26/brown4","ENSG00000143756.7",6.54851090486552,0.213099853102532,-0.1120134658857
"published:M26/brown4","ENSG00000125971.12",0.160299168418363,0.00521641175202605,0.117695484492838
"published:M26/brown4","ENSG00000143319.12",1.43482110222367,0.0466915563788857,0.110402923489312
"published:M26/brown4","ENSG00000186298.7",9.58992436545172,0.312072699157263,-0.103204576356085
"published:M26/brown4","ENSG00000211460.7",8.28901577333737,0.269738887103379,-0.108763956073451
"published:M26/brown4","ENSG00000074695.5",7.32532548007765,0.238378740817694,-0.106540916053144
"published:M26/brown4","ENSG00000120137.6",14.4616312923664,0.470606455238018,-0.105472426248652
"published:M26/brown4","ENSG00000113448.12",0.107359494614583,0.00349366334788129,-0.104064102004851
"published:M26/brown4","ENSG00000163510.9",2.46344760191374,0.0801648389565266,-0.112542007777947
"published:M26/brown4","ENSG00000068796.12",6.19945791208963,0.201741065957461,-0.103061074599463
"published:M26/brown4","ENSG00000088035.11",1.83448264632513,0.0596972331771748,-0.112048316699044
"published:M26/brown4","ENSG00000048405.5",12.1730207346395,0.396131115615669,-0.108439708683349
"published:M26/brown4","ENSG00000112200.12",8.80704194096087,0.286596353148341,-0.0996201785523332
"published:M26/brown4","ENSG00000070367.11",21.5186319162735,0.700253441880693,-0.112197673238342
"published:M26/brown4","ENSG00000135945.5",1.15539357693358,0.0375985021781394,-0.100753894697712
"published:M26/brown4","ENSG00000170571.7",4.35843656382629,0.141831052127897,-0.0989329575769476
"published:M26/brown4","ENSG00000033178.8",14.765782197978,0.480504050927852,-0.109343679338271
"published:M26/brown4","ENSG00000134001.8",12.1089696021909,0.394046781159465,-0.106762124904567
"published:M26/brown4","ENSG00000177311.6",0.844908070687591,0.0274947676447928,-0.0982855286141822
"published:M26/brown4","ENSG00000108848.11",13.9937815098499,0.455381815411238,-0.0977939335627185
"published:M26/brown4","ENSG00000011258.11",1.33486670557067,0.0434388677061249,-0.10147004113476
"published:M26/brown4","ENSG00000148985.15",0.0437380082182135,0.00142331031614737,0.113036635100604
"published:M26/brown4","ENSG00000138768.10",11.7169394975841,0.381289444580637,-0.104525090669987
"published:M26/brown4","ENSG00000173145.7",13.5068388980588,0.439535861949518,-0.112345516548289
"published:M26/brown4","ENSG00000168438.10",5.26154823536687,0.171219865452998,-0.108431766201545
"published:M26/brown4","ENSG00000227018.1",0.0616808580353929,0.00200720163370489,-0.0953149794712166
"published:M26/brown4","ENSG00000148154.5",2.07274509375377,0.0674507046586331,-0.106566547424008
"published:M26/brown4","ENSG00000163728.6",12.0854283478875,0.393280708092354,-0.0978965620518164
"published:M26/brown4","ENSG00000164951.11",3.9463615063947,0.128421418169642,-0.105100630579713
"published:M26/brown4","ENSG00000077232.12",13.8083706328464,0.449348225297841,-0.097950131072148
"published:M26/brown4","ENSG00000198252.7",13.4754235943028,0.438513553715965,-0.105072249392923
"published:M26/brown4","ENSG00000136108.10",0.550582933404507,0.017916919423939,-0.102946437964719
"published:M26/brown4","ENSG00000204977.5",10.0035125423724,0.325531572636615,-0.108296183282253
"published:M26/brown4","ENSG00000268670.1",0.546980240146911,0.0177996815640468,0.10033731934339
"published:M26/brown4","ENSG00000196323.7",2.35396761097593,0.0766021709965207,-0.0940437946919581
"published:M26/brown4","ENSG00000230183.3",0.032805986196802,0.00106756344167159,-0.108425391185252
"published:M26/brown4","ENSG00000116062.10",2.70694083216102,0.0880885291436504,-0.0987789122460144
"published:M26/brown4","ENSG00000134308.9",2.22768773290254,0.0724928056983348,-0.0970813163966843
"published:M26/brown4","ENSG00000147202.13",0.970700979320414,0.0315882861164621,-0.101184368874323
"published:M26/brown4","ENSG00000142961.10",0.270485472926237,0.00880206437529537,0.10415987022448
"published:M26/brown4","ENSG00000172469.10",5.23777632694725,0.170446286502641,-0.111794156531566
"published:M26/brown4","ENSG00000239899.2",1.28093131747536,0.0416837170394904,0.0965290620073886
"published:M26/brown4","ENSG00000038274.12",1.5134533394038,0.0492503851623515,-0.0927243595560689
"published:M26/brown4","ENSG00000163683.7",0.683695287645738,0.0222486252952483,-0.0972135158787824
"published:M26/brown4","ENSG00000241547.1",0.0235297030488518,0.000765697169341355,0.102514508370026
"published:M26/brown4","ENSG00000116574.4",0.10205065953706,0.00332090468692753,-0.0932013185186146
"published:M26/brown4","ENSG00000196950.9",8.35897885119121,0.272015606472079,-0.0953605017120335
"published:M26/brown4","ENSG00000250303.2",0.247391808897404,0.00805055666863689,0.0999729325859031
"published:M26/brown4","ENSG00000226723.2",1.81726810234913,0.0591370421893599,-0.097343637453085
"published:M26/brown4","ENSG00000102158.15",6.99912125178499,0.227763491925165,-0.0936295599621921
"published:M26/brown4","ENSG00000146802.8",7.41546623841601,0.241312076753072,-0.0981262800825223
"published:M26/brown4","ENSG00000173852.9",0.461819827337539,0.0150284146724632,-0.0923673760076274
"published:M26/brown4","ENSG00000174106.2",4.45315390416012,0.144913317944452,-0.0931899298488084
"published:M26/brown4","ENSG00000165244.6",0.360571293102302,0.0117336125280024,-0.0937080168943204
"published:M26/brown4","ENSG00000113615.8",1.46280304851537,0.0476021372316799,-0.0862721921045554
"published:M26/brown4","ENSG00000197712.7",0.0399804966009213,0.00130103439948346,0.0922997861104353
"published:M26/brown4","ENSG00000205885.3",0.262389598229773,0.00853861063235799,0.0944909299909897
"published:M26/brown4","ENSG00000162836.7",0.564201522765233,0.0183600918389194,0.100346329465001
"published:M26/brown4","ENSG00000170540.10",2.20964955334569,0.0719058121864288,-0.0933736187075611
"published:M26/brown4","ENSG00000164168.3",3.11605319109089,0.101401751776541,-0.0979525076515621
"published:M26/brown4","ENSG00000114439.14",1.47512398730964,0.0480030818563875,-0.0850486118891537
"published:M26/brown4","ENSG00000134970.13",8.90667210074537,0.289838490593494,-0.0976498587559993
"published:M26/brown4","ENSG00000240869.2",1.34347316559251,0.0437189367772514,0.104899326135813
"published:M26/brown4","ENSG00000182827.8",3.67526282287277,0.119599398862644,-0.0900712175581441
"published:M26/brown4","ENSG00000137504.9",7.93877596042894,0.258341478781741,-0.0819240189241343
"published:M26/brown4","ENSG00000155304.4",14.1222333657527,0.45956186061866,-0.098864973560495
"published:M26/brown4","ENSG00000162441.7",0.734516757002984,0.0239024436688937,-0.0869689961360545
"published:M26/brown4","ENSG00000203739.3",0.890991612195894,0.0289944056645703,0.0902971382731745
"published:M26/brown4","ENSG00000235720.1",0.860595792901458,0.0280052732158845,-0.0856128183590629
"published:M26/brown4","ENSG00000129473.5",0.0384867133175061,0.0012524241119101,-0.0630703974861059
"published:M26/brown4","ENSG00000166619.8",3.94731972019884,0.128452600101515,0.0881108499195161
"published:M26/brown4","ENSG00000174839.8",0.549807890365283,0.0178916981850641,-0.0847671971344465
"published:M26/brown4","ENSG00000173542.4",1.28566116797982,0.0418376345426207,-0.0855158422352229
"published:M26/brown4","ENSG00000154265.11",3.60413982162614,0.117284933583735,-0.0865685299989353
"published:M26/brown4","ENSG00000155975.5",1.86514678981868,0.060695097358654,-0.0898573774635509
"published:M26/brown4","ENSG00000123575.8",2.60403867904878,0.0847399153853898,-0.0836192235469936
"published:M26/brown4","ENSG00000121644.14",4.79368439794487,0.155994768255323,-0.0872948106295044
"published:M26/brown4","ENSG00000163320.6",15.5875931997286,0.507247200064394,-0.0825992423864628
"published:M26/brown4","ENSG00000172292.10",0.82336290940164,0.0267936508914107,-0.085933788234436
"published:M26/brown4","ENSG00000139746.11",8.4273796793586,0.274241487538221,-0.0836170401218428
"published:M26/brown4","ENSG00000266037.1",0.132591457513611,0.00431475499228498,0.0860358700676348
"published:M26/brown4","ENSG00000040341.13",0.905211148688993,0.0294571339369801,-0.0861655477184515
"published:M26/brown4","ENSG00000122591.7",4.95129157321067,0.161123577901512,-0.0887970505147988
"published:M26/brown4","ENSG00000241112.1",0.269341843723886,0.00876484870618138,0.0827997024566212
"published:M26/brown4","ENSG00000129083.8",8.76661800657977,0.285280888517742,-0.0814815256343187
"published:M26/brown4","ENSG00000146281.5",3.28769722638402,0.10698734508749,-0.0883917454515925
"published:M26/brown4","ENSG00000158985.9",5.66805202770743,0.184448200824484,-0.0708197207334573
"published:M26/brown4","ENSG00000166484.15",0.378160957394793,0.0123060105786902,0.0974825844215678
"published:M26/brown4","ENSG00000070444.10",5.6110822234573,0.182594305016208,0.0888077808079732
"published:M26/brown4","ENSG00000116001.11",15.0921950960578,0.491126090295596,-0.0783365435360634
"published:M26/brown4","ENSG00000198406.6",3.31076512925579,0.107738014481612,-0.0830508663588811
"published:M26/brown4","ENSG00000117569.14",3.46950346987209,0.112903634201652,-0.0807857409267886
"published:M26/brown4","ENSG00000145817.12",2.13724030817165,0.0695494903089791,-0.0847059446403394
"published:M26/brown4","ENSG00000162688.11",7.05986470475191,0.229740188779189,-0.0760976137329729
"published:M26/brown4","ENSG00000122884.8",2.04202710732031,0.0664510883349111,-0.0812464163453997
"published:M26/brown4","ENSG00000180673.9",1.09163185286554,0.0355235855704004,-0.0796851247133081
"published:M26/brown4","ENSG00000159873.5",0.144368610186364,0.0046980038775644,-0.0733791027007999
"published:M26/brown4","ENSG00000134030.9",0.735886280651656,0.0239470103333755,0.0902298540117132
"published:M26/brown4","ENSG00000248734.2",0.0256211107423319,0.000833755187222483,0.0695494839002922
"published:M26/brown4","ENSG00000085491.11",0.677115931806681,0.0220345216947227,-0.0744657283781107
"published:M26/brown4","ENSG00000154001.9",2.53886636119699,0.0826190956200522,-0.0720203204874546
"published:M26/brown4","ENSG00000176142.8",0.0630627288377977,0.00205217009589075,-0.075429885876154
"published:M26/brown4","ENSG00000146085.7",0.518583869619024,0.016875614630961,-0.0827872732844131
"published:M26/brown4","ENSG00000100711.9",0.0290846030849998,0.000946463208964633,0.0878139526015275
"published:M26/brown4","ENSG00000115825.5",2.19914656490702,0.0715640268056097,-0.0739235739915572
"published:M26/brown4","ENSG00000135164.14",2.20981912498745,0.0719113303404757,-0.0651892794241905
"published:M26/brown4","ENSG00000180233.9",1.01552075927755,0.0330467991530452,-0.0743915389988685
"published:M26/brown4","ENSG00000078140.9",3.63494664658511,0.118287440866487,-0.0700208428449662
"published:M26/brown4","ENSG00000017260.15",3.48306849894588,0.113345063672405,-0.0714959293464994
"published:M26/brown4","ENSG00000113583.6",2.13465485087777,0.0694653550639544,-0.0748497434702717
"published:M26/brown4","ENSG00000135535.10",6.01201106623663,0.195641221901902,-0.0652373473871315
"published:M26/brown4","ENSG00000213047.7",10.0834221253457,0.328131968457966,-0.0734047369790896
"published:M26/brown4","ENSG00000026652.9",0.0411168338634142,0.00133801277628242,0.0712620536488784
"published:M26/brown4","ENSG00000158987.15",3.51844095468738,0.114496144464955,-0.0719060889526818
"published:M26/brown4","ENSG00000172869.10",4.00612195457893,0.130366126350542,-0.0709103240623304
"published:M26/brown4","ENSG00000272578.1",0.855368462870267,0.0278351668698849,0.0694044322931038
"published:M26/brown4","ENSG00000198496.6",0.0356177467987441,0.00115906298713133,0.0757746293357314
"published:M26/brown4","ENSG00000107938.13",0.520298101388081,0.0169313986929374,-0.0660850282474353
"published:M26/brown4","ENSG00000117500.8",9.40708958994201,0.306122939835002,-0.0643311960203096
"published:M26/brown4","ENSG00000131725.9",0.577168715771871,0.0187820666916777,-0.0582702069705036
"published:M26/brown4","ENSG00000176473.9",0.0426678417622197,0.00138848525165857,0.0736908588008336
"published:M26/brown4","ENSG00000196199.9",0.0900136350173022,0.0029291991229884,-0.0570055256192383
"published:M26/brown4","ENSG00000122958.10",1.2039560875361,0.0391788101330359,-0.0692274218970212
"published:M26/brown4","ENSG00000082898.12",7.29763481221353,0.237477638667926,-0.0569724213009841
"published:M26/brown4","ENSG00000101974.10",9.40225495278378,0.305965612393208,-0.0660257625451437
"published:M26/brown4","ENSG00000122257.14",0.341386442136942,0.0111093043483406,-0.0573843379264897
"published:M26/brown4","ENSG00000166471.6",2.44427633340806,0.0795409727735574,-0.0664975205908713
"published:M26/brown4","ENSG00000179761.7",0.522273774134908,0.0169956904957982,0.0678538094742673
"published:M26/brown4","ENSG00000159200.13",0.0392571122178254,0.00127749422248538,-0.0550705878802114
"published:M26/brown4","ENSG00000204217.8",0.882583017188004,0.0287207754626799,-0.0523542372636778
"published:M26/brown4","ENSG00000113810.11",5.93044113949488,0.192986795627169,-0.0620889318501135
"published:M26/brown4","ENSG00000134108.8",3.41243125537935,0.111046405787235,-0.063000431059683
"published:M26/brown4","ENSG00000124313.8",0.188826919348396,0.00614475403027111,0.0700042105398057
"published:M26/brown4","ENSG00000186187.7",0.15689772113356,0.00510572278360898,0.0739890588649696
"published:M26/brown4","ENSG00000127080.5",0.0972081902989308,0.0031633223757288,0.062091938001973
"published:M26/brown4","ENSG00000139531.8",0.283718157292256,0.00923267877535015,-0.0439932156955038
"published:M26/brown4","ENSG00000125650.4",0.0582562436135344,0.00189575876664199,0.0610543519379675
"published:M26/brown4","ENSG00000187840.4",0.0248230897329151,0.000807786205518095,-0.0445102068112728
"published:M26/brown4","ENSG00000225674.1",0.457664829163372,0.0148932038568412,-0.0608750339899424
"published:M26/brown4","ENSG00000178307.5",0.989612769028624,0.032203708411282,0.0609835896765972
"published:M26/brown4","ENSG00000162775.10",0.0408688856769768,0.00132994411412785,-0.0477162861696867
"published:M26/brown4","ENSG00000145715.10",1.8892277040304,0.0614787318910909,-0.0564409424844044
"published:M26/brown4","ENSG00000123562.12",4.93215616741095,0.160500878752924,-0.0547877582801962
"published:M26/brown4","ENSG00000128791.7",0.53197171053533,0.0173112780930933,-0.0502046734964714
"published:M26/brown4","ENSG00000177556.7",1.92399750939476,0.0626102013996847,0.0622990225421592
"published:M26/brown4","ENSG00000143457.6",0.0437238919527639,0.00142285094849305,-0.0514740427318973
"published:M26/brown4","ENSG00000112893.5",4.25562985197721,0.138485544193152,-0.0530686528208639
"published:M26/brown4","ENSG00000113391.12",1.11882292723964,0.0364084300852833,-0.0564595895841261
"published:M26/brown4","ENSG00000244462.3",4.47438632950787,0.145604257730359,-0.0525938800711433
"published:M26/brown4","ENSG00000140836.10",0.209584259347549,0.00682023371853617,0.0694200431593161
"published:M26/brown4","ENSG00000145022.4",0.156443746568437,0.00509094966731652,0.0598068000977461
"published:M26/brown4","ENSG00000116906.7",0.604047469527545,0.0196567477543079,0.0552636137275922
"published:M26/brown4","ENSG00000175564.8",0.17680018552084,0.00575338334322667,0.0580236210309484
"published:M26/brown4","ENSG00000143178.8",0.135616963275097,0.00441321017434085,0.0592783688753438
"published:M26/brown4","ENSG00000162601.5",2.66033128511531,0.0865717739953562,-0.046844042803896
"published:M26/brown4","ENSG00000124104.14",0.0593162484241962,0.00193025315364411,-0.0369158646682061
"published:M26/brown4","ENSG00000114956.15",0.530008694605735,0.0172473981649216,0.0588130815895341
"published:M26/brown4","ENSG00000254676.1",0.0153499188538815,0.000499512866423959,-0.030243091609778
"published:M26/brown4","ENSG00000237682.2",0.101612074114772,0.00330663235991759,-0.0499726450599863
"published:M26/brown4","ENSG00000153391.11",0.0253280352803132,0.000824218005592729,0.0525577796999581
"published:M26/brown4","ENSG00000177352.9",0.401774705485138,0.0130744427188144,0.0564481350913552
"published:M26/brown4","ENSG00000197860.5",3.84686854086441,0.125183745262434,-0.0462618763037421
"published:M26/brown4","ENSG00000151923.13",1.72546841043656,0.0561497216907576,-0.0420951115141148
"published:M26/brown4","ENSG00000132535.14",0.0905540571670085,0.0029467853929647,-0.0224000315082776
"published:M26/brown4","ENSG00000184232.4",0.0905240828598459,0.00294580997724867,-0.0272629720288559
"published:M26/brown4","ENSG00000107554.11",0.259384694324342,0.00844082587027434,0.0505824108917929
"published:M26/brown4","ENSG00000163818.12",0.0891282814119376,0.00290038818780208,0.0440928952630679
"published:M26/brown4","ENSG00000063322.9",0.112432341321354,0.00365874253973565,-0.0278510978490185
"published:M26/brown4","ENSG00000267169.1",0.870383470043456,0.0283237811318788,0.052163493982438
"published:M26/brown4","ENSG00000106683.10",0.197985218049179,0.00644278088494979,-0.0211175240258017
"published:M26/brown4","ENSG00000173548.8",0.131073045710939,0.00426534325016539,0.0637189681199301
"published:M26/brown4","ENSG00000166225.4",1.01306802377301,0.0329669829042356,-0.0380080001626777
"published:M26/brown4","ENSG00000145687.11",0.0629449993950886,0.00204833897652459,-0.0362934392539569
"published:M26/brown4","ENSG00000135930.9",0.135732120660679,0.00441695759452656,0.0470064951367622
"published:M26/brown4","ENSG00000136152.10",1.64827524013522,0.053637722628572,-0.03418816714029
"published:M26/brown4","ENSG00000145725.15",0.71558285906034,0.0232863019339478,-0.0361673006412857
"published:M26/brown4","ENSG00000112419.10",0.352446797056212,0.0114692273969236,-0.0347671533052819
"published:M26/brown4","ENSG00000081014.6",0.641239820699048,0.0208670510868253,-0.0364183574270376
"published:M26/brown4","ENSG00000111696.7",0.072416724177663,0.00235656525714276,-0.00789501025308399
"published:M26/brown4","ENSG00000119778.10",2.37163631611108,0.0771771411727197,-0.0285500113949971
"published:M26/brown4","ENSG00000182973.14",0.167898016443819,0.00546369138880116,-0.0287281516431463
"published:M26/brown4","ENSG00000165392.5",2.18461566500917,0.0710911662303333,-0.0329489129554573
"published:M26/brown4","ENSG00000165434.6",1.08450366237493,0.0352916219425615,-0.02432264960803
"published:M26/brown4","ENSG00000179082.3",0.55432512846627,0.0180386969134367,0.0311879588808209
"published:M26/brown4","ENSG00000108443.9",4.25698737844192,0.138529720448551,-0.0294902812603499
"published:M26/brown4","ENSG00000168256.13",0.848732805195649,0.0276192311104057,0.0377004808087534
"published:M26/brown4","ENSG00000073060.11",0.241119308517549,0.00784643867464537,0.0373958960215034
"published:M26/brown4","ENSG00000010244.12",1.32441372679038,0.0430987097259486,0.0321638117526738
"published:M26/brown4","ENSG00000109906.9",0.0232779172466231,0.000757503624541974,-0.0162308520430017
"published:M26/brown4","ENSG00000123360.7",0.716168404119467,0.0233053565813169,0.0358343426923457
"published:M26/brown4","ENSG00000179454.9",9.35931682360494,0.304568331522268,-0.0199861407995888
"published:M26/brown4","ENSG00000075303.8",1.71909143717812,0.0559422039688885,-0.0225164545712807
"published:M26/brown4","ENSG00000232973.7",0.0280784020675385,0.000913719690304031,0.02998961202333
"published:M26/brown4","ENSG00000020922.8",1.19504385978814,0.0388887908520885,-0.0265517003917733
"published:M26/brown4","ENSG00000138668.14",0.840951629738837,0.0273660182241631,-0.0158799670632198
"published:M26/brown4","ENSG00000066583.7",0.0182889827221681,0.000595155080003458,-0.0128266940150231
"published:M26/brown4","ENSG00000225224.1",0.545373353313637,0.0177473906916489,-0.0220559753640104
"published:M26/brown4","ENSG00000127483.13",0.1651487305048,0.00537422487675694,0.0243752774968691
"published:M26/brown4","ENSG00000272462.2",0.397315588310759,0.0129293353457594,0.0207156801654563
"published:M26/brown4","ENSG00000103248.13",0.250962876599751,0.00816676537834888,-0.00184751554888217
"published:M26/brown4","ENSG00000101166.11",3.5286019668123,0.114826801345985,-0.0160284528827406
"published:M26/brown4","ENSG00000118965.10",0.629273433522793,0.0204776441840234,-0.0110953993719495
"published:M26/brown4","ENSG00000073050.7",0.044576920187045,0.00145060996028343,0.0195138537575363
"published:M26/brown4","ENSG00000115904.8",1.26492684995752,0.0411629040292378,-0.010352244124144
"published:M26/brown4","ENSG00000226015.2",0.316647676500453,0.0103042621945348,0.00801008242305379
"published:M26/brown4","ENSG00000089057.10",1.49783346190102,0.048742087375316,-0.00198194032888146
"published:M26/brown4","ENSG00000170348.4",5.20630603367853,0.169422188815383,-1.11852465117297e-06
"published:M26/brown4","ENSG00000137100.11",0.48625990592565,0.0158237370339288,0.026022275630382
"published:M26/brown4","ENSG00000005175.5",1.11336033805365,0.0362306680001307,-0.00720676228441559
"published:M26/brown4","ENSG00000106415.8",0.0603085764523339,0.00196254522127563,0.00064179127273549
